instanceIndex,seedIndex,vpcGenerator,terms,lpBound,disjunctiveDualBound,lpBoundPostVpc,rootDualBound,dualBound,primalBound,vpcGenerationTime,rootDualBoundTime,bestSolutionTime,terminationTime,nodes,iterations,maxTime,actualTerms,numCuts,cutLimit,mipSolver,providePrimalBound,infeasibleTerms,feasibleToInfeasibleTerms,infeasibleToFeasibleTerms,termRemainsFeasibleBasisInfeasible,cutsChangedCoefficients,feasibleTermsPrunedByBound,tighten_disjunction,tighten_matrix_perturbation,tighten_infeasible_to_feasible_term,tighten_feasible_to_infeasible_basis
0,0,New,64,917.000000,917.000000,917.000000,924.000000,924.000000,924.000000,3686.990640,3687.464278,3686.990640,3687.522550,1,4258,3600.000000,143,4,160,GUROBI,1,134,0,0,0,0,0,0,0,0,0
1,0,Farkas,64,917.000000,917.000000,917.000000,924.000000,924.000000,924.000000,5.463835,6.165019,5.463835,6.215840,1,4389,3600.000000,143,4,0,GUROBI,1,134,0,0,1,4,0,0,0,0,0
2,0,Farkas,64,917.000000,917.000000,917.000000,924.000000,924.000000,924.000000,3.025677,3.778691,3.025677,3.824072,1,4555,3600.000000,143,4,0,GUROBI,1,134,0,0,3,1,0,0,0,0,0
3,0,Farkas,64,917.000000,917.000000,917.000000,921.000000,924.000000,924.000000,10.132535,10.980065,10.132535,11.003674,1,4221,3600.000000,143,4,0,GUROBI,1,134,0,0,7,1,0,0,0,0,0
4,0,Farkas,64,917.000000,917.000000,917.000000,924.000000,924.000000,924.000000,10.854262,11.518724,10.854262,11.565398,1,5057,3600.000000,143,4,0,GUROBI,1,135,1,0,5,4,0,0,0,0,0
