instanceIndex,seedIndex,vpcGenerator,terms,lpBound,disjunctiveDualBound,lpBoundPostVpc,rootDualBound,dualBound,primalBound,vpcGenerationTime,rootDualBoundTime,bestSolutionTime,terminationTime,nodes,iterations,maxTime,actualTerms,numCuts,cutLimit,mipSolver,providePrimalBound,infeasibleTerms,feasibleToInfeasibleTerms,infeasibleToFeasibleTerms,termRemainsFeasibleBasisInfeasible,cutsChangedCoefficients,feasibleTermsPrunedByBound,tighten_disjunction,tighten_matrix_perturbation,tighten_infeasible_to_feasible_term,tighten_feasible_to_infeasible_basis
0,0,New,64,917.000000,917.000000,917.000000,924.000000,924.000000,924.000000,2194.241153,2194.615682,2194.241153,2194.652110,1,3632,3600.000000,143,1,160,GUROBI,1,134,0,0,0,0,0,0,0,0,0
1,0,Matrix,64,860.448671,860.556349,860.448671,866.928814,877.000000,881.000000,19.763712,21.026149,3619.767046,3619.767541,280691,20759464,3600.000000,143,1,0,GUROBI,1,134,0,0,0,0,0,0,1,0,0
2,0,Matrix,64,861.883490,861.955280,861.955280,869.947666,882.000000,882.000000,19.669439,20.906282,1990.788391,1990.788988,137871,9831508,3600.000000,143,1,0,GUROBI,1,134,0,0,0,0,0,0,1,0,0
3,0,Matrix,64,866.230124,866.729788,866.317870,872.338531,881.000000,881.000000,19.823478,20.983835,916.775797,923.523907,62417,4510849,3600.000000,143,1,0,GUROBI,1,134,0,0,0,0,0,0,1,0,0
4,0,Matrix,64,864.987413,866.346499,866.346499,874.440182,885.000000,885.000000,19.868561,21.296910,613.962450,1259.454416,79303,5911508,3600.000000,143,1,0,GUROBI,1,134,0,0,0,0,0,0,1,0,0
