instanceIndex,seedIndex,vpcGenerator,terms,lpBound,disjunctiveDualBound,lpBoundPostVpc,rootDualBound,dualBound,primalBound,vpcGenerationTime,rootDualBoundTime,bestSolutionTime,terminationTime,nodes,iterations,maxTime,actualTerms,numCuts,cutLimit,mipSolver,providePrimalBound,infeasibleTerms,feasibleToInfeasibleTerms,infeasibleToFeasibleTerms,termRemainsFeasibleBasisInfeasible,cutsChangedCoefficients,feasibleTermsPrunedByBound,tighten_disjunction,tighten_matrix_perturbation,tighten_infeasible_to_feasible_term,tighten_feasible_to_infeasible_basis
0,0,New,4,917.000000,917.000000,917.000000,924.000000,924.000000,924.000000,5035.761892,5036.376921,5035.761892,5036.421327,1,3409,3600.000000,4,1,160,GUROBI,1,0,0,0,0,0,0,0,0,0,0
1,0,Farkas,4,860.448671,860.448671,860.448671,866.815388,877.000000,881.000000,0.339133,1.565526,3600.342188,3600.342544,278526,24463012,3600.000000,4,1,0,GUROBI,1,0,0,0,0,0,0,0,0,0,0
2,0,Farkas,4,861.883490,861.955280,861.955280,869.848615,882.000000,882.000000,0.304789,1.588789,827.022289,1962.026463,170786,13734290,3600.000000,4,1,0,GUROBI,1,0,0,0,0,0,0,0,0,0,0
3,0,Farkas,4,866.230124,866.729788,866.317870,872.468707,881.000000,881.000000,0.323005,1.518814,825.173202,976.722403,69448,4994495,3600.000000,4,1,0,GUROBI,1,0,0,0,0,0,0,0,0,0,0
4,0,Farkas,4,864.987413,866.346499,866.346499,874.518661,884.000000,885.000000,0.318738,1.685927,2233.941672,3600.322279,266371,20004571,3600.000000,4,1,0,GUROBI,1,0,0,0,0,0,0,0,0,0,0
