instanceIndex,seedIndex,vpcGenerator,terms,lpBound,disjunctiveDualBound,lpBoundPostVpc,rootDualBound,dualBound,primalBound,vpcGenerationTime,rootDualBoundTime,bestSolutionTime,terminationTime,nodes,iterations,maxTime,actualTerms,numCuts,cutLimit,mipSolver,providePrimalBound,infeasibleTerms,feasibleToInfeasibleTerms,infeasibleToFeasibleTerms,termRemainsFeasibleBasisInfeasible,cutsChangedCoefficients,feasibleTermsPrunedByBound,tighten_disjunction,tighten_matrix_perturbation,tighten_infeasible_to_feasible_term,tighten_feasible_to_infeasible_basis
0,0,None,64,917.000000,917.000000,917.000000,924.000000,924.000000,924.000000,0.000003,0.768049,0.000003,0.806239,1,5220,3600.000000,0,0,0,GUROBI,1,0,0,0,0,0,0,0,0,0,0
1,0,None,64,860.448671,860.448671,860.448671,867.047856,877.000000,881.000000,0.000002,1.304106,327.878524,3600.003427,272683,24310433,3600.000000,0,0,0,GUROBI,1,0,0,0,0,0,0,0,0,0,0
2,0,None,64,861.883490,861.883490,861.883490,869.638470,882.000000,882.000000,0.000002,1.217622,2908.018949,2908.019307,217792,15481085,3600.000000,0,0,0,GUROBI,1,0,0,0,0,0,0,0,0,0,0
3,0,None,64,866.230124,866.230124,866.230124,872.268110,881.000000,881.000000,0.000003,1.209384,640.928421,677.241940,41624,2979795,3600.000000,0,0,0,GUROBI,1,0,0,0,0,0,0,0,0,0,0
4,0,None,64,864.987413,864.987413,864.987413,874.435834,884.000000,885.000000,0.000003,1.312734,663.561090,3600.003411,253748,19117388,3600.000000,0,0,0,GUROBI,1,0,0,0,0,0,0,0,0,0,0
