instanceIndex,seedIndex,vpcGenerator,terms,lpBound,disjunctiveDualBound,lpBoundPostVpc,rootDualBound,dualBound,primalBound,vpcGenerationTime,rootDualBoundTime,bestSolutionTime,terminationTime,nodes,iterations,maxTime,actualTerms,numCuts,cutLimit,mipSolver,providePrimalBound,infeasibleTerms,feasibleToInfeasibleTerms,infeasibleToFeasibleTerms,termRemainsFeasibleBasisInfeasible,cutsChangedCoefficients,feasibleTermsPrunedByBound,tighten_disjunction,tighten_matrix_perturbation,tighten_infeasible_to_feasible_term,tighten_feasible_to_infeasible_basis
0,0,New,4,917.000000,917.000000,917.000000,924.000000,924.000000,924.000000,746.481839,746.903276,746.481839,746.942176,1,4120,3600.000000,4,1,160,GUROBI,1,0,0,0,0,0,0,0,0,0,0
1,0,Basis,4,860.448671,860.448671,860.448671,866.867384,877.000000,881.000000,0.336047,1.652813,2771.118971,3600.339681,283478,21080218,3600.000000,4,1,0,GUROBI,1,0,0,0,0,0,0,0,0,0,1
2,0,Basis,4,861.883490,861.955280,861.955280,869.848615,882.000000,882.000000,0.302419,1.566341,1367.001170,2461.690047,184189,13160880,3600.000000,4,1,0,GUROBI,1,0,0,0,0,0,0,0,0,0,1
3,0,Basis,4,866.230124,866.729788,866.317870,872.356851,881.000000,881.000000,0.323445,1.623919,659.303111,692.566100,41567,3131101,3600.000000,4,1,0,GUROBI,1,0,0,0,0,0,0,0,0,0,1
4,0,Basis,4,864.987413,866.346499,866.346499,874.478807,885.000000,885.000000,0.311170,1.649242,656.697258,821.208964,51758,3704849,3600.000000,4,1,0,GUROBI,1,0,0,0,0,0,0,0,0,0,1
