instanceIndex,seedIndex,vpcGenerator,terms,lpBound,disjunctiveDualBound,lpBoundPostVpc,rootDualBound,dualBound,primalBound,vpcGenerationTime,rootDualBoundTime,bestSolutionTime,terminationTime,nodes,iterations,maxTime,actualTerms,numCuts,cutLimit,mipSolver,providePrimalBound,infeasibleTerms,feasibleToInfeasibleTerms,infeasibleToFeasibleTerms,termRemainsFeasibleBasisInfeasible,cutsChangedCoefficients,feasibleTermsPrunedByBound,tighten_disjunction,tighten_matrix_perturbation,tighten_infeasible_to_feasible_term,tighten_feasible_to_infeasible_basis
0,0,New,4,21240.526171,21314.980735,21314.383383,21427.510889,21475.000000,21477.000000,4.833577,5.411266,5.441494,5.441617,6,995,3600.000000,4,90,90,GUROBI,1,1,0,0,0,0,0,0,0,0,0
1,0,All,4,17083.000000,17083.000000,17083.000000,19367.075872,19825.000000,19825.000000,0.119986,0.596081,4.457643,4.732675,1643,42397,3600.000000,4,90,0,GUROBI,1,0,0,1,3,90,0,1,1,1,1
2,0,All,4,17083.000000,17083.000000,17083.000000,17083.000000,17083.000000,17083.000000,0.128125,0.145198,0.128125,0.145198,0,0,3600.000000,4,90,0,GUROBI,1,2,2,1,1,90,0,1,1,1,1
3,0,All,4,17083.000000,17083.000000,17083.000000,17083.000000,17083.000000,17083.000000,0.127318,0.147761,0.127318,0.147761,0,0,3600.000000,4,90,0,GUROBI,1,1,1,1,2,90,0,1,1,1,1
4,0,All,4,17099.002009,17099.002009,17099.002009,19687.360045,20094.000000,20096.000000,0.110450,0.724708,2.122172,2.218538,1060,21860,3600.000000,4,90,0,GUROBI,1,0,0,1,3,90,0,1,1,1,1
