instanceIndex,seedIndex,vpcGenerator,terms,lpBound,disjunctiveDualBound,lpBoundPostVpc,rootDualBound,dualBound,primalBound,vpcGenerationTime,rootDualBoundTime,bestSolutionTime,terminationTime,nodes,iterations,maxTime,actualTerms,numCuts,cutLimit,mipSolver,providePrimalBound,infeasibleTerms,feasibleToInfeasibleTerms,infeasibleToFeasibleTerms,termRemainsFeasibleBasisInfeasible,cutsChangedCoefficients,feasibleTermsPrunedByBound,tighten_disjunction,tighten_matrix_perturbation,tighten_infeasible_to_feasible_term,tighten_feasible_to_infeasible_basis
0,0,New,4,21240.526171,21314.980735,21314.383383,21413.495723,21476.000000,21477.000000,3.547829,4.053594,4.089402,4.091133,8,966,3600.000000,4,90,90,GUROBI,1,1,0,0,0,0,0,0,0,0,0
1,0,NoDisjunction,4,21240.518358,21314.972923,21314.375745,21433.992188,21476.992188,21476.992188,0.040539,0.849946,0.868309,0.871216,8,1833,3600.000000,4,90,0,GUROBI,1,1,0,0,0,0,0,0,1,1,1
2,0,NoDisjunction,4,21240.527979,21314.983657,21314.386117,21411.001304,21477.000000,21477.000000,0.040254,0.590953,0.619748,0.619868,6,1005,3600.000000,4,90,0,GUROBI,1,1,0,0,0,0,0,0,1,1,1
3,0,NoDisjunction,4,21240.526171,21314.980735,21314.383383,21424.000000,21476.615168,21477.000000,0.039658,0.641441,0.688273,0.688939,6,2132,3600.000000,4,90,0,GUROBI,1,1,0,0,0,0,0,0,1,1,1
4,0,NoDisjunction,4,21240.526171,21314.980735,21314.383383,21436.998992,21477.000000,21477.000000,0.039794,0.954254,1.037885,1.038618,8,1578,3600.000000,4,90,0,GUROBI,1,1,0,0,0,0,0,0,1,1,1
5,0,NoDisjunction,4,21240.526171,21314.980735,21314.383383,21420.000000,21477.000000,21477.000000,0.039944,1.025354,1.093742,1.098066,16,2259,3600.000000,4,90,0,GUROBI,1,1,0,0,0,0,0,0,1,1,1
6,0,NoDisjunction,4,21240.521942,21314.975129,21314.378131,21425.995750,21477.000000,21477.000000,0.039245,0.639874,0.672682,0.675404,11,1098,3600.000000,4,90,0,GUROBI,1,1,0,0,0,0,0,0,1,1,1
7,0,NoDisjunction,4,21240.526171,21314.980735,21314.383383,21413.998425,21477.000000,21477.000000,0.039380,0.507299,0.550445,0.550563,8,1147,3600.000000,4,90,0,GUROBI,1,1,0,0,0,0,0,0,1,1,1
