instanceIndex,seedIndex,vpcGenerator,terms,lpBound,disjunctiveDualBound,lpBoundPostVpc,rootDualBound,dualBound,primalBound,vpcGenerationTime,rootDualBoundTime,bestSolutionTime,terminationTime,nodes,iterations,maxTime,actualTerms,numCuts,cutLimit,mipSolver,providePrimalBound,infeasibleTerms,feasibleToInfeasibleTerms,infeasibleToFeasibleTerms,termRemainsFeasibleBasisInfeasible,cutsChangedCoefficients,feasibleTermsPrunedByBound,tighten_disjunction,tighten_matrix_perturbation,tighten_infeasible_to_feasible_term,tighten_feasible_to_infeasible_basis
0,0,New,4,21240.526171,21314.980735,21314.383383,21425.029106,21477.000000,21477.000000,3.563719,4.122699,4.164662,4.166553,8,1171,3600.000000,4,90,90,GUROBI,1,1,0,0,0,0,0,0,0,0,0
1,0,NoDisjunction,4,17083.000000,17083.000000,17083.000000,19349.946930,19824.000000,19825.000000,0.119786,0.566295,6.678077,6.730810,3142,63854,3600.000000,4,90,0,GUROBI,1,0,0,1,3,90,0,0,1,1,1
2,0,NoDisjunction,4,17083.000000,17083.000000,17083.000000,17083.000000,17083.000000,17083.000000,0.139381,0.157514,0.139381,0.157514,0,0,3600.000000,4,90,0,GUROBI,1,2,2,1,1,90,0,0,1,1,1
3,0,NoDisjunction,4,17083.000000,17083.000000,17083.000000,17083.000000,17083.000000,17083.000000,0.138580,0.160255,0.138580,0.160255,0,0,3600.000000,4,90,0,GUROBI,1,1,1,1,2,90,0,0,1,1,1
4,0,NoDisjunction,4,17099.002009,17099.002009,17099.002009,19688.806247,20094.000000,20096.000000,0.119663,0.717274,1.182902,1.412083,406,9551,3600.000000,4,90,0,GUROBI,1,0,0,1,3,90,0,0,1,1,1
