instanceIndex,seedIndex,vpcGenerator,terms,lpBound,disjunctiveDualBound,lpBoundPostVpc,rootDualBound,dualBound,primalBound,vpcGenerationTime,rootDualBoundTime,bestSolutionTime,terminationTime,nodes,iterations,maxTime,actualTerms,numCuts,cutLimit,mipSolver,providePrimalBound,infeasibleTerms,feasibleToInfeasibleTerms,infeasibleToFeasibleTerms,termRemainsFeasibleBasisInfeasible,cutsChangedCoefficients,feasibleTermsPrunedByBound,tighten_disjunction,tighten_matrix_perturbation,tighten_infeasible_to_feasible_term,tighten_feasible_to_infeasible_basis
0,0,New,64,7649.866134,7945.859018,7942.998461,7943.941780,8090.000000,8090.000000,172.277370,172.818697,173.360691,174.557203,1041,23446,3600.000000,66,75,75,GUROBI,1,10,0,0,0,0,0,0,0,0,0
1,0,NoDisjunction,64,7649.866134,7945.859018,7942.998461,7944.025347,8089.218750,8090.000000,0.323011,0.843507,2.706673,3.115766,1567,29291,3600.000000,66,75,0,GUROBI,1,10,0,0,0,0,0,0,1,1,1
2,0,NoDisjunction,64,7649.866134,7945.859018,7942.998461,7944.999919,8090.000000,8090.000000,0.327514,0.893292,4.119914,5.726428,1123,38003,3600.000000,66,75,0,GUROBI,1,10,0,0,0,0,0,0,1,1,1
3,0,NoDisjunction,64,7649.866134,7945.859018,7942.998461,7944.000000,8090.000000,8090.000000,0.320097,0.888539,3.051446,3.051621,1625,32603,3600.000000,66,75,0,GUROBI,1,10,0,0,0,0,0,0,1,1,1
4,0,NoDisjunction,64,7649.866134,7945.859018,7942.998461,7944.025347,8089.218750,8090.000000,0.318007,0.837349,2.701368,3.109131,1567,29291,3600.000000,66,75,0,GUROBI,1,10,0,0,0,0,0,0,1,1,1
5,0,NoDisjunction,64,7649.875813,7945.859018,7942.998461,7945.000000,8089.970644,8090.000000,0.324597,0.858182,2.566024,2.584746,1159,26994,3600.000000,66,75,0,GUROBI,1,10,0,0,0,0,0,0,1,1,1
