instanceIndex,seedIndex,vpcGenerator,terms,lpBound,disjunctiveDualBound,lpBoundPostVpc,rootDualBound,dualBound,primalBound,vpcGenerationTime,rootDualBoundTime,bestSolutionTime,terminationTime,nodes,iterations,maxTime,actualTerms,numCuts,cutLimit,mipSolver,providePrimalBound,infeasibleTerms,feasibleToInfeasibleTerms,infeasibleToFeasibleTerms,termRemainsFeasibleBasisInfeasible,cutsChangedCoefficients,feasibleTermsPrunedByBound,tighten_disjunction,tighten_matrix_perturbation,tighten_infeasible_to_feasible_term,tighten_feasible_to_infeasible_basis
0,0,New,64,7649.866134,7945.859018,7942.998461,7943.997084,8090.000000,8090.000000,90.295924,90.646845,91.662136,91.964927,1424,27013,3600.000000,66,75,75,GUROBI,1,10,0,0,0,0,0,0,0,0,0
1,0,Term,64,7699.072646,7960.523810,7943.528183,7944.338816,8135.000000,8135.000000,0.274575,0.529041,0.734172,1.697830,946,19664,3600.000000,66,75,0,GUROBI,1,10,0,0,56,0,0,0,0,1,0
2,0,Term,64,7674.871361,7960.455914,7944.124469,7945.712027,8116.000000,8116.000000,0.259158,0.689885,1.742181,1.742263,1205,21785,3600.000000,66,75,0,GUROBI,1,16,6,0,39,0,0,0,0,1,0
3,0,Term,64,7640.408724,7804.421000,7801.402647,7803.008890,7998.000000,7998.000000,1.539441,1.860143,2.046403,2.179779,220,5927,3600.000000,66,75,0,GUROBI,1,3,0,7,47,0,0,0,0,1,0
4,0,Term,64,7736.352942,7954.756285,7942.998461,7943.508898,8170.000000,8170.000000,0.280686,0.823100,3.977655,4.442383,2650,100292,3600.000000,66,75,0,GUROBI,1,10,0,0,54,0,0,0,0,1,0
