instanceIndex,seedIndex,vpcGenerator,terms,lpBound,disjunctiveDualBound,lpBoundPostVpc,rootDualBound,dualBound,primalBound,vpcGenerationTime,rootDualBoundTime,bestSolutionTime,terminationTime,nodes,iterations,maxTime,actualTerms,numCuts,cutLimit,mipSolver,providePrimalBound,infeasibleTerms,feasibleToInfeasibleTerms,infeasibleToFeasibleTerms,termRemainsFeasibleBasisInfeasible,cutsChangedCoefficients,feasibleTermsPrunedByBound,tighten_disjunction,tighten_matrix_perturbation,tighten_infeasible_to_feasible_term,tighten_feasible_to_infeasible_basis
0,0,New,64,7649.866134,7945.859018,7942.998461,7944.276210,8090.000000,8090.000000,91.551287,91.998545,92.295121,93.016208,864,19988,3600.000000,66,75,75,GUROBI,1,10,0,0,0,0,0,0,0,0,0
1,0,NoDisjunction,64,7699.072646,7960.523810,7943.528183,7944.338816,8135.000000,8135.000000,0.279796,0.547816,2.119245,2.119369,1518,31366,3600.000000,66,75,0,GUROBI,1,10,0,0,56,0,0,0,1,1,1
2,0,NoDisjunction,64,7674.871361,7960.455914,7946.122559,7947.822625,8116.000000,8116.000000,5.207899,5.518452,6.543976,6.544052,987,19006,3600.000000,66,75,0,GUROBI,1,16,6,0,39,0,0,0,1,1,1
3,0,NoDisjunction,64,7640.408724,7804.421000,7801.402647,7802.000000,7998.000000,7998.000000,7.539310,7.800524,8.239293,8.318101,420,13393,3600.000000,66,75,0,GUROBI,1,3,0,7,47,0,0,0,1,1,1
4,0,NoDisjunction,64,7736.352942,7954.756285,7951.479564,7952.882370,8170.000000,8170.000000,7.757428,8.067028,9.554816,9.729731,2020,35340,3600.000000,66,75,0,GUROBI,1,10,0,0,54,0,0,0,1,1,1
