instanceIndex,seedIndex,vpcGenerator,terms,lpBound,disjunctiveDualBound,lpBoundPostVpc,rootDualBound,dualBound,primalBound,vpcGenerationTime,rootDualBoundTime,bestSolutionTime,terminationTime,nodes,iterations,maxTime,actualTerms,numCuts,cutLimit,mipSolver,providePrimalBound,infeasibleTerms,feasibleToInfeasibleTerms,infeasibleToFeasibleTerms,termRemainsFeasibleBasisInfeasible,cutsChangedCoefficients,feasibleTermsPrunedByBound,tighten_disjunction,tighten_matrix_perturbation,tighten_infeasible_to_feasible_term,tighten_feasible_to_infeasible_basis
0,0,New,64,7649.866134,7945.859018,7942.998461,7944.308113,8090.000000,8090.000000,170.155264,170.781460,173.928775,173.928931,1657,44648,3600.000000,66,75,75,GUROBI,1,10,0,0,0,0,0,0,0,0,0
1,0,All,64,7840.750974,7973.818182,7840.750974,7938.026529,8056.000000,8056.000000,0.524237,0.923658,1.015983,1.093949,49,1488,3600.000000,66,75,0,GUROBI,1,14,4,0,52,0,0,1,1,1,1
2,0,All,64,7824.766514,7998.138211,7824.766514,7950.094275,8180.000000,8180.000000,0.525974,1.424128,2.015768,2.057733,341,8887,3600.000000,66,75,0,GUROBI,1,10,0,0,56,0,0,1,1,1,1
3,0,All,64,7856.957432,7984.146005,7856.957432,8016.857493,8158.000000,8158.000000,0.529779,1.397413,1.825689,1.825831,293,5760,3600.000000,66,75,0,GUROBI,1,17,7,0,49,0,0,1,1,1,1
