instanceIndex,seedIndex,vpcGenerator,terms,lpBound,disjunctiveDualBound,lpBoundPostVpc,rootDualBound,dualBound,primalBound,vpcGenerationTime,rootDualBoundTime,bestSolutionTime,terminationTime,nodes,iterations,maxTime,actualTerms,numCuts,cutLimit,mipSolver,providePrimalBound,infeasibleTerms,feasibleToInfeasibleTerms,infeasibleToFeasibleTerms,termRemainsFeasibleBasisInfeasible,cutsChangedCoefficients,feasibleTermsPrunedByBound,tighten_disjunction,tighten_matrix_perturbation,tighten_infeasible_to_feasible_term,tighten_feasible_to_infeasible_basis
0,0,New,64,7649.866134,7945.859018,7942.998461,7944.044700,8090.000000,8090.000000,170.073076,170.516927,172.385510,172.640429,1331,27345,3600.000000,66,75,75,GUROBI,1,10,0,0,0,0,0,0,0,0,0
1,0,New,64,7699.072646,7963.116785,7957.927780,7961.036009,8135.000000,8135.000000,178.472431,179.093282,183.747429,183.747578,2368,47586,3600.000000,64,75,75,GUROBI,1,9,0,0,0,0,0,0,0,0,0
2,0,New,64,7674.871361,7960.047127,7957.545310,7958.282456,8116.000000,8116.000000,147.185195,147.631194,149.356155,149.356300,1169,24292,3600.000000,64,76,76,GUROBI,1,12,0,0,0,0,0,0,0,0,0
3,0,New,64,7640.408724,7918.097222,7912.880338,7913.692502,7998.000000,7998.000000,130.701776,131.204250,132.015307,132.015450,445,11045,3600.000000,64,72,72,GUROBI,1,12,0,0,0,0,0,0,0,0,0
4,0,New,64,7736.352942,7991.987453,7984.687983,7988.066753,8170.000000,8170.000000,100.298221,100.873825,103.117946,103.168577,1548,30444,3600.000000,75,66,66,GUROBI,1,30,0,0,0,0,0,0,0,0,0
