instanceIndex,seedIndex,vpcGenerator,terms,lpBound,disjunctiveDualBound,lpBoundPostVpc,rootDualBound,dualBound,primalBound,vpcGenerationTime,rootDualBoundTime,bestSolutionTime,terminationTime,nodes,iterations,maxTime,actualTerms,numCuts,cutLimit,mipSolver,providePrimalBound,infeasibleTerms,feasibleToInfeasibleTerms,infeasibleToFeasibleTerms,termRemainsFeasibleBasisInfeasible,cutsChangedCoefficients,feasibleTermsPrunedByBound,tighten_disjunction,tighten_matrix_perturbation,tighten_infeasible_to_feasible_term,tighten_feasible_to_infeasible_basis
0,0,New,4,7649.866134,7799.912563,7770.875044,7790.850548,8090.000000,8090.000000,2.260210,2.573684,3.502287,3.502411,851,15102,3600.000000,4,75,75,GUROBI,1,0,0,0,0,0,0,0,0,0,0
1,0,Term,4,7649.866134,7799.912563,7770.875044,7789.000000,8089.281250,8090.000000,0.027224,0.446977,1.482991,1.483115,905,18540,3600.000000,4,75,0,GUROBI,1,0,0,0,0,0,0,0,0,1,0
2,0,Term,4,7649.866134,7799.912563,7770.875044,7794.999954,8089.218750,8090.000000,0.029811,0.562633,1.578679,1.600652,1359,22051,3600.000000,4,75,0,GUROBI,1,0,0,0,0,0,0,0,0,1,0
3,0,Term,4,7649.866134,7799.912563,7770.875044,7790.000000,8090.000000,8090.000000,0.028082,0.443555,1.840277,2.249314,1630,36113,3600.000000,4,75,0,GUROBI,1,0,0,0,0,0,0,0,0,1,0
4,0,Term,4,7649.866134,7799.912563,7770.875044,7789.000000,8089.281250,8090.000000,0.029004,0.437102,1.428255,1.428356,905,18540,3600.000000,4,75,0,GUROBI,1,0,0,0,0,0,0,0,0,1,0
5,0,Term,4,7649.875813,7799.939124,7770.884658,7796.007688,8090.000000,8090.000000,0.027335,0.416507,1.216473,1.436010,1048,17252,3600.000000,4,75,0,GUROBI,1,0,0,0,0,0,0,0,0,1,0
