instanceIndex,seedIndex,vpcGenerator,terms,lpBound,disjunctiveDualBound,lpBoundPostVpc,rootDualBound,dualBound,primalBound,vpcGenerationTime,rootDualBoundTime,bestSolutionTime,terminationTime,nodes,iterations,maxTime,actualTerms,numCuts,cutLimit,mipSolver,providePrimalBound,infeasibleTerms,feasibleToInfeasibleTerms,infeasibleToFeasibleTerms,termRemainsFeasibleBasisInfeasible,cutsChangedCoefficients,feasibleTermsPrunedByBound,tighten_disjunction,tighten_matrix_perturbation,tighten_infeasible_to_feasible_term,tighten_feasible_to_infeasible_basis
0,0,New,64,7649.866134,7945.859018,7942.998461,7944.044700,8090.000000,8090.000000,170.880346,171.332949,173.155756,173.156131,1201,24302,3600.000000,66,75,75,GUROBI,1,10,0,0,0,0,0,0,0,0,0
1,0,Farkas,64,7649.866134,7945.859018,7942.998461,7944.000000,8090.000000,8090.000000,0.311607,1.150858,2.365482,2.708198,1128,23590,3600.000000,66,75,0,GUROBI,1,10,0,0,0,0,0,0,0,0,0
2,0,Farkas,64,7649.866134,7945.859018,7942.998461,7943.999897,8089.343750,8090.000000,0.322221,0.714505,2.661552,2.661687,1377,29086,3600.000000,66,75,0,GUROBI,1,10,0,0,0,0,0,0,0,0,0
3,0,Farkas,64,7649.866134,7945.859018,7942.998461,7944.000000,8090.000000,8090.000000,0.306092,0.978026,2.169987,2.930161,1211,30065,3600.000000,66,75,0,GUROBI,1,10,0,0,0,0,0,0,0,0,0
4,0,Farkas,64,7649.866134,7945.859018,7942.998461,7944.000000,8090.000000,8090.000000,0.305211,1.142506,2.361559,2.705947,1128,23590,3600.000000,66,75,0,GUROBI,1,10,0,0,0,0,0,0,0,0,0
5,0,Farkas,64,7649.875813,7945.859018,7942.998461,7944.000000,8090.000000,8090.000000,0.309058,0.955419,1.477111,2.421982,853,21256,3600.000000,66,75,0,GUROBI,1,10,0,0,0,0,0,0,0,0,0
