instanceIndex,seedIndex,vpcGenerator,terms,lpBound,disjunctiveDualBound,lpBoundPostVpc,rootDualBound,dualBound,primalBound,vpcGenerationTime,rootDualBoundTime,bestSolutionTime,terminationTime,nodes,iterations,maxTime,actualTerms,numCuts,cutLimit,mipSolver,providePrimalBound,infeasibleTerms,feasibleToInfeasibleTerms,infeasibleToFeasibleTerms,termRemainsFeasibleBasisInfeasible,cutsChangedCoefficients,feasibleTermsPrunedByBound,tighten_disjunction,tighten_matrix_perturbation,tighten_infeasible_to_feasible_term,tighten_feasible_to_infeasible_basis
0,0,None,4,7649.866134,7649.866134,7649.866134,7757.899844,8090.000000,8090.000000,0.000025,0.606895,1.939540,2.004149,1158,19811,3600.000000,0,0,0,GUROBI,1,0,0,0,0,0,0,0,0,0,0
1,0,None,4,7649.866134,7649.866134,7649.866134,7757.015606,8089.343750,8090.000000,0.000002,0.677158,1.986566,2.493876,1165,31547,3600.000000,0,0,0,GUROBI,1,0,0,0,0,0,0,0,0,0,0
2,0,None,4,7649.866134,7649.866134,7649.866134,7754.999781,8090.000000,8090.000000,0.000002,0.740233,1.987152,1.993435,884,16332,3600.000000,0,0,0,GUROBI,1,0,0,0,0,0,0,0,0,0,0
3,0,None,4,7649.866134,7649.866134,7649.866134,7757.015606,8089.343750,8090.000000,0.000001,0.675233,1.988647,2.496502,1165,31547,3600.000000,0,0,0,GUROBI,1,0,0,0,0,0,0,0,0,0,0
4,0,None,4,7649.866134,7649.866134,7649.866134,7757.015606,8089.343750,8090.000000,0.000002,0.675246,1.986971,2.493756,1165,31547,3600.000000,0,0,0,GUROBI,1,0,0,0,0,0,0,0,0,0,0
5,0,None,4,7649.875813,7649.875813,7649.875813,7767.010014,8090.000000,8090.000000,0.000002,0.593047,1.985795,1.985918,1020,18011,3600.000000,0,0,0,GUROBI,1,0,0,0,0,0,0,0,0,0,0
