instanceIndex,seedIndex,vpcGenerator,terms,lpBound,disjunctiveDualBound,lpBoundPostVpc,rootDualBound,dualBound,primalBound,vpcGenerationTime,rootDualBoundTime,bestSolutionTime,terminationTime,nodes,iterations,maxTime,actualTerms,numCuts,cutLimit,mipSolver,providePrimalBound,infeasibleTerms,feasibleToInfeasibleTerms,infeasibleToFeasibleTerms,termRemainsFeasibleBasisInfeasible,cutsChangedCoefficients,feasibleTermsPrunedByBound,tighten_disjunction,tighten_matrix_perturbation,tighten_infeasible_to_feasible_term,tighten_feasible_to_infeasible_basis
0,0,None,64,124.122996,124.122996,124.122996,302.000000,302.000000,302.000000,0.000002,0.000002,0.000002,1.753913,1,837,3600.000000,0,0,0,GUROBI,1,0,0,0,0,0,0,0,0,0,0
1,0,None,64,123.640759,123.640759,123.640759,155.877372,300.000000,300.000000,0.000002,27.005041,42.988031,59.033035,546,103862,3600.000000,0,0,0,GUROBI,1,0,0,0,0,0,0,0,0,0,0
2,0,None,64,124.142084,124.142084,124.142084,176.247212,299.000000,299.000000,0.000002,31.424503,0.000002,77.953080,548,143982,3600.000000,0,0,0,GUROBI,1,0,0,0,0,0,0,0,0,0,0
3,0,None,64,123.168798,123.168798,123.168798,156.281190,299.000000,299.000000,0.000002,28.644628,0.000002,145.521674,1245,360760,3600.000000,0,0,0,GUROBI,1,0,0,0,0,0,0,0,0,0,0
4,0,None,64,124.112688,124.112688,124.112688,158.247153,300.000000,300.000000,0.000003,27.463610,55.424600,78.455067,736,156659,3600.000000,0,0,0,GUROBI,1,0,0,0,0,0,0,0,0,0,0
5,0,None,64,123.246936,123.246936,123.246936,150.678611,299.000000,299.000000,0.000003,20.932700,101.007380,101.133649,723,199604,3600.000000,0,0,0,GUROBI,1,0,0,0,0,0,0,0,0,0,0
6,0,None,64,123.755821,123.755821,123.755821,151.378401,301.000000,301.000000,0.000003,21.335756,179.143628,180.730022,1662,454567,3600.000000,0,0,0,GUROBI,1,0,0,0,0,0,0,0,0,0,0
7,0,None,64,123.410979,123.410979,123.410979,150.310358,300.000000,300.000000,0.000004,17.549397,0.000004,81.605807,806,219907,3600.000000,0,0,0,GUROBI,1,0,0,0,0,0,0,0,0,0,0
