instanceIndex,seedIndex,vpcGenerator,terms,lpBound,disjunctiveDualBound,lpBoundPostVpc,rootDualBound,dualBound,primalBound,vpcGenerationTime,rootDualBoundTime,bestSolutionTime,terminationTime,nodes,iterations,maxTime,actualTerms,numCuts,cutLimit,mipSolver,providePrimalBound,infeasibleTerms,feasibleToInfeasibleTerms,infeasibleToFeasibleTerms,termRemainsFeasibleBasisInfeasible,cutsChangedCoefficients,feasibleTermsPrunedByBound,tighten_disjunction,tighten_matrix_perturbation,tighten_infeasible_to_feasible_term,tighten_feasible_to_infeasible_basis
0,0,New,4,2879.065687,2892.465688,2892.465688,3202.693788,3297.418309,3311.179984,1.601182,2.224980,2393.634441,3601.604609,398306,16662213,3600.000000,4,2,29,GUROBI,1,0,0,0,0,0,0,0,0,0,0
1,0,Farkas,4,-863506.693929,-863506.693929,-863506.693929,-863237.544661,-863164.301277,-863093.484649,0.051729,0.525502,205.510095,205.514677,17785,699701,3600.000000,4,2,0,GUROBI,1,0,0,0,0,0,0,0,0,0,0
2,0,Farkas,4,-541314.951947,-541314.951947,-541314.951947,-541145.592500,-541092.774038,-541059.102591,0.049535,0.383964,167.703160,167.706295,21302,578029,3600.000000,4,2,0,GUROBI,1,0,0,0,0,0,0,0,0,0,0
3,0,Farkas,4,-5654475.773537,-5654475.773537,-5654475.773537,-5654322.622681,-5654322.590723,-5654065.814487,0.103871,0.440649,2.068249,2.068520,453,2771,3600.000000,4,2,0,GUROBI,1,0,0,0,0,0,0,0,0,0,0
