instanceIndex,seedIndex,vpcGenerator,terms,lpBound,disjunctiveDualBound,lpBoundPostVpc,rootDualBound,dualBound,primalBound,vpcGenerationTime,rootDualBoundTime,bestSolutionTime,terminationTime,nodes,iterations,maxTime,actualTerms,numCuts,cutLimit,mipSolver,providePrimalBound,infeasibleTerms,feasibleToInfeasibleTerms,infeasibleToFeasibleTerms,termRemainsFeasibleBasisInfeasible,cutsChangedCoefficients,feasibleTermsPrunedByBound,tighten_disjunction,tighten_matrix_perturbation,tighten_infeasible_to_feasible_term,tighten_feasible_to_infeasible_basis
0,0,New,4,4649.667605,4772.930096,4695.429902,10726.053444,11502.297220,11503.444125,1.454821,3.942078,1679.894062,1702.452911,61372,5845373,3600.000000,4,4,155,GUROBI,1,0,0,0,0,0,0,0,0,0,0
1,0,Term,4,4141.632848,4295.849780,4156.566162,9547.351515,10631.744512,10661.592165,0.112316,2.669612,3137.202911,3600.114989,69784,11594192,3600.000000,4,4,0,GUROBI,1,0,0,0,4,4,0,0,0,1,0
2,0,Term,4,4136.947175,4198.202516,4137.358862,9648.854710,10488.949160,10723.885395,0.110406,2.600543,3600.153382,3600.153658,55266,10710960,3600.000000,4,4,0,GUROBI,1,0,0,0,4,4,0,0,0,1,0
3,0,Term,4,4348.094581,4489.010432,4373.863152,9549.137742,10658.996447,10741.308513,0.155587,14.952217,3600.157770,3600.158010,39454,9016302,3600.000000,4,4,0,GUROBI,1,0,0,0,4,4,0,0,0,1,0
