instanceIndex,seedIndex,vpcGenerator,terms,lpBound,disjunctiveDualBound,lpBoundPostVpc,rootDualBound,dualBound,primalBound,vpcGenerationTime,rootDualBoundTime,bestSolutionTime,terminationTime,nodes,iterations,maxTime,actualTerms,numCuts,cutLimit,mipSolver,providePrimalBound,infeasibleTerms,feasibleToInfeasibleTerms,infeasibleToFeasibleTerms,termRemainsFeasibleBasisInfeasible,cutsChangedCoefficients,feasibleTermsPrunedByBound,tighten_disjunction,tighten_matrix_perturbation,tighten_infeasible_to_feasible_term,tighten_feasible_to_infeasible_basis
0,0,New,4,4649.667605,4772.930096,4695.429902,10705.661634,11502.312049,11503.444125,1.830813,5.384827,1892.940673,2061.654674,35645,3916626,3600.000000,4,4,155,GUROBI,1,0,0,0,0,0,0,0,0,0,0
1,0,Disjunction,4,487.882468,607.289352,525.396964,6508.691276,7044.599758,7045.174074,0.134950,4.870787,107.327955,194.250427,5491,405807,3600.000000,4,4,0,GUROBI,1,0,0,0,0,0,0,1,0,0,0
2,0,Disjunction,4,1527.771917,1635.831011,1571.775031,7312.423800,7986.358392,7987.121562,0.159925,4.016612,612.074337,612.112073,14768,1295400,3600.000000,4,4,0,GUROBI,1,0,0,0,0,0,0,1,0,0,0
3,0,Disjunction,4,3535.709181,3659.981268,3561.344490,9225.639094,10185.419178,10186.402403,0.109013,4.185147,2648.763478,2811.444559,45110,5271407,3600.000000,4,4,0,GUROBI,1,0,0,0,0,0,0,1,0,0,0
4,0,Disjunction,4,1483.822517,1598.459802,1533.274139,7572.824983,8264.500208,8265.302854,0.120556,4.382013,717.342319,1110.465544,26512,2438341,3600.000000,4,4,0,GUROBI,1,0,0,0,0,0,0,1,0,0,0
