instanceIndex,seedIndex,vpcGenerator,terms,lpBound,disjunctiveDualBound,lpBoundPostVpc,rootDualBound,dualBound,primalBound,vpcGenerationTime,rootDualBoundTime,bestSolutionTime,terminationTime,nodes,iterations,maxTime,actualTerms,numCuts,cutLimit,mipSolver,providePrimalBound,infeasibleTerms,feasibleToInfeasibleTerms,infeasibleToFeasibleTerms,termRemainsFeasibleBasisInfeasible,cutsChangedCoefficients,feasibleTermsPrunedByBound,tighten_disjunction,tighten_matrix_perturbation,tighten_infeasible_to_feasible_term,tighten_feasible_to_infeasible_basis
0,0,New,4,4649.667605,4772.930096,4695.429902,10797.544161,11502.295023,11503.444125,1.286531,3.986844,1511.025441,1629.033794,47255,5217712,3600.000000,4,4,155,GUROBI,1,0,0,0,0,0,0,0,0,0,0
1,0,Matrix,4,4690.309265,4813.716981,4734.968108,14508.448789,14743.196456,14743.569687,0.049944,1.287828,2.789731,2.789999,311,9123,3600.000000,4,4,0,GUROBI,1,0,0,0,4,0,0,0,1,0,0
2,0,Matrix,4,4803.322319,4923.749481,4846.139399,15281.862657,15621.356117,15621.929714,0.051746,0.936298,3.562715,10.484231,2203,53339,3600.000000,4,4,0,GUROBI,1,0,0,0,4,0,0,0,1,0,0
3,0,Matrix,4,5334.414539,5455.187964,5373.610979,16625.118911,16786.785396,16786.876062,0.059070,0.608759,0.799156,0.799421,58,2411,3600.000000,4,4,0,GUROBI,1,0,0,0,4,0,0,0,1,0,0
4,0,Matrix,4,4669.418245,4794.109724,4715.035963,11952.806677,12872.956069,12874.126875,0.046085,1.731847,5.631531,252.297864,11956,880107,3600.000000,4,4,0,GUROBI,1,0,0,0,4,0,0,0,1,0,0
