instanceIndex,seedIndex,vpcGenerator,terms,lpBound,disjunctiveDualBound,lpBoundPostVpc,rootDualBound,dualBound,primalBound,vpcGenerationTime,rootDualBoundTime,bestSolutionTime,terminationTime,nodes,iterations,maxTime,actualTerms,numCuts,cutLimit,mipSolver,providePrimalBound,infeasibleTerms,feasibleToInfeasibleTerms,infeasibleToFeasibleTerms,termRemainsFeasibleBasisInfeasible,cutsChangedCoefficients,feasibleTermsPrunedByBound,tighten_disjunction,tighten_matrix_perturbation,tighten_infeasible_to_feasible_term,tighten_feasible_to_infeasible_basis
0,0,New,4,4649.667605,4772.930096,4695.429902,10797.544161,11502.295023,11503.444125,1.860129,5.553375,2478.422843,2674.198051,47255,5217712,3600.000000,4,4,155,GUROBI,1,0,0,0,0,0,0,0,0,0,0
1,0,Basis,4,4141.632848,4295.849780,4156.566162,9526.115804,10541.599542,10661.592165,0.132399,3.859841,3092.776237,3600.135486,38899,6813815,3600.000000,4,4,0,GUROBI,1,0,0,0,4,4,0,0,0,0,1
2,0,Basis,4,4136.947175,4198.202516,4137.358862,9630.141585,10487.947865,10723.885395,0.132491,5.065228,1829.985096,3600.135517,37433,7097778,3600.000000,4,4,0,GUROBI,1,0,0,0,4,4,0,0,0,0,1
3,0,Basis,4,4348.094581,4489.010432,4373.863152,9590.294239,10594.540437,10741.308513,0.202435,3.757251,3119.425669,3600.204847,30366,6810091,3600.000000,4,4,0,GUROBI,1,0,0,0,4,4,0,0,0,0,1
