instanceIndex,seedIndex,vpcGenerator,terms,lpBound,disjunctiveDualBound,lpBoundPostVpc,rootDualBound,dualBound,primalBound,vpcGenerationTime,rootDualBoundTime,bestSolutionTime,terminationTime,nodes,iterations,maxTime,actualTerms,numCuts,cutLimit,mipSolver,providePrimalBound,infeasibleTerms,feasibleToInfeasibleTerms,infeasibleToFeasibleTerms,termRemainsFeasibleBasisInfeasible,cutsChangedCoefficients,feasibleTermsPrunedByBound,tighten_disjunction,tighten_matrix_perturbation,tighten_infeasible_to_feasible_term,tighten_feasible_to_infeasible_basis
0,0,New,64,4649.667605,4985.201862,4771.416618,10780.193951,11502.302268,11503.444125,40.792398,45.379160,1746.508335,2099.815240,42256,4123179,3600.000000,64,4,155,GUROBI,1,0,0,0,0,0,0,0,0,0,0
1,0,Term,64,487.882468,779.784208,566.018120,6445.869038,7044.575447,7045.174074,2.192842,5.990675,234.967525,234.967983,5215,468757,3600.000000,64,4,0,GUROBI,1,0,0,0,0,0,0,0,0,1,0
2,0,Term,64,1527.771917,1806.696849,1584.438146,7245.155557,7986.326377,7987.121562,2.384232,6.494498,955.019915,955.020442,20690,1711431,3600.000000,64,4,0,GUROBI,1,0,0,0,0,0,0,0,0,1,0
3,0,Term,64,3535.709181,3793.980400,3633.300790,9323.533506,10185.580414,10186.402403,1.706134,6.207764,68.634256,2830.361382,43735,5355814,3600.000000,64,4,0,GUROBI,1,0,0,0,0,0,0,0,0,1,0
4,0,Term,64,1483.822517,1776.224443,1538.216944,7536.092891,8264.477930,8265.302854,1.922015,6.444366,1314.621895,1314.622778,31061,2723446,3600.000000,64,4,0,GUROBI,1,0,0,0,0,0,0,0,0,1,0
