instanceIndex,seedIndex,vpcGenerator,terms,lpBound,disjunctiveDualBound,lpBoundPostVpc,rootDualBound,dualBound,primalBound,vpcGenerationTime,rootDualBoundTime,bestSolutionTime,terminationTime,nodes,iterations,maxTime,actualTerms,numCuts,cutLimit,mipSolver,providePrimalBound,infeasibleTerms,feasibleToInfeasibleTerms,infeasibleToFeasibleTerms,termRemainsFeasibleBasisInfeasible,cutsChangedCoefficients,feasibleTermsPrunedByBound,tighten_disjunction,tighten_matrix_perturbation,tighten_infeasible_to_feasible_term,tighten_feasible_to_infeasible_basis
0,0,New,4,4110.346758,4162.635591,4116.087453,10284.001827,10888.056056,10889.137625,1.777276,5.518148,1448.184217,1547.672652,32001,3496932,3600.000000,4,2,159,GUROBI,1,0,0,0,0,0,0,0,0,0,0
1,0,Basis,4,3663.680604,3706.414756,3668.680604,8340.716360,9443.708108,9444.648375,0.401506,4.605713,2699.392353,2705.926819,29795,5046870,3600.000000,4,2,0,GUROBI,1,0,0,0,4,2,0,0,0,0,1
2,0,Basis,4,3835.951743,3894.526934,3840.951743,9299.585460,10071.795129,10072.791830,0.196605,6.392285,1535.107368,1871.034844,15786,3378287,3600.000000,4,2,0,GUROBI,1,0,0,0,4,2,0,0,0,0,1
3,0,Basis,4,4105.885965,4164.181695,4108.274435,9774.056861,10383.302841,10384.337794,0.125937,5.312297,2037.085141,2356.535764,21275,4374818,3600.000000,4,2,0,GUROBI,1,0,0,0,4,2,0,0,0,0,1
4,0,Basis,4,3913.063803,3991.796593,3913.063803,9254.867254,10342.877393,10343.899083,0.353358,4.702177,1771.539145,1772.494203,15777,2771376,3600.000000,4,2,0,GUROBI,1,0,0,0,4,2,0,0,0,0,1
