instanceIndex,seedIndex,vpcGenerator,terms,lpBound,disjunctiveDualBound,lpBoundPostVpc,rootDualBound,dualBound,primalBound,vpcGenerationTime,rootDualBoundTime,bestSolutionTime,terminationTime,nodes,iterations,maxTime,actualTerms,numCuts,cutLimit,mipSolver,providePrimalBound,infeasibleTerms,feasibleToInfeasibleTerms,infeasibleToFeasibleTerms,termRemainsFeasibleBasisInfeasible,cutsChangedCoefficients,feasibleTermsPrunedByBound,tighten_disjunction,tighten_matrix_perturbation,tighten_infeasible_to_feasible_term,tighten_feasible_to_infeasible_basis
0,0,New,4,4110.346758,4162.635591,4116.087453,10288.713916,10888.083434,10889.137625,1.654693,5.429412,853.376326,977.088914,19115,2047009,3600.000000,4,2,159,GUROBI,1,0,0,0,0,0,0,0,0,0,0
1,0,All,4,3321.060673,3360.302867,3326.060673,9267.086661,9740.830446,9741.748560,0.097171,3.775292,223.218321,224.458276,5356,493702,3600.000000,4,2,0,GUROBI,1,0,0,0,0,0,0,1,1,1,1
2,0,All,4,-519.957038,-469.197417,-514.957038,5480.853344,5958.477681,5958.927167,0.123134,4.446400,180.117775,180.118136,4920,393464,3600.000000,4,2,0,GUROBI,1,0,0,0,0,0,0,1,1,1,1
3,0,All,4,-8283.548701,-8236.126910,-8278.548701,-2116.934363,-1660.314530,-1660.209278,0.176016,4.249214,113.717557,113.717926,2788,229000,3600.000000,4,2,0,GUROBI,1,0,0,0,0,0,0,1,1,1,1
4,0,All,4,2191.513874,2245.875580,2196.670647,8099.623750,8677.767748,8678.552681,0.109904,4.034002,1234.417822,1382.558648,32859,3194826,3600.000000,4,2,0,GUROBI,1,0,0,0,0,0,0,1,1,1,1
