instanceIndex,seedIndex,vpcGenerator,terms,lpBound,disjunctiveDualBound,lpBoundPostVpc,rootDualBound,dualBound,primalBound,vpcGenerationTime,rootDualBoundTime,bestSolutionTime,terminationTime,nodes,iterations,maxTime,actualTerms,numCuts,cutLimit,mipSolver,providePrimalBound,infeasibleTerms,feasibleToInfeasibleTerms,infeasibleToFeasibleTerms,termRemainsFeasibleBasisInfeasible,cutsChangedCoefficients,feasibleTermsPrunedByBound,tighten_disjunction,tighten_matrix_perturbation,tighten_infeasible_to_feasible_term,tighten_feasible_to_infeasible_basis
0,0,New,64,4110.346758,4336.585415,4115.346758,10367.634336,10888.085069,10889.137625,27.929597,32.603193,600.029136,1102.658785,23091,2324261,3600.000000,64,3,159,GUROBI,1,0,0,0,0,0,0,0,0,0,0
1,0,Matrix,64,4206.826817,4448.938908,4211.826817,14028.390261,14332.452862,14333.874750,1.076728,2.300633,3.613113,12.093268,1533,50867,3600.000000,64,3,0,GUROBI,1,19,19,0,45,0,0,0,1,0,0
2,0,Matrix,64,4151.620618,4382.621339,4156.620618,11376.890429,11917.475057,11917.748625,0.934313,4.036110,97.325762,98.221060,2689,198513,3600.000000,64,3,0,GUROBI,1,0,0,0,64,0,0,0,1,0,0
3,0,Matrix,64,4176.491375,4416.299675,4181.491375,12268.593898,12706.127863,12707.219683,0.973664,2.737061,35.996261,36.007916,1644,72488,3600.000000,64,3,0,GUROBI,1,8,8,0,56,0,0,0,1,0,0
4,0,Matrix,64,4170.373886,4406.088910,4175.373886,12048.266655,12160.001750,12160.001750,0.959555,3.477429,4.464030,8.480946,162,15236,3600.000000,64,3,0,GUROBI,1,8,8,0,56,0,0,0,1,0,0
