instanceIndex,seedIndex,vpcGenerator,terms,lpBound,disjunctiveDualBound,lpBoundPostVpc,rootDualBound,dualBound,primalBound,vpcGenerationTime,rootDualBoundTime,bestSolutionTime,terminationTime,nodes,iterations,maxTime,actualTerms,numCuts,cutLimit,mipSolver,providePrimalBound,infeasibleTerms,feasibleToInfeasibleTerms,infeasibleToFeasibleTerms,termRemainsFeasibleBasisInfeasible,cutsChangedCoefficients,feasibleTermsPrunedByBound,tighten_disjunction,tighten_matrix_perturbation,tighten_infeasible_to_feasible_term,tighten_feasible_to_infeasible_basis
0,0,New,64,4110.346758,4336.585415,4115.346758,10304.416857,10888.197230,10889.137625,28.319957,32.236608,1118.819411,1209.626023,25253,2560941,3600.000000,64,3,159,GUROBI,1,0,0,0,0,0,0,0,0,0,0
1,0,NoDisjunction,64,3663.680604,3766.951138,3668.680604,8321.911596,9443.734943,9444.648375,6.026494,9.698202,1727.748790,3409.220486,35965,5698462,3600.000000,64,3,0,GUROBI,1,0,0,0,64,3,0,0,1,1,1
2,0,NoDisjunction,64,3835.951743,4054.465201,3840.951743,9261.506727,10071.819356,10072.791830,2.984613,8.643074,1516.338239,1518.821375,13370,2738477,3600.000000,64,3,0,GUROBI,1,0,0,0,64,3,0,0,1,1,1
3,0,NoDisjunction,64,4105.885965,4205.713574,4108.274435,9899.258570,10383.370169,10384.337794,2.067564,9.244999,1885.554387,1885.554905,18866,3569847,3600.000000,64,3,0,GUROBI,1,0,0,0,64,3,0,0,1,1,1
4,0,NoDisjunction,64,3913.063803,4006.745363,3913.063803,9167.806075,10342.880208,10343.899083,5.133010,8.558099,1618.296885,1625.486126,18097,2936559,3600.000000,64,3,0,GUROBI,1,0,0,0,64,3,0,0,1,1,1
