instanceIndex,seedIndex,vpcGenerator,terms,lpBound,disjunctiveDualBound,lpBoundPostVpc,rootDualBound,dualBound,primalBound,vpcGenerationTime,rootDualBoundTime,bestSolutionTime,terminationTime,nodes,iterations,maxTime,actualTerms,numCuts,cutLimit,mipSolver,providePrimalBound,infeasibleTerms,feasibleToInfeasibleTerms,infeasibleToFeasibleTerms,termRemainsFeasibleBasisInfeasible,cutsChangedCoefficients,feasibleTermsPrunedByBound,tighten_disjunction,tighten_matrix_perturbation,tighten_infeasible_to_feasible_term,tighten_feasible_to_infeasible_basis
0,0,New,64,4110.346758,4336.585415,4115.346758,10322.558914,10888.112251,10889.137625,30.748237,34.161963,495.947398,2386.428083,31769,3598742,3600.000000,64,3,159,GUROBI,1,0,0,0,0,0,0,0,0,0,0
1,0,Farkas,64,-34413.821460,-34289.264264,-34408.821460,-27437.783993,-27025.939721,-27023.345815,8.287879,13.882019,86.289077,86.437924,2056,82284,3600.000000,64,3,0,GUROBI,1,0,0,0,0,0,0,0,0,0,0
2,0,Farkas,64,-40708.038375,-40549.823369,-40705.457356,-34016.085874,-33653.631329,-33650.834833,6.658180,12.467311,54.427621,54.428111,712,42742,3600.000000,64,3,0,GUROBI,1,0,0,0,0,0,0,0,0,0,0
3,0,Farkas,64,-31063.731371,-30811.333784,-31058.231371,-24104.948836,-23816.315097,-23814.867713,8.695976,14.943288,28.517830,29.920243,451,25500,3600.000000,64,3,0,GUROBI,1,0,0,0,0,0,0,0,0,0,0
4,0,Farkas,64,-36296.316557,-36196.882183,-36290.816557,-29695.177057,-29131.719312,-29130.113052,8.534983,14.324035,95.223451,100.956953,1348,90284,3600.000000,64,3,0,GUROBI,1,0,0,0,0,0,0,0,0,0,0
5,0,Farkas,64,-33390.733668,-33273.607581,-33385.733668,-27341.402618,-26854.995023,-26852.559612,7.985350,13.313541,111.238219,117.321999,1545,111656,3600.000000,64,3,0,GUROBI,1,0,0,0,0,0,0,0,0,0,0
