instanceIndex,seedIndex,vpcGenerator,terms,lpBound,disjunctiveDualBound,lpBoundPostVpc,rootDualBound,dualBound,primalBound,vpcGenerationTime,rootDualBoundTime,bestSolutionTime,terminationTime,nodes,iterations,maxTime,actualTerms,numCuts,cutLimit,mipSolver,providePrimalBound,infeasibleTerms,feasibleToInfeasibleTerms,infeasibleToFeasibleTerms,termRemainsFeasibleBasisInfeasible,cutsChangedCoefficients,feasibleTermsPrunedByBound,tighten_disjunction,tighten_matrix_perturbation,tighten_infeasible_to_feasible_term,tighten_feasible_to_infeasible_basis
0,0,New,64,4110.346758,4336.585415,4115.346758,10346.771960,10888.049116,10889.137625,26.803727,30.756350,1415.471660,1485.361178,31769,3289481,3600.000000,64,3,159,GUROBI,1,0,0,0,0,0,0,0,0,0,0
1,0,Basis,64,-34413.821460,-34289.264264,-34408.821460,-27395.556925,-27026.046219,-27023.345817,8.241443,12.180173,55.859470,55.859920,1997,86959,3600.000000,64,3,0,GUROBI,1,0,0,0,0,0,0,0,0,0,1
2,0,Basis,64,-40708.038375,-40549.823369,-40705.457356,-34010.117870,-33650.884089,-33650.834833,6.585685,9.756429,41.987068,42.016560,902,57164,3600.000000,64,3,0,GUROBI,1,0,0,0,0,0,0,0,0,0,1
3,0,Basis,64,-31063.731371,-30811.333784,-31058.231371,-24173.361094,-23817.102968,-23814.867713,8.626858,11.622574,13.841703,23.122700,623,32743,3600.000000,64,3,0,GUROBI,1,0,0,0,0,0,0,0,0,0,1
4,0,Basis,64,-36296.316557,-36196.882183,-36290.816557,-29673.439496,-29132.996825,-29130.113052,8.439014,12.012442,62.777687,65.553121,1468,102032,3600.000000,64,3,0,GUROBI,1,0,0,0,0,0,0,0,0,0,1
5,0,Basis,64,-33390.733668,-33273.607581,-33385.733668,-27292.661665,-26854.457429,-26852.559612,7.903143,11.712136,89.734890,89.735453,2220,165296,3600.000000,64,3,0,GUROBI,1,0,0,0,0,0,0,0,0,0,1
