instanceIndex,seedIndex,vpcGenerator,terms,lpBound,disjunctiveDualBound,lpBoundPostVpc,rootDualBound,dualBound,primalBound,vpcGenerationTime,rootDualBoundTime,bestSolutionTime,terminationTime,nodes,iterations,maxTime,actualTerms,numCuts,cutLimit,mipSolver,providePrimalBound,infeasibleTerms,feasibleToInfeasibleTerms,infeasibleToFeasibleTerms,termRemainsFeasibleBasisInfeasible,cutsChangedCoefficients,feasibleTermsPrunedByBound,tighten_disjunction,tighten_matrix_perturbation,tighten_infeasible_to_feasible_term,tighten_feasible_to_infeasible_basis
0,0,New,64,983.167425,1004.789309,996.904976,1095.464294,1158.000000,1158.000000,19.085896,19.708869,30.113651,36.507952,3403,125111,3600.000000,102,25,25,GUROBI,1,89,0,0,0,0,0,0,0,0,0
1,0,Farkas,64,984.767257,1006.123220,997.965956,1192.858475,1240.000000,1240.000000,0.487963,1.130258,7.099949,7.249267,1801,49952,3600.000000,102,25,0,GUROBI,1,89,0,0,13,0,0,0,0,0,0
2,0,Farkas,64,989.223278,1010.856220,1001.641597,1621.897801,1655.000000,1655.000000,0.488330,1.113481,1.460944,1.728843,91,6166,3600.000000,102,25,0,GUROBI,1,90,1,0,12,0,0,0,0,0,0
3,0,Farkas,64,981.716356,1003.168020,993.288211,1207.126042,1250.000000,1250.000000,0.496966,1.122857,4.727459,5.636849,907,33371,3600.000000,102,25,0,GUROBI,1,90,1,0,12,0,0,0,0,0,0
