instanceIndex,seedIndex,vpcGenerator,terms,lpBound,disjunctiveDualBound,lpBoundPostVpc,rootDualBound,dualBound,primalBound,vpcGenerationTime,rootDualBoundTime,bestSolutionTime,terminationTime,nodes,iterations,maxTime,actualTerms,numCuts,cutLimit,mipSolver,providePrimalBound,infeasibleTerms,feasibleToInfeasibleTerms,infeasibleToFeasibleTerms,termRemainsFeasibleBasisInfeasible,cutsChangedCoefficients,feasibleTermsPrunedByBound,tighten_disjunction,tighten_matrix_perturbation,tighten_infeasible_to_feasible_term,tighten_feasible_to_infeasible_basis
0,0,New,64,983.167425,1004.789309,996.904976,1100.042946,1158.000000,1158.000000,18.684461,19.452619,29.772066,29.781472,2492,82559,3600.000000,102,25,25,GUROBI,1,89,0,0,0,0,0,0,0,0,0
1,0,Basis,64,997.039422,999.863907,997.039422,1149.921328,1204.999998,1204.999998,1.631555,2.197006,18.775183,19.290372,2528,116301,3600.000000,102,25,0,GUROBI,1,89,0,0,13,25,0,0,0,0,1
2,0,Basis,64,955.386928,968.209275,955.386928,1065.822933,1092.000000,1092.000000,1.574221,2.149094,6.351435,6.462023,792,22441,3600.000000,102,25,0,GUROBI,1,90,1,0,12,25,0,0,0,0,1
3,0,Basis,64,958.005223,968.423123,958.005223,1075.849830,1122.000000,1122.000000,1.522167,2.237973,12.915468,13.035910,2033,84420,3600.000000,102,25,0,GUROBI,1,89,0,0,13,25,0,0,0,0,1
4,0,Basis,64,953.500487,962.374756,953.500487,1034.566672,1071.000000,1071.000000,1.523161,2.198832,5.281410,5.601106,779,26594,3600.000000,102,25,0,GUROBI,1,89,0,0,13,25,0,0,0,0,1
