instanceIndex,seedIndex,vpcGenerator,terms,lpBound,disjunctiveDualBound,lpBoundPostVpc,rootDualBound,dualBound,primalBound,vpcGenerationTime,rootDualBoundTime,bestSolutionTime,terminationTime,nodes,iterations,maxTime,actualTerms,numCuts,cutLimit,mipSolver,providePrimalBound,infeasibleTerms,feasibleToInfeasibleTerms,infeasibleToFeasibleTerms,termRemainsFeasibleBasisInfeasible,cutsChangedCoefficients,feasibleTermsPrunedByBound,tighten_disjunction,tighten_matrix_perturbation,tighten_infeasible_to_feasible_term,tighten_feasible_to_infeasible_basis
0,0,New,64,983.167425,1004.789309,996.904976,1096.489257,1158.000000,1158.000000,18.893239,19.518779,28.387491,31.408418,2645,90697,3600.000000,102,25,25,GUROBI,1,89,0,0,0,0,0,0,0,0,0
1,0,New,64,583.463163,633.144478,594.432210,818.514949,821.000000,821.000000,4.955656,5.031258,4.955656,5.035630,1,540,3600.000000,131,2,21,GUROBI,1,114,0,0,0,0,0,0,0,0,0
2,0,New,64,-92.802522,-45.701290,-87.288717,266.000000,266.000000,266.000000,5.011479,5.043776,5.011479,5.046613,1,158,3600.000000,138,4,17,GUROBI,1,119,0,0,0,0,0,0,0,0,0
3,0,New,64,354.045951,384.045951,369.578410,767.716501,802.000000,802.000000,4.520954,4.846015,5.664626,6.382068,583,8850,3600.000000,131,2,32,GUROBI,1,117,0,0,0,0,0,0,0,0,0
4,0,New,64,782.600134,785.600134,785.600134,871.000000,871.000000,871.000000,5.978832,6.006388,5.978832,6.007867,1,175,3600.000000,131,8,10,GUROBI,1,113,0,0,0,0,0,0,0,0,0
5,0,New,64,-358.574767,-276.549754,-321.314474,19.824459,23.000000,23.000000,5.427744,5.678330,5.683121,5.685517,4,801,3600.000000,112,4,27,GUROBI,1,87,0,0,0,0,0,0,0,0,0
6,0,New,64,808.892571,838.003148,833.299930,953.000000,953.000000,953.000000,4.716155,4.755005,4.716155,4.757657,1,268,3600.000000,127,3,18,GUROBI,1,112,0,0,0,0,0,0,0,0,0
