instanceIndex,seedIndex,vpcGenerator,terms,lpBound,disjunctiveDualBound,lpBoundPostVpc,rootDualBound,dualBound,primalBound,vpcGenerationTime,rootDualBoundTime,bestSolutionTime,terminationTime,nodes,iterations,maxTime,actualTerms,numCuts,cutLimit,mipSolver,providePrimalBound,infeasibleTerms,feasibleToInfeasibleTerms,infeasibleToFeasibleTerms,termRemainsFeasibleBasisInfeasible,cutsChangedCoefficients,feasibleTermsPrunedByBound,tighten_disjunction,tighten_matrix_perturbation,tighten_infeasible_to_feasible_term,tighten_feasible_to_infeasible_basis
0,0,New,64,983.167425,1004.789309,996.904976,1095.464294,1158.000000,1158.000000,18.508147,19.118988,29.501444,35.909817,3403,125111,3600.000000,102,25,25,GUROBI,1,89,0,0,0,0,0,0,0,0,0
1,0,NoDisjunction,64,584.925912,606.547509,584.925912,815.087157,927.000000,927.000000,1.843948,2.636905,47.274643,47.274972,8811,341726,3600.000000,102,25,0,GUROBI,1,89,0,0,0,0,0,0,1,1,1
2,0,NoDisjunction,64,-78.820330,-78.820330,-78.820330,228.988619,557.000000,557.000000,2.140324,3.283740,152.071330,215.868504,32928,1611743,3600.000000,102,25,0,GUROBI,1,89,0,0,0,0,0,0,1,1,1
3,0,NoDisjunction,64,-1521.865091,-1506.028870,-1521.865091,-875.720958,-245.480295,-33.000000,2.285960,3.358116,3013.714229,3602.287645,351209,23976630,3600.000000,102,25,0,GUROBI,1,89,0,0,0,0,0,0,1,1,1
4,0,NoDisjunction,64,373.525227,373.525227,373.525227,582.665886,794.940390,795.000000,2.002999,3.031880,219.033010,280.768078,41410,1644561,3600.000000,102,25,0,GUROBI,1,89,0,0,0,0,0,0,1,1,1
5,0,NoDisjunction,64,-82.162599,-76.766037,-82.162599,301.829174,745.925844,746.000000,2.073573,2.847688,2762.641285,3127.715479,544572,22882168,3600.000000,102,25,0,GUROBI,1,89,0,0,0,0,0,0,1,1,1
