instanceIndex,seedIndex,vpcGenerator,terms,lpBound,disjunctiveDualBound,lpBoundPostVpc,rootDualBound,dualBound,primalBound,vpcGenerationTime,rootDualBoundTime,bestSolutionTime,terminationTime,nodes,iterations,maxTime,actualTerms,numCuts,cutLimit,mipSolver,providePrimalBound,infeasibleTerms,feasibleToInfeasibleTerms,infeasibleToFeasibleTerms,termRemainsFeasibleBasisInfeasible,cutsChangedCoefficients,feasibleTermsPrunedByBound,tighten_disjunction,tighten_matrix_perturbation,tighten_infeasible_to_feasible_term,tighten_feasible_to_infeasible_basis
0,0,New,4,2654.736802,2670.678675,2669.135423,2684.201159,2713.000000,2713.000000,121.911708,123.747552,125.921438,127.855292,406,34091,3600.000000,4,182,182,GUROBI,1,0,0,0,0,0,0,0,0,0,0
1,0,Matrix,4,2432.537572,2437.772899,2432.537572,2568.218033,2691.000000,2691.000000,0.749646,3.448202,560.771019,613.830688,32582,3848800,3600.000000,4,182,0,GUROBI,1,0,0,0,4,182,0,0,1,0,0
2,0,Matrix,4,2455.531372,2461.936605,2455.930618,2647.021721,2724.000000,2724.000000,0.813002,4.965321,313.190113,319.069175,18034,1844439,3600.000000,4,182,0,GUROBI,1,0,0,0,4,182,0,0,1,0,0
3,0,Matrix,4,2469.341086,2470.079849,2469.485495,2601.714225,2672.000000,2671.999997,0.756484,4.647401,101.727912,102.218160,3877,614908,3600.000000,4,182,0,GUROBI,1,0,0,0,4,182,0,0,1,0,0
4,0,Matrix,4,2522.739825,2527.924861,2522.739825,2647.668948,2708.000000,2708.000000,0.746201,4.231314,67.747165,73.997808,2599,386285,3600.000000,4,182,0,GUROBI,1,0,0,0,4,182,0,0,1,0,0
