instanceIndex,seedIndex,vpcGenerator,terms,lpBound,disjunctiveDualBound,lpBoundPostVpc,rootDualBound,dualBound,primalBound,vpcGenerationTime,rootDualBoundTime,bestSolutionTime,terminationTime,nodes,iterations,maxTime,actualTerms,numCuts,cutLimit,mipSolver,providePrimalBound,infeasibleTerms,feasibleToInfeasibleTerms,infeasibleToFeasibleTerms,termRemainsFeasibleBasisInfeasible,cutsChangedCoefficients,feasibleTermsPrunedByBound,tighten_disjunction,tighten_matrix_perturbation,tighten_infeasible_to_feasible_term,tighten_feasible_to_infeasible_basis
0,0,New,4,2654.736802,2670.678675,2669.135423,2681.980551,2713.000000,2713.000000,120.041937,121.783849,131.525387,132.678839,826,99992,3600.000000,4,182,182,GUROBI,1,0,0,0,0,0,0,0,0,0,0
1,0,NoDisjunction,4,2432.537572,2437.772899,2432.537572,2567.694391,2691.000000,2691.000000,0.740552,3.451704,352.617778,364.934740,33105,1941137,3600.000000,4,182,0,GUROBI,1,0,0,0,4,182,0,0,1,1,1
2,0,NoDisjunction,4,2455.531372,2461.936605,2455.930618,2645.776783,2724.000000,2724.000000,0.802561,4.527847,315.443560,315.444123,18208,2020952,3600.000000,4,182,0,GUROBI,1,0,0,0,4,182,0,0,1,1,1
3,0,NoDisjunction,4,2469.341086,2470.079849,2469.485495,2598.954931,2672.000000,2671.999997,0.749501,4.286470,89.952260,92.131574,5308,497146,3600.000000,4,182,0,GUROBI,1,0,0,0,4,182,0,0,1,1,1
4,0,NoDisjunction,4,2522.739825,2527.924861,2522.739825,2644.444508,2708.000000,2708.000000,0.740587,4.486874,143.188306,154.134685,5534,889196,3600.000000,4,182,0,GUROBI,1,0,0,0,4,182,0,0,1,1,1
