instanceIndex,seedIndex,vpcGenerator,terms,lpBound,disjunctiveDualBound,lpBoundPostVpc,rootDualBound,dualBound,primalBound,vpcGenerationTime,rootDualBoundTime,bestSolutionTime,terminationTime,nodes,iterations,maxTime,actualTerms,numCuts,cutLimit,mipSolver,providePrimalBound,infeasibleTerms,feasibleToInfeasibleTerms,infeasibleToFeasibleTerms,termRemainsFeasibleBasisInfeasible,cutsChangedCoefficients,feasibleTermsPrunedByBound,tighten_disjunction,tighten_matrix_perturbation,tighten_infeasible_to_feasible_term,tighten_feasible_to_infeasible_basis
0,0,New,4,-21.297059,-20.591925,-20.593819,-3.000000,-3.000000,-3.000000,8.339767,9.447073,9.461660,9.463070,6,1701,3600.000000,14,4,37,GUROBI,1,13,0,0,0,0,0,0,0,0,0
1,0,NoDisjunction,4,-21.306699,-20.601378,-20.603233,-3.985480,-3.011568,-3.011532,0.383863,1.202741,2.109233,2.110120,296,2158,3600.000000,14,4,0,GUROBI,1,13,0,0,0,0,0,0,1,1,1
2,0,NoDisjunction,4,-21.297059,-20.591925,-20.593819,-3.958831,-3.000000,-3.000000,0.388271,1.413022,2.525883,2.527014,191,2445,3600.000000,14,4,0,GUROBI,1,13,0,0,0,0,0,0,1,1,1
3,0,NoDisjunction,4,-21.303599,-20.598104,-20.600043,-3.982475,-3.009635,-3.009634,0.385135,1.287110,2.935784,2.937219,224,2129,3600.000000,14,4,0,GUROBI,1,13,0,0,0,0,0,0,1,1,1
4,0,NoDisjunction,4,-21.285626,-20.580866,-20.582675,-3.922626,-2.988383,-2.988381,0.390264,1.482902,3.276499,3.277388,509,2591,3600.000000,14,4,0,GUROBI,1,13,0,0,0,0,0,0,1,1,1
5,0,NoDisjunction,4,-21.413124,-20.707518,-20.710311,-3.934410,-3.000000,-3.000000,0.651813,1.703120,1.907084,1.907792,50,1838,3600.000000,14,4,0,GUROBI,1,13,0,0,0,0,0,0,1,1,1
6,0,NoDisjunction,4,-21.297059,-20.591925,-20.593819,-3.958831,-3.000000,-3.000000,0.269233,1.286400,1.936640,1.937702,116,2130,3600.000000,14,4,0,GUROBI,1,13,0,0,0,0,0,0,1,1,1
