instanceIndex,seedIndex,vpcGenerator,terms,lpBound,disjunctiveDualBound,lpBoundPostVpc,rootDualBound,dualBound,primalBound,vpcGenerationTime,rootDualBoundTime,bestSolutionTime,terminationTime,nodes,iterations,maxTime,actualTerms,numCuts,cutLimit,mipSolver,providePrimalBound,infeasibleTerms,feasibleToInfeasibleTerms,infeasibleToFeasibleTerms,termRemainsFeasibleBasisInfeasible,cutsChangedCoefficients,feasibleTermsPrunedByBound,tighten_disjunction,tighten_matrix_perturbation,tighten_infeasible_to_feasible_term,tighten_feasible_to_infeasible_basis
0,0,New,4,-21.297059,-20.591925,-20.593819,-3.000000,-3.000000,-3.000000,7.153327,7.808971,7.865503,7.866193,11,1650,3600.000000,14,4,37,GUROBI,1,13,0,0,0,0,0,0,0,0,0
1,0,All,4,-21.306699,-20.601378,-20.603233,-3.011679,-3.011568,-3.011557,0.386246,1.612305,1.662417,1.662752,12,1596,3600.000000,14,4,0,GUROBI,1,13,0,0,0,0,0,1,1,1,1
2,0,All,4,-21.297059,-20.591925,-20.593819,-9.634937,-3.000000,-3.000000,0.385837,0.877879,0.927527,0.928230,1,1611,3600.000000,14,4,0,GUROBI,1,13,0,0,0,0,0,1,1,1,1
3,0,All,4,-21.303599,-20.598104,-20.600043,-3.009635,-3.009635,-3.009634,0.306642,0.953182,0.961195,0.964332,4,1612,3600.000000,14,4,0,GUROBI,1,13,0,0,0,0,0,1,1,1,1
4,0,All,4,-21.285626,-20.580866,-20.582675,-3.956149,-2.988381,-2.988381,0.265325,1.431345,3.086309,3.087770,237,2259,3600.000000,14,4,0,GUROBI,1,13,0,0,0,0,0,1,1,1,1
5,0,All,4,-21.413124,-20.707518,-20.710311,-3.934410,-3.000000,-3.000000,0.721346,1.912694,2.515828,2.517736,116,1999,3600.000000,14,4,0,GUROBI,1,13,0,0,0,0,0,1,1,1,1
6,0,All,4,-21.297059,-20.591925,-20.593819,-3.000000,-3.000000,-3.000000,0.387105,1.281108,1.324924,1.325923,9,1665,3600.000000,14,4,0,GUROBI,1,13,0,0,0,0,0,1,1,1,1
