instanceIndex,seedIndex,vpcGenerator,terms,lpBound,disjunctiveDualBound,lpBoundPostVpc,rootDualBound,dualBound,primalBound,vpcGenerationTime,rootDualBoundTime,bestSolutionTime,terminationTime,nodes,iterations,maxTime,actualTerms,numCuts,cutLimit,mipSolver,providePrimalBound,infeasibleTerms,feasibleToInfeasibleTerms,infeasibleToFeasibleTerms,termRemainsFeasibleBasisInfeasible,cutsChangedCoefficients,feasibleTermsPrunedByBound,tighten_disjunction,tighten_matrix_perturbation,tighten_infeasible_to_feasible_term,tighten_feasible_to_infeasible_basis
0,0,None,4,19294.125000,19294.125000,19294.125000,19294.125000,19294.125000,19294.250000,0.000002,0.000002,0.000002,0.041940,1,96,3600.000000,0,0,0,GUROBI,1,0,0,0,0,0,0,0,0,0,0
1,0,None,4,19290.937500,19290.937500,19290.937500,19291.000000,19291.000000,19291.000000,0.000002,0.296793,1.237062,1.238762,264,436,3600.000000,0,0,0,GUROBI,1,0,0,0,0,0,0,0,0,0,0
2,0,None,4,19282.161010,19282.161010,19282.161010,19283.499004,19283.500000,19283.500000,0.000003,0.401352,0.555002,0.557854,61,108,3600.000000,0,0,0,GUROBI,1,0,0,0,0,0,0,0,0,0,0
3,0,None,4,19288.791667,19288.791667,19288.791667,19289.250000,19289.250000,19289.250000,0.000003,0.000003,0.000003,0.048329,1,47,3600.000000,0,0,0,GUROBI,1,0,0,0,0,0,0,0,0,0,0
4,0,None,4,19283.996875,19283.996875,19283.996875,19284.481886,19284.481886,19284.500000,0.000003,0.799701,1.307650,1.310659,167,265,3600.000000,0,0,0,GUROBI,1,0,0,0,0,0,0,0,0,0,0
5,0,None,4,19288.262230,19288.262230,19288.262230,19288.515576,19288.625000,19289.250000,0.000002,0.290262,1.590192,1.591241,1042,2611,3600.000000,0,0,0,GUROBI,1,0,0,0,0,0,0,0,0,0,0
