instanceIndex,seedIndex,vpcGenerator,terms,lpBound,disjunctiveDualBound,lpBoundPostVpc,rootDualBound,dualBound,primalBound,vpcGenerationTime,rootDualBoundTime,bestSolutionTime,terminationTime,nodes,iterations,maxTime,actualTerms,numCuts,cutLimit,mipSolver,providePrimalBound,infeasibleTerms,feasibleToInfeasibleTerms,infeasibleToFeasibleTerms,termRemainsFeasibleBasisInfeasible,cutsChangedCoefficients,feasibleTermsPrunedByBound,tighten_disjunction,tighten_matrix_perturbation,tighten_infeasible_to_feasible_term,tighten_feasible_to_infeasible_basis
0,0,None,4,5627412.287941,5627412.287941,5627412.287941,5732695.452130,5751714.764629,5751714.328903,0.000002,0.641810,1.000655,1.008306,43,3382,3600.000000,0,0,0,GUROBI,1,0,0,0,0,0,0,0,0,0,0
1,0,None,4,-322353541.666409,-322353541.666409,-322353541.666409,-322158045.189115,-322157762.725595,-322153059.538769,0.000003,0.213701,0.241472,0.241652,12,687,3600.000000,0,0,0,GUROBI,1,0,0,0,0,0,0,0,0,0,0
2,0,None,4,-552147213.489008,-552147213.489008,-552147213.489008,-552108029.333758,-552108018.839862,-552101267.149799,0.000003,0.179914,0.200848,0.202089,9,528,3600.000000,0,0,0,GUROBI,1,0,0,0,0,0,0,0,0,0,0
3,0,None,4,-696410617.346447,-696410617.346447,-696410617.346447,-696217214.648539,-696115638.493800,-696085594.817860,0.000003,0.320623,0.441561,0.442527,21,1415,3600.000000,0,0,0,GUROBI,1,0,0,0,0,0,0,0,0,0,0
4,0,None,4,-459694572.115654,-459694572.115654,-459694572.115654,-459434463.590476,-459416955.792056,-459405439.147209,0.000002,0.271123,0.291667,0.291843,7,699,3600.000000,0,0,0,GUROBI,1,0,0,0,0,0,0,0,0,0,0
5,0,None,4,-3092506710.937910,-3092506710.937910,-3092506710.937910,-3092308218.950523,-3092181931.357617,-3092173650.692448,0.000002,0.176616,0.196097,0.197194,14,542,3600.000000,0,0,0,GUROBI,1,0,0,0,0,0,0,0,0,0,0
