instanceIndex,seedIndex,vpcGenerator,terms,lpBound,disjunctiveDualBound,lpBoundPostVpc,rootDualBound,dualBound,primalBound,vpcGenerationTime,rootDualBoundTime,bestSolutionTime,terminationTime,nodes,iterations,maxTime,actualTerms,numCuts,cutLimit,mipSolver,providePrimalBound,infeasibleTerms,feasibleToInfeasibleTerms,infeasibleToFeasibleTerms,termRemainsFeasibleBasisInfeasible,cutsChangedCoefficients,feasibleTermsPrunedByBound,tighten_disjunction,tighten_matrix_perturbation,tighten_infeasible_to_feasible_term,tighten_feasible_to_infeasible_basis
0,0,New,4,183.362555,184.417405,184.417405,192.277049,210.000000,212.000000,2.036979,2.777266,24.719054,3602.044528,916444,18520448,3600.000000,4,63,114,GUROBI,1,0,0,0,0,0,0,0,0,0,0
1,0,NoDisjunction,4,182.852928,184.056910,183.898373,190.909701,208.000000,211.000000,1.504825,2.480014,18.856872,3601.507010,778730,17956789,3600.000000,4,63,0,GUROBI,1,0,0,0,2,0,0,0,1,1,1
2,0,NoDisjunction,4,183.269588,184.230427,184.226172,191.637652,208.000000,211.000000,0.049077,0.976742,26.351850,3600.054895,2089854,34452908,3600.000000,4,63,0,GUROBI,1,0,0,0,4,0,0,0,1,1,1
3,0,NoDisjunction,4,184.043239,185.098209,185.098066,191.133978,207.000000,212.000000,0.049414,0.628727,25.126261,3600.052498,843184,19423193,3600.000000,4,63,0,GUROBI,1,0,0,0,4,0,0,0,1,1,1
4,0,NoDisjunction,4,183.269588,184.230427,184.226352,190.854753,207.000000,211.000000,0.048165,1.023381,61.816632,3600.049315,871686,19732781,3600.000000,4,63,0,GUROBI,1,0,0,0,4,0,0,0,1,1,1
