instanceIndex,seedIndex,vpcGenerator,terms,lpBound,disjunctiveDualBound,lpBoundPostVpc,rootDualBound,dualBound,primalBound,vpcGenerationTime,rootDualBoundTime,bestSolutionTime,terminationTime,nodes,iterations,maxTime,actualTerms,numCuts,cutLimit,mipSolver,providePrimalBound,infeasibleTerms,feasibleToInfeasibleTerms,infeasibleToFeasibleTerms,termRemainsFeasibleBasisInfeasible,cutsChangedCoefficients,feasibleTermsPrunedByBound,tighten_disjunction,tighten_matrix_perturbation,tighten_infeasible_to_feasible_term,tighten_feasible_to_infeasible_basis
0,0,New,64,183.362555,185.385817,185.360253,190.940258,212.000000,212.000000,97.926754,98.302226,114.363182,1853.914811,1643687,24393119,3600.000000,70,114,114,GUROBI,1,52,0,0,0,0,0,0,0,0,0
1,0,All,64,182.852928,184.697399,184.550622,190.909701,209.000000,211.000000,1.814673,2.356100,21.832504,3601.818646,1591287,31495937,3600.000000,70,114,0,GUROBI,1,52,0,0,18,0,0,1,1,1,1
2,0,All,64,183.269588,185.309974,185.188191,191.582383,208.000000,211.000000,25.193982,25.783784,74.189237,3625.195225,1375739,30167716,3600.000000,70,114,0,GUROBI,1,52,0,0,15,0,0,1,1,1,1
3,0,All,64,184.043239,186.079998,185.993192,191.009348,207.000000,212.000000,0.583768,0.968691,11.599086,3600.585207,1569902,31812296,3600.000000,70,114,0,GUROBI,1,52,0,0,18,0,0,1,1,1,1
4,0,All,64,183.269588,185.309974,185.186695,191.780762,207.000000,211.000000,31.880457,32.476936,50.932092,3631.882032,965293,22114497,3600.000000,70,114,0,GUROBI,1,52,0,0,15,0,0,1,1,1,1
