instanceIndex,seedIndex,vpcGenerator,terms,lpBound,disjunctiveDualBound,lpBoundPostVpc,rootDualBound,dualBound,primalBound,vpcGenerationTime,rootDualBoundTime,bestSolutionTime,terminationTime,nodes,iterations,maxTime,actualTerms,numCuts,cutLimit,mipSolver,providePrimalBound,infeasibleTerms,feasibleToInfeasibleTerms,infeasibleToFeasibleTerms,termRemainsFeasibleBasisInfeasible,cutsChangedCoefficients,feasibleTermsPrunedByBound,tighten_disjunction,tighten_matrix_perturbation,tighten_infeasible_to_feasible_term,tighten_feasible_to_infeasible_basis
0,0,New,4,183.362555,184.417405,184.417405,192.277049,212.000000,212.000000,1.720967,2.260077,23.403185,3107.887105,1026296,22006131,3600.000000,4,63,114,GUROBI,1,0,0,0,0,0,0,0,0,0,0
1,0,New,4,183.418872,184.470533,184.461726,190.630383,206.375000,212.000000,1.575161,1.849873,41.256951,3601.576102,1413030,29712499,3600.000000,4,88,113,GUROBI,1,0,0,0,0,0,0,0,0,0,0
2,0,New,4,184.260700,185.324804,185.324568,192.585234,207.500000,212.875000,1.261343,1.801920,138.338120,3601.262120,1406085,27160425,3600.000000,4,61,114,GUROBI,1,0,0,0,0,0,0,0,0,0,0
3,0,New,4,182.612555,183.667405,183.667405,190.924183,207.375000,211.000000,6.355765,6.882565,39.108423,3606.357061,1201084,22119354,3600.000000,4,61,114,GUROBI,1,0,0,0,0,0,0,0,0,0,0
