instanceIndex,seedIndex,vpcGenerator,terms,lpBound,disjunctiveDualBound,lpBoundPostVpc,rootDualBound,dualBound,primalBound,vpcGenerationTime,rootDualBoundTime,bestSolutionTime,terminationTime,nodes,iterations,maxTime,actualTerms,numCuts,cutLimit,mipSolver,providePrimalBound,infeasibleTerms,feasibleToInfeasibleTerms,infeasibleToFeasibleTerms,termRemainsFeasibleBasisInfeasible,cutsChangedCoefficients,feasibleTermsPrunedByBound,tighten_disjunction,tighten_matrix_perturbation,tighten_infeasible_to_feasible_term,tighten_feasible_to_infeasible_basis
0,0,New,64,183.362555,185.385817,185.360253,192.277049,212.000000,212.000000,93.189688,93.777773,111.649085,2754.487577,978220,20346801,3600.000000,70,114,114,GUROBI,1,52,0,0,0,0,0,0,0,0,0
1,0,New,64,183.428684,185.345590,184.954540,190.102139,204.500000,209.000000,68.809651,69.076124,112.318017,3668.810621,5151341,94947365,3600.000000,64,112,112,GUROBI,1,48,0,0,0,0,0,0,0,0,0
2,0,New,64,183.273483,185.589401,185.534138,188.065242,204.000000,209.000000,47.298615,47.580940,194.788142,3647.304702,1623830,40806151,3600.000000,64,109,109,GUROBI,1,32,0,0,0,0,0,0,0,0,0
3,0,New,64,183.051029,184.899220,184.868977,187.492986,204.500000,208.000000,163.505321,164.114031,504.302162,3763.506553,1676863,43347897,3600.000000,64,105,105,GUROBI,1,41,0,0,0,0,0,0,0,0,0
