instanceIndex,seedIndex,vpcGenerator,terms,lpBound,disjunctiveDualBound,lpBoundPostVpc,rootDualBound,dualBound,primalBound,vpcGenerationTime,rootDualBoundTime,bestSolutionTime,terminationTime,nodes,iterations,maxTime,actualTerms,numCuts,cutLimit,mipSolver,providePrimalBound,infeasibleTerms,feasibleToInfeasibleTerms,infeasibleToFeasibleTerms,termRemainsFeasibleBasisInfeasible,cutsChangedCoefficients,feasibleTermsPrunedByBound,tighten_disjunction,tighten_matrix_perturbation,tighten_infeasible_to_feasible_term,tighten_feasible_to_infeasible_basis
0,0,New,64,183.362555,185.385817,185.363696,192.113951,210.000000,212.000000,93.591229,94.569528,103.186799,3693.592501,991543,20172035,3600.000000,70,114,114,GUROBI,1,52,0,0,0,0,0,0,0,0,0
1,0,Disjunction,64,183.428684,185.414959,185.215246,190.102140,203.500000,209.000000,1.989199,2.375451,130.204840,3601.990417,1535362,37871569,3600.000000,70,114,0,GUROBI,1,52,0,0,16,114,0,1,0,0,0
2,0,Disjunction,64,183.273483,185.376604,184.419588,188.065243,203.500000,209.000000,0.839008,1.260740,164.621483,3600.840232,1212975,31363282,3600.000000,70,114,0,GUROBI,1,52,0,0,18,114,0,1,0,0,0
3,0,Disjunction,64,183.051029,184.946448,184.538360,187.672062,204.500000,208.000000,0.846776,1.276783,138.235300,3600.847674,2826270,58291632,3600.000000,70,114,0,GUROBI,1,52,0,0,18,114,0,1,0,0,0
