instanceIndex,seedIndex,vpcGenerator,terms,lpBound,disjunctiveDualBound,lpBoundPostVpc,rootDualBound,dualBound,primalBound,vpcGenerationTime,rootDualBoundTime,bestSolutionTime,terminationTime,nodes,iterations,maxTime,actualTerms,numCuts,cutLimit,mipSolver,providePrimalBound,infeasibleTerms,feasibleToInfeasibleTerms,infeasibleToFeasibleTerms,termRemainsFeasibleBasisInfeasible,cutsChangedCoefficients,feasibleTermsPrunedByBound,tighten_disjunction,tighten_matrix_perturbation,tighten_infeasible_to_feasible_term,tighten_feasible_to_infeasible_basis
0,0,None,4,183.362555,183.362555,183.362555,190.944690,210.000000,212.000000,0.000028,0.759434,23.464914,3600.001954,886802,18739396,3600.000000,0,0,0,GUROBI,1,0,0,0,0,0,0,0,0,0,0
1,0,None,4,183.428684,183.428684,183.428684,190.102139,204.000000,209.000000,0.000001,0.341568,152.247133,3600.000973,3114128,61162200,3600.000000,0,0,0,GUROBI,1,0,0,0,0,0,0,0,0,0,0
2,0,None,4,183.273483,183.273483,183.273483,188.327897,203.500000,209.000000,0.000001,0.468564,217.235680,3600.001567,1219600,31059518,3600.000000,0,0,0,GUROBI,1,0,0,0,0,0,0,0,0,0,0
3,0,None,4,183.051029,183.051029,183.051029,187.885251,204.500000,208.000000,0.000003,0.598813,134.544147,3600.002772,2775186,58847931,3600.000000,0,0,0,GUROBI,1,0,0,0,0,0,0,0,0,0,0
