instanceIndex,seedIndex,vpcGenerator,terms,lpBound,disjunctiveDualBound,lpBoundPostVpc,rootDualBound,dualBound,primalBound,vpcGenerationTime,rootDualBoundTime,bestSolutionTime,terminationTime,nodes,iterations,maxTime,actualTerms,numCuts,cutLimit,mipSolver,providePrimalBound,infeasibleTerms,feasibleToInfeasibleTerms,infeasibleToFeasibleTerms,termRemainsFeasibleBasisInfeasible,cutsChangedCoefficients,feasibleTermsPrunedByBound,tighten_disjunction,tighten_matrix_perturbation,tighten_infeasible_to_feasible_term,tighten_feasible_to_infeasible_basis
0,0,None,4,329598.623481,329598.623481,329598.623481,381118.033679,383284.913383,383285.000000,0.000005,0.267025,0.270710,0.271533,12,449,3600.000000,0,0,0,GUROBI,1,0,0,0,0,0,0,0,0,0,0
1,0,None,4,340010.716882,340010.716882,340010.716882,395640.967709,396248.600000,396248.600000,0.000001,0.291933,0.296309,0.297059,11,400,3600.000000,0,0,0,GUROBI,1,0,0,0,0,0,0,0,0,0,0
2,0,None,4,309070.678924,309070.678924,309070.678924,370231.413583,370975.000000,370975.000000,0.000001,0.409860,0.411199,0.412710,9,488,3600.000000,0,0,0,GUROBI,1,0,0,0,0,0,0,0,0,0,0
3,0,None,4,304560.408455,304560.408455,304560.408455,373464.606428,375264.900000,375264.900000,0.000002,0.585128,0.606838,0.608787,14,505,3600.000000,0,0,0,GUROBI,1,0,0,0,0,0,0,0,0,0,0
4,0,None,4,316793.464678,316793.464678,316793.464678,371514.989233,372297.000000,372297.000000,0.000002,0.495237,0.501539,0.502333,18,408,3600.000000,0,0,0,GUROBI,1,0,0,0,0,0,0,0,0,0,0
5,0,None,4,317284.897663,317284.897663,317284.897663,368314.633835,369523.400000,369523.400000,0.000001,0.240897,0.269328,0.302537,15,422,3600.000000,0,0,0,GUROBI,1,0,0,0,0,0,0,0,0,0,0
6,0,None,4,318052.939350,318052.939350,318052.939350,375199.201937,377430.100000,377430.100000,0.000002,0.649773,0.662325,0.664070,9,460,3600.000000,0,0,0,GUROBI,1,0,0,0,0,0,0,0,0,0,0
7,0,None,4,296940.878343,296940.878343,296940.878343,364231.146869,373587.100000,373587.100000,0.000002,0.376711,0.409240,0.410820,19,462,3600.000000,0,0,0,GUROBI,1,0,0,0,0,0,0,0,0,0,0
