instanceIndex,seedIndex,vpcGenerator,terms,lpBound,disjunctiveDualBound,lpBoundPostVpc,rootDualBound,dualBound,primalBound,vpcGenerationTime,rootDualBoundTime,bestSolutionTime,terminationTime,nodes,iterations,maxTime,actualTerms,numCuts,cutLimit,mipSolver,providePrimalBound,infeasibleTerms,feasibleToInfeasibleTerms,infeasibleToFeasibleTerms,termRemainsFeasibleBasisInfeasible,cutsChangedCoefficients,feasibleTermsPrunedByBound,tighten_disjunction,tighten_matrix_perturbation,tighten_infeasible_to_feasible_term,tighten_feasible_to_infeasible_basis
0,0,None,64,52.000000,52.000000,52.000000,52.000000,62.000000,62.000000,0.000031,0.555283,28.287944,3121.551387,1764127,33962597,3600.000000,0,0,0,GUROBI,1,0,0,0,0,0,0,0,0,0,0
1,0,None,64,51.750000,51.750000,51.750000,51.750000,59.750000,61.750000,0.000002,0.555827,15.517140,3600.002314,1862446,32829474,3600.000000,0,0,0,GUROBI,1,0,0,0,0,0,0,0,0,0,0
2,0,None,64,52.000000,52.000000,52.000000,52.000000,60.000000,62.000000,0.000002,0.661342,11.006126,3600.002487,2232419,30998909,3600.000000,0,0,0,GUROBI,1,0,0,0,0,0,0,0,0,0,0
3,0,None,64,-124916.661099,-124916.661099,-124916.661099,-124913.307844,-124910.736231,-124900.788118,0.000003,0.576762,15.647872,16.479713,5108,144112,3600.000000,0,0,0,GUROBI,1,0,0,0,0,0,0,0,0,0,0
4,0,None,64,52.000000,52.000000,52.000000,52.000000,59.000000,61.875000,0.000003,0.562680,18.208734,3600.002697,1882542,33558508,3600.000000,0,0,0,GUROBI,1,0,0,0,0,0,0,0,0,0,0
5,0,None,64,93.875000,93.875000,93.875000,93.875000,101.875000,103.875000,0.000003,0.526796,9.564156,3600.003006,1712309,31881522,3600.000000,0,0,0,GUROBI,1,0,0,0,0,0,0,0,0,0,0
6,0,None,64,52.750000,52.750000,52.750000,52.875000,62.749309,62.750000,0.000002,0.642655,2250.453335,3501.139086,269584,14840443,3600.000000,0,0,0,GUROBI,1,0,0,0,0,0,0,0,0,0,0
7,0,None,64,67.375000,67.375000,67.375000,67.375000,75.375000,77.250000,0.000003,0.520343,23.083174,3600.002366,1863376,25468023,3600.000000,0,0,0,GUROBI,1,0,0,0,0,0,0,0,0,0,0
