instanceIndex,seedIndex,vpcGenerator,terms,lpBound,disjunctiveDualBound,lpBoundPostVpc,rootDualBound,dualBound,primalBound,vpcGenerationTime,rootDualBoundTime,bestSolutionTime,terminationTime,nodes,iterations,maxTime,actualTerms,numCuts,cutLimit,mipSolver,providePrimalBound,infeasibleTerms,feasibleToInfeasibleTerms,infeasibleToFeasibleTerms,termRemainsFeasibleBasisInfeasible,cutsChangedCoefficients,feasibleTermsPrunedByBound,tighten_disjunction,tighten_matrix_perturbation,tighten_infeasible_to_feasible_term,tighten_feasible_to_infeasible_basis
0,0,New,64,11.724138,27.000000,27.000000,27.000000,54.600000,54.600000,3623.719539,3625.549010,3740.356767,3779.806942,12528,1032224,3600.000000,64,10,33,GUROBI,1,19,0,0,0,0,0,0,0,0,0
1,0,Disjunction,64,11.724345,27.000000,27.000000,45.203075,54.598449,54.600000,1.042439,2.664681,26.578270,216.957995,22188,2360104,3600.000000,64,10,0,GUROBI,1,19,0,0,0,0,0,1,0,0,0
2,0,Disjunction,64,11.724138,26.789062,26.789062,46.421125,54.599288,54.600000,2.615395,4.286018,37.451029,199.600368,22787,2210006,3600.000000,64,10,0,GUROBI,1,19,0,0,0,0,0,1,0,0,0
3,0,Disjunction,64,11.725463,27.000000,27.000000,44.148392,54.601691,54.601691,1.152320,2.720952,122.210476,254.026972,25354,2555445,3600.000000,64,10,0,GUROBI,1,19,0,0,0,0,0,1,0,0,0
4,0,Disjunction,64,11.713362,26.789062,26.789062,43.431857,54.595976,54.600000,2.441282,3.745626,186.465534,244.406774,28429,3170498,3600.000000,64,10,0,GUROBI,1,19,0,0,0,0,0,1,0,0,0
5,0,Disjunction,64,11.724138,26.789062,26.789062,45.181762,54.598264,54.600000,2.682152,4.170124,75.537934,179.528762,23815,2473980,3600.000000,64,10,0,GUROBI,1,19,0,0,0,0,0,1,0,0,0
