instanceIndex,seedIndex,vpcGenerator,terms,lpBound,disjunctiveDualBound,lpBoundPostVpc,rootDualBound,dualBound,primalBound,vpcGenerationTime,rootDualBoundTime,bestSolutionTime,terminationTime,nodes,iterations,maxTime,actualTerms,numCuts,cutLimit,mipSolver,providePrimalBound,infeasibleTerms,feasibleToInfeasibleTerms,infeasibleToFeasibleTerms,termRemainsFeasibleBasisInfeasible,cutsChangedCoefficients,feasibleTermsPrunedByBound,tighten_disjunction,tighten_matrix_perturbation,tighten_infeasible_to_feasible_term,tighten_feasible_to_infeasible_basis
0,0,New,64,11.724138,27.000000,27.000000,27.000000,54.595835,54.600000,3658.331069,3660.100974,3844.300379,3954.553224,13668,1296162,3600.000000,64,10,33,GUROBI,1,19,0,0,0,0,0,0,0,0,0
1,0,Basis,64,11.724138,27.000000,27.000000,31.500000,54.400000,54.400000,3.534374,4.385830,20.396236,26.316888,2613,189661,3600.000000,64,10,0,GUROBI,1,23,4,0,36,0,0,0,0,0,1
2,0,Basis,64,11.689655,26.666667,26.333333,26.333333,55.000000,55.000000,3.762767,6.218720,52.078820,70.585158,4411,383102,3600.000000,64,10,0,GUROBI,1,23,4,0,39,0,0,0,0,0,1
3,0,Basis,64,11.724138,27.000000,27.000000,27.000000,56.230769,56.230769,3.426758,5.159874,36.611143,47.678008,3561,226285,3600.000000,64,10,0,GUROBI,1,22,3,0,37,0,0,0,0,0,1
4,0,Basis,64,11.724138,27.000000,27.000000,27.000000,56.500000,56.500000,1.571610,3.480149,39.554124,49.411252,4143,296889,3600.000000,64,10,0,GUROBI,1,53,34,0,10,0,0,0,0,0,1
5,0,Basis,64,11.724138,27.000000,27.000000,37.500000,55.750000,55.750000,3.283190,4.498094,22.563093,22.710989,2386,151459,3600.000000,64,10,0,GUROBI,1,22,3,0,32,0,0,0,0,0,1
