instanceIndex,seedIndex,vpcGenerator,terms,lpBound,disjunctiveDualBound,lpBoundPostVpc,rootDualBound,dualBound,primalBound,vpcGenerationTime,rootDualBoundTime,bestSolutionTime,terminationTime,nodes,iterations,maxTime,actualTerms,numCuts,cutLimit,mipSolver,providePrimalBound,infeasibleTerms,feasibleToInfeasibleTerms,infeasibleToFeasibleTerms,termRemainsFeasibleBasisInfeasible,cutsChangedCoefficients,feasibleTermsPrunedByBound,tighten_disjunction,tighten_matrix_perturbation,tighten_infeasible_to_feasible_term,tighten_feasible_to_infeasible_basis
0,0,New,64,11.724138,27.000000,27.000000,27.000000,54.597034,54.600000,3642.233841,3643.732247,3860.680565,3904.789326,18882,1789644,3600.000000,64,10,33,GUROBI,1,19,0,0,0,0,0,0,0,0,0
1,0,Basis,64,11.724138,27.000000,27.000000,39.477997,54.597184,54.600000,1.043258,2.290321,48.342729,187.668205,22053,2077595,3600.000000,64,10,0,GUROBI,1,19,0,0,0,0,0,0,0,0,1
2,0,Basis,64,11.724138,27.000000,27.000000,41.101685,54.600000,54.600000,0.946193,2.301821,19.074460,237.956757,24069,2481132,3600.000000,64,10,0,GUROBI,1,19,0,0,0,0,0,0,0,0,1
3,0,Basis,64,11.724138,26.156250,26.156250,45.458451,54.001169,54.006250,2.469269,3.901289,138.474094,170.758056,18321,1958729,3600.000000,64,10,0,GUROBI,1,19,0,0,0,0,0,0,0,0,1
4,0,Basis,64,11.724138,27.000000,27.000000,41.643755,54.600000,54.600000,1.083087,3.345192,205.061262,220.569993,26076,2659647,3600.000000,64,10,0,GUROBI,1,19,0,0,0,0,0,0,0,0,1
5,0,Basis,64,11.724138,27.000000,27.000000,41.563194,54.597856,54.600000,0.806794,2.504509,89.072852,246.723102,29144,3229563,3600.000000,64,10,0,GUROBI,1,19,0,0,0,0,0,0,0,0,1
