instanceIndex,seedIndex,vpcGenerator,terms,lpBound,disjunctiveDualBound,lpBoundPostVpc,rootDualBound,dualBound,primalBound,vpcGenerationTime,rootDualBoundTime,bestSolutionTime,terminationTime,nodes,iterations,maxTime,actualTerms,numCuts,cutLimit,mipSolver,providePrimalBound,infeasibleTerms,feasibleToInfeasibleTerms,infeasibleToFeasibleTerms,termRemainsFeasibleBasisInfeasible,cutsChangedCoefficients,feasibleTermsPrunedByBound,tighten_disjunction,tighten_matrix_perturbation,tighten_infeasible_to_feasible_term,tighten_feasible_to_infeasible_basis
0,0,New,64,11.724138,27.000000,26.685601,26.769231,46.750000,46.750000,3207.640223,3208.002759,3210.858149,3234.107464,6180,492230,3600.000000,64,10,26,GUROBI,1,20,0,0,0,0,0,0,0,0,0
1,0,Farkas,64,11.724138,27.000000,26.685601,35.180933,46.750000,46.750000,0.697985,1.386517,7.214034,22.344826,6797,440857,3600.000000,64,10,0,GUROBI,1,20,0,0,0,0,0,0,0,0,0
2,0,Farkas,64,11.724138,27.000000,26.685601,36.582941,46.750000,46.750000,1.008275,2.683591,6.717091,45.082524,6948,631041,3600.000000,64,10,0,GUROBI,1,20,0,0,0,0,0,0,0,0,0
3,0,Farkas,64,11.724138,27.000000,26.685601,35.129274,46.843750,46.843750,0.816361,2.279658,15.340247,43.893096,8278,647275,3600.000000,64,10,0,GUROBI,1,20,0,0,0,0,0,0,0,0,0
4,0,Farkas,64,11.724138,27.000000,26.685601,35.347755,46.750000,46.750000,0.808045,2.936542,24.858205,38.225134,7981,562798,3600.000000,64,10,0,GUROBI,1,20,0,0,0,0,0,0,0,0,0
5,0,Farkas,64,11.724138,26.156250,25.851676,39.644072,46.750000,46.750000,2.343065,3.697891,20.011737,48.906096,6887,643019,3600.000000,64,10,0,GUROBI,1,20,0,0,0,0,0,0,0,0,0
