instanceIndex,seedIndex,vpcGenerator,terms,lpBound,disjunctiveDualBound,lpBoundPostVpc,rootDualBound,dualBound,primalBound,vpcGenerationTime,rootDualBoundTime,bestSolutionTime,terminationTime,nodes,iterations,maxTime,actualTerms,numCuts,cutLimit,mipSolver,providePrimalBound,infeasibleTerms,feasibleToInfeasibleTerms,infeasibleToFeasibleTerms,termRemainsFeasibleBasisInfeasible,cutsChangedCoefficients,feasibleTermsPrunedByBound,tighten_disjunction,tighten_matrix_perturbation,tighten_infeasible_to_feasible_term,tighten_feasible_to_infeasible_basis
0,0,New,4,11.724138,13.500000,13.256339,19.154880,54.600000,54.600000,174.356311,175.450452,399.175737,563.963253,112275,3918257,3600.000000,4,33,33,GUROBI,1,0,0,0,0,0,0,0,0,0,0
1,0,Disjunction,4,11.724138,13.500000,13.256339,31.500000,54.400000,54.400000,0.016545,1.105481,7.478071,22.999672,2656,190602,3600.000000,4,33,0,GUROBI,1,0,0,0,1,0,0,1,0,0,0
2,0,Disjunction,4,11.689655,13.333333,13.103559,17.113289,55.000000,55.000000,0.015987,3.386145,47.716909,72.118613,14092,675022,3600.000000,4,33,0,GUROBI,1,0,0,0,4,0,0,1,0,0,0
3,0,Disjunction,4,11.724138,13.500000,13.110073,19.850221,56.230769,56.230769,0.017526,2.671129,52.297419,53.889016,11515,494731,3600.000000,4,33,0,GUROBI,1,0,0,0,3,0,0,1,0,0,0
4,0,Disjunction,4,11.724138,13.500000,13.256339,25.826959,56.500000,56.500000,0.014989,2.549642,53.469061,54.968147,4233,379830,3600.000000,4,33,0,GUROBI,1,1,1,0,3,0,0,1,0,0,0
5,0,Disjunction,4,11.724138,13.500000,13.256339,37.500000,55.750000,55.750000,0.016273,0.576328,19.128154,26.035701,3315,206030,3600.000000,4,33,0,GUROBI,1,0,0,0,1,0,0,1,0,0,0
