instanceIndex,seedIndex,vpcGenerator,terms,lpBound,disjunctiveDualBound,lpBoundPostVpc,rootDualBound,dualBound,primalBound,vpcGenerationTime,rootDualBoundTime,bestSolutionTime,terminationTime,nodes,iterations,maxTime,actualTerms,numCuts,cutLimit,mipSolver,providePrimalBound,infeasibleTerms,feasibleToInfeasibleTerms,infeasibleToFeasibleTerms,termRemainsFeasibleBasisInfeasible,cutsChangedCoefficients,feasibleTermsPrunedByBound,tighten_disjunction,tighten_matrix_perturbation,tighten_infeasible_to_feasible_term,tighten_feasible_to_infeasible_basis
0,0,New,64,11.724138,27.000000,26.685601,26.848565,46.750000,46.750000,3678.168771,3679.002537,3692.437248,3719.500568,6100,522339,3600.000000,64,10,26,GUROBI,1,20,0,0,0,0,0,0,0,0,0
1,0,Basis,64,11.724138,40.500000,31.459821,31.810484,46.750000,46.750000,1.786163,2.387976,5.876705,8.534537,1479,97480,3600.000000,64,10,0,GUROBI,1,54,34,0,9,0,0,0,0,0,1
2,0,Basis,64,11.769231,27.333333,26.971126,27.088802,47.000000,47.000000,3.812885,4.514320,6.228099,29.360662,4305,376985,3600.000000,64,10,0,GUROBI,1,20,0,0,40,0,0,0,0,0,1
3,0,Basis,64,11.724138,27.000000,26.685601,27.034209,46.750000,46.750000,3.409178,4.284254,5.116112,8.504850,923,67415,3600.000000,64,10,0,GUROBI,1,20,0,0,37,0,0,0,0,0,1
4,0,Basis,64,11.724138,27.000000,26.685601,31.500000,47.250000,47.250000,3.429109,3.844869,4.177837,5.053875,260,20815,3600.000000,64,10,0,GUROBI,1,23,3,0,34,0,0,0,0,0,1
5,0,Basis,64,11.692308,27.000000,26.685601,42.064217,51.000000,51.000000,2.188357,3.662911,3.709086,3.798216,51,11473,3600.000000,64,10,0,GUROBI,1,50,30,0,11,0,0,0,0,0,1
