instanceIndex,seedIndex,vpcGenerator,terms,lpBound,disjunctiveDualBound,lpBoundPostVpc,rootDualBound,dualBound,primalBound,vpcGenerationTime,rootDualBoundTime,bestSolutionTime,terminationTime,nodes,iterations,maxTime,actualTerms,numCuts,cutLimit,mipSolver,providePrimalBound,infeasibleTerms,feasibleToInfeasibleTerms,infeasibleToFeasibleTerms,termRemainsFeasibleBasisInfeasible,cutsChangedCoefficients,feasibleTermsPrunedByBound,tighten_disjunction,tighten_matrix_perturbation,tighten_infeasible_to_feasible_term,tighten_feasible_to_infeasible_basis
0,0,New,4,11.724138,13.500000,13.253025,18.279324,46.750000,46.750000,151.195151,152.519673,167.576107,208.047094,8843,760266,3600.000000,4,26,26,GUROBI,1,0,0,0,0,0,0,0,0,0,0
1,0,Matrix,4,11.724138,13.500000,13.253025,35.061448,46.750000,46.750000,0.042745,1.632339,3.410283,56.491701,8883,695287,3600.000000,4,26,0,GUROBI,1,0,0,0,0,0,0,0,1,0,0
2,0,Matrix,4,11.724138,13.500000,13.253025,36.633539,46.750000,46.750000,0.021282,1.835834,3.643010,54.979780,8150,598544,3600.000000,4,26,0,GUROBI,1,0,0,0,0,0,0,0,1,0,0
3,0,Matrix,4,11.724138,13.500000,13.253025,35.131959,46.843750,46.843750,0.018317,1.767133,4.032712,47.356700,6476,570006,3600.000000,4,26,0,GUROBI,1,0,0,0,0,0,0,0,1,0,0
4,0,Matrix,4,11.724138,13.500000,13.253025,35.321276,46.750000,46.750000,0.019006,1.750217,5.529047,45.544669,6349,528578,3600.000000,4,26,0,GUROBI,1,0,0,0,0,0,0,0,1,0,0
5,0,Matrix,4,11.724138,13.078125,12.838868,39.587822,46.750000,46.750000,0.088081,1.887210,7.576608,44.306798,4601,459895,3600.000000,4,26,0,GUROBI,1,0,0,0,0,0,0,0,1,0,0
