instanceIndex,seedIndex,vpcGenerator,terms,lpBound,disjunctiveDualBound,lpBoundPostVpc,rootDualBound,dualBound,primalBound,vpcGenerationTime,rootDualBoundTime,bestSolutionTime,terminationTime,nodes,iterations,maxTime,actualTerms,numCuts,cutLimit,mipSolver,providePrimalBound,infeasibleTerms,feasibleToInfeasibleTerms,infeasibleToFeasibleTerms,termRemainsFeasibleBasisInfeasible,cutsChangedCoefficients,feasibleTermsPrunedByBound,tighten_disjunction,tighten_matrix_perturbation,tighten_infeasible_to_feasible_term,tighten_feasible_to_infeasible_basis
0,0,New,4,11.724138,13.500000,13.256339,17.533460,46.750000,46.750000,60.484711,62.468165,67.000645,107.174636,10182,736565,3600.000000,4,26,26,GUROBI,1,0,0,0,0,0,0,0,0,0,0
1,0,Basis,4,11.917211,13.500000,13.118134,19.945277,40.499278,40.500000,0.051285,1.365579,1.989268,2.097871,93,16838,3600.000000,4,26,0,GUROBI,1,0,0,0,4,26,0,0,0,0,1
2,0,Basis,4,11.571429,13.500000,13.122269,21.962099,42.208333,42.208333,0.069766,1.039919,5.419862,21.686922,3529,273620,3600.000000,4,26,0,GUROBI,1,0,0,0,4,26,0,0,0,0,1
3,0,Basis,4,11.200717,11.890625,11.678073,16.386576,35.000000,35.000000,0.096181,1.108739,11.716831,13.882612,769,139743,3600.000000,4,26,0,GUROBI,1,0,0,0,4,26,0,0,0,0,1
4,0,Basis,4,14.800000,16.200000,15.596811,17.127204,40.500000,40.500000,0.105332,1.547943,7.862514,8.223946,839,91241,3600.000000,4,26,0,GUROBI,1,0,0,0,4,26,0,0,0,0,1
5,0,Basis,4,11.268817,12.079646,11.311208,15.685825,29.466667,29.466667,0.134757,1.529895,14.575419,14.605184,1008,149163,3600.000000,4,26,0,GUROBI,1,0,0,0,4,26,0,0,0,0,1
