instanceIndex,seedIndex,vpcGenerator,terms,lpBound,disjunctiveDualBound,lpBoundPostVpc,rootDualBound,dualBound,primalBound,vpcGenerationTime,rootDualBoundTime,bestSolutionTime,terminationTime,nodes,iterations,maxTime,actualTerms,numCuts,cutLimit,mipSolver,providePrimalBound,infeasibleTerms,feasibleToInfeasibleTerms,infeasibleToFeasibleTerms,termRemainsFeasibleBasisInfeasible,cutsChangedCoefficients,feasibleTermsPrunedByBound,tighten_disjunction,tighten_matrix_perturbation,tighten_infeasible_to_feasible_term,tighten_feasible_to_infeasible_basis
0,0,New,64,11.724138,27.000000,26.685601,26.694666,46.750000,46.750000,3617.119904,3617.805939,3618.310032,3662.352688,7580,575622,3600.000000,64,10,26,GUROBI,1,20,0,0,0,0,0,0,0,0,0
1,0,Matrix,64,11.724138,40.500000,31.459821,31.810484,46.750000,46.750000,1.365578,1.906545,5.991571,7.801535,1442,94809,3600.000000,64,10,0,GUROBI,1,54,34,0,9,0,0,0,1,0,0
2,0,Matrix,64,11.769231,27.333333,26.971126,28.161326,47.000000,47.000000,1.366043,2.181764,10.518486,27.215748,4342,334988,3600.000000,64,10,0,GUROBI,1,20,0,0,40,0,0,0,1,0,0
3,0,Matrix,64,11.724138,27.000000,26.685601,26.908174,46.750000,46.750000,1.309287,2.161223,7.351356,8.016665,1214,84554,3600.000000,64,10,0,GUROBI,1,20,0,0,37,0,0,0,1,0,0
4,0,Matrix,64,11.724138,27.000000,26.685601,31.500000,47.250000,47.250000,1.419225,2.035766,2.544660,3.055413,239,20323,3600.000000,64,10,0,GUROBI,1,23,3,0,34,0,0,0,1,0,0
5,0,Matrix,64,11.692308,27.000000,26.685601,37.500000,51.000000,51.000000,1.347059,1.619752,1.711106,1.862299,60,6010,3600.000000,64,10,0,GUROBI,1,50,30,0,11,0,0,0,1,0,0
