instanceIndex,seedIndex,vpcGenerator,terms,lpBound,disjunctiveDualBound,lpBoundPostVpc,rootDualBound,dualBound,primalBound,vpcGenerationTime,rootDualBoundTime,bestSolutionTime,terminationTime,nodes,iterations,maxTime,actualTerms,numCuts,cutLimit,mipSolver,providePrimalBound,infeasibleTerms,feasibleToInfeasibleTerms,infeasibleToFeasibleTerms,termRemainsFeasibleBasisInfeasible,cutsChangedCoefficients,feasibleTermsPrunedByBound,tighten_disjunction,tighten_matrix_perturbation,tighten_infeasible_to_feasible_term,tighten_feasible_to_infeasible_basis
0,0,None,64,6637.188027,6637.188027,6637.188027,6713.278273,6741.532592,6742.200022,0.000008,0.566576,12.951066,12.951218,5666,99052,3600.000000,0,0,0,GUROBI,1,0,0,0,0,0,0,0,0,0,0
1,0,None,64,6637.188027,6637.188027,6637.188027,6713.278273,6741.532592,6742.200022,0.000003,0.602421,13.407305,13.407478,5666,99052,3600.000000,0,0,0,GUROBI,1,0,0,0,0,0,0,0,0,0,0
2,0,None,64,6637.188027,6637.188027,6637.188027,6716.501670,6741.537347,6742.200022,0.000003,0.608662,10.756231,10.756415,4771,81572,3600.000000,0,0,0,GUROBI,1,0,0,0,0,0,0,0,0,0,0
3,0,None,64,6645.751263,6645.751263,6645.751263,6742.086670,6785.482353,6786.160022,0.000002,0.571116,14.445076,14.445240,6327,116807,3600.000000,0,0,0,GUROBI,1,0,0,0,0,0,0,0,0,0,0
4,0,None,64,6604.579563,6604.579563,6604.579563,6706.056636,6741.529408,6742.200022,0.000003,0.495943,11.830900,11.831072,5722,94466,3600.000000,0,0,0,GUROBI,1,0,0,0,0,0,0,0,0,0,0
