instanceIndex,seedIndex,vpcGenerator,terms,lpBound,disjunctiveDualBound,lpBoundPostVpc,rootDualBound,dualBound,primalBound,vpcGenerationTime,rootDualBoundTime,bestSolutionTime,terminationTime,nodes,iterations,maxTime,actualTerms,numCuts,cutLimit,mipSolver,providePrimalBound,infeasibleTerms,feasibleToInfeasibleTerms,infeasibleToFeasibleTerms,termRemainsFeasibleBasisInfeasible,cutsChangedCoefficients,feasibleTermsPrunedByBound,tighten_disjunction,tighten_matrix_perturbation,tighten_infeasible_to_feasible_term,tighten_feasible_to_infeasible_basis
0,0,New,4,6637.188027,6641.585617,6640.584481,6717.432506,6741.582590,6742.200022,1.818706,2.351551,11.446281,11.446401,4468,76646,3600.000000,4,38,38,GUROBI,1,0,0,0,0,0,0,0,0,0,0
1,0,Matrix,4,6637.188027,6641.585617,6640.584481,6717.203912,6741.535529,6742.200022,0.046958,0.524237,8.756575,8.756786,4658,72750,3600.000000,4,38,0,GUROBI,1,0,0,0,0,0,0,0,1,0,0
2,0,Matrix,4,6637.188027,6641.585617,6640.584481,6710.632130,6741.546333,6742.200022,0.562764,1.023343,11.359899,11.360091,5161,88534,3600.000000,4,38,0,GUROBI,1,0,0,0,0,30,0,0,1,0,0
3,0,Matrix,4,6645.751263,6647.881323,6646.138958,6739.805564,6785.482203,6786.160022,0.049063,0.521772,19.622252,19.772159,10577,185391,3600.000000,4,38,0,GUROBI,1,0,0,0,4,30,0,0,1,0,0
4,0,Matrix,4,6604.579563,6608.625195,6607.041188,6703.879142,6741.530151,6742.200022,0.714936,1.856478,35.197430,35.197702,12020,229320,3600.000000,4,38,0,GUROBI,1,0,0,0,0,38,0,0,1,0,0
