instanceIndex,seedIndex,vpcGenerator,terms,lpBound,disjunctiveDualBound,lpBoundPostVpc,rootDualBound,dualBound,primalBound,vpcGenerationTime,rootDualBoundTime,bestSolutionTime,terminationTime,nodes,iterations,maxTime,actualTerms,numCuts,cutLimit,mipSolver,providePrimalBound,infeasibleTerms,feasibleToInfeasibleTerms,infeasibleToFeasibleTerms,termRemainsFeasibleBasisInfeasible,cutsChangedCoefficients,feasibleTermsPrunedByBound,tighten_disjunction,tighten_matrix_perturbation,tighten_infeasible_to_feasible_term,tighten_feasible_to_infeasible_basis
0,0,New,4,6637.188027,6641.585617,6640.584481,6717.099214,6741.528115,6742.200022,2.271832,2.804258,15.086196,15.086393,5699,94114,3600.000000,4,38,38,GUROBI,1,0,0,0,0,0,0,0,0,0,0
1,0,Farkas,4,6585.002650,6586.425264,6585.002650,6662.010394,6684.470001,6684.930008,0.057946,0.468574,4.155358,4.155546,966,16263,3600.000000,4,38,0,GUROBI,1,0,0,0,0,0,0,0,0,0,0
2,0,Farkas,4,6628.215356,6629.534426,6628.215356,6705.318393,6736.343622,6737.010020,0.053110,0.527397,24.873226,24.873419,8155,138974,3600.000000,4,38,0,GUROBI,1,0,0,0,0,0,0,0,0,0,0
3,0,Farkas,4,6621.915048,6624.710457,6623.524274,6703.898213,6727.090135,6727.760023,0.044374,1.104371,9.956838,9.984971,3291,54689,3600.000000,4,38,0,GUROBI,1,0,0,0,0,0,0,0,0,0,0
4,0,Farkas,4,6640.480256,6642.631335,6641.241977,6717.949099,6737.907090,6738.570019,0.051495,0.617527,5.448970,5.449161,1869,33844,3600.000000,4,38,0,GUROBI,1,0,0,0,0,0,0,0,0,0,0
5,0,Farkas,4,6528.760382,6528.760382,6528.760382,6623.723989,6641.670012,6641.670012,0.066159,0.482004,1.187537,1.794524,537,10863,3600.000000,4,38,0,GUROBI,1,0,0,0,0,0,0,0,0,0,0
