instanceIndex,seedIndex,vpcGenerator,terms,lpBound,disjunctiveDualBound,lpBoundPostVpc,rootDualBound,dualBound,primalBound,vpcGenerationTime,rootDualBoundTime,bestSolutionTime,terminationTime,nodes,iterations,maxTime,actualTerms,numCuts,cutLimit,mipSolver,providePrimalBound,infeasibleTerms,feasibleToInfeasibleTerms,infeasibleToFeasibleTerms,termRemainsFeasibleBasisInfeasible,cutsChangedCoefficients,feasibleTermsPrunedByBound,tighten_disjunction,tighten_matrix_perturbation,tighten_infeasible_to_feasible_term,tighten_feasible_to_infeasible_basis
0,0,New,4,6637.188027,6641.585617,6640.584481,6717.309483,6741.544692,6742.200022,2.064973,2.710206,9.984756,16.951223,4585,77637,3600.000000,4,38,38,GUROBI,1,0,0,0,0,0,0,0,0,0,0
1,0,NoDisjunction,4,6637.188027,6641.585617,6640.584481,6710.057814,6741.530408,6742.200022,0.047862,0.959088,13.977465,14.518922,5617,93272,3600.000000,4,38,0,GUROBI,1,0,0,0,0,0,0,0,1,1,1
2,0,NoDisjunction,4,6637.188027,6641.585617,6640.584481,6716.451648,6741.555935,6742.200022,0.563363,1.484881,9.158305,15.234231,4662,80170,3600.000000,4,38,0,GUROBI,1,0,0,0,0,30,0,0,1,1,1
3,0,NoDisjunction,4,6645.751263,6647.881323,6646.138958,6740.318760,6785.487087,6786.160022,0.044405,0.524144,20.007907,20.008148,7905,135305,3600.000000,4,38,0,GUROBI,1,0,0,0,4,30,0,0,1,1,1
4,0,NoDisjunction,4,6604.579563,6608.625195,6607.041188,6704.073260,6741.529388,6742.200022,0.754876,1.351942,38.019309,38.019543,11833,208983,3600.000000,4,38,0,GUROBI,1,0,0,0,0,38,0,0,1,1,1
