instanceIndex,seedIndex,vpcGenerator,terms,lpBound,disjunctiveDualBound,lpBoundPostVpc,rootDualBound,dualBound,primalBound,vpcGenerationTime,rootDualBoundTime,bestSolutionTime,terminationTime,nodes,iterations,maxTime,actualTerms,numCuts,cutLimit,mipSolver,providePrimalBound,infeasibleTerms,feasibleToInfeasibleTerms,infeasibleToFeasibleTerms,termRemainsFeasibleBasisInfeasible,cutsChangedCoefficients,feasibleTermsPrunedByBound,tighten_disjunction,tighten_matrix_perturbation,tighten_infeasible_to_feasible_term,tighten_feasible_to_infeasible_basis
0,0,New,4,6637.188027,6641.585617,6640.584481,6717.388148,6741.558410,6742.200022,2.603390,3.488846,21.214450,22.887093,5720,101200,3600.000000,4,38,38,GUROBI,1,0,0,0,0,0,0,0,0,0,0
1,0,Term,4,6448.861378,6448.861378,6448.861378,6624.349339,6640.535021,6640.535020,0.082371,0.736917,1.167971,1.642989,273,5533,3600.000000,4,38,0,GUROBI,1,0,0,0,4,38,0,0,0,1,0
2,0,Term,4,-493456.149853,-493454.411618,-493456.149853,6681.758446,6711.531059,6712.005013,0.076011,0.702361,6.447284,6.860832,1851,31605,3600.000000,4,38,0,GUROBI,1,0,0,0,4,38,0,0,0,1,0
3,0,Term,4,6348.402600,6351.365795,6348.402600,6541.634614,6560.788342,6561.415008,0.087871,0.679052,1.925038,2.185568,559,9478,3600.000000,4,38,0,GUROBI,1,0,0,0,4,38,0,0,0,1,0
4,0,Term,4,6513.093857,6516.512642,6513.093857,6673.987125,6689.842007,6690.420023,0.076679,0.859897,4.749861,4.798795,832,17993,3600.000000,4,38,0,GUROBI,1,0,0,0,4,38,0,0,0,1,0
5,0,Term,4,6394.190341,6395.435142,6394.190341,6569.036443,6583.604527,6584.190020,0.077286,0.787230,2.044518,2.044775,416,8528,3600.000000,4,38,0,GUROBI,1,0,0,0,4,38,0,0,0,1,0
