instanceIndex,seedIndex,vpcGenerator,terms,lpBound,disjunctiveDualBound,lpBoundPostVpc,rootDualBound,dualBound,primalBound,vpcGenerationTime,rootDualBoundTime,bestSolutionTime,terminationTime,nodes,iterations,maxTime,actualTerms,numCuts,cutLimit,mipSolver,providePrimalBound,infeasibleTerms,feasibleToInfeasibleTerms,infeasibleToFeasibleTerms,termRemainsFeasibleBasisInfeasible,cutsChangedCoefficients,feasibleTermsPrunedByBound,tighten_disjunction,tighten_matrix_perturbation,tighten_infeasible_to_feasible_term,tighten_feasible_to_infeasible_basis
0,0,New,64,6637.188027,6647.648085,6641.656971,6716.053587,6741.541162,6742.200022,92.803538,93.409774,110.700666,110.701126,6246,105135,3600.000000,64,38,38,GUROBI,1,0,0,0,0,0,0,0,0,0,0
1,0,NoDisjunction,64,7107.766616,7109.489620,7107.766616,7288.256515,7353.037492,7353.740043,0.864040,1.456085,13.215402,13.452271,4838,79583,3600.000000,64,38,0,GUROBI,1,15,15,0,49,0,0,0,1,1,1
2,0,NoDisjunction,64,6712.131068,6718.161479,6714.199346,6791.699308,6810.096455,6810.730016,0.853764,1.505609,5.679147,9.374957,2550,44474,3600.000000,64,38,0,GUROBI,1,0,0,0,64,0,0,0,1,1,1
3,0,NoDisjunction,64,-993284.320012,-993284.183091,-993284.320012,-993166.856665,-993166.101385,-993118.509984,0.881738,1.475107,1.828223,1.829264,56,2006,3600.000000,64,38,0,GUROBI,1,0,0,0,64,0,0,0,1,1,1
4,0,NoDisjunction,64,6701.781249,6703.363728,6701.781249,6813.807369,6837.461545,6838.130018,0.825610,1.578344,7.335388,7.809854,2142,35036,3600.000000,64,38,0,GUROBI,1,5,5,0,59,0,0,0,1,1,1
