instanceIndex,seedIndex,vpcGenerator,terms,lpBound,disjunctiveDualBound,lpBoundPostVpc,rootDualBound,dualBound,primalBound,vpcGenerationTime,rootDualBoundTime,bestSolutionTime,terminationTime,nodes,iterations,maxTime,actualTerms,numCuts,cutLimit,mipSolver,providePrimalBound,infeasibleTerms,feasibleToInfeasibleTerms,infeasibleToFeasibleTerms,termRemainsFeasibleBasisInfeasible,cutsChangedCoefficients,feasibleTermsPrunedByBound,tighten_disjunction,tighten_matrix_perturbation,tighten_infeasible_to_feasible_term,tighten_feasible_to_infeasible_basis
0,0,None,4,6637.188027,6637.188027,6637.188027,6715.460070,6741.527353,6742.200022,0.000003,0.752598,15.693501,15.693743,5112,89372,3600.000000,0,0,0,GUROBI,1,0,0,0,0,0,0,0,0,0,0
1,0,None,4,6637.188027,6637.188027,6637.188027,6715.460070,6741.527353,6742.200022,0.000003,0.741732,15.792557,15.792785,5112,89372,3600.000000,0,0,0,GUROBI,1,0,0,0,0,0,0,0,0,0,0
2,0,None,4,6637.188027,6637.188027,6637.188027,6714.105785,6741.533670,6742.200022,0.000003,0.859141,18.918542,18.918767,6827,115963,3600.000000,0,0,0,GUROBI,1,0,0,0,0,0,0,0,0,0,0
3,0,None,4,6645.751263,6645.751263,6645.751263,6740.418287,6785.483545,6786.160018,0.000002,0.618951,21.891206,21.891414,7866,137832,3600.000000,0,0,0,GUROBI,1,0,0,0,0,0,0,0,0,0,0
4,0,None,4,6604.579563,6604.579563,6604.579563,6707.414265,6741.553119,6742.200018,0.000003,0.797748,25.491157,25.491451,8836,155920,3600.000000,0,0,0,GUROBI,1,0,0,0,0,0,0,0,0,0,0
