instanceIndex,seedIndex,vpcGenerator,terms,lpBound,disjunctiveDualBound,lpBoundPostVpc,rootDualBound,dualBound,primalBound,vpcGenerationTime,rootDualBoundTime,bestSolutionTime,terminationTime,nodes,iterations,maxTime,actualTerms,numCuts,cutLimit,mipSolver,providePrimalBound,infeasibleTerms,feasibleToInfeasibleTerms,infeasibleToFeasibleTerms,termRemainsFeasibleBasisInfeasible,cutsChangedCoefficients,feasibleTermsPrunedByBound,tighten_disjunction,tighten_matrix_perturbation,tighten_infeasible_to_feasible_term,tighten_feasible_to_infeasible_basis
0,0,New,64,7.043999,7.118417,7.043999,7.135459,7.598525,7.598985,3.115076,3.285158,6.677289,6.677442,3517,21462,3600.000000,80,13,13,GUROBI,1,61,0,0,0,0,0,0,0,0,0
1,0,All,64,4.252872,4.266799,4.252872,4.742811,5.137227,5.137227,0.287250,0.538423,0.703450,0.738185,384,2211,3600.000000,80,13,0,GUROBI,1,59,3,5,16,13,0,1,1,1,1
2,0,All,64,7.043999,7.118417,7.043999,7.139202,7.598985,7.598985,0.291297,0.499915,1.155508,1.296773,821,5304,3600.000000,80,13,0,GUROBI,1,61,0,0,0,13,9,1,1,1,1
3,0,All,64,6.514369,6.618715,6.514369,6.928561,7.213072,7.213072,0.242452,0.370870,0.573043,0.573184,295,1711,3600.000000,80,13,0,GUROBI,1,47,2,16,17,13,0,1,1,1,1
4,0,All,64,7.161772,7.175812,7.161772,7.312645,7.705248,7.705248,0.197213,0.318045,0.529691,0.821512,607,3244,3600.000000,80,13,0,GUROBI,1,47,3,17,16,13,0,1,1,1,1
