instanceIndex,seedIndex,vpcGenerator,terms,lpBound,disjunctiveDualBound,lpBoundPostVpc,rootDualBound,dualBound,primalBound,vpcGenerationTime,rootDualBoundTime,bestSolutionTime,terminationTime,nodes,iterations,maxTime,actualTerms,numCuts,cutLimit,mipSolver,providePrimalBound,infeasibleTerms,feasibleToInfeasibleTerms,infeasibleToFeasibleTerms,termRemainsFeasibleBasisInfeasible,cutsChangedCoefficients,feasibleTermsPrunedByBound,tighten_disjunction,tighten_matrix_perturbation,tighten_infeasible_to_feasible_term,tighten_feasible_to_infeasible_basis
0,0,New,64,7.043999,7.118417,7.043999,7.131583,7.598985,7.598985,3.110757,3.334120,4.597573,4.658457,1490,9394,3600.000000,80,13,13,GUROBI,1,61,0,0,0,0,0,0,0,0,0
1,0,Basis,64,6.793999,6.868417,6.793999,6.902170,7.348985,7.348985,0.172278,0.496353,1.896778,1.914668,1403,8802,3600.000000,80,13,0,GUROBI,1,61,0,0,0,0,0,0,0,0,1
2,0,Basis,64,-38.956001,-38.881583,-38.956001,-38.855297,-38.404185,-38.401015,0.166903,0.345114,3.563629,3.644262,4516,26973,3600.000000,80,13,0,GUROBI,1,61,0,0,0,0,0,0,0,0,1
3,0,Basis,64,7.043999,7.118417,7.043999,7.141443,7.541119,7.541851,0.170230,0.410406,2.993964,3.004167,3155,17408,3600.000000,80,13,0,GUROBI,1,61,0,0,0,0,0,0,0,0,1
4,0,Basis,64,-253.071346,-253.053324,-253.071346,-253.000969,-252.674785,-252.651015,0.195527,0.353141,1.362898,1.446345,1245,7997,3600.000000,80,13,0,GUROBI,1,61,0,0,0,0,0,0,0,0,1
5,0,Basis,64,7.043999,7.118417,7.043999,7.141447,7.598985,7.598985,0.166111,0.404736,2.101910,2.202923,2219,13318,3600.000000,80,13,0,GUROBI,1,61,0,0,0,0,0,0,0,0,1
6,0,Basis,64,7.043999,7.118417,7.043999,7.139615,7.560177,7.560582,0.198836,0.410857,2.306782,2.454143,2362,15934,3600.000000,80,13,0,GUROBI,1,61,0,0,0,0,0,0,0,0,1
