instanceIndex,seedIndex,vpcGenerator,terms,lpBound,disjunctiveDualBound,lpBoundPostVpc,rootDualBound,dualBound,primalBound,vpcGenerationTime,rootDualBoundTime,bestSolutionTime,terminationTime,nodes,iterations,maxTime,actualTerms,numCuts,cutLimit,mipSolver,providePrimalBound,infeasibleTerms,feasibleToInfeasibleTerms,infeasibleToFeasibleTerms,termRemainsFeasibleBasisInfeasible,cutsChangedCoefficients,feasibleTermsPrunedByBound,tighten_disjunction,tighten_matrix_perturbation,tighten_infeasible_to_feasible_term,tighten_feasible_to_infeasible_basis
0,0,New,64,2277.076833,2281.729704,2279.412103,2331.394593,2342.111450,2342.315488,514.124105,519.267458,524.633356,524.644602,519,9827,3600.000000,184,44,45,GUROBI,1,176,0,0,0,0,0,0,0,0,0
1,0,NoDisjunction,64,2274.197730,2278.280952,2275.967695,2329.826429,2341.219201,2341.315488,11.807857,16.794630,21.450764,21.907462,464,9852,3600.000000,184,44,0,GUROBI,1,176,0,0,0,0,0,0,1,1,1
2,0,NoDisjunction,64,2272.431699,2276.892304,2274.424125,2329.387677,2340.012198,2340.214283,12.151821,16.904906,21.041165,21.042391,549,9507,3600.000000,184,44,0,GUROBI,1,176,0,0,0,0,0,0,1,1,1
3,0,NoDisjunction,64,2275.020565,2279.443989,2277.053725,2331.102542,2340.109175,2340.214283,11.790713,17.629173,23.443517,23.444832,476,8602,3600.000000,184,44,0,GUROBI,1,176,0,0,0,0,0,0,1,1,1
4,0,NoDisjunction,64,2271.102275,2276.293447,2274.234586,2324.090559,2336.989562,2337.214283,11.852230,17.689985,23.243017,23.530646,706,11889,3600.000000,184,44,0,GUROBI,1,176,0,0,0,0,0,0,1,1,1
5,0,NoDisjunction,64,2278.101322,2282.732788,2280.462955,2335.355015,2344.131113,2344.315488,12.151795,19.525586,21.903438,22.362646,268,5665,3600.000000,184,44,0,GUROBI,1,176,0,0,0,0,0,0,1,1,1
