instanceIndex,seedIndex,vpcGenerator,terms,lpBound,disjunctiveDualBound,lpBoundPostVpc,rootDualBound,dualBound,primalBound,vpcGenerationTime,rootDualBoundTime,bestSolutionTime,terminationTime,nodes,iterations,maxTime,actualTerms,numCuts,cutLimit,mipSolver,providePrimalBound,infeasibleTerms,feasibleToInfeasibleTerms,infeasibleToFeasibleTerms,termRemainsFeasibleBasisInfeasible,cutsChangedCoefficients,feasibleTermsPrunedByBound,tighten_disjunction,tighten_matrix_perturbation,tighten_infeasible_to_feasible_term,tighten_feasible_to_infeasible_basis
0,0,New,64,2277.076833,2281.729704,2278.859288,2330.730756,2342.233547,2342.315488,343.734665,348.559146,354.480897,354.482005,439,7800,3600.000000,184,45,45,GUROBI,1,176,0,0,0,0,0,0,0,0,0
1,0,Disjunction,64,2174.640802,2177.679142,2174.640802,2250.041016,2263.980781,2263.980781,15.812202,21.511018,23.743689,23.744860,191,4400,3600.000000,184,45,0,GUROBI,1,175,0,0,6,45,3,1,0,0,0
2,0,Disjunction,64,2222.819711,2224.030945,2222.819711,2313.052959,2331.778151,2331.947944,18.111118,24.233653,41.507553,41.537541,593,10071,3600.000000,184,45,0,GUROBI,1,176,0,0,8,45,0,1,0,0,0
3,0,Disjunction,64,2178.397249,2182.647561,2179.006601,2251.900914,2263.941190,2263.941190,18.227459,23.637755,26.633439,26.663176,170,5652,3600.000000,184,45,0,GUROBI,1,176,0,0,6,45,2,1,0,0,0
