instanceIndex,seedIndex,vpcGenerator,terms,lpBound,disjunctiveDualBound,lpBoundPostVpc,rootDualBound,dualBound,primalBound,vpcGenerationTime,rootDualBoundTime,bestSolutionTime,terminationTime,nodes,iterations,maxTime,actualTerms,numCuts,cutLimit,mipSolver,providePrimalBound,infeasibleTerms,feasibleToInfeasibleTerms,infeasibleToFeasibleTerms,termRemainsFeasibleBasisInfeasible,cutsChangedCoefficients,feasibleTermsPrunedByBound,tighten_disjunction,tighten_matrix_perturbation,tighten_infeasible_to_feasible_term,tighten_feasible_to_infeasible_basis
0,0,New,4,2277.076833,2280.544675,2277.249303,2332.856597,2342.315488,2342.315488,64.861689,69.559155,72.169555,72.477912,212,5375,3600.000000,4,45,45,GUROBI,1,0,0,0,0,0,0,0,0,0,0
1,0,New,4,2174.640802,2189.844282,2189.844282,2246.381307,2263.818553,2263.980781,118.583353,123.327278,127.478924,127.479956,399,8188,3600.000000,104,47,47,GUROBI,1,102,0,0,0,0,0,0,0,0,0
2,0,New,4,2222.819711,2226.716941,2226.716941,2319.170268,2331.947944,2331.947944,239.214039,247.158392,247.744646,247.954434,30,2823,3600.000000,127,48,48,GUROBI,1,125,0,0,0,0,0,0,0,0,0
3,0,New,4,2178.397249,2182.434440,2182.367223,2251.740686,2263.842596,2263.941190,178.819218,184.619072,185.896480,185.917433,121,3715,3600.000000,120,49,49,GUROBI,1,118,0,0,0,0,0,0,0,0,0
