instanceIndex,seedIndex,vpcGenerator,terms,lpBound,disjunctiveDualBound,lpBoundPostVpc,rootDualBound,dualBound,primalBound,vpcGenerationTime,rootDualBoundTime,bestSolutionTime,terminationTime,nodes,iterations,maxTime,actualTerms,numCuts,cutLimit,mipSolver,providePrimalBound,infeasibleTerms,feasibleToInfeasibleTerms,infeasibleToFeasibleTerms,termRemainsFeasibleBasisInfeasible,cutsChangedCoefficients,feasibleTermsPrunedByBound,tighten_disjunction,tighten_matrix_perturbation,tighten_infeasible_to_feasible_term,tighten_feasible_to_infeasible_basis
0,0,New,64,2277.076833,2281.729704,2278.029729,2330.589466,2342.086912,2342.315488,334.103802,339.291563,342.571591,342.572162,301,5475,3600.000000,184,45,45,GUROBI,1,176,0,0,0,0,0,0,0,0,0
1,0,New,64,2174.640802,2189.844282,2189.844282,2245.967962,2263.822856,2263.980781,89.020329,94.523199,96.666588,96.868193,259,6777,3600.000000,104,47,47,GUROBI,1,102,0,0,0,0,0,0,0,0,0
2,0,New,64,2222.819711,2226.716941,2226.716941,2312.737003,2331.947944,2331.947944,181.568646,187.584104,189.923906,190.159871,170,4652,3600.000000,127,48,48,GUROBI,1,125,0,0,0,0,0,0,0,0,0
3,0,New,64,2178.397249,2182.434440,2182.367223,2251.551426,2263.941190,2263.941190,131.724531,138.394358,156.102890,156.132257,571,10191,3600.000000,120,49,49,GUROBI,1,118,0,0,0,0,0,0,0,0,0
