instanceIndex,seedIndex,vpcGenerator,terms,lpBound,disjunctiveDualBound,lpBoundPostVpc,rootDualBound,dualBound,primalBound,vpcGenerationTime,rootDualBoundTime,bestSolutionTime,terminationTime,nodes,iterations,maxTime,actualTerms,numCuts,cutLimit,mipSolver,providePrimalBound,infeasibleTerms,feasibleToInfeasibleTerms,infeasibleToFeasibleTerms,termRemainsFeasibleBasisInfeasible,cutsChangedCoefficients,feasibleTermsPrunedByBound,tighten_disjunction,tighten_matrix_perturbation,tighten_infeasible_to_feasible_term,tighten_feasible_to_infeasible_basis
0,0,New,64,2277.076833,2281.729704,2279.412103,2331.530779,2342.315488,2342.315488,497.564337,502.421068,507.495721,507.496759,436,7816,3600.000000,184,44,45,GUROBI,1,176,0,0,0,0,0,0,0,0,0
1,0,All,64,2174.640802,2177.679142,2174.640802,2244.558102,2263.923707,2263.980781,15.661440,20.061315,23.765859,23.790799,349,7832,3600.000000,184,44,0,GUROBI,1,175,0,0,6,44,3,1,1,1,1
2,0,All,64,2222.819711,2224.030945,2222.819711,2310.126181,2331.947944,2331.947944,18.085458,24.156291,25.706133,25.707364,95,3699,3600.000000,184,44,0,GUROBI,1,176,0,0,8,44,0,1,1,1,1
3,0,All,64,2178.397249,2182.647561,2178.397249,2247.590037,2263.941190,2263.941190,18.229471,23.243944,24.523484,24.759853,141,4094,3600.000000,184,44,0,GUROBI,1,176,0,0,6,44,2,1,1,1,1
