instanceIndex,seedIndex,vpcGenerator,terms,lpBound,disjunctiveDualBound,lpBoundPostVpc,rootDualBound,dualBound,primalBound,vpcGenerationTime,rootDualBoundTime,bestSolutionTime,terminationTime,nodes,iterations,maxTime,actualTerms,numCuts,cutLimit,mipSolver,providePrimalBound,infeasibleTerms,feasibleToInfeasibleTerms,infeasibleToFeasibleTerms,termRemainsFeasibleBasisInfeasible,cutsChangedCoefficients,feasibleTermsPrunedByBound,tighten_disjunction,tighten_matrix_perturbation,tighten_infeasible_to_feasible_term,tighten_feasible_to_infeasible_basis
0,0,New,64,2277.076833,2281.729704,2279.412103,2331.530779,2342.315488,2342.315488,504.516601,509.309692,511.661414,511.914102,264,5626,3600.000000,184,44,45,GUROBI,1,176,0,0,0,0,0,0,0,0,0
1,0,Matrix,64,2274.577141,2277.344346,2275.803778,2331.418143,2341.516549,2341.516549,67.811751,72.992940,93.621715,93.844027,685,10345,3600.000000,184,44,0,GUROBI,1,176,0,0,0,44,0,0,1,0,0
2,0,Matrix,64,2274.965295,2279.212501,2277.001171,2331.719562,2342.141692,2342.315488,67.294664,72.751566,74.443371,74.888007,150,3919,3600.000000,184,44,0,GUROBI,1,176,0,0,1,44,0,0,1,0,0
3,0,Matrix,64,2275.698661,2279.948156,2277.546854,2331.897816,2342.248281,2342.315488,68.122806,73.042179,75.266798,75.656317,224,4905,3600.000000,184,44,0,GUROBI,1,176,0,0,0,44,0,0,1,0,0
4,0,Matrix,64,2276.838407,2280.867575,2278.932307,2332.421433,2342.089199,2342.315488,67.128154,73.830014,75.752396,75.753753,157,4501,3600.000000,184,44,0,GUROBI,1,176,0,0,2,44,0,0,1,0,0
5,0,Matrix,64,2270.442969,2272.371412,2270.442969,2326.697525,2337.698579,2337.698579,68.646141,73.839181,83.938790,83.980429,634,10952,3600.000000,184,44,0,GUROBI,1,176,0,0,0,44,0,0,1,0,0
