instanceIndex,seedIndex,vpcGenerator,terms,lpBound,disjunctiveDualBound,lpBoundPostVpc,rootDualBound,dualBound,primalBound,vpcGenerationTime,rootDualBoundTime,bestSolutionTime,terminationTime,nodes,iterations,maxTime,actualTerms,numCuts,cutLimit,mipSolver,providePrimalBound,infeasibleTerms,feasibleToInfeasibleTerms,infeasibleToFeasibleTerms,termRemainsFeasibleBasisInfeasible,cutsChangedCoefficients,feasibleTermsPrunedByBound,tighten_disjunction,tighten_matrix_perturbation,tighten_infeasible_to_feasible_term,tighten_feasible_to_infeasible_basis
0,0,New,64,2277.076833,2281.729704,2279.033010,2334.285487,2342.136947,2342.315488,521.984575,527.499548,529.960738,530.156087,205,4679,3600.000000,184,40,45,GUROBI,1,176,0,0,0,0,0,0,0,0,0
1,0,Farkas,64,2274.197730,2278.280952,2275.893367,2330.252527,2341.285503,2341.315488,11.607359,16.389715,21.407311,21.408546,412,6356,3600.000000,184,40,0,GUROBI,1,176,0,0,0,0,0,0,0,0,0
2,0,Farkas,64,2272.431699,2276.892304,2274.173606,2326.100599,2340.204760,2340.214283,12.120534,18.053143,21.146080,22.916200,449,7774,3600.000000,184,40,0,GUROBI,1,176,0,0,0,0,0,0,0,0,0
3,0,Farkas,64,2275.020565,2279.443989,2276.824157,2331.930577,2340.200560,2340.214283,11.426120,18.426621,21.798108,22.150957,202,4904,3600.000000,184,40,0,GUROBI,1,176,0,0,0,0,0,0,0,0,0
4,0,Farkas,64,2271.102275,2276.293447,2273.939779,2326.011192,2337.214283,2337.214283,11.493635,18.049767,28.886745,29.199431,614,11982,3600.000000,184,40,0,GUROBI,1,176,0,0,0,0,0,0,0,0,0
5,0,Farkas,64,2278.101322,2282.732788,2280.064775,2335.230579,2344.315488,2344.315488,12.000241,21.036934,22.953585,24.130815,243,5723,3600.000000,184,40,0,GUROBI,1,176,0,0,0,0,0,0,0,0,0
