instanceIndex,seedIndex,vpcGenerator,terms,lpBound,disjunctiveDualBound,lpBoundPostVpc,rootDualBound,dualBound,primalBound,vpcGenerationTime,rootDualBoundTime,bestSolutionTime,terminationTime,nodes,iterations,maxTime,actualTerms,numCuts,cutLimit,mipSolver,providePrimalBound,infeasibleTerms,feasibleToInfeasibleTerms,infeasibleToFeasibleTerms,termRemainsFeasibleBasisInfeasible,cutsChangedCoefficients,feasibleTermsPrunedByBound,tighten_disjunction,tighten_matrix_perturbation,tighten_infeasible_to_feasible_term,tighten_feasible_to_infeasible_basis
0,0,New,64,2277.076833,2281.729704,2279.412103,2332.275798,2342.140140,2342.315488,506.928502,512.283897,515.000145,515.468595,316,5657,3600.000000,184,44,45,GUROBI,1,176,0,0,0,0,0,0,0,0,0
1,0,NoDisjunction,64,2274.577141,2277.344346,2275.803778,2332.614905,2341.516549,2341.516549,67.980845,74.405135,76.119896,76.121175,93,3410,3600.000000,184,44,0,GUROBI,1,176,0,0,0,44,0,0,1,1,1
2,0,NoDisjunction,64,2274.965295,2279.212501,2277.001171,2332.358637,2342.183934,2342.315488,67.385991,71.831578,73.986077,73.987440,145,3866,3600.000000,184,44,0,GUROBI,1,176,0,0,1,44,0,0,1,1,1
3,0,NoDisjunction,64,2275.698661,2279.948156,2277.546854,2331.071503,2342.218886,2342.315488,68.475883,73.001669,77.229524,77.230809,375,8163,3600.000000,184,44,0,GUROBI,1,176,0,0,0,44,0,0,1,1,1
4,0,NoDisjunction,64,2276.838407,2280.867575,2278.932307,2332.518356,2342.315488,2342.315488,67.046391,73.034650,75.071278,75.072703,161,3977,3600.000000,184,44,0,GUROBI,1,176,0,0,2,44,0,0,1,1,1
5,0,NoDisjunction,64,2270.442969,2272.371412,2270.442969,2322.035107,2337.523645,2337.698579,68.702437,73.573450,95.949220,96.110199,1030,9561,3600.000000,184,44,0,GUROBI,1,176,0,0,0,44,0,0,1,1,1
