instanceIndex,seedIndex,vpcGenerator,terms,lpBound,disjunctiveDualBound,lpBoundPostVpc,rootDualBound,dualBound,primalBound,vpcGenerationTime,rootDualBoundTime,bestSolutionTime,terminationTime,nodes,iterations,maxTime,actualTerms,numCuts,cutLimit,mipSolver,providePrimalBound,infeasibleTerms,feasibleToInfeasibleTerms,infeasibleToFeasibleTerms,termRemainsFeasibleBasisInfeasible,cutsChangedCoefficients,feasibleTermsPrunedByBound,tighten_disjunction,tighten_matrix_perturbation,tighten_infeasible_to_feasible_term,tighten_feasible_to_infeasible_basis
0,0,New,64,0.000000,0.000000,0.000000,0.000000,1.000000,1.000000,979.345591,985.382875,979.345591,2023.083713,5865,4430661,3600.000000,72,4,563,GUROBI,1,65,0,0,0,0,0,0,0,0,0
1,0,Basis,64,-0.007812,-0.007812,-0.007812,-0.007812,0.992188,0.992188,8.127779,16.680573,8.127779,850.211261,3078,3419309,3600.000000,72,4,0,GUROBI,1,65,0,0,0,0,0,0,0,0,1
10,0,Basis,64,-0.007812,-0.007812,-0.007812,-0.007812,0.992188,0.992188,7.801476,13.576865,7.801476,1107.681702,4174,4605131,3600.000000,72,4,0,GUROBI,1,65,0,0,0,0,0,0,0,0,1
2,0,Basis,64,-0.007812,-0.007812,-0.007812,-0.007812,1.000000,1.000000,9.901875,16.023468,1399.379964,1643.354046,6076,6899362,3600.000000,72,4,0,GUROBI,1,65,0,0,0,0,0,0,0,0,1
3,0,Basis,64,0.000000,0.000000,0.000000,0.000000,1.000000,1.000000,7.539276,14.200100,7.539276,690.044344,2827,2163320,3600.000000,72,4,0,GUROBI,1,65,0,0,0,0,0,0,0,0,1
4,0,Basis,64,-0.007812,-0.007812,-0.007812,-0.007812,1.000000,1.000000,10.056321,17.707776,359.109128,676.123766,2665,2669136,3600.000000,72,4,0,GUROBI,1,65,0,0,0,0,0,0,0,0,1
5,0,Basis,64,0.000000,0.000000,0.000000,0.000000,1.000000,1.000000,6.167944,13.506297,773.815410,1432.690671,5374,5803842,3600.000000,72,4,0,GUROBI,1,65,0,0,0,0,0,0,0,0,1
6,0,Basis,64,-0.007812,-0.007812,-0.007812,-0.007812,1.000000,1.000000,9.153386,16.250415,814.133782,1464.565554,4670,5917503,3600.000000,72,4,0,GUROBI,1,65,0,0,0,0,0,0,0,0,1
7,0,Basis,64,-0.007812,-0.007812,-0.007812,-0.007812,1.000000,1.000000,8.519094,13.918645,399.824883,1112.304566,3393,4378597,3600.000000,72,4,0,GUROBI,1,65,0,0,0,0,0,0,0,0,1
