instanceIndex,seedIndex,vpcGenerator,terms,lpBound,disjunctiveDualBound,lpBoundPostVpc,rootDualBound,dualBound,primalBound,vpcGenerationTime,rootDualBoundTime,bestSolutionTime,terminationTime,nodes,iterations,maxTime,actualTerms,numCuts,cutLimit,mipSolver,providePrimalBound,infeasibleTerms,feasibleToInfeasibleTerms,infeasibleToFeasibleTerms,termRemainsFeasibleBasisInfeasible,cutsChangedCoefficients,feasibleTermsPrunedByBound,tighten_disjunction,tighten_matrix_perturbation,tighten_infeasible_to_feasible_term,tighten_feasible_to_infeasible_basis
0,0,New,4,0.000000,0.000000,0.000000,0.000000,1.000000,1.000000,196.454825,201.062531,196.454825,1856.935093,9820,7877192,3600.000000,4,4,563,GUROBI,1,0,0,0,0,0,0,0,0,0,0
1,0,Term,4,-0.031250,-0.031250,-0.031250,-0.031250,-0.031250,1.000000,0.362081,6.779704,1011.456297,3600.364388,14312,15975637,3600.000000,4,4,0,GUROBI,1,0,0,0,0,0,0,0,0,1,0
2,0,Term,4,0.000000,0.000000,0.000000,0.000000,1.031250,1.031250,0.123843,6.159886,443.545088,1356.791295,5918,6720771,3600.000000,4,4,0,GUROBI,1,0,0,0,0,0,0,0,0,1,0
3,0,Term,4,0.000000,0.000000,0.000000,0.000000,1.000000,1.000000,0.148658,5.723480,0.148658,781.979863,4349,3924439,3600.000000,4,4,0,GUROBI,1,0,0,0,0,0,0,0,0,1,0
4,0,Term,4,0.000000,0.000000,0.000000,0.000000,1.000000,1.000000,0.080360,5.490423,0.080360,703.873194,3404,3228658,3600.000000,4,4,0,GUROBI,1,0,0,0,0,0,0,0,0,1,0
5,0,Term,4,-0.031250,-0.031250,-0.031250,-0.031250,0.968750,0.968750,0.362649,4.793646,1533.192673,2307.220759,5315,6638831,3600.000000,4,4,0,GUROBI,1,0,0,0,0,0,0,0,0,1,0
6,0,Term,4,0.000000,0.000000,0.000000,0.000000,1.000000,1.000000,0.078311,8.838973,0.078311,616.858484,4427,3245772,3600.000000,4,4,0,GUROBI,1,0,0,0,0,0,0,0,0,1,0
7,0,Term,4,-0.031250,-0.031250,-0.031250,-0.031250,0.968750,0.968750,0.300198,4.758896,343.355262,637.984103,3145,3938650,3600.000000,4,4,0,GUROBI,1,0,0,0,0,0,0,0,0,1,0
8,0,Term,4,-0.031250,-0.031250,-0.031250,-0.031250,1.000000,1.000000,0.382834,3.410711,2194.163914,2212.505777,12040,13587561,3600.000000,4,4,0,GUROBI,1,0,0,0,0,0,0,0,0,1,0
