instanceIndex,seedIndex,vpcGenerator,terms,lpBound,disjunctiveDualBound,lpBoundPostVpc,rootDualBound,dualBound,primalBound,vpcGenerationTime,rootDualBoundTime,bestSolutionTime,terminationTime,nodes,iterations,maxTime,actualTerms,numCuts,cutLimit,mipSolver,providePrimalBound,infeasibleTerms,feasibleToInfeasibleTerms,infeasibleToFeasibleTerms,termRemainsFeasibleBasisInfeasible,cutsChangedCoefficients,feasibleTermsPrunedByBound,tighten_disjunction,tighten_matrix_perturbation,tighten_infeasible_to_feasible_term,tighten_feasible_to_infeasible_basis
0,0,New,64,444.436047,445.058824,444.436047,445.000000,457.000000,472.000000,5.079076,5.293519,90.145082,3605.080624,614332,29994995,3600.000000,67,1,30,GUROBI,1,57,0,0,0,0,0,0,0,0,0
1,0,NoDisjunction,64,344.828916,344.853247,344.828916,442.021389,471.000000,471.000000,1.037383,2.006438,1873.108557,1873.108810,375425,13668172,3600.000000,67,1,0,GUROBI,1,57,0,0,10,1,0,0,1,1,1
2,0,NoDisjunction,64,392.350426,392.594280,392.350426,445.000000,472.000000,472.000000,0.745150,1.223656,77.240035,94.133717,10202,712325,3600.000000,67,1,0,GUROBI,1,57,0,0,10,1,0,0,1,1,1
3,0,NoDisjunction,64,345.685993,348.253522,345.685993,435.781628,441.000000,441.000000,1.171682,1.570860,2.623713,5.564550,983,37893,3600.000000,67,1,0,GUROBI,1,59,2,0,8,1,0,0,1,1,1
4,0,NoDisjunction,64,324.025210,324.054543,324.025210,428.500000,440.000000,440.000000,1.099740,1.389651,25.284627,48.990091,7820,622048,3600.000000,67,1,0,GUROBI,1,57,0,0,10,1,0,0,1,1,1
