instanceIndex,seedIndex,vpcGenerator,terms,lpBound,disjunctiveDualBound,lpBoundPostVpc,rootDualBound,dualBound,primalBound,vpcGenerationTime,rootDualBoundTime,bestSolutionTime,terminationTime,nodes,iterations,maxTime,actualTerms,numCuts,cutLimit,mipSolver,providePrimalBound,infeasibleTerms,feasibleToInfeasibleTerms,infeasibleToFeasibleTerms,termRemainsFeasibleBasisInfeasible,cutsChangedCoefficients,feasibleTermsPrunedByBound,tighten_disjunction,tighten_matrix_perturbation,tighten_infeasible_to_feasible_term,tighten_feasible_to_infeasible_basis
0,0,None,64,51.590000,51.590000,51.590000,51.590000,52.000000,53.000000,0.000002,1.915053,102.739979,3600.004263,382878,25029162,3600.000000,0,0,0,GUROBI,1,0,0,0,0,0,0,0,0,0,0
1,0,None,64,40.783681,40.783681,40.783681,51.451846,52.000000,53.000000,0.000002,2.106434,2158.258965,3600.004693,180627,19673717,3600.000000,0,0,0,GUROBI,1,0,0,0,0,0,0,0,0,0,0
2,0,None,64,43.207040,43.207040,43.207040,51.453951,52.000000,53.000000,0.000003,2.427123,287.106356,3600.010593,280329,16321853,3600.000000,0,0,0,GUROBI,1,0,0,0,0,0,0,0,0,0,0
3,0,None,64,38.417184,38.417184,38.417184,51.039603,51.500000,53.000000,0.000002,1.951268,353.494169,3600.004882,186292,23205197,3600.000000,0,0,0,GUROBI,1,0,0,0,0,0,0,0,0,0,0
4,0,None,64,44.135052,44.135052,44.135052,51.439095,52.000000,53.000000,0.000002,2.624134,390.721082,3600.006406,187832,13423869,3600.000000,0,0,0,GUROBI,1,0,0,0,0,0,0,0,0,0,0
5,0,None,64,41.141789,41.141789,41.141789,51.045361,52.000000,53.000000,0.000002,1.911505,3600.004251,3600.004682,109328,16014001,3600.000000,0,0,0,GUROBI,1,0,0,0,0,0,0,0,0,0,0
