instanceIndex,seedIndex,vpcGenerator,terms,lpBound,disjunctiveDualBound,lpBoundPostVpc,rootDualBound,dualBound,primalBound,vpcGenerationTime,rootDualBoundTime,bestSolutionTime,terminationTime,nodes,iterations,maxTime,actualTerms,numCuts,cutLimit,mipSolver,providePrimalBound,infeasibleTerms,feasibleToInfeasibleTerms,infeasibleToFeasibleTerms,termRemainsFeasibleBasisInfeasible,cutsChangedCoefficients,feasibleTermsPrunedByBound,tighten_disjunction,tighten_matrix_perturbation,tighten_infeasible_to_feasible_term,tighten_feasible_to_infeasible_basis
0,0,New,64,444.436047,445.058824,444.436047,446.212699,455.000000,472.000000,3.275600,3.967548,90.615149,3603.276800,951379,53744919,3600.000000,67,1,30,GUROBI,1,57,0,0,0,0,0,0,0,0,0
1,0,Term,64,344.828916,344.853247,344.828916,442.021389,471.000000,471.000000,0.764867,1.400922,94.466430,106.118217,20060,1274786,3600.000000,67,1,0,GUROBI,1,57,0,0,10,1,0,0,0,1,0
2,0,Term,64,392.350426,392.594280,392.350426,445.000000,457.000000,472.000000,0.558712,0.958697,58.273049,3600.561079,545097,36642134,3600.000000,67,1,0,GUROBI,1,57,0,0,10,1,0,0,0,1,0
3,0,Term,64,345.685993,348.253522,345.685993,435.880588,441.000000,441.000000,0.845026,1.160129,1.852956,3.868754,868,36194,3600.000000,67,1,0,GUROBI,1,59,2,0,8,1,0,0,0,1,0
4,0,Term,64,324.025210,324.054543,324.025210,428.500000,440.000000,440.000000,0.811294,1.026331,13.148545,15.346297,4333,232093,3600.000000,67,1,0,GUROBI,1,57,0,0,10,1,0,0,0,1,0
