instanceIndex,seedIndex,vpcGenerator,terms,lpBound,disjunctiveDualBound,lpBoundPostVpc,rootDualBound,dualBound,primalBound,vpcGenerationTime,rootDualBoundTime,bestSolutionTime,terminationTime,nodes,iterations,maxTime,actualTerms,numCuts,cutLimit,mipSolver,providePrimalBound,infeasibleTerms,feasibleToInfeasibleTerms,infeasibleToFeasibleTerms,termRemainsFeasibleBasisInfeasible,cutsChangedCoefficients,feasibleTermsPrunedByBound,tighten_disjunction,tighten_matrix_perturbation,tighten_infeasible_to_feasible_term,tighten_feasible_to_infeasible_basis
0,0,None,64,486.500000,486.500000,486.500000,503.000000,507.000000,507.000000,0.000024,0.366123,0.402685,0.443434,165,2928,3600.000000,0,0,0,GUROBI,1,0,0,0,0,0,0,0,0,0,0
1,0,None,64,445.711043,445.711043,445.711043,504.000000,507.000000,507.000000,0.000004,0.381378,0.492253,0.529152,345,3951,3600.000000,0,0,0,GUROBI,1,0,0,0,0,0,0,0,0,0,0
2,0,None,64,485.536788,485.536788,485.536788,501.000000,507.000000,507.000000,0.000003,0.204371,0.336851,0.367040,290,2686,3600.000000,0,0,0,GUROBI,1,0,0,0,0,0,0,0,0,0,0
3,0,None,64,457.359749,457.359749,457.359749,503.000000,507.000000,507.000000,0.000003,0.356719,0.467849,0.516294,287,4084,3600.000000,0,0,0,GUROBI,1,0,0,0,0,0,0,0,0,0,0
4,0,None,64,384.320087,384.320087,384.320087,499.470888,510.000000,510.000000,0.000003,0.256677,0.296038,0.296771,55,792,3600.000000,0,0,0,GUROBI,1,0,0,0,0,0,0,0,0,0,0
