instanceIndex,seedIndex,vpcGenerator,terms,lpBound,disjunctiveDualBound,lpBoundPostVpc,rootDualBound,dualBound,primalBound,vpcGenerationTime,rootDualBoundTime,bestSolutionTime,terminationTime,nodes,iterations,maxTime,actualTerms,numCuts,cutLimit,mipSolver,providePrimalBound,infeasibleTerms,feasibleToInfeasibleTerms,infeasibleToFeasibleTerms,termRemainsFeasibleBasisInfeasible,cutsChangedCoefficients,feasibleTermsPrunedByBound,tighten_disjunction,tighten_matrix_perturbation,tighten_infeasible_to_feasible_term,tighten_feasible_to_infeasible_basis
0,0,New,64,444.436047,445.058824,444.436047,445.000000,472.000000,472.000000,4.390949,4.711289,95.745312,98.187734,10202,637550,3600.000000,67,1,30,GUROBI,1,57,0,0,0,0,0,0,0,0,0
1,0,Basis,64,344.828916,344.853247,344.828916,442.021389,471.000000,471.000000,1.031702,2.156494,395.862906,591.795030,79413,3815928,3600.000000,67,1,0,GUROBI,1,57,0,0,10,1,0,0,0,0,1
2,0,Basis,64,392.350426,392.594280,392.350426,445.000000,472.000000,472.000000,0.736078,1.193616,33.710847,41.120822,1983,138194,3600.000000,67,1,0,GUROBI,1,57,0,0,10,1,0,0,0,0,1
3,0,Basis,64,345.685993,348.253522,345.685993,435.881620,441.000000,441.000000,1.168269,1.679442,2.565679,7.356968,958,41412,3600.000000,67,1,0,GUROBI,1,59,2,0,8,1,0,0,0,0,1
4,0,Basis,64,324.025210,324.054543,324.025210,428.500000,440.000000,440.000000,1.094898,1.397642,39.794789,40.697948,6834,435132,3600.000000,67,1,0,GUROBI,1,57,0,0,10,1,0,0,0,0,1
