instanceIndex,seedIndex,vpcGenerator,terms,lpBound,disjunctiveDualBound,lpBoundPostVpc,rootDualBound,dualBound,primalBound,vpcGenerationTime,rootDualBoundTime,bestSolutionTime,terminationTime,nodes,iterations,maxTime,actualTerms,numCuts,cutLimit,mipSolver,providePrimalBound,infeasibleTerms,feasibleToInfeasibleTerms,infeasibleToFeasibleTerms,termRemainsFeasibleBasisInfeasible,cutsChangedCoefficients,feasibleTermsPrunedByBound,tighten_disjunction,tighten_matrix_perturbation,tighten_infeasible_to_feasible_term,tighten_feasible_to_infeasible_basis
0,0,New,4,444.436047,445.058824,444.436047,445.000000,457.000000,472.000000,1.891461,2.184359,145.303750,3601.892963,594100,29979564,3600.000000,4,24,30,GUROBI,1,0,0,0,0,0,0,0,0,0,0
1,0,Term,4,344.828916,344.853247,344.828916,442.051226,458.833333,471.000000,0.077311,1.005486,118.005679,3600.078847,1786011,45422807,3600.000000,4,24,0,GUROBI,1,0,0,0,4,24,0,0,0,1,0
2,0,Term,4,392.350426,392.594280,392.350426,445.000000,472.000000,472.000000,0.043461,0.524308,61.296987,92.946946,10202,659326,3600.000000,4,24,0,GUROBI,1,0,0,0,4,24,0,0,0,1,0
3,0,Term,4,345.685993,345.759680,345.685993,435.782408,441.000000,441.000000,0.072151,0.465329,1.105735,4.512575,965,38676,3600.000000,4,24,0,GUROBI,1,0,0,0,4,24,0,0,0,1,0
4,0,Term,4,324.025210,324.054543,324.025210,428.500000,440.000000,440.000000,0.071564,0.363185,5.869694,37.308445,7065,430727,3600.000000,4,24,0,GUROBI,1,0,0,0,4,24,0,0,0,1,0
