instanceIndex,seedIndex,vpcGenerator,terms,lpBound,disjunctiveDualBound,lpBoundPostVpc,rootDualBound,dualBound,primalBound,vpcGenerationTime,rootDualBoundTime,bestSolutionTime,terminationTime,nodes,iterations,maxTime,actualTerms,numCuts,cutLimit,mipSolver,providePrimalBound,infeasibleTerms,feasibleToInfeasibleTerms,infeasibleToFeasibleTerms,termRemainsFeasibleBasisInfeasible,cutsChangedCoefficients,feasibleTermsPrunedByBound,tighten_disjunction,tighten_matrix_perturbation,tighten_infeasible_to_feasible_term,tighten_feasible_to_infeasible_basis
0,0,New,4,444.436047,445.058824,444.436047,445.000000,456.000000,472.000000,1.509420,1.749990,81.999665,3601.510791,817115,42795540,3600.000000,4,24,30,GUROBI,1,0,0,0,0,0,0,0,0,0,0
1,0,Disjunction,4,444.436047,445.058824,444.436047,445.000000,472.000000,472.000000,0.021648,0.259532,54.146645,62.360524,11415,682840,3600.000000,4,24,0,GUROBI,1,0,0,0,0,0,0,1,0,0,0
2,0,Disjunction,4,444.431073,445.052430,444.431073,445.000000,471.960938,471.992188,0.018139,0.252877,53.017762,62.533286,13130,640434,3600.000000,4,24,0,GUROBI,1,0,0,0,0,0,0,1,0,0,0
3,0,Disjunction,4,444.436047,445.058824,444.436047,445.000000,472.000000,472.000000,0.019290,0.247301,39.148409,45.511571,10202,478795,3600.000000,4,24,0,GUROBI,1,0,0,0,0,0,0,1,0,0,0
4,0,Disjunction,4,444.436047,445.058824,444.436047,445.000000,471.953125,472.000000,0.021234,0.220302,50.054063,330.459818,88266,3217952,3600.000000,4,24,0,GUROBI,1,0,0,0,0,0,0,1,0,0,0
