instanceIndex,seedIndex,vpcGenerator,terms,lpBound,disjunctiveDualBound,lpBoundPostVpc,rootDualBound,dualBound,primalBound,vpcGenerationTime,rootDualBoundTime,bestSolutionTime,terminationTime,nodes,iterations,maxTime,actualTerms,numCuts,cutLimit,mipSolver,providePrimalBound,infeasibleTerms,feasibleToInfeasibleTerms,infeasibleToFeasibleTerms,termRemainsFeasibleBasisInfeasible,cutsChangedCoefficients,feasibleTermsPrunedByBound,tighten_disjunction,tighten_matrix_perturbation,tighten_infeasible_to_feasible_term,tighten_feasible_to_infeasible_basis
0,0,New,64,0.466074,7.749426,2.328479,8.266315,35.764504,35.767842,1166.638602,1168.379445,1793.705401,1832.130153,131964,6268508,3600.000000,81,153,202,GUROBI,1,49,0,0,0,0,0,0,0,0,0
1,0,Term,64,0.464967,7.747577,2.292501,9.287511,35.767724,35.767842,1.200158,2.749164,47.345739,528.211483,90332,4471551,3600.000000,81,153,0,GUROBI,1,49,0,0,0,0,0,0,0,1,0
2,0,Term,64,0.466074,7.749426,2.293556,8.988124,35.764453,35.767842,0.900037,2.574155,522.791930,553.421730,108646,4900534,3600.000000,81,153,0,GUROBI,1,49,0,0,0,0,0,0,0,1,0
3,0,Term,64,0.466686,7.749426,2.294194,9.501387,36.264271,36.267842,1.274584,2.791905,910.161971,1003.731692,188182,8001665,3600.000000,81,153,0,GUROBI,1,49,0,0,0,0,0,0,0,1,0
4,0,Term,64,0.466074,7.749426,2.290399,8.988124,35.764781,35.767842,0.838899,2.528628,860.130320,861.132896,152316,7488647,3600.000000,81,153,0,GUROBI,1,49,0,0,0,0,0,0,0,1,0
5,0,Term,64,0.466074,7.749426,2.293556,8.988124,35.764495,35.767842,0.763173,2.446622,567.004915,576.365878,116734,5717874,3600.000000,81,153,0,GUROBI,1,49,0,0,0,0,0,0,0,1,0
