instanceIndex,seedIndex,vpcGenerator,terms,lpBound,disjunctiveDualBound,lpBoundPostVpc,rootDualBound,dualBound,primalBound,vpcGenerationTime,rootDualBoundTime,bestSolutionTime,terminationTime,nodes,iterations,maxTime,actualTerms,numCuts,cutLimit,mipSolver,providePrimalBound,infeasibleTerms,feasibleToInfeasibleTerms,infeasibleToFeasibleTerms,termRemainsFeasibleBasisInfeasible,cutsChangedCoefficients,feasibleTermsPrunedByBound,tighten_disjunction,tighten_matrix_perturbation,tighten_infeasible_to_feasible_term,tighten_feasible_to_infeasible_basis
0,0,New,64,0.466074,7.749426,2.410776,10.354299,35.767602,35.767842,1003.623179,1005.400839,2019.339585,2039.706806,167159,9087536,3600.000000,81,173,202,GUROBI,1,49,0,0,0,0,0,0,0,0,0
1,0,New,64,0.464967,5.757916,2.830626,8.491483,35.764955,35.767842,1502.190220,1503.989214,2037.058804,2045.676799,100586,4755326,3600.000000,66,192,203,GUROBI,1,35,0,0,0,0,0,0,0,0,0
2,0,New,64,0.466074,7.749316,2.781738,10.166799,35.764805,35.767842,909.404479,911.138795,1505.148624,1591.787891,107202,5643497,3600.000000,64,169,202,GUROBI,1,32,0,0,0,0,0,0,0,0,0
3,0,New,64,0.466686,7.749316,2.591666,8.602005,36.264533,36.267842,688.332973,690.753763,1620.164513,1633.349640,148536,8140121,3600.000000,64,162,203,GUROBI,1,32,0,0,0,0,0,0,0,0,0
4,0,New,64,0.466074,6.697634,2.954680,8.309865,35.764393,35.767842,1152.803304,1154.759434,1740.993523,1893.317070,123904,6975122,3600.000000,66,187,202,GUROBI,1,35,0,0,0,0,0,0,0,0,0
5,0,New,64,0.466074,7.749426,2.392939,9.484395,35.765222,35.767842,996.265139,997.838892,1302.074919,1494.771675,86046,4176955,3600.000000,81,163,202,GUROBI,1,49,0,0,0,0,0,0,0,0,0
