instanceIndex,seedIndex,vpcGenerator,terms,lpBound,disjunctiveDualBound,lpBoundPostVpc,rootDualBound,dualBound,primalBound,vpcGenerationTime,rootDualBoundTime,bestSolutionTime,terminationTime,nodes,iterations,maxTime,actualTerms,numCuts,cutLimit,mipSolver,providePrimalBound,infeasibleTerms,feasibleToInfeasibleTerms,infeasibleToFeasibleTerms,termRemainsFeasibleBasisInfeasible,cutsChangedCoefficients,feasibleTermsPrunedByBound,tighten_disjunction,tighten_matrix_perturbation,tighten_infeasible_to_feasible_term,tighten_feasible_to_infeasible_basis
0,0,New,4,0.466074,0.563285,0.475538,9.166801,35.764296,35.767842,1.258583,2.189218,1246.168979,1339.751429,164886,10066164,3600.000000,5,9,202,GUROBI,1,1,0,0,0,0,0,0,0,0,0
1,0,All,4,0.464967,0.562896,0.474483,4.604725,35.764327,35.767842,0.074999,1.110702,810.561886,840.952987,175203,7814788,3600.000000,5,9,0,GUROBI,1,1,0,0,0,0,0,1,1,1,1
2,0,All,4,0.466074,0.563285,0.475538,10.222406,35.764382,35.767842,0.031399,1.578042,1002.367444,1025.784277,170409,8153542,3600.000000,5,9,0,GUROBI,1,1,0,0,0,0,0,1,1,1,1
3,0,All,4,0.466686,0.564696,0.476172,9.368550,36.264428,36.267842,0.031543,1.329711,604.992135,791.497787,119565,5715351,3600.000000,5,9,0,GUROBI,1,1,0,0,0,0,0,1,1,1,1
4,0,All,4,0.466074,0.563285,0.475538,10.222406,35.765156,35.767842,0.030561,1.574365,866.775013,866.805728,136251,7400174,3600.000000,5,9,0,GUROBI,1,1,0,0,0,0,0,1,1,1,1
5,0,All,4,0.466074,0.563285,0.475538,10.222406,35.764285,35.767842,0.032654,1.572232,629.908539,629.909066,112530,5453827,3600.000000,5,9,0,GUROBI,1,1,0,0,0,0,0,1,1,1,1
