instanceIndex,seedIndex,vpcGenerator,terms,lpBound,disjunctiveDualBound,lpBoundPostVpc,rootDualBound,dualBound,primalBound,vpcGenerationTime,rootDualBoundTime,bestSolutionTime,terminationTime,nodes,iterations,maxTime,actualTerms,numCuts,cutLimit,mipSolver,providePrimalBound,infeasibleTerms,feasibleToInfeasibleTerms,infeasibleToFeasibleTerms,termRemainsFeasibleBasisInfeasible,cutsChangedCoefficients,feasibleTermsPrunedByBound,tighten_disjunction,tighten_matrix_perturbation,tighten_infeasible_to_feasible_term,tighten_feasible_to_infeasible_basis
0,0,New,64,0.466074,7.749426,2.460019,8.268142,35.765169,35.767842,1142.446620,1143.127435,1389.585170,1393.733487,90712,4291189,3600.000000,81,173,202,GUROBI,1,49,0,0,0,0,0,0,0,0,0
1,0,Basis,64,0.514051,5.116820,0.514051,3.942634,40.755703,40.759605,1.165126,1.981030,1104.899322,1182.800583,349695,18140668,3600.000000,81,173,0,GUROBI,1,34,0,15,32,173,0,0,0,0,1
2,0,Basis,64,0.490258,7.763842,0.490258,0.665486,38.835964,38.839737,0.894281,1.393583,2023.037055,2849.518577,2177219,90691123,3600.000000,81,173,0,GUROBI,1,38,0,11,32,173,0,0,0,0,1
3,0,Basis,64,0.528612,4.681941,0.638058,5.105102,39.781853,39.785816,1.622287,3.599532,2644.479480,3047.447122,196904,12023806,3600.000000,81,173,0,GUROBI,1,33,0,16,32,173,0,0,0,0,1
4,0,Basis,64,0.512837,7.347512,0.512837,5.784820,37.100955,40.839737,21.795176,24.154809,3621.796228,3621.796386,218068,13430838,3600.000000,81,173,0,GUROBI,1,46,1,4,30,173,0,0,0,0,1
