instanceIndex,seedIndex,vpcGenerator,terms,lpBound,disjunctiveDualBound,lpBoundPostVpc,rootDualBound,dualBound,primalBound,vpcGenerationTime,rootDualBoundTime,bestSolutionTime,terminationTime,nodes,iterations,maxTime,actualTerms,numCuts,cutLimit,mipSolver,providePrimalBound,infeasibleTerms,feasibleToInfeasibleTerms,infeasibleToFeasibleTerms,termRemainsFeasibleBasisInfeasible,cutsChangedCoefficients,feasibleTermsPrunedByBound,tighten_disjunction,tighten_matrix_perturbation,tighten_infeasible_to_feasible_term,tighten_feasible_to_infeasible_basis
0,0,New,64,0.466074,7.749426,2.460019,7.549334,35.764374,35.767842,1100.843860,1101.875076,1460.875314,1569.557938,152775,8146460,3600.000000,81,174,202,GUROBI,1,49,0,0,0,0,0,0,0,0,0
1,0,Matrix,64,0.514051,5.116820,0.514051,3.156837,40.755536,40.759605,1.677800,2.627186,1454.207450,1494.008231,420331,21949004,3600.000000,81,174,0,GUROBI,1,34,0,15,32,174,0,0,1,0,0
2,0,Matrix,64,0.490258,7.763842,0.490258,4.805300,38.836093,38.839737,0.946365,1.593802,756.326197,762.373367,266899,12928198,3600.000000,81,174,0,GUROBI,1,38,0,11,32,174,0,0,1,0,0
3,0,Matrix,64,0.528612,4.681941,0.638680,2.426852,39.781930,39.785816,1.713019,2.555628,965.767168,966.410162,241142,14302979,3600.000000,81,174,0,GUROBI,1,33,0,16,32,174,0,0,1,0,0
4,0,Matrix,64,0.512837,7.347512,2.132008,4.422362,40.835674,40.839737,18.666687,19.912862,1918.574562,1921.334921,463039,29187257,3600.000000,81,174,0,GUROBI,1,46,1,4,30,174,0,0,1,0,0
