instanceIndex,seedIndex,vpcGenerator,terms,lpBound,disjunctiveDualBound,lpBoundPostVpc,rootDualBound,dualBound,primalBound,vpcGenerationTime,rootDualBoundTime,bestSolutionTime,terminationTime,nodes,iterations,maxTime,actualTerms,numCuts,cutLimit,mipSolver,providePrimalBound,infeasibleTerms,feasibleToInfeasibleTerms,infeasibleToFeasibleTerms,termRemainsFeasibleBasisInfeasible,cutsChangedCoefficients,feasibleTermsPrunedByBound,tighten_disjunction,tighten_matrix_perturbation,tighten_infeasible_to_feasible_term,tighten_feasible_to_infeasible_basis
0,0,New,64,0.466074,7.749426,2.410776,8.439865,35.764358,35.767842,686.247985,688.018696,1233.059882,1301.297928,131085,6039345,3600.000000,81,171,202,GUROBI,1,49,0,0,0,0,0,0,0,0,0
1,0,NoDisjunction,64,0.514051,5.116820,0.514051,1.772489,40.755546,40.759605,2.136137,2.979228,1767.778479,2238.975258,333597,16898756,3600.000000,81,171,0,GUROBI,1,34,0,15,32,171,0,0,1,1,1
2,0,NoDisjunction,64,0.490258,7.763842,0.490258,3.627367,38.835883,38.839737,1.676060,2.655492,1283.316390,1299.398117,225143,11674061,3600.000000,81,171,0,GUROBI,1,38,0,11,32,171,0,0,1,1,1
3,0,NoDisjunction,64,0.528612,4.681941,0.620144,5.869709,39.785650,39.785816,2.177161,4.015235,1987.079799,2059.047555,266249,16406121,3600.000000,81,171,0,GUROBI,1,33,0,16,32,171,0,0,1,1,1
4,0,NoDisjunction,64,0.512837,7.347512,2.044393,6.262007,40.835659,40.839737,32.554027,34.487766,2456.111989,2483.296986,378637,21639570,3600.000000,81,171,0,GUROBI,1,46,1,4,30,171,0,0,1,1,1
