instanceIndex,seedIndex,vpcGenerator,terms,lpBound,disjunctiveDualBound,lpBoundPostVpc,rootDualBound,dualBound,primalBound,vpcGenerationTime,rootDualBoundTime,bestSolutionTime,terminationTime,nodes,iterations,maxTime,actualTerms,numCuts,cutLimit,mipSolver,providePrimalBound,infeasibleTerms,feasibleToInfeasibleTerms,infeasibleToFeasibleTerms,termRemainsFeasibleBasisInfeasible,cutsChangedCoefficients,feasibleTermsPrunedByBound,tighten_disjunction,tighten_matrix_perturbation,tighten_infeasible_to_feasible_term,tighten_feasible_to_infeasible_basis
0,0,New,64,0.466074,7.749426,2.460019,8.949175,35.764310,35.767842,1121.295614,1122.722278,1502.879893,1508.913511,107680,5238785,3600.000000,81,173,202,GUROBI,1,49,0,0,0,0,0,0,0,0,0
1,0,Disjunction,64,0.514051,5.116820,0.514051,1.732892,40.755534,40.759605,1.090321,1.658974,1887.072850,1929.098029,518511,28202883,3600.000000,81,173,0,GUROBI,1,34,0,15,32,173,0,1,0,0,0
2,0,Disjunction,64,0.490258,7.763842,0.490258,1.893026,38.835861,38.839737,0.779627,1.827552,799.730815,799.730955,242984,12618416,3600.000000,81,173,0,GUROBI,1,38,0,11,32,173,0,1,0,0,0
3,0,Disjunction,64,0.528612,4.681941,0.638058,4.981378,39.781936,39.785816,1.110347,1.874734,447.493174,577.324485,160402,9432745,3600.000000,81,173,0,GUROBI,1,33,0,16,32,173,0,1,0,0,0
4,0,Disjunction,64,0.512837,7.347512,0.512837,6.742427,40.836307,40.839737,1.293849,1.974965,141.003958,628.215302,161749,9628974,3600.000000,81,173,0,GUROBI,1,46,1,4,30,173,0,1,0,0,0
