instanceIndex,seedIndex,vpcGenerator,terms,lpBound,disjunctiveDualBound,lpBoundPostVpc,rootDualBound,dualBound,primalBound,vpcGenerationTime,rootDualBoundTime,bestSolutionTime,terminationTime,nodes,iterations,maxTime,actualTerms,numCuts,cutLimit,mipSolver,providePrimalBound,infeasibleTerms,feasibleToInfeasibleTerms,infeasibleToFeasibleTerms,termRemainsFeasibleBasisInfeasible,cutsChangedCoefficients,feasibleTermsPrunedByBound,tighten_disjunction,tighten_matrix_perturbation,tighten_infeasible_to_feasible_term,tighten_feasible_to_infeasible_basis
0,0,None,64,-2451537.325024,-2451537.325024,-2451537.325024,-2451467.097651,-2451430.278972,-2451297.000000,0.000001,1.116034,17.761751,17.764387,4488,14265,3600.000000,0,0,0,GUROBI,1,0,0,0,0,0,0,0,0,0,0
1,0,None,64,-2448862.648702,-2448862.648702,-2448862.648702,-2448840.464823,-2448833.776532,-2448791.000000,0.000003,1.585916,93.329971,93.346607,10154,214950,3600.000000,0,0,0,GUROBI,1,0,0,0,0,0,0,0,0,0,0
2,0,None,64,-2450168.725402,-2450168.725402,-2450168.725402,-2450085.374884,-2450053.000000,-2449990.000000,0.000003,1.133888,30.622626,30.623982,5301,21471,3600.000000,0,0,0,GUROBI,1,0,0,0,0,0,0,0,0,0,0
3,0,None,64,-2451537.325024,-2451537.325024,-2451537.325024,-2451467.097651,-2451430.278972,-2451279.000000,0.000003,1.089079,17.669319,17.671733,4481,14139,3600.000000,0,0,0,GUROBI,1,0,0,0,0,0,0,0,0,0,0
4,0,None,64,-2389751.110004,-2389751.110004,-2389751.110004,-2389741.903228,-2389740.238235,-2389615.000000,0.000002,1.440822,10.425182,10.429237,1425,11094,3600.000000,0,0,0,GUROBI,1,0,0,0,0,0,0,0,0,0,0
5,0,None,64,-2451537.325024,-2451537.325024,-2451537.325024,-2451466.653894,-2451428.000000,-2451303.000000,0.000002,1.126222,22.269156,22.271378,6488,26804,3600.000000,0,0,0,GUROBI,1,0,0,0,0,0,0,0,0,0,0
