instanceIndex,seedIndex,vpcGenerator,terms,lpBound,disjunctiveDualBound,lpBoundPostVpc,rootDualBound,dualBound,primalBound,vpcGenerationTime,rootDualBoundTime,bestSolutionTime,terminationTime,nodes,iterations,maxTime,actualTerms,numCuts,cutLimit,mipSolver,providePrimalBound,infeasibleTerms,feasibleToInfeasibleTerms,infeasibleToFeasibleTerms,termRemainsFeasibleBasisInfeasible,cutsChangedCoefficients,feasibleTermsPrunedByBound,tighten_disjunction,tighten_matrix_perturbation,tighten_infeasible_to_feasible_term,tighten_feasible_to_infeasible_basis
0,0,New,4,-2451537.325024,-2451451.740777,-2451453.736606,-2451451.906380,-2451431.671897,-2451297.000000,7.011389,8.380525,31.254553,31.256286,5563,21133,3600.000000,4,2,2,GUROBI,1,0,0,0,0,0,0,0,0,0,0
1,0,New,4,-2451528.325024,-2451442.740777,-2451444.736606,-2451442.906380,-2451422.000000,-2451337.000000,6.947765,8.629599,33.198424,33.199995,5350,21853,3600.000000,4,2,2,GUROBI,1,0,0,0,0,0,0,0,0,0,0
2,0,New,4,-2451538.325024,-2451452.740777,-2451454.736606,-2451452.906380,-2451433.000000,-2451326.000000,7.095828,8.373762,35.977827,35.981356,6702,30126,3600.000000,4,2,2,GUROBI,1,0,0,0,0,0,0,0,0,0,0
3,0,New,4,-2451539.052746,-2451454.331359,-2451456.312648,-2451454.763735,-2451433.412684,-2451299.000000,7.069733,8.690895,25.461000,25.463162,3127,16770,3600.000000,4,2,2,GUROBI,1,0,0,0,0,0,0,0,0,0,0
4,0,New,4,-2451545.869581,-2451459.331359,-2451462.044168,-2451460.900708,-2451440.802100,-2451303.000000,7.287681,8.691913,55.875491,55.878450,4477,25895,3600.000000,4,2,2,GUROBI,1,0,0,0,0,0,0,0,0,0,0
5,0,New,4,-2451544.325024,-2451459.331359,-2451461.218767,-2451459.428805,-2451442.682012,-2451363.000000,7.242215,8.587548,46.705372,46.715541,5327,71623,3600.000000,4,2,2,GUROBI,1,0,0,0,0,0,0,0,0,0,0
