instanceIndex,seedIndex,vpcGenerator,terms,lpBound,disjunctiveDualBound,lpBoundPostVpc,rootDualBound,dualBound,primalBound,vpcGenerationTime,rootDualBoundTime,bestSolutionTime,terminationTime,nodes,iterations,maxTime,actualTerms,numCuts,cutLimit,mipSolver,providePrimalBound,infeasibleTerms,feasibleToInfeasibleTerms,infeasibleToFeasibleTerms,termRemainsFeasibleBasisInfeasible,cutsChangedCoefficients,feasibleTermsPrunedByBound,tighten_disjunction,tighten_matrix_perturbation,tighten_infeasible_to_feasible_term,tighten_feasible_to_infeasible_basis
0,0,New,4,-2451537.325024,-2451451.740777,-2451453.736606,-2451451.906380,-2451431.671897,-2451297.000000,7.149266,8.457195,32.173701,32.175427,5563,21133,3600.000000,4,2,2,GUROBI,1,0,0,0,0,0,0,0,0,0,0
1,0,All,4,-2448862.648702,-2448836.749511,-2448836.749511,-2448835.645091,-2448824.217544,-2448791.000000,0.060644,1.645304,110.537394,110.552764,10185,209420,3600.000000,4,2,0,GUROBI,1,0,0,0,4,0,0,1,1,1,1
2,0,All,4,-2450168.725402,-2450081.313511,-2450101.642348,-2450079.311370,-2450059.000000,-2449990.000000,0.067380,1.580781,45.148769,45.151002,6546,33549,3600.000000,4,2,0,GUROBI,1,0,0,0,4,0,0,1,1,1,1
3,0,All,4,-2451537.325024,-2451451.740777,-2451453.736606,-2451451.944465,-2451429.424828,-2451279.000000,0.063932,1.557706,19.937433,19.939931,3413,18330,3600.000000,4,2,0,GUROBI,1,0,0,0,0,0,0,1,1,1,1
4,0,All,4,-2389751.110004,-2389751.110004,-2389751.110004,-2389741.903228,-2389740.238235,-2389615.000000,0.076294,1.753335,11.443551,11.448159,1425,11094,3600.000000,4,2,0,GUROBI,1,0,0,0,4,0,0,1,1,1,1
5,0,All,4,-2451537.325024,-2451451.740777,-2451453.736606,-2451451.944200,-2451429.419518,-2451303.000000,0.070155,1.327562,20.650863,20.653421,3490,19111,3600.000000,4,2,0,GUROBI,1,0,0,0,0,0,0,1,1,1,1
