instanceIndex,seedIndex,vpcGenerator,terms,lpBound,disjunctiveDualBound,lpBoundPostVpc,rootDualBound,dualBound,primalBound,vpcGenerationTime,rootDualBoundTime,bestSolutionTime,terminationTime,nodes,iterations,maxTime,actualTerms,numCuts,cutLimit,mipSolver,providePrimalBound,infeasibleTerms,feasibleToInfeasibleTerms,infeasibleToFeasibleTerms,termRemainsFeasibleBasisInfeasible,cutsChangedCoefficients,feasibleTermsPrunedByBound,tighten_disjunction,tighten_matrix_perturbation,tighten_infeasible_to_feasible_term,tighten_feasible_to_infeasible_basis
0,0,None,4,-2451537.325024,-2451537.325024,-2451537.325024,-2451467.097651,-2451430.278972,-2451297.000000,0.000003,0.580065,13.009010,13.010902,4486,14281,3600.000000,0,0,0,GUROBI,1,0,0,0,0,0,0,0,0,0,0
1,0,None,4,-2392355.511506,-2392355.511506,-2392355.511506,-2341255.105196,-2341247.838136,-2341142.000000,0.000003,0.664919,50.443331,50.449904,9212,146175,3600.000000,0,0,0,GUROBI,1,0,0,0,0,0,0,0,0,0,0
2,0,None,4,-2403702.634913,-2403702.634913,-2403702.634913,-2369863.060716,-2369845.083336,-2369747.000000,0.000002,0.894395,22.389093,22.390790,4745,23382,3600.000000,0,0,0,GUROBI,1,0,0,0,0,0,0,0,0,0,0
3,0,None,4,-2426323.603352,-2426323.603352,-2426323.603352,-2380524.741875,-2380501.000000,-2380348.000000,0.000003,0.674574,2.769362,2.770083,1286,4368,3600.000000,0,0,0,GUROBI,1,0,0,0,0,0,0,0,0,0,0
4,0,None,4,-2435422.873909,-2435422.873909,-2435422.873909,-2424606.000520,-2424597.897460,-2424477.000000,0.000003,0.504941,9.211255,9.212185,3959,9341,3600.000000,0,0,0,GUROBI,1,0,0,0,0,0,0,0,0,0,0
5,0,None,4,-2427662.234238,-2427662.234238,-2427662.234238,-2416286.785681,-2416272.946710,-2416201.000000,0.000002,0.987331,47.131092,47.138334,9746,188837,3600.000000,0,0,0,GUROBI,1,0,0,0,0,0,0,0,0,0,0
