instanceIndex,seedIndex,vpcGenerator,terms,lpBound,disjunctiveDualBound,lpBoundPostVpc,rootDualBound,dualBound,primalBound,vpcGenerationTime,rootDualBoundTime,bestSolutionTime,terminationTime,nodes,iterations,maxTime,actualTerms,numCuts,cutLimit,mipSolver,providePrimalBound,infeasibleTerms,feasibleToInfeasibleTerms,infeasibleToFeasibleTerms,termRemainsFeasibleBasisInfeasible,cutsChangedCoefficients,feasibleTermsPrunedByBound,tighten_disjunction,tighten_matrix_perturbation,tighten_infeasible_to_feasible_term,tighten_feasible_to_infeasible_basis
0,0,New,64,-2451537.325024,-2451428.829672,-2451468.708650,-2451464.794343,-2451427.933832,-2451297.000000,78.838631,80.931522,111.408362,111.422799,4313,12244,3600.000000,64,2,2,GUROBI,1,26,0,0,0,0,0,0,0,0,0
1,0,Matrix,64,-2451556.765758,-2451454.742713,-2451496.480048,-2451485.362717,-2451452.563027,-2451311.000000,1.129506,4.186110,50.632968,50.635766,4802,34443,3600.000000,64,2,0,GUROBI,1,26,0,0,0,0,0,0,1,0,0
2,0,Matrix,64,-2451558.918891,-2451460.992333,-2451513.099857,-2451502.037497,-2451459.246865,-2451321.000000,1.217261,3.589008,81.890166,81.913696,4282,16383,3600.000000,64,2,0,GUROBI,1,26,0,0,0,0,0,0,1,0,0
3,0,Matrix,64,-2451520.780467,-2451411.876939,-2451447.537486,-2451443.558810,-2451409.000000,-2451326.000000,1.117343,3.793620,16.666393,16.670029,1816,7869,3600.000000,64,2,0,GUROBI,1,26,0,0,0,0,0,0,1,0,0
4,0,Matrix,64,-2451541.230973,-2451440.741948,-2451467.798942,-2451466.209391,-2451434.000000,-2451285.000000,1.136724,3.604475,70.156351,70.158024,5102,26855,3600.000000,64,2,0,GUROBI,1,26,0,0,0,0,0,0,1,0,0
5,0,Matrix,64,-2451485.616183,-2451379.774828,-2451417.866964,-2451414.137118,-2451379.558906,-2451293.000000,0.941561,3.338794,82.706199,82.710712,4522,25742,3600.000000,64,2,0,GUROBI,1,26,0,0,0,0,0,0,1,0,0
