instanceIndex,seedIndex,vpcGenerator,terms,lpBound,disjunctiveDualBound,lpBoundPostVpc,rootDualBound,dualBound,primalBound,vpcGenerationTime,rootDualBoundTime,bestSolutionTime,terminationTime,nodes,iterations,maxTime,actualTerms,numCuts,cutLimit,mipSolver,providePrimalBound,infeasibleTerms,feasibleToInfeasibleTerms,infeasibleToFeasibleTerms,termRemainsFeasibleBasisInfeasible,cutsChangedCoefficients,feasibleTermsPrunedByBound,tighten_disjunction,tighten_matrix_perturbation,tighten_infeasible_to_feasible_term,tighten_feasible_to_infeasible_basis
0,0,None,4,-18.285714,-18.285714,-18.285714,-18.285714,-12.000000,-12.000000,0.000022,176.530625,292.125946,292.126547,17,56956,3600.000000,0,0,0,GUROBI,1,0,0,0,0,0,0,0,0,0,0
1,0,None,4,-18.285714,-18.285714,-18.285714,-18.285714,-12.000000,-12.000000,0.000021,260.277002,423.610096,423.852610,25,78434,3600.000000,0,0,0,GUROBI,1,0,0,0,0,0,0,0,0,0,0
2,0,None,4,-18.285714,-18.285714,-18.285714,-18.285714,-12.000000,-12.000000,0.000026,236.577250,365.345592,365.346207,49,72369,3600.000000,0,0,0,GUROBI,1,0,0,0,0,0,0,0,0,0,0
3,0,None,4,-18.357143,-18.357143,-18.357143,-18.357143,-12.250000,-12.250000,0.000023,208.770079,394.614083,394.614713,54,97280,3600.000000,0,0,0,GUROBI,1,0,0,0,0,0,0,0,0,0,0
4,0,None,4,-18.357143,-18.357143,-18.357143,-18.357143,-12.250000,-12.250000,0.000019,220.660134,451.952790,460.532811,42,110053,3600.000000,0,0,0,GUROBI,1,0,0,0,0,0,0,0,0,0,0
5,0,None,4,-18.285714,-18.285714,-18.285714,-18.285714,-12.000000,-12.000000,0.000015,225.194063,468.054131,468.054771,45,131809,3600.000000,0,0,0,GUROBI,1,0,0,0,0,0,0,0,0,0,0
