instanceIndex,seedIndex,vpcGenerator,terms,lpBound,disjunctiveDualBound,lpBoundPostVpc,rootDualBound,dualBound,primalBound,vpcGenerationTime,rootDualBoundTime,bestSolutionTime,terminationTime,nodes,iterations,maxTime,actualTerms,numCuts,cutLimit,mipSolver,providePrimalBound,infeasibleTerms,feasibleToInfeasibleTerms,infeasibleToFeasibleTerms,termRemainsFeasibleBasisInfeasible,cutsChangedCoefficients,feasibleTermsPrunedByBound,tighten_disjunction,tighten_matrix_perturbation,tighten_infeasible_to_feasible_term,tighten_feasible_to_infeasible_basis
0,0,New,4,269.251587,271.600000,271.064823,300.402575,351.000000,351.000000,15.097658,16.459332,645.798087,645.798276,36955,4212546,3600.000000,4,136,136,GUROBI,1,0,0,0,0,0,0,0,0,0,0
1,0,Basis,4,275.501587,277.850000,277.314823,307.644776,357.250000,357.250000,0.093973,1.589812,1883.042526,1991.125882,44953,4621157,3600.000000,4,136,0,GUROBI,1,0,0,0,0,0,0,0,0,0,1
2,0,Basis,4,269.251587,271.600000,271.064823,303.195805,351.000000,351.000000,0.125077,5.661907,2604.936375,2905.164807,52755,5018739,3600.000000,4,136,0,GUROBI,1,0,0,0,0,0,0,0,0,0,1
3,0,Basis,4,269.377222,271.725000,271.209508,302.131401,351.125000,351.125000,0.141902,1.690892,1761.735322,1843.118966,41924,4199421,3600.000000,4,136,0,GUROBI,1,0,0,0,0,0,0,0,0,0,1
4,0,Basis,4,269.251587,271.600000,271.064823,301.850554,351.000000,351.000000,0.128147,4.044486,2684.593034,2748.363575,47286,4492383,3600.000000,4,136,0,GUROBI,1,0,0,0,0,0,0,0,0,0,1
5,0,Basis,4,272.376587,274.725000,274.189823,305.979090,354.125000,354.125000,0.129926,3.651594,1358.113822,1358.146814,45207,4432268,3600.000000,4,136,0,GUROBI,1,0,0,0,0,0,0,0,0,0,1
