instanceIndex,seedIndex,vpcGenerator,terms,lpBound,disjunctiveDualBound,lpBoundPostVpc,rootDualBound,dualBound,primalBound,vpcGenerationTime,rootDualBoundTime,bestSolutionTime,terminationTime,nodes,iterations,maxTime,actualTerms,numCuts,cutLimit,mipSolver,providePrimalBound,infeasibleTerms,feasibleToInfeasibleTerms,infeasibleToFeasibleTerms,termRemainsFeasibleBasisInfeasible,cutsChangedCoefficients,feasibleTermsPrunedByBound,tighten_disjunction,tighten_matrix_perturbation,tighten_infeasible_to_feasible_term,tighten_feasible_to_infeasible_basis
0,0,New,4,269.251587,271.600000,271.064823,297.914078,351.000000,351.000000,16.516673,17.647751,707.370550,737.650835,45852,4838673,3600.000000,4,136,136,GUROBI,1,0,0,0,0,0,0,0,0,0,0
1,0,New,4,256.751587,259.100000,258.556685,288.259002,339.500000,339.500000,16.980987,18.370656,758.113997,794.313951,52270,5275475,3600.000000,4,136,136,GUROBI,1,0,0,0,0,0,0,0,0,0,0
2,0,New,4,269.251587,271.600000,270.725347,300.821294,351.000000,351.000000,17.900402,19.215719,402.230933,477.066094,34318,3135276,3600.000000,4,136,136,GUROBI,1,0,0,0,0,0,0,0,0,0,0
3,0,New,4,269.251587,271.600000,271.255720,302.056357,351.000000,351.000000,27.230027,28.319262,698.634507,698.634746,38311,4377678,3600.000000,4,136,136,GUROBI,1,0,0,0,0,0,0,0,0,0,0
4,0,New,4,181.751587,184.100000,183.841925,215.224814,263.500000,263.500000,24.445951,25.527208,539.764231,539.764484,34244,3127643,3600.000000,4,136,136,GUROBI,1,0,0,0,0,0,0,0,0,0,0
5,0,New,4,256.751587,259.100000,258.688307,290.093926,338.500000,338.500000,25.430713,26.400148,558.551926,645.587433,43393,4139818,3600.000000,4,136,136,GUROBI,1,0,0,0,0,0,0,0,0,0,0
