instanceIndex,seedIndex,vpcGenerator,terms,lpBound,disjunctiveDualBound,lpBoundPostVpc,rootDualBound,dualBound,primalBound,vpcGenerationTime,rootDualBoundTime,bestSolutionTime,terminationTime,nodes,iterations,maxTime,actualTerms,numCuts,cutLimit,mipSolver,providePrimalBound,infeasibleTerms,feasibleToInfeasibleTerms,infeasibleToFeasibleTerms,termRemainsFeasibleBasisInfeasible,cutsChangedCoefficients,feasibleTermsPrunedByBound,tighten_disjunction,tighten_matrix_perturbation,tighten_infeasible_to_feasible_term,tighten_feasible_to_infeasible_basis
0,0,New,64,269.251587,273.531313,272.039907,304.315678,350.999999,350.999999,378.497467,380.681649,1198.473592,1200.585871,28830,2922034,3600.000000,105,136,136,GUROBI,1,93,0,0,0,0,0,0,0,0,0
1,0,New,64,175.262037,186.807631,179.427816,205.045656,229.000000,229.000000,43.163724,44.172924,77.141896,77.142564,3260,120768,3600.000000,68,39,148,GUROBI,1,59,0,0,0,0,0,0,0,0,0
2,0,New,64,227.637778,243.650000,233.496667,255.564604,277.999999,277.999999,6.645001,7.295876,28.737421,28.903410,3778,80081,3600.000000,86,1,125,GUROBI,1,76,0,0,0,0,0,0,0,0,0
3,0,New,64,52.902778,62.361905,57.077485,67.642486,69.000000,69.000000,4.549773,5.362347,5.423823,5.435092,38,827,3600.000000,67,2,148,GUROBI,1,57,0,0,0,0,0,0,0,0,0
4,0,New,64,151.049306,195.048903,189.160899,208.849372,241.000000,241.000000,10.150899,11.554561,253.621870,253.622534,21012,949991,3600.000000,80,1,140,GUROBI,1,68,0,0,0,0,0,0,0,0,0
