instanceIndex,seedIndex,vpcGenerator,terms,lpBound,disjunctiveDualBound,lpBoundPostVpc,rootDualBound,dualBound,primalBound,vpcGenerationTime,rootDualBoundTime,bestSolutionTime,terminationTime,nodes,iterations,maxTime,actualTerms,numCuts,cutLimit,mipSolver,providePrimalBound,infeasibleTerms,feasibleToInfeasibleTerms,infeasibleToFeasibleTerms,termRemainsFeasibleBasisInfeasible,cutsChangedCoefficients,feasibleTermsPrunedByBound,tighten_disjunction,tighten_matrix_perturbation,tighten_infeasible_to_feasible_term,tighten_feasible_to_infeasible_basis
0,0,New,4,269.251587,271.600000,271.064823,302.505643,351.000000,351.000000,14.646203,15.636222,641.623598,656.622070,39063,4160836,3600.000000,4,136,136,GUROBI,1,0,0,0,0,0,0,0,0,0,0
1,0,NoDisjunction,4,175.262037,176.341667,175.262037,205.160549,229.000000,229.000000,0.151408,0.964512,37.101628,37.880096,5339,191027,3600.000000,4,136,0,GUROBI,1,0,0,0,4,136,0,0,1,1,1
2,0,NoDisjunction,4,227.637778,227.637778,227.637778,258.527216,278.000000,278.000000,0.275438,0.921979,14.133973,14.134137,3497,71461,3600.000000,4,136,0,GUROBI,1,0,0,0,4,136,0,0,1,1,1
3,0,NoDisjunction,4,52.902778,52.902778,52.902778,67.853212,69.000000,69.000000,0.263808,0.784981,0.263808,0.789302,1,570,3600.000000,4,136,0,GUROBI,1,0,0,0,4,136,0,0,1,1,1
4,0,NoDisjunction,4,151.049306,152.605172,151.049306,209.197894,241.000000,241.000000,0.243904,1.182782,90.180179,94.301298,15333,639182,3600.000000,4,136,0,GUROBI,1,0,0,0,4,136,0,0,1,1,1
