instanceIndex,seedIndex,vpcGenerator,terms,lpBound,disjunctiveDualBound,lpBoundPostVpc,rootDualBound,dualBound,primalBound,vpcGenerationTime,rootDualBoundTime,bestSolutionTime,terminationTime,nodes,iterations,maxTime,actualTerms,numCuts,cutLimit,mipSolver,providePrimalBound,infeasibleTerms,feasibleToInfeasibleTerms,infeasibleToFeasibleTerms,termRemainsFeasibleBasisInfeasible,cutsChangedCoefficients,feasibleTermsPrunedByBound,tighten_disjunction,tighten_matrix_perturbation,tighten_infeasible_to_feasible_term,tighten_feasible_to_infeasible_basis
0,0,New,4,332.422727,333.646524,333.434508,356.952683,408.000000,408.000000,33.905088,35.268155,1871.217840,1871.218301,61677,8767490,3600.000000,4,124,124,GUROBI,1,0,0,0,0,0,0,0,0,0,0
1,0,Term,4,98.391667,98.391667,98.391667,107.839163,115.000000,115.000000,0.364839,1.260135,3.854814,3.961449,586,4455,3600.000000,4,124,0,GUROBI,1,0,0,0,4,124,0,0,0,1,0
2,0,Term,4,108.183333,108.183333,108.183333,133.811070,142.000000,142.000000,0.330953,1.420533,20.257144,24.952167,4612,84569,3600.000000,4,124,0,GUROBI,1,0,0,0,4,124,0,0,0,1,0
3,0,Term,4,235.351806,235.381603,235.351806,290.596037,337.000000,337.000000,0.240790,1.427175,867.755127,867.755609,38667,3864352,3600.000000,4,124,0,GUROBI,1,0,0,0,4,124,0,0,0,1,0
4,0,Term,4,143.141989,143.141989,143.141989,216.921507,246.000000,246.000000,0.318573,1.691978,86.944200,88.605440,8885,405189,3600.000000,4,124,0,GUROBI,1,0,0,0,4,124,0,0,0,1,0
