instanceIndex,seedIndex,vpcGenerator,terms,lpBound,disjunctiveDualBound,lpBoundPostVpc,rootDualBound,dualBound,primalBound,vpcGenerationTime,rootDualBoundTime,bestSolutionTime,terminationTime,nodes,iterations,maxTime,actualTerms,numCuts,cutLimit,mipSolver,providePrimalBound,infeasibleTerms,feasibleToInfeasibleTerms,infeasibleToFeasibleTerms,termRemainsFeasibleBasisInfeasible,cutsChangedCoefficients,feasibleTermsPrunedByBound,tighten_disjunction,tighten_matrix_perturbation,tighten_infeasible_to_feasible_term,tighten_feasible_to_infeasible_basis
0,0,New,4,269.251587,271.600000,271.064823,298.042659,351.000000,351.000000,29.001870,30.390056,917.217908,942.629433,31823,3365131,3600.000000,4,136,136,GUROBI,1,0,0,0,0,0,0,0,0,0,0
1,0,All,4,256.751587,259.100000,258.564823,287.414537,339.500000,339.500000,0.179313,1.388965,887.190049,950.262452,31910,3375127,3600.000000,4,136,0,GUROBI,1,0,0,0,0,0,0,1,1,1,1
2,0,All,4,269.251587,271.600000,271.064823,302.198048,351.000000,351.000000,0.180679,1.576634,974.701518,989.783580,38625,3384432,3600.000000,4,136,0,GUROBI,1,0,0,0,0,0,0,1,1,1,1
3,0,All,4,269.251587,271.600000,271.064823,301.867668,351.000000,351.000000,0.177281,1.536189,1155.507159,1188.493116,43664,4771950,3600.000000,4,136,0,GUROBI,1,0,0,0,0,0,0,1,1,1,1
4,0,All,4,181.751587,184.100000,183.564823,213.047983,263.500000,263.500000,0.186469,2.056780,1196.789119,1248.296729,44546,4512638,3600.000000,4,136,0,GUROBI,1,0,0,0,0,0,0,1,1,1,1
5,0,All,4,256.751587,259.100000,258.715977,286.833201,338.500000,338.500000,0.176850,1.863861,1919.742212,2031.149298,68228,8068796,3600.000000,4,136,0,GUROBI,1,0,0,0,0,0,0,1,1,1,1
