instanceIndex,seedIndex,vpcGenerator,terms,lpBound,disjunctiveDualBound,lpBoundPostVpc,rootDualBound,dualBound,primalBound,vpcGenerationTime,rootDualBoundTime,bestSolutionTime,terminationTime,nodes,iterations,maxTime,actualTerms,numCuts,cutLimit,mipSolver,providePrimalBound,infeasibleTerms,feasibleToInfeasibleTerms,infeasibleToFeasibleTerms,termRemainsFeasibleBasisInfeasible,cutsChangedCoefficients,feasibleTermsPrunedByBound,tighten_disjunction,tighten_matrix_perturbation,tighten_infeasible_to_feasible_term,tighten_feasible_to_infeasible_basis
0,0,New,64,269.251587,273.531313,272.039907,297.311220,351.000000,351.000000,379.507249,380.960985,1748.955030,1786.396335,44090,4714832,3600.000000,105,136,136,GUROBI,1,93,0,0,0,0,0,0,0,0,0
1,0,Matrix,64,175.262037,176.341667,175.262037,204.803068,229.000000,229.000000,8.840915,9.964504,43.940896,45.597025,3667,141467,3600.000000,105,136,0,GUROBI,1,93,0,0,12,136,0,0,1,0,0
2,0,Matrix,64,227.637778,227.637778,227.637778,257.959867,278.000000,278.000000,10.976252,11.621569,36.903153,36.903733,3876,83438,3600.000000,105,136,0,GUROBI,1,93,0,0,12,136,0,0,1,0,0
3,0,Matrix,64,52.902778,52.902778,52.902778,67.384924,69.000000,69.000000,11.115426,11.764117,11.791458,11.795072,15,632,3600.000000,105,136,0,GUROBI,1,93,0,0,12,136,0,0,1,0,0
4,0,Matrix,64,151.049306,152.605172,151.049306,209.758489,241.000000,241.000000,8.811463,10.174460,194.803566,194.804317,17978,822567,3600.000000,105,136,0,GUROBI,1,93,0,0,12,136,0,0,1,0,0
