instanceIndex,seedIndex,vpcGenerator,terms,lpBound,disjunctiveDualBound,lpBoundPostVpc,rootDualBound,dualBound,primalBound,vpcGenerationTime,rootDualBoundTime,bestSolutionTime,terminationTime,nodes,iterations,maxTime,actualTerms,numCuts,cutLimit,mipSolver,providePrimalBound,infeasibleTerms,feasibleToInfeasibleTerms,infeasibleToFeasibleTerms,termRemainsFeasibleBasisInfeasible,cutsChangedCoefficients,feasibleTermsPrunedByBound,tighten_disjunction,tighten_matrix_perturbation,tighten_infeasible_to_feasible_term,tighten_feasible_to_infeasible_basis
0,0,New,64,332.422727,334.043750,333.919115,356.574692,408.000000,408.000000,295.656019,297.218017,2080.159946,2357.000783,60425,9487469,3600.000000,64,124,124,GUROBI,1,57,0,0,0,0,0,0,0,0,0
1,0,Matrix,64,332.422727,334.043750,333.919115,356.574692,408.000000,408.000000,1.065757,2.630429,1974.208128,2076.861673,69877,10103725,3600.000000,64,124,0,GUROBI,1,57,0,0,0,0,0,0,1,0,0
2,0,Matrix,64,332.422727,334.043750,333.919115,356.574692,408.000000,408.000000,1.027201,2.601643,2166.241208,2884.894566,87469,13926397,3600.000000,64,124,0,GUROBI,1,57,0,0,0,0,0,0,1,0,0
3,0,Matrix,64,332.422727,334.043750,333.919115,358.087797,408.000000,408.000000,1.021253,2.775670,2341.405009,2438.845422,76618,11787860,3600.000000,64,124,0,GUROBI,1,57,0,0,0,0,0,0,1,0,0
4,0,Matrix,64,332.422727,334.043750,333.919115,356.574692,408.000000,408.000000,1.002779,2.583383,1730.451320,1730.452032,59810,8695695,3600.000000,64,124,0,GUROBI,1,57,0,0,0,0,0,0,1,0,0
5,0,Matrix,64,332.422727,334.043750,333.919115,356.574692,408.000000,408.000000,1.023370,2.583947,1497.902573,1632.703218,56674,7791654,3600.000000,64,124,0,GUROBI,1,57,0,0,0,0,0,0,1,0,0
