instanceIndex,seedIndex,vpcGenerator,terms,lpBound,disjunctiveDualBound,lpBoundPostVpc,rootDualBound,dualBound,primalBound,vpcGenerationTime,rootDualBoundTime,bestSolutionTime,terminationTime,nodes,iterations,maxTime,actualTerms,numCuts,cutLimit,mipSolver,providePrimalBound,infeasibleTerms,feasibleToInfeasibleTerms,infeasibleToFeasibleTerms,termRemainsFeasibleBasisInfeasible,cutsChangedCoefficients,feasibleTermsPrunedByBound,tighten_disjunction,tighten_matrix_perturbation,tighten_infeasible_to_feasible_term,tighten_feasible_to_infeasible_basis
0,0,New,64,269.251587,273.531313,272.039907,297.602088,351.000000,351.000000,379.056267,380.474211,1250.147407,1250.148155,30934,2795855,3600.000000,105,136,136,GUROBI,1,93,0,0,0,0,0,0,0,0,0
1,0,Farkas,64,275.501587,279.781313,278.289907,309.107780,357.250000,357.250000,3.340375,4.739641,1319.929396,1319.930150,44816,4116163,3600.000000,105,136,0,GUROBI,1,93,0,0,0,0,0,0,0,0,0
2,0,Farkas,64,269.251587,273.531313,272.039907,301.120183,351.000000,351.000000,1.626724,3.373599,1357.253476,1442.375714,60023,5277696,3600.000000,105,136,0,GUROBI,1,93,0,0,0,0,0,0,0,0,0
3,0,Farkas,64,269.377222,273.682716,272.164907,302.618917,351.125000,351.125000,2.683918,4.426756,1561.222214,1642.131892,67582,6674410,3600.000000,105,136,0,GUROBI,1,93,0,0,0,0,0,0,0,0,0
4,0,Farkas,64,269.251587,273.531313,272.039907,299.728585,351.000000,351.000000,1.904328,3.618273,1221.985853,1221.986583,45108,4466588,3600.000000,105,136,0,GUROBI,1,93,0,0,0,0,0,0,0,0,0
5,0,Farkas,64,272.376587,276.656313,275.164907,305.472438,354.125000,354.125000,1.961554,3.370458,996.892277,1109.336314,36154,3414811,3600.000000,105,136,0,GUROBI,1,93,0,0,0,0,0,0,0,0,0
