instanceIndex,seedIndex,vpcGenerator,terms,lpBound,disjunctiveDualBound,lpBoundPostVpc,rootDualBound,dualBound,primalBound,vpcGenerationTime,rootDualBoundTime,bestSolutionTime,terminationTime,nodes,iterations,maxTime,actualTerms,numCuts,cutLimit,mipSolver,providePrimalBound,infeasibleTerms,feasibleToInfeasibleTerms,infeasibleToFeasibleTerms,termRemainsFeasibleBasisInfeasible,cutsChangedCoefficients,feasibleTermsPrunedByBound,tighten_disjunction,tighten_matrix_perturbation,tighten_infeasible_to_feasible_term,tighten_feasible_to_infeasible_basis
0,0,New,4,332.422727,333.646524,333.434508,356.863203,408.000000,408.000000,33.495411,34.756273,2122.332800,2122.333319,59451,9884248,3600.000000,4,124,124,GUROBI,1,0,0,0,0,0,0,0,0,0,0
1,0,Basis,4,98.391667,98.391667,98.391667,107.980377,115.000000,115.000000,0.369958,1.252977,5.318390,5.326878,923,7656,3600.000000,4,124,0,GUROBI,1,0,0,0,4,124,0,0,0,0,1
2,0,Basis,4,108.183333,108.183333,108.183333,133.635677,142.000000,142.000000,0.332232,1.417178,16.138691,19.072903,2341,45119,3600.000000,4,124,0,GUROBI,1,0,0,0,4,124,0,0,0,0,1
3,0,Basis,4,235.351806,235.381603,235.351806,290.355830,337.000000,337.000000,0.241688,1.461982,787.305696,787.306117,27026,3074875,3600.000000,4,124,0,GUROBI,1,0,0,0,4,124,0,0,0,0,1
4,0,Basis,4,143.141989,143.141989,143.141989,218.178221,246.000000,246.000000,0.317486,1.662380,111.824091,124.694989,13118,564743,3600.000000,4,124,0,GUROBI,1,0,0,0,4,124,0,0,0,0,1
