instanceIndex,seedIndex,vpcGenerator,terms,lpBound,disjunctiveDualBound,lpBoundPostVpc,rootDualBound,dualBound,primalBound,vpcGenerationTime,rootDualBoundTime,bestSolutionTime,terminationTime,nodes,iterations,maxTime,actualTerms,numCuts,cutLimit,mipSolver,providePrimalBound,infeasibleTerms,feasibleToInfeasibleTerms,infeasibleToFeasibleTerms,termRemainsFeasibleBasisInfeasible,cutsChangedCoefficients,feasibleTermsPrunedByBound,tighten_disjunction,tighten_matrix_perturbation,tighten_infeasible_to_feasible_term,tighten_feasible_to_infeasible_basis
0,0,New,64,332.422727,334.043750,333.919115,357.646550,407.999999,408.000000,296.212611,297.709016,2946.836290,3142.522300,92230,13689070,3600.000000,64,124,124,GUROBI,1,57,0,0,0,0,0,0,0,0,0
1,0,New,64,332.422727,334.043750,333.890206,356.788908,408.000000,408.000000,297.916148,299.261331,1611.404227,1780.113107,47465,6174519,3600.000000,64,124,124,GUROBI,1,57,0,0,0,0,0,0,0,0,0
2,0,New,64,403.620833,404.736623,404.411893,428.260998,482.000000,482.000000,228.071718,229.469725,2477.979626,2477.980302,83061,10601110,3600.000000,64,121,121,GUROBI,1,58,0,0,0,0,0,0,0,0,0
3,0,New,64,332.422727,333.980833,333.782257,356.912153,408.000000,408.000000,288.716850,290.027555,2101.215832,2209.630631,66290,9450352,3600.000000,64,123,123,GUROBI,1,57,0,0,0,0,0,0,0,0,0
4,0,New,64,337.717296,340.839583,339.797980,365.081735,415.000000,415.000000,338.557142,340.319450,1633.609159,1696.784292,47289,6168018,3600.000000,92,124,124,GUROBI,1,82,0,0,0,0,0,0,0,0,0
5,0,New,64,332.422727,334.043750,333.969739,357.655344,408.000000,408.000000,291.693155,293.355529,2241.753854,2245.925610,52781,8703250,3600.000000,64,124,124,GUROBI,1,57,0,0,0,0,0,0,0,0,0
