instanceIndex,seedIndex,vpcGenerator,terms,lpBound,disjunctiveDualBound,lpBoundPostVpc,rootDualBound,dualBound,primalBound,vpcGenerationTime,rootDualBoundTime,bestSolutionTime,terminationTime,nodes,iterations,maxTime,actualTerms,numCuts,cutLimit,mipSolver,providePrimalBound,infeasibleTerms,feasibleToInfeasibleTerms,infeasibleToFeasibleTerms,termRemainsFeasibleBasisInfeasible,cutsChangedCoefficients,feasibleTermsPrunedByBound,tighten_disjunction,tighten_matrix_perturbation,tighten_infeasible_to_feasible_term,tighten_feasible_to_infeasible_basis
0,0,New,4,62.637280,62.690000,62.673797,62.735845,65.660370,65.666667,70.964693,71.590484,576.570151,3369.110422,491440,41423158,3600.000000,4,52,52,GUROBI,1,0,0,0,0,0,0,0,0,0,0
1,0,Basis,4,62.540560,62.562357,62.556047,62.732669,64.025049,65.666667,0.126748,1.099804,954.188468,3600.132037,345823,29689455,3600.000000,4,52,0,GUROBI,1,0,0,0,0,0,0,0,0,0,1
2,0,Basis,4,62.571133,62.602799,62.595270,62.721380,64.427731,65.666667,0.837069,2.628752,98.396551,3600.838041,399764,33720896,3600.000000,4,52,0,GUROBI,1,0,0,0,0,0,0,0,0,0,1
3,0,Basis,4,62.543214,62.571012,62.565683,62.681088,64.881289,65.666667,0.730584,2.345934,12.842096,3600.732503,460516,38633044,3600.000000,4,52,0,GUROBI,1,0,0,0,0,0,0,0,0,0,1
4,0,Basis,4,62.637280,62.690000,62.673797,62.736335,65.661054,65.666667,0.046984,0.929220,4.271418,2731.212816,360804,27818605,3600.000000,4,52,0,GUROBI,1,0,0,0,0,0,0,0,0,0,1
5,0,Basis,4,62.304406,62.314473,62.304406,62.537662,65.454687,65.460938,0.228433,1.460080,770.596593,2358.383349,403151,33388729,3600.000000,4,52,0,GUROBI,1,0,0,0,0,0,0,0,0,0,1
