instanceIndex,seedIndex,vpcGenerator,terms,lpBound,disjunctiveDualBound,lpBoundPostVpc,rootDualBound,dualBound,primalBound,vpcGenerationTime,rootDualBoundTime,bestSolutionTime,terminationTime,nodes,iterations,maxTime,actualTerms,numCuts,cutLimit,mipSolver,providePrimalBound,infeasibleTerms,feasibleToInfeasibleTerms,infeasibleToFeasibleTerms,termRemainsFeasibleBasisInfeasible,cutsChangedCoefficients,feasibleTermsPrunedByBound,tighten_disjunction,tighten_matrix_perturbation,tighten_infeasible_to_feasible_term,tighten_feasible_to_infeasible_basis
0,0,None,64,62.637280,62.637280,62.637280,62.727856,64.132039,65.666667,0.000027,1.127189,1824.318305,3600.001303,374766,30387893,3600.000000,0,0,0,GUROBI,1,0,0,0,0,0,0,0,0,0,0
1,0,None,64,62.540560,62.540560,62.540560,62.732267,63.922517,65.666667,0.000002,1.492958,1951.468397,3600.001221,340532,29741457,3600.000000,0,0,0,GUROBI,1,0,0,0,0,0,0,0,0,0,0
2,0,None,64,62.571133,62.571133,62.571133,62.720511,63.879888,65.666667,0.000001,1.417406,450.947926,3600.003132,337145,28847897,3600.000000,0,0,0,GUROBI,1,0,0,0,0,0,0,0,0,0,0
3,0,None,64,62.543214,62.543214,62.543214,62.680336,63.961897,65.666667,0.000001,1.328604,589.418258,3600.001240,344225,30036516,3600.000000,0,0,0,GUROBI,1,0,0,0,0,0,0,0,0,0,0
4,0,None,64,62.637280,62.637280,62.637280,62.736443,64.182822,65.666667,0.000001,1.176202,1949.266000,3600.001585,321765,23308813,3600.000000,0,0,0,GUROBI,1,0,0,0,0,0,0,0,0,0,0
5,0,None,64,62.304406,62.304406,62.304406,62.528612,63.977456,65.460938,0.000002,1.335195,797.471639,3600.001155,373313,30652195,3600.000000,0,0,0,GUROBI,1,0,0,0,0,0,0,0,0,0,0
