instanceIndex,seedIndex,vpcGenerator,terms,lpBound,disjunctiveDualBound,lpBoundPostVpc,rootDualBound,dualBound,primalBound,vpcGenerationTime,rootDualBoundTime,bestSolutionTime,terminationTime,nodes,iterations,maxTime,actualTerms,numCuts,cutLimit,mipSolver,providePrimalBound,infeasibleTerms,feasibleToInfeasibleTerms,infeasibleToFeasibleTerms,termRemainsFeasibleBasisInfeasible,cutsChangedCoefficients,feasibleTermsPrunedByBound,tighten_disjunction,tighten_matrix_perturbation,tighten_infeasible_to_feasible_term,tighten_feasible_to_infeasible_basis
0,0,New,4,185321.356786,185722.847464,185524.812943,187626.654065,188182.000000,188182.000000,0.864907,1.128217,1.213468,1.243512,53,1707,3600.000000,4,8,46,GUROBI,1,0,0,0,0,0,0,0,0,0,0
1,0,Basis,4,183486.751912,183495.634269,183486.751912,186641.845399,186991.700000,186991.700000,0.019157,0.313211,0.351584,0.353647,33,1240,3600.000000,4,8,0,GUROBI,1,0,0,0,0,0,0,0,0,0,1
2,0,Basis,4,184154.547234,184686.156789,184173.607630,186629.171641,187493.922181,187506.799991,0.017636,0.293161,0.359815,0.415322,69,1575,3600.000000,4,8,0,GUROBI,1,0,0,0,0,0,0,0,0,0,1
3,0,Basis,4,182822.235783,183156.276792,182841.145553,185752.398110,186490.165610,186505.600000,0.017630,0.242575,0.366106,0.373749,101,2028,3600.000000,4,8,0,GUROBI,1,0,0,0,0,0,0,0,0,0,1
4,0,Basis,4,175379.992455,175379.992455,175379.992455,177644.618026,178390.300000,178390.300000,0.018662,0.245573,0.314696,0.314810,45,1232,3600.000000,4,8,0,GUROBI,1,0,0,0,0,0,0,0,0,0,1
5,0,Basis,4,182285.943443,182285.943443,182285.943443,185220.777375,185846.723043,185855.900000,0.019416,0.247104,0.268294,0.302162,43,1379,3600.000000,4,8,0,GUROBI,1,0,0,0,0,0,0,0,0,0,1
