instanceIndex,seedIndex,vpcGenerator,terms,lpBound,disjunctiveDualBound,lpBoundPostVpc,rootDualBound,dualBound,primalBound,vpcGenerationTime,rootDualBoundTime,bestSolutionTime,terminationTime,nodes,iterations,maxTime,actualTerms,numCuts,cutLimit,mipSolver,providePrimalBound,infeasibleTerms,feasibleToInfeasibleTerms,infeasibleToFeasibleTerms,termRemainsFeasibleBasisInfeasible,cutsChangedCoefficients,feasibleTermsPrunedByBound,tighten_disjunction,tighten_matrix_perturbation,tighten_infeasible_to_feasible_term,tighten_feasible_to_infeasible_basis
0,0,New,4,185321.356786,185722.847464,185524.812943,187646.762207,188170.549689,188186.500000,0.653871,0.982148,1.087973,1.173564,62,1691,3600.000000,4,8,46,GUROBI,1,0,0,0,0,0,0,0,0,0,0
1,0,Term,4,21240.433611,21240.433611,21240.433611,22094.509369,22094.509369,22094.509369,0.050095,0.050095,0.050095,0.059803,1,153,3600.000000,4,8,0,GUROBI,1,2,2,0,2,8,0,0,0,1,0
2,0,Term,4,12829.999690,12829.999690,12829.999690,19524.747976,19524.747976,19524.747976,0.048424,0.048424,0.048424,0.059520,1,105,3600.000000,4,8,0,GUROBI,1,2,2,0,2,8,0,0,0,1,0
3,0,Term,4,11692.192646,11692.192646,11692.192646,11853.390922,11853.390922,11853.390922,0.047950,0.069250,0.047950,0.077745,1,115,3600.000000,4,8,0,GUROBI,1,3,3,0,1,8,0,0,0,1,0
4,0,Term,4,14175.830655,14175.830655,14175.830655,14175.830655,14175.830655,14175.830655,0.064916,0.064916,0.064916,0.075841,1,125,3600.000000,4,8,0,GUROBI,1,2,2,0,2,8,0,0,0,1,0
5,0,Term,4,13370.859161,13370.859161,13370.859161,15700.582500,15700.582500,15700.582500,0.052902,0.052902,0.052902,0.071866,1,108,3600.000000,4,8,0,GUROBI,1,2,2,0,2,8,0,0,0,1,0
