instanceIndex,seedIndex,vpcGenerator,terms,lpBound,disjunctiveDualBound,lpBoundPostVpc,rootDualBound,dualBound,primalBound,vpcGenerationTime,rootDualBoundTime,bestSolutionTime,terminationTime,nodes,iterations,maxTime,actualTerms,numCuts,cutLimit,mipSolver,providePrimalBound,infeasibleTerms,feasibleToInfeasibleTerms,infeasibleToFeasibleTerms,termRemainsFeasibleBasisInfeasible,cutsChangedCoefficients,feasibleTermsPrunedByBound,tighten_disjunction,tighten_matrix_perturbation,tighten_infeasible_to_feasible_term,tighten_feasible_to_infeasible_basis
0,0,New,64,185321.356786,186029.682440,185605.770564,187574.806671,188168.189450,188186.500000,8.187742,8.466066,8.514642,8.550198,37,1591,3600.000000,64,15,46,GUROBI,1,19,0,0,0,0,0,0,0,0,0
1,0,Basis,64,185275.071542,185818.620187,185523.473637,187546.824569,188173.036412,188191.400000,0.355755,0.616601,0.728571,0.743632,86,1983,3600.000000,64,15,0,GUROBI,1,19,0,0,0,0,0,0,0,0,1
2,0,Basis,64,184749.247306,185481.387163,185003.896627,187021.088744,187665.500000,187665.500000,0.363070,0.563490,0.741086,0.741223,117,2030,3600.000000,64,15,0,GUROBI,1,19,0,0,0,0,0,0,0,0,1
3,0,Basis,64,184428.733786,185209.563724,184698.266799,187537.685491,187727.600000,187727.600000,0.313626,0.514007,0.542106,0.558228,25,1027,3600.000000,64,15,0,GUROBI,1,19,0,0,0,0,0,0,0,0,1
4,0,Basis,64,185216.702687,185938.234625,185487.505068,187675.181817,188163.900000,188163.900000,0.356424,0.564341,0.629678,0.638734,33,1393,3600.000000,64,15,0,GUROBI,1,19,0,0,0,0,0,0,0,0,1
