instanceIndex,seedIndex,vpcGenerator,terms,lpBound,disjunctiveDualBound,lpBoundPostVpc,rootDualBound,dualBound,primalBound,vpcGenerationTime,rootDualBoundTime,bestSolutionTime,terminationTime,nodes,iterations,maxTime,actualTerms,numCuts,cutLimit,mipSolver,providePrimalBound,infeasibleTerms,feasibleToInfeasibleTerms,infeasibleToFeasibleTerms,termRemainsFeasibleBasisInfeasible,cutsChangedCoefficients,feasibleTermsPrunedByBound,tighten_disjunction,tighten_matrix_perturbation,tighten_infeasible_to_feasible_term,tighten_feasible_to_infeasible_basis
0,0,None,4,185321.356786,185321.356786,185321.356786,187610.288735,188164.371580,188182.000000,0.000001,0.250408,0.371868,0.372384,61,1773,3600.000000,0,0,0,GUROBI,1,0,0,0,0,0,0,0,0,0,0
1,0,None,4,21240.433611,21240.433611,21240.433611,22094.509369,22094.509369,22094.509369,0.000002,0.000002,0.000002,0.012989,1,153,3600.000000,0,0,0,GUROBI,1,0,0,0,0,0,0,0,0,0,0
2,0,None,4,12829.999690,12829.999690,12829.999690,19524.747976,19524.747976,19524.747976,0.000002,0.000002,0.000002,0.015672,1,105,3600.000000,0,0,0,GUROBI,1,0,0,0,0,0,0,0,0,0,0
3,0,None,4,11692.192646,11692.192646,11692.192646,11853.390922,11853.390922,11853.390922,0.000002,0.017078,0.000002,0.017812,1,115,3600.000000,0,0,0,GUROBI,1,0,0,0,0,0,0,0,0,0,0
4,0,None,4,14175.830655,14175.830655,14175.830655,14175.830655,14175.830655,14175.830655,0.000002,0.000002,0.000002,0.018368,1,125,3600.000000,0,0,0,GUROBI,1,0,0,0,0,0,0,0,0,0,0
5,0,None,4,13370.859161,13370.859161,13370.859161,15700.582500,15700.582500,15700.582500,0.000002,0.000002,0.000002,0.010711,1,108,3600.000000,0,0,0,GUROBI,1,0,0,0,0,0,0,0,0,0,0
