instanceIndex,seedIndex,vpcGenerator,terms,lpBound,disjunctiveDualBound,lpBoundPostVpc,rootDualBound,dualBound,primalBound,vpcGenerationTime,rootDualBoundTime,bestSolutionTime,terminationTime,nodes,iterations,maxTime,actualTerms,numCuts,cutLimit,mipSolver,providePrimalBound,infeasibleTerms,feasibleToInfeasibleTerms,infeasibleToFeasibleTerms,termRemainsFeasibleBasisInfeasible,cutsChangedCoefficients,feasibleTermsPrunedByBound,tighten_disjunction,tighten_matrix_perturbation,tighten_infeasible_to_feasible_term,tighten_feasible_to_infeasible_basis
0,0,New,64,-120.000000,-120.000000,-120.000000,-120.000000,-120.000000,-120.000000,21.942237,24.640702,29.819582,29.821189,142,26336,3600.000000,88,3,223,GUROBI,1,78,0,0,0,0,0,0,0,0,0
1,0,Disjunction,64,-120.000000,-120.000000,-120.000000,-120.000000,-120.000000,-120.000000,2.121399,3.482629,3.897157,3.899002,1,13716,3600.000000,88,3,0,GUROBI,1,78,0,0,0,0,0,1,0,0,0
2,0,Disjunction,64,-120.000000,-120.000000,-120.000000,-120.000000,-120.000000,-120.000000,2.086010,4.781346,9.917181,9.918818,142,26336,3600.000000,88,3,0,GUROBI,1,78,0,0,0,0,0,1,0,0,0
3,0,Disjunction,64,-120.000000,-120.000000,-120.000000,-120.000000,-120.000000,-120.000000,2.084104,4.816844,10.022838,10.024686,142,26336,3600.000000,88,3,0,GUROBI,1,78,0,0,0,0,0,1,0,0,0
4,0,Disjunction,64,-120.000000,-120.000000,-120.000000,-120.000000,-120.000000,-120.000000,2.111441,4.827296,10.023017,10.024750,142,26336,3600.000000,88,3,0,GUROBI,1,78,0,0,0,0,0,1,0,0,0
5,0,Disjunction,64,-120.000000,-120.000000,-120.000000,-120.000000,-120.000000,-120.000000,2.088080,3.767507,13.318775,13.321347,128,22869,3600.000000,88,3,0,GUROBI,1,78,0,0,0,0,0,1,0,0,0
