instanceIndex,seedIndex,vpcGenerator,terms,lpBound,disjunctiveDualBound,lpBoundPostVpc,rootDualBound,dualBound,primalBound,vpcGenerationTime,rootDualBoundTime,bestSolutionTime,terminationTime,nodes,iterations,maxTime,actualTerms,numCuts,cutLimit,mipSolver,providePrimalBound,infeasibleTerms,feasibleToInfeasibleTerms,infeasibleToFeasibleTerms,termRemainsFeasibleBasisInfeasible,cutsChangedCoefficients,feasibleTermsPrunedByBound,tighten_disjunction,tighten_matrix_perturbation,tighten_infeasible_to_feasible_term,tighten_feasible_to_infeasible_basis
0,0,New,4,811.278996,812.338958,812.276638,812.223061,934.007916,934.007916,121.510734,122.002222,155.722204,158.216377,6354,72294,3600.000000,4,30,30,GUROBI,1,0,0,0,0,0,0,0,0,0,0
1,0,NoDisjunction,4,811.278996,812.338958,812.276638,812.223061,934.007916,934.007916,60.440182,60.929891,101.985921,103.152058,7255,86120,3600.000000,4,30,0,GUROBI,1,0,0,0,0,30,0,0,1,1,1
2,0,NoDisjunction,4,811.278996,812.338958,812.276638,812.223061,934.007916,934.007916,61.387416,61.899129,111.695844,111.696902,8100,98749,3600.000000,4,30,0,GUROBI,1,0,0,0,0,30,0,0,1,1,1
3,0,NoDisjunction,4,811.278996,812.338958,812.276638,812.223061,934.007916,934.007916,60.413813,60.912492,76.058864,76.059979,3731,44884,3600.000000,4,30,0,GUROBI,1,0,0,0,0,30,0,0,1,1,1
4,0,NoDisjunction,4,811.170154,812.179232,811.897271,812.223061,934.007916,934.007916,61.554832,62.053624,86.926091,92.690825,5583,67709,3600.000000,4,30,0,GUROBI,1,0,0,0,0,30,0,0,1,1,1
5,0,NoDisjunction,4,811.278996,812.338958,812.276638,812.223061,934.007916,934.007916,60.513945,60.998831,82.054966,89.873042,5311,63157,3600.000000,4,30,0,GUROBI,1,0,0,0,0,30,0,0,1,1,1
