instanceIndex,seedIndex,vpcGenerator,terms,lpBound,disjunctiveDualBound,lpBoundPostVpc,rootDualBound,dualBound,primalBound,vpcGenerationTime,rootDualBoundTime,bestSolutionTime,terminationTime,nodes,iterations,maxTime,actualTerms,numCuts,cutLimit,mipSolver,providePrimalBound,infeasibleTerms,feasibleToInfeasibleTerms,infeasibleToFeasibleTerms,termRemainsFeasibleBasisInfeasible,cutsChangedCoefficients,feasibleTermsPrunedByBound,tighten_disjunction,tighten_matrix_perturbation,tighten_infeasible_to_feasible_term,tighten_feasible_to_infeasible_basis
0,0,New,4,811.278996,812.338958,812.276638,812.223061,934.007916,934.007916,120.968655,121.479914,156.394925,159.008361,6354,72294,3600.000000,4,30,30,GUROBI,1,0,0,0,0,0,0,0,0,0,0
1,0,Basis,4,804.475106,805.047972,804.784551,804.767436,927.007916,927.007916,0.237929,0.750124,29.716170,29.717239,4805,54556,3600.000000,4,30,0,GUROBI,1,0,0,0,0,0,0,0,0,0,1
2,0,Basis,4,809.438725,809.515511,809.442030,809.438725,933.007916,933.007916,0.209981,0.658551,27.406294,27.407389,5043,58168,3600.000000,4,30,0,GUROBI,1,0,0,0,0,0,0,0,0,0,1
3,0,Basis,4,809.899616,809.899616,809.899616,809.899616,938.007916,938.007916,0.212536,0.682333,26.539328,29.588794,6063,67287,3600.000000,4,30,0,GUROBI,1,0,0,0,0,0,0,0,0,0,1
4,0,Basis,4,806.775067,807.839849,807.816135,807.794363,934.007916,934.007916,0.217450,0.709270,24.423252,24.424310,5271,63302,3600.000000,4,30,0,GUROBI,1,0,0,0,0,0,0,0,0,0,1
5,0,Basis,4,807.671119,808.537517,808.032876,807.989562,935.007916,935.007916,0.215486,0.691525,25.192925,31.594028,6060,67697,3600.000000,4,30,0,GUROBI,1,0,0,0,0,0,0,0,0,0,1
