instanceIndex,seedIndex,vpcGenerator,terms,lpBound,disjunctiveDualBound,lpBoundPostVpc,rootDualBound,dualBound,primalBound,vpcGenerationTime,rootDualBoundTime,bestSolutionTime,terminationTime,nodes,iterations,maxTime,actualTerms,numCuts,cutLimit,mipSolver,providePrimalBound,infeasibleTerms,feasibleToInfeasibleTerms,infeasibleToFeasibleTerms,termRemainsFeasibleBasisInfeasible,cutsChangedCoefficients,feasibleTermsPrunedByBound,tighten_disjunction,tighten_matrix_perturbation,tighten_infeasible_to_feasible_term,tighten_feasible_to_infeasible_basis
0,0,New,64,28427.048405,31490.870475,29094.804749,58801.688424,65887.000000,65887.000000,5.519211,6.337717,14.981640,14.985338,659,18580,3600.000000,64,10,134,GUROBI,1,32,0,0,0,0,0,0,0,0,0
1,0,Basis,64,11066.882329,13435.536929,11154.642955,40498.510608,49914.000000,49914.000000,0.453863,1.270277,9.321379,9.321593,645,18140,3600.000000,64,10,0,GUROBI,1,32,0,0,0,0,0,0,0,0,1
2,0,Basis,64,-24810.946518,-22737.177099,-24714.445044,5838.731572,13413.000000,13413.000000,0.459583,1.186541,2.187135,9.551870,679,16246,3600.000000,64,10,0,GUROBI,1,32,0,0,0,0,0,0,0,0,1
3,0,Basis,64,24325.386780,26982.419000,24980.157504,53977.413920,62243.000000,62243.000000,0.422007,1.141859,7.228993,7.230460,620,16271,3600.000000,64,10,0,GUROBI,1,32,0,0,0,0,0,0,0,0,1
4,0,Basis,64,25879.820430,29285.380628,26359.325349,55015.251440,62189.000000,62189.000000,0.410990,1.147677,9.216337,9.217760,659,19255,3600.000000,64,10,0,GUROBI,1,32,0,0,0,0,0,0,0,0,1
5,0,Basis,64,26707.547036,29427.227618,27352.580512,56451.803642,64766.000000,64766.000000,0.421630,1.165839,12.373546,12.373741,693,20427,3600.000000,64,10,0,GUROBI,1,32,0,0,0,0,0,0,0,0,1
6,0,Basis,64,19506.090722,22361.327338,20010.089387,49037.170633,56374.451515,56375.000000,0.444114,1.110388,1.927206,8.709746,652,16313,3600.000000,64,10,0,GUROBI,1,32,0,0,0,0,0,0,0,0,1
7,0,Basis,64,19462.792846,22711.768453,20196.229486,49152.304950,56259.000000,56259.000000,0.431428,1.194163,10.445332,10.495792,701,19412,3600.000000,64,10,0,GUROBI,1,32,0,0,0,0,0,0,0,0,1
8,0,Basis,64,17604.844551,19971.633653,17914.776367,47234.552675,57091.000000,57091.000000,0.450797,1.241463,11.082406,11.140528,717,20337,3600.000000,64,10,0,GUROBI,1,32,0,0,0,0,0,0,0,0,1
