instanceIndex,seedIndex,vpcGenerator,terms,lpBound,disjunctiveDualBound,lpBoundPostVpc,rootDualBound,dualBound,primalBound,vpcGenerationTime,rootDualBoundTime,bestSolutionTime,terminationTime,nodes,iterations,maxTime,actualTerms,numCuts,cutLimit,mipSolver,providePrimalBound,infeasibleTerms,feasibleToInfeasibleTerms,infeasibleToFeasibleTerms,termRemainsFeasibleBasisInfeasible,cutsChangedCoefficients,feasibleTermsPrunedByBound,tighten_disjunction,tighten_matrix_perturbation,tighten_infeasible_to_feasible_term,tighten_feasible_to_infeasible_basis
0,0,New,64,28427.048405,31490.870475,29094.804749,58905.385775,65883.422118,65887.000000,5.973958,6.836568,15.326689,15.327458,639,19647,3600.000000,64,10,134,GUROBI,1,32,0,0,0,0,0,0,0,0,0
1,0,Basis,64,28423.726119,31487.548189,29091.482464,63793.181964,70750.000000,70750.000000,0.320406,1.146059,9.200412,9.201502,658,18174,3600.000000,64,10,0,GUROBI,1,32,0,0,32,0,0,0,0,0,1
2,0,Basis,64,28419.250810,31475.859397,29087.007155,59896.171876,67906.000000,67906.000000,0.725606,1.486627,10.652276,10.653949,646,20817,3600.000000,64,10,0,GUROBI,1,32,0,0,14,0,0,0,0,0,1
3,0,Basis,64,28608.981976,32240.207277,29275.703955,60302.618055,66220.000000,66220.000000,0.302945,1.108585,9.103122,9.104179,644,18718,3600.000000,64,10,0,GUROBI,1,62,30,0,2,0,0,0,0,0,1
4,0,Basis,64,28440.342120,31504.164190,29108.098465,59321.640369,67531.000000,67531.000000,0.304463,1.061586,10.274901,10.279310,673,18825,3600.000000,64,10,0,GUROBI,1,32,0,0,0,0,0,0,0,0,1
