instanceIndex,seedIndex,vpcGenerator,terms,lpBound,disjunctiveDualBound,lpBoundPostVpc,rootDualBound,dualBound,primalBound,vpcGenerationTime,rootDualBoundTime,bestSolutionTime,terminationTime,nodes,iterations,maxTime,actualTerms,numCuts,cutLimit,mipSolver,providePrimalBound,infeasibleTerms,feasibleToInfeasibleTerms,infeasibleToFeasibleTerms,termRemainsFeasibleBasisInfeasible,cutsChangedCoefficients,feasibleTermsPrunedByBound,tighten_disjunction,tighten_matrix_perturbation,tighten_infeasible_to_feasible_term,tighten_feasible_to_infeasible_basis
0,0,New,64,28427.048405,31490.870475,29094.804749,59555.863335,65886.475186,65887.000000,5.297125,6.472642,16.337013,16.352580,661,20541,3600.000000,64,10,134,GUROBI,1,32,0,0,0,0,0,0,0,0,0
1,0,Farkas,64,28423.726119,31487.548189,29091.482464,64065.985815,70750.000000,70750.000000,0.318865,1.247343,7.571785,7.573156,615,17142,3600.000000,64,10,0,GUROBI,1,32,0,0,32,0,0,0,0,0,0
2,0,Farkas,64,28419.250810,31475.859397,29087.007155,59762.632793,67906.000000,67906.000000,0.298433,1.140695,9.761457,9.761655,657,18801,3600.000000,64,10,0,GUROBI,1,32,0,0,14,0,0,0,0,0,0
3,0,Farkas,64,28608.981976,32240.207277,29275.703955,60120.114636,66220.000000,66220.000000,0.322076,1.367932,1.869073,9.335137,622,17953,3600.000000,64,10,0,GUROBI,1,62,30,0,2,0,0,0,0,0,0
4,0,Farkas,64,28440.342120,31504.164190,29108.098465,59632.794016,67531.000000,67531.000000,0.296199,1.250042,10.239098,10.240638,640,17998,3600.000000,64,10,0,GUROBI,1,32,0,0,0,0,0,0,0,0,0
