instanceIndex,seedIndex,vpcGenerator,terms,lpBound,disjunctiveDualBound,lpBoundPostVpc,rootDualBound,dualBound,primalBound,vpcGenerationTime,rootDualBoundTime,bestSolutionTime,terminationTime,nodes,iterations,maxTime,actualTerms,numCuts,cutLimit,mipSolver,providePrimalBound,infeasibleTerms,feasibleToInfeasibleTerms,infeasibleToFeasibleTerms,termRemainsFeasibleBasisInfeasible,cutsChangedCoefficients,feasibleTermsPrunedByBound,tighten_disjunction,tighten_matrix_perturbation,tighten_infeasible_to_feasible_term,tighten_feasible_to_infeasible_basis
0,0,New,64,86570.120867,86576.014634,86574.708054,86675.466279,86679.000000,86679.000000,339.704024,339.832914,339.704024,339.835612,1,1030,3600.000000,64,66,66,GUROBI,1,19,0,0,0,0,0,0,0,0,0
1,0,Basis,64,86561.679850,86567.566777,86565.889325,86667.177724,86670.000000,86670.000000,0.412597,0.535897,0.412597,0.539345,1,1004,3600.000000,64,66,0,GUROBI,1,19,0,0,0,0,0,0,0,0,1
2,0,Basis,64,86568.448065,86573.747003,86572.303321,86674.212631,86677.000000,86677.000000,0.483481,0.589970,0.483481,0.593217,1,992,3600.000000,64,66,0,GUROBI,1,19,0,0,0,0,0,0,0,0,1
3,0,Basis,64,86562.149229,86566.179388,86565.083126,86664.431992,86671.000000,86671.000000,0.483509,0.595479,0.483509,0.610544,1,1359,3600.000000,64,66,0,GUROBI,1,19,0,0,0,0,0,0,0,0,1
4,0,Basis,64,86549.758699,86555.556100,86554.101403,86656.536638,86659.000000,86659.000000,0.470007,0.572903,0.470007,0.578471,1,1100,3600.000000,64,66,0,GUROBI,1,19,0,0,0,0,0,0,0,0,1
5,0,Basis,64,86590.138112,86595.817397,86594.629903,86695.340893,86699.000000,86699.000000,0.380817,0.507015,0.380817,0.509806,1,1060,3600.000000,64,66,0,GUROBI,1,19,0,0,0,0,0,0,0,0,1
6,0,Basis,64,86542.994488,86548.420165,86547.095478,86648.743187,86652.000000,86652.000000,0.408449,0.538752,0.408449,0.541501,1,1139,3600.000000,64,66,0,GUROBI,1,19,0,0,0,0,0,0,0,0,1
7,0,Basis,64,86585.086190,86590.552261,86589.189617,86692.282414,86694.000000,86694.000000,0.468886,0.603309,0.468886,0.605389,1,1161,3600.000000,64,66,0,GUROBI,1,19,0,0,0,0,0,0,0,0,1
8,0,Basis,64,86545.032513,86550.854794,86549.373345,86650.936854,86654.000000,86654.000000,0.412854,0.538020,0.412854,0.544022,1,1174,3600.000000,64,66,0,GUROBI,1,19,0,0,0,0,0,0,0,0,1
