instanceIndex,seedIndex,vpcGenerator,terms,lpBound,disjunctiveDualBound,lpBoundPostVpc,rootDualBound,dualBound,primalBound,vpcGenerationTime,rootDualBoundTime,bestSolutionTime,terminationTime,nodes,iterations,maxTime,actualTerms,numCuts,cutLimit,mipSolver,providePrimalBound,infeasibleTerms,feasibleToInfeasibleTerms,infeasibleToFeasibleTerms,termRemainsFeasibleBasisInfeasible,cutsChangedCoefficients,feasibleTermsPrunedByBound,tighten_disjunction,tighten_matrix_perturbation,tighten_infeasible_to_feasible_term,tighten_feasible_to_infeasible_basis
0,0,New,4,86570.120867,86573.017800,86571.400996,86675.466279,86679.000000,86679.000000,6.188857,6.349288,6.188857,6.352006,1,1013,3600.000000,4,66,66,GUROBI,1,1,0,0,0,0,0,0,0,0,0
1,0,Basis,4,86401.854208,86401.854208,86401.854208,86510.644315,86517.000000,86517.000000,0.070972,0.206549,0.070972,0.233138,1,1007,3600.000000,4,66,0,GUROBI,1,1,0,0,0,0,0,0,0,0,1
2,0,Basis,4,86605.342165,86606.526831,86606.208442,86712.592552,86715.000000,86715.000000,0.066964,0.292497,0.295639,0.297767,2,1064,3600.000000,4,66,0,GUROBI,1,1,0,0,0,0,0,0,0,0,1
3,0,Basis,4,86491.881195,86492.552485,86491.898860,86602.617939,86605.000000,86605.000000,0.080447,0.208825,0.080447,0.212758,1,897,3600.000000,4,66,0,GUROBI,1,1,0,0,0,0,0,0,0,0,1
4,0,Basis,4,86498.504882,86500.101471,86499.748849,86609.000000,86609.000000,86609.000000,0.066781,0.115730,0.066781,0.204074,1,941,3600.000000,4,66,0,GUROBI,1,1,0,0,0,0,0,0,0,0,1
5,0,Basis,4,86603.601716,86605.550170,86604.547629,86712.615772,86715.000000,86715.000000,0.079507,0.222250,0.079507,0.225213,1,909,3600.000000,4,66,0,GUROBI,1,1,0,0,0,0,0,0,0,0,1
6,0,Basis,4,86557.254224,86560.014507,86557.326662,86671.788915,86674.000000,86674.000000,0.073087,0.259484,0.073087,0.261926,1,1035,3600.000000,4,66,0,GUROBI,1,1,0,0,0,0,0,0,0,0,1
7,0,Basis,4,86625.005736,86625.750339,86625.150916,86730.792510,86733.000000,86733.000000,0.069214,0.226870,0.069214,0.231531,1,1025,3600.000000,4,66,0,GUROBI,1,1,0,0,0,0,0,0,0,0,1
