instanceIndex,seedIndex,vpcGenerator,terms,lpBound,disjunctiveDualBound,lpBoundPostVpc,rootDualBound,dualBound,primalBound,vpcGenerationTime,rootDualBoundTime,bestSolutionTime,terminationTime,nodes,iterations,maxTime,actualTerms,numCuts,cutLimit,mipSolver,providePrimalBound,infeasibleTerms,feasibleToInfeasibleTerms,infeasibleToFeasibleTerms,termRemainsFeasibleBasisInfeasible,cutsChangedCoefficients,feasibleTermsPrunedByBound,tighten_disjunction,tighten_matrix_perturbation,tighten_infeasible_to_feasible_term,tighten_feasible_to_infeasible_basis
0,0,New,64,86570.120867,86576.014634,86574.470908,86675.466279,86679.000000,86679.000000,434.206107,434.364172,434.206107,434.367917,1,1110,3600.000000,64,66,66,GUROBI,1,19,0,0,0,0,0,0,0,0,0
1,0,Farkas,64,86561.679850,86567.566777,86566.198298,86667.177724,86670.000000,86670.000000,0.561449,0.702551,0.561449,0.705724,1,991,3600.000000,64,66,0,GUROBI,1,19,0,0,0,0,0,0,0,0,0
2,0,Farkas,64,86568.448065,86573.747003,86572.330244,86674.212630,86677.000000,86677.000000,0.485480,0.602226,0.485480,0.605405,1,1054,3600.000000,64,66,0,GUROBI,1,19,0,0,0,0,0,0,0,0,0
3,0,Farkas,64,86562.149229,86566.179388,86565.021534,86668.958885,86671.000000,86671.000000,0.483329,0.655592,0.483329,0.660082,1,1417,3600.000000,64,66,0,GUROBI,1,19,0,0,0,0,0,0,0,0,0
4,0,Farkas,64,86549.758699,86555.556100,86553.412107,86656.536638,86659.000000,86659.000000,0.458831,0.563938,0.458831,0.570092,1,951,3600.000000,64,66,0,GUROBI,1,19,0,0,0,0,0,0,0,0,0
5,0,Farkas,64,86590.138112,86595.817397,86594.040239,86695.340893,86699.000000,86699.000000,0.438858,0.590701,0.438858,0.597209,1,1187,3600.000000,64,66,0,GUROBI,1,19,0,0,0,0,0,0,0,0,0
6,0,Farkas,64,86542.994488,86548.420165,86547.034228,86648.743187,86652.000000,86652.000000,0.485899,0.631206,0.485899,0.634293,1,1186,3600.000000,64,66,0,GUROBI,1,19,0,0,0,0,0,0,0,0,0
7,0,Farkas,64,86585.086190,86590.552261,86588.720047,86692.282436,86694.000000,86694.000000,0.470773,0.606728,0.470773,0.609617,1,1173,3600.000000,64,66,0,GUROBI,1,19,0,0,0,0,0,0,0,0,0
8,0,Farkas,64,86545.032513,86550.854794,86549.397253,86650.936854,86654.000000,86654.000000,0.472740,0.611442,0.472740,0.617463,1,1226,3600.000000,64,66,0,GUROBI,1,19,0,0,0,0,0,0,0,0,0
