instanceIndex,seedIndex,vpcGenerator,terms,lpBound,disjunctiveDualBound,lpBoundPostVpc,rootDualBound,dualBound,primalBound,vpcGenerationTime,rootDualBoundTime,bestSolutionTime,terminationTime,nodes,iterations,maxTime,actualTerms,numCuts,cutLimit,mipSolver,providePrimalBound,infeasibleTerms,feasibleToInfeasibleTerms,infeasibleToFeasibleTerms,termRemainsFeasibleBasisInfeasible,cutsChangedCoefficients,feasibleTermsPrunedByBound,tighten_disjunction,tighten_matrix_perturbation,tighten_infeasible_to_feasible_term,tighten_feasible_to_infeasible_basis
0,0,New,64,82274.237434,82275.783960,82275.435858,82304.297998,82307.000000,82307.000000,494.726917,494.805742,494.726917,494.812407,1,515,3600.000000,64,29,29,GUROBI,1,0,0,0,0,0,0,0,0,0,0
1,0,Matrix,64,82174.478413,82174.613982,82174.478413,82208.923252,82210.000000,82210.000000,0.540281,0.674016,0.540281,0.683531,1,597,3600.000000,64,29,0,GUROBI,1,0,0,0,0,0,0,0,1,0,0
2,0,Matrix,64,82273.383584,82273.929410,82273.678121,82305.865436,82307.000000,82307.000000,0.541686,0.643073,0.541686,0.648368,1,421,3600.000000,64,29,0,GUROBI,1,0,0,0,0,0,0,0,1,0,0
3,0,Matrix,64,82264.771949,82264.996722,82264.771949,82298.197421,82300.000000,82300.000000,0.520744,0.635357,0.520744,0.638500,1,619,3600.000000,64,29,0,GUROBI,1,0,0,0,0,0,0,0,1,0,0
4,0,Matrix,64,82229.470190,82229.810396,82229.470190,82274.044353,82277.000000,82277.000000,0.537567,0.660968,0.537567,0.664338,1,630,3600.000000,64,29,0,GUROBI,1,0,0,0,0,0,0,0,1,0,0
5,0,Matrix,64,82315.134922,82316.487863,82315.134922,82350.060906,82352.000000,82352.000000,0.542837,0.680839,0.542837,0.688659,1,700,3600.000000,64,29,0,GUROBI,1,0,0,0,0,0,0,0,1,0,0
6,0,Matrix,64,82138.978914,82139.798663,82139.394131,82170.296860,82173.000000,82173.000000,0.511416,0.607103,0.511416,0.613907,1,522,3600.000000,64,29,0,GUROBI,1,0,0,0,0,0,0,0,1,0,0
7,0,Matrix,64,82368.855586,82369.028850,82368.855586,82400.830925,82403.000000,82403.000000,0.513450,0.636483,0.513450,0.649884,1,820,3600.000000,64,29,0,GUROBI,1,0,0,0,0,0,0,0,1,0,0
