instanceIndex,seedIndex,vpcGenerator,terms,lpBound,disjunctiveDualBound,lpBoundPostVpc,rootDualBound,dualBound,primalBound,vpcGenerationTime,rootDualBoundTime,bestSolutionTime,terminationTime,nodes,iterations,maxTime,actualTerms,numCuts,cutLimit,mipSolver,providePrimalBound,infeasibleTerms,feasibleToInfeasibleTerms,infeasibleToFeasibleTerms,termRemainsFeasibleBasisInfeasible,cutsChangedCoefficients,feasibleTermsPrunedByBound,tighten_disjunction,tighten_matrix_perturbation,tighten_infeasible_to_feasible_term,tighten_feasible_to_infeasible_basis
0,0,New,64,86570.120867,86576.014634,86574.460372,86675.466279,86679.000000,86679.000000,558.834213,559.011618,558.834213,559.014608,1,1074,3600.000000,64,66,66,GUROBI,1,19,0,0,0,0,0,0,0,0,0
1,0,Farkas,64,86570.120867,86576.014634,86574.460372,86675.466279,86679.000000,86679.000000,0.618236,0.793733,0.618236,0.796518,1,1006,3600.000000,64,66,0,GUROBI,1,19,0,0,14,0,0,0,0,0,0
2,0,Farkas,64,86570.120867,86576.014634,86574.460372,86675.466278,86679.000000,86679.000000,0.636773,0.817033,0.636773,0.820060,1,1080,3600.000000,64,66,0,GUROBI,1,19,0,0,0,0,0,0,0,0,0
3,0,Farkas,64,86570.120867,86576.014634,86574.460372,86675.466279,86679.000000,86679.000000,0.603453,0.781048,0.603453,0.783919,1,1087,3600.000000,64,66,0,GUROBI,1,19,0,0,0,0,0,0,0,0,0
4,0,Farkas,64,86570.120867,86576.014634,86574.460372,86675.466279,86679.000000,86679.000000,0.601713,0.779687,0.601713,0.782538,1,1098,3600.000000,64,66,0,GUROBI,1,19,0,0,0,0,0,0,0,0,0
