instanceIndex,seedIndex,vpcGenerator,terms,lpBound,disjunctiveDualBound,lpBoundPostVpc,rootDualBound,dualBound,primalBound,vpcGenerationTime,rootDualBoundTime,bestSolutionTime,terminationTime,nodes,iterations,maxTime,actualTerms,numCuts,cutLimit,mipSolver,providePrimalBound,infeasibleTerms,feasibleToInfeasibleTerms,infeasibleToFeasibleTerms,termRemainsFeasibleBasisInfeasible,cutsChangedCoefficients,feasibleTermsPrunedByBound,tighten_disjunction,tighten_matrix_perturbation,tighten_infeasible_to_feasible_term,tighten_feasible_to_infeasible_basis
0,0,New,4,82274.237434,82274.974501,82274.885131,82304.297998,82307.000000,82307.000000,2.949046,3.001743,2.949046,3.006527,1,460,3600.000000,4,29,29,GUROBI,1,0,0,0,0,0,0,0,0,0,0
1,0,All,4,82274.237434,82274.974501,82274.885131,82304.297998,82307.000000,82307.000000,0.025909,0.058393,0.025909,0.061554,1,439,3600.000000,4,29,0,GUROBI,1,0,0,0,0,0,0,1,1,1,1
2,0,All,4,82274.237434,82274.974501,82274.885131,82304.297998,82307.000000,82307.000000,0.213928,0.272513,0.213928,0.277442,1,523,3600.000000,4,29,0,GUROBI,1,0,0,0,2,0,0,1,1,1,1
3,0,All,4,82274.237434,82274.974501,82274.885131,82304.297998,82307.000000,82307.000000,0.026684,0.083721,0.026684,0.089519,1,460,3600.000000,4,29,0,GUROBI,1,0,0,0,0,0,0,1,1,1,1
4,0,All,4,82274.237434,82274.974501,82274.885131,82304.297998,82307.000000,82307.000000,0.025055,0.120411,0.025055,0.124506,1,460,3600.000000,4,29,0,GUROBI,1,0,0,0,0,0,0,1,1,1,1
