instanceIndex,seedIndex,vpcGenerator,terms,lpBound,disjunctiveDualBound,lpBoundPostVpc,rootDualBound,dualBound,primalBound,vpcGenerationTime,rootDualBoundTime,bestSolutionTime,terminationTime,nodes,iterations,maxTime,actualTerms,numCuts,cutLimit,mipSolver,providePrimalBound,infeasibleTerms,feasibleToInfeasibleTerms,infeasibleToFeasibleTerms,termRemainsFeasibleBasisInfeasible,cutsChangedCoefficients,feasibleTermsPrunedByBound,tighten_disjunction,tighten_matrix_perturbation,tighten_infeasible_to_feasible_term,tighten_feasible_to_infeasible_basis
0,0,New,64,86570.120867,86576.014634,86574.676683,86675.466279,86679.000000,86679.000000,349.285261,349.422892,349.285261,349.425641,1,1158,3600.000000,64,66,66,GUROBI,1,19,0,0,0,0,0,0,0,0,0
1,0,Term,64,86561.679850,86567.566777,86566.356589,86667.177724,86670.000000,86670.000000,0.416547,0.520229,0.416547,0.522815,1,1053,3600.000000,64,66,0,GUROBI,1,19,0,0,0,0,0,0,0,1,0
2,0,Term,64,86568.448065,86573.747003,86572.448105,86674.212630,86677.000000,86677.000000,0.432276,0.543024,0.432276,0.545689,1,1059,3600.000000,64,66,0,GUROBI,1,19,0,0,0,0,0,0,0,1,0
3,0,Term,64,86562.149229,86566.179388,86565.128832,86664.431992,86671.000000,86671.000000,0.487171,0.621385,0.487171,0.638649,1,1309,3600.000000,64,66,0,GUROBI,1,19,0,0,0,0,0,0,0,1,0
4,0,Term,64,86549.758699,86555.556100,86553.622121,86656.536638,86659.000000,86659.000000,0.472015,0.541335,0.472015,0.544636,1,1123,3600.000000,64,66,0,GUROBI,1,19,0,0,0,0,0,0,0,1,0
5,0,Term,64,86590.138112,86595.817397,86594.217309,86695.340893,86699.000000,86699.000000,0.459961,0.588590,0.459961,0.592118,1,1064,3600.000000,64,66,0,GUROBI,1,19,0,0,0,0,0,0,0,1,0
6,0,Term,64,86542.994488,86548.420165,86547.184224,86648.743187,86652.000000,86652.000000,0.435375,0.563438,0.435375,0.566262,1,1133,3600.000000,64,66,0,GUROBI,1,19,0,0,0,0,0,0,0,1,0
7,0,Term,64,86585.086190,86590.552261,86588.870126,86692.282436,86694.000000,86694.000000,0.471326,0.605336,0.471326,0.608887,1,1198,3600.000000,64,66,0,GUROBI,1,19,0,0,0,0,0,0,0,1,0
8,0,Term,64,86545.032513,86550.854794,86549.560609,86650.936854,86654.000000,86654.000000,0.473226,0.589525,0.473226,0.594510,1,1026,3600.000000,64,66,0,GUROBI,1,19,0,0,0,0,0,0,0,1,0
