instanceIndex,seedIndex,vpcGenerator,terms,lpBound,disjunctiveDualBound,lpBoundPostVpc,rootDualBound,dualBound,primalBound,vpcGenerationTime,rootDualBoundTime,bestSolutionTime,terminationTime,nodes,iterations,maxTime,actualTerms,numCuts,cutLimit,mipSolver,providePrimalBound,infeasibleTerms,feasibleToInfeasibleTerms,infeasibleToFeasibleTerms,termRemainsFeasibleBasisInfeasible,cutsChangedCoefficients,feasibleTermsPrunedByBound,tighten_disjunction,tighten_matrix_perturbation,tighten_infeasible_to_feasible_term,tighten_feasible_to_infeasible_basis
0,0,New,4,86570.120867,86573.017800,86571.400996,86675.466279,86679.000000,86679.000000,4.867806,4.988183,4.867806,4.990545,1,1013,3600.000000,4,66,66,GUROBI,1,1,0,0,0,0,0,0,0,0,0
1,0,New,4,86561.679850,86564.647686,86563.689240,86667.177724,86670.000000,86670.000000,6.507955,6.641761,6.507955,6.645785,1,1111,3600.000000,4,65,65,GUROBI,1,1,0,0,0,0,0,0,0,0,0
2,0,New,4,86568.448065,86571.015524,86569.906577,86674.212631,86677.000000,86677.000000,9.040270,9.143533,9.040270,9.146922,1,1000,3600.000000,4,65,65,GUROBI,1,0,0,0,0,0,0,0,0,0,0
3,0,New,4,86562.149229,86564.220891,86562.888338,86664.431992,86671.000000,86671.000000,7.362619,7.643841,7.362619,7.681795,1,1273,3600.000000,4,66,66,GUROBI,1,0,0,0,0,0,0,0,0,0,0
4,0,New,4,86549.758699,86552.364954,86550.117575,86656.536638,86659.000000,86659.000000,9.037415,9.129954,9.037415,9.135540,1,978,3600.000000,4,66,66,GUROBI,1,0,0,0,0,0,0,0,0,0,0
5,0,New,4,86590.138112,86592.886628,86591.570417,86695.340893,86699.000000,86699.000000,6.575283,6.688956,6.575283,6.692042,1,1138,3600.000000,4,66,66,GUROBI,1,1,0,0,0,0,0,0,0,0,0
6,0,New,4,86542.994488,86545.740595,86544.134437,86648.743187,86652.000000,86652.000000,5.168911,5.311526,5.168911,5.314333,1,980,3600.000000,4,66,66,GUROBI,1,1,0,0,0,0,0,0,0,0,0
7,0,New,4,86585.086190,86587.064579,86586.273879,86692.282436,86694.000000,86694.000000,6.796208,6.916680,6.796208,6.919976,1,1019,3600.000000,4,67,67,GUROBI,1,0,0,0,0,0,0,0,0,0,0
8,0,New,4,86545.032513,86547.965649,86546.506691,86650.936854,86654.000000,86654.000000,4.570546,4.699217,4.570546,4.705149,1,1063,3600.000000,4,66,66,GUROBI,1,1,0,0,0,0,0,0,0,0,0
