instanceIndex,seedIndex,vpcGenerator,terms,lpBound,disjunctiveDualBound,lpBoundPostVpc,rootDualBound,dualBound,primalBound,vpcGenerationTime,rootDualBoundTime,bestSolutionTime,terminationTime,nodes,iterations,maxTime,actualTerms,numCuts,cutLimit,mipSolver,providePrimalBound,infeasibleTerms,feasibleToInfeasibleTerms,infeasibleToFeasibleTerms,termRemainsFeasibleBasisInfeasible,cutsChangedCoefficients,feasibleTermsPrunedByBound,tighten_disjunction,tighten_matrix_perturbation,tighten_infeasible_to_feasible_term,tighten_feasible_to_infeasible_basis
0,0,New,4,86570.120867,86573.017800,86571.400996,86675.466279,86679.000000,86679.000000,4.846319,4.953813,4.846319,4.956129,1,1013,3600.000000,4,66,66,GUROBI,1,1,0,0,0,0,0,0,0,0,0
1,0,New,4,86401.854208,86406.735560,86404.485257,86510.644315,86517.000000,86517.000000,5.557058,5.668772,5.557058,5.683020,1,1018,3600.000000,4,67,67,GUROBI,1,0,0,0,0,0,0,0,0,0,0
2,0,New,4,86605.342165,86607.097555,86606.343732,86712.592552,86715.000000,86715.000000,5.115880,5.281081,5.284536,5.286399,2,1031,3600.000000,4,65,65,GUROBI,1,0,0,0,0,0,0,0,0,0,0
3,0,New,4,86491.881195,86493.513482,86492.751516,86602.617939,86605.000000,86605.000000,8.360145,8.450740,8.360145,8.453334,1,762,3600.000000,4,72,72,GUROBI,1,0,0,0,0,0,0,0,0,0,0
4,0,New,4,86498.504882,86501.194805,86500.363634,86609.000000,86609.000000,86609.000000,7.804149,7.839999,7.804149,7.892775,1,893,3600.000000,4,70,70,GUROBI,1,0,0,0,0,0,0,0,0,0,0
5,0,New,4,86603.601716,86606.210627,86605.497491,86712.615772,86715.000000,86715.000000,10.463815,10.600769,10.463815,10.604714,1,998,3600.000000,4,66,66,GUROBI,1,0,0,0,0,0,0,0,0,0,0
6,0,New,4,86557.254224,86560.014507,86559.969534,86671.788915,86674.000000,86674.000000,9.300964,9.600556,9.300964,9.603278,1,985,3600.000000,4,66,66,GUROBI,1,0,0,0,0,0,0,0,0,0,0
7,0,New,4,86625.005736,86625.739668,86625.619260,86730.792510,86733.000000,86733.000000,10.193176,10.309691,10.193176,10.313979,1,940,3600.000000,4,68,68,GUROBI,1,0,0,0,0,0,0,0,0,0,0
