instanceIndex,seedIndex,vpcGenerator,terms,lpBound,disjunctiveDualBound,lpBoundPostVpc,rootDualBound,dualBound,primalBound,vpcGenerationTime,rootDualBoundTime,bestSolutionTime,terminationTime,nodes,iterations,maxTime,actualTerms,numCuts,cutLimit,mipSolver,providePrimalBound,infeasibleTerms,feasibleToInfeasibleTerms,infeasibleToFeasibleTerms,termRemainsFeasibleBasisInfeasible,cutsChangedCoefficients,feasibleTermsPrunedByBound,tighten_disjunction,tighten_matrix_perturbation,tighten_infeasible_to_feasible_term,tighten_feasible_to_infeasible_basis
0,0,New,64,86570.120867,86576.014634,86573.294263,86675.466279,86679.000000,86679.000000,557.940945,558.108900,557.940945,558.111739,1,989,3600.000000,64,66,66,GUROBI,1,19,0,0,0,0,0,0,0,0,0
1,0,Matrix,64,86401.854208,86404.959566,86401.854208,86510.644315,86517.000000,86517.000000,0.726810,0.872559,0.726810,0.899429,1,1007,3600.000000,64,66,0,GUROBI,1,19,0,0,0,0,0,0,1,0,0
2,0,Matrix,64,86605.342165,86608.344320,86606.684640,86712.592552,86715.000000,86715.000000,0.707909,0.929999,0.933966,0.936087,2,1037,3600.000000,64,66,0,GUROBI,1,19,0,0,0,0,0,0,1,0,0
3,0,Matrix,64,86491.881195,86494.301107,86491.881195,86602.617939,86605.000000,86605.000000,0.731771,0.862970,0.731771,0.867428,1,830,3600.000000,64,66,0,GUROBI,1,19,0,0,0,0,0,0,1,0,0
4,0,Matrix,64,86498.504882,86503.921504,86499.692821,86609.000000,86609.000000,86609.000000,0.700160,0.748493,0.700160,0.842074,1,962,3600.000000,64,66,0,GUROBI,1,19,0,0,0,0,0,0,1,0,0
5,0,Matrix,64,86603.601716,86607.464392,86604.781076,86712.615772,86715.000000,86715.000000,0.706028,0.858079,0.706028,0.860691,1,964,3600.000000,64,66,0,GUROBI,1,19,0,0,0,0,0,0,1,0,0
6,0,Matrix,64,86557.254224,86563.499824,86558.565037,86671.790525,86674.000000,86674.000000,0.722498,0.901012,0.722498,0.904238,1,928,3600.000000,64,66,0,GUROBI,1,19,0,0,0,0,0,0,1,0,0
7,0,Matrix,64,86625.005736,86626.935077,86625.538845,86730.792510,86733.000000,86733.000000,0.705394,0.866618,0.705394,0.871412,1,955,3600.000000,64,66,0,GUROBI,1,19,0,0,0,0,0,0,1,0,0
