instanceIndex,seedIndex,vpcGenerator,terms,lpBound,disjunctiveDualBound,lpBoundPostVpc,rootDualBound,dualBound,primalBound,vpcGenerationTime,rootDualBoundTime,bestSolutionTime,terminationTime,nodes,iterations,maxTime,actualTerms,numCuts,cutLimit,mipSolver,providePrimalBound,infeasibleTerms,feasibleToInfeasibleTerms,infeasibleToFeasibleTerms,termRemainsFeasibleBasisInfeasible,cutsChangedCoefficients,feasibleTermsPrunedByBound,tighten_disjunction,tighten_matrix_perturbation,tighten_infeasible_to_feasible_term,tighten_feasible_to_infeasible_basis
0,0,New,64,20650.898154,20657.215104,20650.936301,20772.000000,20772.000000,20772.000000,2.998333,3.025124,2.998333,3.043618,1,437,3600.000000,65,13,36,GUROBI,1,60,0,0,0,0,0,0,0,0,0
1,0,Matrix,64,20658.396263,20664.918524,20658.452724,20780.000000,20780.000000,20780.000000,0.129865,0.154041,0.129865,0.171073,1,402,3600.000000,65,13,0,GUROBI,1,60,0,0,0,0,0,0,1,0,0
2,0,Matrix,64,20652.595627,20658.680254,20652.595627,20774.000000,20774.000000,20774.000000,0.127857,0.153304,0.127857,0.170107,1,420,3600.000000,65,13,0,GUROBI,1,60,0,0,0,0,0,0,1,0,0
3,0,Matrix,64,20640.900572,20646.558558,20640.900572,20762.000000,20762.000000,20762.000000,0.129424,0.153897,0.129424,0.168937,1,359,3600.000000,65,13,0,GUROBI,1,60,0,0,0,0,0,0,1,0,0
4,0,Matrix,64,20641.934909,20647.901932,20641.973060,20763.000000,20763.000000,20763.000000,0.129531,0.154031,0.129531,0.169308,1,352,3600.000000,65,13,0,GUROBI,1,60,0,0,0,0,0,0,1,0,0
5,0,Matrix,64,20644.761184,20650.798362,20644.811896,20766.000000,20766.000000,20766.000000,0.129188,0.153907,0.129188,0.168702,1,351,3600.000000,65,13,0,GUROBI,1,60,0,0,0,0,0,0,1,0,0
6,0,Matrix,64,20659.898154,20665.972411,20659.936301,20781.000000,20781.000000,20781.000000,0.127951,0.151473,0.127951,0.166407,1,370,3600.000000,65,13,0,GUROBI,1,60,0,0,0,0,0,0,1,0,0
7,0,Matrix,64,20652.600454,20658.351288,20652.600454,20774.000000,20774.000000,20774.000000,0.128528,0.154309,0.128528,0.171789,1,427,3600.000000,65,13,0,GUROBI,1,60,0,0,0,0,0,0,1,0,0
8,0,Matrix,64,20662.597332,20669.066858,20662.687495,20784.000000,20784.000000,20784.000000,0.126048,0.150067,0.126048,0.168062,1,385,3600.000000,65,13,0,GUROBI,1,60,0,0,0,0,0,0,1,0,0
