instanceIndex,seedIndex,vpcGenerator,terms,lpBound,disjunctiveDualBound,lpBoundPostVpc,rootDualBound,dualBound,primalBound,vpcGenerationTime,rootDualBoundTime,bestSolutionTime,terminationTime,nodes,iterations,maxTime,actualTerms,numCuts,cutLimit,mipSolver,providePrimalBound,infeasibleTerms,feasibleToInfeasibleTerms,infeasibleToFeasibleTerms,termRemainsFeasibleBasisInfeasible,cutsChangedCoefficients,feasibleTermsPrunedByBound,tighten_disjunction,tighten_matrix_perturbation,tighten_infeasible_to_feasible_term,tighten_feasible_to_infeasible_basis
0,0,None,64,27.000000,27.000000,27.000000,27.000000,42.000000,42.000000,0.000002,1.165801,35.321466,388.820141,29256,1892089,3600.000000,0,0,0,GUROBI,1,0,0,0,0,0,0,0,0,0,0
1,0,None,64,-178.846667,-178.846667,-178.846667,-170.570476,-62.673750,-62.670000,0.000002,1.834955,485.413509,1259.264872,101088,7203879,3600.000000,0,0,0,GUROBI,1,0,0,0,0,0,0,0,0,0,0
2,0,None,64,-116.628889,-116.628889,-116.628889,-105.817657,-38.723333,-38.720000,0.000002,0.864377,464.901206,695.526090,69131,4374001,3600.000000,0,0,0,GUROBI,1,0,0,0,0,0,0,0,0,0,0
3,0,None,64,-222.200000,-222.200000,-222.200000,-207.667838,-102.670000,-102.670000,0.000002,0.924878,110.278563,495.129049,35474,2892770,3600.000000,0,0,0,GUROBI,1,0,0,0,0,0,0,0,0,0,0
4,0,None,64,-171.993611,-171.993611,-171.993611,-161.169306,-79.690000,-79.690000,0.000004,0.823080,510.658184,514.534750,40553,2996780,3600.000000,0,0,0,GUROBI,1,0,0,0,0,0,0,0,0,0,0
