instanceIndex,seedIndex,vpcGenerator,terms,lpBound,disjunctiveDualBound,lpBoundPostVpc,rootDualBound,dualBound,primalBound,vpcGenerationTime,rootDualBoundTime,bestSolutionTime,terminationTime,nodes,iterations,maxTime,actualTerms,numCuts,cutLimit,mipSolver,providePrimalBound,infeasibleTerms,feasibleToInfeasibleTerms,infeasibleToFeasibleTerms,termRemainsFeasibleBasisInfeasible,cutsChangedCoefficients,feasibleTermsPrunedByBound,tighten_disjunction,tighten_matrix_perturbation,tighten_infeasible_to_feasible_term,tighten_feasible_to_infeasible_basis
0,0,None,4,27.000000,27.000000,27.000000,27.000000,41.997500,42.000000,0.000003,1.473133,15.027361,1321.214025,153349,10697029,3600.000000,0,0,0,GUROBI,1,0,0,0,0,0,0,0,0,0,0
1,0,None,4,-178.846667,-178.846667,-178.846667,-170.896222,-62.670000,-62.670000,0.000002,0.755736,245.081752,734.215282,60512,4224674,3600.000000,0,0,0,GUROBI,1,0,0,0,0,0,0,0,0,0,0
2,0,None,4,-116.628889,-116.628889,-116.628889,-106.310175,-38.720690,-38.720000,0.000002,0.830079,28.488390,787.738242,79934,4995946,3600.000000,0,0,0,GUROBI,1,0,0,0,0,0,0,0,0,0,0
3,0,None,4,-222.200000,-222.200000,-222.200000,-209.304576,-102.677783,-102.670000,0.000002,0.811831,629.947812,738.220746,62523,4554313,3600.000000,0,0,0,GUROBI,1,0,0,0,0,0,0,0,0,0,0
4,0,None,4,-171.993611,-171.993611,-171.993611,-161.721086,-79.690000,-79.690000,0.000003,1.057986,683.001926,763.469492,57853,4625581,3600.000000,0,0,0,GUROBI,1,0,0,0,0,0,0,0,0,0,0
