instanceIndex,seedIndex,vpcGenerator,terms,lpBound,disjunctiveDualBound,lpBoundPostVpc,rootDualBound,dualBound,primalBound,vpcGenerationTime,rootDualBoundTime,bestSolutionTime,terminationTime,nodes,iterations,maxTime,actualTerms,numCuts,cutLimit,mipSolver,providePrimalBound,infeasibleTerms,feasibleToInfeasibleTerms,infeasibleToFeasibleTerms,termRemainsFeasibleBasisInfeasible,cutsChangedCoefficients,feasibleTermsPrunedByBound,tighten_disjunction,tighten_matrix_perturbation,tighten_infeasible_to_feasible_term,tighten_feasible_to_infeasible_basis
0,0,New,64,197818.254988,211936.778148,206211.962374,389706.448278,405935.180000,405935.180000,20.388229,20.598074,21.043518,21.059150,300,2254,3600.000000,64,38,38,GUROBI,1,14,0,0,0,0,0,0,0,0,0
1,0,New,64,197812.916672,214915.444715,207252.089616,389692.080924,405922.147125,405934.180000,10.280874,10.509638,11.070365,11.083488,417,3062,3600.000000,72,22,40,GUROBI,1,35,0,0,0,0,0,0,0,0,0
2,0,New,64,197821.688322,219561.047936,212643.531452,392408.262790,405941.180000,405941.180000,14.191343,14.416478,14.750197,14.785269,186,2023,3600.000000,64,37,37,GUROBI,1,18,0,0,0,0,0,0,0,0,0
3,0,New,64,197817.808910,214918.977870,210004.994291,390012.764008,405918.889347,405933.180000,16.088458,16.316251,16.644451,16.669630,250,2088,3600.000000,67,40,40,GUROBI,1,33,0,0,0,0,0,0,0,0,0
4,0,New,64,197814.756236,214916.977870,211153.550427,379683.730659,405933.180000,405933.180000,12.885190,13.085059,13.377879,13.378159,161,1465,3600.000000,64,27,45,GUROBI,1,26,0,0,0,0,0,0,0,0,0
5,0,New,64,197816.477537,210373.941859,205118.956128,386676.927205,405906.908480,405934.180000,8.513641,8.710044,9.109671,9.127218,265,2165,3600.000000,66,19,42,GUROBI,1,30,0,0,0,0,0,0,0,0,0
