instanceIndex,seedIndex,vpcGenerator,terms,lpBound,disjunctiveDualBound,lpBoundPostVpc,rootDualBound,dualBound,primalBound,vpcGenerationTime,rootDualBoundTime,bestSolutionTime,terminationTime,nodes,iterations,maxTime,actualTerms,numCuts,cutLimit,mipSolver,providePrimalBound,infeasibleTerms,feasibleToInfeasibleTerms,infeasibleToFeasibleTerms,termRemainsFeasibleBasisInfeasible,cutsChangedCoefficients,feasibleTermsPrunedByBound,tighten_disjunction,tighten_matrix_perturbation,tighten_infeasible_to_feasible_term,tighten_feasible_to_infeasible_basis
0,0,New,64,197818.254988,211936.778148,206211.962374,389702.829026,405935.180000,405935.180000,19.204350,19.729942,20.543337,20.555162,339,2565,3600.000000,64,38,38,GUROBI,1,14,0,0,0,0,0,0,0,0,0
1,0,All,64,197417.068309,211866.598148,204838.621004,383882.754587,405935.180000,405935.180000,7.001213,7.565219,9.977732,9.980633,503,4141,3600.000000,64,38,0,GUROBI,1,14,0,0,24,38,0,1,1,1,1
2,0,All,64,198953.454988,211936.778148,206188.205284,401286.791113,405935.180000,405935.180000,6.800802,7.372344,7.476895,7.520064,35,739,3600.000000,64,38,0,GUROBI,1,14,0,0,38,38,0,1,1,1,1
3,0,All,64,210037.457216,224838.933444,213772.138275,386569.480850,407941.580000,407941.580000,6.741023,7.298614,8.463803,8.481415,245,2127,3600.000000,64,38,0,GUROBI,1,19,5,0,34,38,0,1,1,1,1
4,0,All,64,199363.535637,211936.778148,206029.162849,393498.357670,405935.180000,405935.180000,6.708944,7.256683,8.608802,8.654975,337,2459,3600.000000,64,38,0,GUROBI,1,14,0,0,11,38,0,1,1,1,1
5,0,All,64,195284.317586,206007.485802,197887.708482,402806.875116,405935.180000,405935.180000,6.701709,7.309449,7.424062,7.478166,22,587,3600.000000,64,38,0,GUROBI,1,15,1,0,34,38,0,1,1,1,1
