instanceIndex,seedIndex,vpcGenerator,terms,lpBound,disjunctiveDualBound,lpBoundPostVpc,rootDualBound,dualBound,primalBound,vpcGenerationTime,rootDualBoundTime,bestSolutionTime,terminationTime,nodes,iterations,maxTime,actualTerms,numCuts,cutLimit,mipSolver,providePrimalBound,infeasibleTerms,feasibleToInfeasibleTerms,infeasibleToFeasibleTerms,termRemainsFeasibleBasisInfeasible,cutsChangedCoefficients,feasibleTermsPrunedByBound,tighten_disjunction,tighten_matrix_perturbation,tighten_infeasible_to_feasible_term,tighten_feasible_to_infeasible_basis
0,0,New,4,197818.254988,200384.335637,199097.188785,393196.059908,405935.180000,405935.180000,0.550346,1.133486,2.232632,2.377130,204,1534,3600.000000,4,21,38,GUROBI,1,0,0,0,0,0,0,0,0,0,0
1,0,Basis,4,197813.039205,200380.073012,199093.582112,389351.408687,405937.180000,405937.180000,0.014601,0.759304,2.380768,2.496667,237,1891,3600.000000,4,21,0,GUROBI,1,0,0,0,0,0,0,0,0,0,1
2,0,Basis,4,197817.273953,200380.701551,199096.352570,385150.808010,405942.180000,405942.180000,0.014883,0.634875,2.384442,2.410007,321,2487,3600.000000,4,21,0,GUROBI,1,0,0,0,0,0,0,0,0,0,1
3,0,Basis,4,197811.152400,200374.261618,199094.481542,388311.600363,405950.180000,405950.180000,0.015136,0.713824,2.294853,2.346094,225,2393,3600.000000,4,21,0,GUROBI,1,0,0,0,0,0,0,0,0,0,1
4,0,Basis,4,197808.971679,200376.046335,199090.234372,382630.413216,405934.180000,405934.180000,0.014316,0.659946,2.251270,2.380126,242,1932,3600.000000,4,21,0,GUROBI,1,0,0,0,0,0,0,0,0,0,1
