instanceIndex,seedIndex,vpcGenerator,terms,lpBound,disjunctiveDualBound,lpBoundPostVpc,rootDualBound,dualBound,primalBound,vpcGenerationTime,rootDualBoundTime,bestSolutionTime,terminationTime,nodes,iterations,maxTime,actualTerms,numCuts,cutLimit,mipSolver,providePrimalBound,infeasibleTerms,feasibleToInfeasibleTerms,infeasibleToFeasibleTerms,termRemainsFeasibleBasisInfeasible,cutsChangedCoefficients,feasibleTermsPrunedByBound,tighten_disjunction,tighten_matrix_perturbation,tighten_infeasible_to_feasible_term,tighten_feasible_to_infeasible_basis
0,0,New,64,197818.254988,211936.778148,206211.962374,393488.354681,405935.180000,405935.180000,20.246938,20.440578,20.693789,20.713087,133,1520,3600.000000,64,38,38,GUROBI,1,14,0,0,0,0,0,0,0,0,0
1,0,Matrix,64,164432.633306,175601.342698,164432.633306,1040944.552275,1199859.041745,1199957.430000,0.688322,1.167879,18.157443,18.157710,3048,111253,3600.000000,64,38,0,GUROBI,1,25,11,0,39,38,0,0,1,0,0
2,0,Matrix,64,173219.302858,177201.520061,173219.302858,1068326.723757,1068809.260000,1068809.259804,0.816310,1.214429,0.816310,1.223665,3,1500,3600.000000,64,38,0,GUROBI,1,35,21,0,29,38,0,0,1,0,0
3,0,Matrix,64,161386.398742,163747.403644,161386.398742,1088546.874449,1203057.680000,1203057.680000,0.665460,1.100678,7.916076,8.865797,1246,42888,3600.000000,64,38,0,GUROBI,1,19,5,0,45,38,0,0,1,0,0
4,0,Matrix,64,184637.083392,190286.388165,184637.083392,888924.412078,931248.550000,931248.550000,0.704140,1.053721,2.358965,2.362875,414,7974,3600.000000,64,38,0,GUROBI,1,22,8,0,42,38,0,0,1,0,0
