instanceIndex,seedIndex,vpcGenerator,terms,lpBound,disjunctiveDualBound,lpBoundPostVpc,rootDualBound,dualBound,primalBound,vpcGenerationTime,rootDualBoundTime,bestSolutionTime,terminationTime,nodes,iterations,maxTime,actualTerms,numCuts,cutLimit,mipSolver,providePrimalBound,infeasibleTerms,feasibleToInfeasibleTerms,infeasibleToFeasibleTerms,termRemainsFeasibleBasisInfeasible,cutsChangedCoefficients,feasibleTermsPrunedByBound,tighten_disjunction,tighten_matrix_perturbation,tighten_infeasible_to_feasible_term,tighten_feasible_to_infeasible_basis
0,0,New,64,197818.254988,211936.778148,206211.962374,395077.649306,405935.180000,405935.180000,15.295629,15.532398,16.040496,16.112355,200,1940,3600.000000,64,38,38,GUROBI,1,14,0,0,0,0,0,0,0,0,0
1,0,New,64,197818.254988,211936.778148,206616.736762,389255.678819,405899.814000,405935.180000,15.834534,16.060709,16.368341,16.373310,196,1593,3600.000000,64,38,38,GUROBI,1,14,0,0,0,0,0,0,0,0,0
2,0,New,64,197818.254988,211936.778148,207078.984850,387623.489872,405935.180000,405935.180000,16.000685,16.151797,16.530559,16.571791,281,2553,3600.000000,64,38,38,GUROBI,1,14,0,0,0,0,0,0,0,0,0
3,0,New,64,197818.254988,211936.778148,206211.962374,392169.714865,405935.180000,405935.180000,15.374050,15.551556,15.928892,15.948579,264,2578,3600.000000,64,38,38,GUROBI,1,14,0,0,0,0,0,0,0,0,0
4,0,New,64,239065.616470,257235.659630,248091.973731,464856.585365,482220.630000,482220.630000,14.514114,14.657246,14.993927,14.994181,236,1766,3600.000000,64,36,38,GUROBI,1,18,0,0,0,0,0,0,0,0,0
