instanceIndex,seedIndex,vpcGenerator,terms,lpBound,disjunctiveDualBound,lpBoundPostVpc,rootDualBound,dualBound,primalBound,vpcGenerationTime,rootDualBoundTime,bestSolutionTime,terminationTime,nodes,iterations,maxTime,actualTerms,numCuts,cutLimit,mipSolver,providePrimalBound,infeasibleTerms,feasibleToInfeasibleTerms,infeasibleToFeasibleTerms,termRemainsFeasibleBasisInfeasible,cutsChangedCoefficients,feasibleTermsPrunedByBound,tighten_disjunction,tighten_matrix_perturbation,tighten_infeasible_to_feasible_term,tighten_feasible_to_infeasible_basis
0,0,New,4,197818.254988,200384.335637,199097.188785,391741.734352,405935.180000,405935.180000,0.687007,0.848896,1.234581,1.264236,188,1289,3600.000000,4,21,38,GUROBI,1,0,0,0,0,0,0,0,0,0,0
1,0,NoDisjunction,4,197417.068309,199983.148957,198954.282106,389980.515491,405918.820000,405935.180000,0.323028,0.537036,0.715795,0.729815,131,1312,3600.000000,4,21,0,GUROBI,1,0,0,0,3,21,0,0,1,1,1
2,0,NoDisjunction,4,198953.454988,200384.335637,200076.335174,399680.146993,405935.180000,405935.180000,0.019019,0.193664,0.634679,0.634903,274,2054,3600.000000,4,21,0,GUROBI,1,0,0,0,4,21,0,0,1,1,1
3,0,NoDisjunction,4,210037.457216,211058.257216,210722.801142,387209.712106,407941.580000,407941.580000,0.024387,0.197754,0.392854,0.462428,144,1694,3600.000000,4,21,0,GUROBI,1,0,0,0,4,21,0,0,1,1,1
4,0,NoDisjunction,4,199363.535637,200384.335637,199868.068970,389227.831350,405900.864290,405935.180000,0.316276,0.529904,1.041825,1.062158,297,2735,3600.000000,4,21,0,GUROBI,1,0,0,0,2,21,0,0,1,1,1
5,0,NoDisjunction,4,195284.317586,195991.944190,195654.883088,402637.620933,405935.180000,405935.180000,0.300742,0.524045,0.620029,0.624663,42,747,3600.000000,4,21,0,GUROBI,1,0,0,0,3,21,0,0,1,1,1
