instanceIndex,seedIndex,vpcGenerator,terms,lpBound,disjunctiveDualBound,lpBoundPostVpc,rootDualBound,dualBound,primalBound,vpcGenerationTime,rootDualBoundTime,bestSolutionTime,terminationTime,nodes,iterations,maxTime,actualTerms,numCuts,cutLimit,mipSolver,providePrimalBound,infeasibleTerms,feasibleToInfeasibleTerms,infeasibleToFeasibleTerms,termRemainsFeasibleBasisInfeasible,cutsChangedCoefficients,feasibleTermsPrunedByBound,tighten_disjunction,tighten_matrix_perturbation,tighten_infeasible_to_feasible_term,tighten_feasible_to_infeasible_basis
0,0,New,4,34077.542667,34193.616667,34193.616667,43687.356958,44311.595533,44316.000000,0.977652,1.750636,32.163668,45.895139,4951,171186,3600.000000,4,10,160,GUROBI,1,0,0,0,0,0,0,0,0,0,0
1,0,Term,4,12710.882955,12818.404466,12731.179149,20951.122913,21620.454241,21622.614815,0.069777,0.624163,869.812867,869.813243,50979,3492795,3600.000000,4,10,0,GUROBI,1,0,0,0,4,10,0,0,0,1,0
2,0,Term,4,15491.547307,15613.087435,15546.840197,24561.191571,25361.964967,25364.500000,0.067544,0.656094,1193.856478,1480.277255,98506,5309033,3600.000000,4,10,0,GUROBI,1,0,0,0,4,10,0,0,0,1,0
3,0,Term,4,25404.772358,25487.844119,25427.191654,35132.496261,35726.801996,35730.375000,0.060974,0.764240,882.522835,2210.845493,230469,9340646,3600.000000,4,10,0,GUROBI,1,0,0,0,4,10,0,0,0,1,0
4,0,Term,4,18943.649665,19074.036006,18973.920652,28103.768538,28731.163190,28820.750000,0.070581,0.614846,1334.455874,3600.072993,211053,12852760,3600.000000,4,10,0,GUROBI,1,0,0,0,4,10,0,0,0,1,0
