instanceIndex,seedIndex,vpcGenerator,terms,lpBound,disjunctiveDualBound,lpBoundPostVpc,rootDualBound,dualBound,primalBound,vpcGenerationTime,rootDualBoundTime,bestSolutionTime,terminationTime,nodes,iterations,maxTime,actualTerms,numCuts,cutLimit,mipSolver,providePrimalBound,infeasibleTerms,feasibleToInfeasibleTerms,infeasibleToFeasibleTerms,termRemainsFeasibleBasisInfeasible,cutsChangedCoefficients,feasibleTermsPrunedByBound,tighten_disjunction,tighten_matrix_perturbation,tighten_infeasible_to_feasible_term,tighten_feasible_to_infeasible_basis
0,0,New,64,34077.542667,35213.200000,34378.785140,43703.258413,44311.605676,44316.000000,21.908660,23.061927,67.697274,67.697629,6146,167411,3600.000000,64,27,160,GUROBI,1,0,0,0,0,0,0,0,0,0,0
1,0,New,64,12710.882955,12766.882955,12766.882955,20974.937041,21620.455131,21622.614815,16.250488,16.839771,731.731997,731.732396,35823,2145388,3600.000000,64,15,143,GUROBI,1,0,0,0,0,0,0,0,0,0,0
2,0,New,64,15491.547307,15580.547307,15580.547307,24531.338653,25361.966598,25364.500000,78.247062,79.060138,1571.983883,1571.984453,119986,6192444,3600.000000,64,150,150,GUROBI,1,2,0,0,0,0,0,0,0,0,0
3,0,New,64,25404.772358,25469.772358,25468.033336,35106.326458,35726.802593,35730.375000,68.356708,69.193265,1468.796052,1968.159885,184525,6253268,3600.000000,64,154,154,GUROBI,1,0,0,0,0,0,0,0,0,0,0
4,0,New,64,18943.649665,19004.649665,19004.649665,28068.036263,28738.787090,28820.750000,61.113834,61.823466,3661.115960,3661.116549,254431,14346920,3600.000000,64,131,149,GUROBI,1,2,0,0,0,0,0,0,0,0,0
