instanceIndex,seedIndex,vpcGenerator,terms,lpBound,disjunctiveDualBound,lpBoundPostVpc,rootDualBound,dualBound,primalBound,vpcGenerationTime,rootDualBoundTime,bestSolutionTime,terminationTime,nodes,iterations,maxTime,actualTerms,numCuts,cutLimit,mipSolver,providePrimalBound,infeasibleTerms,feasibleToInfeasibleTerms,infeasibleToFeasibleTerms,termRemainsFeasibleBasisInfeasible,cutsChangedCoefficients,feasibleTermsPrunedByBound,tighten_disjunction,tighten_matrix_perturbation,tighten_infeasible_to_feasible_term,tighten_feasible_to_infeasible_basis
0,0,New,64,34077.542667,35213.200000,34378.785140,43793.036662,44311.691892,44316.000000,22.714285,23.728962,96.230749,99.883613,7943,244598,3600.000000,64,27,160,GUROBI,1,0,0,0,0,0,0,0,0,0,0
1,0,Disjunction,64,12710.882955,12874.720010,12716.280224,20922.464738,21620.452740,21622.614815,1.062572,1.874447,501.858887,518.185201,24970,1771092,3600.000000,64,27,0,GUROBI,1,0,0,0,64,27,0,1,0,0,0
2,0,Disjunction,64,15491.547307,15784.878213,15500.524601,24485.741212,25361.964912,25364.500000,1.092398,1.750405,1168.498228,1496.116502,109909,5362818,3600.000000,64,27,0,GUROBI,1,0,0,0,64,27,0,1,0,0,0
3,0,Disjunction,64,25404.772358,25487.844119,25407.418789,35055.551017,35726.808202,35730.375000,1.123441,1.761159,1145.913566,1145.914639,155222,5257494,3600.000000,64,27,0,GUROBI,1,0,0,0,64,27,0,1,0,0,0
4,0,Disjunction,64,18943.649665,19190.078279,18943.649665,28120.698985,28732.526192,28820.750000,1.119824,1.687603,1812.291825,3601.122559,219275,12919371,3600.000000,64,27,0,GUROBI,1,0,0,0,64,27,0,1,0,0,0
