instanceIndex,seedIndex,vpcGenerator,terms,lpBound,disjunctiveDualBound,lpBoundPostVpc,rootDualBound,dualBound,primalBound,vpcGenerationTime,rootDualBoundTime,bestSolutionTime,terminationTime,nodes,iterations,maxTime,actualTerms,numCuts,cutLimit,mipSolver,providePrimalBound,infeasibleTerms,feasibleToInfeasibleTerms,infeasibleToFeasibleTerms,termRemainsFeasibleBasisInfeasible,cutsChangedCoefficients,feasibleTermsPrunedByBound,tighten_disjunction,tighten_matrix_perturbation,tighten_infeasible_to_feasible_term,tighten_feasible_to_infeasible_basis
0,0,New,64,34077.542667,35213.200000,34378.785140,43737.550034,44311.716804,44316.000000,15.220204,15.856716,50.957304,51.745435,5180,171988,3600.000000,64,27,160,GUROBI,1,0,0,0,0,0,0,0,0,0,0
1,0,Matrix,64,12710.882955,12874.720010,12716.280224,20947.201048,21620.456789,21622.614815,0.610357,1.095387,309.618951,319.208413,25118,1559334,3600.000000,64,27,0,GUROBI,1,0,0,0,64,27,0,0,1,0,0
2,0,Matrix,64,15491.547307,15784.878213,15500.524601,24550.451191,25361.964765,25364.500000,0.889740,1.328793,841.206683,841.206946,111592,6277977,3600.000000,64,27,0,GUROBI,1,0,0,0,64,27,0,0,1,0,0
3,0,Matrix,64,25404.772358,25487.844119,25407.418789,35074.352291,35726.804589,35730.375000,0.893132,1.421029,645.868349,1140.076005,191574,7936601,3600.000000,64,27,0,GUROBI,1,0,0,0,64,27,0,0,1,0,0
4,0,Matrix,64,18943.649665,19190.078279,18943.649665,28173.412685,28751.178056,28820.750000,0.767132,1.211897,3600.768750,3600.768971,345522,25920457,3600.000000,64,27,0,GUROBI,1,0,0,0,64,27,0,0,1,0,0
