instanceIndex,seedIndex,vpcGenerator,terms,lpBound,disjunctiveDualBound,lpBoundPostVpc,rootDualBound,dualBound,primalBound,vpcGenerationTime,rootDualBoundTime,bestSolutionTime,terminationTime,nodes,iterations,maxTime,actualTerms,numCuts,cutLimit,mipSolver,providePrimalBound,infeasibleTerms,feasibleToInfeasibleTerms,infeasibleToFeasibleTerms,termRemainsFeasibleBasisInfeasible,cutsChangedCoefficients,feasibleTermsPrunedByBound,tighten_disjunction,tighten_matrix_perturbation,tighten_infeasible_to_feasible_term,tighten_feasible_to_infeasible_basis
0,0,None,4,34077.542667,34077.542667,34077.542667,43681.046382,44312.046972,44316.000000,0.000007,0.531122,32.509138,32.510214,5351,157969,3600.000000,0,0,0,GUROBI,1,0,0,0,0,0,0,0,0,0,0
1,0,None,4,34139.080000,34139.080000,34139.080000,43725.438963,44239.703313,44244.000000,0.000003,0.606975,28.167447,28.362626,4183,152422,3600.000000,0,0,0,GUROBI,1,0,0,0,0,0,0,0,0,0,0
2,0,None,4,34140.453333,34140.453333,34140.453333,43946.338840,44469.573253,44474.000000,0.000002,0.631311,72.576950,83.585493,10665,449214,3600.000000,0,0,0,GUROBI,1,0,0,0,0,0,0,0,0,0,0
3,0,None,4,33941.718667,33941.718667,33941.718667,43679.335460,44120.601124,44125.000000,0.000002,0.619164,41.522555,46.641009,8496,235831,3600.000000,0,0,0,GUROBI,1,0,0,0,0,0,0,0,0,0,0
4,0,None,4,33441.179333,33441.179333,33441.179333,43229.939613,43831.859592,43836.000000,0.000002,0.542499,41.651760,64.260126,6959,277096,3600.000000,0,0,0,GUROBI,1,0,0,0,0,0,0,0,0,0,0
5,0,None,4,33991.224667,33991.224667,33991.224667,43761.576794,44279.744289,44284.000000,0.000002,0.531477,35.561635,36.373380,5053,191564,3600.000000,0,0,0,GUROBI,1,0,0,0,0,0,0,0,0,0,0
