instanceIndex,seedIndex,vpcGenerator,terms,lpBound,disjunctiveDualBound,lpBoundPostVpc,rootDualBound,dualBound,primalBound,vpcGenerationTime,rootDualBoundTime,bestSolutionTime,terminationTime,nodes,iterations,maxTime,actualTerms,numCuts,cutLimit,mipSolver,providePrimalBound,infeasibleTerms,feasibleToInfeasibleTerms,infeasibleToFeasibleTerms,termRemainsFeasibleBasisInfeasible,cutsChangedCoefficients,feasibleTermsPrunedByBound,tighten_disjunction,tighten_matrix_perturbation,tighten_infeasible_to_feasible_term,tighten_feasible_to_infeasible_basis
0,0,New,64,34077.542667,35213.200000,34378.785140,43784.675507,44311.760322,44316.000000,21.682267,22.758586,63.727274,66.918122,5300,160007,3600.000000,64,27,160,GUROBI,1,0,0,0,0,0,0,0,0,0,0
1,0,Disjunction,64,9878.385080,10000.011307,9878.385080,17324.004977,18126.902636,18128.714550,1.167569,1.938705,2361.717043,2361.717526,196160,9461702,3600.000000,64,27,0,GUROBI,1,0,0,0,64,27,0,1,0,0,0
2,0,Disjunction,64,8704.158136,8807.192704,8704.158136,15210.827874,15535.677423,15536.802403,1.242302,1.968972,13.555788,15.457431,1652,40701,3600.000000,64,27,0,GUROBI,1,0,0,0,64,27,0,1,0,0,0
3,0,Disjunction,64,5226.326104,5226.326104,5226.326104,10391.701836,10703.128767,10703.881411,1.210821,1.749587,11.300449,11.313033,861,16150,3600.000000,64,27,0,GUROBI,1,0,0,0,64,27,0,1,0,0,0
4,0,Disjunction,64,6837.440781,6837.440781,6837.440781,13563.522211,13968.817906,13970.100637,1.183563,1.915276,23.630136,52.235965,5415,187157,3600.000000,64,27,0,GUROBI,1,1,1,0,63,27,0,1,0,0,0
5,0,Disjunction,64,9933.208093,9987.157628,9933.208093,17024.845880,17704.784165,17706.505100,1.185025,2.175003,623.388277,642.680372,51585,2552854,3600.000000,64,27,0,GUROBI,1,0,0,0,64,27,0,1,0,0,0
