instanceIndex,seedIndex,vpcGenerator,terms,lpBound,disjunctiveDualBound,lpBoundPostVpc,rootDualBound,dualBound,primalBound,vpcGenerationTime,rootDualBoundTime,bestSolutionTime,terminationTime,nodes,iterations,maxTime,actualTerms,numCuts,cutLimit,mipSolver,providePrimalBound,infeasibleTerms,feasibleToInfeasibleTerms,infeasibleToFeasibleTerms,termRemainsFeasibleBasisInfeasible,cutsChangedCoefficients,feasibleTermsPrunedByBound,tighten_disjunction,tighten_matrix_perturbation,tighten_infeasible_to_feasible_term,tighten_feasible_to_infeasible_basis
0,0,New,64,34077.542667,35213.200000,34378.785140,43766.611698,44311.603316,44316.000000,21.847984,22.744559,69.953433,73.626264,6527,194990,3600.000000,64,27,160,GUROBI,1,0,0,0,0,0,0,0,0,0,0
1,0,Term,64,32076.394667,32768.538000,32332.857893,41802.218243,42371.839718,42376.000000,0.750317,1.611463,73.633076,121.850828,14669,462986,3600.000000,64,27,0,GUROBI,1,0,0,0,0,0,0,0,0,1,0
2,0,Term,64,32312.961333,32652.788000,32415.982206,41867.609468,42291.827422,42296.000000,0.830311,1.483977,13.696593,13.830040,1232,32548,3600.000000,64,27,0,GUROBI,1,0,0,0,0,0,0,0,0,1,0
3,0,Term,64,31320.261333,32398.973333,31561.525200,41027.718674,41486.052596,41490.000000,0.764327,1.643552,33.441896,33.602457,3889,121652,3600.000000,64,27,0,GUROBI,1,0,0,0,0,0,0,0,0,1,0
4,0,Term,64,32194.771333,32693.464000,32369.315650,41674.789417,42169.875827,42170.000000,0.825690,1.763392,5.257178,5.258806,779,16342,3600.000000,64,27,0,GUROBI,1,0,0,0,0,0,0,0,0,1,0
5,0,Term,64,18159.595333,18742.607333,18165.964814,27724.148190,28351.175775,28354.000000,0.932752,1.753994,99.963033,102.493461,14855,360066,3600.000000,64,27,0,GUROBI,1,0,0,0,0,0,0,0,0,1,0
6,0,Term,64,28007.814000,28762.859333,28043.088398,37587.547237,38233.192570,38237.000000,0.884030,1.633623,94.699684,101.161179,10021,400199,3600.000000,64,27,0,GUROBI,1,0,0,0,0,0,0,0,0,1,0
