instanceIndex,seedIndex,vpcGenerator,terms,lpBound,disjunctiveDualBound,lpBoundPostVpc,rootDualBound,dualBound,primalBound,vpcGenerationTime,rootDualBoundTime,bestSolutionTime,terminationTime,nodes,iterations,maxTime,actualTerms,numCuts,cutLimit,mipSolver,providePrimalBound,infeasibleTerms,feasibleToInfeasibleTerms,infeasibleToFeasibleTerms,termRemainsFeasibleBasisInfeasible,cutsChangedCoefficients,feasibleTermsPrunedByBound,tighten_disjunction,tighten_matrix_perturbation,tighten_infeasible_to_feasible_term,tighten_feasible_to_infeasible_basis
0,0,New,64,34077.542667,35213.200000,34378.785140,43716.300408,44311.643449,44316.000000,22.196627,23.009153,59.017401,68.873556,6112,180885,3600.000000,64,27,160,GUROBI,1,0,0,0,0,0,0,0,0,0,0
1,0,All,64,12710.882955,12874.720010,12716.280224,20996.431097,21620.454951,21622.614815,1.068201,1.773413,1010.743203,1012.348329,55200,4063637,3600.000000,64,27,0,GUROBI,1,0,0,0,64,27,0,1,1,1,1
2,0,All,64,15491.547307,15784.878213,15500.524601,24536.574081,25346.109368,25364.500000,1.083519,1.717596,3506.980747,3601.088449,324581,16392843,3600.000000,64,27,0,GUROBI,1,0,0,0,64,27,0,1,1,1,1
3,0,All,64,25404.772358,25487.844119,25407.418789,35054.895525,35726.806603,35730.375000,1.131091,1.769850,1108.135475,1108.135958,149111,4909240,3600.000000,64,27,0,GUROBI,1,0,0,0,64,27,0,1,1,1,1
4,0,All,64,18943.649665,19190.078279,18943.649665,28183.132458,28747.783316,28820.750000,1.112546,1.729352,1667.255179,3601.144694,217437,15313056,3600.000000,64,27,0,GUROBI,1,0,0,0,64,27,0,1,1,1,1
