instanceIndex,seedIndex,vpcGenerator,terms,lpBound,disjunctiveDualBound,lpBoundPostVpc,rootDualBound,dualBound,primalBound,vpcGenerationTime,rootDualBoundTime,bestSolutionTime,terminationTime,nodes,iterations,maxTime,actualTerms,numCuts,cutLimit,mipSolver,providePrimalBound,infeasibleTerms,feasibleToInfeasibleTerms,infeasibleToFeasibleTerms,termRemainsFeasibleBasisInfeasible,cutsChangedCoefficients,feasibleTermsPrunedByBound,tighten_disjunction,tighten_matrix_perturbation,tighten_infeasible_to_feasible_term,tighten_feasible_to_infeasible_basis
0,0,New,64,34077.542667,35213.200000,34378.785140,43720.946836,44312.237150,44316.000000,17.192923,17.745344,36.261878,45.088442,4016,122585,3600.000000,64,27,160,GUROBI,1,0,0,0,0,0,0,0,0,0,0
1,0,Basis,64,34139.080000,35162.576000,34399.781669,43731.658130,44239.649514,44244.000000,0.534405,1.196761,18.115181,18.573830,2744,90367,3600.000000,64,27,0,GUROBI,1,0,0,0,0,0,0,0,0,0,1
2,0,Basis,64,34140.453333,35073.693333,34428.827957,43933.471741,44469.593476,44474.000000,0.394137,1.038677,55.575229,55.575423,8631,290009,3600.000000,64,27,0,GUROBI,1,0,0,0,0,0,0,0,0,0,1
3,0,Basis,64,33941.718667,35064.470667,34243.434688,43640.291386,44120.633925,44125.000000,0.353297,1.101180,40.991643,43.601518,6762,234098,3600.000000,64,27,0,GUROBI,1,0,0,0,0,0,0,0,0,0,1
4,0,Basis,64,33441.179333,34315.087333,33733.300210,43290.880976,43831.698116,43836.000000,0.503499,1.086257,54.741377,72.676744,8605,394336,3600.000000,64,27,0,GUROBI,1,0,0,0,0,0,0,0,0,0,1
5,0,Basis,64,33991.224667,35134.108667,34291.897761,43519.554419,44279.596258,44284.000000,0.473875,1.016209,58.635401,58.635600,9789,374520,3600.000000,64,27,0,GUROBI,1,0,0,0,0,0,0,0,0,0,1
