instanceIndex,seedIndex,vpcGenerator,terms,lpBound,disjunctiveDualBound,lpBoundPostVpc,rootDualBound,dualBound,primalBound,vpcGenerationTime,rootDualBoundTime,bestSolutionTime,terminationTime,nodes,iterations,maxTime,actualTerms,numCuts,cutLimit,mipSolver,providePrimalBound,infeasibleTerms,feasibleToInfeasibleTerms,infeasibleToFeasibleTerms,termRemainsFeasibleBasisInfeasible,cutsChangedCoefficients,feasibleTermsPrunedByBound,tighten_disjunction,tighten_matrix_perturbation,tighten_infeasible_to_feasible_term,tighten_feasible_to_infeasible_basis
0,0,New,4,-4840.541961,-4839.625710,-4839.640858,-4838.891800,-4784.211730,-4783.733392,0.601870,0.652190,30.217075,882.627766,4042160,21332579,3600.000000,4,18,18,GUROBI,1,0,0,0,0,0,0,0,0,0,0
1,0,Farkas,4,-4839.852489,-4839.170482,-4839.218122,-4837.869956,-4784.211725,-4783.733392,0.005459,0.087152,47.384011,849.858456,3876416,20502636,3600.000000,4,18,0,GUROBI,1,0,0,0,1,18,0,0,0,0,0
2,0,Farkas,4,-4840.541961,-4839.625710,-4839.640858,-4838.891800,-4784.211642,-4783.733392,0.005054,0.084059,166.391075,1030.308930,4538686,23852455,3600.000000,4,18,0,GUROBI,1,0,0,0,0,18,0,0,0,0,0
3,0,Farkas,4,-4840.287821,-4839.001863,-4839.403597,-4838.544478,-4784.211752,-4783.733392,0.003173,0.070179,115.279253,1042.205533,4011186,21132769,3600.000000,4,18,0,GUROBI,1,0,0,0,1,18,0,0,0,0,0
4,0,Farkas,4,-4840.541961,-4839.625710,-4839.640858,-4838.891800,-4784.211713,-4783.733392,0.004531,0.085352,161.933921,1211.367337,4610411,24371730,3600.000000,4,18,0,GUROBI,1,0,0,0,0,18,0,0,0,0,0
