instanceIndex,seedIndex,vpcGenerator,terms,lpBound,disjunctiveDualBound,lpBoundPostVpc,rootDualBound,dualBound,primalBound,vpcGenerationTime,rootDualBoundTime,bestSolutionTime,terminationTime,nodes,iterations,maxTime,actualTerms,numCuts,cutLimit,mipSolver,providePrimalBound,infeasibleTerms,feasibleToInfeasibleTerms,infeasibleToFeasibleTerms,termRemainsFeasibleBasisInfeasible,cutsChangedCoefficients,feasibleTermsPrunedByBound,tighten_disjunction,tighten_matrix_perturbation,tighten_infeasible_to_feasible_term,tighten_feasible_to_infeasible_basis
0,0,New,4,6766.249840,6767.701213,6767.699244,6768.035368,6827.426689,6840.965642,0.377578,0.415230,3159.276902,3600.378215,23532568,70494475,3600.000000,4,21,21,GUROBI,1,0,0,0,0,0,0,0,0,0,0
1,0,All,4,6764.819283,6766.122513,6765.534130,6766.451774,6839.281737,6839.965642,0.005604,0.045734,123.394321,3051.652362,19475488,57625148,3600.000000,4,21,0,GUROBI,1,0,0,0,0,0,0,1,1,1,1
2,0,All,4,6758.786265,6759.897069,6759.886551,6760.544431,6833.282272,6833.965642,0.010544,0.046009,690.853102,2610.868126,16488976,47728642,3600.000000,4,21,0,GUROBI,1,0,0,0,0,0,0,1,1,1,1
3,0,All,4,6759.579302,6760.494181,6759.845701,6761.350458,6834.282160,6834.965642,0.005569,0.044769,76.705156,2830.532856,18209628,52344931,3600.000000,4,21,0,GUROBI,1,0,0,0,0,0,0,1,1,1,1
4,0,All,4,6761.214591,6762.846206,6761.791656,6763.808870,6831.935126,6832.618386,0.009669,0.053804,1769.834633,2074.143688,13261264,38028261,3600.000000,4,21,0,GUROBI,1,0,0,0,0,0,0,1,1,1,1
5,0,All,4,6761.507226,6762.216505,6762.023583,6763.554221,6832.935029,6833.618386,0.011047,0.047662,2564.326032,3439.330135,21720219,62921635,3600.000000,4,21,0,GUROBI,1,0,0,0,0,0,0,1,1,1,1
6,0,All,4,6763.296528,6763.491691,6763.386930,6764.937265,6834.934892,6835.618386,0.009696,0.050201,825.137605,2600.886365,16530508,47429891,3600.000000,4,21,0,GUROBI,1,0,0,0,0,0,0,1,1,1,1
