instanceIndex,seedIndex,vpcGenerator,terms,lpBound,disjunctiveDualBound,lpBoundPostVpc,rootDualBound,dualBound,primalBound,vpcGenerationTime,rootDualBoundTime,bestSolutionTime,terminationTime,nodes,iterations,maxTime,actualTerms,numCuts,cutLimit,mipSolver,providePrimalBound,infeasibleTerms,feasibleToInfeasibleTerms,infeasibleToFeasibleTerms,termRemainsFeasibleBasisInfeasible,cutsChangedCoefficients,feasibleTermsPrunedByBound,tighten_disjunction,tighten_matrix_perturbation,tighten_infeasible_to_feasible_term,tighten_feasible_to_infeasible_basis
0,0,New,4,-4632.298153,-4630.486614,-4630.564791,-4630.565492,-4607.140107,-4606.679610,0.190662,0.300403,16.359154,241.989502,1287213,5064646,3600.000000,4,17,17,GUROBI,1,0,0,0,0,0,0,0,0,0,0
1,0,NoDisjunction,4,-4628.667162,-4627.210354,-4628.360752,-4627.885455,-4604.833772,-4604.373375,0.007603,0.061391,39.142166,141.844576,721073,2839650,3600.000000,4,17,0,GUROBI,1,0,0,0,0,0,0,0,1,1,1
2,0,NoDisjunction,4,-4633.823148,-4631.981020,-4633.782619,-4633.567177,-4607.208105,-4606.747589,0.007625,0.074712,8.483344,393.710317,2040806,7960753,3600.000000,4,17,0,GUROBI,1,0,0,0,0,0,0,0,1,1,1
3,0,NoDisjunction,4,-4630.165060,-4629.495472,-4630.053821,-4629.621308,-4608.140353,-4607.679610,0.007626,0.069791,3.327135,93.687742,461426,1865393,3600.000000,4,17,0,GUROBI,1,0,0,0,0,0,0,0,1,1,1
4,0,NoDisjunction,4,-4637.262386,-4635.945544,-4636.627970,-4636.631300,-4610.834389,-4610.373375,0.007570,0.062862,87.192349,377.213058,1976971,7642991,3600.000000,4,17,0,GUROBI,1,0,0,0,0,0,0,0,1,1,1
5,0,NoDisjunction,4,-4627.753185,-4627.753185,-4627.753185,-4627.196816,-4603.420153,-4602.959864,0.007344,0.069184,77.600771,336.449517,1567489,6144331,3600.000000,4,17,0,GUROBI,1,0,0,0,0,0,0,0,1,1,1
