instanceIndex,seedIndex,vpcGenerator,terms,lpBound,disjunctiveDualBound,lpBoundPostVpc,rootDualBound,dualBound,primalBound,vpcGenerationTime,rootDualBoundTime,bestSolutionTime,terminationTime,nodes,iterations,maxTime,actualTerms,numCuts,cutLimit,mipSolver,providePrimalBound,infeasibleTerms,feasibleToInfeasibleTerms,infeasibleToFeasibleTerms,termRemainsFeasibleBasisInfeasible,cutsChangedCoefficients,feasibleTermsPrunedByBound,tighten_disjunction,tighten_matrix_perturbation,tighten_infeasible_to_feasible_term,tighten_feasible_to_infeasible_basis
0,0,New,64,6766.249840,6771.975779,6771.850862,6771.707891,6840.281597,6840.965642,2.056579,2.092178,57.065471,3596.041751,17048552,49586542,3600.000000,64,21,21,GUROBI,1,1,0,0,0,0,0,0,0,0,0
1,0,Term,64,6781.060643,6783.563282,6781.060643,6784.677386,6858.279873,6858.965642,0.074669,0.113529,973.933429,1122.553772,7149049,19376314,3600.000000,64,21,0,GUROBI,1,1,0,0,0,0,0,0,0,1,0
2,0,Term,64,6765.886253,6766.110320,6765.886253,6767.156171,6848.045826,6851.524504,0.069739,0.110542,710.596766,3600.070422,23049084,63985855,3600.000000,64,21,0,GUROBI,1,1,0,0,0,0,0,0,0,1,0
3,0,Term,64,6775.843119,6777.024771,6775.843119,6776.919478,6842.934043,6843.618386,0.076209,0.110688,346.625409,2187.712628,13411811,39083554,3600.000000,64,21,0,GUROBI,1,1,0,0,0,0,0,0,0,1,0
4,0,Term,64,6776.474219,6781.524931,6778.235129,6780.196450,6855.300052,6855.985649,0.070211,0.112101,608.150240,2669.592258,16588273,48281909,3600.000000,64,21,0,GUROBI,1,1,0,0,0,0,0,0,0,1,0
