instanceIndex,seedIndex,vpcGenerator,terms,lpBound,disjunctiveDualBound,lpBoundPostVpc,rootDualBound,dualBound,primalBound,vpcGenerationTime,rootDualBoundTime,bestSolutionTime,terminationTime,nodes,iterations,maxTime,actualTerms,numCuts,cutLimit,mipSolver,providePrimalBound,infeasibleTerms,feasibleToInfeasibleTerms,infeasibleToFeasibleTerms,termRemainsFeasibleBasisInfeasible,cutsChangedCoefficients,feasibleTermsPrunedByBound,tighten_disjunction,tighten_matrix_perturbation,tighten_infeasible_to_feasible_term,tighten_feasible_to_infeasible_basis
0,0,None,4,-4840.541961,-4840.541961,-4840.541961,-4838.470061,-4784.211756,-4783.733392,0.000023,0.132882,1151.170794,2236.371076,6648586,34259003,3600.000000,0,0,0,GUROBI,1,0,0,0,0,0,0,0,0,0,0
1,0,None,4,-4805.495419,-4805.495419,-4805.495419,-4801.079673,-4745.334303,-4744.859901,0.000001,0.098510,172.520976,1257.993647,3845761,19513931,3600.000000,0,0,0,GUROBI,1,0,0,0,0,0,0,0,0,0,0
2,0,None,4,-4839.736201,-4839.736201,-4839.736201,-4838.531959,-4778.582517,-4778.104712,0.000002,0.118953,826.667329,3160.602930,9490965,49183461,3600.000000,0,0,0,GUROBI,1,0,0,0,0,0,0,0,0,0,0
3,0,None,4,-4834.315790,-4834.315790,-4834.315790,-4832.387891,-4775.186219,-4774.708764,0.000003,0.121437,1138.610511,1862.836837,5535872,28946234,3600.000000,0,0,0,GUROBI,1,0,0,0,0,0,0,0,0,0,0
4,0,None,4,-4840.363396,-4840.363396,-4840.363396,-4839.370386,-4781.763650,-4781.285538,0.000002,0.112220,2268.026674,3565.943531,10685703,55064460,3600.000000,0,0,0,GUROBI,1,0,0,0,0,0,0,0,0,0,0
