instanceIndex,seedIndex,vpcGenerator,terms,lpBound,disjunctiveDualBound,lpBoundPostVpc,rootDualBound,dualBound,primalBound,vpcGenerationTime,rootDualBoundTime,bestSolutionTime,terminationTime,nodes,iterations,maxTime,actualTerms,numCuts,cutLimit,mipSolver,providePrimalBound,infeasibleTerms,feasibleToInfeasibleTerms,infeasibleToFeasibleTerms,termRemainsFeasibleBasisInfeasible,cutsChangedCoefficients,feasibleTermsPrunedByBound,tighten_disjunction,tighten_matrix_perturbation,tighten_infeasible_to_feasible_term,tighten_feasible_to_infeasible_basis
0,0,New,64,-4632.298153,-4629.688960,-4629.739257,-4629.820010,-4607.140276,-4606.679610,2.788856,2.882734,79.659021,366.070812,1355441,5253692,3600.000000,88,17,17,GUROBI,1,75,0,0,0,0,0,0,0,0,0
1,0,Farkas,64,-4611.086803,-4610.573720,-4611.086803,-4610.294682,-4587.053484,-4586.594844,0.104350,0.225007,71.413695,686.006853,2131945,10155593,3600.000000,88,17,0,GUROBI,1,59,0,16,13,0,0,0,0,0,0
2,0,Farkas,64,-4608.195393,-4608.195393,-4608.195393,-4607.942188,-4584.533530,-4584.075159,0.103420,0.212813,93.873022,313.611567,1211168,4598530,3600.000000,88,17,0,GUROBI,1,56,0,19,13,0,0,0,0,0,0
3,0,Farkas,64,-4621.735525,-4621.735525,-4621.735525,-4621.295696,-4596.415829,-4595.956354,0.113727,0.205894,20.808858,70.192396,290933,1057592,3600.000000,88,17,0,GUROBI,1,68,0,7,13,0,0,0,0,0,0
4,0,Farkas,64,-4603.591714,-4602.827715,-4603.591714,-4603.180901,-4579.941228,-4579.483310,0.105559,0.219692,204.684459,557.960638,2093437,8214031,3600.000000,88,17,0,GUROBI,1,74,0,1,13,0,0,0,0,0,0
