instanceIndex,seedIndex,vpcGenerator,terms,lpBound,disjunctiveDualBound,lpBoundPostVpc,rootDualBound,dualBound,primalBound,vpcGenerationTime,rootDualBoundTime,bestSolutionTime,terminationTime,nodes,iterations,maxTime,actualTerms,numCuts,cutLimit,mipSolver,providePrimalBound,infeasibleTerms,feasibleToInfeasibleTerms,infeasibleToFeasibleTerms,termRemainsFeasibleBasisInfeasible,cutsChangedCoefficients,feasibleTermsPrunedByBound,tighten_disjunction,tighten_matrix_perturbation,tighten_infeasible_to_feasible_term,tighten_feasible_to_infeasible_basis
0,0,New,4,-4632.298153,-4630.486614,-4630.564791,-4630.565492,-4607.140192,-4606.679610,0.641212,0.688995,54.543716,292.645483,1413140,5663318,3600.000000,4,17,17,GUROBI,1,0,0,0,0,0,0,0,0,0,0
1,0,Basis,4,-4628.667162,-4627.210354,-4628.360752,-4627.885455,-4604.833793,-4604.373375,0.007851,0.062521,40.992978,174.004562,750375,3530481,3600.000000,4,17,0,GUROBI,1,0,0,0,0,0,0,0,0,0,1
2,0,Basis,4,-4633.823148,-4631.981020,-4633.782619,-4633.567177,-4607.208126,-4606.747589,0.007443,0.073349,266.449911,427.026484,2145405,8896008,3600.000000,4,17,0,GUROBI,1,0,0,0,0,0,0,0,0,0,1
3,0,Basis,4,-4630.165060,-4629.495472,-4630.053821,-4629.621308,-4608.139732,-4607.679610,0.007527,0.068966,37.216941,128.474051,602958,2598405,3600.000000,4,17,0,GUROBI,1,0,0,0,0,0,0,0,0,0,1
4,0,Basis,4,-4637.262386,-4635.945544,-4636.627970,-4636.631300,-4610.834363,-4610.373375,0.007459,0.061530,96.143913,426.902984,1980978,8357012,3600.000000,4,17,0,GUROBI,1,0,0,0,0,0,0,0,0,0,1
5,0,Basis,4,-4627.753185,-4627.753185,-4627.753185,-4627.196816,-4603.420149,-4602.959864,0.007796,0.069954,4.124153,283.715745,1464211,5795062,3600.000000,4,17,0,GUROBI,1,0,0,0,0,0,0,0,0,0,1
