instanceIndex,seedIndex,vpcGenerator,terms,lpBound,disjunctiveDualBound,lpBoundPostVpc,rootDualBound,dualBound,primalBound,vpcGenerationTime,rootDualBoundTime,bestSolutionTime,terminationTime,nodes,iterations,maxTime,actualTerms,numCuts,cutLimit,mipSolver,providePrimalBound,infeasibleTerms,feasibleToInfeasibleTerms,infeasibleToFeasibleTerms,termRemainsFeasibleBasisInfeasible,cutsChangedCoefficients,feasibleTermsPrunedByBound,tighten_disjunction,tighten_matrix_perturbation,tighten_infeasible_to_feasible_term,tighten_feasible_to_infeasible_basis
0,0,New,4,2327.842584,2328.643181,2328.484863,2328.641073,2361.218122,2361.454195,0.789358,0.840819,58.319845,467.224221,1887471,7654623,3600.000000,4,15,20,GUROBI,1,0,0,0,0,0,0,0,0,0,0
1,0,Term,4,2328.610471,2329.717188,2329.105358,2329.925290,2361.218146,2361.454195,0.013136,0.057428,82.888834,388.850972,1533314,6466431,3600.000000,4,15,0,GUROBI,1,0,0,0,0,15,0,0,0,1,0
2,0,Term,4,2327.842584,2328.643181,2328.459831,2328.607705,2361.218086,2361.454195,0.005029,0.047631,74.239858,437.876061,1699644,7304942,3600.000000,4,15,0,GUROBI,1,0,0,0,0,15,0,0,0,1,0
3,0,Term,4,2327.842584,2328.643181,2328.249176,2328.557190,2360.413370,2360.649422,0.007241,0.053650,245.583282,492.515371,2058592,8249672,3600.000000,4,15,0,GUROBI,1,0,0,0,2,15,0,0,0,1,0
4,0,Term,4,2327.254868,2328.011959,2327.254868,2328.559734,2355.813367,2356.048919,0.011281,0.052386,136.852564,218.174421,944963,3684543,3600.000000,4,15,0,GUROBI,1,0,0,0,2,15,0,0,0,1,0
