instanceIndex,seedIndex,vpcGenerator,terms,lpBound,disjunctiveDualBound,lpBoundPostVpc,rootDualBound,dualBound,primalBound,vpcGenerationTime,rootDualBoundTime,bestSolutionTime,terminationTime,nodes,iterations,maxTime,actualTerms,numCuts,cutLimit,mipSolver,providePrimalBound,infeasibleTerms,feasibleToInfeasibleTerms,infeasibleToFeasibleTerms,termRemainsFeasibleBasisInfeasible,cutsChangedCoefficients,feasibleTermsPrunedByBound,tighten_disjunction,tighten_matrix_perturbation,tighten_infeasible_to_feasible_term,tighten_feasible_to_infeasible_basis
0,0,New,4,-4632.298153,-4630.486614,-4630.564791,-4630.565492,-4607.140273,-4606.679610,0.659416,0.841632,114.795909,499.770289,1490131,6345616,3600.000000,4,17,17,GUROBI,1,0,0,0,0,0,0,0,0,0,0
1,0,Basis,4,-4640.069886,-4639.046109,-4640.069886,-4639.023928,-4619.029886,-4618.568123,0.010759,0.179440,30.317074,86.755541,280249,1103755,3600.000000,4,17,0,GUROBI,1,0,0,0,4,17,0,0,0,0,1
2,0,Basis,4,-4630.097843,-4630.045466,-4630.097843,-4629.475552,-4604.345485,-4603.885111,0.010946,0.118334,33.073348,982.504542,2907464,12695675,3600.000000,4,17,0,GUROBI,1,0,0,0,4,17,0,0,0,0,1
3,0,Basis,4,-4634.384507,-4634.200205,-4634.384507,-4633.342380,-4608.266303,-4607.805875,0.010767,0.205953,44.134456,215.953757,723121,2722555,3600.000000,4,17,0,GUROBI,1,0,0,0,4,17,0,0,0,0,1
4,0,Basis,4,-4644.921005,-4644.919114,-4644.921005,-4644.420547,-4618.696692,-4618.234983,0.010845,0.124446,266.301673,418.767802,1269818,5513502,3600.000000,4,17,0,GUROBI,1,0,0,0,4,17,0,0,0,0,1
