instanceIndex,seedIndex,vpcGenerator,terms,lpBound,disjunctiveDualBound,lpBoundPostVpc,rootDualBound,dualBound,primalBound,vpcGenerationTime,rootDualBoundTime,bestSolutionTime,terminationTime,nodes,iterations,maxTime,actualTerms,numCuts,cutLimit,mipSolver,providePrimalBound,infeasibleTerms,feasibleToInfeasibleTerms,infeasibleToFeasibleTerms,termRemainsFeasibleBasisInfeasible,cutsChangedCoefficients,feasibleTermsPrunedByBound,tighten_disjunction,tighten_matrix_perturbation,tighten_infeasible_to_feasible_term,tighten_feasible_to_infeasible_basis
0,0,New,4,-4840.541961,-4839.625710,-4839.640858,-4838.891800,-4784.211743,-4783.733392,1.360957,1.477264,1177.360992,2033.399302,6086498,31783818,3600.000000,4,18,18,GUROBI,1,0,0,0,0,0,0,0,0,0,0
1,0,Farkas,4,-4838.349004,-4838.126859,-4838.254422,-4835.816789,-4780.211333,-4779.733392,0.016647,0.153689,202.643530,1493.562789,4552470,23843314,3600.000000,4,18,0,GUROBI,1,0,0,0,0,0,0,0,0,0,0
2,0,Farkas,4,-4837.313475,-4836.614127,-4836.614127,-4833.874575,-4779.211230,-4778.733392,0.010687,0.141681,436.905399,1516.510722,4607991,24156903,3600.000000,4,18,0,GUROBI,1,0,0,0,0,0,0,0,0,0,0
3,0,Farkas,4,-4843.165161,-4842.102373,-4842.303799,-4840.441734,-4786.211886,-4785.733392,0.006774,0.128883,139.196793,1417.566907,4288488,22426416,3600.000000,4,18,0,GUROBI,1,0,0,0,0,0,0,0,0,0,0
4,0,Farkas,4,-4848.350576,-4846.909640,-4847.867441,-4845.685878,-4789.212185,-4788.733392,0.008770,0.115631,1143.777940,2288.624610,6799782,35048105,3600.000000,4,18,0,GUROBI,1,0,0,0,0,0,0,0,0,0,0
