instanceIndex,seedIndex,vpcGenerator,terms,lpBound,disjunctiveDualBound,lpBoundPostVpc,rootDualBound,dualBound,primalBound,vpcGenerationTime,rootDualBoundTime,bestSolutionTime,terminationTime,nodes,iterations,maxTime,actualTerms,numCuts,cutLimit,mipSolver,providePrimalBound,infeasibleTerms,feasibleToInfeasibleTerms,infeasibleToFeasibleTerms,termRemainsFeasibleBasisInfeasible,cutsChangedCoefficients,feasibleTermsPrunedByBound,tighten_disjunction,tighten_matrix_perturbation,tighten_infeasible_to_feasible_term,tighten_feasible_to_infeasible_basis
0,0,New,64,2327.842584,2333.137151,2332.951458,2333.000052,2361.218059,2361.454195,2.997114,3.037915,83.329404,481.799466,1815673,7558413,3600.000000,64,15,20,GUROBI,1,0,0,0,0,0,0,0,0,0,0
1,0,New,64,2334.591948,2339.398407,2339.398407,2339.425599,2366.198689,2366.435168,1.742890,1.793079,176.855303,218.999016,791816,3221866,3600.000000,64,19,19,GUROBI,1,0,0,0,0,0,0,0,0,0,0
2,0,New,64,2345.507394,2351.784239,2351.682834,2351.681366,2375.746411,2375.983806,1.651019,1.689220,77.920440,210.682895,904528,3555998,3600.000000,64,18,18,GUROBI,1,0,0,0,0,0,0,0,0,0,0
3,0,New,64,2356.031631,2362.659738,2362.546342,2362.534042,2384.934738,2385.172988,1.652337,1.698195,28.234446,167.224528,747335,2694504,3600.000000,64,17,17,GUROBI,1,0,0,0,0,0,0,0,0,0,0
4,0,New,64,2355.932473,2360.077924,2360.012963,2359.982827,2382.735214,2382.973444,1.682797,1.717303,83.767822,253.147162,980290,3911616,3600.000000,64,19,19,GUROBI,1,0,0,0,0,0,0,0,0,0,0
