instanceIndex,seedIndex,vpcGenerator,terms,lpBound,disjunctiveDualBound,lpBoundPostVpc,rootDualBound,dualBound,primalBound,vpcGenerationTime,rootDualBoundTime,bestSolutionTime,terminationTime,nodes,iterations,maxTime,actualTerms,numCuts,cutLimit,mipSolver,providePrimalBound,infeasibleTerms,feasibleToInfeasibleTerms,infeasibleToFeasibleTerms,termRemainsFeasibleBasisInfeasible,cutsChangedCoefficients,feasibleTermsPrunedByBound,tighten_disjunction,tighten_matrix_perturbation,tighten_infeasible_to_feasible_term,tighten_feasible_to_infeasible_basis
0,0,New,64,2327.842584,2333.137151,2332.951458,2333.000052,2361.218256,2361.454195,2.914457,2.955906,93.522613,470.881643,1755310,7324929,3600.000000,64,15,20,GUROBI,1,0,0,0,0,0,0,0,0,0,0
1,0,New,64,2326.958797,2331.771519,2331.611084,2331.570054,2359.527328,2359.763150,1.953528,1.987920,303.874033,428.389225,1816727,6956091,3600.000000,64,21,21,GUROBI,1,0,0,0,0,0,0,0,0,0,0
2,0,New,64,2327.869774,2333.544335,2333.446863,2333.399812,2361.218128,2361.454195,1.964348,1.997112,166.833216,526.332529,1935031,7704218,3600.000000,64,20,20,GUROBI,1,0,0,0,0,0,0,0,0,0,0
3,0,New,64,2332.042021,2337.079215,2336.703215,2336.847328,2365.217799,2365.454195,1.912203,1.957587,140.748132,421.424325,1758211,6881539,3600.000000,64,21,21,GUROBI,1,0,0,0,0,0,0,0,0,0,0
4,0,New,64,2327.842584,2333.221105,2333.083064,2333.044703,2360.915274,2361.151386,1.556672,1.603603,152.411019,455.853225,1892898,7403000,3600.000000,64,15,20,GUROBI,1,0,0,0,0,0,0,0,0,0,0
5,0,New,64,2327.995418,2333.255711,2333.151085,2333.139954,2361.218069,2361.454195,2.043826,2.088010,61.212973,423.103600,1708429,6580940,3600.000000,64,21,21,GUROBI,1,0,0,0,0,0,0,0,0,0,0
