instanceIndex,seedIndex,vpcGenerator,terms,lpBound,disjunctiveDualBound,lpBoundPostVpc,rootDualBound,dualBound,primalBound,vpcGenerationTime,rootDualBoundTime,bestSolutionTime,terminationTime,nodes,iterations,maxTime,actualTerms,numCuts,cutLimit,mipSolver,providePrimalBound,infeasibleTerms,feasibleToInfeasibleTerms,infeasibleToFeasibleTerms,termRemainsFeasibleBasisInfeasible,cutsChangedCoefficients,feasibleTermsPrunedByBound,tighten_disjunction,tighten_matrix_perturbation,tighten_infeasible_to_feasible_term,tighten_feasible_to_infeasible_basis
0,0,None,4,2327.842584,2327.842584,2327.842584,2328.327296,2361.218069,2361.454195,0.000003,0.043064,233.805521,451.513448,1941555,7544865,3600.000000,0,0,0,GUROBI,1,0,0,0,0,0,0,0,0,0,0
1,0,None,4,2334.591948,2334.591948,2334.591948,2336.205057,2366.198634,2366.435168,0.000002,0.040926,117.491668,169.410802,747531,2981353,3600.000000,0,0,0,GUROBI,1,0,0,0,0,0,0,0,0,0,0
2,0,None,4,2345.507394,2345.507394,2345.507394,2348.173349,2375.746466,2375.983806,0.000003,0.049501,128.582651,260.691633,1068344,4428661,3600.000000,0,0,0,GUROBI,1,0,0,0,0,0,0,0,0,0,0
3,0,None,4,2356.031631,2356.031631,2356.031631,2357.599001,2384.934479,2385.172988,0.000003,0.045174,191.314122,264.975196,1189067,4395136,3600.000000,0,0,0,GUROBI,1,0,0,0,0,0,0,0,0,0,0
4,0,None,4,2355.932473,2355.932473,2355.932473,2357.054232,2382.735497,2382.973444,0.000003,0.047097,18.896040,193.981319,885878,3330169,3600.000000,0,0,0,GUROBI,1,0,0,0,0,0,0,0,0,0,0
