instanceIndex,seedIndex,vpcGenerator,terms,lpBound,disjunctiveDualBound,lpBoundPostVpc,rootDualBound,dualBound,primalBound,vpcGenerationTime,rootDualBoundTime,bestSolutionTime,terminationTime,nodes,iterations,maxTime,actualTerms,numCuts,cutLimit,mipSolver,providePrimalBound,infeasibleTerms,feasibleToInfeasibleTerms,infeasibleToFeasibleTerms,termRemainsFeasibleBasisInfeasible,cutsChangedCoefficients,feasibleTermsPrunedByBound,tighten_disjunction,tighten_matrix_perturbation,tighten_infeasible_to_feasible_term,tighten_feasible_to_infeasible_basis
0,0,New,4,6766.249840,6767.701213,6767.699244,6768.035368,6840.281602,6840.965642,1.401970,1.443893,98.847709,2413.770107,15123715,43650242,3600.000000,4,21,21,GUROBI,1,0,0,0,0,0,0,0,0,0,0
1,0,Farkas,4,6768.156104,6769.240837,6768.156104,6769.799423,6838.762619,6839.446450,0.005555,0.042377,596.566090,1810.977395,11133152,33456518,3600.000000,4,21,0,GUROBI,1,0,0,0,4,21,0,0,0,0,0
2,0,Farkas,4,6731.658883,6731.658883,6731.658883,6734.617249,6802.862377,6803.542694,0.006765,0.043281,274.978716,797.685445,4995348,13475359,3600.000000,4,21,0,GUROBI,1,0,0,0,3,21,0,0,0,0,0
3,0,Farkas,4,6757.026374,6758.645925,6757.026374,6759.158641,6823.018735,6823.701023,0.012087,0.049838,492.271428,825.731261,5039115,14863455,3600.000000,4,21,0,GUROBI,1,0,0,0,4,21,0,0,0,0,0
4,0,Farkas,4,6779.415232,6779.954431,6779.415232,6781.216711,6838.947541,6839.631401,0.012929,0.050025,166.764099,1619.372986,10129721,28940324,3600.000000,4,21,0,GUROBI,1,0,0,0,4,21,0,0,0,0,0
