instanceIndex,seedIndex,vpcGenerator,terms,lpBound,disjunctiveDualBound,lpBoundPostVpc,rootDualBound,dualBound,primalBound,vpcGenerationTime,rootDualBoundTime,bestSolutionTime,terminationTime,nodes,iterations,maxTime,actualTerms,numCuts,cutLimit,mipSolver,providePrimalBound,infeasibleTerms,feasibleToInfeasibleTerms,infeasibleToFeasibleTerms,termRemainsFeasibleBasisInfeasible,cutsChangedCoefficients,feasibleTermsPrunedByBound,tighten_disjunction,tighten_matrix_perturbation,tighten_infeasible_to_feasible_term,tighten_feasible_to_infeasible_basis
0,0,New,4,-4632.298153,-4630.486614,-4630.564791,-4630.565492,-4607.140133,-4606.679610,1.318425,1.415117,91.937566,402.803912,1425574,5804211,3600.000000,4,17,17,GUROBI,1,0,0,0,0,0,0,0,0,0,0
1,0,Farkas,4,-4630.254251,-4629.970803,-4630.205750,-4629.803292,-4604.299630,-4603.839253,0.008775,0.122566,93.250941,512.608474,1959772,7462145,3600.000000,4,17,0,GUROBI,1,0,0,0,4,0,0,0,0,0,0
2,0,Farkas,4,-4635.073720,-4635.046360,-4635.073720,-4634.502385,-4610.902815,-4610.441780,0.015209,0.142272,107.261110,410.968862,1339645,6241274,3600.000000,4,17,0,GUROBI,1,0,0,0,4,0,0,0,0,0,0
3,0,Farkas,4,-4632.486196,-4631.850110,-4632.336461,-4631.899972,-4607.677785,-4607.217205,0.013449,0.133916,28.169493,157.076979,630579,2346782,3600.000000,4,17,0,GUROBI,1,0,0,0,4,0,0,0,0,0,0
4,0,Farkas,4,-4637.644223,-4637.131695,-4637.644223,-4636.787748,-4612.486928,-4612.025752,0.012814,0.134689,214.846463,452.394701,1633326,6588927,3600.000000,4,17,0,GUROBI,1,0,0,0,4,0,0,0,0,0,0
5,0,Farkas,4,-4632.882354,-4630.809237,-4631.065243,-4631.065243,-4607.140245,-4606.679610,0.010659,0.106620,11.104551,410.959195,1510912,6093498,3600.000000,4,17,0,GUROBI,1,0,0,0,4,0,0,0,0,0,0
