instanceIndex,seedIndex,vpcGenerator,terms,lpBound,disjunctiveDualBound,lpBoundPostVpc,rootDualBound,dualBound,primalBound,vpcGenerationTime,rootDualBoundTime,bestSolutionTime,terminationTime,nodes,iterations,maxTime,actualTerms,numCuts,cutLimit,mipSolver,providePrimalBound,infeasibleTerms,feasibleToInfeasibleTerms,infeasibleToFeasibleTerms,termRemainsFeasibleBasisInfeasible,cutsChangedCoefficients,feasibleTermsPrunedByBound,tighten_disjunction,tighten_matrix_perturbation,tighten_infeasible_to_feasible_term,tighten_feasible_to_infeasible_basis
0,0,New,4,-4632.298153,-4630.486614,-4630.564791,-4630.565492,-4607.140245,-4606.679610,1.317209,1.417744,17.928422,365.495207,1265465,5436555,3600.000000,4,17,17,GUROBI,1,0,0,0,0,0,0,0,0,0,0
1,0,All,4,-4630.254251,-4629.970803,-4630.205750,-4629.803292,-4604.299611,-4603.839253,0.012446,0.131192,87.951242,536.447363,1867711,8182156,3600.000000,4,17,0,GUROBI,1,0,0,0,4,0,0,1,1,1,1
2,0,All,4,-4635.073720,-4635.046360,-4635.073720,-4634.502385,-4610.902789,-4610.441780,0.009380,0.136635,68.940264,367.694076,1241735,5580680,3600.000000,4,17,0,GUROBI,1,0,0,0,4,0,0,1,1,1,1
3,0,All,4,-4632.486196,-4631.850110,-4632.336461,-4631.899972,-4607.677907,-4607.217205,0.008672,0.129892,156.234460,226.388447,898842,3381593,3600.000000,4,17,0,GUROBI,1,0,0,0,4,0,0,1,1,1,1
4,0,All,4,-4637.644223,-4637.131695,-4637.644223,-4636.787748,-4612.486864,-4612.025752,0.012941,0.129024,103.789912,413.478085,1537592,6081897,3600.000000,4,17,0,GUROBI,1,0,0,0,4,0,0,1,1,1,1
5,0,All,4,-4632.882354,-4630.809237,-4631.065243,-4631.065243,-4607.140273,-4606.679610,0.013449,0.120535,664.354210,745.624665,2492396,11344179,3600.000000,4,17,0,GUROBI,1,0,0,0,4,0,0,1,1,1,1
