instanceIndex,seedIndex,vpcGenerator,terms,lpBound,disjunctiveDualBound,lpBoundPostVpc,rootDualBound,dualBound,primalBound,vpcGenerationTime,rootDualBoundTime,bestSolutionTime,terminationTime,nodes,iterations,maxTime,actualTerms,numCuts,cutLimit,mipSolver,providePrimalBound,infeasibleTerms,feasibleToInfeasibleTerms,infeasibleToFeasibleTerms,termRemainsFeasibleBasisInfeasible,cutsChangedCoefficients,feasibleTermsPrunedByBound,tighten_disjunction,tighten_matrix_perturbation,tighten_infeasible_to_feasible_term,tighten_feasible_to_infeasible_basis
0,0,New,4,-4632.298153,-4630.486614,-4630.564791,-4630.565492,-4607.140264,-4606.679610,0.808847,0.915557,31.987743,423.023596,1336799,5631590,3600.000000,4,17,17,GUROBI,1,0,0,0,0,0,0,0,0,0,0
1,0,Term,4,-4634.766957,-4633.746651,-4634.766957,-4634.422689,-4607.140086,-4606.679610,0.010211,0.104651,7.711351,75.711149,287026,1063520,3600.000000,4,17,0,GUROBI,1,0,0,0,0,0,0,0,0,1,0
2,0,Term,4,-4678.254709,-4678.254709,-4678.254709,-4678.247528,-4654.819872,-4654.355795,0.009317,0.065907,2.249947,16.481549,56691,261604,3600.000000,4,17,0,GUROBI,1,0,0,0,0,0,0,0,0,1,0
3,0,Term,4,-4616.269091,-4616.061495,-4616.269091,-4616.010115,-4594.138959,-4593.679610,0.009737,0.192725,43.209701,419.189737,1508282,5562303,3600.000000,4,17,0,GUROBI,1,0,0,0,0,0,0,0,0,1,0
4,0,Term,4,-4615.862983,-4614.544987,-4615.862983,-4615.136421,-4591.083268,-4590.624206,0.009639,0.163486,210.042092,329.589894,962324,4471478,3600.000000,4,17,0,GUROBI,1,0,0,0,0,0,0,0,0,1,0
