instanceIndex,seedIndex,vpcGenerator,terms,lpBound,disjunctiveDualBound,lpBoundPostVpc,rootDualBound,dualBound,primalBound,vpcGenerationTime,rootDualBoundTime,bestSolutionTime,terminationTime,nodes,iterations,maxTime,actualTerms,numCuts,cutLimit,mipSolver,providePrimalBound,infeasibleTerms,feasibleToInfeasibleTerms,infeasibleToFeasibleTerms,termRemainsFeasibleBasisInfeasible,cutsChangedCoefficients,feasibleTermsPrunedByBound,tighten_disjunction,tighten_matrix_perturbation,tighten_infeasible_to_feasible_term,tighten_feasible_to_infeasible_basis
0,0,New,4,2327.842584,2328.643181,2328.484863,2328.641073,2361.218174,2361.454195,1.183205,1.200010,141.573558,294.957904,1945283,8650479,3600.000000,4,15,20,GUROBI,1,0,0,0,0,0,0,0,0,0,0
1,0,Matrix,4,2326.958797,2327.783008,2327.714041,2328.209176,2359.527199,2359.763150,0.003774,0.033245,133.330941,276.745081,1711095,7131707,3600.000000,4,15,0,GUROBI,1,0,0,0,0,0,0,0,1,0,0
2,0,Matrix,4,2327.869774,2328.056146,2327.938502,2329.124322,2361.218220,2361.454195,0.005310,0.029846,23.503437,290.214927,1702618,6931618,3600.000000,4,15,0,GUROBI,1,0,0,0,0,0,0,0,1,0,0
3,0,Matrix,4,2332.042021,2332.937290,2332.815791,2333.279284,2365.217687,2365.454195,0.005134,0.029252,62.292277,277.353764,1615912,6996546,3600.000000,4,15,0,GUROBI,1,0,0,0,0,0,0,0,1,0,0
4,0,Matrix,4,2327.842584,2328.643181,2328.484863,2328.641073,2360.915461,2361.151386,0.002775,0.028555,101.743965,282.695394,1673617,7328866,3600.000000,4,15,0,GUROBI,1,0,0,0,0,0,0,0,1,0,0
5,0,Matrix,4,2327.995418,2328.611874,2328.554334,2329.210832,2361.218083,2361.454195,0.003069,0.032072,40.192026,243.240141,1673426,6518717,3600.000000,4,15,0,GUROBI,1,0,0,0,0,0,0,0,1,0,0
