instanceIndex,seedIndex,vpcGenerator,terms,lpBound,disjunctiveDualBound,lpBoundPostVpc,rootDualBound,dualBound,primalBound,vpcGenerationTime,rootDualBoundTime,bestSolutionTime,terminationTime,nodes,iterations,maxTime,actualTerms,numCuts,cutLimit,mipSolver,providePrimalBound,infeasibleTerms,feasibleToInfeasibleTerms,infeasibleToFeasibleTerms,termRemainsFeasibleBasisInfeasible,cutsChangedCoefficients,feasibleTermsPrunedByBound,tighten_disjunction,tighten_matrix_perturbation,tighten_infeasible_to_feasible_term,tighten_feasible_to_infeasible_basis
0,0,New,4,-4840.541961,-4839.625710,-4839.640858,-4838.891800,-4784.211747,-4783.733392,0.469250,0.586301,447.980626,1679.769924,4984632,26077021,3600.000000,4,18,18,GUROBI,1,0,0,0,0,0,0,0,0,0,0
1,0,Matrix,4,-4862.192418,-4861.718617,-4862.192418,-4857.660629,-4802.664539,-4802.184461,0.007002,0.131698,273.079100,955.381081,2878160,15059597,3600.000000,4,18,0,GUROBI,1,0,0,0,0,0,0,0,1,0,0
2,0,Matrix,4,-4883.141772,-4881.479291,-4883.141772,-4881.374621,-4819.235703,-4818.753866,0.009246,0.101673,347.012422,1010.100545,3059888,16025306,3600.000000,4,18,0,GUROBI,1,0,0,0,0,0,0,0,1,0,0
3,0,Matrix,4,-4861.324381,-4859.486151,-4860.931537,-4858.359062,-4798.373410,-4797.893669,0.012857,0.126500,1310.088295,1913.570052,5822179,29957582,3600.000000,4,18,0,GUROBI,1,0,0,0,0,0,0,0,1,0,0
4,0,Matrix,4,-4825.774465,-4825.178067,-4825.774465,-4824.030452,-4767.210050,-4766.733392,0.007344,0.115010,601.852660,2230.646384,6790495,34586793,3600.000000,4,18,0,GUROBI,1,0,0,0,0,0,0,0,1,0,0
