instanceIndex,seedIndex,vpcGenerator,terms,lpBound,disjunctiveDualBound,lpBoundPostVpc,rootDualBound,dualBound,primalBound,vpcGenerationTime,rootDualBoundTime,bestSolutionTime,terminationTime,nodes,iterations,maxTime,actualTerms,numCuts,cutLimit,mipSolver,providePrimalBound,infeasibleTerms,feasibleToInfeasibleTerms,infeasibleToFeasibleTerms,termRemainsFeasibleBasisInfeasible,cutsChangedCoefficients,feasibleTermsPrunedByBound,tighten_disjunction,tighten_matrix_perturbation,tighten_infeasible_to_feasible_term,tighten_feasible_to_infeasible_basis
0,0,New,4,6766.249840,6767.701213,6767.699244,6768.035368,6840.281573,6840.965642,0.891334,0.935412,42.736297,2408.270651,15088967,44372952,3600.000000,4,21,21,GUROBI,1,0,0,0,0,0,0,0,0,0,0
1,0,All,4,6781.060643,6781.060643,6781.060643,6784.677386,6858.280084,6858.965642,0.005753,0.044065,7.575326,1010.326088,6432513,17774999,3600.000000,4,21,0,GUROBI,1,0,0,0,0,0,0,1,1,1,1
2,0,All,4,6765.886253,6766.110320,6765.886253,6767.156171,6834.508299,6851.524504,0.011137,0.044218,1057.806459,3600.011811,23349824,69373459,3600.000000,4,21,0,GUROBI,1,0,0,0,0,0,0,1,1,1,1
3,0,All,4,6775.843119,6775.850841,6775.843119,6776.919478,6842.934035,6843.618386,0.005880,0.043283,2768.420863,3229.529216,21258108,61132428,3600.000000,4,21,0,GUROBI,1,0,0,0,0,0,0,1,1,1,1
4,0,All,4,6776.474219,6778.305623,6776.801025,6779.533534,6855.300071,6855.985649,0.012755,0.058541,1805.914267,2822.393247,17767648,50361769,3600.000000,4,21,0,GUROBI,1,0,0,0,0,0,0,1,1,1,1
