instanceIndex,seedIndex,vpcGenerator,terms,lpBound,disjunctiveDualBound,lpBoundPostVpc,rootDualBound,dualBound,primalBound,vpcGenerationTime,rootDualBoundTime,bestSolutionTime,terminationTime,nodes,iterations,maxTime,actualTerms,numCuts,cutLimit,mipSolver,providePrimalBound,infeasibleTerms,feasibleToInfeasibleTerms,infeasibleToFeasibleTerms,termRemainsFeasibleBasisInfeasible,cutsChangedCoefficients,feasibleTermsPrunedByBound,tighten_disjunction,tighten_matrix_perturbation,tighten_infeasible_to_feasible_term,tighten_feasible_to_infeasible_basis
0,0,New,4,2327.842584,2328.643181,2328.484863,2328.641073,2361.218099,2361.454195,0.252024,0.290422,19.573719,418.302513,1756919,6949115,3600.000000,4,15,20,GUROBI,1,0,0,0,0,0,0,0,0,0,0
1,0,New,4,2326.958797,2327.739731,2327.678900,2328.042045,2359.527663,2359.763150,0.114035,0.155157,243.312353,464.010773,1814612,7661940,3600.000000,4,21,21,GUROBI,1,0,0,0,0,0,0,0,0,0,0
2,0,New,4,2327.869774,2329.057793,2329.057793,2329.569723,2361.218164,2361.454195,0.127679,0.173441,135.943956,400.392347,1688323,6824249,3600.000000,4,20,20,GUROBI,1,0,0,0,0,0,0,0,0,0,0
3,0,New,4,2332.042021,2332.868681,2332.868681,2333.232345,2365.217658,2365.454195,0.133086,0.177598,147.850506,391.566795,1723495,6599873,3600.000000,4,21,21,GUROBI,1,0,0,0,0,0,0,0,0,0,0
4,0,New,4,2327.842584,2328.643181,2328.483457,2328.644742,2360.915278,2361.151386,0.108716,0.151388,133.224670,473.039568,1815376,7188460,3600.000000,4,15,20,GUROBI,1,0,0,0,0,0,0,0,0,0,0
5,0,New,4,2327.995418,2329.100032,2329.100032,2329.502807,2361.218172,2361.454195,0.114162,0.207817,59.344600,418.192459,1652454,6777828,3600.000000,4,21,21,GUROBI,1,0,0,0,0,0,0,0,0,0,0
