instanceIndex,seedIndex,vpcGenerator,terms,lpBound,disjunctiveDualBound,lpBoundPostVpc,rootDualBound,dualBound,primalBound,vpcGenerationTime,rootDualBoundTime,bestSolutionTime,terminationTime,nodes,iterations,maxTime,actualTerms,numCuts,cutLimit,mipSolver,providePrimalBound,infeasibleTerms,feasibleToInfeasibleTerms,infeasibleToFeasibleTerms,termRemainsFeasibleBasisInfeasible,cutsChangedCoefficients,feasibleTermsPrunedByBound,tighten_disjunction,tighten_matrix_perturbation,tighten_infeasible_to_feasible_term,tighten_feasible_to_infeasible_basis
0,0,New,64,6766.249840,6771.975779,6771.850862,6771.707891,6824.590037,6840.965642,2.323986,2.363021,2525.541527,3602.324620,17918466,53966910,3600.000000,64,21,21,GUROBI,1,1,0,0,0,0,0,0,0,0,0
2,0,New,64,6799.184806,6804.219017,6804.061454,6804.027350,6860.459991,6861.146016,1.288682,1.322829,401.392962,819.010798,4106220,12823301,3600.000000,64,18,18,GUROBI,1,1,0,0,0,0,0,0,0,0,0
3,0,New,64,6789.837827,6799.820298,6799.750067,6799.926518,6882.368646,6883.056817,1.356973,1.394666,615.425476,1489.246182,7944946,22879150,3600.000000,64,19,19,GUROBI,1,0,0,0,0,0,0,0,0,0,0
4,0,New,64,6743.845490,6749.772335,6749.513208,6749.556457,6790.557518,6791.236621,1.492517,1.545499,92.451860,402.819507,1927454,5906436,3600.000000,64,21,21,GUROBI,1,1,0,0,0,0,0,0,0,0,0
