instanceIndex,seedIndex,vpcGenerator,terms,lpBound,disjunctiveDualBound,lpBoundPostVpc,rootDualBound,dualBound,primalBound,vpcGenerationTime,rootDualBoundTime,bestSolutionTime,terminationTime,nodes,iterations,maxTime,actualTerms,numCuts,cutLimit,mipSolver,providePrimalBound,infeasibleTerms,feasibleToInfeasibleTerms,infeasibleToFeasibleTerms,termRemainsFeasibleBasisInfeasible,cutsChangedCoefficients,feasibleTermsPrunedByBound,tighten_disjunction,tighten_matrix_perturbation,tighten_infeasible_to_feasible_term,tighten_feasible_to_infeasible_basis
0,0,New,64,-4840.541961,-4833.264552,-4833.458172,-4833.466467,-4784.211762,-4783.733392,3.460806,3.564407,794.120287,2006.323818,5352392,28158907,3600.000000,64,18,18,GUROBI,1,0,0,0,0,0,0,0,0,0,0
1,0,Term,64,-4862.192418,-4855.447461,-4859.642462,-4857.830916,-4802.664590,-4802.184461,0.104013,0.213656,15.308187,715.440876,2156738,11216814,3600.000000,64,18,0,GUROBI,1,0,0,0,0,0,0,0,0,1,0
2,0,Term,64,-4883.141772,-4879.418203,-4883.141772,-4881.374621,-4819.235353,-4818.753866,0.098379,0.192391,395.431550,938.826085,2813308,14756884,3600.000000,64,18,0,GUROBI,1,0,0,0,0,0,0,0,0,1,0
3,0,Term,64,-4861.324381,-4855.992706,-4858.484585,-4857.595871,-4798.373455,-4797.893669,0.094801,0.196246,1307.354130,1717.970129,4983149,25776080,3600.000000,64,18,0,GUROBI,1,0,0,0,0,0,0,0,0,1,0
4,0,Term,64,-4825.774465,-4821.098093,-4824.500324,-4822.859947,-4767.210057,-4766.733392,0.110088,0.226093,1486.661000,2628.537830,7973344,40392611,3600.000000,64,18,0,GUROBI,1,0,0,0,0,0,0,0,0,1,0
