instanceIndex,seedIndex,vpcGenerator,terms,lpBound,disjunctiveDualBound,lpBoundPostVpc,rootDualBound,dualBound,primalBound,vpcGenerationTime,rootDualBoundTime,bestSolutionTime,terminationTime,nodes,iterations,maxTime,actualTerms,numCuts,cutLimit,mipSolver,providePrimalBound,infeasibleTerms,feasibleToInfeasibleTerms,infeasibleToFeasibleTerms,termRemainsFeasibleBasisInfeasible,cutsChangedCoefficients,feasibleTermsPrunedByBound,tighten_disjunction,tighten_matrix_perturbation,tighten_infeasible_to_feasible_term,tighten_feasible_to_infeasible_basis
0,0,New,64,-4840.541961,-4833.264552,-4833.458172,-4833.466467,-4784.211657,-4783.733392,1.730578,1.808461,45.816132,942.283387,4296433,22893110,3600.000000,64,18,18,GUROBI,1,0,0,0,0,0,0,0,0,0,0
1,0,All,64,-4862.192418,-4855.447461,-4859.642462,-4857.830916,-4802.664462,-4802.184461,0.082535,0.156184,131.613308,533.377377,2533123,13157103,3600.000000,64,18,0,GUROBI,1,0,0,0,0,0,0,1,1,1,1
2,0,All,64,-4883.141772,-4879.418203,-4883.141772,-4881.374621,-4819.235533,-4818.753866,0.082154,0.148432,373.629560,707.423945,3165475,16643794,3600.000000,64,18,0,GUROBI,1,0,0,0,0,0,0,1,1,1,1
3,0,All,64,-4861.324381,-4855.992706,-4858.484585,-4857.595871,-4798.373406,-4797.893669,0.067230,0.134904,208.972775,965.604096,4621199,23946331,3600.000000,64,18,0,GUROBI,1,0,0,0,0,0,0,1,1,1,1
4,0,All,64,-4825.774465,-4821.098093,-4824.500324,-4822.859947,-4767.209979,-4766.733392,0.081458,0.156082,589.473926,1605.357706,7623223,38870261,3600.000000,64,18,0,GUROBI,1,0,0,0,0,0,0,1,1,1,1
