instanceIndex,seedIndex,vpcGenerator,terms,lpBound,disjunctiveDualBound,lpBoundPostVpc,rootDualBound,dualBound,primalBound,vpcGenerationTime,rootDualBoundTime,bestSolutionTime,terminationTime,nodes,iterations,maxTime,actualTerms,numCuts,cutLimit,mipSolver,providePrimalBound,infeasibleTerms,feasibleToInfeasibleTerms,infeasibleToFeasibleTerms,termRemainsFeasibleBasisInfeasible,cutsChangedCoefficients,feasibleTermsPrunedByBound,tighten_disjunction,tighten_matrix_perturbation,tighten_infeasible_to_feasible_term,tighten_feasible_to_infeasible_basis
0,0,New,4,-4632.298153,-4630.486614,-4630.564791,-4630.565492,-4607.140273,-4606.679610,1.108160,1.203120,454.420160,515.711023,1914648,7422464,3600.000000,4,17,17,GUROBI,1,0,0,0,0,0,0,0,0,0,0
1,0,Farkas,4,-4634.766957,-4633.746651,-4634.766957,-4634.422689,-4607.139956,-4606.679610,0.011393,0.075403,34.092810,66.912106,284401,1049075,3600.000000,4,17,0,GUROBI,1,0,0,0,0,0,0,0,0,0,0
2,0,Farkas,4,-4678.254709,-4678.254709,-4678.254709,-4678.247528,-4654.819872,-4654.355795,0.013257,0.075932,2.108906,15.289912,56692,261599,3600.000000,4,17,0,GUROBI,1,0,0,0,0,0,0,0,0,0,0
3,0,Farkas,4,-4616.269091,-4616.061495,-4616.269091,-4616.010115,-4594.138913,-4593.679610,0.013404,0.126378,181.830340,442.194860,1598902,6690346,3600.000000,4,17,0,GUROBI,1,0,0,0,0,0,0,0,0,0,0
4,0,Farkas,4,-4615.862983,-4614.544987,-4615.862983,-4615.136421,-4591.083126,-4590.624206,0.010878,0.115825,14.630882,228.809206,758208,3514843,3600.000000,4,17,0,GUROBI,1,0,0,0,0,0,0,0,0,0,0
