instanceIndex,seedIndex,vpcGenerator,terms,lpBound,disjunctiveDualBound,lpBoundPostVpc,rootDualBound,dualBound,primalBound,vpcGenerationTime,rootDualBoundTime,bestSolutionTime,terminationTime,nodes,iterations,maxTime,actualTerms,numCuts,cutLimit,mipSolver,providePrimalBound,infeasibleTerms,feasibleToInfeasibleTerms,infeasibleToFeasibleTerms,termRemainsFeasibleBasisInfeasible,cutsChangedCoefficients,feasibleTermsPrunedByBound,tighten_disjunction,tighten_matrix_perturbation,tighten_infeasible_to_feasible_term,tighten_feasible_to_infeasible_basis
0,0,New,64,2327.842584,2333.137151,2332.951458,2333.000052,2361.218110,2361.454195,2.888450,2.929567,88.484308,485.298358,1748609,7697718,3600.000000,64,15,20,GUROBI,1,0,0,0,0,0,0,0,0,0,0
1,0,NoDisjunction,64,2331.431923,2333.967444,2331.431923,2332.611788,2360.134917,2360.370673,0.099204,0.154311,172.108643,315.346019,1196635,5062414,3600.000000,64,15,0,GUROBI,1,0,0,0,0,0,0,0,1,1,1
2,0,NoDisjunction,64,2300.621877,2304.716728,2303.209572,2303.700400,2338.999747,2339.233554,0.091957,0.141072,108.133759,239.659399,984757,4229242,3600.000000,64,15,0,GUROBI,1,0,0,0,0,0,0,0,1,1,1
3,0,NoDisjunction,64,2327.261144,2329.231249,2327.837300,2329.725685,2363.778261,2364.014639,0.089820,0.136918,191.913073,259.872787,1106805,4388008,3600.000000,64,15,0,GUROBI,1,0,0,0,0,0,0,0,1,1,1
4,0,NoDisjunction,64,2318.627750,2319.799426,2318.627750,2319.729048,2349.259794,2349.494611,0.097801,0.147390,295.195467,442.531550,1692964,6964245,3600.000000,64,15,0,GUROBI,1,0,0,0,0,0,0,0,1,1,1
