instanceIndex,seedIndex,vpcGenerator,terms,lpBound,disjunctiveDualBound,lpBoundPostVpc,rootDualBound,dualBound,primalBound,vpcGenerationTime,rootDualBoundTime,bestSolutionTime,terminationTime,nodes,iterations,maxTime,actualTerms,numCuts,cutLimit,mipSolver,providePrimalBound,infeasibleTerms,feasibleToInfeasibleTerms,infeasibleToFeasibleTerms,termRemainsFeasibleBasisInfeasible,cutsChangedCoefficients,feasibleTermsPrunedByBound,tighten_disjunction,tighten_matrix_perturbation,tighten_infeasible_to_feasible_term,tighten_feasible_to_infeasible_basis
0,0,None,64,-4632.298153,-4632.298153,-4632.298153,-4631.571278,-4607.140219,-4606.679610,0.000010,0.249405,290.393863,497.187081,1643423,6814850,3600.000000,0,0,0,GUROBI,1,0,0,0,0,0,0,0,0,0,0
1,0,None,64,-4640.069886,-4640.069886,-4640.069886,-4639.023928,-4619.029777,-4618.568123,0.000002,0.164357,73.731349,109.534702,378848,1502217,3600.000000,0,0,0,GUROBI,1,0,0,0,0,0,0,0,0,0,0
2,0,None,64,-4630.097843,-4630.097843,-4630.097843,-4629.475552,-4604.345493,-4603.885111,0.000002,0.237194,21.081959,806.260852,2754580,10590730,3600.000000,0,0,0,GUROBI,1,0,0,0,0,0,0,0,0,0,0
3,0,None,64,-4634.384507,-4634.384507,-4634.384507,-4633.342380,-4608.266502,-4607.805875,0.000001,0.160654,74.818965,257.252763,797905,3572622,3600.000000,0,0,0,GUROBI,1,0,0,0,0,0,0,0,0,0,0
4,0,None,64,-4644.921005,-4644.921005,-4644.921005,-4644.601450,-4618.696325,-4618.234983,0.000002,0.193305,134.669757,403.335357,1193218,5482804,3600.000000,0,0,0,GUROBI,1,0,0,0,0,0,0,0,0,0,0
