instanceIndex,seedIndex,vpcGenerator,terms,lpBound,disjunctiveDualBound,lpBoundPostVpc,rootDualBound,dualBound,primalBound,vpcGenerationTime,rootDualBoundTime,bestSolutionTime,terminationTime,nodes,iterations,maxTime,actualTerms,numCuts,cutLimit,mipSolver,providePrimalBound,infeasibleTerms,feasibleToInfeasibleTerms,infeasibleToFeasibleTerms,termRemainsFeasibleBasisInfeasible,cutsChangedCoefficients,feasibleTermsPrunedByBound,tighten_disjunction,tighten_matrix_perturbation,tighten_infeasible_to_feasible_term,tighten_feasible_to_infeasible_basis
0,0,New,64,2327.842584,2333.137151,2332.951458,2333.000052,2361.218081,2361.454195,2.909960,2.950105,41.716848,432.111804,1723621,6778050,3600.000000,64,15,20,GUROBI,1,0,0,0,0,0,0,0,0,0,0
1,0,All,64,2328.655077,2331.930020,2331.682114,2331.686507,2361.203691,2361.439345,0.689159,0.750030,135.112899,270.484943,1077529,4166124,3600.000000,64,15,0,GUROBI,1,0,0,0,60,0,0,1,1,1,1
2,0,All,64,2330.762227,2335.166029,2334.954357,2335.003961,2361.915282,2362.151386,0.465509,0.521170,375.668658,464.436925,1670871,6850932,3600.000000,64,15,0,GUROBI,1,0,0,0,40,0,0,1,1,1,1
3,0,All,64,2327.763657,2331.330827,2331.008758,2330.998508,2356.648880,2356.884125,0.683817,0.714663,24.514732,132.621034,558820,2220092,3600.000000,64,15,0,GUROBI,1,0,0,0,61,0,0,1,1,1,1
4,0,All,64,2328.319857,2331.960817,2331.789306,2331.745895,2354.861412,2355.096793,0.619494,0.659491,85.554380,147.101163,639506,2445391,3600.000000,64,15,0,GUROBI,1,0,0,0,55,0,0,1,1,1,1
5,0,All,64,2329.726288,2334.446882,2334.409350,2334.410482,2358.396387,2358.632244,0.634509,0.718108,230.116981,295.527696,1227287,4824109,3600.000000,64,15,0,GUROBI,1,0,0,0,54,0,0,1,1,1,1
