instanceIndex,seedIndex,vpcGenerator,terms,lpBound,disjunctiveDualBound,lpBoundPostVpc,rootDualBound,dualBound,primalBound,vpcGenerationTime,rootDualBoundTime,bestSolutionTime,terminationTime,nodes,iterations,maxTime,actualTerms,numCuts,cutLimit,mipSolver,providePrimalBound,infeasibleTerms,feasibleToInfeasibleTerms,infeasibleToFeasibleTerms,termRemainsFeasibleBasisInfeasible,cutsChangedCoefficients,feasibleTermsPrunedByBound,tighten_disjunction,tighten_matrix_perturbation,tighten_infeasible_to_feasible_term,tighten_feasible_to_infeasible_basis
0,0,New,4,6766.249840,6767.701213,6767.699244,6768.035368,6840.281563,6840.965642,1.016328,1.054159,657.481937,3005.606273,18458673,52817174,3600.000000,4,21,21,GUROBI,1,0,0,0,0,0,0,0,0,0,0
1,0,Basis,4,6764.819283,6766.122513,6765.534130,6766.451774,6833.525082,6839.965642,0.009883,0.048783,3174.569003,3600.010588,21101006,59009562,3600.000000,4,21,0,GUROBI,1,0,0,0,0,0,0,0,0,0,1
2,0,Basis,4,6758.786265,6759.897069,6759.886551,6760.544431,6833.282249,6833.965642,0.005436,0.056965,3033.344262,3588.484139,20652678,60595412,3600.000000,4,21,0,GUROBI,1,0,0,0,0,0,0,0,0,0,1
3,0,Basis,4,6759.579302,6760.494181,6759.845701,6761.340990,6823.228707,6834.965642,0.005603,0.044543,2134.676206,3600.006206,21668267,64251546,3600.000000,4,21,0,GUROBI,1,0,0,0,0,0,0,0,0,0,1
4,0,Basis,4,6761.214591,6762.846206,6761.791656,6763.808870,6831.935128,6832.618386,0.011752,0.053620,2539.867222,2968.334917,18489543,53408051,3600.000000,4,21,0,GUROBI,1,0,0,0,0,0,0,0,0,0,1
5,0,Basis,4,6761.507226,6762.216505,6762.023583,6763.554221,6832.935036,6833.618386,0.009375,0.043329,3030.515836,3119.020370,19981860,56169465,3600.000000,4,21,0,GUROBI,1,0,0,0,0,0,0,0,0,0,1
6,0,Basis,4,6763.296528,6763.491691,6763.386930,6764.937265,6825.819528,6835.618386,0.005349,0.052109,2098.774214,3600.006070,22541928,68221250,3600.000000,4,21,0,GUROBI,1,0,0,0,0,0,0,0,0,0,1
