instanceIndex,seedIndex,vpcGenerator,terms,lpBound,disjunctiveDualBound,lpBoundPostVpc,rootDualBound,dualBound,primalBound,vpcGenerationTime,rootDualBoundTime,bestSolutionTime,terminationTime,nodes,iterations,maxTime,actualTerms,numCuts,cutLimit,mipSolver,providePrimalBound,infeasibleTerms,feasibleToInfeasibleTerms,infeasibleToFeasibleTerms,termRemainsFeasibleBasisInfeasible,cutsChangedCoefficients,feasibleTermsPrunedByBound,tighten_disjunction,tighten_matrix_perturbation,tighten_infeasible_to_feasible_term,tighten_feasible_to_infeasible_basis
0,0,New,64,-4840.541961,-4833.264552,-4833.458172,-4833.466467,-4784.211713,-4783.733392,3.524505,3.633839,130.775791,1627.873812,4470931,23390272,3600.000000,64,18,18,GUROBI,1,0,0,0,0,0,0,0,0,0,0
1,0,Term,64,-4805.495419,-4799.709452,-4805.426820,-4801.079673,-4745.334315,-4744.859901,0.109099,0.215448,18.802130,1183.725908,3625193,18545529,3600.000000,64,18,0,GUROBI,1,0,0,0,64,0,0,0,0,1,0
2,0,Term,64,-4839.736201,-4835.817099,-4838.193062,-4838.270608,-4778.582436,-4778.104712,0.102679,0.250524,205.608981,2983.576167,8995805,46536785,3600.000000,64,18,0,GUROBI,1,0,0,0,62,0,0,0,0,1,0
3,0,Term,64,-4834.315790,-4830.523285,-4831.420860,-4831.464971,-4775.186183,-4774.708764,0.094884,0.204724,11.231345,1338.014249,4083702,21288032,3600.000000,64,18,0,GUROBI,1,0,0,0,64,0,0,0,0,1,0
4,0,Term,64,-4840.363396,-4839.855105,-4840.363396,-4839.370386,-4781.763662,-4781.285538,0.107442,0.217757,807.820937,3065.832757,9269259,47754394,3600.000000,64,18,0,GUROBI,1,0,0,0,63,0,0,0,0,1,0
