instanceIndex,seedIndex,vpcGenerator,terms,lpBound,disjunctiveDualBound,lpBoundPostVpc,rootDualBound,dualBound,primalBound,vpcGenerationTime,rootDualBoundTime,bestSolutionTime,terminationTime,nodes,iterations,maxTime,actualTerms,numCuts,cutLimit,mipSolver,providePrimalBound,infeasibleTerms,feasibleToInfeasibleTerms,infeasibleToFeasibleTerms,termRemainsFeasibleBasisInfeasible,cutsChangedCoefficients,feasibleTermsPrunedByBound,tighten_disjunction,tighten_matrix_perturbation,tighten_infeasible_to_feasible_term,tighten_feasible_to_infeasible_basis
0,0,New,4,6766.249840,6767.701213,6767.699244,6768.035368,6829.242384,6840.965642,0.581521,0.619023,3042.559914,3600.582191,23396347,67809199,3600.000000,4,21,21,GUROBI,1,0,0,0,0,0,0,0,0,0,0
1,0,Disjunction,4,6767.344000,6767.760094,6767.704149,6769.277508,6832.322339,6833.005563,0.012647,0.055590,199.424240,931.938684,5881083,17258577,3600.000000,4,21,0,GUROBI,1,0,0,0,4,0,0,1,0,0,0
2,0,Disjunction,4,6767.305012,6767.526422,6767.305012,6768.412094,6815.257996,6815.939584,0.006771,0.044982,359.680001,509.940497,3190497,9996845,3600.000000,4,21,0,GUROBI,1,0,0,0,4,0,0,1,0,0,0
3,0,Disjunction,4,6760.804602,6762.825775,6760.830600,6764.060620,6838.311603,6838.995442,0.005113,0.039569,1694.588247,2045.454468,12960106,37312521,3600.000000,4,21,0,GUROBI,1,0,0,0,4,0,0,1,0,0,0
4,0,Disjunction,4,6777.610865,6777.847686,6777.610865,6778.688302,6836.045238,6836.728910,0.012512,0.061716,2101.866423,2434.155120,15315059,45253835,3600.000000,4,21,0,GUROBI,1,0,0,0,4,0,0,1,0,0,0
