instanceIndex,seedIndex,vpcGenerator,terms,lpBound,disjunctiveDualBound,lpBoundPostVpc,rootDualBound,dualBound,primalBound,vpcGenerationTime,rootDualBoundTime,bestSolutionTime,terminationTime,nodes,iterations,maxTime,actualTerms,numCuts,cutLimit,mipSolver,providePrimalBound,infeasibleTerms,feasibleToInfeasibleTerms,infeasibleToFeasibleTerms,termRemainsFeasibleBasisInfeasible,cutsChangedCoefficients,feasibleTermsPrunedByBound,tighten_disjunction,tighten_matrix_perturbation,tighten_infeasible_to_feasible_term,tighten_feasible_to_infeasible_basis
0,0,New,64,2327.842584,2333.137151,2332.951458,2333.000052,2361.218202,2361.454195,2.376034,2.415976,65.592607,510.518405,1796065,8088591,3600.000000,64,15,20,GUROBI,1,0,0,0,0,0,0,0,0,0,0
1,0,New,64,2331.431923,2336.215402,2336.113484,2336.076673,2360.134771,2360.370673,1.928594,1.964934,454.576981,476.181141,1494555,7051534,3600.000000,64,21,21,GUROBI,1,0,0,0,0,0,0,0,0,0,0
2,0,New,64,2300.621877,2309.221090,2309.110838,2309.091144,2338.999634,2339.233554,1.785846,1.817788,214.677501,233.826861,995236,4017561,3600.000000,64,18,18,GUROBI,1,0,0,0,0,0,0,0,0,0,0
3,0,New,64,2327.261144,2333.747579,2333.700383,2333.659028,2363.778453,2364.014639,2.056853,2.095510,18.619172,307.217412,1154655,4661301,3600.000000,64,22,22,GUROBI,1,0,0,0,0,0,0,0,0,0,0
4,0,New,64,2318.627750,2323.597170,2323.525753,2323.464550,2349.259704,2349.494611,2.119266,2.157604,353.336786,492.057360,1639105,7481717,3600.000000,64,21,21,GUROBI,1,0,0,0,0,0,0,0,0,0,0
