instanceIndex,seedIndex,vpcGenerator,terms,lpBound,disjunctiveDualBound,lpBoundPostVpc,rootDualBound,dualBound,primalBound,vpcGenerationTime,rootDualBoundTime,bestSolutionTime,terminationTime,nodes,iterations,maxTime,actualTerms,numCuts,cutLimit,mipSolver,providePrimalBound,infeasibleTerms,feasibleToInfeasibleTerms,infeasibleToFeasibleTerms,termRemainsFeasibleBasisInfeasible,cutsChangedCoefficients,feasibleTermsPrunedByBound,tighten_disjunction,tighten_matrix_perturbation,tighten_infeasible_to_feasible_term,tighten_feasible_to_infeasible_basis
0,0,New,64,6766.249840,6771.975779,6771.850862,6771.707891,6822.020395,6840.965642,2.927950,2.967789,2751.407673,3602.928591,18237643,55541905,3600.000000,64,21,21,GUROBI,1,1,0,0,0,0,0,0,0,0,0
2,0,Farkas,64,6799.184806,6799.816818,6799.184806,6801.267967,6860.460035,6861.146016,0.077551,0.118500,112.992004,589.148581,3584071,11475260,3600.000000,64,21,0,GUROBI,1,1,0,0,63,0,0,0,0,0,0
3,0,Farkas,64,6789.837827,6791.789850,6789.837827,6794.290226,6882.368596,6883.056817,0.084681,0.151171,61.467522,1182.461437,7398296,21006874,3600.000000,64,21,0,GUROBI,1,1,0,0,63,0,0,0,0,0,0
4,0,Farkas,64,6743.845490,6745.110110,6743.845490,6745.313171,6790.557727,6791.236621,0.075482,0.111957,116.267654,296.076420,1813316,5686305,3600.000000,64,21,0,GUROBI,1,1,0,0,63,0,0,0,0,0,0
