instanceIndex,seedIndex,vpcGenerator,terms,lpBound,disjunctiveDualBound,lpBoundPostVpc,rootDualBound,dualBound,primalBound,vpcGenerationTime,rootDualBoundTime,bestSolutionTime,terminationTime,nodes,iterations,maxTime,actualTerms,numCuts,cutLimit,mipSolver,providePrimalBound,infeasibleTerms,feasibleToInfeasibleTerms,infeasibleToFeasibleTerms,termRemainsFeasibleBasisInfeasible,cutsChangedCoefficients,feasibleTermsPrunedByBound,tighten_disjunction,tighten_matrix_perturbation,tighten_infeasible_to_feasible_term,tighten_feasible_to_infeasible_basis
0,0,None,4,6766.249840,6766.249840,6766.249840,6767.979371,6840.281547,6840.965642,0.000013,0.035874,1740.195341,3303.697683,20925891,59725119,3600.000000,0,0,0,GUROBI,1,0,0,0,0,0,0,0,0,0,0
1,0,None,4,6797.185360,6797.185360,6797.185360,6798.055825,6842.368010,6859.922315,0.000002,0.040866,842.691092,3600.000571,24388921,71838572,3600.000000,0,0,0,GUROBI,1,0,0,0,0,0,0,0,0,0,0
2,0,None,4,6799.184806,6799.184806,6799.184806,6801.267967,6860.459934,6861.146016,0.000004,0.041419,77.762335,635.188701,3972653,12444143,3600.000000,0,0,0,GUROBI,1,0,0,0,0,0,0,0,0,0,0
3,0,None,4,6789.837827,6789.837827,6789.837827,6794.290226,6882.368551,6883.056817,0.000001,0.065346,480.503674,1088.046301,6993046,19716343,3600.000000,0,0,0,GUROBI,1,0,0,0,0,0,0,0,0,0,0
4,0,None,4,6743.845490,6743.845490,6743.845490,6745.313171,6790.557582,6791.236621,0.000003,0.035965,328.601715,490.719730,3037754,9591651,3600.000000,0,0,0,GUROBI,1,0,0,0,0,0,0,0,0,0,0
