instanceIndex,seedIndex,vpcGenerator,terms,lpBound,disjunctiveDualBound,lpBoundPostVpc,rootDualBound,dualBound,primalBound,vpcGenerationTime,rootDualBoundTime,bestSolutionTime,terminationTime,nodes,iterations,maxTime,actualTerms,numCuts,cutLimit,mipSolver,providePrimalBound,infeasibleTerms,feasibleToInfeasibleTerms,infeasibleToFeasibleTerms,termRemainsFeasibleBasisInfeasible,cutsChangedCoefficients,feasibleTermsPrunedByBound,tighten_disjunction,tighten_matrix_perturbation,tighten_infeasible_to_feasible_term,tighten_feasible_to_infeasible_basis
0,0,New,4,6766.249840,6767.701213,6767.699244,6768.035368,6840.281555,6840.965642,1.391277,1.433542,1061.506829,3322.795934,20502971,59263365,3600.000000,4,21,21,GUROBI,1,0,0,0,0,0,0,0,0,0,0
1,0,New,4,6781.060643,6784.824860,6784.568097,6785.137420,6858.279836,6858.965642,0.087493,0.121508,89.490536,836.757508,5312707,14750036,3600.000000,4,18,18,GUROBI,1,0,0,0,0,0,0,0,0,0,0
2,0,New,4,6765.886253,6766.659417,6766.592193,6767.169986,6834.896536,6851.524504,0.076482,0.107264,420.912074,3600.077026,23674872,69551862,3600.000000,4,18,18,GUROBI,1,0,0,0,0,0,0,0,0,0,0
3,0,New,4,6775.843119,6776.798658,6776.683363,6777.350773,6842.934033,6843.618386,0.074368,0.127681,2892.610857,3352.069832,21528276,61882966,3600.000000,4,16,16,GUROBI,1,0,0,0,0,0,0,0,0,0,0
4,0,New,4,6776.474219,6778.563778,6778.563778,6780.342972,6855.300130,6855.985649,0.105447,0.154324,2117.195221,3184.437641,18542990,51428637,3600.000000,4,20,20,GUROBI,1,0,0,0,0,0,0,0,0,0,0
