instanceIndex,seedIndex,vpcGenerator,terms,lpBound,disjunctiveDualBound,lpBoundPostVpc,rootDualBound,dualBound,primalBound,vpcGenerationTime,rootDualBoundTime,bestSolutionTime,terminationTime,nodes,iterations,maxTime,actualTerms,numCuts,cutLimit,mipSolver,providePrimalBound,infeasibleTerms,feasibleToInfeasibleTerms,infeasibleToFeasibleTerms,termRemainsFeasibleBasisInfeasible,cutsChangedCoefficients,feasibleTermsPrunedByBound,tighten_disjunction,tighten_matrix_perturbation,tighten_infeasible_to_feasible_term,tighten_feasible_to_infeasible_basis
0,0,New,4,-4840.541961,-4839.625710,-4839.640858,-4838.891800,-4784.211763,-4783.733392,0.997373,1.077128,248.593353,1070.609155,4825770,25365664,3600.000000,4,18,18,GUROBI,1,0,0,0,0,0,0,0,0,0,0
1,0,New,4,-4838.349004,-4837.711111,-4837.711111,-4835.814592,-4780.211220,-4779.733392,0.106859,0.193810,73.420300,1007.614455,4649648,24319219,3600.000000,4,22,22,GUROBI,1,0,0,0,0,0,0,0,0,0,0
2,0,New,4,-4837.313475,-4835.858194,-4835.858194,-4834.255669,-4779.211207,-4778.733392,0.117579,0.195139,171.686269,944.169232,4512100,23629478,3600.000000,4,23,23,GUROBI,1,0,0,0,0,0,0,0,0,0,0
3,0,New,4,-4843.165161,-4841.921520,-4841.977926,-4840.461073,-4786.211825,-4785.733392,0.124547,0.205819,19.648093,866.391855,3997553,20857589,3600.000000,4,23,23,GUROBI,1,0,0,0,0,0,0,0,0,0,0
4,0,New,4,-4848.350576,-4846.103969,-4846.182561,-4845.407446,-4789.212258,-4788.733392,0.085697,0.140078,558.734040,1426.007598,6464674,33460238,3600.000000,4,23,23,GUROBI,1,0,0,0,0,0,0,0,0,0,0
