instanceIndex,seedIndex,vpcGenerator,terms,lpBound,disjunctiveDualBound,lpBoundPostVpc,rootDualBound,dualBound,primalBound,vpcGenerationTime,rootDualBoundTime,bestSolutionTime,terminationTime,nodes,iterations,maxTime,actualTerms,numCuts,cutLimit,mipSolver,providePrimalBound,infeasibleTerms,feasibleToInfeasibleTerms,infeasibleToFeasibleTerms,termRemainsFeasibleBasisInfeasible,cutsChangedCoefficients,feasibleTermsPrunedByBound,tighten_disjunction,tighten_matrix_perturbation,tighten_infeasible_to_feasible_term,tighten_feasible_to_infeasible_basis
0,0,New,64,2327.842584,2333.137151,2332.951458,2333.000052,2361.218171,2361.454195,1.929276,2.020958,88.198573,470.285215,1808458,6984789,3600.000000,64,15,20,GUROBI,1,0,0,0,0,0,0,0,0,0,0
1,0,Term,64,2328.610471,2333.271172,2332.426735,2332.636190,2361.218064,2361.454195,0.078598,0.120146,84.687763,342.367978,1418199,5495807,3600.000000,64,15,0,GUROBI,1,0,0,0,25,15,0,0,0,1,0
2,0,Term,64,2327.842584,2333.137151,2332.777798,2332.834972,2361.218092,2361.454195,0.080507,0.130904,82.471278,493.667517,1729600,7775853,3600.000000,64,15,0,GUROBI,1,0,0,0,4,15,0,0,0,1,0
3,0,Term,64,2327.842584,2331.923322,2328.029028,2328.341685,2360.413378,2360.649422,0.071278,0.115356,50.802973,460.958017,1841090,7574979,3600.000000,64,15,0,GUROBI,1,0,0,0,21,15,0,0,0,1,0
4,0,Term,64,2327.254868,2332.950677,2327.254868,2328.559734,2355.814087,2356.048919,0.078517,0.119977,77.565881,179.727796,787811,3046364,3600.000000,64,15,0,GUROBI,1,0,0,0,21,15,0,0,0,1,0
