instanceIndex,seedIndex,vpcGenerator,terms,lpBound,disjunctiveDualBound,lpBoundPostVpc,rootDualBound,dualBound,primalBound,vpcGenerationTime,rootDualBoundTime,bestSolutionTime,terminationTime,nodes,iterations,maxTime,actualTerms,numCuts,cutLimit,mipSolver,providePrimalBound,infeasibleTerms,feasibleToInfeasibleTerms,infeasibleToFeasibleTerms,termRemainsFeasibleBasisInfeasible,cutsChangedCoefficients,feasibleTermsPrunedByBound,tighten_disjunction,tighten_matrix_perturbation,tighten_infeasible_to_feasible_term,tighten_feasible_to_infeasible_basis
0,0,None,4,112310.613512,112310.613512,112310.613512,112313.362694,112313.362694,112313.362718,0.000021,0.013238,0.000021,0.014122,1,50,3600.000000,0,0,0,GUROBI,1,0,0,0,0,0,0,0,0,0,0
1,0,None,4,110537.721072,110537.721072,110537.721072,110556.324177,110562.437609,110562.437633,0.000023,0.037499,0.000023,0.038308,1,158,3600.000000,0,0,0,GUROBI,1,0,0,0,0,0,0,0,0,0,0
2,0,None,4,110156.410768,110156.410768,110156.410768,110156.410744,110156.410744,110156.410768,0.000002,0.000002,0.000002,0.011643,1,92,3600.000000,0,0,0,GUROBI,1,0,0,0,0,0,0,0,0,0,0
3,0,None,4,110744.486383,110744.486383,110744.486383,110767.441298,110769.797631,110769.797631,0.000003,0.022364,0.022910,0.023376,1,140,3600.000000,0,0,0,GUROBI,1,0,0,0,0,0,0,0,0,0,0
4,0,None,4,111923.278897,111923.278897,111923.278897,111942.785857,111942.785857,111942.785881,0.000003,0.016568,0.000003,0.017536,1,86,3600.000000,0,0,0,GUROBI,1,0,0,0,0,0,0,0,0,0,0
5,0,None,4,109982.508045,109982.508045,109982.508045,110011.359265,110011.507899,110011.507899,0.000003,0.022879,0.023413,0.023856,1,101,3600.000000,0,0,0,GUROBI,1,0,0,0,0,0,0,0,0,0,0
