instanceIndex,seedIndex,vpcGenerator,terms,lpBound,disjunctiveDualBound,lpBoundPostVpc,rootDualBound,dualBound,primalBound,vpcGenerationTime,rootDualBoundTime,bestSolutionTime,terminationTime,nodes,iterations,maxTime,actualTerms,numCuts,cutLimit,mipSolver,providePrimalBound,infeasibleTerms,feasibleToInfeasibleTerms,infeasibleToFeasibleTerms,termRemainsFeasibleBasisInfeasible,cutsChangedCoefficients,feasibleTermsPrunedByBound,tighten_disjunction,tighten_matrix_perturbation,tighten_infeasible_to_feasible_term,tighten_feasible_to_infeasible_basis
0,0,None,4,112310.613512,112310.613512,112310.613512,112313.362694,112313.362694,112313.362718,0.000021,0.035613,0.000021,0.036477,1,50,3600.000000,0,0,0,GUROBI,1,0,0,0,0,0,0,0,0,0,0
1,0,None,4,112013.276892,112013.276892,112013.276892,112022.834946,112022.834946,112022.834970,0.000003,0.011448,0.000003,0.012151,1,57,3600.000000,0,0,0,GUROBI,1,0,0,0,0,0,0,0,0,0,0
2,0,None,4,111580.580475,111580.580475,111580.580475,111584.178714,111584.178714,111584.178738,0.000001,0.010913,0.000001,0.011739,1,51,3600.000000,0,0,0,GUROBI,1,0,0,0,0,0,0,0,0,0,0
3,0,None,4,112352.515415,112352.515415,112352.515415,112356.740972,112356.740972,112357.572058,0.000001,0.023623,0.000001,0.024348,1,57,3600.000000,0,0,0,GUROBI,1,0,0,0,0,0,0,0,0,0,0
4,0,None,4,112181.029212,112181.029212,112181.029212,112184.778394,112184.778394,112184.778418,0.000002,0.011074,0.000002,0.011821,1,57,3600.000000,0,0,0,GUROBI,1,0,0,0,0,0,0,0,0,0,0
5,0,None,4,111213.733468,111213.733468,111213.733468,111215.633594,111215.633594,111215.633618,0.000002,0.011066,0.000002,0.011884,1,54,3600.000000,0,0,0,GUROBI,1,0,0,0,0,0,0,0,0,0,0
