instanceIndex,seedIndex,vpcGenerator,terms,lpBound,disjunctiveDualBound,lpBoundPostVpc,rootDualBound,dualBound,primalBound,vpcGenerationTime,rootDualBoundTime,bestSolutionTime,terminationTime,nodes,iterations,maxTime,actualTerms,numCuts,cutLimit,mipSolver,providePrimalBound,infeasibleTerms,feasibleToInfeasibleTerms,infeasibleToFeasibleTerms,termRemainsFeasibleBasisInfeasible,cutsChangedCoefficients,feasibleTermsPrunedByBound,tighten_disjunction,tighten_matrix_perturbation,tighten_infeasible_to_feasible_term,tighten_feasible_to_infeasible_basis
0,0,New,4,800002400.000000,800002400.000000,800002400.000000,800002404.489287,1200000932.593042,1200012600.000000,1.204682,1.312686,261.269272,280.989671,283267,2154697,3600.000000,4,5,72,GUROBI,1,0,0,0,0,0,0,0,0,0,0
1,0,Matrix,4,800002400.000000,800002400.000000,800002400.000000,800003100.149748,1299918266.586364,1300011125.064938,0.012527,0.109176,516.368383,540.976488,451988,4150828,3600.000000,4,5,0,GUROBI,1,0,0,0,4,0,0,0,1,0,0
2,0,Matrix,4,800002400.000000,800002400.000000,800002400.000000,800003908.076359,1199980703.561553,1200003366.634952,0.011511,0.097027,8.550567,8.855529,14858,76394,3600.000000,4,5,0,GUROBI,1,0,0,0,4,0,0,0,1,0,0
