instanceIndex,seedIndex,vpcGenerator,terms,lpBound,disjunctiveDualBound,lpBoundPostVpc,rootDualBound,dualBound,primalBound,vpcGenerationTime,rootDualBoundTime,bestSolutionTime,terminationTime,nodes,iterations,maxTime,actualTerms,numCuts,cutLimit,mipSolver,providePrimalBound,infeasibleTerms,feasibleToInfeasibleTerms,infeasibleToFeasibleTerms,termRemainsFeasibleBasisInfeasible,cutsChangedCoefficients,feasibleTermsPrunedByBound,tighten_disjunction,tighten_matrix_perturbation,tighten_infeasible_to_feasible_term,tighten_feasible_to_infeasible_basis
0,0,New,4,800002400.000000,800002400.000000,800002400.000000,800002408.875297,1200001150.083525,1200012600.000000,0.678768,0.763681,534.514764,699.582182,837061,5575836,3600.000000,4,5,72,GUROBI,1,0,0,0,0,0,0,0,0,0,0
1,0,Term,4,800002400.000000,800002400.000000,800002400.000000,800003872.171589,1193021316.524403,1193025632.097309,0.013105,0.146478,3.291134,5.936306,2316,50501,3600.000000,4,5,0,GUROBI,1,0,0,0,4,5,0,0,0,1,0
2,0,Term,4,800002400.000000,800002400.000000,800002400.000000,800003840.190181,1594860332.151392,1594884486.409541,0.015827,0.133455,108.809861,120.756453,57135,656328,3600.000000,4,5,0,GUROBI,1,0,0,0,4,5,0,0,0,1,0
3,0,Term,4,800002400.000000,800002400.000000,800002400.000000,800003234.337281,1401828698.382150,1401848140.563842,0.013447,0.122229,25.361542,122.802121,51777,593949,3600.000000,4,5,0,GUROBI,1,0,0,0,4,5,0,0,0,1,0
4,0,Term,4,800002400.000000,800002400.000000,800002400.000000,800003153.729635,1372384051.101102,1372384051.101102,0.008930,0.137597,398.068845,398.069027,60186,3052226,3600.000000,4,5,0,GUROBI,1,1,1,0,0,5,0,0,0,1,0
