instanceIndex,seedIndex,vpcGenerator,terms,lpBound,disjunctiveDualBound,lpBoundPostVpc,rootDualBound,dualBound,primalBound,vpcGenerationTime,rootDualBoundTime,bestSolutionTime,terminationTime,nodes,iterations,maxTime,actualTerms,numCuts,cutLimit,mipSolver,providePrimalBound,infeasibleTerms,feasibleToInfeasibleTerms,infeasibleToFeasibleTerms,termRemainsFeasibleBasisInfeasible,cutsChangedCoefficients,feasibleTermsPrunedByBound,tighten_disjunction,tighten_matrix_perturbation,tighten_infeasible_to_feasible_term,tighten_feasible_to_infeasible_basis
0,0,None,4,800002400.000000,800002400.000000,800002400.000000,800002400.892857,1200000644.836429,1200012600.000000,0.000009,0.063212,247.134059,277.085060,234367,2430701,3600.000000,0,0,0,GUROBI,1,0,0,0,0,0,0,0,0,0,0
1,0,None,4,800002400.000000,800002400.000000,800002400.000000,800003823.954826,1193019964.275058,1193025943.136508,0.000002,0.090502,18.078812,23.789917,7037,235038,3600.000000,0,0,0,GUROBI,1,0,0,0,0,0,0,0,0,0,0
2,0,None,4,800002400.000000,800002400.000000,800002400.000000,800003813.006477,1594877844.128228,1594884486.409541,0.000003,0.085105,64.740855,114.053849,83287,719431,3600.000000,0,0,0,GUROBI,1,0,0,0,0,0,0,0,0,0,0
3,0,None,4,800002400.000000,800002400.000000,800002400.000000,800003059.946537,1401757478.283641,1401848140.563842,0.000002,0.075878,184.087588,463.160077,62764,2681216,3600.000000,0,0,0,GUROBI,1,0,0,0,0,0,0,0,0,0,0
4,0,None,4,800002400.000000,800002400.000000,800002400.000000,800003151.341754,1372384051.101102,1372384051.101102,0.000003,0.098857,180.050364,180.050654,107439,1509915,3600.000000,0,0,0,GUROBI,1,0,0,0,0,0,0,0,0,0,0
