instanceIndex,seedIndex,vpcGenerator,terms,lpBound,disjunctiveDualBound,lpBoundPostVpc,rootDualBound,dualBound,primalBound,vpcGenerationTime,rootDualBoundTime,bestSolutionTime,terminationTime,nodes,iterations,maxTime,actualTerms,numCuts,cutLimit,mipSolver,providePrimalBound,infeasibleTerms,feasibleToInfeasibleTerms,infeasibleToFeasibleTerms,termRemainsFeasibleBasisInfeasible,cutsChangedCoefficients,feasibleTermsPrunedByBound,tighten_disjunction,tighten_matrix_perturbation,tighten_infeasible_to_feasible_term,tighten_feasible_to_infeasible_basis
0,0,New,4,-2608070.315743,-2608070.315092,-2608070.315347,-2608070.306645,-2608050.215957,-2607811.728600,2.026091,2.334703,2992.803078,3602.028819,4117287,28068917,3600.000000,4,17,17,GUROBI,1,0,0,0,0,0,0,0,0,0,0
1,0,Farkas,4,-2606109.609969,-2606109.598265,-2606109.609969,-2606103.883329,-2606073.681394,-2605847.251000,0.046537,0.346809,1784.829365,3600.049130,4881795,33790932,3600.000000,4,17,0,GUROBI,1,0,0,0,0,0,0,0,0,0,0
2,0,Farkas,4,-2613442.470795,-2613442.470795,-2613442.470795,-2613438.686210,-2613408.518959,-2613176.148200,0.046050,0.242037,2273.148566,3600.048622,2963601,26233621,3600.000000,4,17,0,GUROBI,1,0,0,0,0,0,0,0,0,0,0
3,0,Farkas,4,-2619836.042221,-2619836.042221,-2619836.042221,-2619830.183991,-2619798.237641,-2619667.296000,0.038511,0.373707,3537.841301,3600.041024,3945382,28195012,3600.000000,4,17,0,GUROBI,1,0,0,0,0,0,0,0,0,0,0
