instanceIndex,seedIndex,vpcGenerator,terms,lpBound,disjunctiveDualBound,lpBoundPostVpc,rootDualBound,dualBound,primalBound,vpcGenerationTime,rootDualBoundTime,bestSolutionTime,terminationTime,nodes,iterations,maxTime,actualTerms,numCuts,cutLimit,mipSolver,providePrimalBound,infeasibleTerms,feasibleToInfeasibleTerms,infeasibleToFeasibleTerms,termRemainsFeasibleBasisInfeasible,cutsChangedCoefficients,feasibleTermsPrunedByBound,tighten_disjunction,tighten_matrix_perturbation,tighten_infeasible_to_feasible_term,tighten_feasible_to_infeasible_basis
0,0,New,64,-2406943.556343,-2406943.552123,-2406943.552816,-2406922.133131,-2406796.012654,-2406564.451900,2.967138,3.262680,2330.600001,2330.860467,3792044,19403431,3600.000000,66,1,11,GUROBI,1,48,0,0,0,0,0,0,0,0,0
3,0,New,64,-2408077.825774,-2408077.823934,-2408077.825161,-2408057.140145,-2407904.148938,-2407731.235400,3.653198,3.870563,1105.419214,1105.511741,932481,6326724,3600.000000,68,4,11,GUROBI,1,56,0,0,0,0,0,0,0,0,0
4,0,New,64,-2405002.142585,-2405002.133798,-2405002.135655,-2404982.591059,-2404845.532044,-2404663.570500,6.357660,6.587968,942.392376,942.392728,743079,6196625,3600.000000,82,7,15,GUROBI,1,62,0,0,0,0,0,0,0,0,0
5,0,New,64,-2406954.145290,-2406953.858740,-2406954.144041,-2406930.815451,-2406800.009151,-2406566.533500,4.274969,4.587687,3320.238035,3604.277298,6766981,32471762,3600.000000,64,5,20,GUROBI,1,51,0,0,0,0,0,0,0,0,0
6,0,New,64,-2404194.580145,-2404194.079621,-2404194.079621,-2404170.818116,-2404052.991120,-2403818.503000,8.950268,9.197476,3437.745505,3492.258146,6538610,31846882,3600.000000,75,22,22,GUROBI,1,65,0,0,0,0,0,0,0,0,0
7,0,New,64,-2408911.813175,-2408911.172570,-2408911.812811,-2408888.958740,-2408757.467709,-2408527.403700,8.150118,8.429191,2839.351570,2839.351907,5120676,26396557,3600.000000,70,7,13,GUROBI,1,50,0,0,0,0,0,0,0,0,0
8,0,New,64,-2406951.824316,-2406951.823386,-2406951.824193,-2406929.019248,-2406810.373154,-2406559.723900,3.847869,4.145199,3603.849632,3603.849944,5354769,29276953,3600.000000,70,1,13,GUROBI,1,57,0,0,0,0,0,0,0,0,0
9,0,New,64,-2406949.548467,-2406949.534455,-2406949.539337,-2406929.620169,-2406796.906250,-2406589.116700,7.560932,7.773945,1841.137080,1841.137387,1305954,10851075,3600.000000,70,3,14,GUROBI,1,46,0,0,0,0,0,0,0,0,0
