instanceIndex,seedIndex,vpcGenerator,terms,lpBound,disjunctiveDualBound,lpBoundPostVpc,rootDualBound,dualBound,primalBound,vpcGenerationTime,rootDualBoundTime,bestSolutionTime,terminationTime,nodes,iterations,maxTime,actualTerms,numCuts,cutLimit,mipSolver,providePrimalBound,infeasibleTerms,feasibleToInfeasibleTerms,infeasibleToFeasibleTerms,termRemainsFeasibleBasisInfeasible,cutsChangedCoefficients,feasibleTermsPrunedByBound,tighten_disjunction,tighten_matrix_perturbation,tighten_infeasible_to_feasible_term,tighten_feasible_to_infeasible_basis
0,0,New,4,-2608070.315743,-2608070.315092,-2608070.315347,-2608070.309197,-2608050.204762,-2607811.728600,1.211434,1.435720,2994.034321,3601.212561,7874445,57750269,3600.000000,4,17,17,GUROBI,1,0,0,0,0,0,0,0,0,0,0
1,0,Term,4,-2606109.609969,-2606109.598265,-2606109.609969,-2606103.883329,-2606058.841137,-2605847.251000,0.026919,0.178460,2535.644719,2535.826240,6712831,45996738,3600.000000,4,17,0,GUROBI,1,0,0,0,0,0,0,0,0,1,0
2,0,Term,4,-2613442.470795,-2613442.470795,-2613442.470795,-2613437.923029,-2613400.504246,-2613176.148200,0.048877,0.251252,992.120947,3600.049954,8377769,71248637,3600.000000,4,17,0,GUROBI,1,0,0,0,0,0,0,0,0,1,0
3,0,Term,4,-2619836.042221,-2619836.042221,-2619836.042221,-2619830.183991,-2619789.867113,-2619667.296000,0.038052,0.231700,3600.038999,3600.039147,5701095,49155600,3600.000000,4,17,0,GUROBI,1,0,0,0,0,0,0,0,0,1,0
