instanceIndex,seedIndex,vpcGenerator,terms,lpBound,disjunctiveDualBound,lpBoundPostVpc,rootDualBound,dualBound,primalBound,vpcGenerationTime,rootDualBoundTime,bestSolutionTime,terminationTime,nodes,iterations,maxTime,actualTerms,numCuts,cutLimit,mipSolver,providePrimalBound,infeasibleTerms,feasibleToInfeasibleTerms,infeasibleToFeasibleTerms,termRemainsFeasibleBasisInfeasible,cutsChangedCoefficients,feasibleTermsPrunedByBound,tighten_disjunction,tighten_matrix_perturbation,tighten_infeasible_to_feasible_term,tighten_feasible_to_infeasible_basis
0,0,None,64,-2608070.315743,-2608070.315743,-2608070.315743,-2608070.306588,-2608045.388362,-2607811.728600,0.000002,0.165597,1509.049991,3600.001961,3608328,34254558,3600.000000,0,0,0,GUROBI,1,0,0,0,0,0,0,0,0,0,0
1,0,None,64,-2608070.315743,-2608070.315743,-2608070.315743,-2608070.309197,-2608044.348250,-2607831.919500,0.000002,0.247019,3600.002351,3600.002538,4851051,37616525,3600.000000,0,0,0,GUROBI,1,0,0,0,0,0,0,0,0,0,0
2,0,None,64,-2607860.714053,-2607860.714053,-2607860.714053,-2607860.703717,-2607835.789380,-2607657.909500,0.000002,0.208854,2548.424284,3600.003438,4559974,37567880,3600.000000,0,0,0,GUROBI,1,0,0,0,0,0,0,0,0,0,0
3,0,None,64,-2566786.078866,-2566786.078866,-2566786.078866,-2566780.189899,-2566737.923043,-2566492.569600,0.000002,0.159079,2830.163064,3600.001231,4589639,38003430,3600.000000,0,0,0,GUROBI,1,0,0,0,0,0,0,0,0,0,0
