instanceIndex,seedIndex,vpcGenerator,terms,lpBound,disjunctiveDualBound,lpBoundPostVpc,rootDualBound,dualBound,primalBound,vpcGenerationTime,rootDualBoundTime,bestSolutionTime,terminationTime,nodes,iterations,maxTime,actualTerms,numCuts,cutLimit,mipSolver,providePrimalBound,infeasibleTerms,feasibleToInfeasibleTerms,infeasibleToFeasibleTerms,termRemainsFeasibleBasisInfeasible,cutsChangedCoefficients,feasibleTermsPrunedByBound,tighten_disjunction,tighten_matrix_perturbation,tighten_infeasible_to_feasible_term,tighten_feasible_to_infeasible_basis
0,0,New,64,-2608070.315743,-2608070.315027,-2608070.315188,-2608070.307892,-2608063.935679,-2607811.728600,7.528357,7.992751,2148.930303,3607.529543,6423844,54215501,3600.000000,64,17,17,GUROBI,1,56,0,0,0,0,0,0,0,0,0
1,0,NoDisjunction,64,-2606109.609969,-2606109.588772,-2606109.609969,-2606103.883329,-2606063.251547,-2605847.251000,0.589945,0.770346,2880.895511,3600.591248,5517805,46863405,3600.000000,64,17,0,GUROBI,1,56,0,0,0,0,0,0,1,1,1
2,0,NoDisjunction,64,-2613442.470795,-2613442.470795,-2613442.470795,-2613438.686210,-2613402.178720,-2613176.148200,0.790108,0.951900,3127.220747,3600.792117,4526862,45348674,3600.000000,64,17,0,GUROBI,1,56,0,0,0,0,0,0,1,1,1
3,0,NoDisjunction,64,-2619836.042221,-2619836.042221,-2619836.042221,-2619830.183991,-2619773.036596,-2619667.296000,0.563057,0.761652,3407.988079,3600.564130,6429013,48661057,3600.000000,64,17,0,GUROBI,1,56,0,0,0,0,0,0,1,1,1
