instanceIndex,seedIndex,vpcGenerator,terms,lpBound,disjunctiveDualBound,lpBoundPostVpc,rootDualBound,dualBound,primalBound,vpcGenerationTime,rootDualBoundTime,bestSolutionTime,terminationTime,nodes,iterations,maxTime,actualTerms,numCuts,cutLimit,mipSolver,providePrimalBound,infeasibleTerms,feasibleToInfeasibleTerms,infeasibleToFeasibleTerms,termRemainsFeasibleBasisInfeasible,cutsChangedCoefficients,feasibleTermsPrunedByBound,tighten_disjunction,tighten_matrix_perturbation,tighten_infeasible_to_feasible_term,tighten_feasible_to_infeasible_basis
0,0,New,4,185.550000,189.600000,189.600000,200.283333,202.350000,202.350000,0.203694,0.209195,0.203694,0.209553,1,56,3600.000000,4,3,5,GUROBI,1,0,0,0,0,0,0,0,0,0,0
1,0,Basis,4,179.208333,183.716667,182.681818,202.334615,202.350000,202.350000,0.003968,0.011944,0.003968,0.012270,1,70,3600.000000,4,3,0,GUROBI,1,0,0,0,0,3,0,0,0,0,1
2,0,Basis,4,185.798810,191.648810,191.648810,200.800000,202.350000,202.350000,0.004553,0.008324,0.004553,0.008701,1,50,3600.000000,4,3,0,GUROBI,1,0,0,0,3,0,0,0,0,0,1
3,0,Basis,4,187.245238,190.911905,190.911905,211.101724,211.350000,211.350000,0.004934,0.014022,0.004934,0.014353,1,75,3600.000000,4,3,0,GUROBI,1,0,0,0,3,0,0,0,0,0,1
4,0,Basis,4,190.505436,190.505436,190.505436,222.891176,226.850000,226.850000,0.002253,0.027353,0.027987,0.028756,5,144,3600.000000,4,3,0,GUROBI,1,0,0,0,4,3,0,0,0,0,1
