instanceIndex,seedIndex,vpcGenerator,terms,lpBound,disjunctiveDualBound,lpBoundPostVpc,rootDualBound,dualBound,primalBound,vpcGenerationTime,rootDualBoundTime,bestSolutionTime,terminationTime,nodes,iterations,maxTime,actualTerms,numCuts,cutLimit,mipSolver,providePrimalBound,infeasibleTerms,feasibleToInfeasibleTerms,infeasibleToFeasibleTerms,termRemainsFeasibleBasisInfeasible,cutsChangedCoefficients,feasibleTermsPrunedByBound,tighten_disjunction,tighten_matrix_perturbation,tighten_infeasible_to_feasible_term,tighten_feasible_to_infeasible_basis
0,0,New,4,4310.000000,4310.000000,4310.000000,4502.000000,7117.933971,7118.500000,1.062853,1.335805,76.716567,98.351706,34009,937964,3600.000000,4,10,66,GUROBI,1,0,0,0,0,0,0,0,0,0,0
1,0,New,4,4310.000000,4310.000000,4310.000000,4525.926797,6980.500000,6980.500000,0.183308,0.477064,36.151686,47.533941,33925,572021,3600.000000,6,6,64,GUROBI,1,4,0,0,0,0,0,0,0,0,0
2,0,New,4,4310.000000,4310.000000,4310.000000,4699.632357,6756.500000,6756.500000,0.180199,0.573547,21.218222,22.225938,16351,284513,3600.000000,6,7,66,GUROBI,1,4,0,0,0,0,0,0,0,0,0
3,0,New,4,4310.000000,4310.000000,4310.000000,4502.000000,7246.500000,7246.500000,0.202380,0.633703,52.954762,56.374326,93723,897886,3600.000000,4,11,66,GUROBI,1,0,0,0,0,0,0,0,0,0,0
4,0,New,4,5046.000000,5046.000000,5046.000000,5206.000000,7170.936942,7171.500000,0.181944,0.496519,35.435866,38.984117,14313,334591,3600.000000,6,5,61,GUROBI,1,4,0,0,0,0,0,0,0,0,0
