instanceIndex,seedIndex,vpcGenerator,terms,lpBound,disjunctiveDualBound,lpBoundPostVpc,rootDualBound,dualBound,primalBound,vpcGenerationTime,rootDualBoundTime,bestSolutionTime,terminationTime,nodes,iterations,maxTime,actualTerms,numCuts,cutLimit,mipSolver,providePrimalBound,infeasibleTerms,feasibleToInfeasibleTerms,infeasibleToFeasibleTerms,termRemainsFeasibleBasisInfeasible,cutsChangedCoefficients,feasibleTermsPrunedByBound,tighten_disjunction,tighten_matrix_perturbation,tighten_infeasible_to_feasible_term,tighten_feasible_to_infeasible_basis
0,0,None,64,4310.000000,4310.000000,4310.000000,4502.000000,7118.103029,7118.500000,0.000014,0.265451,54.173380,74.290848,35553,915130,3600.000000,0,0,0,GUROBI,1,0,0,0,0,0,0,0,0,0,0
1,0,None,64,4310.000000,4310.000000,4310.000000,4502.000000,6465.206659,6465.500000,0.000002,0.245586,6.929356,20.037274,13965,323757,3600.000000,0,0,0,GUROBI,1,0,0,0,0,0,0,0,0,0,0
2,0,None,64,4310.000000,4310.000000,4310.000000,4502.000000,7118.242778,7118.500000,0.000002,0.237306,15.001441,94.414891,31445,832081,3600.000000,0,0,0,GUROBI,1,0,0,0,0,0,0,0,0,0,0
3,0,None,64,4310.000000,4310.000000,4310.000000,4502.000000,7117.822331,7118.500000,0.000002,0.336620,121.598320,126.331171,33901,937863,3600.000000,0,0,0,GUROBI,1,0,0,0,0,0,0,0,0,0,0
4,0,None,64,4310.000000,4310.000000,4310.000000,4470.000000,6827.977598,6828.500000,0.000002,0.950034,175.950241,188.045577,29722,853543,3600.000000,0,0,0,GUROBI,1,0,0,0,0,0,0,0,0,0,0
