instanceIndex,seedIndex,vpcGenerator,terms,lpBound,disjunctiveDualBound,lpBoundPostVpc,rootDualBound,dualBound,primalBound,vpcGenerationTime,rootDualBoundTime,bestSolutionTime,terminationTime,nodes,iterations,maxTime,actualTerms,numCuts,cutLimit,mipSolver,providePrimalBound,infeasibleTerms,feasibleToInfeasibleTerms,infeasibleToFeasibleTerms,termRemainsFeasibleBasisInfeasible,cutsChangedCoefficients,feasibleTermsPrunedByBound,tighten_disjunction,tighten_matrix_perturbation,tighten_infeasible_to_feasible_term,tighten_feasible_to_infeasible_basis
0,0,New,64,4310.000000,4310.000000,4310.000000,4502.000000,7118.166667,7118.500000,11.208247,11.542852,51.340823,110.825353,36763,973647,3600.000000,64,66,66,GUROBI,1,41,0,0,0,0,0,0,0,0,0
1,0,Basis,64,4679.548387,4682.854839,4679.548387,5877.101453,7890.500000,7890.500000,0.326322,0.717644,5.463357,6.256153,3788,65806,3600.000000,64,66,0,GUROBI,1,39,0,2,23,0,0,0,0,0,1
2,0,Basis,64,4438.000000,4438.000000,4438.000000,5001.131265,7669.500000,7669.500000,0.316250,0.676665,5.871917,5.944440,3432,62890,3600.000000,64,66,0,GUROBI,1,49,10,2,13,0,0,0,0,0,1
3,0,Basis,64,5442.946380,5648.598892,5442.946380,6194.086117,8200.500000,8200.500000,0.304335,0.636290,3.315745,3.710478,1899,37233,3600.000000,64,66,0,GUROBI,1,56,17,2,6,0,0,0,0,0,1
4,0,Basis,64,4612.400000,4612.400000,4612.400000,5057.773510,7405.921716,7406.500000,0.279150,0.573593,37.953122,39.015152,28166,456445,3600.000000,64,66,0,GUROBI,1,47,6,0,17,0,0,0,0,0,1
