instanceIndex,seedIndex,vpcGenerator,terms,lpBound,disjunctiveDualBound,lpBoundPostVpc,rootDualBound,dualBound,primalBound,vpcGenerationTime,rootDualBoundTime,bestSolutionTime,terminationTime,nodes,iterations,maxTime,actualTerms,numCuts,cutLimit,mipSolver,providePrimalBound,infeasibleTerms,feasibleToInfeasibleTerms,infeasibleToFeasibleTerms,termRemainsFeasibleBasisInfeasible,cutsChangedCoefficients,feasibleTermsPrunedByBound,tighten_disjunction,tighten_matrix_perturbation,tighten_infeasible_to_feasible_term,tighten_feasible_to_infeasible_basis
0,0,New,4,4310.000000,4310.000000,4310.000000,4502.000000,7118.424694,7118.500000,1.035251,1.406080,77.915428,79.537883,32749,811319,3600.000000,4,10,66,GUROBI,1,0,0,0,0,0,0,0,0,0,0
1,0,Disjunction,4,4310.000000,4310.000000,4310.000000,4502.000000,6979.890794,6980.500000,0.015108,0.307866,40.476817,48.001945,34521,526071,3600.000000,4,10,0,GUROBI,1,0,0,0,4,0,0,1,0,0,0
2,0,Disjunction,4,4310.000000,4310.000000,4310.000000,4576.627879,6756.500000,6756.500000,0.013683,0.306605,15.168004,15.168125,10277,202298,3600.000000,4,10,0,GUROBI,1,0,0,0,4,0,0,1,0,0,0
3,0,Disjunction,4,4310.000000,4310.000000,4310.000000,4502.000000,7246.048971,7246.500000,0.014493,0.310084,77.390744,96.016251,38913,1019168,3600.000000,4,10,0,GUROBI,1,0,0,0,1,0,0,1,0,0,0
4,0,Disjunction,4,5046.000000,5046.000000,5046.000000,5206.000000,7171.032241,7171.500000,0.016837,0.303583,52.588293,57.527266,21599,573592,3600.000000,4,10,0,GUROBI,1,0,0,0,4,0,0,1,0,0,0
