instanceIndex,seedIndex,vpcGenerator,terms,lpBound,disjunctiveDualBound,lpBoundPostVpc,rootDualBound,dualBound,primalBound,vpcGenerationTime,rootDualBoundTime,bestSolutionTime,terminationTime,nodes,iterations,maxTime,actualTerms,numCuts,cutLimit,mipSolver,providePrimalBound,infeasibleTerms,feasibleToInfeasibleTerms,infeasibleToFeasibleTerms,termRemainsFeasibleBasisInfeasible,cutsChangedCoefficients,feasibleTermsPrunedByBound,tighten_disjunction,tighten_matrix_perturbation,tighten_infeasible_to_feasible_term,tighten_feasible_to_infeasible_basis
0,0,None,4,12672.000000,12672.000000,12672.000000,13016.000000,19684.098916,19686.000000,0.000003,0.620101,578.413504,673.371565,117223,5620996,3600.000000,0,0,0,GUROBI,1,0,0,0,0,0,0,0,0,0,0
1,0,None,4,12672.000000,12672.000000,12672.000000,13016.000000,19383.169304,19385.000000,0.000002,0.722615,525.090513,678.718784,87669,4196594,3600.000000,0,0,0,GUROBI,1,0,0,0,0,0,0,0,0,0,0
2,0,None,4,12672.000000,12672.000000,12672.000000,13045.002985,20034.054856,20036.000000,0.000002,1.077185,940.544609,953.132131,149756,6670919,3600.000000,0,0,0,GUROBI,1,0,0,0,0,0,0,0,0,0,0
3,0,None,4,12672.000000,12672.000000,12672.000000,13016.000000,19512.062653,19514.000000,0.000004,0.641353,401.268881,582.309062,113589,4962990,3600.000000,0,0,0,GUROBI,1,0,0,0,0,0,0,0,0,0,0
4,0,None,4,12752.000000,12752.000000,12752.000000,13227.548874,18547.308433,18549.000000,0.000004,0.531204,244.447799,251.862895,54026,2207272,3600.000000,0,0,0,GUROBI,1,0,0,0,0,0,0,0,0,0,0
