instanceIndex,seedIndex,vpcGenerator,terms,lpBound,disjunctiveDualBound,lpBoundPostVpc,rootDualBound,dualBound,primalBound,vpcGenerationTime,rootDualBoundTime,bestSolutionTime,terminationTime,nodes,iterations,maxTime,actualTerms,numCuts,cutLimit,mipSolver,providePrimalBound,infeasibleTerms,feasibleToInfeasibleTerms,infeasibleToFeasibleTerms,termRemainsFeasibleBasisInfeasible,cutsChangedCoefficients,feasibleTermsPrunedByBound,tighten_disjunction,tighten_matrix_perturbation,tighten_infeasible_to_feasible_term,tighten_feasible_to_infeasible_basis
0,0,None,64,4310.000000,4310.000000,4310.000000,4502.000000,7117.850885,7118.500000,0.000021,0.260547,69.046763,89.088976,33589,898867,3600.000000,0,0,0,GUROBI,1,0,0,0,0,0,0,0,0,0,0
1,0,None,64,4679.548387,4679.548387,4679.548387,5625.641797,7890.500000,7890.500000,0.000003,0.318847,4.902266,4.902377,2524,51616,3600.000000,0,0,0,GUROBI,1,0,0,0,0,0,0,0,0,0,0
2,0,None,64,4438.000000,4438.000000,4438.000000,5148.044641,7669.500000,7669.500000,0.000004,0.347687,7.938335,7.938456,5413,105601,3600.000000,0,0,0,GUROBI,1,0,0,0,0,0,0,0,0,0,0
3,0,None,64,5442.946380,5442.946380,5442.946380,6335.058708,8199.684127,8200.500000,0.000002,0.372859,2.561557,2.566403,2126,40742,3600.000000,0,0,0,GUROBI,1,0,0,0,0,0,0,0,0,0,0
4,0,None,64,4612.400000,4612.400000,4612.400000,5096.617835,7405.833333,7406.500000,0.000003,0.304750,23.515166,30.261215,24078,369087,3600.000000,0,0,0,GUROBI,1,0,0,0,0,0,0,0,0,0,0
