instanceIndex,seedIndex,vpcGenerator,terms,lpBound,disjunctiveDualBound,lpBoundPostVpc,rootDualBound,dualBound,primalBound,vpcGenerationTime,rootDualBoundTime,bestSolutionTime,terminationTime,nodes,iterations,maxTime,actualTerms,numCuts,cutLimit,mipSolver,providePrimalBound,infeasibleTerms,feasibleToInfeasibleTerms,infeasibleToFeasibleTerms,termRemainsFeasibleBasisInfeasible,cutsChangedCoefficients,feasibleTermsPrunedByBound,tighten_disjunction,tighten_matrix_perturbation,tighten_infeasible_to_feasible_term,tighten_feasible_to_infeasible_basis
0,0,New,64,4310.000000,4310.000000,4310.000000,4502.000000,7117.873662,7118.500000,7.402868,7.654597,76.347632,96.902476,47803,1392778,3600.000000,64,66,66,GUROBI,1,41,0,0,0,0,0,0,0,0,0
1,0,Disjunction,64,4310.000000,4310.000000,4310.000000,4502.000000,6980.500000,6980.500000,0.192398,0.419908,32.142116,32.142263,31810,454308,3600.000000,64,66,0,GUROBI,1,42,2,1,21,0,0,1,0,0,0
2,0,Disjunction,64,4310.000000,4310.000000,4310.000000,4692.188857,6756.071429,6756.500000,0.215020,0.498462,12.766333,13.590078,14142,271036,3600.000000,64,66,0,GUROBI,1,42,1,0,22,0,0,1,0,0,0
3,0,Disjunction,64,4310.000000,4310.000000,4310.000000,4502.000000,7245.945929,7246.500000,0.172771,0.400774,81.771920,105.561058,36632,1024539,3600.000000,64,66,0,GUROBI,1,41,0,0,8,0,0,1,0,0,0
4,0,Disjunction,64,5046.000000,5046.000000,5046.000000,5206.000000,7171.500000,7171.500000,0.220822,0.781824,28.327646,46.204064,10561,290597,3600.000000,64,66,0,GUROBI,1,41,0,0,23,0,0,1,0,0,0
