instanceIndex,seedIndex,vpcGenerator,terms,lpBound,disjunctiveDualBound,lpBoundPostVpc,rootDualBound,dualBound,primalBound,vpcGenerationTime,rootDualBoundTime,bestSolutionTime,terminationTime,nodes,iterations,maxTime,actualTerms,numCuts,cutLimit,mipSolver,providePrimalBound,infeasibleTerms,feasibleToInfeasibleTerms,infeasibleToFeasibleTerms,termRemainsFeasibleBasisInfeasible,cutsChangedCoefficients,feasibleTermsPrunedByBound,tighten_disjunction,tighten_matrix_perturbation,tighten_infeasible_to_feasible_term,tighten_feasible_to_infeasible_basis
0,0,New,64,0.012000,0.072828,0.042089,0.081366,0.336528,0.336528,15.992269,16.230154,47.881445,48.568387,10397,269604,3600.000000,64,31,31,GUROBI,1,0,0,0,0,0,0,0,0,0,0
1,0,NoDisjunction,64,0.011992,0.072828,0.041827,0.105483,0.336449,0.336449,6.836568,7.128250,34.579563,39.489202,10748,241898,3600.000000,64,31,0,GUROBI,1,0,0,0,0,31,0,0,1,1,1
2,0,NoDisjunction,64,0.011906,0.072832,0.039833,0.130099,0.330997,0.330997,6.683657,6.988819,45.061343,45.061516,11504,307906,3600.000000,64,31,0,GUROBI,1,0,0,0,32,31,0,0,1,1,1
3,0,NoDisjunction,64,0.011898,0.073034,0.039692,0.130291,0.344587,0.344587,7.139767,7.389525,30.671976,30.672147,7441,233995,3600.000000,64,31,0,GUROBI,1,0,0,0,30,31,0,0,1,1,1
4,0,NoDisjunction,64,0.011903,0.072611,0.041776,0.099294,0.276806,0.276806,6.776304,7.000232,15.327275,15.327429,3193,88850,3600.000000,64,31,0,GUROBI,1,0,0,0,32,31,0,0,1,1,1
5,0,NoDisjunction,64,0.011905,0.072832,0.041852,0.140114,0.333767,0.333767,6.828516,7.096714,41.070009,41.070204,10411,261922,3600.000000,64,31,0,GUROBI,1,0,0,0,32,31,0,0,1,1,1
