instanceIndex,seedIndex,vpcGenerator,terms,lpBound,disjunctiveDualBound,lpBoundPostVpc,rootDualBound,dualBound,primalBound,vpcGenerationTime,rootDualBoundTime,bestSolutionTime,terminationTime,nodes,iterations,maxTime,actualTerms,numCuts,cutLimit,mipSolver,providePrimalBound,infeasibleTerms,feasibleToInfeasibleTerms,infeasibleToFeasibleTerms,termRemainsFeasibleBasisInfeasible,cutsChangedCoefficients,feasibleTermsPrunedByBound,tighten_disjunction,tighten_matrix_perturbation,tighten_infeasible_to_feasible_term,tighten_feasible_to_infeasible_basis
0,0,New,4,0.012000,0.030968,0.030968,0.090183,0.336528,0.336528,0.723499,0.855262,28.348896,28.349031,10506,215958,3600.000000,4,31,31,GUROBI,1,0,0,0,0,0,0,0,0,0,0
1,0,NoDisjunction,4,0.012000,0.030968,0.030968,0.090183,0.336528,0.336528,0.021661,0.158077,36.219089,36.219229,10494,286069,3600.000000,4,31,0,GUROBI,1,0,0,0,0,0,0,0,1,1,1
2,0,NoDisjunction,4,0.012000,0.030968,0.030968,0.090183,0.311924,0.311924,0.021231,0.150300,28.144256,28.144375,10302,201729,3600.000000,4,31,0,GUROBI,1,0,0,0,0,0,0,0,1,1,1
3,0,NoDisjunction,4,0.012000,0.030968,0.030968,0.090183,0.336528,0.336528,0.021885,0.161063,38.706730,38.706874,12796,316645,3600.000000,4,31,0,GUROBI,1,0,0,0,0,0,0,0,1,1,1
4,0,NoDisjunction,4,-0.217724,-0.198369,-0.198377,-0.175831,0.107217,0.107217,0.025730,0.155925,35.332545,35.332686,11325,267276,3600.000000,4,31,0,GUROBI,1,0,0,0,0,0,0,0,1,1,1
5,0,NoDisjunction,4,0.012000,0.030968,0.030968,0.091837,0.336505,0.336528,0.023935,0.157557,22.960531,40.445670,12291,315658,3600.000000,4,31,0,GUROBI,1,0,0,0,0,0,0,0,1,1,1
