instanceIndex,seedIndex,vpcGenerator,terms,lpBound,disjunctiveDualBound,lpBoundPostVpc,rootDualBound,dualBound,primalBound,vpcGenerationTime,rootDualBoundTime,bestSolutionTime,terminationTime,nodes,iterations,maxTime,actualTerms,numCuts,cutLimit,mipSolver,providePrimalBound,infeasibleTerms,feasibleToInfeasibleTerms,infeasibleToFeasibleTerms,termRemainsFeasibleBasisInfeasible,cutsChangedCoefficients,feasibleTermsPrunedByBound,tighten_disjunction,tighten_matrix_perturbation,tighten_infeasible_to_feasible_term,tighten_feasible_to_infeasible_basis
0,0,New,64,0.012000,0.072828,0.042089,0.094154,0.336528,0.336528,12.006872,12.158283,38.938150,38.938291,13886,333995,3600.000000,64,31,31,GUROBI,1,0,0,0,0,0,0,0,0,0,0
1,0,Disjunction,64,0.012000,0.072828,0.042159,0.058756,0.399028,0.399028,0.256917,0.406458,12.541223,30.818414,17596,390933,3600.000000,64,31,0,GUROBI,1,0,0,0,0,0,0,1,0,0,0
2,0,Disjunction,64,0.012000,0.072828,0.042089,0.094154,0.336528,0.336528,0.219800,0.361035,25.732311,25.732431,10929,290124,3600.000000,64,31,0,GUROBI,1,0,0,0,0,0,0,1,0,0,0
3,0,Disjunction,64,0.012000,0.072828,0.042089,0.094154,0.336528,0.336528,0.183553,0.344819,26.502237,28.907335,13139,334640,3600.000000,64,31,0,GUROBI,1,0,0,0,0,0,0,1,0,0,0
4,0,Disjunction,64,0.012000,0.072828,0.042089,0.077941,0.336528,0.336528,0.232084,0.383943,23.331576,27.493643,11857,298533,3600.000000,64,31,0,GUROBI,1,0,0,0,0,0,0,1,0,0,0
5,0,Disjunction,64,0.012000,0.072828,0.042089,0.094154,0.336528,0.336528,0.180661,0.338466,25.367934,25.368060,11454,296510,3600.000000,64,31,0,GUROBI,1,0,0,0,0,0,0,1,0,0,0
