instanceIndex,seedIndex,vpcGenerator,terms,lpBound,disjunctiveDualBound,lpBoundPostVpc,rootDualBound,dualBound,primalBound,vpcGenerationTime,rootDualBoundTime,bestSolutionTime,terminationTime,nodes,iterations,maxTime,actualTerms,numCuts,cutLimit,mipSolver,providePrimalBound,infeasibleTerms,feasibleToInfeasibleTerms,infeasibleToFeasibleTerms,termRemainsFeasibleBasisInfeasible,cutsChangedCoefficients,feasibleTermsPrunedByBound,tighten_disjunction,tighten_matrix_perturbation,tighten_infeasible_to_feasible_term,tighten_feasible_to_infeasible_basis
0,0,New,64,20146.761297,20163.840931,20158.170836,20872.311111,21166.000000,21166.000000,1.876758,1.920356,1.876758,1.920572,1,145,3600.000000,73,4,14,GUROBI,1,49,0,0,0,0,0,0,0,0,0
1,0,New,64,12130.452891,12198.155945,12198.155945,17862.000000,17862.000000,17862.000000,0.606419,0.614127,0.606419,0.614909,1,37,3600.000000,64,1,19,GUROBI,1,34,0,0,0,0,0,0,0,0,0
2,0,New,64,12957.250107,13038.506329,13014.998820,17862.000000,17862.000000,17862.000000,0.589337,0.604491,0.589337,0.606493,1,75,3600.000000,68,8,16,GUROBI,1,55,0,0,0,0,0,0,0,0,0
3,0,New,64,12093.880976,12163.586341,12163.586341,17862.000000,17862.000000,17862.000000,0.439675,0.451910,0.439675,0.452699,1,62,3600.000000,66,3,15,GUROBI,1,43,0,0,0,0,0,0,0,0,0
4,0,New,64,18322.630504,18377.324751,18356.969453,19512.989384,19514.000000,19514.000000,0.395264,0.429430,0.395264,0.430110,1,122,3600.000000,72,2,17,GUROBI,1,52,0,0,0,0,0,0,0,0,0
