instanceIndex,seedIndex,vpcGenerator,terms,lpBound,disjunctiveDualBound,lpBoundPostVpc,rootDualBound,dualBound,primalBound,vpcGenerationTime,rootDualBoundTime,bestSolutionTime,terminationTime,nodes,iterations,maxTime,actualTerms,numCuts,cutLimit,mipSolver,providePrimalBound,infeasibleTerms,feasibleToInfeasibleTerms,infeasibleToFeasibleTerms,termRemainsFeasibleBasisInfeasible,cutsChangedCoefficients,feasibleTermsPrunedByBound,tighten_disjunction,tighten_matrix_perturbation,tighten_infeasible_to_feasible_term,tighten_feasible_to_infeasible_basis
0,0,New,64,20146.761297,20163.840931,20158.170836,20875.892683,21166.000000,21166.000000,2.060789,2.112586,2.060789,2.112815,1,160,3600.000000,73,4,14,GUROBI,1,49,0,0,0,0,0,0,0,0,0
1,0,NoDisjunction,64,20124.662067,20141.760590,20135.798563,21138.499458,21139.000000,21141.000000,0.093910,0.123311,0.137955,0.138232,51,274,3600.000000,73,4,0,GUROBI,1,49,0,0,0,0,0,0,1,1,1
2,0,NoDisjunction,64,20134.522163,20152.334901,20146.542843,20874.608342,21147.000000,21148.000000,0.093034,0.128512,0.135170,0.135521,19,207,3600.000000,73,4,0,GUROBI,1,49,0,0,0,0,0,0,1,1,1
3,0,NoDisjunction,64,20145.082726,20162.840931,20156.492265,20871.142055,21162.000000,21162.999502,0.083597,0.137767,0.217775,0.218237,310,1380,3600.000000,73,4,0,GUROBI,1,49,0,0,0,0,0,0,1,1,1
4,0,NoDisjunction,64,20144.494143,20161.502858,20155.907514,21155.967347,21157.000000,21158.000000,0.093407,0.124265,0.191010,0.191481,294,1097,3600.000000,73,4,0,GUROBI,1,49,0,0,0,0,0,0,1,1,1
