instanceIndex,seedIndex,vpcGenerator,terms,lpBound,disjunctiveDualBound,lpBoundPostVpc,rootDualBound,dualBound,primalBound,vpcGenerationTime,rootDualBoundTime,bestSolutionTime,terminationTime,nodes,iterations,maxTime,actualTerms,numCuts,cutLimit,mipSolver,providePrimalBound,infeasibleTerms,feasibleToInfeasibleTerms,infeasibleToFeasibleTerms,termRemainsFeasibleBasisInfeasible,cutsChangedCoefficients,feasibleTermsPrunedByBound,tighten_disjunction,tighten_matrix_perturbation,tighten_infeasible_to_feasible_term,tighten_feasible_to_infeasible_basis
0,0,New,4,20146.761297,20163.257804,20163.257804,20872.311111,21166.000000,21166.000000,0.359394,0.465238,0.359394,0.465448,1,146,3600.000000,4,3,14,GUROBI,1,0,0,0,0,0,0,0,0,0,0
1,0,Disjunction,4,25421.279160,25421.279160,25421.279160,26593.201455,26975.000000,26975.000000,0.003606,0.155495,0.259794,0.630272,523,1502,3600.000000,4,3,0,GUROBI,1,0,0,0,4,0,0,1,0,0,0
2,0,Disjunction,4,19760.225926,19770.904133,19770.904133,20669.175571,21166.000000,21166.000000,0.003072,0.182942,0.003072,0.185826,3,235,3600.000000,4,3,0,GUROBI,1,0,0,0,4,0,0,1,0,0,0
3,0,Disjunction,4,20701.821619,20701.821619,20701.821619,21143.837969,21166.000000,21166.000000,0.003440,0.056169,0.003440,0.056783,1,115,3600.000000,4,3,0,GUROBI,1,0,0,0,4,0,0,1,0,0,0
4,0,Disjunction,4,20418.980330,20435.476836,20418.980330,20864.998495,21166.000000,21166.000000,0.003234,0.041931,0.003234,0.043846,1,88,3600.000000,4,3,0,GUROBI,1,0,0,0,4,0,0,1,0,0,0
