instanceIndex,seedIndex,vpcGenerator,terms,lpBound,disjunctiveDualBound,lpBoundPostVpc,rootDualBound,dualBound,primalBound,vpcGenerationTime,rootDualBoundTime,bestSolutionTime,terminationTime,nodes,iterations,maxTime,actualTerms,numCuts,cutLimit,mipSolver,providePrimalBound,infeasibleTerms,feasibleToInfeasibleTerms,infeasibleToFeasibleTerms,termRemainsFeasibleBasisInfeasible,cutsChangedCoefficients,feasibleTermsPrunedByBound,tighten_disjunction,tighten_matrix_perturbation,tighten_infeasible_to_feasible_term,tighten_feasible_to_infeasible_basis
0,0,New,64,20146.761297,20163.840931,20158.170836,20872.311111,21166.000000,21166.000000,0.971509,1.109836,0.971509,1.110055,1,184,3600.000000,73,4,14,GUROBI,1,49,0,0,0,0,0,0,0,0,0
1,0,Term,64,20124.662067,20141.760590,20135.798563,21138.499458,21139.000000,21141.000000,0.091828,0.147000,0.205207,0.205505,51,274,3600.000000,73,4,0,GUROBI,1,49,0,0,0,0,0,0,0,1,0
2,0,Term,64,20134.522163,20152.334901,20146.542843,20874.641465,21147.000000,21148.000000,0.090181,0.191093,0.205169,0.229267,17,235,3600.000000,73,4,0,GUROBI,1,49,0,0,0,0,0,0,0,1,0
3,0,Term,64,20145.082726,20162.840931,20156.492265,20871.142057,21162.000000,21162.999502,0.083822,0.181293,0.397796,0.398361,382,1337,3600.000000,73,4,0,GUROBI,1,49,0,0,0,0,0,0,0,1,0
4,0,Term,64,20144.494143,20161.502858,20155.907514,21155.967347,21157.000000,21157.000000,0.088391,0.141200,0.596730,0.597114,524,1911,3600.000000,73,4,0,GUROBI,1,49,0,0,0,0,0,0,0,1,0
