instanceIndex,seedIndex,vpcGenerator,terms,lpBound,disjunctiveDualBound,lpBoundPostVpc,rootDualBound,dualBound,primalBound,vpcGenerationTime,rootDualBoundTime,bestSolutionTime,terminationTime,nodes,iterations,maxTime,actualTerms,numCuts,cutLimit,mipSolver,providePrimalBound,infeasibleTerms,feasibleToInfeasibleTerms,infeasibleToFeasibleTerms,termRemainsFeasibleBasisInfeasible,cutsChangedCoefficients,feasibleTermsPrunedByBound,tighten_disjunction,tighten_matrix_perturbation,tighten_infeasible_to_feasible_term,tighten_feasible_to_infeasible_basis
0,0,New,64,20146.761297,20163.840931,20158.170836,20872.311111,21166.000000,21166.000000,1.871762,1.918106,1.871762,1.918328,1,158,3600.000000,73,4,14,GUROBI,1,49,0,0,0,0,0,0,0,0,0
1,0,Farkas,64,20130.842976,20147.970996,20140.986711,21118.307239,21118.999465,21118.999465,0.098713,0.135066,0.139387,0.139822,10,175,3600.000000,73,4,0,GUROBI,1,49,0,0,0,0,0,0,0,0,0
2,0,Farkas,64,20098.782899,20114.486609,20107.923846,21067.748325,21095.000000,21097.000000,0.098450,0.134792,0.142113,0.142492,19,190,3600.000000,73,4,0,GUROBI,1,49,0,0,0,0,0,0,0,0,0
3,0,Farkas,64,20096.311204,20111.434285,20106.877758,20862.621349,21109.000000,21109.999461,0.095357,0.150834,0.155458,0.155838,6,227,3600.000000,73,4,0,GUROBI,1,49,0,0,0,0,0,0,0,0,0
4,0,Farkas,64,20111.210789,20128.597917,20122.200702,21103.500000,21105.000000,21105.000000,0.096929,0.125760,0.096929,0.126243,1,109,3600.000000,73,4,0,GUROBI,1,49,0,0,0,0,0,0,0,0,0
