instanceIndex,seedIndex,vpcGenerator,terms,lpBound,disjunctiveDualBound,lpBoundPostVpc,rootDualBound,dualBound,primalBound,vpcGenerationTime,rootDualBoundTime,bestSolutionTime,terminationTime,nodes,iterations,maxTime,actualTerms,numCuts,cutLimit,mipSolver,providePrimalBound,infeasibleTerms,feasibleToInfeasibleTerms,infeasibleToFeasibleTerms,termRemainsFeasibleBasisInfeasible,cutsChangedCoefficients,feasibleTermsPrunedByBound,tighten_disjunction,tighten_matrix_perturbation,tighten_infeasible_to_feasible_term,tighten_feasible_to_infeasible_basis
0,0,New,4,20146.761297,20163.257804,20163.257804,20872.734050,21166.000000,21166.000000,0.332966,0.446433,0.332966,0.446646,1,151,3600.000000,4,3,14,GUROBI,1,0,0,0,0,0,0,0,0,0,0
1,0,Disjunction,4,20130.842976,20145.509318,20145.509318,21118.307219,21119.000000,21119.000000,0.004104,0.092240,0.366385,0.366839,433,1691,3600.000000,4,3,0,GUROBI,1,0,0,0,0,0,0,1,0,0,0
2,0,Disjunction,4,20098.782899,20111.999357,20111.999357,21067.134086,21095.000000,21097.000000,0.004210,0.080522,0.125082,0.125427,26,218,3600.000000,4,3,0,GUROBI,1,0,0,0,0,0,0,1,0,0,0
3,0,Disjunction,4,20096.311204,20111.434285,20111.434285,20849.264441,21108.000000,21110.000000,0.003809,0.095261,0.225477,0.225702,163,680,3600.000000,4,3,0,GUROBI,1,0,0,0,0,0,0,1,0,0,0
4,0,Disjunction,4,20111.210789,20126.348584,20126.348584,21103.500000,21105.000000,21105.000000,0.004138,0.062314,0.004138,0.086763,1,108,3600.000000,4,3,0,GUROBI,1,0,0,0,0,0,0,1,0,0,0
