instanceIndex,seedIndex,vpcGenerator,terms,lpBound,disjunctiveDualBound,lpBoundPostVpc,rootDualBound,dualBound,primalBound,vpcGenerationTime,rootDualBoundTime,bestSolutionTime,terminationTime,nodes,iterations,maxTime,actualTerms,numCuts,cutLimit,mipSolver,providePrimalBound,infeasibleTerms,feasibleToInfeasibleTerms,infeasibleToFeasibleTerms,termRemainsFeasibleBasisInfeasible,cutsChangedCoefficients,feasibleTermsPrunedByBound,tighten_disjunction,tighten_matrix_perturbation,tighten_infeasible_to_feasible_term,tighten_feasible_to_infeasible_basis
0,0,New,64,20146.761297,20163.840931,20158.170836,20872.311111,21166.000000,21166.000000,0.959143,1.077565,0.959143,1.077792,1,197,3600.000000,73,4,14,GUROBI,1,49,0,0,0,0,0,0,0,0,0
1,0,Matrix,64,12130.452891,12130.452891,12130.452891,17862.000000,17862.000000,17862.000000,0.112109,0.136921,0.112109,0.138759,1,55,3600.000000,73,4,0,GUROBI,1,7,1,43,23,4,0,0,1,0,0
2,0,Matrix,64,12957.250107,12964.992068,12957.250107,17862.000000,17862.000000,17862.000000,0.132275,0.154382,0.132275,0.157737,1,73,3600.000000,73,4,0,GUROBI,1,22,0,27,24,4,0,0,1,0,0
3,0,Matrix,64,12093.880976,12093.880976,12093.880976,17862.000000,17862.000000,17862.000000,0.122996,0.130744,0.122996,0.133830,1,87,3600.000000,73,4,0,GUROBI,1,28,3,24,21,4,0,0,1,0,0
4,0,Matrix,64,18322.630504,18374.266622,18352.516678,19513.013651,19514.000000,19514.000000,0.112080,0.203787,0.112080,0.206777,1,134,3600.000000,73,4,0,GUROBI,1,70,21,0,3,4,0,0,1,0,0
