instanceIndex,seedIndex,vpcGenerator,terms,lpBound,disjunctiveDualBound,lpBoundPostVpc,rootDualBound,dualBound,primalBound,vpcGenerationTime,rootDualBoundTime,bestSolutionTime,terminationTime,nodes,iterations,maxTime,actualTerms,numCuts,cutLimit,mipSolver,providePrimalBound,infeasibleTerms,feasibleToInfeasibleTerms,infeasibleToFeasibleTerms,termRemainsFeasibleBasisInfeasible,cutsChangedCoefficients,feasibleTermsPrunedByBound,tighten_disjunction,tighten_matrix_perturbation,tighten_infeasible_to_feasible_term,tighten_feasible_to_infeasible_basis
0,0,New,64,20146.761297,20163.840931,20158.170836,20872.311111,21166.000000,21166.000000,2.000682,2.044363,2.000682,2.044576,1,144,3600.000000,73,4,14,GUROBI,1,49,0,0,0,0,0,0,0,0,0
1,0,Matrix,64,25421.279160,25665.693351,25421.279160,26601.378230,26974.000000,26975.000000,0.085399,0.148349,0.212864,0.261723,453,1429,3600.000000,73,4,0,GUROBI,1,33,3,19,21,0,0,0,1,0,0
2,0,Matrix,64,19760.225926,19770.904133,19760.225926,20661.369027,21166.000000,21166.000000,0.076618,0.135959,0.076618,0.139306,3,220,3600.000000,73,4,0,GUROBI,1,39,0,10,24,0,0,0,1,0,0
3,0,Matrix,64,20701.821619,20747.644905,20743.625132,21143.837969,21166.000000,21166.000000,0.081002,0.106149,0.081002,0.106964,1,119,3600.000000,73,4,0,GUROBI,1,49,0,0,24,0,0,0,1,0,0
4,0,Matrix,64,20418.980330,20435.476836,20418.980330,20865.886667,21166.000000,21166.000000,0.078861,0.100190,0.078861,0.101225,1,108,3600.000000,73,4,0,GUROBI,1,50,1,0,23,0,0,0,1,0,0
