instanceIndex,seedIndex,vpcGenerator,terms,lpBound,disjunctiveDualBound,lpBoundPostVpc,rootDualBound,dualBound,primalBound,vpcGenerationTime,rootDualBoundTime,bestSolutionTime,terminationTime,nodes,iterations,maxTime,actualTerms,numCuts,cutLimit,mipSolver,providePrimalBound,infeasibleTerms,feasibleToInfeasibleTerms,infeasibleToFeasibleTerms,termRemainsFeasibleBasisInfeasible,cutsChangedCoefficients,feasibleTermsPrunedByBound,tighten_disjunction,tighten_matrix_perturbation,tighten_infeasible_to_feasible_term,tighten_feasible_to_infeasible_basis
0,0,New,4,-1197.250000,-1197.250000,-1197.250000,-1171.827586,-1167.000000,-1167.000000,1.335074,2.108597,2.677392,2.677670,130,2939,3600.000000,4,8,49,GUROBI,1,0,0,0,0,0,0,0,0,0,0
1,0,New,4,-1200.916667,-1200.916667,-1200.916667,-1173.277027,-1166.000000,-1166.000000,3.980453,4.783661,5.548708,5.734953,237,4077,3600.000000,13,32,60,GUROBI,1,11,0,0,0,0,0,0,0,0,0
2,0,New,4,-1191.125000,-1191.125000,-1191.125000,-1161.714193,-1159.000000,-1159.000000,3.150227,4.037800,4.436146,4.453353,69,2011,3600.000000,15,20,66,GUROBI,1,13,0,0,0,0,0,0,0,0,0
3,0,New,4,-1199.588235,-1196.902778,-1196.902778,-1172.375000,-1169.000000,-1169.000000,1.211399,2.025197,2.053488,2.114990,15,1229,3600.000000,10,6,50,GUROBI,1,8,0,0,0,0,0,0,0,0,0
4,0,New,4,-1192.455556,-1190.286924,-1190.286924,-1154.505952,-1153.000000,-1153.000000,1.123548,1.932537,1.971315,1.992550,14,1356,3600.000000,14,2,64,GUROBI,1,12,0,0,0,0,0,0,0,0,0
5,0,New,4,-1197.250000,-1197.250000,-1197.250000,-1170.372788,-1161.500000,-1161.500000,1.819566,2.581721,2.881872,3.119876,149,3271,3600.000000,11,18,49,GUROBI,1,9,0,0,0,0,0,0,0,0,0
