instanceIndex,seedIndex,vpcGenerator,terms,lpBound,disjunctiveDualBound,lpBoundPostVpc,rootDualBound,dualBound,primalBound,vpcGenerationTime,rootDualBoundTime,bestSolutionTime,terminationTime,nodes,iterations,maxTime,actualTerms,numCuts,cutLimit,mipSolver,providePrimalBound,infeasibleTerms,feasibleToInfeasibleTerms,infeasibleToFeasibleTerms,termRemainsFeasibleBasisInfeasible,cutsChangedCoefficients,feasibleTermsPrunedByBound,tighten_disjunction,tighten_matrix_perturbation,tighten_infeasible_to_feasible_term,tighten_feasible_to_infeasible_basis
0,0,New,64,-1197.250000,-1196.750000,-1197.250000,-1171.987531,-1167.000000,-1167.000000,16.628038,17.377899,18.042780,18.173062,137,3174,3600.000000,71,29,49,GUROBI,1,63,0,0,0,0,0,0,0,0,0
1,0,Basis,64,-1200.916667,-1200.750000,-1200.916667,-1173.347973,-1166.000000,-1166.000000,3.142182,3.923099,4.378979,4.581754,159,3149,3600.000000,71,29,0,GUROBI,1,63,0,0,7,28,0,0,0,0,1
2,0,Basis,64,-1191.125000,-1190.646277,-1191.125000,-1162.531943,-1159.000000,-1159.000000,1.726261,2.520269,3.450470,3.453137,169,3630,3600.000000,71,29,0,GUROBI,1,63,0,0,8,29,0,0,0,0,1
3,0,Basis,64,-1199.588235,-1199.166667,-1199.588235,-1171.643614,-1169.000000,-1169.000000,2.757996,3.729807,3.819078,3.840991,16,1263,3600.000000,71,29,0,GUROBI,1,63,0,0,6,29,0,0,0,0,1
4,0,Basis,64,-1192.455556,-1192.138240,-1192.455556,-1154.391134,-1153.000000,-1153.000000,1.272794,2.361468,2.885202,2.886823,75,2731,3600.000000,71,29,0,GUROBI,1,63,0,0,8,29,0,0,0,0,1
5,0,Basis,64,-1197.250000,-1196.750000,-1197.250000,-1169.585887,-1161.500000,-1161.500000,1.111176,1.888176,2.697690,2.698112,174,4098,3600.000000,71,29,0,GUROBI,1,63,0,0,1,28,0,0,0,0,1
