instanceIndex,seedIndex,vpcGenerator,terms,lpBound,disjunctiveDualBound,lpBoundPostVpc,rootDualBound,dualBound,primalBound,vpcGenerationTime,rootDualBoundTime,bestSolutionTime,terminationTime,nodes,iterations,maxTime,actualTerms,numCuts,cutLimit,mipSolver,providePrimalBound,infeasibleTerms,feasibleToInfeasibleTerms,infeasibleToFeasibleTerms,termRemainsFeasibleBasisInfeasible,cutsChangedCoefficients,feasibleTermsPrunedByBound,tighten_disjunction,tighten_matrix_perturbation,tighten_infeasible_to_feasible_term,tighten_feasible_to_infeasible_basis
0,0,New,4,-1197.250000,-1197.250000,-1197.250000,-1172.359240,-1167.000000,-1167.000000,0.869492,1.297439,1.507133,1.507262,70,2029,3600.000000,4,8,49,GUROBI,1,0,0,0,0,0,0,0,0,0,0
1,0,Basis,4,-1034.170139,-1033.986111,-1034.170139,-1007.952989,-1002.000000,-1002.000000,0.034478,0.677810,1.135824,1.139917,139,2819,3600.000000,4,8,0,GUROBI,1,0,0,0,0,0,0,0,0,0,1
2,0,Basis,4,-1059.378968,-1059.378968,-1059.378968,-1036.911098,-1030.000000,-1030.000000,0.035595,0.844039,3.017083,3.024001,565,8700,3600.000000,4,8,0,GUROBI,1,0,0,0,0,0,0,0,0,0,1
3,0,Basis,4,-1356.991898,-1356.991898,-1356.991898,-1327.936973,-1325.000000,-1325.000000,0.041918,0.793105,1.144051,1.145691,95,2510,3600.000000,4,8,0,GUROBI,1,0,0,0,0,0,0,0,0,0,1
4,0,Basis,4,-1062.006614,-1062.006614,-1062.006614,-1029.169217,-1023.500000,-1023.500000,0.023559,0.669506,1.600840,1.653938,492,9966,3600.000000,4,8,0,GUROBI,1,0,0,0,0,0,0,0,0,0,1
