instanceIndex,seedIndex,vpcGenerator,terms,lpBound,disjunctiveDualBound,lpBoundPostVpc,rootDualBound,dualBound,primalBound,vpcGenerationTime,rootDualBoundTime,bestSolutionTime,terminationTime,nodes,iterations,maxTime,actualTerms,numCuts,cutLimit,mipSolver,providePrimalBound,infeasibleTerms,feasibleToInfeasibleTerms,infeasibleToFeasibleTerms,termRemainsFeasibleBasisInfeasible,cutsChangedCoefficients,feasibleTermsPrunedByBound,tighten_disjunction,tighten_matrix_perturbation,tighten_infeasible_to_feasible_term,tighten_feasible_to_infeasible_basis
0,0,New,64,-1197.250000,-1196.750000,-1197.250000,-1172.131579,-1167.000000,-1167.000000,16.603171,17.441059,19.222417,19.274298,500,8021,3600.000000,71,29,49,GUROBI,1,63,0,0,0,0,0,0,0,0,0
1,0,Farkas,64,-1215.194318,-1215.194318,-1215.194318,-1143.321202,-1139.000000,-1139.000000,4.610846,5.384326,5.793469,5.914788,118,3327,3600.000000,71,29,0,GUROBI,1,67,4,0,4,29,0,0,0,0,0
2,0,Farkas,64,-1180.627146,-1174.077708,-1180.627146,-1040.571914,-1030.000000,-1030.000000,4.570298,5.549208,6.362565,6.472193,250,8054,3600.000000,71,29,0,GUROBI,1,53,0,10,8,29,0,0,0,0,0
3,0,Farkas,64,-1204.952053,-1204.669597,-1204.952053,-1114.040758,-1114.000000,-1114.000000,3.275796,3.881386,3.884164,3.886330,1,912,3600.000000,71,29,0,GUROBI,1,63,0,0,8,29,0,0,0,0,0
4,0,Farkas,64,-1208.203124,-1202.892490,-1208.203124,-1104.637421,-1092.000000,-1092.000000,2.937420,3.842821,10.189183,10.595437,961,24683,3600.000000,71,29,0,GUROBI,1,63,0,0,8,29,0,0,0,0,0
