instanceIndex,seedIndex,vpcGenerator,terms,lpBound,disjunctiveDualBound,lpBoundPostVpc,rootDualBound,dualBound,primalBound,vpcGenerationTime,rootDualBoundTime,bestSolutionTime,terminationTime,nodes,iterations,maxTime,actualTerms,numCuts,cutLimit,mipSolver,providePrimalBound,infeasibleTerms,feasibleToInfeasibleTerms,infeasibleToFeasibleTerms,termRemainsFeasibleBasisInfeasible,cutsChangedCoefficients,feasibleTermsPrunedByBound,tighten_disjunction,tighten_matrix_perturbation,tighten_infeasible_to_feasible_term,tighten_feasible_to_infeasible_basis
0,0,New,4,-1197.250000,-1197.250000,-1197.250000,-1171.987531,-1167.000000,-1167.000000,0.833360,1.291471,1.656374,1.723193,137,3174,3600.000000,4,8,49,GUROBI,1,0,0,0,0,0,0,0,0,0,0
1,0,Basis,4,-1200.916667,-1200.916667,-1200.916667,-1173.347973,-1166.000000,-1166.000000,0.018389,0.536636,1.012382,1.106007,233,3908,3600.000000,4,8,0,GUROBI,1,0,0,0,4,5,0,0,0,0,1
2,0,Basis,4,-1191.125000,-1190.646277,-1191.125000,-1162.062018,-1159.000000,-1159.000000,0.026668,0.551350,0.841270,0.841982,123,3163,3600.000000,4,8,0,GUROBI,1,0,0,0,4,8,0,0,0,0,1
3,0,Basis,4,-1199.588235,-1199.588235,-1199.588235,-1172.235949,-1169.000000,-1169.000000,0.018557,0.615500,0.809487,0.828524,173,3341,3600.000000,4,8,0,GUROBI,1,0,0,0,4,8,0,0,0,0,1
4,0,Basis,4,-1192.455556,-1192.455556,-1192.455556,-1154.391134,-1153.000000,-1153.000000,0.023135,0.806960,1.111986,1.112730,75,2731,3600.000000,4,8,0,GUROBI,1,0,0,0,4,8,0,0,0,0,1
5,0,Basis,4,-1197.250000,-1197.250000,-1197.250000,-1169.585887,-1161.500000,-1161.500000,0.062902,0.493890,0.949976,0.950116,174,4098,3600.000000,4,8,0,GUROBI,1,0,0,0,1,5,0,0,0,0,1
