instanceIndex,seedIndex,vpcGenerator,terms,lpBound,disjunctiveDualBound,lpBoundPostVpc,rootDualBound,dualBound,primalBound,vpcGenerationTime,rootDualBoundTime,bestSolutionTime,terminationTime,nodes,iterations,maxTime,actualTerms,numCuts,cutLimit,mipSolver,providePrimalBound,infeasibleTerms,feasibleToInfeasibleTerms,infeasibleToFeasibleTerms,termRemainsFeasibleBasisInfeasible,cutsChangedCoefficients,feasibleTermsPrunedByBound,tighten_disjunction,tighten_matrix_perturbation,tighten_infeasible_to_feasible_term,tighten_feasible_to_infeasible_basis
0,0,New,4,-1197.250000,-1197.250000,-1197.250000,-1172.776389,-1167.000000,-1167.000000,1.323015,2.100039,6.449188,6.556329,586,9980,3600.000000,4,8,49,GUROBI,1,0,0,0,0,0,0,0,0,0,0
1,0,NoDisjunction,4,-1034.170139,-1033.986111,-1034.170139,-1009.602577,-1002.000000,-1002.000000,0.049526,0.894841,1.754454,1.941123,201,4368,3600.000000,4,8,0,GUROBI,1,0,0,0,0,0,0,0,1,1,1
2,0,NoDisjunction,4,-1059.378968,-1059.378968,-1059.378968,-1036.976645,-1030.000000,-1030.000000,0.050283,0.789730,1.989487,2.170061,436,6581,3600.000000,4,8,0,GUROBI,1,0,0,0,0,0,0,0,1,1,1
3,0,NoDisjunction,4,-1356.991898,-1356.991898,-1356.991898,-1328.416197,-1325.000000,-1325.000000,0.050759,1.012406,2.492238,2.492503,205,4345,3600.000000,4,8,0,GUROBI,1,0,0,0,0,0,0,0,1,1,1
4,0,NoDisjunction,4,-1062.006614,-1062.006614,-1062.006614,-1029.583250,-1023.500000,-1023.500000,0.044680,0.800807,1.472650,1.966989,397,8390,3600.000000,4,8,0,GUROBI,1,0,0,0,0,0,0,0,1,1,1
