instanceIndex,seedIndex,vpcGenerator,terms,lpBound,disjunctiveDualBound,lpBoundPostVpc,rootDualBound,dualBound,primalBound,vpcGenerationTime,rootDualBoundTime,bestSolutionTime,terminationTime,nodes,iterations,maxTime,actualTerms,numCuts,cutLimit,mipSolver,providePrimalBound,infeasibleTerms,feasibleToInfeasibleTerms,infeasibleToFeasibleTerms,termRemainsFeasibleBasisInfeasible,cutsChangedCoefficients,feasibleTermsPrunedByBound,tighten_disjunction,tighten_matrix_perturbation,tighten_infeasible_to_feasible_term,tighten_feasible_to_infeasible_basis
0,0,New,64,-1197.250000,-1196.750000,-1197.250000,-1171.806242,-1167.000000,-1167.000000,10.977946,11.559933,11.861734,11.893398,76,2233,3600.000000,71,29,49,GUROBI,1,63,0,0,0,0,0,0,0,0,0
1,0,Matrix,64,-1215.194318,-1215.194318,-1215.194318,-1143.909114,-1139.000000,-1139.000000,3.133066,3.695119,6.404411,6.436274,625,12213,3600.000000,71,29,0,GUROBI,1,67,4,0,4,29,0,0,1,0,0
2,0,Matrix,64,-1180.627146,-1174.077708,-1180.627146,-1040.685187,-1030.000000,-1030.000000,3.537125,4.499248,5.448657,5.448826,314,8985,3600.000000,71,29,0,GUROBI,1,53,0,10,8,29,0,0,1,0,0
3,0,Matrix,64,-1204.952053,-1204.669597,-1204.952053,-1114.076441,-1114.000000,-1114.000000,2.334742,2.664224,2.666401,2.668084,1,845,3600.000000,71,29,0,GUROBI,1,63,0,0,8,29,0,0,1,0,0
4,0,Matrix,64,-1208.203124,-1202.892490,-1208.203124,-1104.790625,-1092.000000,-1092.000000,2.382715,3.107050,3.838057,4.653774,587,14584,3600.000000,71,29,0,GUROBI,1,63,0,0,8,29,0,0,1,0,0
