instanceIndex,seedIndex,vpcGenerator,terms,lpBound,disjunctiveDualBound,lpBoundPostVpc,rootDualBound,dualBound,primalBound,vpcGenerationTime,rootDualBoundTime,bestSolutionTime,terminationTime,nodes,iterations,maxTime,actualTerms,numCuts,cutLimit,mipSolver,providePrimalBound,infeasibleTerms,feasibleToInfeasibleTerms,infeasibleToFeasibleTerms,termRemainsFeasibleBasisInfeasible,cutsChangedCoefficients,feasibleTermsPrunedByBound,tighten_disjunction,tighten_matrix_perturbation,tighten_infeasible_to_feasible_term,tighten_feasible_to_infeasible_basis
0,0,None,64,22640.366278,22640.366278,22640.366278,32077.488906,32906.881005,32906.880834,0.000010,2.447504,12.693899,12.758830,742,18748,3600.000000,0,0,0,GUROBI,1,0,0,0,0,0,0,0,0,0,0
1,0,None,64,22889.023577,22889.023577,22889.023577,32193.888444,32961.550494,32961.732505,0.000002,2.446468,17.968897,17.992248,642,16384,3600.000000,0,0,0,GUROBI,1,0,0,0,0,0,0,0,0,0,0
2,0,None,64,22213.817334,22213.817334,22213.817334,31809.769209,32666.780861,32666.780690,0.000002,2.689044,26.113182,26.115063,1244,34124,3600.000000,0,0,0,GUROBI,1,0,0,0,0,0,0,0,0,0,0
3,0,None,64,21414.479094,21414.479094,21414.479094,30772.695870,31711.493640,31711.493464,0.000003,2.556392,9.005663,9.008192,587,13446,3600.000000,0,0,0,GUROBI,1,0,0,0,0,0,0,0,0,0,0
4,0,None,64,22378.119536,22378.119536,22378.119536,31940.695788,32596.628575,32596.628410,0.000003,2.389690,4.980810,6.987876,558,11114,3600.000000,0,0,0,GUROBI,1,0,0,0,0,0,0,0,0,0,0
