instanceIndex,seedIndex,vpcGenerator,terms,lpBound,disjunctiveDualBound,lpBoundPostVpc,rootDualBound,dualBound,primalBound,vpcGenerationTime,rootDualBoundTime,bestSolutionTime,terminationTime,nodes,iterations,maxTime,actualTerms,numCuts,cutLimit,mipSolver,providePrimalBound,infeasibleTerms,feasibleToInfeasibleTerms,infeasibleToFeasibleTerms,termRemainsFeasibleBasisInfeasible,cutsChangedCoefficients,feasibleTermsPrunedByBound,tighten_disjunction,tighten_matrix_perturbation,tighten_infeasible_to_feasible_term,tighten_feasible_to_infeasible_basis
0,0,New,64,22640.366278,23457.257023,23201.763475,32150.673582,32906.881005,32906.880834,13.002815,15.057417,25.418377,25.434585,700,20647,3600.000000,107,4,63,GUROBI,1,99,0,0,0,0,0,0,0,0,0
1,0,New,64,22182.805800,22977.373664,22216.835695,32102.892183,33417.939647,33420.677826,8.466594,10.710979,67.284760,69.773136,5206,148948,3600.000000,114,2,61,GUROBI,1,112,0,0,0,0,0,0,0,0,0
2,0,New,64,20477.539698,21781.965955,20495.645017,29913.808258,30945.418502,30945.418340,12.883591,14.516475,25.132634,25.150377,964,32309,3600.000000,161,3,64,GUROBI,1,159,0,0,0,0,0,0,0,0,0
3,0,New,64,20853.322439,23352.831159,22060.152897,30122.082666,30984.065148,30984.064987,82.227108,83.930012,94.332609,96.413956,1436,40767,3600.000000,232,23,78,GUROBI,1,223,0,0,0,0,0,0,0,0,0
