instanceIndex,seedIndex,vpcGenerator,terms,lpBound,disjunctiveDualBound,lpBoundPostVpc,rootDualBound,dualBound,primalBound,vpcGenerationTime,rootDualBoundTime,bestSolutionTime,terminationTime,nodes,iterations,maxTime,actualTerms,numCuts,cutLimit,mipSolver,providePrimalBound,infeasibleTerms,feasibleToInfeasibleTerms,infeasibleToFeasibleTerms,termRemainsFeasibleBasisInfeasible,cutsChangedCoefficients,feasibleTermsPrunedByBound,tighten_disjunction,tighten_matrix_perturbation,tighten_infeasible_to_feasible_term,tighten_feasible_to_infeasible_basis
0,0,None,64,3666028.211736,3666028.211736,3666028.211736,3673280.681685,3673280.681685,3673280.681685,0.000003,0.042390,0.000003,0.045915,1,705,3600.000000,0,0,0,GUROBI,1,0,0,0,0,0,0,0,0,0,0
1,0,None,64,3666269.028797,3666269.028797,3666269.028797,3673382.422253,3673382.422253,3673382.422253,0.000003,0.043502,0.000003,0.047589,1,700,3600.000000,0,0,0,GUROBI,1,0,0,0,0,0,0,0,0,0,0
2,0,None,64,3665899.217572,3665899.217572,3665899.217572,3672727.501751,3672736.082633,3672765.919597,0.000004,0.059876,0.000004,0.061082,1,702,3600.000000,0,0,0,GUROBI,1,0,0,0,0,0,0,0,0,0,0
3,0,None,64,3666026.329457,3666026.329457,3666026.329457,3673122.584217,3673122.584217,3673122.584217,0.000003,0.048480,0.000003,0.052596,1,728,3600.000000,0,0,0,GUROBI,1,0,0,0,0,0,0,0,0,0,0
4,0,None,64,3665852.023867,3665852.023867,3665852.023867,3673090.681685,3673090.681685,3673090.681685,0.000003,0.045764,0.000003,0.050234,1,713,3600.000000,0,0,0,GUROBI,1,0,0,0,0,0,0,0,0,0,0
5,0,None,64,3666105.164482,3666105.164482,3666105.164482,3673244.828221,3673244.828221,3673244.828221,0.000003,0.048185,0.000003,0.053496,1,745,3600.000000,0,0,0,GUROBI,1,0,0,0,0,0,0,0,0,0,0
6,0,None,64,3665579.301753,3665579.301753,3665579.301753,3672603.217601,3672603.217601,3672603.217601,0.000003,0.047533,0.000003,0.052653,1,732,3600.000000,0,0,0,GUROBI,1,0,0,0,0,0,0,0,0,0,0
7,0,None,64,3665408.693473,3665408.693473,3665408.693473,3672528.503653,3672528.503653,3672528.503653,0.000003,0.041997,0.000003,0.045668,1,689,3600.000000,0,0,0,GUROBI,1,0,0,0,0,0,0,0,0,0,0
