instanceIndex,seedIndex,vpcGenerator,terms,lpBound,disjunctiveDualBound,lpBoundPostVpc,rootDualBound,dualBound,primalBound,vpcGenerationTime,rootDualBoundTime,bestSolutionTime,terminationTime,nodes,iterations,maxTime,actualTerms,numCuts,cutLimit,mipSolver,providePrimalBound,infeasibleTerms,feasibleToInfeasibleTerms,infeasibleToFeasibleTerms,termRemainsFeasibleBasisInfeasible,cutsChangedCoefficients,feasibleTermsPrunedByBound,tighten_disjunction,tighten_matrix_perturbation,tighten_infeasible_to_feasible_term,tighten_feasible_to_infeasible_basis
0,0,New,4,3666028.211736,3666030.091606,3666029.531667,3673280.681685,3673280.681685,3673280.681685,2.628839,2.688281,2.628839,2.699455,1,705,3600.000000,4,35,254,GUROBI,1,0,0,0,0,0,0,0,0,0,0
1,0,Disjunction,4,3666269.028797,3666269.028797,3666269.028797,3673382.422253,3673382.422253,3673382.422253,0.031267,0.092897,0.031267,0.103081,1,698,3600.000000,4,35,0,GUROBI,1,0,0,0,0,0,0,1,0,0,0
2,0,Disjunction,4,3665899.217572,3665899.217572,3665899.217572,3672727.501751,3672736.082633,3672765.919597,0.032870,0.121082,0.032870,0.122555,1,703,3600.000000,4,35,0,GUROBI,1,0,0,0,0,0,0,1,0,0,0
3,0,Disjunction,4,3666026.329457,3666029.871649,3666028.205681,3673122.584217,3673122.584217,3673122.584217,0.032030,0.100831,0.032030,0.112025,1,728,3600.000000,4,35,0,GUROBI,1,0,0,0,0,0,0,1,0,0,0
4,0,Disjunction,4,3665852.023867,3665856.566882,3665854.726153,3673090.681685,3673090.681685,3673090.681685,0.031500,0.097989,0.031500,0.109238,1,710,3600.000000,4,35,0,GUROBI,1,0,0,0,0,0,0,1,0,0,0
5,0,Disjunction,4,3666105.164482,3666105.164482,3666105.164482,3673244.828221,3673244.828221,3673244.828221,0.031511,0.099119,0.031511,0.111288,1,731,3600.000000,4,35,0,GUROBI,1,0,0,0,0,0,0,1,0,0,0
6,0,Disjunction,4,3665579.301753,3665579.301753,3665579.301753,3672603.217601,3672603.217601,3672603.217601,0.032220,0.100716,0.032220,0.112277,1,716,3600.000000,4,35,0,GUROBI,1,0,0,0,0,0,0,1,0,0,0
7,0,Disjunction,4,3665408.693473,3665413.229528,3665411.284223,3672528.503653,3672528.503653,3672528.503653,0.032035,0.091515,0.032035,0.101409,1,689,3600.000000,4,35,0,GUROBI,1,0,0,0,0,0,0,1,0,0,0
