instanceIndex,seedIndex,vpcGenerator,terms,lpBound,disjunctiveDualBound,lpBoundPostVpc,rootDualBound,dualBound,primalBound,vpcGenerationTime,rootDualBoundTime,bestSolutionTime,terminationTime,nodes,iterations,maxTime,actualTerms,numCuts,cutLimit,mipSolver,providePrimalBound,infeasibleTerms,feasibleToInfeasibleTerms,infeasibleToFeasibleTerms,termRemainsFeasibleBasisInfeasible,cutsChangedCoefficients,feasibleTermsPrunedByBound,tighten_disjunction,tighten_matrix_perturbation,tighten_infeasible_to_feasible_term,tighten_feasible_to_infeasible_basis
0,0,New,4,3666028.211736,3666030.091606,3666029.531667,3673280.681685,3673280.681685,3673280.681685,3.700608,3.761314,3.700608,3.772639,1,705,3600.000000,4,35,254,GUROBI,1,0,0,0,0,0,0,0,0,0,0
1,0,NoDisjunction,4,3216516.420118,3216516.420118,3216516.420118,3220186.245059,3220192.145513,3220231.156471,0.093129,0.231554,0.249085,0.249268,13,634,3600.000000,4,35,0,GUROBI,1,0,0,0,4,35,0,0,1,1,1
2,0,NoDisjunction,4,2094806.622154,2094806.622154,2094806.622154,2103420.145263,2104743.091834,2104944.144267,0.146950,0.402873,0.554390,0.594500,163,1213,3600.000000,4,35,0,GUROBI,1,2,2,0,2,33,0,0,1,1,1
3,0,NoDisjunction,4,2855636.236742,2855636.236742,2855636.236742,2867611.369487,2868818.041215,2868988.188144,0.134315,0.342088,0.856330,0.857041,400,3012,3600.000000,4,35,0,GUROBI,1,0,0,0,4,35,0,0,1,1,1
