instanceIndex,seedIndex,vpcGenerator,terms,lpBound,disjunctiveDualBound,lpBoundPostVpc,rootDualBound,dualBound,primalBound,vpcGenerationTime,rootDualBoundTime,bestSolutionTime,terminationTime,nodes,iterations,maxTime,actualTerms,numCuts,cutLimit,mipSolver,providePrimalBound,infeasibleTerms,feasibleToInfeasibleTerms,infeasibleToFeasibleTerms,termRemainsFeasibleBasisInfeasible,cutsChangedCoefficients,feasibleTermsPrunedByBound,tighten_disjunction,tighten_matrix_perturbation,tighten_infeasible_to_feasible_term,tighten_feasible_to_infeasible_basis
0,0,New,4,3666028.211736,3666030.091606,3666029.531667,3673280.681685,3673280.681685,3673280.681685,2.405995,2.447593,2.405995,2.456187,1,705,3600.000000,4,35,254,GUROBI,1,0,0,0,0,0,0,0,0,0,0
1,0,Basis,4,3216516.420118,3216516.420118,3216516.420118,3220186.245059,3220192.145513,3220231.156471,0.069589,0.169624,0.183378,0.183511,13,634,3600.000000,4,35,0,GUROBI,1,0,0,0,4,35,0,0,0,0,1
2,0,Basis,4,2094806.622154,2094806.622154,2094806.622154,2103407.727288,2104762.069975,2104944.144268,0.123162,0.296903,0.472367,0.484660,190,1597,3600.000000,4,35,0,GUROBI,1,2,2,0,2,33,0,0,0,0,1
3,0,Basis,4,2855636.236742,2855636.236742,2855636.236742,2867611.369487,2868818.041215,2868988.188144,0.110665,0.269747,0.669853,0.670441,400,3011,3600.000000,4,35,0,GUROBI,1,0,0,0,4,35,0,0,0,0,1
