instanceIndex,seedIndex,vpcGenerator,terms,lpBound,disjunctiveDualBound,lpBoundPostVpc,rootDualBound,dualBound,primalBound,vpcGenerationTime,rootDualBoundTime,bestSolutionTime,terminationTime,nodes,iterations,maxTime,actualTerms,numCuts,cutLimit,mipSolver,providePrimalBound,infeasibleTerms,feasibleToInfeasibleTerms,infeasibleToFeasibleTerms,termRemainsFeasibleBasisInfeasible,cutsChangedCoefficients,feasibleTermsPrunedByBound,tighten_disjunction,tighten_matrix_perturbation,tighten_infeasible_to_feasible_term,tighten_feasible_to_infeasible_basis
0,0,New,4,3666028.211736,3666030.091606,3666029.531667,3673280.681685,3673280.681685,3673280.681685,2.619685,2.681024,2.619685,2.692111,1,705,3600.000000,4,35,254,GUROBI,1,0,0,0,0,0,0,0,0,0,0
1,0,NoDisjunction,4,3699705.390089,3699705.390089,3699705.390089,3707165.582526,3707197.349176,3707228.267658,0.032139,0.137451,0.032139,0.139019,1,701,3600.000000,4,35,0,GUROBI,1,2,2,0,2,0,0,0,1,1,1
2,0,NoDisjunction,4,3730312.947928,3730312.947928,3730312.947928,3736809.794200,3738130.073463,3738130.073463,0.039014,0.128652,0.039014,0.130620,1,667,3600.000000,4,35,0,GUROBI,1,3,3,0,1,0,0,0,1,1,1
3,0,NoDisjunction,4,3714672.973580,3714672.973580,3714672.973580,3722614.241073,3722690.228682,3722692.303120,0.041822,0.133998,0.041822,0.135839,1,676,3600.000000,4,35,0,GUROBI,1,3,3,0,1,0,0,0,1,1,1
4,0,NoDisjunction,4,3677531.626830,3677531.626830,3677531.626830,3684983.786435,3684983.786435,3684983.786435,0.037837,0.109787,0.037837,0.121277,1,696,3600.000000,4,35,0,GUROBI,1,0,0,0,4,0,0,0,1,1,1
