instanceIndex,seedIndex,vpcGenerator,terms,lpBound,disjunctiveDualBound,lpBoundPostVpc,rootDualBound,dualBound,primalBound,vpcGenerationTime,rootDualBoundTime,bestSolutionTime,terminationTime,nodes,iterations,maxTime,actualTerms,numCuts,cutLimit,mipSolver,providePrimalBound,infeasibleTerms,feasibleToInfeasibleTerms,infeasibleToFeasibleTerms,termRemainsFeasibleBasisInfeasible,cutsChangedCoefficients,feasibleTermsPrunedByBound,tighten_disjunction,tighten_matrix_perturbation,tighten_infeasible_to_feasible_term,tighten_feasible_to_infeasible_basis
0,0,New,64,3666028.211736,3666032.674298,3666032.674298,3673280.681685,3673280.681685,3673280.681685,29.086432,29.367856,29.086432,29.567321,1,705,3600.000000,77,110,254,GUROBI,1,66,0,0,0,0,0,0,0,0,0
1,0,Basis,64,3699705.390089,3699705.390089,3699705.390089,3707165.582526,3707197.349176,3707228.267658,0.489927,0.961588,0.489927,0.962862,1,698,3600.000000,77,110,0,GUROBI,1,73,7,0,4,0,0,0,0,0,1
2,0,Basis,64,3730312.947928,3730312.947928,3730312.947928,3736809.794200,3738130.073463,3738130.073463,0.525783,0.814816,0.525783,0.816278,1,668,3600.000000,77,110,0,GUROBI,1,76,10,0,1,0,0,0,0,0,1
3,0,Basis,64,3714672.973580,3714672.973580,3714672.973580,3722614.241073,3722690.228682,3722692.303120,0.587269,1.074526,0.587269,1.076102,1,676,3600.000000,77,110,0,GUROBI,1,74,9,1,2,0,0,0,0,0,1
4,0,Basis,64,3677531.626830,3677531.626830,3677531.626830,3684983.786435,3684983.786435,3684983.786435,0.536867,0.741430,0.536867,0.924773,1,696,3600.000000,77,110,0,GUROBI,1,64,3,5,8,0,0,0,0,0,1
