instanceIndex,seedIndex,vpcGenerator,terms,lpBound,disjunctiveDualBound,lpBoundPostVpc,rootDualBound,dualBound,primalBound,vpcGenerationTime,rootDualBoundTime,bestSolutionTime,terminationTime,nodes,iterations,maxTime,actualTerms,numCuts,cutLimit,mipSolver,providePrimalBound,infeasibleTerms,feasibleToInfeasibleTerms,infeasibleToFeasibleTerms,termRemainsFeasibleBasisInfeasible,cutsChangedCoefficients,feasibleTermsPrunedByBound,tighten_disjunction,tighten_matrix_perturbation,tighten_infeasible_to_feasible_term,tighten_feasible_to_infeasible_basis
0,0,None,4,3666028.211736,3666028.211736,3666028.211736,3673280.681685,3673280.681685,3673280.681685,0.000003,0.068958,0.000003,0.073632,1,705,3600.000000,0,0,0,GUROBI,1,0,0,0,0,0,0,0,0,0,0
1,0,None,4,3666269.028797,3666269.028797,3666269.028797,3673382.422253,3673382.422253,3673382.422253,0.000002,0.059590,0.000002,0.064621,1,699,3600.000000,0,0,0,GUROBI,1,0,0,0,0,0,0,0,0,0,0
2,0,None,4,3665899.217572,3665899.217572,3665899.217572,3672727.501751,3672736.082633,3672765.919597,0.000004,0.081285,0.000004,0.082714,1,702,3600.000000,0,0,0,GUROBI,1,0,0,0,0,0,0,0,0,0,0
3,0,None,4,3666026.329457,3666026.329457,3666026.329457,3673122.584217,3673122.584217,3673122.584217,0.000002,0.079109,0.000002,0.084515,1,728,3600.000000,0,0,0,GUROBI,1,0,0,0,0,0,0,0,0,0,0
4,0,None,4,3665852.023867,3665852.023867,3665852.023867,3673090.681685,3673090.681685,3673090.681685,0.000003,0.064256,0.000003,0.069878,1,713,3600.000000,0,0,0,GUROBI,1,0,0,0,0,0,0,0,0,0,0
5,0,None,4,3666105.164482,3666105.164482,3666105.164482,3673244.828221,3673244.828221,3673244.828221,0.000003,0.068279,0.000003,0.080121,1,745,3600.000000,0,0,0,GUROBI,1,0,0,0,0,0,0,0,0,0,0
6,0,None,4,3665579.301753,3665579.301753,3665579.301753,3672603.217601,3672603.217601,3672603.217601,0.000003,0.068113,0.000003,0.073708,1,714,3600.000000,0,0,0,GUROBI,1,0,0,0,0,0,0,0,0,0,0
7,0,None,4,3665408.693473,3665408.693473,3665408.693473,3672528.503653,3672528.503653,3672528.503653,0.000002,0.056473,0.000002,0.064845,1,689,3600.000000,0,0,0,GUROBI,1,0,0,0,0,0,0,0,0,0,0
