instanceIndex,seedIndex,vpcGenerator,terms,lpBound,disjunctiveDualBound,lpBoundPostVpc,rootDualBound,dualBound,primalBound,vpcGenerationTime,rootDualBoundTime,bestSolutionTime,terminationTime,nodes,iterations,maxTime,actualTerms,numCuts,cutLimit,mipSolver,providePrimalBound,infeasibleTerms,feasibleToInfeasibleTerms,infeasibleToFeasibleTerms,termRemainsFeasibleBasisInfeasible,cutsChangedCoefficients,feasibleTermsPrunedByBound,tighten_disjunction,tighten_matrix_perturbation,tighten_infeasible_to_feasible_term,tighten_feasible_to_infeasible_basis
0,0,New,64,3666028.211736,3666032.674298,3666032.674298,3673280.681685,3673280.681685,3673280.681685,38.378767,38.479566,38.378767,38.541719,1,705,3600.000000,77,110,254,GUROBI,1,66,0,0,0,0,0,0,0,0,0
1,0,Matrix,64,3666269.028797,3666269.028797,3666269.028797,3673382.422253,3673382.422253,3673382.422253,0.771583,0.852632,0.771583,0.883216,1,697,3600.000000,77,110,0,GUROBI,1,66,0,0,0,0,0,0,1,0,0
2,0,Matrix,64,3665899.217572,3665899.217572,3665899.217572,3672727.501751,3672736.082633,3672765.919597,0.807002,1.024634,0.807002,1.026357,1,702,3600.000000,77,110,0,GUROBI,1,66,0,0,0,0,0,0,1,0,0
3,0,Matrix,64,3666026.329457,3666030.768324,3666030.518207,3673122.584217,3673122.584217,3673122.584217,0.678505,0.818506,0.678505,0.888821,1,728,3600.000000,77,110,0,GUROBI,1,66,0,0,0,0,0,0,1,0,0
4,0,Matrix,64,3665852.023867,3665861.180569,3665855.641181,3673090.681685,3673090.681685,3673090.681685,0.720194,0.812010,0.720194,0.845572,1,710,3600.000000,77,110,0,GUROBI,1,66,0,0,0,0,0,0,1,0,0
5,0,Matrix,64,3666105.164482,3666105.164482,3666105.164482,3673244.828221,3673244.828221,3673244.828221,0.755054,0.879924,0.755054,0.945217,1,731,3600.000000,77,110,0,GUROBI,1,66,0,0,0,0,0,0,1,0,0
6,0,Matrix,64,3665579.301753,3665579.301753,3665579.301753,3672603.217601,3672603.217601,3672603.217601,0.756731,0.822575,0.756731,0.855860,1,716,3600.000000,77,110,0,GUROBI,1,66,0,0,0,0,0,0,1,0,0
7,0,Matrix,64,3665408.693473,3665425.863932,3665408.718202,3672528.503653,3672528.503653,3672528.503653,0.756937,0.878367,0.756937,0.933633,1,688,3600.000000,77,110,0,GUROBI,1,66,0,0,0,0,0,0,1,0,0
