instanceIndex,seedIndex,vpcGenerator,terms,lpBound,disjunctiveDualBound,lpBoundPostVpc,rootDualBound,dualBound,primalBound,vpcGenerationTime,rootDualBoundTime,bestSolutionTime,terminationTime,nodes,iterations,maxTime,actualTerms,numCuts,cutLimit,mipSolver,providePrimalBound,infeasibleTerms,feasibleToInfeasibleTerms,infeasibleToFeasibleTerms,termRemainsFeasibleBasisInfeasible,cutsChangedCoefficients,feasibleTermsPrunedByBound,tighten_disjunction,tighten_matrix_perturbation,tighten_infeasible_to_feasible_term,tighten_feasible_to_infeasible_basis
0,0,New,64,3892.000000,3892.000000,3892.000000,3935.132203,3941.657361,3942.000000,2.972094,3.195487,10.576422,11.722592,3889,76704,3600.000000,64,3,119,GUROBI,1,0,0,0,0,0,0,0,0,0,0
1,0,All,64,3896.000000,3896.000000,3896.000000,3928.100503,3946.000000,3946.000000,0.170678,0.315879,0.509146,1.249713,543,5764,3600.000000,64,3,0,GUROBI,1,0,0,0,64,0,0,1,1,1,1
2,0,All,64,3890.000000,3890.000000,3890.000000,3929.717961,3938.612921,3939.000000,0.173729,0.366179,4.113160,11.129861,5056,97994,3600.000000,64,3,0,GUROBI,1,9,9,0,55,0,0,1,1,1,1
3,0,All,64,3918.000000,3918.000000,3918.000000,3954.000000,3963.669393,3964.000000,0.180192,0.488946,2.222432,8.042181,2874,64990,3600.000000,64,3,0,GUROBI,1,18,18,0,46,0,0,1,1,1,1
4,0,All,64,3896.000000,3896.000000,3896.000000,3922.000000,3928.680776,3929.000000,0.172540,0.350926,6.556952,7.787861,3256,68666,3600.000000,64,3,0,GUROBI,1,9,9,0,55,0,0,1,1,1,1
5,0,All,64,3901.000000,3901.000000,3901.000000,3934.954545,3943.614569,3944.000000,0.170763,0.408436,12.916690,14.132442,5441,113598,3600.000000,64,3,0,GUROBI,1,9,9,0,55,0,0,1,1,1,1
