instanceIndex,seedIndex,vpcGenerator,terms,lpBound,disjunctiveDualBound,lpBoundPostVpc,rootDualBound,dualBound,primalBound,vpcGenerationTime,rootDualBoundTime,bestSolutionTime,terminationTime,nodes,iterations,maxTime,actualTerms,numCuts,cutLimit,mipSolver,providePrimalBound,infeasibleTerms,feasibleToInfeasibleTerms,infeasibleToFeasibleTerms,termRemainsFeasibleBasisInfeasible,cutsChangedCoefficients,feasibleTermsPrunedByBound,tighten_disjunction,tighten_matrix_perturbation,tighten_infeasible_to_feasible_term,tighten_feasible_to_infeasible_basis
0,0,None,4,3892.000000,3892.000000,3892.000000,3936.000000,3941.669820,3942.000000,0.000025,0.299834,6.909299,8.990650,3326,73894,3600.000000,0,0,0,GUROBI,1,0,0,0,0,0,0,0,0,0,0
1,0,None,4,3877.250000,3877.250000,3877.250000,3922.849222,3932.470159,3932.750000,0.000003,0.214760,7.298969,7.808186,5067,80296,3600.000000,0,0,0,GUROBI,1,0,0,0,0,0,0,0,0,0,0
2,0,None,4,3898.500000,3898.500000,3898.500000,3942.614286,3952.121428,3952.250000,0.000003,0.194514,4.975056,5.361304,2771,47150,3600.000000,0,0,0,GUROBI,1,0,0,0,0,0,0,0,0,0,0
3,0,None,4,3866.500000,3866.500000,3866.500000,3909.336667,3928.913457,3929.250000,0.000004,0.235127,19.653624,21.131327,7360,175481,3600.000000,0,0,0,GUROBI,1,0,0,0,0,0,0,0,0,0,0
4,0,None,4,3905.000000,3905.000000,3905.000000,3949.250000,3955.210592,3955.250000,0.000002,0.286195,12.344112,12.864041,3661,83615,3600.000000,0,0,0,GUROBI,1,0,0,0,0,0,0,0,0,0,0
5,0,None,4,3872.000000,3872.000000,3872.000000,3916.967391,3924.359839,3924.750000,0.000004,0.197334,12.129956,13.815060,5336,112867,3600.000000,0,0,0,GUROBI,1,0,0,0,0,0,0,0,0,0,0
