instanceIndex,seedIndex,vpcGenerator,terms,lpBound,disjunctiveDualBound,lpBoundPostVpc,rootDualBound,dualBound,primalBound,vpcGenerationTime,rootDualBoundTime,bestSolutionTime,terminationTime,nodes,iterations,maxTime,actualTerms,numCuts,cutLimit,mipSolver,providePrimalBound,infeasibleTerms,feasibleToInfeasibleTerms,infeasibleToFeasibleTerms,termRemainsFeasibleBasisInfeasible,cutsChangedCoefficients,feasibleTermsPrunedByBound,tighten_disjunction,tighten_matrix_perturbation,tighten_infeasible_to_feasible_term,tighten_feasible_to_infeasible_basis
0,0,New,4,3892.000000,3892.000000,3892.000000,3934.114286,3941.619722,3942.000000,1.202435,1.390177,9.319329,11.623447,3954,90332,3600.000000,4,4,119,GUROBI,1,0,0,0,0,0,0,0,0,0,0
1,0,Farkas,4,3893.000000,3893.000000,3893.000000,3929.931604,3932.710526,3933.000000,0.011681,0.242990,2.583560,2.941845,1864,23808,3600.000000,4,4,0,GUROBI,1,0,0,0,4,0,0,0,0,0,0
2,0,Farkas,4,3893.000000,3893.000000,3893.000000,3936.547215,3939.618880,3940.000000,0.012688,0.190870,6.002658,6.121347,3443,53353,3600.000000,4,4,0,GUROBI,1,0,0,0,4,0,0,0,0,0,0
3,0,Farkas,4,3893.000000,3893.000000,3893.000000,3922.153711,3932.000000,3932.000000,0.010965,0.155393,1.102980,1.344156,844,8848,3600.000000,4,4,0,GUROBI,1,0,0,0,4,0,0,0,0,0,0
4,0,Farkas,4,3893.000000,3893.000000,3893.000000,3929.111632,3938.649573,3939.000000,0.011235,0.186970,5.664556,7.583518,3337,69987,3600.000000,4,4,0,GUROBI,1,0,0,0,4,0,0,0,0,0,0
5,0,Farkas,4,3891.000000,3891.000000,3891.000000,3936.050000,3943.628205,3944.000000,0.012972,0.204741,9.278163,9.487220,3913,83182,3600.000000,4,4,0,GUROBI,1,0,0,0,4,0,0,0,0,0,0
