instanceIndex,seedIndex,vpcGenerator,terms,lpBound,disjunctiveDualBound,lpBoundPostVpc,rootDualBound,dualBound,primalBound,vpcGenerationTime,rootDualBoundTime,bestSolutionTime,terminationTime,nodes,iterations,maxTime,actualTerms,numCuts,cutLimit,mipSolver,providePrimalBound,infeasibleTerms,feasibleToInfeasibleTerms,infeasibleToFeasibleTerms,termRemainsFeasibleBasisInfeasible,cutsChangedCoefficients,feasibleTermsPrunedByBound,tighten_disjunction,tighten_matrix_perturbation,tighten_infeasible_to_feasible_term,tighten_feasible_to_infeasible_basis
0,0,None,64,3892.000000,3892.000000,3892.000000,3935.863511,3941.618182,3942.000000,0.000013,0.249273,10.330832,11.636625,4813,96307,3600.000000,0,0,0,GUROBI,1,0,0,0,0,0,0,0,0,0,0
1,0,None,64,3896.000000,3896.000000,3896.000000,3928.100503,3946.000000,3946.000000,0.000001,0.132683,1.716140,1.804438,1174,12133,3600.000000,0,0,0,GUROBI,1,0,0,0,0,0,0,0,0,0,0
2,0,None,64,3890.000000,3890.000000,3890.000000,3929.314286,3938.626230,3939.000000,0.000003,0.205017,7.421689,11.010292,5067,95642,3600.000000,0,0,0,GUROBI,1,0,0,0,0,0,0,0,0,0,0
3,0,None,64,3918.000000,3918.000000,3918.000000,3954.000000,3963.608083,3964.000000,0.000002,0.286373,6.761293,8.708085,3787,68413,3600.000000,0,0,0,GUROBI,1,0,0,0,0,0,0,0,0,0,0
4,0,None,64,3896.000000,3896.000000,3896.000000,3922.000000,3928.641026,3929.000000,0.000004,0.169643,5.910780,6.842401,2643,61222,3600.000000,0,0,0,GUROBI,1,0,0,0,0,0,0,0,0,0,0
5,0,None,64,3901.000000,3901.000000,3901.000000,3935.148461,3943.605737,3944.000000,0.000003,0.208462,7.279865,8.330835,3478,72475,3600.000000,0,0,0,GUROBI,1,0,0,0,0,0,0,0,0,0,0
