instanceIndex,seedIndex,vpcGenerator,terms,lpBound,disjunctiveDualBound,lpBoundPostVpc,rootDualBound,dualBound,primalBound,vpcGenerationTime,rootDualBoundTime,bestSolutionTime,terminationTime,nodes,iterations,maxTime,actualTerms,numCuts,cutLimit,mipSolver,providePrimalBound,infeasibleTerms,feasibleToInfeasibleTerms,infeasibleToFeasibleTerms,termRemainsFeasibleBasisInfeasible,cutsChangedCoefficients,feasibleTermsPrunedByBound,tighten_disjunction,tighten_matrix_perturbation,tighten_infeasible_to_feasible_term,tighten_feasible_to_infeasible_basis
0,0,New,4,3892.000000,3892.000000,3892.000000,3934.019646,3941.664071,3942.000000,0.373958,0.590102,6.247203,7.377030,3515,61982,3600.000000,4,4,119,GUROBI,1,0,0,0,0,0,0,0,0,0,0
1,0,Basis,4,3896.000000,3896.000000,3896.000000,3930.362187,3946.000000,3946.000000,0.013946,0.274460,3.530663,4.100527,3116,36588,3600.000000,4,4,0,GUROBI,1,0,0,0,4,0,0,0,0,0,1
2,0,Basis,4,3890.000000,3890.000000,3890.000000,3930.088361,3938.615767,3939.000000,0.011548,0.201923,2.995808,8.307205,3852,73675,3600.000000,4,4,0,GUROBI,1,0,0,0,4,0,0,0,0,0,1
3,0,Basis,4,3918.000000,3918.000000,3918.000000,3954.000000,3963.625000,3964.000000,0.015058,0.217735,6.133723,8.349064,3772,70237,3600.000000,4,4,0,GUROBI,1,0,0,0,4,0,0,0,0,0,1
4,0,Basis,4,3896.000000,3896.000000,3896.000000,3922.000000,3928.975302,3929.000000,0.011778,0.298377,6.286598,9.214280,3170,77376,3600.000000,4,4,0,GUROBI,1,0,0,0,4,0,0,0,0,0,1
5,0,Basis,4,3901.000000,3901.000000,3901.000000,3929.990890,3943.607843,3944.000000,0.014847,0.196063,5.286411,7.139266,4359,67112,3600.000000,4,4,0,GUROBI,1,0,0,0,4,0,0,0,0,0,1
