instanceIndex,seedIndex,vpcGenerator,terms,lpBound,disjunctiveDualBound,lpBoundPostVpc,rootDualBound,dualBound,primalBound,vpcGenerationTime,rootDualBoundTime,bestSolutionTime,terminationTime,nodes,iterations,maxTime,actualTerms,numCuts,cutLimit,mipSolver,providePrimalBound,infeasibleTerms,feasibleToInfeasibleTerms,infeasibleToFeasibleTerms,termRemainsFeasibleBasisInfeasible,cutsChangedCoefficients,feasibleTermsPrunedByBound,tighten_disjunction,tighten_matrix_perturbation,tighten_infeasible_to_feasible_term,tighten_feasible_to_infeasible_basis
0,0,New,64,3892.000000,3892.000000,3892.000000,3934.217391,3941.617097,3942.000000,2.328550,2.539279,4.154626,11.536532,3572,76493,3600.000000,64,3,119,GUROBI,1,0,0,0,0,0,0,0,0,0,0
1,0,Disjunction,64,3896.000000,3896.000000,3896.000000,3930.362187,3946.000000,3946.000000,0.173925,0.430028,0.683713,1.382170,534,6741,3600.000000,64,3,0,GUROBI,1,0,0,0,64,0,0,1,0,0,0
2,0,Disjunction,64,3890.000000,3890.000000,3890.000000,3930.087696,3938.666667,3939.000000,0.168846,0.357563,12.206279,15.389199,6117,127657,3600.000000,64,3,0,GUROBI,1,9,9,0,55,0,0,1,0,0,0
3,0,Disjunction,64,3918.000000,3918.000000,3918.000000,3954.000000,3963.625000,3964.000000,0.184024,0.389530,6.457043,8.656186,3772,70237,3600.000000,64,3,0,GUROBI,1,18,18,0,46,0,0,1,0,0,0
4,0,Disjunction,64,3896.000000,3896.000000,3896.000000,3922.000000,3928.975302,3929.000000,0.172378,0.468276,6.483653,9.414230,3170,77376,3600.000000,64,3,0,GUROBI,1,9,9,0,55,0,0,1,0,0,0
5,0,Disjunction,64,3901.000000,3901.000000,3901.000000,3929.990890,3943.607843,3944.000000,0.171439,0.346424,5.464385,7.304433,4359,67112,3600.000000,64,3,0,GUROBI,1,9,9,0,55,0,0,1,0,0,0
