instanceIndex,seedIndex,vpcGenerator,terms,lpBound,disjunctiveDualBound,lpBoundPostVpc,rootDualBound,dualBound,primalBound,vpcGenerationTime,rootDualBoundTime,bestSolutionTime,terminationTime,nodes,iterations,maxTime,actualTerms,numCuts,cutLimit,mipSolver,providePrimalBound,infeasibleTerms,feasibleToInfeasibleTerms,infeasibleToFeasibleTerms,termRemainsFeasibleBasisInfeasible,cutsChangedCoefficients,feasibleTermsPrunedByBound,tighten_disjunction,tighten_matrix_perturbation,tighten_infeasible_to_feasible_term,tighten_feasible_to_infeasible_basis
0,0,None,4,3868.000000,3868.000000,3868.000000,3909.635810,3937.190099,3941.999996,0.000001,0.783287,526.633856,3600.002353,470601,13730441,3600.000000,0,0,0,GUROBI,1,0,0,0,0,0,0,0,0,0,0
1,0,None,4,3607.137500,3607.137500,3607.137500,3722.732972,3794.621529,3795.000000,0.000002,0.731210,333.891626,333.891915,45032,1695321,3600.000000,0,0,0,GUROBI,1,0,0,0,0,0,0,0,0,0,0
2,0,None,4,3558.283333,3558.283333,3558.283333,3721.589733,3838.616284,3838.999999,0.000002,0.723410,250.615663,365.494386,66883,2025919,3600.000000,0,0,0,GUROBI,1,0,0,0,0,0,0,0,0,0,0
3,0,None,4,3323.733333,3323.733333,3323.733333,3548.715808,3618.646837,3619.000000,0.000002,0.697795,64.206343,85.575626,11608,522208,3600.000000,0,0,0,GUROBI,1,0,0,0,0,0,0,0,0,0,0
4,0,None,4,3221.966667,3221.966667,3221.966667,3402.631594,3534.650000,3535.000000,0.000002,1.097649,163.502357,174.855545,33314,983128,3600.000000,0,0,0,GUROBI,1,0,0,0,0,0,0,0,0,0,0
5,0,None,4,3479.566667,3479.566667,3479.566667,3640.770458,3772.629777,3773.000000,0.000003,0.978690,66.928619,171.987216,34324,930005,3600.000000,0,0,0,GUROBI,1,0,0,0,0,0,0,0,0,0,0
6,0,None,4,3522.233333,3522.233333,3522.233333,3694.545764,3797.627778,3798.000000,0.000002,0.917303,91.599922,129.715580,18774,693061,3600.000000,0,0,0,GUROBI,1,0,0,0,0,0,0,0,0,0,0
7,0,None,4,3560.516667,3560.516667,3560.516667,3727.046543,3841.620098,3842.000000,0.000002,0.907213,491.837423,491.837926,63645,2246874,3600.000000,0,0,0,GUROBI,1,0,0,0,0,0,0,0,0,0,0
8,0,None,4,3738.316667,3738.316667,3738.316667,3790.451458,3840.626151,3841.000000,0.000002,0.763302,185.803969,300.327487,37067,1461412,3600.000000,0,0,0,GUROBI,1,0,0,0,0,0,0,0,0,0,0
