instanceIndex,seedIndex,vpcGenerator,terms,lpBound,disjunctiveDualBound,lpBoundPostVpc,rootDualBound,dualBound,primalBound,vpcGenerationTime,rootDualBoundTime,bestSolutionTime,terminationTime,nodes,iterations,maxTime,actualTerms,numCuts,cutLimit,mipSolver,providePrimalBound,infeasibleTerms,feasibleToInfeasibleTerms,infeasibleToFeasibleTerms,termRemainsFeasibleBasisInfeasible,cutsChangedCoefficients,feasibleTermsPrunedByBound,tighten_disjunction,tighten_matrix_perturbation,tighten_infeasible_to_feasible_term,tighten_feasible_to_infeasible_basis
0,0,New,64,6302.000000,6302.000000,6302.000000,6355.930829,6374.364251,6375.000000,15.064991,16.610503,340.665347,385.422703,50233,1530877,3600.000000,65,4,668,GUROBI,1,4,0,0,0,0,0,0,0,0,0
1,0,New,64,6308.000000,6308.000000,6308.000000,6359.966667,6381.362897,6382.000000,12.295035,13.668413,1326.551530,2170.726560,338100,8519337,3600.000000,64,3,662,GUROBI,1,15,0,0,0,0,0,0,0,0,0
2,0,New,64,6307.000000,6307.000000,6307.000000,6354.804844,6369.363248,6370.000000,10.416753,11.906250,1747.063967,2157.233479,284623,7708176,3600.000000,64,2,663,GUROBI,1,22,0,0,0,0,0,0,0,0,0
3,0,New,64,6303.000000,6303.000000,6303.000000,6358.987731,6375.362712,6376.000000,9.673464,11.016982,504.439957,517.354685,68122,1995114,3600.000000,64,2,636,GUROBI,1,27,0,0,0,0,0,0,0,0,0
4,0,New,64,6308.000000,6310.000000,6310.000000,6355.995724,6376.936245,6377.000000,11.611781,12.821043,2510.291054,2651.844669,308315,9637073,3600.000000,64,2,662,GUROBI,1,15,0,0,0,0,0,0,0,0,0
5,0,New,64,6304.000000,6304.000000,6304.000000,6350.159459,6370.936550,6371.000000,10.459330,11.725775,1590.479905,2240.396461,255136,8713097,3600.000000,64,2,664,GUROBI,1,21,0,0,0,0,0,0,0,0,0
