instanceIndex,seedIndex,vpcGenerator,terms,lpBound,disjunctiveDualBound,lpBoundPostVpc,rootDualBound,dualBound,primalBound,vpcGenerationTime,rootDualBoundTime,bestSolutionTime,terminationTime,nodes,iterations,maxTime,actualTerms,numCuts,cutLimit,mipSolver,providePrimalBound,infeasibleTerms,feasibleToInfeasibleTerms,infeasibleToFeasibleTerms,termRemainsFeasibleBasisInfeasible,cutsChangedCoefficients,feasibleTermsPrunedByBound,tighten_disjunction,tighten_matrix_perturbation,tighten_infeasible_to_feasible_term,tighten_feasible_to_infeasible_basis
0,0,New,64,6302.000000,6302.000000,6302.000000,6357.401330,6374.362538,6375.000000,8.034720,9.564407,761.332753,1159.104156,134707,3982113,3600.000000,65,4,668,GUROBI,1,4,0,0,0,0,0,0,0,0,0
1,0,Matrix,64,6308.000000,6308.000000,6308.000000,6359.939059,6381.362234,6382.000000,0.604238,2.117857,2225.059070,3324.212946,462137,10251922,3600.000000,65,4,0,GUROBI,1,4,0,0,61,0,0,0,1,0,0
2,0,Matrix,64,6307.000000,6307.000000,6307.000000,6354.807136,6369.363728,6370.000000,0.543886,1.930331,1834.260093,2225.791289,247104,6843493,3600.000000,65,4,0,GUROBI,1,4,0,0,61,0,0,0,1,0,0
3,0,Matrix,64,6303.000000,6303.000000,6303.000000,6362.771604,6375.363542,6376.000000,0.596046,1.915689,628.990653,642.977203,132042,2753241,3600.000000,65,4,0,GUROBI,1,4,0,0,61,0,0,0,1,0,0
4,0,Matrix,64,6308.000000,6308.000000,6308.000000,6356.200000,6373.279439,6377.000000,0.457899,1.506881,3412.747127,3600.462749,465447,11093336,3600.000000,65,4,0,GUROBI,1,4,0,0,61,0,0,0,1,0,0
5,0,Matrix,64,6304.000000,6304.000000,6304.000000,6348.161955,6370.800000,6371.000000,0.566472,1.777894,3098.690827,3098.799438,335996,10340742,3600.000000,65,4,0,GUROBI,1,4,0,0,61,0,0,0,1,0,0
