instanceIndex,seedIndex,vpcGenerator,terms,lpBound,disjunctiveDualBound,lpBoundPostVpc,rootDualBound,dualBound,primalBound,vpcGenerationTime,rootDualBoundTime,bestSolutionTime,terminationTime,nodes,iterations,maxTime,actualTerms,numCuts,cutLimit,mipSolver,providePrimalBound,infeasibleTerms,feasibleToInfeasibleTerms,infeasibleToFeasibleTerms,termRemainsFeasibleBasisInfeasible,cutsChangedCoefficients,feasibleTermsPrunedByBound,tighten_disjunction,tighten_matrix_perturbation,tighten_infeasible_to_feasible_term,tighten_feasible_to_infeasible_basis
0,0,New,64,6302.000000,6302.000000,6302.000000,6355.930829,6374.364251,6375.000000,15.738741,17.319365,342.490034,388.009333,50233,1530877,3600.000000,65,4,668,GUROBI,1,4,0,0,0,0,0,0,0,0,0
1,0,All,64,6308.000000,6308.000000,6308.000000,6359.966667,6381.936308,6382.000000,0.653768,2.022859,2977.271158,3592.229935,460638,13711441,3600.000000,65,4,0,GUROBI,1,4,0,0,61,0,0,1,1,1,1
2,0,All,64,6307.000000,6307.000000,6307.000000,6354.804844,6369.363248,6370.000000,0.655915,2.161321,1745.836062,2155.373117,284623,7708176,3600.000000,65,4,0,GUROBI,1,4,0,0,61,0,0,1,1,1,1
3,0,All,64,6303.000000,6303.000000,6303.000000,6359.430769,6375.362499,6376.000000,0.674436,2.042703,918.110247,942.558403,169729,4334328,3600.000000,65,4,0,GUROBI,1,4,0,0,61,0,0,1,1,1,1
4,0,All,64,6308.000000,6308.000000,6308.000000,6355.995724,6373.114380,6377.000000,0.652644,1.866333,3537.400575,3600.657512,513804,12355052,3600.000000,65,4,0,GUROBI,1,4,0,0,61,0,0,1,1,1,1
5,0,All,64,6304.000000,6304.000000,6304.000000,6350.000000,6370.362963,6371.000000,0.662402,1.950869,3048.022324,3048.025593,439670,12009879,3600.000000,65,4,0,GUROBI,1,4,0,0,61,0,0,1,1,1,1
