instanceIndex,seedIndex,vpcGenerator,terms,lpBound,disjunctiveDualBound,lpBoundPostVpc,rootDualBound,dualBound,primalBound,vpcGenerationTime,rootDualBoundTime,bestSolutionTime,terminationTime,nodes,iterations,maxTime,actualTerms,numCuts,cutLimit,mipSolver,providePrimalBound,infeasibleTerms,feasibleToInfeasibleTerms,infeasibleToFeasibleTerms,termRemainsFeasibleBasisInfeasible,cutsChangedCoefficients,feasibleTermsPrunedByBound,tighten_disjunction,tighten_matrix_perturbation,tighten_infeasible_to_feasible_term,tighten_feasible_to_infeasible_basis
0,0,New,64,6302.000000,6302.000000,6302.000000,6355.784813,6374.362785,6375.000000,15.511891,17.136947,440.450135,669.333682,86784,2563541,3600.000000,65,4,668,GUROBI,1,4,0,0,0,0,0,0,0,0,0
1,0,Basis,64,6300.000000,6300.000000,6300.000000,6349.478261,6370.363028,6371.000000,0.630297,1.976511,2693.755974,3112.057556,380536,11630228,3600.000000,65,4,0,GUROBI,1,4,0,0,61,0,0,0,0,0,1
2,0,Basis,64,6301.000000,6301.000000,6301.000000,6352.909206,6375.362517,6376.000000,0.651509,2.068633,618.951306,1588.755323,247605,5286960,3600.000000,65,4,0,GUROBI,1,4,0,0,61,0,0,0,0,0,1
3,0,Basis,64,6304.000000,6304.000000,6304.000000,6358.211458,6376.936616,6377.000000,2.548753,4.351828,911.974778,911.977288,142900,3326138,3600.000000,65,4,0,GUROBI,1,4,0,0,42,0,0,0,0,0,1
4,0,Basis,64,6300.000000,6300.000000,6300.000000,6355.136842,6369.363353,6370.000000,0.593417,1.911292,891.637326,1011.978049,151570,3935756,3600.000000,65,4,0,GUROBI,1,4,0,0,61,0,0,0,0,0,1
