instanceIndex,seedIndex,vpcGenerator,terms,lpBound,disjunctiveDualBound,lpBoundPostVpc,rootDualBound,dualBound,primalBound,vpcGenerationTime,rootDualBoundTime,bestSolutionTime,terminationTime,nodes,iterations,maxTime,actualTerms,numCuts,cutLimit,mipSolver,providePrimalBound,infeasibleTerms,feasibleToInfeasibleTerms,infeasibleToFeasibleTerms,termRemainsFeasibleBasisInfeasible,cutsChangedCoefficients,feasibleTermsPrunedByBound,tighten_disjunction,tighten_matrix_perturbation,tighten_infeasible_to_feasible_term,tighten_feasible_to_infeasible_basis
0,0,New,4,12123.530222,12126.190379,12125.571397,12125.571397,12159.323903,12159.492836,216.526263,217.078982,218.795965,218.962209,306,1434,3600.000000,4,17,17,GUROBI,1,0,0,0,0,0,0,0,0,0,0
1,0,All,4,12117.107497,12119.347324,12118.930718,12118.956162,12151.792009,12152.972123,0.376293,0.929813,2.435699,2.624181,161,1131,3600.000000,4,17,0,GUROBI,1,0,0,0,0,0,3,1,1,1,1
2,0,All,4,12119.225744,12122.630042,12120.761233,12120.742613,12150.438614,12151.628921,0.346128,0.887719,5.470417,5.857016,760,2857,3600.000000,4,17,0,GUROBI,1,0,0,0,0,0,3,1,1,1,1
3,0,All,4,12104.898202,12108.827735,12106.009831,12107.206893,12137.564056,12138.667969,0.434330,0.970659,3.658142,3.739774,350,1740,3600.000000,4,17,0,GUROBI,1,0,0,0,0,0,3,1,1,1,1
4,0,All,4,12112.598833,12113.269912,12113.269912,12113.269912,12146.314276,12147.477966,0.284906,0.833060,3.340819,3.359975,248,1382,3600.000000,4,17,0,GUROBI,1,0,0,0,0,0,3,1,1,1,1
5,0,All,4,12111.881802,12112.847842,12112.847842,12112.847842,12145.870894,12147.044892,0.410407,0.965063,3.125253,3.163713,235,1296,3600.000000,4,17,0,GUROBI,1,0,0,0,0,0,3,1,1,1,1
