instanceIndex,seedIndex,vpcGenerator,terms,lpBound,disjunctiveDualBound,lpBoundPostVpc,rootDualBound,dualBound,primalBound,vpcGenerationTime,rootDualBoundTime,bestSolutionTime,terminationTime,nodes,iterations,maxTime,actualTerms,numCuts,cutLimit,mipSolver,providePrimalBound,infeasibleTerms,feasibleToInfeasibleTerms,infeasibleToFeasibleTerms,termRemainsFeasibleBasisInfeasible,cutsChangedCoefficients,feasibleTermsPrunedByBound,tighten_disjunction,tighten_matrix_perturbation,tighten_infeasible_to_feasible_term,tighten_feasible_to_infeasible_basis
0,0,New,4,12123.530222,12126.190379,12124.656832,12124.843559,12159.323903,12159.492836,393.614186,394.351576,399.238497,399.244954,464,2130,3600.000000,4,17,17,GUROBI,1,0,0,0,0,0,0,0,0,0,0
1,0,All,4,11167.785732,11167.785732,11167.785732,12124.843559,12158.833475,12159.492836,244.253069,245.074337,249.684925,249.718799,439,1821,3600.000000,4,17,0,GUROBI,1,0,0,0,0,17,0,1,1,1,1
2,0,All,4,9010.697875,9010.697875,9010.697875,12124.843559,12159.409834,12160.163856,230.805643,231.637214,234.485805,234.866821,278,1230,3600.000000,4,17,0,GUROBI,1,0,0,0,0,17,0,1,1,1,1
3,0,All,4,9177.694277,9177.694277,9177.694277,12130.069220,12159.328459,12159.492836,0.750401,1.494280,3.129181,3.147721,110,582,3600.000000,4,17,0,GUROBI,1,0,0,0,4,17,0,1,1,1,1
4,0,All,4,11204.630859,11204.630859,11204.630859,12124.843559,12159.324702,12159.492836,223.450388,224.209365,227.670134,227.791035,288,1557,3600.000000,4,17,0,GUROBI,1,0,0,0,0,17,0,1,1,1,1
5,0,All,4,9182.490169,9182.490169,9182.490169,12124.843559,12159.323903,12159.492836,222.376804,223.220277,228.445454,228.452302,450,1903,3600.000000,4,17,0,GUROBI,1,0,0,0,0,17,0,1,1,1,1
