instanceIndex,seedIndex,vpcGenerator,terms,lpBound,disjunctiveDualBound,lpBoundPostVpc,rootDualBound,dualBound,primalBound,vpcGenerationTime,rootDualBoundTime,bestSolutionTime,terminationTime,nodes,iterations,maxTime,actualTerms,numCuts,cutLimit,mipSolver,providePrimalBound,infeasibleTerms,feasibleToInfeasibleTerms,infeasibleToFeasibleTerms,termRemainsFeasibleBasisInfeasible,cutsChangedCoefficients,feasibleTermsPrunedByBound,tighten_disjunction,tighten_matrix_perturbation,tighten_infeasible_to_feasible_term,tighten_feasible_to_infeasible_basis
0,0,None,4,12123.530222,12123.530222,12123.530222,12123.530222,12159.323903,12159.492836,0.000003,0.536595,1.726702,1.728167,153,961,3600.000000,0,0,0,GUROBI,1,0,0,0,0,0,0,0,0,0,0
1,0,None,4,12117.107497,12117.107497,12117.107497,12117.107497,12151.831106,12152.972123,0.000002,0.483937,3.515676,3.517218,292,1618,3600.000000,0,0,0,GUROBI,1,0,0,0,0,0,0,0,0,0,0
2,0,None,4,12119.225744,12119.225744,12119.225744,12119.225744,12150.456388,12151.628921,0.000002,0.342973,2.727919,2.766401,292,1734,3600.000000,0,0,0,GUROBI,1,0,0,0,0,0,0,0,0,0,0
3,0,None,4,12104.898202,12104.898202,12104.898202,12104.898202,12137.625336,12138.667969,0.000002,0.462131,1.918370,1.919847,146,864,3600.000000,0,0,0,GUROBI,1,0,0,0,0,0,0,0,0,0,0
4,0,None,4,12112.598833,12112.598833,12112.598833,12112.598833,12146.995554,12148.172973,0.000003,0.474669,1.913837,2.280707,157,963,3600.000000,0,0,0,GUROBI,1,0,0,0,0,0,0,0,0,0,0
5,0,None,4,12111.881802,12111.881802,12111.881802,12111.881802,12146.212937,12147.044892,0.000002,0.503645,4.325059,4.690639,578,2510,3600.000000,0,0,0,GUROBI,1,0,0,0,0,0,0,0,0,0,0
