instanceIndex,seedIndex,vpcGenerator,terms,lpBound,disjunctiveDualBound,lpBoundPostVpc,rootDualBound,dualBound,primalBound,vpcGenerationTime,rootDualBoundTime,bestSolutionTime,terminationTime,nodes,iterations,maxTime,actualTerms,numCuts,cutLimit,mipSolver,providePrimalBound,infeasibleTerms,feasibleToInfeasibleTerms,infeasibleToFeasibleTerms,termRemainsFeasibleBasisInfeasible,cutsChangedCoefficients,feasibleTermsPrunedByBound,tighten_disjunction,tighten_matrix_perturbation,tighten_infeasible_to_feasible_term,tighten_feasible_to_infeasible_basis
0,0,New,4,12123.530222,12126.190379,12124.656832,12124.843559,12158.798945,12159.492836,403.142505,403.921425,406.841506,406.903166,266,1210,3600.000000,4,17,17,GUROBI,1,0,0,0,0,0,0,0,0,0,0
1,0,Disjunction,4,9437.947305,9437.947305,9437.947305,12124.843559,12159.359238,12159.492836,0.515779,1.329137,6.169143,6.175569,466,1820,3600.000000,4,17,0,GUROBI,1,0,0,0,0,17,1,1,0,0,0
2,0,Disjunction,4,12104.625625,12107.285782,12105.769260,12124.843559,12159.323909,12160.477845,0.376805,1.238694,5.640167,6.179610,447,2004,3600.000000,4,17,0,GUROBI,1,0,0,0,0,0,3,1,0,0,0
3,0,Disjunction,4,12118.466126,12121.126283,12119.613244,12124.843559,12159.409834,12160.477845,0.387321,1.165754,4.288047,4.294424,237,1182,3600.000000,4,17,0,GUROBI,1,0,0,0,0,0,3,1,0,0,0
4,0,Disjunction,4,11857.765072,11859.926652,11858.863462,12124.843559,12159.407753,12159.492836,0.478210,1.293990,5.237099,5.396091,382,1672,3600.000000,4,17,0,GUROBI,1,0,0,0,0,4,1,1,0,0,0
