instanceIndex,seedIndex,vpcGenerator,terms,lpBound,disjunctiveDualBound,lpBoundPostVpc,rootDualBound,dualBound,primalBound,vpcGenerationTime,rootDualBoundTime,bestSolutionTime,terminationTime,nodes,iterations,maxTime,actualTerms,numCuts,cutLimit,mipSolver,providePrimalBound,infeasibleTerms,feasibleToInfeasibleTerms,infeasibleToFeasibleTerms,termRemainsFeasibleBasisInfeasible,cutsChangedCoefficients,feasibleTermsPrunedByBound,tighten_disjunction,tighten_matrix_perturbation,tighten_infeasible_to_feasible_term,tighten_feasible_to_infeasible_basis
0,0,New,4,12123.530222,12126.190379,12124.656832,12124.843559,12159.422900,12159.922890,404.650129,405.445250,410.092592,410.444969,449,1676,3600.000000,4,17,17,GUROBI,1,0,0,0,0,0,0,0,0,0,0
1,0,Disjunction,4,12117.107497,12119.347324,12118.339709,12118.339709,12151.779466,12152.972123,0.486847,1.361860,3.481482,3.871819,134,848,3600.000000,4,17,0,GUROBI,1,0,0,0,0,0,3,1,0,0,0
2,0,Disjunction,4,12119.225744,12122.630042,12119.908228,12120.163773,12150.428877,12151.628921,0.472061,1.280499,9.291668,9.505684,786,3125,3600.000000,4,17,0,GUROBI,1,0,0,0,0,0,3,1,0,0,0
3,0,Disjunction,4,12104.898202,12108.827735,12105.755956,12106.355530,12138.131928,12138.667969,0.541725,1.356520,3.768638,3.972842,164,1074,3600.000000,4,17,0,GUROBI,1,0,0,0,0,0,3,1,0,0,0
4,0,Disjunction,4,12112.598833,12113.269912,12113.269912,12113.269912,12146.355102,12147.477966,0.504712,1.297410,5.996795,5.999359,382,1855,3600.000000,4,17,0,GUROBI,1,0,0,0,0,0,3,1,0,0,0
5,0,Disjunction,4,12111.881802,12112.847842,12112.798875,12112.847842,12145.908776,12147.044892,0.502348,1.268370,8.459528,9.063275,608,3126,3600.000000,4,17,0,GUROBI,1,0,0,0,0,0,3,1,0,0,0
