instanceIndex,seedIndex,vpcGenerator,terms,lpBound,disjunctiveDualBound,lpBoundPostVpc,rootDualBound,dualBound,primalBound,vpcGenerationTime,rootDualBoundTime,bestSolutionTime,terminationTime,nodes,iterations,maxTime,actualTerms,numCuts,cutLimit,mipSolver,providePrimalBound,infeasibleTerms,feasibleToInfeasibleTerms,infeasibleToFeasibleTerms,termRemainsFeasibleBasisInfeasible,cutsChangedCoefficients,feasibleTermsPrunedByBound,tighten_disjunction,tighten_matrix_perturbation,tighten_infeasible_to_feasible_term,tighten_feasible_to_infeasible_basis
0,0,New,4,3320.771000,3939.428000,3891.698182,9976.715256,11391.862929,11393.000000,0.979107,1.411677,713.351151,713.351356,120283,5525542,3600.000000,4,14,15,GUROBI,1,0,0,0,0,0,0,0,0,0,0
1,0,Term,4,2932.094500,3645.865627,3575.333888,9369.009525,10978.403280,10979.500000,0.013797,0.478997,1185.011297,1185.011495,270680,9913768,3600.000000,4,14,0,GUROBI,1,0,0,0,4,14,0,0,0,1,0
2,0,Term,4,3312.880500,3857.454963,3770.658841,9950.202129,11391.968375,11393.000000,0.013106,0.475977,477.818163,482.857150,77988,3225544,3600.000000,4,14,0,GUROBI,1,0,0,0,2,13,0,0,0,1,0
3,0,Term,4,2994.201429,3198.783115,3153.487887,7875.766827,8925.722512,8926.500000,0.013619,0.330455,35.701154,38.156779,15442,331550,3600.000000,4,14,0,GUROBI,1,0,0,0,4,14,0,0,0,1,0
4,0,Term,4,3065.027558,3769.828788,3537.135048,9326.200973,10923.441048,11448.000000,0.012922,0.426462,1418.852993,3600.015087,882389,25280830,3600.000000,4,14,0,GUROBI,1,0,0,0,4,14,0,0,0,1,0
5,0,Term,4,3057.736700,3927.285974,3484.337930,9543.219745,11020.103545,11021.000000,0.012676,0.391343,308.075033,308.075239,53309,2470122,3600.000000,4,14,0,GUROBI,1,0,0,0,4,13,0,0,0,1,0
