instanceIndex,seedIndex,vpcGenerator,terms,lpBound,disjunctiveDualBound,lpBoundPostVpc,rootDualBound,dualBound,primalBound,vpcGenerationTime,rootDualBoundTime,bestSolutionTime,terminationTime,nodes,iterations,maxTime,actualTerms,numCuts,cutLimit,mipSolver,providePrimalBound,infeasibleTerms,feasibleToInfeasibleTerms,infeasibleToFeasibleTerms,termRemainsFeasibleBasisInfeasible,cutsChangedCoefficients,feasibleTermsPrunedByBound,tighten_disjunction,tighten_matrix_perturbation,tighten_infeasible_to_feasible_term,tighten_feasible_to_infeasible_basis
0,0,New,4,3320.771000,3939.428000,3891.698182,9973.685636,11391.977465,11393.000000,0.561771,0.992419,375.893125,375.893337,65595,2945143,3600.000000,4,14,15,GUROBI,1,0,0,0,0,0,0,0,0,0,0
1,0,Disjunction,4,2029.918532,2212.000193,2065.736009,5013.996957,5046.638095,5046.638095,0.015593,0.236665,0.270444,0.270558,17,671,3600.000000,4,14,0,GUROBI,1,0,0,0,4,14,0,1,0,0,0
2,0,Disjunction,4,1751.442611,1915.028727,1915.028727,5856.936271,6132.115942,6132.115942,0.015865,0.254549,0.439095,0.500212,156,3269,3600.000000,4,14,0,GUROBI,1,0,0,0,4,14,0,1,0,0,0
3,0,Disjunction,4,2304.642315,2361.107070,2331.908105,4562.679728,4722.836735,4722.836735,0.019358,0.143800,0.204187,0.207207,41,662,3600.000000,4,14,0,GUROBI,1,0,0,0,4,14,0,1,0,0,0
4,0,Disjunction,4,1969.451683,1969.451683,1969.451683,3507.552713,3583.868560,3583.868560,0.018643,0.137131,0.154350,0.154458,17,498,3600.000000,4,14,0,GUROBI,1,0,0,0,4,14,0,1,0,0,0
5,0,Disjunction,4,1478.861007,1492.616426,1488.910198,3005.141221,3023.627381,3023.627381,0.019772,0.128535,0.138433,0.140669,13,348,3600.000000,4,14,0,GUROBI,1,0,0,0,4,14,0,1,0,0,0
