instanceIndex,seedIndex,vpcGenerator,terms,lpBound,disjunctiveDualBound,lpBoundPostVpc,rootDualBound,dualBound,primalBound,vpcGenerationTime,rootDualBoundTime,bestSolutionTime,terminationTime,nodes,iterations,maxTime,actualTerms,numCuts,cutLimit,mipSolver,providePrimalBound,infeasibleTerms,feasibleToInfeasibleTerms,infeasibleToFeasibleTerms,termRemainsFeasibleBasisInfeasible,cutsChangedCoefficients,feasibleTermsPrunedByBound,tighten_disjunction,tighten_matrix_perturbation,tighten_infeasible_to_feasible_term,tighten_feasible_to_infeasible_basis
0,0,New,64,3320.771000,5011.751000,4728.538449,9957.434974,11391.906727,11393.000000,5.790249,6.131397,543.763736,543.764231,95564,3576553,3600.000000,64,15,15,GUROBI,1,0,0,0,0,0,0,0,0,0,0
1,0,Matrix,64,2932.094500,4516.387051,3729.727196,9197.953461,10978.403479,10979.500000,2.072766,2.434051,1541.770623,1541.770930,349675,10416275,3600.000000,64,15,0,GUROBI,1,0,0,0,60,15,0,0,1,0,0
2,0,Matrix,64,3312.880500,4609.270129,4042.671938,9871.528363,11392.212138,11393.000000,1.974651,2.418329,266.669097,266.669378,42044,2110608,3600.000000,64,15,0,GUROBI,1,0,0,0,29,15,0,0,1,0,0
3,0,Matrix,64,2994.201429,3947.768725,3087.999943,7951.207621,8926.018254,8926.500000,0.191618,0.561623,20.710184,22.058348,7607,178742,3600.000000,64,15,0,GUROBI,1,0,0,0,64,15,0,0,1,0,0
4,0,Matrix,64,3065.027558,4304.488093,3065.027558,9109.229722,10870.695333,11448.000000,2.235242,2.563365,1929.767441,3602.236610,973015,25506436,3600.000000,64,15,0,GUROBI,1,0,0,0,63,15,0,0,1,0,0
5,0,Matrix,64,3057.736700,4384.262137,3327.435499,9505.149478,11019.914925,11021.000000,2.076244,2.452909,422.608682,422.608963,65750,3205414,3600.000000,64,15,0,GUROBI,1,0,0,0,57,15,0,0,1,0,0
