instanceIndex,seedIndex,vpcGenerator,terms,lpBound,disjunctiveDualBound,lpBoundPostVpc,rootDualBound,dualBound,primalBound,vpcGenerationTime,rootDualBoundTime,bestSolutionTime,terminationTime,nodes,iterations,maxTime,actualTerms,numCuts,cutLimit,mipSolver,providePrimalBound,infeasibleTerms,feasibleToInfeasibleTerms,infeasibleToFeasibleTerms,termRemainsFeasibleBasisInfeasible,cutsChangedCoefficients,feasibleTermsPrunedByBound,tighten_disjunction,tighten_matrix_perturbation,tighten_infeasible_to_feasible_term,tighten_feasible_to_infeasible_basis
0,0,New,64,95919464.000000,102291675.000000,99328762.662651,106929683.664870,106940226.000000,106940226.000000,7.829063,7.933882,7.938783,7.939670,7,358,3600.000000,64,3,19,GUROBI,1,0,0,0,0,0,0,0,0,0,0
1,0,Term,64,95244875.748450,99977303.480396,96605308.615541,104839036.855652,105214785.875000,105214785.875000,0.191801,0.313240,0.325568,0.338325,31,636,3600.000000,64,3,0,GUROBI,1,0,0,0,64,3,0,0,0,1,0
2,0,Term,64,75975229.721306,79937376.766760,78092922.383956,87265044.534893,87390590.500000,87390590.500000,0.236744,0.393401,0.418703,0.423213,27,705,3600.000000,64,3,0,GUROBI,1,0,0,0,64,3,0,0,0,1,0
3,0,Term,64,97635257.226068,102481288.489548,99406145.513234,107451867.417029,107621779.500000,107621779.500000,0.208780,0.335175,0.339265,0.347269,16,473,3600.000000,64,3,0,GUROBI,1,0,0,0,64,3,0,0,0,1,0
4,0,Term,64,88902677.557471,94090409.573575,91988837.416448,98603045.048755,99105005.500000,99105005.500000,0.155180,0.282613,0.324294,0.326733,36,799,3600.000000,64,3,0,GUROBI,1,0,0,0,64,3,0,0,0,1,0
5,0,Term,64,66835790.469401,68566696.437218,66835790.469401,72506547.232593,72840901.898551,72840901.898551,0.331133,0.416967,0.426360,0.436035,22,433,3600.000000,64,3,0,GUROBI,1,0,0,0,64,3,0,0,0,1,0
