instanceIndex,seedIndex,vpcGenerator,terms,lpBound,disjunctiveDualBound,lpBoundPostVpc,rootDualBound,dualBound,primalBound,vpcGenerationTime,rootDualBoundTime,bestSolutionTime,terminationTime,nodes,iterations,maxTime,actualTerms,numCuts,cutLimit,mipSolver,providePrimalBound,infeasibleTerms,feasibleToInfeasibleTerms,infeasibleToFeasibleTerms,termRemainsFeasibleBasisInfeasible,cutsChangedCoefficients,feasibleTermsPrunedByBound,tighten_disjunction,tighten_matrix_perturbation,tighten_infeasible_to_feasible_term,tighten_feasible_to_infeasible_basis
0,0,New,64,95919464.000000,102291675.000000,99328762.662651,106920712.985292,106932242.082178,106940226.000000,8.866909,8.972142,8.979088,8.979219,8,369,3600.000000,64,3,19,GUROBI,1,0,0,0,0,0,0,0,0,0,0
1,0,Disjunction,64,95244875.748450,99977303.480396,96605308.615541,104897767.977626,105214785.875000,105214785.875000,0.201533,0.343671,0.354630,0.370748,27,763,3600.000000,64,3,0,GUROBI,1,0,0,0,64,3,0,1,0,0,0
2,0,Disjunction,64,75975229.721306,79937376.766760,78092922.383956,87265044.534893,87390590.500000,87390590.500000,0.250200,0.407141,0.432681,0.437347,27,698,3600.000000,64,3,0,GUROBI,1,0,0,0,64,3,0,1,0,0,0
3,0,Disjunction,64,97635257.226068,102481288.489548,99406145.513234,107447618.584221,107621779.500000,107621779.500000,0.214091,0.334487,0.341312,0.344280,14,469,3600.000000,64,3,0,GUROBI,1,0,0,0,64,3,0,1,0,0,0
4,0,Disjunction,64,88902677.557471,94090409.573575,91988837.416448,98867061.617045,99105005.500000,99105005.500000,0.200359,0.332274,0.358208,0.358407,28,638,3600.000000,64,3,0,GUROBI,1,0,0,0,64,3,0,1,0,0,0
5,0,Disjunction,64,66835790.469401,68566696.437218,66835790.469401,72480227.612529,72840901.898551,72840901.898551,0.358320,0.442618,0.449364,0.455126,15,368,3600.000000,64,3,0,GUROBI,1,0,0,0,64,3,0,1,0,0,0
