instanceIndex,seedIndex,vpcGenerator,terms,lpBound,disjunctiveDualBound,lpBoundPostVpc,rootDualBound,dualBound,primalBound,vpcGenerationTime,rootDualBoundTime,bestSolutionTime,terminationTime,nodes,iterations,maxTime,actualTerms,numCuts,cutLimit,mipSolver,providePrimalBound,infeasibleTerms,feasibleToInfeasibleTerms,infeasibleToFeasibleTerms,termRemainsFeasibleBasisInfeasible,cutsChangedCoefficients,feasibleTermsPrunedByBound,tighten_disjunction,tighten_matrix_perturbation,tighten_infeasible_to_feasible_term,tighten_feasible_to_infeasible_basis
0,0,New,4,95919464.000000,97834834.000000,97308834.000000,106930063.482196,106940226.000000,106940226.000000,0.944862,1.061385,1.067244,1.068326,6,353,3600.000000,4,14,19,GUROBI,1,0,0,0,0,0,0,0,0,0,0
1,0,New,4,95244875.748450,96540212.248450,95689555.541763,104832641.007507,105214785.875000,105214785.875000,0.732534,0.845558,0.863386,0.875249,27,635,3600.000000,4,12,16,GUROBI,1,0,0,0,0,0,0,0,0,0,0
2,0,New,4,75975229.721306,78762729.721306,78762729.721306,87256996.621140,87390590.500000,87390590.500000,0.516954,0.686434,0.710440,0.713347,23,732,3600.000000,4,4,22,GUROBI,1,0,0,0,0,0,0,0,0,0,0
3,0,New,4,97635257.226068,100334136.850584,100256095.007382,107451878.919640,107621779.500000,107621779.500000,0.927175,1.051648,1.055521,1.059816,14,453,3600.000000,4,17,17,GUROBI,1,0,0,0,0,0,0,0,0,0,0
4,0,New,4,88902677.557471,91484460.557471,91446601.251349,98610376.091502,99105005.500000,99105005.500000,0.515455,0.617142,0.652128,0.655296,42,711,3600.000000,4,4,19,GUROBI,1,0,0,0,0,0,0,0,0,0,0
5,0,New,4,66835790.469401,68245114.964807,68173724.553727,72466669.707747,72840901.898551,72840901.898551,0.792898,0.875381,0.885366,0.893839,20,435,3600.000000,4,7,13,GUROBI,1,0,0,0,0,0,0,0,0,0,0
