instanceIndex,seedIndex,vpcGenerator,terms,lpBound,disjunctiveDualBound,lpBoundPostVpc,rootDualBound,dualBound,primalBound,vpcGenerationTime,rootDualBoundTime,bestSolutionTime,terminationTime,nodes,iterations,maxTime,actualTerms,numCuts,cutLimit,mipSolver,providePrimalBound,infeasibleTerms,feasibleToInfeasibleTerms,infeasibleToFeasibleTerms,termRemainsFeasibleBasisInfeasible,cutsChangedCoefficients,feasibleTermsPrunedByBound,tighten_disjunction,tighten_matrix_perturbation,tighten_infeasible_to_feasible_term,tighten_feasible_to_infeasible_basis
0,0,None,4,95919464.000000,95919464.000000,95919464.000000,106929683.664870,106940226.000000,106940226.000000,0.000024,0.134494,0.140038,0.140975,7,358,3600.000000,0,0,0,GUROBI,1,0,0,0,0,0,0,0,0,0,0
1,0,None,4,59856751.767080,59856751.767080,59856751.767080,66020379.524112,66139554.030354,66139554.030354,0.000002,0.096279,0.101732,0.103599,10,274,3600.000000,0,0,0,GUROBI,1,0,0,0,0,0,0,0,0,0,0
2,0,None,4,51574381.943106,51574381.943106,51574381.943106,54715174.062050,54717040.741749,54717040.741749,0.000001,0.038952,0.000001,0.040197,1,131,3600.000000,0,0,0,GUROBI,1,0,0,0,0,0,0,0,0,0,0
3,0,None,4,51936457.014047,51936457.014047,51936457.014047,56113296.992511,56434388.260218,56434388.260218,0.000002,0.114660,0.117057,0.130219,12,386,3600.000000,0,0,0,GUROBI,1,0,0,0,0,0,0,0,0,0,0
4,0,None,4,34134696.732063,34134696.732063,34134696.732063,34233286.169525,34233687.876537,34233687.876537,0.000002,0.037398,0.000002,0.038520,1,89,3600.000000,0,0,0,GUROBI,1,0,0,0,0,0,0,0,0,0,0
5,0,None,4,60278571.924391,60278571.924391,60278571.924391,63315149.448460,63562536.501615,63562536.501615,0.000002,0.134094,0.146625,0.147520,11,381,3600.000000,0,0,0,GUROBI,1,0,0,0,0,0,0,0,0,0,0
