instanceIndex,seedIndex,vpcGenerator,terms,lpBound,disjunctiveDualBound,lpBoundPostVpc,rootDualBound,dualBound,primalBound,vpcGenerationTime,rootDualBoundTime,bestSolutionTime,terminationTime,nodes,iterations,maxTime,actualTerms,numCuts,cutLimit,mipSolver,providePrimalBound,infeasibleTerms,feasibleToInfeasibleTerms,infeasibleToFeasibleTerms,termRemainsFeasibleBasisInfeasible,cutsChangedCoefficients,feasibleTermsPrunedByBound,tighten_disjunction,tighten_matrix_perturbation,tighten_infeasible_to_feasible_term,tighten_feasible_to_infeasible_basis
0,0,New,64,3.000000,3.000000,3.000000,4.000000,4.000000,4.000000,22.095434,22.407093,22.095434,22.418575,1,1667,3600.000000,64,2,456,GUROBI,1,16,0,0,0,0,0,0,0,0,0
1,0,All,64,3.000000,3.000000,3.000000,3.500000,4.000000,4.000000,1.088431,1.527509,1.088431,1.538066,1,1759,3600.000000,64,2,0,GUROBI,1,16,0,0,0,0,0,1,1,1,1
2,0,All,64,3.000000,3.000000,3.000000,3.500000,4.000000,4.000000,1.071755,1.508156,1.071755,1.517796,1,1647,3600.000000,64,2,0,GUROBI,1,16,0,0,0,0,0,1,1,1,1
3,0,All,64,3.000000,3.000000,3.000000,3.500000,4.000000,4.000000,1.071589,1.513651,1.071589,1.524274,1,1759,3600.000000,64,2,0,GUROBI,1,16,0,0,0,0,0,1,1,1,1
4,0,All,64,2.500000,2.500000,2.500000,3.000000,3.500000,3.500000,2.727748,3.141229,2.727748,3.152199,1,1470,3600.000000,64,2,0,GUROBI,1,16,0,0,0,0,0,1,1,1,1
5,0,All,64,3.000000,3.000000,3.000000,4.000000,4.000000,4.000000,1.071961,1.384900,1.071961,1.396547,1,1667,3600.000000,64,2,0,GUROBI,1,16,0,0,0,0,0,1,1,1,1
