instanceIndex,seedIndex,vpcGenerator,terms,lpBound,disjunctiveDualBound,lpBoundPostVpc,rootDualBound,dualBound,primalBound,vpcGenerationTime,rootDualBoundTime,bestSolutionTime,terminationTime,nodes,iterations,maxTime,actualTerms,numCuts,cutLimit,mipSolver,providePrimalBound,infeasibleTerms,feasibleToInfeasibleTerms,infeasibleToFeasibleTerms,termRemainsFeasibleBasisInfeasible,cutsChangedCoefficients,feasibleTermsPrunedByBound,tighten_disjunction,tighten_matrix_perturbation,tighten_infeasible_to_feasible_term,tighten_feasible_to_infeasible_basis
0,0,None,64,3.000000,3.000000,3.000000,4.000000,4.000000,4.000000,0.000002,0.332006,0.000002,0.340188,1,1678,3600.000000,0,0,0,GUROBI,1,0,0,0,0,0,0,0,0,0,0
1,0,None,64,3.000000,3.000000,3.000000,4.000000,4.000000,4.000000,0.000002,0.331895,0.000002,0.339973,1,1469,3600.000000,0,0,0,GUROBI,1,0,0,0,0,0,0,0,0,0,0
2,0,None,64,3.000000,3.000000,3.000000,4.000000,4.000000,4.000000,0.000002,0.330693,0.000002,0.338725,1,1469,3600.000000,0,0,0,GUROBI,1,0,0,0,0,0,0,0,0,0,0
3,0,None,64,3.000000,3.000000,3.000000,4.000000,4.000000,4.000000,0.000002,0.332517,0.000002,0.340731,1,1469,3600.000000,0,0,0,GUROBI,1,0,0,0,0,0,0,0,0,0,0
4,0,None,64,2.500000,2.500000,2.500000,3.000000,3.500000,3.500000,0.000002,0.494521,0.000002,0.507070,1,1971,3600.000000,0,0,0,GUROBI,1,0,0,0,0,0,0,0,0,0,0
5,0,None,64,3.000000,3.000000,3.000000,4.000000,4.000000,4.000000,0.000002,0.338066,0.000002,0.346208,1,1678,3600.000000,0,0,0,GUROBI,1,0,0,0,0,0,0,0,0,0,0
