instanceIndex,seedIndex,vpcGenerator,terms,lpBound,disjunctiveDualBound,lpBoundPostVpc,rootDualBound,dualBound,primalBound,vpcGenerationTime,rootDualBoundTime,bestSolutionTime,terminationTime,nodes,iterations,maxTime,actualTerms,numCuts,cutLimit,mipSolver,providePrimalBound,infeasibleTerms,feasibleToInfeasibleTerms,infeasibleToFeasibleTerms,termRemainsFeasibleBasisInfeasible,cutsChangedCoefficients,feasibleTermsPrunedByBound,tighten_disjunction,tighten_matrix_perturbation,tighten_infeasible_to_feasible_term,tighten_feasible_to_infeasible_basis
0,0,New,4,3.000000,3.000000,3.000000,4.000000,4.000000,4.000000,1.957600,2.317164,1.957600,2.327828,1,1763,3600.000000,4,4,456,GUROBI,1,0,0,0,0,0,0,0,0,0,0
1,0,New,4,3.000000,3.000000,3.000000,3.500000,4.000000,4.000000,1.942994,2.424893,1.942994,2.435798,1,1883,3600.000000,4,4,456,GUROBI,1,0,0,0,0,0,0,0,0,0,0
2,0,New,4,3.000000,3.000000,3.000000,3.500000,4.000000,4.000000,1.938391,2.416918,1.938391,2.427550,1,1781,3600.000000,4,4,456,GUROBI,1,0,0,0,0,0,0,0,0,0,0
3,0,New,4,3.000000,3.000000,3.000000,3.500000,4.000000,4.000000,1.939822,2.422798,1.939822,2.433724,1,1883,3600.000000,4,4,456,GUROBI,1,0,0,0,0,0,0,0,0,0,0
4,0,New,4,2.500000,2.500000,2.500000,3.500000,3.500000,3.500000,1.870197,2.169826,1.870197,2.178138,1,1446,3600.000000,4,2,478,GUROBI,1,0,0,0,0,0,0,0,0,0,0
5,0,New,4,3.000000,3.000000,3.000000,3.500000,4.000000,4.000000,1.939497,2.437845,1.939497,2.448966,1,1850,3600.000000,4,4,456,GUROBI,1,0,0,0,0,0,0,0,0,0,0
