instanceIndex,seedIndex,vpcGenerator,terms,lpBound,disjunctiveDualBound,lpBoundPostVpc,rootDualBound,dualBound,primalBound,vpcGenerationTime,rootDualBoundTime,bestSolutionTime,terminationTime,nodes,iterations,maxTime,actualTerms,numCuts,cutLimit,mipSolver,providePrimalBound,infeasibleTerms,feasibleToInfeasibleTerms,infeasibleToFeasibleTerms,termRemainsFeasibleBasisInfeasible,cutsChangedCoefficients,feasibleTermsPrunedByBound,tighten_disjunction,tighten_matrix_perturbation,tighten_infeasible_to_feasible_term,tighten_feasible_to_infeasible_basis
0,0,New,64,3.000000,3.000000,3.000000,4.000000,4.000000,4.000000,21.222632,21.543972,21.222632,21.553453,1,1476,3600.000000,64,2,456,GUROBI,1,16,0,0,0,0,0,0,0,0,0
1,0,Basis,64,2.875000,2.875000,2.875000,3.875000,3.875000,3.875000,1.593229,1.914529,1.593229,1.926019,1,1417,3600.000000,64,2,0,GUROBI,1,16,0,0,0,0,0,0,0,0,1
2,0,Basis,64,3.000000,3.000000,3.000000,3.500000,4.000000,4.000000,1.093878,1.525320,1.093878,1.535903,1,1588,3600.000000,64,2,0,GUROBI,1,16,0,0,0,0,0,0,0,0,1
3,0,Basis,64,2.504464,2.504464,2.504464,3.625000,3.750000,3.750000,1.422920,1.837624,1.422920,1.847581,1,1524,3600.000000,64,2,0,GUROBI,1,16,0,0,0,0,0,0,0,0,1
4,0,Basis,64,3.000000,3.000000,3.000000,3.500000,4.000000,4.000000,1.139243,1.591013,1.139243,1.605994,1,1527,3600.000000,64,2,0,GUROBI,1,16,0,0,0,0,0,0,0,0,1
5,0,Basis,64,2.875000,2.875000,2.875000,3.375000,3.875000,3.875000,1.307668,1.837932,1.307668,1.857217,1,2016,3600.000000,64,2,0,GUROBI,1,16,0,0,0,0,0,0,0,0,1
