instanceIndex,seedIndex,vpcGenerator,terms,lpBound,disjunctiveDualBound,lpBoundPostVpc,rootDualBound,dualBound,primalBound,vpcGenerationTime,rootDualBoundTime,bestSolutionTime,terminationTime,nodes,iterations,maxTime,actualTerms,numCuts,cutLimit,mipSolver,providePrimalBound,infeasibleTerms,feasibleToInfeasibleTerms,infeasibleToFeasibleTerms,termRemainsFeasibleBasisInfeasible,cutsChangedCoefficients,feasibleTermsPrunedByBound,tighten_disjunction,tighten_matrix_perturbation,tighten_infeasible_to_feasible_term,tighten_feasible_to_infeasible_basis
0,0,New,64,348385.346551,368500.429163,350920.828243,1308416.498860,1470038.380603,1480195.000000,12.197430,23.461363,813.778397,3612.199932,15772,2059715,3600.000000,64,3,527,GUROBI,1,40,0,0,0,0,0,0,0,0,0
1,0,Farkas,64,-3628897.015165,-3620141.692769,-3628571.329079,-2191233.092531,-2112200.034922,-2112200.034922,1.716540,6.137153,19.543021,19.543231,588,37221,3600.000000,64,3,0,GUROBI,1,40,0,0,0,0,0,0,0,0,0
2,0,Farkas,64,228245.235252,244530.408331,229084.760033,1196303.737997,1390644.453824,1398587.000000,0.903466,8.888585,837.194183,3600.904622,18449,2040437,3600.000000,64,3,0,GUROBI,1,40,0,0,0,0,0,0,0,0,0
3,0,Farkas,64,-404451.640202,-383403.428727,-402826.906223,635520.412704,829503.385775,838983.000000,0.964150,6.892503,2155.409950,3600.966230,59375,9111904,3600.000000,64,3,0,GUROBI,1,40,0,0,0,0,0,0,0,0,0
4,0,Farkas,64,-132704.462735,-117458.334927,-131748.045594,912846.435826,1106179.335193,1119041.000000,0.918947,7.416565,3577.133974,3600.920999,47026,6695554,3600.000000,64,3,0,GUROBI,1,40,0,0,0,0,0,0,0,0,0
