instanceIndex,seedIndex,vpcGenerator,terms,lpBound,disjunctiveDualBound,lpBoundPostVpc,rootDualBound,dualBound,primalBound,vpcGenerationTime,rootDualBoundTime,bestSolutionTime,terminationTime,nodes,iterations,maxTime,actualTerms,numCuts,cutLimit,mipSolver,providePrimalBound,infeasibleTerms,feasibleToInfeasibleTerms,infeasibleToFeasibleTerms,termRemainsFeasibleBasisInfeasible,cutsChangedCoefficients,feasibleTermsPrunedByBound,tighten_disjunction,tighten_matrix_perturbation,tighten_infeasible_to_feasible_term,tighten_feasible_to_infeasible_basis
0,0,None,64,348385.346551,348385.346551,348385.346551,1317281.330232,1467316.963708,1480195.000000,0.000002,15.516372,1916.471059,3600.003389,20745,2704294,3600.000000,0,0,0,GUROBI,1,0,0,0,0,0,0,0,0,0,0
1,0,None,64,307888.450269,307888.450269,307888.450269,1193738.808629,1286490.348891,1286618.166667,0.000002,8.257303,126.960436,227.948307,4834,327088,3600.000000,0,0,0,GUROBI,1,0,0,0,0,0,0,0,0,0,0
2,0,None,64,320343.605591,320343.605591,320343.605591,1227885.016246,1357878.655003,1358012.750000,0.000003,8.334005,1080.355215,1082.637370,7216,478669,3600.000000,0,0,0,GUROBI,1,0,0,0,0,0,0,0,0,0,0
3,0,None,64,299251.550633,299251.550633,299251.550633,904037.420362,1192754.972869,1192758.625000,0.000002,2.383241,143.351404,357.487866,10393,296468,3600.000000,0,0,0,GUROBI,1,0,0,0,0,0,0,0,0,0,0
4,0,None,64,304973.603559,304973.603559,304973.603559,1152930.516109,1263570.770833,1263570.770833,0.000002,4.619005,1326.174452,1326.176101,10746,414100,3600.000000,0,0,0,GUROBI,1,0,0,0,0,0,0,0,0,0,0
5,0,None,64,282995.415794,282995.415794,282995.415794,834980.546581,1122444.433082,1122555.750000,0.000002,2.151583,233.397745,242.854415,17754,476606,3600.000000,0,0,0,GUROBI,1,0,0,0,0,0,0,0,0,0,0
