instanceIndex,seedIndex,vpcGenerator,terms,lpBound,disjunctiveDualBound,lpBoundPostVpc,rootDualBound,dualBound,primalBound,vpcGenerationTime,rootDualBoundTime,bestSolutionTime,terminationTime,nodes,iterations,maxTime,actualTerms,numCuts,cutLimit,mipSolver,providePrimalBound,infeasibleTerms,feasibleToInfeasibleTerms,infeasibleToFeasibleTerms,termRemainsFeasibleBasisInfeasible,cutsChangedCoefficients,feasibleTermsPrunedByBound,tighten_disjunction,tighten_matrix_perturbation,tighten_infeasible_to_feasible_term,tighten_feasible_to_infeasible_basis
0,0,New,64,348385.346551,368500.429163,350920.828243,1314348.652859,1467906.439378,1480195.000000,19.026531,34.064279,3619.028344,3619.028999,15548,2081057,3600.000000,64,3,527,GUROBI,1,40,0,0,0,0,0,0,0,0,0
1,0,Disjunction,64,-3628897.015165,-3620141.692769,-3628571.329079,-2225250.642296,-2112311.443681,-2112200.000000,2.096688,7.633512,59.970648,61.620973,796,61257,3600.000000,64,3,0,GUROBI,1,40,0,0,0,0,0,1,0,0,0
2,0,Disjunction,64,228245.235252,244530.408331,229084.760033,1213065.044839,1384494.826326,1398587.000000,1.461950,13.547407,3601.464841,3601.466219,20590,2307219,3600.000000,64,3,0,GUROBI,1,40,0,0,0,0,0,1,0,0,0
3,0,Disjunction,64,-404451.640202,-383403.428727,-402826.906223,659587.627409,828097.826989,838983.000000,1.551821,13.009545,3601.556866,3601.560360,33270,4880908,3600.000000,64,3,0,GUROBI,1,40,0,0,0,0,0,1,0,0,0
4,0,Disjunction,64,-132704.462735,-117458.334927,-131748.045594,931116.891980,1102452.578489,1119041.000000,1.696307,15.370051,1833.528518,3601.700565,34882,5019172,3600.000000,64,3,0,GUROBI,1,40,0,0,0,0,0,1,0,0,0
