instanceIndex,seedIndex,vpcGenerator,terms,lpBound,disjunctiveDualBound,lpBoundPostVpc,rootDualBound,dualBound,primalBound,vpcGenerationTime,rootDualBoundTime,bestSolutionTime,terminationTime,nodes,iterations,maxTime,actualTerms,numCuts,cutLimit,mipSolver,providePrimalBound,infeasibleTerms,feasibleToInfeasibleTerms,infeasibleToFeasibleTerms,termRemainsFeasibleBasisInfeasible,cutsChangedCoefficients,feasibleTermsPrunedByBound,tighten_disjunction,tighten_matrix_perturbation,tighten_infeasible_to_feasible_term,tighten_feasible_to_infeasible_basis
0,0,New,4,348385.346551,356323.726173,348978.730806,1313753.926969,1469112.993970,1480195.000000,2.911507,17.399167,3466.976859,3602.915383,16625,2063969,3600.000000,4,6,527,GUROBI,1,0,0,0,0,0,0,0,0,0,0
1,0,Term,4,-3628897.015165,-3627766.969480,-3628897.015165,-2195772.857443,-2112318.219304,-2112200.000000,0.121674,6.595544,264.493339,264.493801,823,86645,3600.000000,4,6,0,GUROBI,1,0,0,0,0,0,0,0,0,1,0
2,0,Term,4,228245.235252,233426.704908,228670.286515,1211365.761132,1386659.393872,1398587.000000,0.083527,12.030878,1563.477215,3600.104022,15636,1941206,3600.000000,4,6,0,GUROBI,1,0,0,0,0,0,0,0,0,1,0
3,0,Term,4,-404451.640202,-393816.887061,-404179.544670,641048.171547,824579.273447,838983.000000,0.089034,10.493847,2532.966565,3600.094921,28898,4428611,3600.000000,4,6,0,GUROBI,1,0,0,0,0,0,0,0,0,1,0
4,0,Term,4,-132704.462735,-124778.457030,-131989.054170,910596.082425,1104411.436207,1119041.000000,0.093246,11.771241,1239.240833,3600.097579,36602,5102561,3600.000000,4,6,0,GUROBI,1,0,0,0,0,0,0,0,0,1,0
