instanceIndex,seedIndex,vpcGenerator,terms,lpBound,disjunctiveDualBound,lpBoundPostVpc,rootDualBound,dualBound,primalBound,vpcGenerationTime,rootDualBoundTime,bestSolutionTime,terminationTime,nodes,iterations,maxTime,actualTerms,numCuts,cutLimit,mipSolver,providePrimalBound,infeasibleTerms,feasibleToInfeasibleTerms,infeasibleToFeasibleTerms,termRemainsFeasibleBasisInfeasible,cutsChangedCoefficients,feasibleTermsPrunedByBound,tighten_disjunction,tighten_matrix_perturbation,tighten_infeasible_to_feasible_term,tighten_feasible_to_infeasible_basis
0,0,None,4,44256073.226997,44256073.226997,44256073.226997,44444736.429268,44475472.140129,44479834.456608,0.000003,4.551820,88.259061,89.443141,1926,150218,3600.000000,0,0,0,GUROBI,1,0,0,0,0,0,0,0,0,0,0
1,0,None,4,-304145740.934167,-304145740.934167,-304145740.934167,-293353883.669037,-286496155.956597,-286472400.921140,0.000003,7.233829,569.373878,569.375269,9519,1166890,3600.000000,0,0,0,GUROBI,1,0,0,0,0,0,0,0,0,0,0
2,0,None,4,-1045581379.711904,-1045581379.711904,-1045581379.711904,-1027727493.434827,-1015174169.771299,-1015072674.680399,0.000003,6.591386,271.319400,1000.438478,32055,2268467,3600.000000,0,0,0,GUROBI,1,0,0,0,0,0,0,0,0,0,0
3,0,None,4,-490819036.448412,-490819036.448412,-490819036.448412,-478515766.617684,-473615961.477570,-473579056.635478,0.000003,4.569737,205.124624,209.019705,10520,430928,3600.000000,0,0,0,GUROBI,1,0,0,0,0,0,0,0,0,0,0
4,0,None,4,-669128158.148674,-669128158.148674,-669128158.148674,-639338929.548220,-624105402.552679,-624043674.148234,0.000003,7.312233,192.693170,192.694565,5119,346378,3600.000000,0,0,0,GUROBI,1,0,0,0,0,0,0,0,0,0,0
5,0,None,4,-613391013.934773,-613391013.934773,-613391013.934773,-587028253.818350,-566363616.146914,-566307295.692859,0.000002,6.415655,99.605059,99.606164,3897,181973,3600.000000,0,0,0,GUROBI,1,0,0,0,0,0,0,0,0,0,0
