instanceIndex,seedIndex,vpcGenerator,terms,lpBound,disjunctiveDualBound,lpBoundPostVpc,rootDualBound,dualBound,primalBound,vpcGenerationTime,rootDualBoundTime,bestSolutionTime,terminationTime,nodes,iterations,maxTime,actualTerms,numCuts,cutLimit,mipSolver,providePrimalBound,infeasibleTerms,feasibleToInfeasibleTerms,infeasibleToFeasibleTerms,termRemainsFeasibleBasisInfeasible,cutsChangedCoefficients,feasibleTermsPrunedByBound,tighten_disjunction,tighten_matrix_perturbation,tighten_infeasible_to_feasible_term,tighten_feasible_to_infeasible_basis
0,0,None,64,44256073.226997,44256073.226997,44256073.226997,44445189.461596,44476105.326182,44479524.359174,0.000003,4.482425,101.311548,101.315991,2341,140884,3600.000000,0,0,0,GUROBI,1,0,0,0,0,0,0,0,0,0,0
1,0,None,64,-304145740.934167,-304145740.934167,-304145740.934167,-293034852.543438,-286496187.595046,-286472400.921140,0.000003,7.744303,540.950942,1063.470027,19778,2310526,3600.000000,0,0,0,GUROBI,1,0,0,0,0,0,0,0,0,0,0
2,0,None,64,-1045581379.711904,-1045581379.711904,-1045581379.711904,-1027676987.384728,-1015163683.418415,-1015072674.680399,0.000003,8.001158,396.592027,396.596738,10801,764637,3600.000000,0,0,0,GUROBI,1,0,0,0,0,0,0,0,0,0,0
3,0,None,64,-490819036.448412,-490819036.448412,-490819036.448412,-478119981.896524,-473623431.141291,-473579056.635478,0.000003,5.248565,103.404774,103.406072,4834,171162,3600.000000,0,0,0,GUROBI,1,0,0,0,0,0,0,0,0,0,0
4,0,None,64,-669128158.148674,-669128158.148674,-669128158.148674,-639921967.025428,-624105634.127348,-624043674.621933,0.000002,7.211783,120.598297,146.398928,2776,210151,3600.000000,0,0,0,GUROBI,1,0,0,0,0,0,0,0,0,0,0
5,0,None,64,-613391013.934773,-613391013.934773,-613391013.934773,-587332022.578832,-566374219.292888,-566317721.226622,0.000004,6.645851,108.137800,108.991158,4709,162561,3600.000000,0,0,0,GUROBI,1,0,0,0,0,0,0,0,0,0,0
