instanceIndex,seedIndex,vpcGenerator,terms,lpBound,disjunctiveDualBound,lpBoundPostVpc,rootDualBound,dualBound,primalBound,vpcGenerationTime,rootDualBoundTime,bestSolutionTime,terminationTime,nodes,iterations,maxTime,actualTerms,numCuts,cutLimit,mipSolver,providePrimalBound,infeasibleTerms,feasibleToInfeasibleTerms,infeasibleToFeasibleTerms,termRemainsFeasibleBasisInfeasible,cutsChangedCoefficients,feasibleTermsPrunedByBound,tighten_disjunction,tighten_matrix_perturbation,tighten_infeasible_to_feasible_term,tighten_feasible_to_infeasible_basis
0,0,None,64,0.000000,0.000000,0.000000,0.000000,-0.000000,1.000000,0.000024,0.025149,1.025741,1.025828,21351,41779,3600.000000,0,0,0,GUROBI,1,0,0,0,0,0,0,0,0,0,0
1,0,None,64,0.000000,0.000000,0.000000,0.000000,0.000000,1.000000,0.000002,0.022724,3348.871221,3600.000434,33083479,65583992,3600.000000,0,0,0,GUROBI,1,0,0,0,0,0,0,0,0,0,0
2,0,None,64,0.000000,0.000000,0.000000,0.000000,1.000000,1.000000,0.000001,0.026101,695.405779,3147.673100,18903560,35159246,3600.000000,0,0,0,GUROBI,1,0,0,0,0,0,0,0,0,0,0
3,0,None,64,0.000000,0.000000,0.000000,0.000000,-0.000000,1.000000,0.000001,0.022433,3600.000424,3600.000546,33354333,74273003,3600.000000,0,0,0,GUROBI,1,0,0,0,0,0,0,0,0,0,0
4,0,None,64,0.000000,0.000000,0.000000,0.000000,-0.000000,1.000000,0.000003,0.024856,618.026109,3600.000601,26126461,51584363,3600.000000,0,0,0,GUROBI,1,0,0,0,0,0,0,0,0,0,0
