instanceIndex,seedIndex,vpcGenerator,terms,lpBound,disjunctiveDualBound,lpBoundPostVpc,rootDualBound,dualBound,primalBound,vpcGenerationTime,rootDualBoundTime,bestSolutionTime,terminationTime,nodes,iterations,maxTime,actualTerms,numCuts,cutLimit,mipSolver,providePrimalBound,infeasibleTerms,feasibleToInfeasibleTerms,infeasibleToFeasibleTerms,termRemainsFeasibleBasisInfeasible,cutsChangedCoefficients,feasibleTermsPrunedByBound,tighten_disjunction,tighten_matrix_perturbation,tighten_infeasible_to_feasible_term,tighten_feasible_to_infeasible_basis
0,0,New,64,10482.795280,10660.962990,10658.955923,10659.863088,11800.016439,11801.185350,5.393321,5.458783,62.846376,1922.852881,3062633,18897734,3600.000000,64,12,12,GUROBI,1,0,0,0,0,0,0,0,0,0,0
1,0,Disjunction,64,10482.803093,10660.970803,10658.963735,10659.870901,11800.013374,11801.193163,0.081535,0.153464,3.100254,1759.190772,2624440,16129530,3600.000000,64,12,0,GUROBI,1,0,0,0,0,0,0,1,0,0,0
2,0,Disjunction,64,10482.795280,10660.962990,10658.955923,10659.863089,11800.008357,11801.185350,0.076447,0.141307,2591.798830,3376.592625,4888087,28794273,3600.000000,64,12,0,GUROBI,1,0,0,0,0,0,0,1,0,0,0
3,0,Disjunction,64,10482.795280,10660.962990,10658.955923,10659.862637,11566.547129,11801.185350,0.078920,0.145271,53.894710,3600.079864,5597572,32170734,3600.000000,64,12,0,GUROBI,1,0,0,0,0,0,0,1,0,0,0
4,0,Disjunction,64,10482.797352,10660.970803,10658.963735,10659.868218,11800.013944,11801.185350,0.079734,0.142411,2201.046211,2201.046397,3166283,19271457,3600.000000,64,12,0,GUROBI,1,0,0,0,0,0,0,1,0,0,0
