instanceIndex,seedIndex,vpcGenerator,terms,lpBound,disjunctiveDualBound,lpBoundPostVpc,rootDualBound,dualBound,primalBound,vpcGenerationTime,rootDualBoundTime,bestSolutionTime,terminationTime,nodes,iterations,maxTime,actualTerms,numCuts,cutLimit,mipSolver,providePrimalBound,infeasibleTerms,feasibleToInfeasibleTerms,infeasibleToFeasibleTerms,termRemainsFeasibleBasisInfeasible,cutsChangedCoefficients,feasibleTermsPrunedByBound,tighten_disjunction,tighten_matrix_perturbation,tighten_infeasible_to_feasible_term,tighten_feasible_to_infeasible_basis
0,0,New,64,10482.795280,10660.962990,10658.955923,10659.863088,11800.005757,11801.185350,5.185066,5.250761,28.796833,2508.441443,3894536,23763184,3600.000000,64,12,12,GUROBI,1,0,0,0,0,0,0,0,0,0,0
1,0,Matrix,64,10482.695206,10660.857565,10658.851150,10659.758716,11799.661027,11800.840155,0.091969,0.156218,1821.352704,1821.352901,2721138,16852423,3600.000000,64,12,0,GUROBI,1,0,0,0,0,0,0,0,1,0,0
2,0,Matrix,64,10482.950648,10661.129560,10659.101200,10659.997888,11800.007625,11801.165166,0.081875,0.150182,2886.576014,2886.576207,4298532,26304225,3600.000000,64,12,0,GUROBI,1,0,0,0,0,0,0,0,1,0,0
3,0,Matrix,64,5471.216645,5634.785800,5624.520080,5624.739167,6570.609147,6571.262680,0.096170,0.162843,1409.115420,1409.115594,2076056,11987395,3600.000000,64,12,0,GUROBI,1,0,0,0,63,0,0,0,1,0,0
4,0,Matrix,64,15517.164770,15699.835901,15677.855046,15675.829300,16775.694172,16777.370870,0.093125,0.147417,17.773000,2041.928331,3143480,17702932,3600.000000,64,12,0,GUROBI,1,0,0,0,64,0,0,0,1,0,0
