instanceIndex,seedIndex,vpcGenerator,terms,lpBound,disjunctiveDualBound,lpBoundPostVpc,rootDualBound,dualBound,primalBound,vpcGenerationTime,rootDualBoundTime,bestSolutionTime,terminationTime,nodes,iterations,maxTime,actualTerms,numCuts,cutLimit,mipSolver,providePrimalBound,infeasibleTerms,feasibleToInfeasibleTerms,infeasibleToFeasibleTerms,termRemainsFeasibleBasisInfeasible,cutsChangedCoefficients,feasibleTermsPrunedByBound,tighten_disjunction,tighten_matrix_perturbation,tighten_infeasible_to_feasible_term,tighten_feasible_to_infeasible_basis
0,0,New,64,38893.903641,39041.736508,39028.895865,39034.629721,40001.055848,40005.053810,4.759667,4.915181,314.280278,314.280482,373920,2646642,3600.000000,64,11,11,GUROBI,1,0,0,0,0,0,0,0,0,0,0
1,0,Term,64,17947.610575,17947.610574,17947.610575,17947.610575,17947.610330,17947.610730,0.279583,0.285180,0.279583,0.285180,0,0,3600.000000,64,11,0,GUROBI,1,0,0,0,64,11,0,0,0,1,0
2,0,Term,64,17947.610580,17947.610580,17947.610580,17947.610580,17947.610330,17947.610740,0.270643,0.276537,0.270643,0.276537,0,0,3600.000000,64,11,0,GUROBI,1,0,0,0,64,11,0,0,0,1,0
3,0,Term,64,17947.610492,17947.610492,17947.610492,17947.610492,17947.610330,17947.610560,0.227600,0.235681,0.227600,0.235681,0,0,3600.000000,64,11,0,GUROBI,1,0,0,0,64,11,0,0,0,1,0
4,0,Term,64,17947.610502,17947.610502,17947.610502,17947.610502,17947.610330,17947.610570,0.219688,0.223922,0.219688,0.223922,0,0,3600.000000,64,11,0,GUROBI,1,0,0,0,64,11,0,0,0,1,0
