instanceIndex,seedIndex,vpcGenerator,terms,lpBound,disjunctiveDualBound,lpBoundPostVpc,rootDualBound,dualBound,primalBound,vpcGenerationTime,rootDualBoundTime,bestSolutionTime,terminationTime,nodes,iterations,maxTime,actualTerms,numCuts,cutLimit,mipSolver,providePrimalBound,infeasibleTerms,feasibleToInfeasibleTerms,infeasibleToFeasibleTerms,termRemainsFeasibleBasisInfeasible,cutsChangedCoefficients,feasibleTermsPrunedByBound,tighten_disjunction,tighten_matrix_perturbation,tighten_infeasible_to_feasible_term,tighten_feasible_to_infeasible_basis
0,0,New,64,10482.795280,10660.962990,10658.955923,10659.863088,11800.011188,11801.185350,5.418356,5.482871,1801.360378,1801.360573,2807169,17337073,3600.000000,64,12,12,GUROBI,1,0,0,0,0,0,0,0,0,0,0
1,0,Disjunction,64,0.000221,0.000221,0.000221,0.000319,0.000319,0.000310,0.141010,0.141010,0.141010,0.150232,1,24,3600.000000,64,12,0,GUROBI,1,0,0,0,64,12,0,1,0,0,0
2,0,Disjunction,64,0.000221,0.000221,0.000221,0.000305,0.000305,0.000290,0.135948,0.135948,0.135948,0.145833,1,22,3600.000000,64,12,0,GUROBI,1,0,0,0,64,12,0,1,0,0,0
3,0,Disjunction,64,0.000222,0.000222,0.000222,0.000270,0.000270,0.000270,0.151908,0.165953,0.151908,0.167725,1,40,3600.000000,64,12,0,GUROBI,1,0,0,0,64,12,0,1,0,0,0
4,0,Disjunction,64,0.000235,0.000221,0.000235,0.000322,0.000322,0.000320,0.150722,0.164185,0.150722,0.166174,1,27,3600.000000,64,12,0,GUROBI,1,0,0,0,64,12,0,1,0,0,0
