instanceIndex,seedIndex,vpcGenerator,terms,lpBound,disjunctiveDualBound,lpBoundPostVpc,rootDualBound,dualBound,primalBound,vpcGenerationTime,rootDualBoundTime,bestSolutionTime,terminationTime,nodes,iterations,maxTime,actualTerms,numCuts,cutLimit,mipSolver,providePrimalBound,infeasibleTerms,feasibleToInfeasibleTerms,infeasibleToFeasibleTerms,termRemainsFeasibleBasisInfeasible,cutsChangedCoefficients,feasibleTermsPrunedByBound,tighten_disjunction,tighten_matrix_perturbation,tighten_infeasible_to_feasible_term,tighten_feasible_to_infeasible_basis
0,0,New,64,10482.795280,10660.962990,10658.955923,10659.863088,11800.007898,11801.185350,4.966382,5.030724,2353.857457,2353.857695,3709836,22741980,3600.000000,64,12,12,GUROBI,1,0,0,0,0,0,0,0,0,0,0
1,0,All,64,10482.803566,10660.994240,10658.987173,10659.883610,11800.005808,11801.185350,0.081205,0.146066,3488.308311,3488.308490,5230072,30676061,3600.000000,64,12,0,GUROBI,1,0,0,0,0,0,0,1,1,1,1
2,0,All,64,10482.795280,10660.962990,10658.955923,10659.863089,11800.005409,11801.185350,0.081651,0.147415,9.477629,2069.378532,3226461,19221762,3600.000000,64,12,0,GUROBI,1,0,0,0,0,0,0,1,1,1,1
3,0,All,64,10482.795280,10660.962990,10658.955923,10659.861284,11800.005411,11801.185350,0.082273,0.144947,3434.039802,3434.039999,5119207,30085540,3600.000000,64,12,0,GUROBI,1,0,0,0,0,0,0,1,1,1,1
4,0,All,64,10482.826530,10660.993072,10658.987173,10659.451678,11800.009559,11801.185350,0.094120,0.161413,1864.800368,1864.800559,2754073,16628944,3600.000000,64,12,0,GUROBI,1,0,0,0,0,0,0,1,1,1,1
