instanceIndex,seedIndex,vpcGenerator,terms,lpBound,disjunctiveDualBound,lpBoundPostVpc,rootDualBound,dualBound,primalBound,vpcGenerationTime,rootDualBoundTime,bestSolutionTime,terminationTime,nodes,iterations,maxTime,actualTerms,numCuts,cutLimit,mipSolver,providePrimalBound,infeasibleTerms,feasibleToInfeasibleTerms,infeasibleToFeasibleTerms,termRemainsFeasibleBasisInfeasible,cutsChangedCoefficients,feasibleTermsPrunedByBound,tighten_disjunction,tighten_matrix_perturbation,tighten_infeasible_to_feasible_term,tighten_feasible_to_infeasible_basis
0,0,New,4,10482.795280,10573.334266,10542.265672,10596.485430,11800.005821,11801.185350,0.355040,0.621794,19.252315,636.391643,2610822,15806967,3600.000000,4,12,12,GUROBI,1,0,0,0,0,0,0,0,0,0,0
1,0,Disjunction,4,10482.803093,10573.342078,10542.273484,10596.493243,11800.022572,11801.193163,0.008364,0.282847,7.662221,862.304074,3617368,20984517,3600.000000,4,12,0,GUROBI,1,0,0,0,0,0,0,1,0,0,0
2,0,Disjunction,4,10482.795280,10573.334266,10542.265672,10596.485432,11800.011307,11801.185350,0.007437,0.269867,34.763021,667.617153,2701768,16319060,3600.000000,4,12,0,GUROBI,1,0,0,0,0,0,0,1,0,0,0
3,0,Disjunction,4,10482.795280,10573.334266,10542.265672,10596.484554,11800.013301,11801.185350,0.007721,0.279667,7.937357,820.332200,3352418,20258225,3600.000000,4,12,0,GUROBI,1,0,0,0,0,0,0,1,0,0,0
4,0,Disjunction,4,10482.797352,10573.334266,10542.271798,10596.488423,11800.006264,11801.185350,0.007297,0.272253,180.341418,681.681884,3088964,18351182,3600.000000,4,12,0,GUROBI,1,0,0,0,0,0,0,1,0,0,0
