instanceIndex,seedIndex,vpcGenerator,terms,lpBound,disjunctiveDualBound,lpBoundPostVpc,rootDualBound,dualBound,primalBound,vpcGenerationTime,rootDualBoundTime,bestSolutionTime,terminationTime,nodes,iterations,maxTime,actualTerms,numCuts,cutLimit,mipSolver,providePrimalBound,infeasibleTerms,feasibleToInfeasibleTerms,infeasibleToFeasibleTerms,termRemainsFeasibleBasisInfeasible,cutsChangedCoefficients,feasibleTermsPrunedByBound,tighten_disjunction,tighten_matrix_perturbation,tighten_infeasible_to_feasible_term,tighten_feasible_to_infeasible_basis
0,0,New,4,10482.795280,10573.334266,10542.265672,10584.579590,11800.007082,11801.185350,0.427769,0.744714,690.794454,690.794625,2480757,14974279,3600.000000,4,12,12,GUROBI,1,0,0,0,0,0,0,0,0,0,0
1,0,NoDisjunction,4,10482.695206,10573.230598,10542.159955,10584.477560,11799.660694,11800.840155,0.006383,0.317175,322.981609,955.471366,3444528,20753650,3600.000000,4,12,0,GUROBI,1,0,0,0,0,0,0,0,1,1,1
2,0,NoDisjunction,4,10482.950648,10573.492522,10542.415095,10584.732791,11800.005476,11801.165166,0.006486,0.366734,3.519120,976.036396,3906955,22858345,3600.000000,4,12,0,GUROBI,1,0,0,0,0,0,0,0,1,1,1
3,0,NoDisjunction,4,5471.216645,5572.757203,5512.961829,5569.524325,6570.605625,6571.262680,0.009924,0.267137,207.276945,386.559893,1612629,9527906,3600.000000,4,12,0,GUROBI,1,0,0,0,4,0,0,0,1,1,1
4,0,NoDisjunction,4,15517.164770,15610.646934,15578.305985,15602.632408,16775.693337,16777.370870,0.005980,0.108610,560.233353,759.730497,3084564,18374191,3600.000000,4,12,0,GUROBI,1,0,0,0,4,0,0,0,1,1,1
