instanceIndex,seedIndex,vpcGenerator,terms,lpBound,disjunctiveDualBound,lpBoundPostVpc,rootDualBound,dualBound,primalBound,vpcGenerationTime,rootDualBoundTime,bestSolutionTime,terminationTime,nodes,iterations,maxTime,actualTerms,numCuts,cutLimit,mipSolver,providePrimalBound,infeasibleTerms,feasibleToInfeasibleTerms,infeasibleToFeasibleTerms,termRemainsFeasibleBasisInfeasible,cutsChangedCoefficients,feasibleTermsPrunedByBound,tighten_disjunction,tighten_matrix_perturbation,tighten_infeasible_to_feasible_term,tighten_feasible_to_infeasible_basis
0,0,New,4,10482.795280,10573.334266,10542.265672,10584.579590,11800.006229,11801.185350,0.217331,0.345273,363.075570,625.012418,2871503,17394368,3600.000000,4,12,12,GUROBI,1,0,0,0,0,0,0,0,0,0,0
1,0,NoDisjunction,4,10482.803093,10573.342078,10542.273484,10584.587402,11800.016329,11801.193163,0.005818,0.134507,85.569308,602.141803,2850974,17064891,3600.000000,4,12,0,GUROBI,1,0,0,0,0,0,0,0,1,1,1
2,0,NoDisjunction,4,10482.795280,10573.334266,10542.265672,10584.579591,11800.009583,11801.185350,0.006163,0.131912,341.261703,805.259733,3529934,21065214,3600.000000,4,12,0,GUROBI,1,0,0,0,0,0,0,0,1,1,1
3,0,NoDisjunction,4,10482.795280,10573.334266,10542.265672,10584.578463,11800.005920,11801.185350,0.005805,0.163723,106.637088,1816.349237,7338242,38317629,3600.000000,4,12,0,GUROBI,1,0,0,0,0,0,0,0,1,1,1
4,0,NoDisjunction,4,10482.797352,10573.334266,10542.271798,10584.584011,11800.005697,11801.185350,0.005795,0.137030,571.943935,1202.136134,5720880,34205457,3600.000000,4,12,0,GUROBI,1,0,0,0,0,0,0,0,1,1,1
