instanceIndex,seedIndex,vpcGenerator,terms,lpBound,disjunctiveDualBound,lpBoundPostVpc,rootDualBound,dualBound,primalBound,vpcGenerationTime,rootDualBoundTime,bestSolutionTime,terminationTime,nodes,iterations,maxTime,actualTerms,numCuts,cutLimit,mipSolver,providePrimalBound,infeasibleTerms,feasibleToInfeasibleTerms,infeasibleToFeasibleTerms,termRemainsFeasibleBasisInfeasible,cutsChangedCoefficients,feasibleTermsPrunedByBound,tighten_disjunction,tighten_matrix_perturbation,tighten_infeasible_to_feasible_term,tighten_feasible_to_infeasible_basis
0,0,New,64,38893.903641,39041.736508,39028.895865,39034.629721,40001.053488,40005.053810,5.001197,5.142536,7.645024,92.010767,431508,2168439,3600.000000,64,11,11,GUROBI,1,0,0,0,0,0,0,0,0,0,0
1,0,Basis,64,17947.610515,17947.610515,17947.610515,17947.610515,17947.610330,17947.610560,0.713430,0.721998,0.713430,0.721998,0,0,3600.000000,64,11,0,GUROBI,1,0,0,0,49,11,0,0,0,0,1
2,0,Basis,64,17947.610503,17947.610503,17947.610503,17947.610503,17947.610330,17947.610550,0.150850,0.155269,0.150850,0.155269,0,0,3600.000000,64,11,0,GUROBI,1,0,0,0,64,11,0,0,0,0,1
3,0,Basis,64,26114.458682,26179.900351,26114.458682,26298.694847,27519.595198,27522.309389,0.120684,0.382272,8.951762,19.779302,83691,412483,3600.000000,64,11,0,GUROBI,1,0,0,0,64,11,0,0,0,0,1
4,0,Basis,64,26650.742456,26656.706282,26650.742456,26855.302631,27769.407582,27772.053830,0.510934,0.964830,12.407492,12.407665,42763,223668,3600.000000,64,11,0,GUROBI,1,0,0,0,34,11,0,0,0,0,1
