instanceIndex,seedIndex,vpcGenerator,terms,lpBound,disjunctiveDualBound,lpBoundPostVpc,rootDualBound,dualBound,primalBound,vpcGenerationTime,rootDualBoundTime,bestSolutionTime,terminationTime,nodes,iterations,maxTime,actualTerms,numCuts,cutLimit,mipSolver,providePrimalBound,infeasibleTerms,feasibleToInfeasibleTerms,infeasibleToFeasibleTerms,termRemainsFeasibleBasisInfeasible,cutsChangedCoefficients,feasibleTermsPrunedByBound,tighten_disjunction,tighten_matrix_perturbation,tighten_infeasible_to_feasible_term,tighten_feasible_to_infeasible_basis
0,0,New,64,10482.795280,10660.962990,10658.955923,10659.863088,11800.016439,11801.185350,4.955719,5.020367,62.417698,1929.862166,3062633,18897734,3600.000000,64,12,12,GUROBI,1,0,0,0,0,0,0,0,0,0,0
1,0,All,64,10481.683820,10659.898889,10657.782193,10658.641831,11801.662191,11802.840155,0.094149,0.157823,2574.328752,2574.328952,3948168,24200658,3600.000000,64,12,0,GUROBI,1,0,0,0,0,0,0,1,1,1,1
2,0,All,64,20607.026915,20748.004718,20677.791132,20687.147028,21812.197524,21814.370860,0.101230,0.187707,40.905966,356.053512,1289692,7533761,3600.000000,64,12,0,GUROBI,1,0,0,0,64,0,0,1,1,1,1
3,0,All,64,10482.720902,10660.993574,10658.833880,10659.660253,11801.005791,11802.185350,0.085098,0.202076,808.549310,3409.308722,5093913,30869115,3600.000000,64,12,0,GUROBI,1,0,0,0,0,0,0,1,1,1,1
4,0,All,64,10484.360288,10662.547665,10660.556904,10661.467738,11751.455412,11803.185350,0.082928,0.145947,2329.930180,3600.084499,6135350,35854136,3600.000000,64,12,0,GUROBI,1,0,0,0,0,0,0,1,1,1,1
