instanceIndex,seedIndex,vpcGenerator,terms,lpBound,disjunctiveDualBound,lpBoundPostVpc,rootDualBound,dualBound,primalBound,vpcGenerationTime,rootDualBoundTime,bestSolutionTime,terminationTime,nodes,iterations,maxTime,actualTerms,numCuts,cutLimit,mipSolver,providePrimalBound,infeasibleTerms,feasibleToInfeasibleTerms,infeasibleToFeasibleTerms,termRemainsFeasibleBasisInfeasible,cutsChangedCoefficients,feasibleTermsPrunedByBound,tighten_disjunction,tighten_matrix_perturbation,tighten_infeasible_to_feasible_term,tighten_feasible_to_infeasible_basis
0,0,New,4,10482.795280,10573.334266,10542.265672,10608.804828,11800.013239,11801.185350,0.354188,0.790407,735.806544,735.806723,2993964,18064115,3600.000000,4,12,12,GUROBI,1,0,0,0,0,0,0,0,0,0,0
1,0,NoDisjunction,4,10482.803566,10573.334266,10542.290175,10556.302371,11800.008382,11801.185350,0.006376,0.143934,107.801761,1112.008129,4042350,23531650,3600.000000,4,12,0,GUROBI,1,0,0,0,0,0,0,0,1,1,1
2,0,NoDisjunction,4,10482.795280,10573.334266,10542.265672,10608.804829,11800.005290,11801.185350,0.006602,0.402289,7.012142,1211.296774,5168030,29037468,3600.000000,4,12,0,GUROBI,1,0,0,0,0,0,0,0,1,1,1
3,0,NoDisjunction,4,10482.795280,10573.334266,10542.265672,10608.802000,11800.010120,11801.185350,0.011222,0.363047,521.569436,1006.937273,4152619,24327934,3600.000000,4,12,0,GUROBI,1,0,0,0,0,0,0,0,1,1,1
4,0,NoDisjunction,4,10482.826530,10573.365516,10542.296922,10608.836032,11800.005262,11801.185350,0.006627,0.358173,356.906761,865.908621,3891102,23575378,3600.000000,4,12,0,GUROBI,1,0,0,0,0,0,0,0,1,1,1
