instanceIndex,seedIndex,vpcGenerator,terms,lpBound,disjunctiveDualBound,lpBoundPostVpc,rootDualBound,dualBound,primalBound,vpcGenerationTime,rootDualBoundTime,bestSolutionTime,terminationTime,nodes,iterations,maxTime,actualTerms,numCuts,cutLimit,mipSolver,providePrimalBound,infeasibleTerms,feasibleToInfeasibleTerms,infeasibleToFeasibleTerms,termRemainsFeasibleBasisInfeasible,cutsChangedCoefficients,feasibleTermsPrunedByBound,tighten_disjunction,tighten_matrix_perturbation,tighten_infeasible_to_feasible_term,tighten_feasible_to_infeasible_basis
0,0,New,64,38893.903641,39041.736508,39028.895865,39034.629721,40001.053488,40005.053810,3.215375,3.272560,4.645014,65.950827,431508,2168439,3600.000000,64,11,11,GUROBI,1,0,0,0,0,0,0,0,0,0,0
1,0,Basis,64,38894.281407,39042.094272,39029.257063,39037.805337,40001.067847,40005.053810,0.064430,0.153183,35.932907,180.832683,282817,1776631,3600.000000,64,11,0,GUROBI,1,0,0,0,0,0,0,0,0,0,1
2,0,Basis,64,17947.610514,17947.610514,17947.610514,17947.610514,17947.610330,17947.610520,0.089541,0.093072,0.089541,0.093072,0,0,3600.000000,64,11,0,GUROBI,1,0,0,0,64,0,0,0,0,0,1
3,0,Basis,64,51686.818711,51687.611231,51686.818711,51808.344804,52656.875699,52662.123829,0.090769,0.277667,26.332103,61.527811,385585,1924956,3600.000000,64,11,0,GUROBI,1,0,0,0,64,0,0,0,0,0,1
4,0,Basis,64,58304.343695,58311.641554,58304.343695,58400.226926,59035.178764,59041.032660,0.099603,0.261487,23.992874,189.341774,250602,1759008,3600.000000,64,11,0,GUROBI,1,0,0,0,64,0,0,0,0,0,1
