instanceIndex,seedIndex,vpcGenerator,terms,lpBound,disjunctiveDualBound,lpBoundPostVpc,rootDualBound,dualBound,primalBound,vpcGenerationTime,rootDualBoundTime,bestSolutionTime,terminationTime,nodes,iterations,maxTime,actualTerms,numCuts,cutLimit,mipSolver,providePrimalBound,infeasibleTerms,feasibleToInfeasibleTerms,infeasibleToFeasibleTerms,termRemainsFeasibleBasisInfeasible,cutsChangedCoefficients,feasibleTermsPrunedByBound,tighten_disjunction,tighten_matrix_perturbation,tighten_infeasible_to_feasible_term,tighten_feasible_to_infeasible_basis
0,0,New,64,10482.795280,10660.962990,10658.955923,10659.863088,11800.006214,11801.185350,5.349066,5.415238,584.265416,2136.073902,3197966,19386387,3600.000000,64,12,12,GUROBI,1,0,0,0,0,0,0,0,0,0,0
1,0,Farkas,64,10482.803566,10660.994240,10658.987173,10659.883610,11486.682384,11801.185350,0.080816,0.146515,6.640369,3600.081859,6466829,33142773,3600.000000,64,12,0,GUROBI,1,0,0,0,0,0,0,0,0,0,0
2,0,Farkas,64,10482.795280,10660.962990,10658.955923,10659.863089,11800.005493,11801.185350,0.082895,0.147680,17.295976,2625.644400,4134575,24599013,3600.000000,64,12,0,GUROBI,1,0,0,0,0,0,0,0,0,0,0
3,0,Farkas,64,10482.795280,10660.962990,10658.955923,10659.861284,11800.006154,11801.185350,0.083807,0.157592,30.931586,2805.910877,4198983,24566314,3600.000000,64,12,0,GUROBI,1,0,0,0,0,0,0,0,0,0,0
4,0,Farkas,64,10482.826530,10660.993072,10658.987173,10659.451678,11800.006820,11801.185350,0.091783,0.160134,19.081398,2874.777663,4243625,24703237,3600.000000,64,12,0,GUROBI,1,0,0,0,0,0,0,0,0,0,0
