instanceIndex,seedIndex,vpcGenerator,terms,lpBound,disjunctiveDualBound,lpBoundPostVpc,rootDualBound,dualBound,primalBound,vpcGenerationTime,rootDualBoundTime,bestSolutionTime,terminationTime,nodes,iterations,maxTime,actualTerms,numCuts,cutLimit,mipSolver,providePrimalBound,infeasibleTerms,feasibleToInfeasibleTerms,infeasibleToFeasibleTerms,termRemainsFeasibleBasisInfeasible,cutsChangedCoefficients,feasibleTermsPrunedByBound,tighten_disjunction,tighten_matrix_perturbation,tighten_infeasible_to_feasible_term,tighten_feasible_to_infeasible_basis
0,0,New,64,10482.795280,10660.962990,10658.955923,10659.863088,11800.005267,11801.185350,5.284069,5.349716,120.001496,2306.751201,3566141,21258615,3600.000000,64,12,12,GUROBI,1,0,0,0,0,0,0,0,0,0,0
1,0,Term,64,10482.803566,10660.994240,10658.987173,10659.883610,11800.012561,11801.185350,0.090857,0.151510,10.939215,1926.401506,2756297,16824080,3600.000000,64,12,0,GUROBI,1,0,0,0,0,0,0,0,0,1,0
2,0,Term,64,10482.795280,10660.962990,10658.955923,10659.863089,11800.005666,11801.185350,0.083940,0.147592,11.043941,3274.050891,5210459,31002659,3600.000000,64,12,0,GUROBI,1,0,0,0,0,0,0,0,0,1,0
3,0,Term,64,10482.795280,10660.962990,10658.955923,10659.861284,11627.392647,11801.185350,0.092245,0.156844,52.925709,3600.094113,5442809,32258751,3600.000000,64,12,0,GUROBI,1,0,0,0,0,0,0,0,0,1,0
4,0,Term,64,10482.826530,10660.993072,10658.987173,10659.451678,11800.011457,11801.185350,0.089879,0.163402,2064.246031,2064.246221,3018824,17959424,3600.000000,64,12,0,GUROBI,1,0,0,0,0,0,0,0,0,1,0
