instanceIndex,seedIndex,vpcGenerator,terms,lpBound,disjunctiveDualBound,lpBoundPostVpc,rootDualBound,dualBound,primalBound,vpcGenerationTime,rootDualBoundTime,bestSolutionTime,terminationTime,nodes,iterations,maxTime,actualTerms,numCuts,cutLimit,mipSolver,providePrimalBound,infeasibleTerms,feasibleToInfeasibleTerms,infeasibleToFeasibleTerms,termRemainsFeasibleBasisInfeasible,cutsChangedCoefficients,feasibleTermsPrunedByBound,tighten_disjunction,tighten_matrix_perturbation,tighten_infeasible_to_feasible_term,tighten_feasible_to_infeasible_basis
0,0,New,64,38893.903641,39041.736508,39028.895865,39034.615583,40001.110779,40005.053810,5.482708,5.571749,34.480469,56.214263,294462,1505239,3600.000000,64,11,11,GUROBI,1,0,0,0,0,0,0,0,0,0,0
1,0,Matrix,64,17947.610515,17947.610515,17947.610515,17947.610515,17947.610330,17947.610560,0.901182,0.909902,0.901182,0.909902,0,0,3600.000000,64,11,0,GUROBI,1,0,0,0,49,11,0,0,1,0,0
2,0,Matrix,64,17947.610503,17947.610503,17947.610503,17947.610503,17947.610330,17947.610550,0.153770,0.162211,0.153770,0.162211,0,0,3600.000000,64,11,0,GUROBI,1,0,0,0,64,11,0,0,1,0,0
3,0,Matrix,64,26114.458682,26179.900351,26114.458682,26298.694847,27519.721061,27522.309389,0.124422,0.269417,9.327298,20.499853,100674,516077,3600.000000,64,11,0,GUROBI,1,0,0,0,64,11,0,0,1,0,0
4,0,Matrix,64,26650.742456,26656.706282,26650.742456,26841.885962,27769.302947,27772.053830,0.855377,1.124664,1.549724,14.758550,77108,398909,3600.000000,64,11,0,GUROBI,1,0,0,0,34,11,0,0,1,0,0
