instanceIndex,seedIndex,vpcGenerator,terms,lpBound,disjunctiveDualBound,lpBoundPostVpc,rootDualBound,dualBound,primalBound,vpcGenerationTime,rootDualBoundTime,bestSolutionTime,terminationTime,nodes,iterations,maxTime,actualTerms,numCuts,cutLimit,mipSolver,providePrimalBound,infeasibleTerms,feasibleToInfeasibleTerms,infeasibleToFeasibleTerms,termRemainsFeasibleBasisInfeasible,cutsChangedCoefficients,feasibleTermsPrunedByBound,tighten_disjunction,tighten_matrix_perturbation,tighten_infeasible_to_feasible_term,tighten_feasible_to_infeasible_basis
0,0,New,64,38893.903641,39041.736508,39028.895865,39034.615583,40001.104474,40005.053810,3.602762,3.641168,125.953463,125.953600,200407,1446427,3600.000000,64,11,11,GUROBI,1,0,0,0,0,0,0,0,0,0,0
1,0,Matrix,64,38894.281407,39042.094272,39029.257063,39034.973268,40001.053755,40005.053810,0.063824,0.124251,7.097439,363.027196,547804,3285564,3600.000000,64,11,0,GUROBI,1,0,0,0,0,0,0,0,1,0,0
2,0,Matrix,64,17947.610514,17947.610514,17947.610514,17947.610514,17947.610330,17947.610520,0.085679,0.087981,0.085679,0.087981,0,0,3600.000000,64,11,0,GUROBI,1,0,0,0,64,0,0,0,1,0,0
3,0,Matrix,64,51686.818711,51687.611231,51686.818711,51808.933994,52656.872305,52662.123829,0.066554,0.258416,11.317108,245.392601,317061,1957772,3600.000000,64,11,0,GUROBI,1,0,0,0,64,0,0,0,1,0,0
4,0,Matrix,64,58304.343695,58311.641554,58304.343695,58400.226926,59035.135862,59041.032660,0.099445,0.282787,128.658598,193.092825,245599,1604890,3600.000000,64,11,0,GUROBI,1,0,0,0,64,0,0,0,1,0,0
