instanceIndex,seedIndex,vpcGenerator,terms,lpBound,disjunctiveDualBound,lpBoundPostVpc,rootDualBound,dualBound,primalBound,vpcGenerationTime,rootDualBoundTime,bestSolutionTime,terminationTime,nodes,iterations,maxTime,actualTerms,numCuts,cutLimit,mipSolver,providePrimalBound,infeasibleTerms,feasibleToInfeasibleTerms,infeasibleToFeasibleTerms,termRemainsFeasibleBasisInfeasible,cutsChangedCoefficients,feasibleTermsPrunedByBound,tighten_disjunction,tighten_matrix_perturbation,tighten_infeasible_to_feasible_term,tighten_feasible_to_infeasible_basis
0,0,New,64,10482.795280,10660.962990,10658.955923,10659.863088,11800.013837,11801.185350,5.008496,5.072085,1894.904593,1894.904791,2858711,17495827,3600.000000,64,12,12,GUROBI,1,0,0,0,0,0,0,0,0,0,0
1,0,Basis,64,10482.695206,10660.857565,10658.851150,10659.758716,11799.662409,11800.840155,0.091360,0.154916,18.031405,2493.462136,3786954,23365289,3600.000000,64,12,0,GUROBI,1,0,0,0,0,0,0,0,0,0,1
2,0,Basis,64,10482.950648,10661.129560,10659.101200,10659.997888,11800.005333,11801.165166,0.085097,0.151063,27.601954,2688.461318,4297961,25554428,3600.000000,64,12,0,GUROBI,1,0,0,0,0,0,0,0,0,0,1
3,0,Basis,64,5471.216645,5634.785800,5625.843879,5626.538277,6570.608931,6571.262680,0.937294,1.011211,60.948195,835.555169,1254015,7462556,3600.000000,64,12,0,GUROBI,1,0,0,0,63,0,0,0,0,0,1
4,0,Basis,64,15517.164770,15699.835901,15677.855046,15675.829300,16775.693188,16777.370870,0.103651,0.159866,1859.691031,1859.691223,2870587,16858081,3600.000000,64,12,0,GUROBI,1,0,0,0,64,0,0,0,0,0,1
