instanceIndex,seedIndex,vpcGenerator,terms,lpBound,disjunctiveDualBound,lpBoundPostVpc,rootDualBound,dualBound,primalBound,vpcGenerationTime,rootDualBoundTime,bestSolutionTime,terminationTime,nodes,iterations,maxTime,actualTerms,numCuts,cutLimit,mipSolver,providePrimalBound,infeasibleTerms,feasibleToInfeasibleTerms,infeasibleToFeasibleTerms,termRemainsFeasibleBasisInfeasible,cutsChangedCoefficients,feasibleTermsPrunedByBound,tighten_disjunction,tighten_matrix_perturbation,tighten_infeasible_to_feasible_term,tighten_feasible_to_infeasible_basis
0,0,New,4,10482.795280,10573.334266,10542.265672,10603.576712,11800.005549,11801.185350,1.132696,1.561200,900.340157,900.340328,3981408,23201084,3600.000000,4,12,12,GUROBI,1,0,0,0,0,0,0,0,0,0,0
1,0,New,4,10482.803093,10573.342078,10542.273484,10603.584525,11800.016027,11801.193163,0.157188,0.578461,2.701324,652.182065,2676727,16179128,3600.000000,4,12,12,GUROBI,1,0,0,0,0,0,0,0,0,0,0
2,0,New,4,10482.795280,10573.334266,10542.265672,10603.576713,11800.005405,11801.185350,0.159179,0.587542,7.413045,1079.164914,5582803,31512411,3600.000000,4,12,12,GUROBI,1,0,0,0,0,0,0,0,0,0,0
3,0,New,4,10482.795280,10573.334266,10542.265672,10603.575708,11800.007457,11801.185350,0.147102,0.569820,9.820599,727.879863,3438856,19987568,3600.000000,4,12,12,GUROBI,1,0,0,0,0,0,0,0,0,0,0
4,0,New,4,10482.797352,10573.334266,10542.271798,10603.579950,11800.007433,11801.185350,0.157019,0.587120,52.676173,566.093111,2588544,15669455,3600.000000,4,12,12,GUROBI,1,0,0,0,0,0,0,0,0,0,0
