instanceIndex,seedIndex,vpcGenerator,terms,lpBound,disjunctiveDualBound,lpBoundPostVpc,rootDualBound,dualBound,primalBound,vpcGenerationTime,rootDualBoundTime,bestSolutionTime,terminationTime,nodes,iterations,maxTime,actualTerms,numCuts,cutLimit,mipSolver,providePrimalBound,infeasibleTerms,feasibleToInfeasibleTerms,infeasibleToFeasibleTerms,termRemainsFeasibleBasisInfeasible,cutsChangedCoefficients,feasibleTermsPrunedByBound,tighten_disjunction,tighten_matrix_perturbation,tighten_infeasible_to_feasible_term,tighten_feasible_to_infeasible_basis
0,0,New,4,38893.903641,38924.292248,38910.357848,39028.911255,40001.053423,40005.053810,0.530129,0.730725,3.647031,103.198582,592726,2880849,3600.000000,4,7,11,GUROBI,1,0,0,0,0,0,0,0,0,0,0
1,0,Disjunction,4,17947.610575,17947.610574,17947.610575,17947.610575,17947.610330,17947.610730,0.021574,0.027596,0.021574,0.027596,0,0,3600.000000,4,7,0,GUROBI,1,0,0,0,4,7,0,1,0,0,0
2,0,Disjunction,4,17947.610580,17947.610580,17947.610580,17947.610580,17947.610330,17947.610740,0.020617,0.026348,0.020617,0.026348,0,0,3600.000000,4,7,0,GUROBI,1,0,0,0,4,7,0,1,0,0,0
3,0,Disjunction,4,17947.610492,17947.610492,17947.610492,17947.610492,17947.610330,17947.610560,0.018693,0.037213,0.018693,0.037213,0,0,3600.000000,4,7,0,GUROBI,1,0,0,0,4,7,0,1,0,0,0
4,0,Disjunction,4,17947.610502,17947.610503,17947.610502,17947.610502,17947.610330,17947.610570,0.016836,0.025923,0.016836,0.025923,0,0,3600.000000,4,7,0,GUROBI,1,0,0,0,4,7,0,1,0,0,0
