instanceIndex,seedIndex,vpcGenerator,terms,lpBound,disjunctiveDualBound,lpBoundPostVpc,rootDualBound,dualBound,primalBound,vpcGenerationTime,rootDualBoundTime,bestSolutionTime,terminationTime,nodes,iterations,maxTime,actualTerms,numCuts,cutLimit,mipSolver,providePrimalBound,infeasibleTerms,feasibleToInfeasibleTerms,infeasibleToFeasibleTerms,termRemainsFeasibleBasisInfeasible,cutsChangedCoefficients,feasibleTermsPrunedByBound,tighten_disjunction,tighten_matrix_perturbation,tighten_infeasible_to_feasible_term,tighten_feasible_to_infeasible_basis
0,0,New,64,10482.795280,10660.962990,10658.955923,10659.863088,11800.007044,11801.185350,5.376594,5.441632,164.847836,1876.345439,2910293,17946296,3600.000000,64,12,12,GUROBI,1,0,0,0,0,0,0,0,0,0,0
1,0,Farkas,64,10482.803093,10660.970803,10658.963735,10659.870901,11800.013603,11801.193163,0.087931,0.149114,2004.571924,2941.838794,4509320,23936793,3600.000000,64,12,0,GUROBI,1,0,0,0,0,0,0,0,0,0,0
2,0,Farkas,64,10482.795280,10660.962990,10658.955923,10659.863089,11800.005831,11801.185350,0.084903,0.150419,1053.434631,2659.686997,3630162,21900111,3600.000000,64,12,0,GUROBI,1,0,0,0,0,0,0,0,0,0,0
3,0,Farkas,64,10482.795280,10660.962990,10658.955923,10659.862637,11800.007770,11801.185350,0.090803,0.155395,2370.089292,2370.089491,3431089,20144651,3600.000000,64,12,0,GUROBI,1,0,0,0,0,0,0,0,0,0,0
4,0,Farkas,64,10482.797352,10660.970803,10658.963735,10659.868218,11800.010842,11801.185350,0.081078,0.145345,2.839716,2200.265842,3298934,19610654,3600.000000,64,12,0,GUROBI,1,0,0,0,0,0,0,0,0,0,0
