instanceIndex,seedIndex,vpcGenerator,terms,lpBound,disjunctiveDualBound,lpBoundPostVpc,rootDualBound,dualBound,primalBound,vpcGenerationTime,rootDualBoundTime,bestSolutionTime,terminationTime,nodes,iterations,maxTime,actualTerms,numCuts,cutLimit,mipSolver,providePrimalBound,infeasibleTerms,feasibleToInfeasibleTerms,infeasibleToFeasibleTerms,termRemainsFeasibleBasisInfeasible,cutsChangedCoefficients,feasibleTermsPrunedByBound,tighten_disjunction,tighten_matrix_perturbation,tighten_infeasible_to_feasible_term,tighten_feasible_to_infeasible_basis
0,0,New,64,608.844340,676.839623,626.394869,11396.150661,11689.000000,11689.000000,269.636816,272.667475,277.838574,296.261811,618,45430,3600.000000,64,363,363,GUROBI,1,0,0,0,0,0,0,0,0,0,0
1,0,Farkas,64,319.951890,323.618301,319.951890,11119.785241,11177.000000,11177.000000,4.106755,6.926210,25.601829,27.854979,708,44546,3600.000000,64,363,0,GUROBI,1,0,0,0,64,363,0,0,0,0,0
2,0,Farkas,64,364.595020,365.752220,364.595020,10753.051710,10780.000000,10781.000000,3.800146,6.654263,14.709124,14.711009,574,29669,3600.000000,64,363,0,GUROBI,1,0,0,0,64,363,0,0,0,0,0
3,0,Farkas,64,360.930908,361.708627,360.930908,10757.466808,11071.000000,11072.000000,3.953353,5.932449,22.167096,22.167563,603,35236,3600.000000,64,363,0,GUROBI,1,0,0,0,64,363,0,0,0,0,0
4,0,Farkas,64,357.548659,357.723914,357.548659,10831.663698,11084.000000,11084.000000,3.732213,6.520599,11.704843,16.902336,548,33163,3600.000000,64,363,0,GUROBI,1,0,0,0,64,363,0,0,0,0,0
