instanceIndex,seedIndex,vpcGenerator,terms,lpBound,disjunctiveDualBound,lpBoundPostVpc,rootDualBound,dualBound,primalBound,vpcGenerationTime,rootDualBoundTime,bestSolutionTime,terminationTime,nodes,iterations,maxTime,actualTerms,numCuts,cutLimit,mipSolver,providePrimalBound,infeasibleTerms,feasibleToInfeasibleTerms,infeasibleToFeasibleTerms,termRemainsFeasibleBasisInfeasible,cutsChangedCoefficients,feasibleTermsPrunedByBound,tighten_disjunction,tighten_matrix_perturbation,tighten_infeasible_to_feasible_term,tighten_feasible_to_infeasible_basis
0,0,New,64,608.844340,676.839623,626.394869,11389.909507,11689.000000,11689.000000,186.726205,188.172143,190.933028,197.139034,557,36954,3600.000000,64,363,363,GUROBI,1,0,0,0,0,0,0,0,0,0,0
1,0,Term,64,319.951890,323.618301,319.951890,11120.662995,11177.000000,11177.000000,4.422779,6.292962,26.680370,26.680730,2253,96211,3600.000000,64,363,0,GUROBI,1,0,0,0,64,363,0,0,0,1,0
2,0,Term,64,364.595020,365.752220,364.595020,10675.425643,10781.000000,10781.000000,3.008116,4.434425,16.182244,16.291201,657,39789,3600.000000,64,363,0,GUROBI,1,0,0,0,64,363,0,0,0,1,0
3,0,Term,64,360.930908,361.708627,360.930908,10738.769395,11071.000000,11072.000000,2.914738,3.986921,14.364393,14.364937,1049,48246,3600.000000,64,363,0,GUROBI,1,0,0,0,64,363,0,0,0,1,0
4,0,Term,64,357.548659,357.723914,357.548659,10821.107620,11083.000000,11084.000000,2.681083,4.265265,14.740088,14.745135,746,45840,3600.000000,64,363,0,GUROBI,1,0,0,0,64,363,0,0,0,1,0
