instanceIndex,seedIndex,vpcGenerator,terms,lpBound,disjunctiveDualBound,lpBoundPostVpc,rootDualBound,dualBound,primalBound,vpcGenerationTime,rootDualBoundTime,bestSolutionTime,terminationTime,nodes,iterations,maxTime,actualTerms,numCuts,cutLimit,mipSolver,providePrimalBound,infeasibleTerms,feasibleToInfeasibleTerms,infeasibleToFeasibleTerms,termRemainsFeasibleBasisInfeasible,cutsChangedCoefficients,feasibleTermsPrunedByBound,tighten_disjunction,tighten_matrix_perturbation,tighten_infeasible_to_feasible_term,tighten_feasible_to_infeasible_basis
0,0,New,64,91.764706,104.240642,96.366361,1516.879859,1566.000000,1566.000000,362.081898,364.840868,423.071445,434.962449,2262,188360,3600.000000,64,363,363,GUROBI,1,0,0,0,0,0,0,0,0,0,0
1,0,Term,64,32.453241,32.455522,32.453241,950.628069,960.000000,960.000000,6.644050,7.897572,11.783356,11.784442,532,14878,3600.000000,64,363,0,GUROBI,1,0,0,0,64,363,0,0,0,1,0
2,0,Term,64,24.003957,24.003957,24.003957,1179.459530,1210.000000,1210.000000,6.138627,7.535291,11.406972,15.265379,609,28725,3600.000000,64,363,0,GUROBI,1,0,0,0,64,363,0,0,0,1,0
3,0,Term,64,36.268195,36.268195,36.268195,1040.412691,1066.000000,1066.000000,6.272406,7.607754,9.494786,14.474992,567,19023,3600.000000,64,363,0,GUROBI,1,0,0,0,64,363,0,0,0,1,0
4,0,Term,64,44.984072,44.985784,44.984072,1029.328986,1066.000000,1066.000000,6.261645,7.488273,10.397751,14.570779,570,21223,3600.000000,64,363,0,GUROBI,1,0,0,0,64,363,0,0,0,1,0
5,0,Term,64,12.476244,12.476244,12.476244,885.098019,900.000000,900.000000,6.470926,7.891859,15.563997,15.565055,592,24113,3600.000000,64,363,0,GUROBI,1,0,0,0,64,363,0,0,0,1,0
