instanceIndex,seedIndex,vpcGenerator,terms,lpBound,disjunctiveDualBound,lpBoundPostVpc,rootDualBound,dualBound,primalBound,vpcGenerationTime,rootDualBoundTime,bestSolutionTime,terminationTime,nodes,iterations,maxTime,actualTerms,numCuts,cutLimit,mipSolver,providePrimalBound,infeasibleTerms,feasibleToInfeasibleTerms,infeasibleToFeasibleTerms,termRemainsFeasibleBasisInfeasible,cutsChangedCoefficients,feasibleTermsPrunedByBound,tighten_disjunction,tighten_matrix_perturbation,tighten_infeasible_to_feasible_term,tighten_feasible_to_infeasible_basis
0,0,New,4,91.764706,95.064171,92.986719,1540.802726,1566.000000,1566.000000,3.416399,7.030892,52.872263,52.872733,710,82669,3600.000000,4,9,363,GUROBI,1,0,0,0,0,0,0,0,0,0,0
1,0,Farkas,4,32.453241,32.455522,32.453241,947.204809,960.000000,960.000000,0.173514,1.063451,2.852109,4.829541,525,15166,3600.000000,4,9,0,GUROBI,1,0,0,0,4,9,0,0,0,0,0
2,0,Farkas,4,24.003957,24.003957,24.003957,1190.558382,1210.000000,1210.000000,0.161854,1.484522,16.966216,16.966576,866,40201,3600.000000,4,9,0,GUROBI,1,0,0,0,4,9,0,0,0,0,0
3,0,Farkas,4,36.268195,36.268195,36.268195,1037.788108,1066.000000,1066.000000,0.158854,1.450801,9.720288,9.720765,575,24353,3600.000000,4,9,0,GUROBI,1,0,0,0,4,9,0,0,0,0,0
4,0,Farkas,4,44.984072,44.984275,44.984072,1030.219920,1066.000000,1066.000000,0.169639,1.263638,11.936103,11.936567,649,24491,3600.000000,4,9,0,GUROBI,1,0,0,0,4,9,0,0,0,0,0
5,0,Farkas,4,12.476244,12.476244,12.476244,884.063917,900.000000,900.000000,0.167667,1.326371,9.404850,9.405272,567,17849,3600.000000,4,9,0,GUROBI,1,0,0,0,4,9,0,0,0,0,0
