instanceIndex,seedIndex,vpcGenerator,terms,lpBound,disjunctiveDualBound,lpBoundPostVpc,rootDualBound,dualBound,primalBound,vpcGenerationTime,rootDualBoundTime,bestSolutionTime,terminationTime,nodes,iterations,maxTime,actualTerms,numCuts,cutLimit,mipSolver,providePrimalBound,infeasibleTerms,feasibleToInfeasibleTerms,infeasibleToFeasibleTerms,termRemainsFeasibleBasisInfeasible,cutsChangedCoefficients,feasibleTermsPrunedByBound,tighten_disjunction,tighten_matrix_perturbation,tighten_infeasible_to_feasible_term,tighten_feasible_to_infeasible_basis
0,0,None,4,193774.753707,193774.753707,193774.753707,193830.437081,211894.000000,211913.000000,0.000003,2.249673,54.793216,125.473685,18871,1447724,3600.000000,0,0,0,GUROBI,1,0,0,0,0,0,0,0,0,0,0
1,0,None,4,193538.948213,193538.948213,193538.948213,193886.233519,211895.000000,211913.000000,0.000003,2.307000,109.219498,128.165539,17395,1445117,3600.000000,0,0,0,GUROBI,1,0,0,0,0,0,0,0,0,0,0
2,0,None,4,193790.359930,193790.359930,193790.359930,194161.850718,211946.000000,211966.000000,0.000002,2.426879,30.913004,68.902649,11073,891101,3600.000000,0,0,0,GUROBI,1,0,0,0,0,0,0,0,0,0,0
3,0,None,4,192859.389229,192859.389229,192859.389229,193830.437081,211894.000000,211913.000000,0.000003,2.310074,63.368041,129.283213,18871,1447724,3600.000000,0,0,0,GUROBI,1,0,0,0,0,0,0,0,0,0,0
4,0,None,4,193774.920543,193774.920543,193774.920543,194024.921602,211924.000000,211939.000000,0.000003,3.845141,8.526421,79.534543,13728,1115483,3600.000000,0,0,0,GUROBI,1,0,0,0,0,0,0,0,0,0,0
