instanceIndex,seedIndex,vpcGenerator,terms,lpBound,disjunctiveDualBound,lpBoundPostVpc,rootDualBound,dualBound,primalBound,vpcGenerationTime,rootDualBoundTime,bestSolutionTime,terminationTime,nodes,iterations,maxTime,actualTerms,numCuts,cutLimit,mipSolver,providePrimalBound,infeasibleTerms,feasibleToInfeasibleTerms,infeasibleToFeasibleTerms,termRemainsFeasibleBasisInfeasible,cutsChangedCoefficients,feasibleTermsPrunedByBound,tighten_disjunction,tighten_matrix_perturbation,tighten_infeasible_to_feasible_term,tighten_feasible_to_infeasible_basis
0,0,New,64,193774.753707,194121.376961,194021.011873,194044.539257,211895.250000,211913.000000,3762.023027,3765.019948,4124.131616,4288.459155,36759,2865110,3600.000000,82,152,1224,GUROBI,1,51,0,0,0,0,0,0,0,0,0
1,0,Matrix,64,193737.047090,194125.147220,193971.748436,194018.292428,211865.000000,211876.000000,6.745064,9.557431,721.867877,777.313850,49761,4322753,3600.000000,82,152,0,GUROBI,1,51,0,0,0,0,0,0,1,0,0
2,0,Matrix,64,193750.478402,194103.930509,193982.415401,194043.786780,211882.000000,211897.000000,6.514942,10.025297,378.284328,544.691924,31991,2721786,3600.000000,82,152,0,GUROBI,1,51,0,0,0,0,0,0,1,0,0
3,0,Matrix,64,193760.829180,194102.266421,193980.273646,194038.813899,211861.000000,211881.000000,6.578301,9.825948,491.238777,493.540405,27154,2494186,3600.000000,82,152,0,GUROBI,1,51,0,0,0,0,0,0,1,0,0
4,0,Matrix,64,193747.936354,194128.030246,193996.503300,194014.475707,211881.000000,211899.000000,6.384312,8.723289,459.260584,613.283087,35053,3106072,3600.000000,82,152,0,GUROBI,1,51,0,0,0,0,0,0,1,0,0
