instanceIndex,seedIndex,vpcGenerator,terms,lpBound,disjunctiveDualBound,lpBoundPostVpc,rootDualBound,dualBound,primalBound,vpcGenerationTime,rootDualBoundTime,bestSolutionTime,terminationTime,nodes,iterations,maxTime,actualTerms,numCuts,cutLimit,mipSolver,providePrimalBound,infeasibleTerms,feasibleToInfeasibleTerms,infeasibleToFeasibleTerms,termRemainsFeasibleBasisInfeasible,cutsChangedCoefficients,feasibleTermsPrunedByBound,tighten_disjunction,tighten_matrix_perturbation,tighten_infeasible_to_feasible_term,tighten_feasible_to_infeasible_basis
0,0,New,4,193774.753707,193797.803826,193794.282574,193822.348849,211900.000000,211913.000000,41.177706,42.768023,134.624550,144.530181,16997,1377073,3600.000000,4,108,1224,GUROBI,1,0,0,0,0,0,0,0,0,0,0
1,0,Farkas,4,193779.420027,193802.614825,193797.880846,193858.183057,211901.000000,211920.000000,0.092009,2.073922,98.969642,151.774130,20428,1492012,3600.000000,4,108,0,GUROBI,1,0,0,0,4,0,0,0,0,0,0
2,0,Farkas,4,194313.661289,194581.704955,194313.661289,196148.878626,211913.000000,211913.000000,0.217897,1.365377,3.315136,13.135569,2120,154683,3600.000000,4,108,0,GUROBI,1,0,0,0,4,0,0,0,0,0,0
3,0,Farkas,4,195357.656957,195680.205893,195357.656957,196905.151480,212824.000000,212845.000000,0.253142,1.679008,15.877995,16.335958,3213,195743,3600.000000,4,108,0,GUROBI,1,0,0,0,4,0,0,0,0,0,0
4,0,Farkas,4,194992.192857,195007.450000,194995.274463,196818.506137,212815.000000,212815.000000,0.238042,2.348100,8.457714,19.847124,3634,253064,3600.000000,4,108,0,GUROBI,1,1,1,0,3,0,0,0,0,0,0
