instanceIndex,seedIndex,vpcGenerator,terms,lpBound,disjunctiveDualBound,lpBoundPostVpc,rootDualBound,dualBound,primalBound,vpcGenerationTime,rootDualBoundTime,bestSolutionTime,terminationTime,nodes,iterations,maxTime,actualTerms,numCuts,cutLimit,mipSolver,providePrimalBound,infeasibleTerms,feasibleToInfeasibleTerms,infeasibleToFeasibleTerms,termRemainsFeasibleBasisInfeasible,cutsChangedCoefficients,feasibleTermsPrunedByBound,tighten_disjunction,tighten_matrix_perturbation,tighten_infeasible_to_feasible_term,tighten_feasible_to_infeasible_basis
0,0,None,4,-59987.196374,-59987.196374,-59987.196374,-52300.663526,-50768.000000,-50768.000000,0.000002,0.202796,1.267440,1.277759,627,5116,3600.000000,0,0,0,GUROBI,1,0,0,0,0,0,0,0,0,0,0
1,0,None,4,-59995.672954,-59995.672954,-59995.672954,-52354.722467,-50793.000000,-50793.000000,0.000002,0.197568,0.327169,1.155793,610,4987,3600.000000,0,0,0,GUROBI,1,0,0,0,0,0,0,0,0,0,0
2,0,None,4,-59985.898142,-59985.898142,-59985.898142,-52298.449955,-50757.000000,-50757.000000,0.000001,0.197618,0.393714,1.818425,650,6117,3600.000000,0,0,0,GUROBI,1,0,0,0,0,0,0,0,0,0,0
3,0,None,4,-59991.213859,-59991.213859,-59991.213859,-52314.323499,-50795.000000,-50795.000000,0.000002,0.197954,1.685252,1.685402,671,6185,3600.000000,0,0,0,GUROBI,1,0,0,0,0,0,0,0,0,0,0
4,0,None,4,-59990.007618,-59990.007618,-59990.007618,-52268.330060,-50736.000000,-50736.000000,0.000002,0.201413,0.418531,1.112335,600,4587,3600.000000,0,0,0,GUROBI,1,0,0,0,0,0,0,0,0,0,0
