instanceIndex,seedIndex,vpcGenerator,terms,lpBound,disjunctiveDualBound,lpBoundPostVpc,rootDualBound,dualBound,primalBound,vpcGenerationTime,rootDualBoundTime,bestSolutionTime,terminationTime,nodes,iterations,maxTime,actualTerms,numCuts,cutLimit,mipSolver,providePrimalBound,infeasibleTerms,feasibleToInfeasibleTerms,infeasibleToFeasibleTerms,termRemainsFeasibleBasisInfeasible,cutsChangedCoefficients,feasibleTermsPrunedByBound,tighten_disjunction,tighten_matrix_perturbation,tighten_infeasible_to_feasible_term,tighten_feasible_to_infeasible_basis
0,0,New,4,-59156.757374,-58858.753485,-58858.753485,-51291.536196,-49716.000000,-49716.000000,0.810326,0.999272,1.901385,1.926598,719,7621,3600.000000,4,2,75,GUROBI,1,0,0,0,0,0,0,0,0,0,0
1,0,New,4,-59159.976509,-58861.972620,-58861.972620,-52251.066708,-50885.000000,-50885.000000,0.093213,0.305816,0.465535,1.122955,651,5085,3600.000000,4,2,75,GUROBI,1,0,0,0,0,0,0,0,0,0,0
2,0,New,4,-59152.926012,-58855.492830,-58855.492830,-49878.684811,-47729.000000,-47729.000000,0.152762,0.335093,1.686186,1.686550,904,12376,3600.000000,4,2,75,GUROBI,1,0,0,0,0,0,0,0,0,0,0
3,0,New,4,-59158.044698,-58860.040810,-58860.040810,-52386.087242,-50434.000000,-50434.000000,0.155557,0.258252,0.401823,1.190054,668,4861,3600.000000,4,2,75,GUROBI,1,0,0,0,0,0,0,0,0,0,0
4,0,New,4,-59157.773042,-58859.769153,-58859.769153,-51733.637939,-49921.000000,-49921.000000,0.157012,0.304155,1.210940,1.225213,660,5799,3600.000000,4,2,75,GUROBI,1,0,0,0,0,0,0,0,0,0,0
