instanceIndex,seedIndex,vpcGenerator,terms,lpBound,disjunctiveDualBound,lpBoundPostVpc,rootDualBound,dualBound,primalBound,vpcGenerationTime,rootDualBoundTime,bestSolutionTime,terminationTime,nodes,iterations,maxTime,actualTerms,numCuts,cutLimit,mipSolver,providePrimalBound,infeasibleTerms,feasibleToInfeasibleTerms,infeasibleToFeasibleTerms,termRemainsFeasibleBasisInfeasible,cutsChangedCoefficients,feasibleTermsPrunedByBound,tighten_disjunction,tighten_matrix_perturbation,tighten_infeasible_to_feasible_term,tighten_feasible_to_infeasible_basis
0,0,New,4,-59156.757374,-58858.753485,-58858.753485,-51291.536196,-49716.000000,-49716.000000,0.425501,0.617933,0.721589,1.209935,629,5309,3600.000000,4,2,75,GUROBI,1,0,0,0,0,0,0,0,0,0,0
1,0,Disjunction,4,-59160.117193,-58862.123304,-58862.123304,-50901.864601,-49542.000000,-49542.000000,0.005135,0.210000,0.303601,0.919508,651,5723,3600.000000,4,2,0,GUROBI,1,0,0,0,0,0,0,1,0,0,0
2,0,Disjunction,4,-59141.511843,-58843.981843,-58843.981843,-51522.186900,-49656.000000,-49656.000000,0.005185,0.106242,1.234150,1.277844,747,6410,3600.000000,4,2,0,GUROBI,1,0,0,0,0,0,0,1,0,0,0
3,0,Disjunction,4,-59166.693511,-58877.323511,-58877.323511,-51131.947628,-49672.000000,-49672.000000,0.009121,0.212904,1.098305,1.098672,654,5983,3600.000000,4,2,0,GUROBI,1,0,0,0,0,0,0,1,0,0,0
4,0,Disjunction,4,-59234.475129,-58943.817352,-58943.817352,-51252.691040,-49328.000000,-49328.000000,0.009324,0.119684,0.739824,0.791995,682,5924,3600.000000,4,2,0,GUROBI,1,0,0,0,0,0,0,1,0,0,0
