instanceIndex,seedIndex,vpcGenerator,terms,lpBound,disjunctiveDualBound,lpBoundPostVpc,rootDualBound,dualBound,primalBound,vpcGenerationTime,rootDualBoundTime,bestSolutionTime,terminationTime,nodes,iterations,maxTime,actualTerms,numCuts,cutLimit,mipSolver,providePrimalBound,infeasibleTerms,feasibleToInfeasibleTerms,infeasibleToFeasibleTerms,termRemainsFeasibleBasisInfeasible,cutsChangedCoefficients,feasibleTermsPrunedByBound,tighten_disjunction,tighten_matrix_perturbation,tighten_infeasible_to_feasible_term,tighten_feasible_to_infeasible_basis
0,0,New,4,-60527.437212,-60184.111068,-60184.111068,-53585.119664,-51532.000000,-51532.000000,0.780070,0.876052,0.895929,1.433407,626,4399,3600.000000,4,2,75,GUROBI,1,0,0,0,0,0,0,0,0,0,0
1,0,Basis,4,-60530.301459,-60187.857243,-60187.857243,-53661.318778,-51665.000000,-51665.000000,0.007823,0.086136,0.648670,0.657625,644,3904,3600.000000,4,2,0,GUROBI,1,0,0,0,0,0,0,0,0,0,1
2,0,Basis,4,-60527.212514,-60183.886370,-60183.886370,-53590.468008,-51536.000000,-51536.000000,0.007342,0.109212,0.199892,0.663895,605,4111,3600.000000,4,2,0,GUROBI,1,0,0,0,0,0,0,0,0,0,1
3,0,Basis,4,-60530.184792,-60186.858648,-60186.858648,-53588.244882,-51535.000000,-51535.000000,0.007587,0.108945,0.139203,0.703959,616,4196,3600.000000,4,2,0,GUROBI,1,0,0,0,0,0,0,0,0,0,1
4,0,Basis,4,-60524.378603,-60165.165237,-60165.165237,-53610.871774,-51549.000000,-51549.000000,0.005033,0.128294,0.159396,0.912183,635,4757,3600.000000,4,2,0,GUROBI,1,0,0,0,0,0,0,0,0,0,1
