instanceIndex,seedIndex,vpcGenerator,terms,lpBound,disjunctiveDualBound,lpBoundPostVpc,rootDualBound,dualBound,primalBound,vpcGenerationTime,rootDualBoundTime,bestSolutionTime,terminationTime,nodes,iterations,maxTime,actualTerms,numCuts,cutLimit,mipSolver,providePrimalBound,infeasibleTerms,feasibleToInfeasibleTerms,infeasibleToFeasibleTerms,termRemainsFeasibleBasisInfeasible,cutsChangedCoefficients,feasibleTermsPrunedByBound,tighten_disjunction,tighten_matrix_perturbation,tighten_infeasible_to_feasible_term,tighten_feasible_to_infeasible_basis
0,0,New,64,-60670.366638,-59180.426083,-60275.053697,-54079.280361,-52242.000000,-52242.000000,11.818938,12.073731,12.146233,13.344953,632,5085,3600.000000,64,23,75,GUROBI,1,19,0,0,0,0,0,0,0,0,0
1,0,Term,64,-60660.180261,-59179.206470,-60256.504084,-54342.384253,-52322.000000,-52322.000000,0.263289,0.399975,1.371023,1.371174,626,4150,3600.000000,64,23,0,GUROBI,1,19,0,0,0,0,0,0,0,1,0
2,0,Term,64,-60669.539026,-59185.492196,-60243.897556,-54104.390463,-52270.000000,-52270.000000,0.255241,0.508283,0.592810,1.545064,623,4743,3600.000000,64,23,0,GUROBI,1,19,0,0,0,0,0,0,0,1,0
3,0,Term,64,-60679.920212,-59199.420244,-60285.517271,-54107.684745,-52301.000000,-52301.000000,0.198560,0.449374,1.638963,1.643717,622,4389,3600.000000,64,23,0,GUROBI,1,19,0,0,0,0,0,0,0,1,0
4,0,Term,64,-60680.522728,-59160.533610,-60277.094786,-54082.677373,-52245.000000,-52245.000000,0.258289,0.507232,0.587111,1.600864,623,4600,3600.000000,64,23,0,GUROBI,1,19,0,0,0,0,0,0,0,1,0
