instanceIndex,seedIndex,vpcGenerator,terms,lpBound,disjunctiveDualBound,lpBoundPostVpc,rootDualBound,dualBound,primalBound,vpcGenerationTime,rootDualBoundTime,bestSolutionTime,terminationTime,nodes,iterations,maxTime,actualTerms,numCuts,cutLimit,mipSolver,providePrimalBound,infeasibleTerms,feasibleToInfeasibleTerms,infeasibleToFeasibleTerms,termRemainsFeasibleBasisInfeasible,cutsChangedCoefficients,feasibleTermsPrunedByBound,tighten_disjunction,tighten_matrix_perturbation,tighten_infeasible_to_feasible_term,tighten_feasible_to_infeasible_basis
0,0,New,64,-61651.227098,-60529.131542,-61011.603209,-54600.176476,-52302.678885,-52301.000000,12.132192,12.360406,14.917665,14.917841,1245,18652,3600.000000,124,37,75,GUROBI,1,104,0,0,0,0,0,0,0,0,0
1,0,Disjunction,64,-61654.526906,-60532.663572,-61015.135239,-54599.530373,-52303.291615,-52301.000000,0.542685,0.767868,2.631431,2.631597,922,10529,3600.000000,124,37,0,GUROBI,1,104,0,0,0,0,0,1,0,0,0
2,0,Disjunction,64,-61654.017180,-60531.921625,-61014.393291,-54600.638788,-52301.000000,-52301.000000,0.548836,0.767700,3.491282,3.491457,1381,23885,3600.000000,124,37,0,GUROBI,1,104,0,0,0,0,0,1,0,0,0
3,0,Disjunction,64,-61647.684754,-60525.589199,-61008.060865,-54560.428486,-52301.000000,-52301.000000,0.545207,0.763495,3.098367,3.455699,1224,20686,3600.000000,124,37,0,GUROBI,1,104,0,0,0,0,0,1,0,0,0
4,0,Disjunction,64,-61654.502086,-60532.406530,-61014.878197,-54515.257602,-52306.013102,-52301.000000,0.549324,0.804184,2.203344,2.203515,785,8185,3600.000000,124,37,0,GUROBI,1,104,0,0,0,0,0,1,0,0,0
