instanceIndex,seedIndex,vpcGenerator,terms,lpBound,disjunctiveDualBound,lpBoundPostVpc,rootDualBound,dualBound,primalBound,vpcGenerationTime,rootDualBoundTime,bestSolutionTime,terminationTime,nodes,iterations,maxTime,actualTerms,numCuts,cutLimit,mipSolver,providePrimalBound,infeasibleTerms,feasibleToInfeasibleTerms,infeasibleToFeasibleTerms,termRemainsFeasibleBasisInfeasible,cutsChangedCoefficients,feasibleTermsPrunedByBound,tighten_disjunction,tighten_matrix_perturbation,tighten_infeasible_to_feasible_term,tighten_feasible_to_infeasible_basis
0,0,New,64,-60527.437212,-59897.192833,-60004.560480,-53531.236405,-51532.000000,-51532.000000,5.965207,6.078633,7.191692,7.196176,765,5653,3600.000000,108,27,75,GUROBI,1,98,0,0,0,0,0,0,0,0,0
1,0,Disjunction,64,-60530.301459,-59893.927243,-60008.306655,-53621.850693,-51665.000000,-51665.000000,0.373009,0.489446,0.620615,1.330474,637,3568,3600.000000,108,27,0,GUROBI,1,98,0,0,0,0,0,1,0,0,0
2,0,Disjunction,64,-60527.212514,-59888.968134,-59996.335782,-53535.429066,-51536.000000,-51536.000000,0.364839,0.476857,1.419539,1.421812,763,6037,3600.000000,108,27,0,GUROBI,1,98,0,0,0,0,0,1,0,0,0
3,0,Disjunction,64,-60530.184792,-59899.940413,-60007.308060,-53534.356405,-51535.000000,-51535.000000,0.239849,0.352262,1.159472,1.188898,748,5256,3600.000000,108,27,0,GUROBI,1,98,0,0,0,0,0,1,0,0,0
4,0,Disjunction,64,-60524.378603,-59884.819354,-59985.175237,-53556.655121,-51549.000000,-51549.000000,0.537894,0.648767,1.842867,1.842982,680,4609,3600.000000,108,27,0,GUROBI,1,98,0,0,0,0,0,1,0,0,0
