instanceIndex,seedIndex,vpcGenerator,terms,lpBound,disjunctiveDualBound,lpBoundPostVpc,rootDualBound,dualBound,primalBound,vpcGenerationTime,rootDualBoundTime,bestSolutionTime,terminationTime,nodes,iterations,maxTime,actualTerms,numCuts,cutLimit,mipSolver,providePrimalBound,infeasibleTerms,feasibleToInfeasibleTerms,infeasibleToFeasibleTerms,termRemainsFeasibleBasisInfeasible,cutsChangedCoefficients,feasibleTermsPrunedByBound,tighten_disjunction,tighten_matrix_perturbation,tighten_infeasible_to_feasible_term,tighten_feasible_to_infeasible_basis
0,0,New,64,-59156.757374,-57938.650609,-58519.097962,-51651.622818,-49716.000000,-49716.000000,23.254082,23.407205,24.789666,24.789851,667,4595,3600.000000,64,75,75,GUROBI,1,26,0,0,0,0,0,0,0,0,0
1,0,Basis,64,-59168.198569,-57950.424778,-58531.021249,-51209.071446,-49514.000000,-49514.000000,0.276989,0.580953,2.222366,2.453984,882,11333,3600.000000,64,75,0,GUROBI,1,26,0,0,0,0,0,0,0,0,1
2,0,Basis,64,-59066.469223,-57847.965237,-58431.870519,-51189.796138,-49558.000000,-49558.000000,0.265217,0.535264,2.366705,2.416683,737,8409,3600.000000,64,75,0,GUROBI,1,26,0,0,38,0,0,0,0,0,1
3,0,Basis,64,-59265.801245,-58050.658075,-58630.086898,-51303.383626,-49814.000000,-49814.000000,0.268744,0.597794,2.519690,2.562276,721,6694,3600.000000,64,75,0,GUROBI,1,26,0,0,0,0,0,0,0,0,1
4,0,Basis,64,-59143.204697,-57924.808194,-58505.950417,-51239.135886,-49616.000000,-49616.000000,0.274932,0.550318,2.586000,2.586171,787,8024,3600.000000,64,75,0,GUROBI,1,26,0,0,0,0,0,0,0,0,1
