instanceIndex,seedIndex,vpcGenerator,terms,lpBound,disjunctiveDualBound,lpBoundPostVpc,rootDualBound,dualBound,primalBound,vpcGenerationTime,rootDualBoundTime,bestSolutionTime,terminationTime,nodes,iterations,maxTime,actualTerms,numCuts,cutLimit,mipSolver,providePrimalBound,infeasibleTerms,feasibleToInfeasibleTerms,infeasibleToFeasibleTerms,termRemainsFeasibleBasisInfeasible,cutsChangedCoefficients,feasibleTermsPrunedByBound,tighten_disjunction,tighten_matrix_perturbation,tighten_infeasible_to_feasible_term,tighten_feasible_to_infeasible_basis
0,0,New,4,-61651.227098,-61298.095431,-61298.095431,-54574.857469,-52303.358240,-52301.000000,0.921171,1.139909,3.390167,3.650618,1773,29268,3600.000000,4,2,75,GUROBI,1,0,0,0,0,0,0,0,0,0,0
1,0,All,4,-61700.167992,-61346.804103,-61347.225899,-54919.162451,-52573.000000,-52573.000000,0.009944,0.146281,2.153741,2.395222,1135,15487,3600.000000,4,2,0,GUROBI,1,0,0,0,0,0,0,1,1,1,1
2,0,All,4,-61729.356078,-61376.659411,-61376.659411,-54949.386747,-52477.000000,-52477.000000,0.011852,0.149304,1.701537,1.701691,910,11451,3600.000000,4,2,0,GUROBI,1,0,0,0,0,0,0,1,1,1,1
3,0,All,4,-61727.615362,-61375.788695,-61375.788695,-54966.005024,-52625.000000,-52625.000000,0.012466,0.151179,2.007331,2.175464,1083,13192,3600.000000,4,2,0,GUROBI,1,0,0,0,0,0,0,1,1,1,1
4,0,All,4,-61519.646718,-61165.877273,-61167.832541,-54333.136766,-52077.000000,-52077.000000,0.011187,0.211518,1.989465,2.162702,1084,18359,3600.000000,4,2,0,GUROBI,1,0,0,0,4,0,0,1,1,1,1
