instanceIndex,seedIndex,vpcGenerator,terms,lpBound,disjunctiveDualBound,lpBoundPostVpc,rootDualBound,dualBound,primalBound,vpcGenerationTime,rootDualBoundTime,bestSolutionTime,terminationTime,nodes,iterations,maxTime,actualTerms,numCuts,cutLimit,mipSolver,providePrimalBound,infeasibleTerms,feasibleToInfeasibleTerms,infeasibleToFeasibleTerms,termRemainsFeasibleBasisInfeasible,cutsChangedCoefficients,feasibleTermsPrunedByBound,tighten_disjunction,tighten_matrix_perturbation,tighten_infeasible_to_feasible_term,tighten_feasible_to_infeasible_basis
0,0,None,4,-61651.227098,-61651.227098,-61651.227098,-54574.321827,-52301.000000,-52301.000000,0.000024,0.199284,2.416146,2.497177,809,8082,3600.000000,0,0,0,GUROBI,1,0,0,0,0,0,0,0,0,0,0
1,0,None,4,-61654.526906,-61654.526906,-61654.526906,-54581.000111,-52301.000000,-52301.000000,0.000002,0.215006,1.998513,1.998676,810,8396,3600.000000,0,0,0,GUROBI,1,0,0,0,0,0,0,0,0,0,0
2,0,None,4,-61654.017180,-61654.017180,-61654.017180,-54570.179219,-52304.323323,-52301.000000,0.000004,0.209598,3.400161,3.843971,1892,40112,3600.000000,0,0,0,GUROBI,1,0,0,0,0,0,0,0,0,0,0
3,0,None,4,-61647.684754,-61647.684754,-61647.684754,-54571.883603,-52301.584919,-52301.000000,0.000002,0.208200,3.046772,3.049057,950,11355,3600.000000,0,0,0,GUROBI,1,0,0,0,0,0,0,0,0,0,0
4,0,None,4,-61654.502086,-61654.502086,-61654.502086,-54587.902299,-52301.000000,-52301.000000,0.000003,0.209432,1.511833,1.601010,869,9435,3600.000000,0,0,0,GUROBI,1,0,0,0,0,0,0,0,0,0,0
