instanceIndex,seedIndex,vpcGenerator,terms,lpBound,disjunctiveDualBound,lpBoundPostVpc,rootDualBound,dualBound,primalBound,vpcGenerationTime,rootDualBoundTime,bestSolutionTime,terminationTime,nodes,iterations,maxTime,actualTerms,numCuts,cutLimit,mipSolver,providePrimalBound,infeasibleTerms,feasibleToInfeasibleTerms,infeasibleToFeasibleTerms,termRemainsFeasibleBasisInfeasible,cutsChangedCoefficients,feasibleTermsPrunedByBound,tighten_disjunction,tighten_matrix_perturbation,tighten_infeasible_to_feasible_term,tighten_feasible_to_infeasible_basis
0,0,None,64,-59156.757374,-59156.757374,-59156.757374,-51412.835659,-49716.000000,-49716.000000,0.000024,0.214384,0.368408,1.327367,624,5453,3600.000000,0,0,0,GUROBI,1,0,0,0,0,0,0,0,0,0,0
1,0,None,64,-59159.976509,-59159.976509,-59159.976509,-52271.909794,-50885.000000,-50885.000000,0.000003,0.253002,1.606802,1.611643,1137,9909,3600.000000,0,0,0,GUROBI,1,0,0,0,0,0,0,0,0,0,0
2,0,None,64,-59152.926012,-59152.926012,-59152.926012,-50118.938650,-47729.344835,-47729.000000,0.000002,0.146286,1.781694,1.857012,986,13573,3600.000000,0,0,0,GUROBI,1,0,0,0,0,0,0,0,0,0,0
3,0,None,64,-59158.044698,-59158.044698,-59158.044698,-52350.349555,-50434.000000,-50434.000000,0.000002,0.138850,0.247703,1.103790,625,4567,3600.000000,0,0,0,GUROBI,1,0,0,0,0,0,0,0,0,0,0
4,0,None,64,-59157.773042,-59157.773042,-59157.773042,-51671.472549,-49921.000000,-49921.000000,0.000003,0.218450,2.259792,2.269862,709,7004,3600.000000,0,0,0,GUROBI,1,0,0,0,0,0,0,0,0,0,0
