instanceIndex,seedIndex,vpcGenerator,terms,lpBound,disjunctiveDualBound,lpBoundPostVpc,rootDualBound,dualBound,primalBound,vpcGenerationTime,rootDualBoundTime,bestSolutionTime,terminationTime,nodes,iterations,maxTime,actualTerms,numCuts,cutLimit,mipSolver,providePrimalBound,infeasibleTerms,feasibleToInfeasibleTerms,infeasibleToFeasibleTerms,termRemainsFeasibleBasisInfeasible,cutsChangedCoefficients,feasibleTermsPrunedByBound,tighten_disjunction,tighten_matrix_perturbation,tighten_infeasible_to_feasible_term,tighten_feasible_to_infeasible_basis
0,0,New,4,-59987.196374,-59610.381374,-59610.381374,-52269.185491,-50768.000000,-50768.000000,0.185521,0.497125,0.707544,1.551946,634,4583,3600.000000,4,2,75,GUROBI,1,0,0,0,0,0,0,0,0,0,0
1,0,Disjunction,4,-59866.995545,-59489.903878,-59491.239556,-52198.031111,-50369.000000,-50369.000000,0.010402,0.273793,0.356338,1.872387,668,6102,3600.000000,4,2,0,GUROBI,1,0,0,0,4,0,0,1,0,0,0
2,0,Disjunction,4,-60250.971628,-59874.526628,-59875.417081,-53225.813828,-51166.000000,-51166.000000,0.009881,0.224755,0.381962,1.108098,606,3645,3600.000000,4,2,0,GUROBI,1,0,0,0,0,0,0,1,0,0,0
3,0,Disjunction,4,-60034.970362,-59657.632585,-59658.968263,-52427.789310,-50668.000000,-50668.000000,0.009002,0.383122,0.490943,1.912315,666,5902,3600.000000,4,2,0,GUROBI,1,0,0,0,0,0,0,1,0,0,0
4,0,Disjunction,4,-60000.341949,-59623.803616,-59624.203204,-52229.053745,-50538.756881,-50535.000000,0.010570,0.272292,2.179340,2.179489,658,6073,3600.000000,4,2,0,GUROBI,1,0,0,0,4,0,0,1,0,0,0
