instanceIndex,seedIndex,vpcGenerator,terms,lpBound,disjunctiveDualBound,lpBoundPostVpc,rootDualBound,dualBound,primalBound,vpcGenerationTime,rootDualBoundTime,bestSolutionTime,terminationTime,nodes,iterations,maxTime,actualTerms,numCuts,cutLimit,mipSolver,providePrimalBound,infeasibleTerms,feasibleToInfeasibleTerms,infeasibleToFeasibleTerms,termRemainsFeasibleBasisInfeasible,cutsChangedCoefficients,feasibleTermsPrunedByBound,tighten_disjunction,tighten_matrix_perturbation,tighten_infeasible_to_feasible_term,tighten_feasible_to_infeasible_basis
0,0,New,64,-61651.227098,-60529.131542,-61011.603209,-54574.857469,-52305.007864,-52301.000000,12.689339,12.902797,14.782148,15.181349,1188,18390,3600.000000,124,37,75,GUROBI,1,104,0,0,0,0,0,0,0,0,0
1,0,Term,64,-61654.526906,-60532.663572,-61015.135239,-54587.362652,-52301.000000,-52301.000000,0.547898,0.766584,2.395102,2.834795,1418,20209,3600.000000,124,37,0,GUROBI,1,104,0,0,0,0,0,0,0,1,0
2,0,Term,64,-61654.017180,-60531.921625,-61014.393291,-54568.007393,-52301.000000,-52301.000000,0.539711,0.757287,2.641214,3.438137,1826,29715,3600.000000,124,37,0,GUROBI,1,104,0,0,0,0,0,0,0,1,0
3,0,Term,64,-61647.684754,-60525.589199,-61008.060865,-54568.365117,-52301.000000,-52301.000000,0.541588,0.758299,2.618016,2.939591,1202,18157,3600.000000,124,37,0,GUROBI,1,104,0,0,0,0,0,0,0,1,0
4,0,Term,64,-61654.502086,-60532.406530,-61014.878197,-54602.143057,-52301.000000,-52301.000000,0.540094,0.756237,3.330123,3.330301,875,8678,3600.000000,124,37,0,GUROBI,1,104,0,0,0,0,0,0,0,1,0
