instanceIndex,seedIndex,vpcGenerator,terms,lpBound,disjunctiveDualBound,lpBoundPostVpc,rootDualBound,dualBound,primalBound,vpcGenerationTime,rootDualBoundTime,bestSolutionTime,terminationTime,nodes,iterations,maxTime,actualTerms,numCuts,cutLimit,mipSolver,providePrimalBound,infeasibleTerms,feasibleToInfeasibleTerms,infeasibleToFeasibleTerms,termRemainsFeasibleBasisInfeasible,cutsChangedCoefficients,feasibleTermsPrunedByBound,tighten_disjunction,tighten_matrix_perturbation,tighten_infeasible_to_feasible_term,tighten_feasible_to_infeasible_basis
0,0,None,64,-60527.437212,-60527.437212,-60527.437212,-53305.604467,-51532.000000,-51532.000000,0.000031,0.220059,1.988764,1.988905,691,5948,3600.000000,0,0,0,GUROBI,1,0,0,0,0,0,0,0,0,0,0
1,0,None,64,-60530.301459,-60530.301459,-60530.301459,-53392.891969,-51665.000000,-51665.000000,0.000004,0.220859,1.799575,1.800619,678,5465,3600.000000,0,0,0,GUROBI,1,0,0,0,0,0,0,0,0,0,0
2,0,None,64,-60527.212514,-60527.212514,-60527.212514,-53310.818838,-51536.000000,-51536.000000,0.000002,0.222833,1.317183,1.317327,641,4774,3600.000000,0,0,0,GUROBI,1,0,0,0,0,0,0,0,0,0,0
3,0,None,64,-60530.184792,-60530.184792,-60530.184792,-53308.754855,-51535.000000,-51535.000000,0.000002,0.220506,2.111647,2.122860,687,5673,3600.000000,0,0,0,GUROBI,1,0,0,0,0,0,0,0,0,0,0
4,0,None,64,-60524.378603,-60524.378603,-60524.378603,-53280.145443,-51549.000000,-51549.000000,0.000002,0.264481,2.067389,2.067531,681,5834,3600.000000,0,0,0,GUROBI,1,0,0,0,0,0,0,0,0,0,0
