instanceIndex,seedIndex,vpcGenerator,terms,lpBound,disjunctiveDualBound,lpBoundPostVpc,rootDualBound,dualBound,primalBound,vpcGenerationTime,rootDualBoundTime,bestSolutionTime,terminationTime,nodes,iterations,maxTime,actualTerms,numCuts,cutLimit,mipSolver,providePrimalBound,infeasibleTerms,feasibleToInfeasibleTerms,infeasibleToFeasibleTerms,termRemainsFeasibleBasisInfeasible,cutsChangedCoefficients,feasibleTermsPrunedByBound,tighten_disjunction,tighten_matrix_perturbation,tighten_infeasible_to_feasible_term,tighten_feasible_to_infeasible_basis
0,0,New,64,-61651.227098,-60529.131542,-61011.603209,-54639.560813,-52301.000000,-52301.000000,12.598713,12.783667,14.498056,14.565727,1108,13544,3600.000000,124,37,75,GUROBI,1,104,0,0,0,0,0,0,0,0,0
1,0,Basis,64,-61646.212249,-60523.663915,-61006.589471,-54588.398831,-52298.000000,-52298.000000,0.544057,0.759122,3.992454,3.992633,1972,36189,3600.000000,124,37,0,GUROBI,1,104,0,0,0,0,0,0,0,0,1
2,0,Basis,64,-61646.949027,-60541.093472,-61023.565139,-54589.661929,-52293.596607,-52290.000000,0.533534,0.751383,3.294223,3.966395,1498,25622,3600.000000,124,37,0,GUROBI,1,104,0,0,0,0,0,0,0,0,1
3,0,Basis,64,-61648.444012,-60526.348457,-61001.124012,-54615.852071,-52276.000000,-52276.000000,0.531887,0.715610,2.316682,2.316855,886,9414,3600.000000,124,37,0,GUROBI,1,104,0,0,0,0,0,0,0,0,1
4,0,Basis,64,-61653.117763,-60531.022207,-61013.493874,-54595.764611,-52308.089523,-52305.000000,0.532282,0.749188,3.371555,3.511927,1645,28411,3600.000000,124,37,0,GUROBI,1,104,0,0,0,0,0,0,0,0,1
