instanceIndex,seedIndex,vpcGenerator,terms,lpBound,disjunctiveDualBound,lpBoundPostVpc,rootDualBound,dualBound,primalBound,vpcGenerationTime,rootDualBoundTime,bestSolutionTime,terminationTime,nodes,iterations,maxTime,actualTerms,numCuts,cutLimit,mipSolver,providePrimalBound,infeasibleTerms,feasibleToInfeasibleTerms,infeasibleToFeasibleTerms,termRemainsFeasibleBasisInfeasible,cutsChangedCoefficients,feasibleTermsPrunedByBound,tighten_disjunction,tighten_matrix_perturbation,tighten_infeasible_to_feasible_term,tighten_feasible_to_infeasible_basis
0,0,New,4,-60527.437212,-60184.111068,-60184.111068,-53585.119664,-51532.000000,-51532.000000,1.333412,1.471994,1.509213,2.453500,618,4600,3600.000000,4,2,75,GUROBI,1,0,0,0,0,0,0,0,0,0,0
1,0,New,4,-60530.301459,-60187.857243,-60187.857243,-53661.318778,-51665.000000,-51665.000000,0.184322,0.332398,1.317249,1.317404,633,3530,3600.000000,4,2,75,GUROBI,1,0,0,0,0,0,0,0,0,0,0
2,0,New,4,-60527.212514,-60183.886370,-60183.886370,-53590.468008,-51536.000000,-51536.000000,0.194887,0.331866,0.487796,1.316672,619,4051,3600.000000,4,2,75,GUROBI,1,0,0,0,0,0,0,0,0,0,0
3,0,New,4,-60530.184792,-60186.858648,-60186.858648,-53588.244882,-51535.000000,-51535.000000,0.183604,0.321529,0.357979,1.319470,603,4188,3600.000000,4,2,75,GUROBI,1,0,0,0,0,0,0,0,0,0,0
4,0,New,4,-60524.378603,-60165.165237,-60165.165237,-53610.871774,-51549.000000,-51549.000000,0.182976,0.318069,0.355661,1.728474,636,4712,3600.000000,4,2,75,GUROBI,1,0,0,0,0,0,0,0,0,0,0
