instanceIndex,seedIndex,vpcGenerator,terms,lpBound,disjunctiveDualBound,lpBoundPostVpc,rootDualBound,dualBound,primalBound,vpcGenerationTime,rootDualBoundTime,bestSolutionTime,terminationTime,nodes,iterations,maxTime,actualTerms,numCuts,cutLimit,mipSolver,providePrimalBound,infeasibleTerms,feasibleToInfeasibleTerms,infeasibleToFeasibleTerms,termRemainsFeasibleBasisInfeasible,cutsChangedCoefficients,feasibleTermsPrunedByBound,tighten_disjunction,tighten_matrix_perturbation,tighten_infeasible_to_feasible_term,tighten_feasible_to_infeasible_basis
0,0,New,64,-60527.437212,-59897.192833,-60004.560480,-53531.236405,-51532.000000,-51532.000000,10.214077,10.365582,11.586801,11.641031,790,6501,3600.000000,108,27,75,GUROBI,1,98,0,0,0,0,0,0,0,0,0
1,0,New,64,-60805.405283,-60335.562678,-60423.987259,-55419.357215,-53409.500000,-53409.500000,18.014144,18.253542,20.202356,20.205863,772,6607,3600.000000,114,71,71,GUROBI,1,104,0,0,0,0,0,0,0,0,0
2,0,New,64,-60528.543488,-58999.001349,-60130.531814,-52400.088553,-51562.021903,-51559.666667,2.062619,2.253852,2.346990,2.347149,198,1298,3600.000000,64,4,75,GUROBI,1,23,0,0,0,0,0,0,0,0,0
3,0,New,64,-66263.126567,-64871.699221,-65261.839114,-61614.374897,-60980.500000,-60980.500000,16.537998,16.923071,16.951749,17.015179,131,1353,3600.000000,66,54,54,GUROBI,1,27,0,0,0,0,0,0,0,0,0
4,0,New,64,-67221.470843,-66685.866759,-66783.940727,-62908.676518,-61752.500000,-61752.500000,3.171237,3.488691,4.354129,4.356964,671,4728,3600.000000,106,9,52,GUROBI,1,98,0,0,0,0,0,0,0,0,0
