instanceIndex,seedIndex,vpcGenerator,terms,lpBound,disjunctiveDualBound,lpBoundPostVpc,rootDualBound,dualBound,primalBound,vpcGenerationTime,rootDualBoundTime,bestSolutionTime,terminationTime,nodes,iterations,maxTime,actualTerms,numCuts,cutLimit,mipSolver,providePrimalBound,infeasibleTerms,feasibleToInfeasibleTerms,infeasibleToFeasibleTerms,termRemainsFeasibleBasisInfeasible,cutsChangedCoefficients,feasibleTermsPrunedByBound,tighten_disjunction,tighten_matrix_perturbation,tighten_infeasible_to_feasible_term,tighten_feasible_to_infeasible_basis
0,0,New,64,-59156.757374,-57938.650609,-58519.097962,-51651.622818,-49716.000000,-49716.000000,23.397894,23.550082,24.875730,24.875935,649,4343,3600.000000,64,75,75,GUROBI,1,26,0,0,0,0,0,0,0,0,0
1,0,New,64,-59221.687548,-57962.593300,-58400.328925,-51314.658133,-49730.000000,-49730.000000,22.269035,22.605305,24.432062,24.454488,680,6199,3600.000000,64,75,75,GUROBI,1,27,0,0,0,0,0,0,0,0,0
2,0,New,64,-59214.187581,-57954.180261,-58343.946364,-51378.275619,-49730.000000,-49730.000000,22.077872,22.368464,23.474070,23.474244,781,7314,3600.000000,64,75,75,GUROBI,1,27,0,0,0,0,0,0,0,0,0
3,0,New,64,-59159.913299,-57942.059181,-58522.253887,-51656.149182,-49716.000000,-49716.000000,22.698232,22.852895,24.117109,24.142226,623,3755,3600.000000,64,75,75,GUROBI,1,26,0,0,0,0,0,0,0,0,0
4,0,New,64,-59214.260213,-57954.410540,-58344.176643,-51376.287816,-49830.000000,-49830.000000,22.351146,22.640889,23.752711,23.752880,719,6423,3600.000000,64,75,75,GUROBI,1,27,0,0,0,0,0,0,0,0,0
