instanceIndex,seedIndex,vpcGenerator,terms,lpBound,disjunctiveDualBound,lpBoundPostVpc,rootDualBound,dualBound,primalBound,vpcGenerationTime,rootDualBoundTime,bestSolutionTime,terminationTime,nodes,iterations,maxTime,actualTerms,numCuts,cutLimit,mipSolver,providePrimalBound,infeasibleTerms,feasibleToInfeasibleTerms,infeasibleToFeasibleTerms,termRemainsFeasibleBasisInfeasible,cutsChangedCoefficients,feasibleTermsPrunedByBound,tighten_disjunction,tighten_matrix_perturbation,tighten_infeasible_to_feasible_term,tighten_feasible_to_infeasible_basis
0,0,New,4,-59156.757374,-58858.753485,-58858.753485,-51291.536196,-49716.000000,-49716.000000,1.293605,1.567867,2.809344,2.809497,732,6881,3600.000000,4,2,75,GUROBI,1,0,0,0,0,0,0,0,0,0,0
1,0,New,4,-59160.117193,-58862.123304,-58862.123304,-50901.399046,-49545.588818,-49542.000000,0.199568,0.513836,0.643427,1.782639,1690,16403,3600.000000,4,2,75,GUROBI,1,0,0,0,0,0,0,0,0,0,0
2,0,New,4,-59141.511843,-58843.981843,-58843.981843,-51522.186900,-49656.000000,-49656.000000,0.196342,0.336516,2.082674,2.239290,824,7982,3600.000000,4,2,75,GUROBI,1,0,0,0,0,0,0,0,0,0,0
3,0,New,4,-59166.693511,-58877.323511,-58877.323511,-51131.947628,-49672.000000,-49672.000000,0.187110,0.466698,1.457309,1.457480,609,5320,3600.000000,4,2,75,GUROBI,1,0,0,0,0,0,0,0,0,0,0
4,0,New,4,-59234.475129,-58921.742352,-58921.742352,-51252.691040,-49328.000000,-49328.000000,0.190794,0.336520,1.873769,1.873923,631,4201,3600.000000,4,2,75,GUROBI,1,0,0,0,0,0,0,0,0,0,0
