instanceIndex,seedIndex,vpcGenerator,terms,lpBound,disjunctiveDualBound,lpBoundPostVpc,rootDualBound,dualBound,primalBound,vpcGenerationTime,rootDualBoundTime,bestSolutionTime,terminationTime,nodes,iterations,maxTime,actualTerms,numCuts,cutLimit,mipSolver,providePrimalBound,infeasibleTerms,feasibleToInfeasibleTerms,infeasibleToFeasibleTerms,termRemainsFeasibleBasisInfeasible,cutsChangedCoefficients,feasibleTermsPrunedByBound,tighten_disjunction,tighten_matrix_perturbation,tighten_infeasible_to_feasible_term,tighten_feasible_to_infeasible_basis
0,0,New,4,-60670.366638,-60412.463697,-60412.463697,-54105.476295,-52242.000000,-52242.000000,1.364435,1.611356,1.684252,2.605500,614,4577,3600.000000,4,24,75,GUROBI,1,0,0,0,0,0,0,0,0,0,0
1,0,Matrix,4,-60670.756980,-60412.415804,-60412.415804,-54080.198220,-52268.000000,-52268.000000,0.014645,0.258071,0.325278,1.483028,648,4884,3600.000000,4,24,0,GUROBI,1,0,0,0,0,0,0,0,1,0,0
2,0,Matrix,4,-60671.692450,-60413.789509,-60413.789509,-54070.602339,-52235.000000,-52235.000000,0.014521,0.268551,0.427558,1.335426,623,4258,3600.000000,4,24,0,GUROBI,1,0,0,0,0,0,0,0,1,0,0
3,0,Matrix,4,-60667.259524,-60409.356583,-60409.356583,-54036.915999,-52183.000000,-52183.000000,0.015548,0.266676,0.340306,1.368687,621,4658,3600.000000,4,24,0,GUROBI,1,0,0,0,0,0,0,0,1,0,0
4,0,Matrix,4,-60669.583402,-60411.680461,-60411.680461,-54114.654679,-52251.000000,-52251.000000,0.015222,0.260212,0.332241,1.312514,654,5908,3600.000000,4,24,0,GUROBI,1,0,0,0,0,0,0,0,1,0,0
