instanceIndex,seedIndex,vpcGenerator,terms,lpBound,disjunctiveDualBound,lpBoundPostVpc,rootDualBound,dualBound,primalBound,vpcGenerationTime,rootDualBoundTime,bestSolutionTime,terminationTime,nodes,iterations,maxTime,actualTerms,numCuts,cutLimit,mipSolver,providePrimalBound,infeasibleTerms,feasibleToInfeasibleTerms,infeasibleToFeasibleTerms,termRemainsFeasibleBasisInfeasible,cutsChangedCoefficients,feasibleTermsPrunedByBound,tighten_disjunction,tighten_matrix_perturbation,tighten_infeasible_to_feasible_term,tighten_feasible_to_infeasible_basis
0,0,New,4,-60670.366638,-60412.463697,-60412.463697,-54077.640095,-52242.000000,-52242.000000,0.705144,0.891792,1.017884,1.608812,619,4187,3600.000000,4,24,75,GUROBI,1,0,0,0,0,0,0,0,0,0,0
1,0,NoDisjunction,4,-60666.998757,-60409.095815,-60409.095815,-54014.372316,-52242.000000,-52242.000000,0.011416,0.351981,0.412533,1.500903,631,5278,3600.000000,4,24,0,GUROBI,1,0,0,0,0,0,0,0,1,1,1
2,0,NoDisjunction,4,-60673.942712,-60416.039770,-60416.039770,-54113.756094,-52242.000000,-52242.000000,0.009995,0.264158,0.325570,1.268083,624,4829,3600.000000,4,24,0,GUROBI,1,0,0,0,0,0,0,0,1,1,1
3,0,NoDisjunction,4,-60673.957191,-60416.054250,-60416.054250,-54117.288097,-52242.000000,-52242.000000,0.009859,0.295623,0.394024,1.251164,674,5472,3600.000000,4,24,0,GUROBI,1,0,0,0,0,0,0,0,1,1,1
4,0,NoDisjunction,4,-60673.913467,-60415.282879,-60418.073376,-53990.632299,-52242.000000,-52242.000000,0.011462,0.273157,1.416763,1.416890,648,5490,3600.000000,4,24,0,GUROBI,1,0,0,0,0,0,0,0,1,1,1
