instanceIndex,seedIndex,vpcGenerator,terms,lpBound,disjunctiveDualBound,lpBoundPostVpc,rootDualBound,dualBound,primalBound,vpcGenerationTime,rootDualBoundTime,bestSolutionTime,terminationTime,nodes,iterations,maxTime,actualTerms,numCuts,cutLimit,mipSolver,providePrimalBound,infeasibleTerms,feasibleToInfeasibleTerms,infeasibleToFeasibleTerms,termRemainsFeasibleBasisInfeasible,cutsChangedCoefficients,feasibleTermsPrunedByBound,tighten_disjunction,tighten_matrix_perturbation,tighten_infeasible_to_feasible_term,tighten_feasible_to_infeasible_basis
0,0,New,4,-60670.366638,-60412.463697,-60412.463697,-54105.527430,-52242.000000,-52242.000000,1.504172,1.765869,1.905972,2.940046,643,5241,3600.000000,4,24,75,GUROBI,1,0,0,0,0,0,0,0,0,0,0
1,0,Basis,4,-60666.998757,-60409.095815,-60409.095815,-54101.126464,-52242.000000,-52242.000000,0.014329,0.272863,0.422316,1.290673,623,4437,3600.000000,4,24,0,GUROBI,1,0,0,0,0,0,0,0,0,0,1
2,0,Basis,4,-60673.942712,-60416.039770,-60416.039770,-54113.756094,-52242.000000,-52242.000000,0.017516,0.277156,0.347515,1.381772,626,4533,3600.000000,4,24,0,GUROBI,1,0,0,0,0,0,0,0,0,0,1
3,0,Basis,4,-60673.957191,-60416.054250,-60416.054250,-54117.288097,-52242.000000,-52242.000000,0.014704,0.263578,0.404642,1.589841,675,5237,3600.000000,4,24,0,GUROBI,1,0,0,0,0,0,0,0,0,0,1
4,0,Basis,4,-60673.913467,-60415.282879,-60418.073376,-54115.316280,-52242.000000,-52242.000000,0.016848,0.277462,0.429808,1.384621,639,4673,3600.000000,4,24,0,GUROBI,1,0,0,0,0,0,0,0,0,0,1
