instanceIndex,seedIndex,vpcGenerator,terms,lpBound,disjunctiveDualBound,lpBoundPostVpc,rootDualBound,dualBound,primalBound,vpcGenerationTime,rootDualBoundTime,bestSolutionTime,terminationTime,nodes,iterations,maxTime,actualTerms,numCuts,cutLimit,mipSolver,providePrimalBound,infeasibleTerms,feasibleToInfeasibleTerms,infeasibleToFeasibleTerms,termRemainsFeasibleBasisInfeasible,cutsChangedCoefficients,feasibleTermsPrunedByBound,tighten_disjunction,tighten_matrix_perturbation,tighten_infeasible_to_feasible_term,tighten_feasible_to_infeasible_basis
0,0,New,4,-59156.757374,-58858.753485,-58858.753485,-51291.536196,-49716.000000,-49716.000000,0.906402,1.096414,1.793599,1.849280,692,6041,3600.000000,4,2,75,GUROBI,1,0,0,0,0,0,0,0,0,0,0
1,0,All,4,-59808.470496,-59595.933300,-59599.513311,-52884.244247,-51745.733893,-51742.727273,0.046817,0.317584,0.846349,0.972774,1680,19247,3600.000000,4,2,0,GUROBI,1,0,0,0,0,2,0,1,1,1,1
2,0,All,4,-60682.829484,-60422.471737,-60425.113762,-55986.473213,-54354.666667,-54354.666667,0.026133,0.142333,0.211563,0.777870,593,4308,3600.000000,4,2,0,GUROBI,1,0,0,0,0,2,0,1,1,1,1
3,0,All,4,-59658.555498,-59375.167319,-59375.479311,-53566.173668,-51941.407032,-51938.000000,0.040149,0.180088,0.208689,1.147501,1493,14776,3600.000000,4,2,0,GUROBI,1,0,0,0,0,2,0,1,1,1,1
4,0,All,4,-63475.011515,-63049.447006,-63405.400653,-58267.307309,-57468.771474,-57464.750000,0.043508,0.375486,0.805589,0.823059,911,8727,3600.000000,4,2,0,GUROBI,1,0,0,0,0,2,0,1,1,1,1
