instanceIndex,seedIndex,vpcGenerator,terms,lpBound,disjunctiveDualBound,lpBoundPostVpc,rootDualBound,dualBound,primalBound,vpcGenerationTime,rootDualBoundTime,bestSolutionTime,terminationTime,nodes,iterations,maxTime,actualTerms,numCuts,cutLimit,mipSolver,providePrimalBound,infeasibleTerms,feasibleToInfeasibleTerms,infeasibleToFeasibleTerms,termRemainsFeasibleBasisInfeasible,cutsChangedCoefficients,feasibleTermsPrunedByBound,tighten_disjunction,tighten_matrix_perturbation,tighten_infeasible_to_feasible_term,tighten_feasible_to_infeasible_basis
0,0,New,4,-60527.437212,-60184.111068,-60184.111068,-53585.119664,-51532.000000,-51532.000000,0.433322,0.523231,0.542787,1.050757,609,4335,3600.000000,4,2,75,GUROBI,1,0,0,0,0,0,0,0,0,0,0
1,0,Basis,4,-60528.408968,-60185.082824,-60185.082824,-53635.243571,-51532.000000,-51532.000000,0.007566,0.128821,0.266291,0.787068,636,4869,3600.000000,4,2,0,GUROBI,1,0,0,0,0,2,0,0,0,0,1
2,0,Basis,4,-60524.993330,-60181.667186,-60181.667186,-53257.976237,-51432.000000,-51432.000000,0.007447,0.212529,1.228899,1.234430,701,6153,3600.000000,4,2,0,GUROBI,1,0,0,0,0,2,0,0,0,0,1
3,0,Basis,4,-60524.435985,-60181.109841,-60181.109841,-53451.078233,-51406.000000,-51406.000000,0.007420,0.172076,1.224628,1.224749,814,8758,3600.000000,4,2,0,GUROBI,1,0,0,0,0,2,0,0,0,0,1
4,0,Basis,4,-60526.818116,-60191.462269,-60191.462269,-53269.555983,-50736.000000,-50736.000000,0.007907,0.119729,0.959115,1.011467,1121,13426,3600.000000,4,2,0,GUROBI,1,0,0,0,0,2,0,0,0,0,1
