instanceIndex,seedIndex,vpcGenerator,terms,lpBound,disjunctiveDualBound,lpBoundPostVpc,rootDualBound,dualBound,primalBound,vpcGenerationTime,rootDualBoundTime,bestSolutionTime,terminationTime,nodes,iterations,maxTime,actualTerms,numCuts,cutLimit,mipSolver,providePrimalBound,infeasibleTerms,feasibleToInfeasibleTerms,infeasibleToFeasibleTerms,termRemainsFeasibleBasisInfeasible,cutsChangedCoefficients,feasibleTermsPrunedByBound,tighten_disjunction,tighten_matrix_perturbation,tighten_infeasible_to_feasible_term,tighten_feasible_to_infeasible_basis
0,0,New,64,-60527.437212,-59897.192833,-60004.560480,-53531.236405,-51532.000000,-51532.000000,5.904961,6.000011,6.778485,6.781256,779,6044,3600.000000,108,27,75,GUROBI,1,98,0,0,0,0,0,0,0,0,0
1,0,Basis,64,-60654.235524,-60022.683040,-60137.733280,-53554.371367,-51732.000000,-51732.000000,0.253823,0.416305,1.093060,1.093205,664,5199,3600.000000,108,27,0,GUROBI,1,98,0,0,0,0,0,0,0,0,1
2,0,Basis,64,-60529.674817,-59898.599850,-60008.877788,-53248.319306,-51532.000000,-51532.000000,0.292703,0.492814,2.146651,2.170516,734,6760,3600.000000,108,27,0,GUROBI,1,98,0,0,0,0,0,0,0,0,1
3,0,Basis,64,-60592.698772,-59962.215635,-60071.665856,-53645.465817,-51645.000000,-51645.000000,0.365232,0.478038,0.509329,1.351916,659,4831,3600.000000,108,27,0,GUROBI,1,98,0,0,0,0,0,0,0,0,1
4,0,Basis,64,-60524.502776,-59894.069508,-60002.201961,-53525.122183,-51510.741056,-51506.000000,0.241099,0.349186,1.226901,1.258447,822,7189,3600.000000,108,27,0,GUROBI,1,98,0,0,0,0,0,0,0,0,1
