instanceIndex,seedIndex,vpcGenerator,terms,lpBound,disjunctiveDualBound,lpBoundPostVpc,rootDualBound,dualBound,primalBound,vpcGenerationTime,rootDualBoundTime,bestSolutionTime,terminationTime,nodes,iterations,maxTime,actualTerms,numCuts,cutLimit,mipSolver,providePrimalBound,infeasibleTerms,feasibleToInfeasibleTerms,infeasibleToFeasibleTerms,termRemainsFeasibleBasisInfeasible,cutsChangedCoefficients,feasibleTermsPrunedByBound,tighten_disjunction,tighten_matrix_perturbation,tighten_infeasible_to_feasible_term,tighten_feasible_to_infeasible_basis
0,0,New,4,-61651.227098,-61298.095431,-61298.095431,-54589.341024,-52303.655576,-52301.000000,0.964372,1.171269,3.701217,4.589572,1792,35708,3600.000000,4,2,75,GUROBI,1,0,0,0,0,0,0,0,0,0,0
1,0,Basis,4,-61646.212249,-61293.080582,-61293.080582,-54585.637465,-52298.000000,-52298.000000,0.011884,0.218158,3.149977,3.434271,1515,28688,3600.000000,4,2,0,GUROBI,1,0,0,0,0,0,0,0,0,0,1
2,0,Basis,4,-61646.949027,-61301.907361,-61301.907361,-54564.678437,-52290.000000,-52290.000000,0.012267,0.218070,2.860406,2.860560,1159,16981,3600.000000,4,2,0,GUROBI,1,0,0,0,0,0,0,0,0,0,1
3,0,Basis,4,-61648.444012,-61287.162346,-61287.162346,-54565.738177,-52276.000000,-52276.000000,0.010671,0.217788,2.383089,2.383243,844,8631,3600.000000,4,2,0,GUROBI,1,0,0,0,0,0,0,0,0,0,1
4,0,Basis,4,-61653.117763,-61299.986096,-61299.986096,-54593.026738,-52305.000000,-52305.000000,0.010232,0.217927,2.549212,2.592465,1036,13687,3600.000000,4,2,0,GUROBI,1,0,0,0,0,0,0,0,0,0,1
