instanceIndex,seedIndex,vpcGenerator,terms,lpBound,disjunctiveDualBound,lpBoundPostVpc,rootDualBound,dualBound,primalBound,vpcGenerationTime,rootDualBoundTime,bestSolutionTime,terminationTime,nodes,iterations,maxTime,actualTerms,numCuts,cutLimit,mipSolver,providePrimalBound,infeasibleTerms,feasibleToInfeasibleTerms,infeasibleToFeasibleTerms,termRemainsFeasibleBasisInfeasible,cutsChangedCoefficients,feasibleTermsPrunedByBound,tighten_disjunction,tighten_matrix_perturbation,tighten_infeasible_to_feasible_term,tighten_feasible_to_infeasible_basis
0,0,New,64,-59987.196374,-59334.903498,-59391.176871,-52366.545135,-50768.000000,-50768.000000,6.137284,6.282036,6.981714,6.981816,639,5463,3600.000000,111,29,75,GUROBI,1,101,0,0,0,0,0,0,0,0,0
1,0,Matrix,64,-61311.567343,-60790.837595,-60820.009970,-55347.400688,-54513.695661,-54510.250000,1.189738,1.404973,1.563874,1.566405,208,2907,3600.000000,111,29,0,GUROBI,1,101,0,0,2,29,0,0,1,0,0
2,0,Matrix,64,-59988.143228,-59335.337196,-59392.146230,-53271.732269,-51442.000000,-51442.000000,1.302836,1.416900,2.060535,2.060668,605,3758,3600.000000,111,29,0,GUROBI,1,101,0,0,1,29,0,0,1,0,0
3,0,Matrix,64,-60041.165826,-59379.325190,-59459.793186,-53571.208939,-52559.759315,-52558.000000,1.271594,1.563128,1.851207,1.851333,480,4334,3600.000000,111,29,0,GUROBI,1,101,0,0,1,29,0,0,1,0,0
4,0,Matrix,64,-59974.997735,-59331.704393,-59380.027271,-50849.129404,-49261.872021,-49257.000000,1.505460,1.668459,1.693452,2.146242,1024,11780,3600.000000,111,29,0,GUROBI,1,102,1,0,1,29,0,0,1,0,0
