instanceIndex,seedIndex,vpcGenerator,terms,lpBound,disjunctiveDualBound,lpBoundPostVpc,rootDualBound,dualBound,primalBound,vpcGenerationTime,rootDualBoundTime,bestSolutionTime,terminationTime,nodes,iterations,maxTime,actualTerms,numCuts,cutLimit,mipSolver,providePrimalBound,infeasibleTerms,feasibleToInfeasibleTerms,infeasibleToFeasibleTerms,termRemainsFeasibleBasisInfeasible,cutsChangedCoefficients,feasibleTermsPrunedByBound,tighten_disjunction,tighten_matrix_perturbation,tighten_infeasible_to_feasible_term,tighten_feasible_to_infeasible_basis
0,0,New,4,-59156.757374,-58858.753485,-58858.753485,-51291.536196,-49716.000000,-49716.000000,0.358690,0.555707,1.477832,1.477957,681,6305,3600.000000,4,2,75,GUROBI,1,0,0,0,0,0,0,0,0,0,0
1,0,Disjunction,4,-59221.687548,-58924.384215,-58924.384215,-51395.679568,-49730.000000,-49730.000000,0.007499,0.202972,1.735342,1.735473,708,6479,3600.000000,4,2,0,GUROBI,1,0,0,0,0,0,0,1,0,0,0
2,0,Disjunction,4,-59214.187581,-58916.544248,-58916.544248,-51378.275619,-49730.000000,-49730.000000,0.008207,0.204641,1.059347,1.059436,785,8466,3600.000000,4,2,0,GUROBI,1,0,0,0,0,0,0,1,0,0,0
3,0,Disjunction,4,-59159.913299,-58861.909410,-58861.909410,-51263.648753,-49716.000000,-49716.000000,0.004767,0.203610,1.368560,1.393883,684,6249,3600.000000,4,2,0,GUROBI,1,0,0,0,0,0,0,1,0,0,0
4,0,Disjunction,4,-59214.260213,-58916.616880,-58916.616880,-51376.287816,-49830.000000,-49830.000000,0.007748,0.165608,0.251124,0.819089,624,4901,3600.000000,4,2,0,GUROBI,1,0,0,0,0,0,0,1,0,0,0
