instanceIndex,seedIndex,vpcGenerator,terms,lpBound,disjunctiveDualBound,lpBoundPostVpc,rootDualBound,dualBound,primalBound,vpcGenerationTime,rootDualBoundTime,bestSolutionTime,terminationTime,nodes,iterations,maxTime,actualTerms,numCuts,cutLimit,mipSolver,providePrimalBound,infeasibleTerms,feasibleToInfeasibleTerms,infeasibleToFeasibleTerms,termRemainsFeasibleBasisInfeasible,cutsChangedCoefficients,feasibleTermsPrunedByBound,tighten_disjunction,tighten_matrix_perturbation,tighten_infeasible_to_feasible_term,tighten_feasible_to_infeasible_basis
0,0,New,4,-60670.366638,-60412.463697,-60412.463697,-54105.527430,-52242.000000,-52242.000000,0.788419,1.040105,1.180026,2.216739,643,5241,3600.000000,4,24,75,GUROBI,1,0,0,0,0,0,0,0,0,0,0
1,0,Disjunction,4,-60660.180261,-60409.839084,-60409.839084,-54121.741703,-52322.000000,-52322.000000,0.014506,0.266917,1.453853,1.511795,637,4676,3600.000000,4,24,0,GUROBI,1,0,0,0,0,0,0,1,0,0,0
2,0,Disjunction,4,-60669.539026,-60404.512556,-60404.512556,-54083.669877,-52270.000000,-52270.000000,0.015369,0.264297,0.345229,1.391822,633,4899,3600.000000,4,24,0,GUROBI,1,0,0,0,0,0,0,1,0,0,0
3,0,Disjunction,4,-60679.920212,-60422.017271,-60422.017271,-54140.083457,-52301.000000,-52301.000000,0.015456,0.267733,0.354188,1.171286,608,4173,3600.000000,4,24,0,GUROBI,1,0,0,0,0,0,0,1,0,0,0
4,0,Disjunction,4,-60680.522728,-60438.619786,-60438.619786,-54081.169407,-52245.000000,-52245.000000,0.014501,0.260722,0.440452,1.592298,640,4566,3600.000000,4,24,0,GUROBI,1,0,0,0,0,0,0,1,0,0,0
