instanceIndex,seedIndex,vpcGenerator,terms,lpBound,disjunctiveDualBound,lpBoundPostVpc,rootDualBound,dualBound,primalBound,vpcGenerationTime,rootDualBoundTime,bestSolutionTime,terminationTime,nodes,iterations,maxTime,actualTerms,numCuts,cutLimit,mipSolver,providePrimalBound,infeasibleTerms,feasibleToInfeasibleTerms,infeasibleToFeasibleTerms,termRemainsFeasibleBasisInfeasible,cutsChangedCoefficients,feasibleTermsPrunedByBound,tighten_disjunction,tighten_matrix_perturbation,tighten_infeasible_to_feasible_term,tighten_feasible_to_infeasible_basis
0,0,New,64,-60527.437212,-59897.192833,-60004.560480,-53531.236405,-51532.000000,-51532.000000,6.708364,6.815941,7.755234,7.755399,727,4865,3600.000000,108,27,75,GUROBI,1,98,0,0,0,0,0,0,0,0,0
1,0,Term,64,-60530.301459,-59893.927243,-60008.306655,-53621.850693,-51665.000000,-51665.000000,0.368624,0.461039,0.552496,1.100297,646,3878,3600.000000,108,27,0,GUROBI,1,98,0,0,0,0,0,0,0,1,0
2,0,Term,64,-60527.212514,-59888.968134,-59996.335782,-53535.429066,-51541.014234,-51536.000000,0.270120,0.382378,1.490006,1.554941,975,10111,3600.000000,108,27,0,GUROBI,1,98,0,0,0,0,0,0,0,1,0
3,0,Term,64,-60530.184792,-59899.940413,-60007.308060,-53534.356405,-51535.000000,-51535.000000,0.254707,0.363940,1.147368,1.185235,746,5294,3600.000000,108,27,0,GUROBI,1,98,0,0,0,0,0,0,0,1,0
4,0,Term,64,-60524.378603,-59884.819354,-59985.175237,-53556.655121,-51549.000000,-51549.000000,0.510346,0.621096,1.698284,1.705096,657,4144,3600.000000,108,27,0,GUROBI,1,98,0,0,0,0,0,0,0,1,0
