instanceIndex,seedIndex,vpcGenerator,terms,lpBound,disjunctiveDualBound,lpBoundPostVpc,rootDualBound,dualBound,primalBound,vpcGenerationTime,rootDualBoundTime,bestSolutionTime,terminationTime,nodes,iterations,maxTime,actualTerms,numCuts,cutLimit,mipSolver,providePrimalBound,infeasibleTerms,feasibleToInfeasibleTerms,infeasibleToFeasibleTerms,termRemainsFeasibleBasisInfeasible,cutsChangedCoefficients,feasibleTermsPrunedByBound,tighten_disjunction,tighten_matrix_perturbation,tighten_infeasible_to_feasible_term,tighten_feasible_to_infeasible_basis
0,0,New,64,-61651.227098,-60529.131542,-61011.603209,-54592.881993,-52301.000000,-52301.000000,12.921680,13.141558,14.344350,14.749496,968,13314,3600.000000,124,37,75,GUROBI,1,104,0,0,0,0,0,0,0,0,0
1,0,Term,64,-61651.723847,-60521.395968,-61063.300730,-55271.852199,-52734.000000,-52734.000000,0.889282,1.072809,3.027173,3.758858,1228,21556,3600.000000,124,37,0,GUROBI,1,102,0,2,0,37,0,0,0,1,0
2,0,Term,64,-61652.297189,-60538.211535,-61028.772310,-55538.110554,-54039.000000,-54039.000000,0.546616,0.769810,0.890590,1.549113,625,3763,3600.000000,124,37,0,GUROBI,1,104,0,0,0,37,0,0,0,1,0
3,0,Term,64,-61651.725338,-60529.629782,-61012.101449,-54635.642313,-52401.375033,-52401.000000,0.545959,0.765001,3.152073,3.152261,1384,20996,3600.000000,124,37,0,GUROBI,1,104,0,0,0,37,0,0,0,1,0
4,0,Term,64,-61941.123386,-60805.267830,-61329.799497,-56128.911652,-54699.000000,-54699.000000,0.905706,1.105993,1.943800,1.954645,633,4910,3600.000000,124,37,0,GUROBI,1,104,0,0,2,37,0,0,0,1,0
