instanceIndex,seedIndex,vpcGenerator,terms,lpBound,disjunctiveDualBound,lpBoundPostVpc,rootDualBound,dualBound,primalBound,vpcGenerationTime,rootDualBoundTime,bestSolutionTime,terminationTime,nodes,iterations,maxTime,actualTerms,numCuts,cutLimit,mipSolver,providePrimalBound,infeasibleTerms,feasibleToInfeasibleTerms,infeasibleToFeasibleTerms,termRemainsFeasibleBasisInfeasible,cutsChangedCoefficients,feasibleTermsPrunedByBound,tighten_disjunction,tighten_matrix_perturbation,tighten_infeasible_to_feasible_term,tighten_feasible_to_infeasible_basis
0,0,New,64,-59987.196374,-59334.903498,-59391.176871,-52401.634232,-50768.000000,-50768.000000,11.285979,11.471687,12.593296,12.593469,633,5436,3600.000000,111,29,75,GUROBI,1,101,0,0,0,0,0,0,0,0,0
1,0,NoDisjunction,64,-59990.794377,-59338.501501,-59394.774874,-52162.974321,-50801.000000,-50801.000000,0.630043,0.932726,1.987898,1.988065,623,6281,3600.000000,111,29,0,GUROBI,1,101,0,0,1,0,0,0,1,1,1
2,0,NoDisjunction,64,-59990.382852,-59338.089976,-59394.363349,-52141.573352,-50768.000000,-50768.000000,0.478399,0.788073,2.675539,2.721365,739,7751,3600.000000,111,29,0,GUROBI,1,101,0,0,0,0,0,0,1,1,1
3,0,NoDisjunction,64,-59984.003804,-59331.710929,-59387.984301,-52201.789614,-50768.000000,-50768.000000,0.480355,0.787022,0.869989,1.856347,620,5940,3600.000000,111,29,0,GUROBI,1,101,0,0,0,0,0,0,1,1,1
4,0,NoDisjunction,64,-59990.861384,-59338.568508,-59394.841881,-52149.470473,-50768.000000,-50768.000000,0.480201,0.799025,2.065420,2.065585,635,6660,3600.000000,111,29,0,GUROBI,1,101,0,0,0,0,0,0,1,1,1
