instanceIndex,seedIndex,vpcGenerator,terms,lpBound,disjunctiveDualBound,lpBoundPostVpc,rootDualBound,dualBound,primalBound,vpcGenerationTime,rootDualBoundTime,bestSolutionTime,terminationTime,nodes,iterations,maxTime,actualTerms,numCuts,cutLimit,mipSolver,providePrimalBound,infeasibleTerms,feasibleToInfeasibleTerms,infeasibleToFeasibleTerms,termRemainsFeasibleBasisInfeasible,cutsChangedCoefficients,feasibleTermsPrunedByBound,tighten_disjunction,tighten_matrix_perturbation,tighten_infeasible_to_feasible_term,tighten_feasible_to_infeasible_basis
0,0,New,64,-59156.757374,-57938.650609,-58519.097962,-51651.622818,-49716.000000,-49716.000000,13.703280,13.798706,14.568502,14.568604,652,4557,3600.000000,64,75,75,GUROBI,1,26,0,0,0,0,0,0,0,0,0
1,0,Matrix,64,-59168.198569,-57950.424778,-58531.021249,-51209.071446,-49514.000000,-49514.000000,0.207534,0.433221,1.568022,1.568155,780,8014,3600.000000,64,75,0,GUROBI,1,26,0,0,0,0,0,0,1,0,0
2,0,Matrix,64,-59066.469223,-57847.965237,-58431.870519,-51189.796138,-49558.000000,-49558.000000,0.181090,0.381150,1.362968,1.409070,775,9360,3600.000000,64,75,0,GUROBI,1,26,0,0,38,0,0,0,1,0,0
3,0,Matrix,64,-59265.801245,-58050.658075,-58630.086898,-51303.383626,-49814.000000,-49814.000000,0.133444,0.375858,1.428258,1.447819,675,6199,3600.000000,64,75,0,GUROBI,1,26,0,0,0,0,0,0,1,0,0
4,0,Matrix,64,-59143.204697,-57924.808194,-58505.950417,-51239.135886,-49616.000000,-49616.000000,0.151279,0.306668,1.585969,1.597135,881,9780,3600.000000,64,75,0,GUROBI,1,26,0,0,0,0,0,0,1,0,0
