instanceIndex,seedIndex,vpcGenerator,terms,lpBound,disjunctiveDualBound,lpBoundPostVpc,rootDualBound,dualBound,primalBound,vpcGenerationTime,rootDualBoundTime,bestSolutionTime,terminationTime,nodes,iterations,maxTime,actualTerms,numCuts,cutLimit,mipSolver,providePrimalBound,infeasibleTerms,feasibleToInfeasibleTerms,infeasibleToFeasibleTerms,termRemainsFeasibleBasisInfeasible,cutsChangedCoefficients,feasibleTermsPrunedByBound,tighten_disjunction,tighten_matrix_perturbation,tighten_infeasible_to_feasible_term,tighten_feasible_to_infeasible_basis
0,0,New,4,-60527.437212,-60184.111068,-60184.111068,-53585.119664,-51532.000000,-51532.000000,0.517785,0.783155,0.838953,2.087702,629,4895,3600.000000,4,2,75,GUROBI,1,0,0,0,0,0,0,0,0,0,0
1,0,Matrix,4,-60530.301459,-60187.857243,-60187.857243,-53661.318778,-51665.000000,-51665.000000,0.007752,0.188053,0.851202,0.851280,624,3598,3600.000000,4,2,0,GUROBI,1,0,0,0,0,0,0,0,1,0,0
2,0,Matrix,4,-60527.212514,-60183.886370,-60183.886370,-53590.468008,-51536.000000,-51536.000000,0.007436,0.111939,0.245416,0.889806,621,4096,3600.000000,4,2,0,GUROBI,1,0,0,0,0,0,0,0,1,0,0
3,0,Matrix,4,-60530.184792,-60186.858648,-60186.858648,-53588.244882,-51535.000000,-51535.000000,0.007774,0.111403,0.142899,0.941273,624,4551,3600.000000,4,2,0,GUROBI,1,0,0,0,0,0,0,0,1,0,0
4,0,Matrix,4,-60524.378603,-60165.165237,-60165.165237,-53611.328847,-51549.000000,-51549.000000,0.008330,0.110427,0.142509,1.118653,635,4751,3600.000000,4,2,0,GUROBI,1,0,0,0,0,0,0,0,1,0,0
