instanceIndex,seedIndex,vpcGenerator,terms,lpBound,disjunctiveDualBound,lpBoundPostVpc,rootDualBound,dualBound,primalBound,vpcGenerationTime,rootDualBoundTime,bestSolutionTime,terminationTime,nodes,iterations,maxTime,actualTerms,numCuts,cutLimit,mipSolver,providePrimalBound,infeasibleTerms,feasibleToInfeasibleTerms,infeasibleToFeasibleTerms,termRemainsFeasibleBasisInfeasible,cutsChangedCoefficients,feasibleTermsPrunedByBound,tighten_disjunction,tighten_matrix_perturbation,tighten_infeasible_to_feasible_term,tighten_feasible_to_infeasible_basis
0,0,New,4,-60670.366638,-60412.463697,-60412.463697,-54105.527430,-52242.000000,-52242.000000,1.682288,1.935399,2.082897,2.952648,625,4816,3600.000000,4,24,75,GUROBI,1,0,0,0,0,0,0,0,0,0,0
1,0,Basis,4,-60660.180261,-60409.839084,-60409.839084,-54148.959403,-52322.000000,-52322.000000,0.016058,0.267684,1.563466,1.722703,777,8007,3600.000000,4,24,0,GUROBI,1,0,0,0,0,0,0,0,0,0,1
2,0,Basis,4,-60669.539026,-60404.512556,-60404.512556,-54083.669877,-52270.000000,-52270.000000,0.016548,0.265871,0.346931,1.383083,632,4795,3600.000000,4,24,0,GUROBI,1,0,0,0,0,0,0,0,0,0,1
3,0,Basis,4,-60679.920212,-60422.017271,-60422.017271,-54140.083457,-52301.000000,-52301.000000,0.014264,0.271259,0.357537,1.214692,609,4326,3600.000000,4,24,0,GUROBI,1,0,0,0,0,0,0,0,0,0,1
4,0,Basis,4,-60680.522728,-60438.619786,-60438.619786,-54109.030492,-52245.000000,-52245.000000,0.016800,0.278195,1.288157,1.321752,618,4371,3600.000000,4,24,0,GUROBI,1,0,0,0,0,0,0,0,0,0,1
