instanceIndex,seedIndex,vpcGenerator,terms,lpBound,disjunctiveDualBound,lpBoundPostVpc,rootDualBound,dualBound,primalBound,vpcGenerationTime,rootDualBoundTime,bestSolutionTime,terminationTime,nodes,iterations,maxTime,actualTerms,numCuts,cutLimit,mipSolver,providePrimalBound,infeasibleTerms,feasibleToInfeasibleTerms,infeasibleToFeasibleTerms,termRemainsFeasibleBasisInfeasible,cutsChangedCoefficients,feasibleTermsPrunedByBound,tighten_disjunction,tighten_matrix_perturbation,tighten_infeasible_to_feasible_term,tighten_feasible_to_infeasible_basis
0,0,New,64,-60527.437212,-59897.192833,-60004.560480,-53531.236405,-51532.000000,-51532.000000,6.033888,6.143102,7.070253,7.070376,717,5124,3600.000000,108,27,75,GUROBI,1,98,0,0,0,0,0,0,0,0,0
1,0,Matrix,64,-60654.235524,-60022.683040,-60137.733280,-53554.371367,-51732.000000,-51732.000000,0.366750,0.528028,1.276365,1.276499,651,4971,3600.000000,108,27,0,GUROBI,1,98,0,0,0,0,0,0,1,0,0
2,0,Matrix,64,-60529.674817,-59898.599850,-60008.877788,-53248.319306,-51532.000000,-51532.000000,0.356211,0.560169,1.574088,1.574171,669,5027,3600.000000,108,27,0,GUROBI,1,98,0,0,0,0,0,0,1,0,0
3,0,Matrix,64,-60592.698772,-59962.215635,-60071.665856,-53645.465817,-51645.000000,-51645.000000,0.266643,0.381096,0.412553,1.213375,641,4664,3600.000000,108,27,0,GUROBI,1,98,0,0,0,0,0,0,1,0,0
4,0,Matrix,64,-60524.502776,-59894.069508,-60002.201961,-53525.122183,-51506.000000,-51506.000000,0.368673,0.483431,1.397336,1.421129,763,6689,3600.000000,108,27,0,GUROBI,1,98,0,0,0,0,0,0,1,0,0
