instanceIndex,seedIndex,vpcGenerator,terms,lpBound,disjunctiveDualBound,lpBoundPostVpc,rootDualBound,dualBound,primalBound,vpcGenerationTime,rootDualBoundTime,bestSolutionTime,terminationTime,nodes,iterations,maxTime,actualTerms,numCuts,cutLimit,mipSolver,providePrimalBound,infeasibleTerms,feasibleToInfeasibleTerms,infeasibleToFeasibleTerms,termRemainsFeasibleBasisInfeasible,cutsChangedCoefficients,feasibleTermsPrunedByBound,tighten_disjunction,tighten_matrix_perturbation,tighten_infeasible_to_feasible_term,tighten_feasible_to_infeasible_basis
0,0,New,64,-60670.366638,-59180.426083,-60275.053697,-53981.580570,-52242.000000,-52242.000000,11.123049,11.388999,11.479741,12.554072,633,5033,3600.000000,64,23,75,GUROBI,1,19,0,0,0,0,0,0,0,0,0
1,0,NoDisjunction,64,-60666.998757,-59176.697057,-60271.685815,-53995.132328,-52242.000000,-52242.000000,0.202300,0.463993,0.551140,1.557160,624,4770,3600.000000,64,23,0,GUROBI,1,19,0,0,0,0,0,0,1,1,1
2,0,NoDisjunction,64,-60673.942712,-59184.194999,-60278.919692,-54115.345226,-52242.000000,-52242.000000,0.208252,0.460528,0.532905,1.621189,640,4542,3600.000000,64,23,0,GUROBI,1,19,0,0,0,0,0,0,1,1,1
3,0,NoDisjunction,64,-60673.957191,-59183.743694,-60278.644250,-54086.631578,-52242.000000,-52242.000000,0.202264,0.440247,0.507925,1.513154,620,4968,3600.000000,64,23,0,GUROBI,1,19,0,0,0,0,0,0,1,1,1
4,0,NoDisjunction,64,-60673.913467,-59183.245265,-60282.364696,-54037.475084,-52242.000000,-52242.000000,0.202086,0.457027,0.544108,1.532471,630,5259,3600.000000,64,23,0,GUROBI,1,19,0,0,0,0,0,0,1,1,1
