instanceIndex,seedIndex,vpcGenerator,terms,lpBound,disjunctiveDualBound,lpBoundPostVpc,rootDualBound,dualBound,primalBound,vpcGenerationTime,rootDualBoundTime,bestSolutionTime,terminationTime,nodes,iterations,maxTime,actualTerms,numCuts,cutLimit,mipSolver,providePrimalBound,infeasibleTerms,feasibleToInfeasibleTerms,infeasibleToFeasibleTerms,termRemainsFeasibleBasisInfeasible,cutsChangedCoefficients,feasibleTermsPrunedByBound,tighten_disjunction,tighten_matrix_perturbation,tighten_infeasible_to_feasible_term,tighten_feasible_to_infeasible_basis
0,0,None,4,-59156.757374,-59156.757374,-59156.757374,-51412.835659,-49716.000000,-49716.000000,0.000021,0.119033,0.206112,0.729235,642,5688,3600.000000,0,0,0,GUROBI,1,0,0,0,0,0,0,0,0,0,0
1,0,None,4,-59808.470496,-59808.470496,-59808.470496,-52790.259118,-51743.273158,-51742.727273,0.000002,0.357632,0.800082,1.306386,1429,17987,3600.000000,0,0,0,GUROBI,1,0,0,0,0,0,0,0,0,0,0
2,0,None,4,-60682.829484,-60682.829484,-60682.829484,-55974.849622,-54354.666667,-54354.666667,0.000002,0.146973,0.951975,0.955285,611,4887,3600.000000,0,0,0,GUROBI,1,0,0,0,0,0,0,0,0,0,0
3,0,None,4,-59658.555498,-59658.555498,-59658.555498,-53335.100871,-51938.000000,-51938.000000,0.000002,0.190235,1.070170,1.158710,695,7582,3600.000000,0,0,0,GUROBI,1,0,0,0,0,0,0,0,0,0,0
4,0,None,4,-63475.011515,-63475.011515,-63475.011515,-58267.307309,-57464.750000,-57464.750000,0.000002,0.335151,0.753118,0.764591,769,7613,3600.000000,0,0,0,GUROBI,1,0,0,0,0,0,0,0,0,0,0
