instanceIndex,seedIndex,vpcGenerator,terms,lpBound,disjunctiveDualBound,lpBoundPostVpc,rootDualBound,dualBound,primalBound,vpcGenerationTime,rootDualBoundTime,bestSolutionTime,terminationTime,nodes,iterations,maxTime,actualTerms,numCuts,cutLimit,mipSolver,providePrimalBound,infeasibleTerms,feasibleToInfeasibleTerms,infeasibleToFeasibleTerms,termRemainsFeasibleBasisInfeasible,cutsChangedCoefficients,feasibleTermsPrunedByBound,tighten_disjunction,tighten_matrix_perturbation,tighten_infeasible_to_feasible_term,tighten_feasible_to_infeasible_basis
0,0,None,64,-59156.757374,-59156.757374,-59156.757374,-51412.835659,-49716.962580,-49716.000000,0.000034,0.227652,0.382183,1.238972,627,5455,3600.000000,0,0,0,GUROBI,1,0,0,0,0,0,0,0,0,0,0
1,0,None,64,-59160.117193,-59160.117193,-59160.117193,-51166.371737,-49542.000000,-49542.000000,0.000001,0.219481,0.387012,1.922477,678,5210,3600.000000,0,0,0,GUROBI,1,0,0,0,0,0,0,0,0,0,0
2,0,None,64,-59141.511843,-59141.511843,-59141.511843,-51509.224343,-49656.000000,-49656.000000,0.000002,0.171451,1.701352,1.754740,783,7664,3600.000000,0,0,0,GUROBI,1,0,0,0,0,0,0,0,0,0,0
3,0,None,64,-59166.693511,-59166.693511,-59166.693511,-51323.363887,-49672.000000,-49672.000000,0.000003,0.214977,1.388948,1.389105,630,5199,3600.000000,0,0,0,GUROBI,1,0,0,0,0,0,0,0,0,0,0
4,0,None,64,-59234.475129,-59234.475129,-59234.475129,-51056.209175,-49328.000000,-49328.000000,0.000004,0.207003,1.577491,1.613368,685,5692,3600.000000,0,0,0,GUROBI,1,0,0,0,0,0,0,0,0,0,0
