instanceIndex,seedIndex,vpcGenerator,terms,lpBound,disjunctiveDualBound,lpBoundPostVpc,rootDualBound,dualBound,primalBound,vpcGenerationTime,rootDualBoundTime,bestSolutionTime,terminationTime,nodes,iterations,maxTime,actualTerms,numCuts,cutLimit,mipSolver,providePrimalBound,infeasibleTerms,feasibleToInfeasibleTerms,infeasibleToFeasibleTerms,termRemainsFeasibleBasisInfeasible,cutsChangedCoefficients,feasibleTermsPrunedByBound,tighten_disjunction,tighten_matrix_perturbation,tighten_infeasible_to_feasible_term,tighten_feasible_to_infeasible_basis
0,0,New,4,-59987.196374,-59610.381374,-59610.381374,-52200.454325,-50768.000000,-50768.000000,1.024349,1.288099,2.513567,2.513720,620,5101,3600.000000,4,2,75,GUROBI,1,0,0,0,0,0,0,0,0,0,0
1,0,Farkas,4,-59995.672954,-59618.857954,-59618.857954,-52295.664664,-50793.000000,-50793.000000,0.012184,0.272057,0.334674,1.499855,625,5371,3600.000000,4,2,0,GUROBI,1,0,0,0,0,0,0,0,0,0,0
2,0,Farkas,4,-59985.898142,-59609.990919,-59609.990919,-52201.636056,-50757.000000,-50757.000000,0.011444,0.272152,0.333803,1.238398,1120,15140,3600.000000,4,2,0,GUROBI,1,0,0,0,0,0,0,0,0,0,0
3,0,Farkas,4,-59991.213859,-59623.149414,-59623.149414,-52220.304820,-50795.000000,-50795.000000,0.011457,0.264479,2.308824,2.308974,685,6671,3600.000000,4,2,0,GUROBI,1,0,0,0,0,0,0,0,0,0,0
4,0,Farkas,4,-59990.007618,-59613.653174,-59613.653174,-52190.983306,-50736.000000,-50736.000000,0.010760,0.270505,0.905581,1.257642,621,5431,3600.000000,4,2,0,GUROBI,1,0,0,0,0,0,0,0,0,0,0
