instanceIndex,seedIndex,vpcGenerator,terms,lpBound,disjunctiveDualBound,lpBoundPostVpc,rootDualBound,dualBound,primalBound,vpcGenerationTime,rootDualBoundTime,bestSolutionTime,terminationTime,nodes,iterations,maxTime,actualTerms,numCuts,cutLimit,mipSolver,providePrimalBound,infeasibleTerms,feasibleToInfeasibleTerms,infeasibleToFeasibleTerms,termRemainsFeasibleBasisInfeasible,cutsChangedCoefficients,feasibleTermsPrunedByBound,tighten_disjunction,tighten_matrix_perturbation,tighten_infeasible_to_feasible_term,tighten_feasible_to_infeasible_basis
0,0,New,4,-61651.227098,-61298.095431,-61298.095431,-54590.249219,-52301.000000,-52301.000000,1.034946,1.245659,4.294314,4.294490,1553,26954,3600.000000,4,2,75,GUROBI,1,0,0,0,0,0,0,0,0,0,0
1,0,Matrix,4,-65403.699046,-65138.610001,-65138.610001,-60960.200519,-59935.366930,-59930.000000,0.058561,0.399202,0.974558,0.974746,1005,7577,3600.000000,4,2,0,GUROBI,1,0,0,0,0,2,0,0,1,0,0
2,0,Matrix,4,-66017.080047,-65853.978311,-65854.721979,-61883.383549,-60909.383550,-60908.000000,0.048073,0.335885,0.411642,0.511491,297,2585,3600.000000,4,2,0,GUROBI,1,0,0,0,0,2,0,0,1,0,0
3,0,Matrix,4,-62139.178352,-61800.737064,-61803.682836,-58200.004565,-55825.000000,-55825.000000,0.051855,0.281169,1.124781,1.347225,845,8983,3600.000000,4,2,0,GUROBI,1,0,0,0,0,2,0,0,1,0,0
4,0,Matrix,4,-62862.266452,-62474.908926,-62550.686566,-57601.832629,-55665.000000,-55665.000000,0.052423,0.317646,1.600873,1.653267,835,6954,3600.000000,4,2,0,GUROBI,1,0,0,0,0,2,0,0,1,0,0
