instanceIndex,seedIndex,vpcGenerator,terms,lpBound,disjunctiveDualBound,lpBoundPostVpc,rootDualBound,dualBound,primalBound,vpcGenerationTime,rootDualBoundTime,bestSolutionTime,terminationTime,nodes,iterations,maxTime,actualTerms,numCuts,cutLimit,mipSolver,providePrimalBound,infeasibleTerms,feasibleToInfeasibleTerms,infeasibleToFeasibleTerms,termRemainsFeasibleBasisInfeasible,cutsChangedCoefficients,feasibleTermsPrunedByBound,tighten_disjunction,tighten_matrix_perturbation,tighten_infeasible_to_feasible_term,tighten_feasible_to_infeasible_basis
0,0,New,4,-60527.437212,-60184.111068,-60184.111068,-53585.119664,-51532.000000,-51532.000000,1.260215,1.397991,1.442167,2.365772,617,4203,3600.000000,4,2,75,GUROBI,1,0,0,0,0,0,0,0,0,0,0
1,0,Farkas,4,-60528.408968,-60185.082824,-60185.082824,-53635.243571,-51532.000000,-51532.000000,0.009507,0.187740,1.803843,1.840921,679,5688,3600.000000,4,2,0,GUROBI,1,0,0,0,0,2,0,0,0,0,0
2,0,Farkas,4,-60524.993330,-60181.667186,-60181.667186,-53257.976237,-51432.000000,-51432.000000,0.011499,0.294052,2.127771,2.161644,727,6693,3600.000000,4,2,0,GUROBI,1,0,0,0,0,2,0,0,0,0,0
3,0,Farkas,4,-60524.435985,-60181.109841,-60181.109841,-53451.078233,-51406.000000,-51406.000000,0.012385,0.242027,2.364578,2.377127,817,8142,3600.000000,4,2,0,GUROBI,1,0,0,0,0,2,0,0,0,0,0
4,0,Farkas,4,-60526.818116,-60191.462269,-60191.462269,-53269.555983,-50736.000000,-50736.000000,0.011581,0.178416,1.306779,1.485337,827,8271,3600.000000,4,2,0,GUROBI,1,0,0,0,0,2,0,0,0,0,0
