instanceIndex,seedIndex,vpcGenerator,terms,lpBound,disjunctiveDualBound,lpBoundPostVpc,rootDualBound,dualBound,primalBound,vpcGenerationTime,rootDualBoundTime,bestSolutionTime,terminationTime,nodes,iterations,maxTime,actualTerms,numCuts,cutLimit,mipSolver,providePrimalBound,infeasibleTerms,feasibleToInfeasibleTerms,infeasibleToFeasibleTerms,termRemainsFeasibleBasisInfeasible,cutsChangedCoefficients,feasibleTermsPrunedByBound,tighten_disjunction,tighten_matrix_perturbation,tighten_infeasible_to_feasible_term,tighten_feasible_to_infeasible_basis
0,0,New,4,-60670.366638,-60412.463697,-60412.463697,-54077.691230,-52242.000000,-52242.000000,0.709938,0.938411,1.112935,1.865196,625,4749,3600.000000,4,24,75,GUROBI,1,0,0,0,0,0,0,0,0,0,0
1,0,NoDisjunction,4,-60671.464638,-60413.561697,-60488.391946,-55126.014259,-53689.000000,-53689.000000,0.401010,0.639731,0.745210,1.359685,577,3289,3600.000000,4,24,0,GUROBI,1,0,0,0,1,24,0,0,1,1,1
2,0,NoDisjunction,4,-60690.133172,-60429.319643,-60462.445300,-54025.433861,-52486.000000,-52486.000000,0.403908,0.921814,1.798681,1.800473,647,5479,3600.000000,4,24,0,GUROBI,1,0,0,0,0,24,0,0,1,1,1
3,0,NoDisjunction,4,-60670.728605,-60412.825664,-60412.825664,-54103.924112,-52250.000000,-52250.000000,0.390223,0.751670,0.886691,2.151428,647,5226,3600.000000,4,24,0,GUROBI,1,0,0,0,0,24,0,0,1,1,1
4,0,NoDisjunction,4,-60669.099570,-60411.196629,-60411.196629,-54188.461075,-52532.000000,-52532.000000,0.387503,0.717415,2.643706,2.643821,679,6500,3600.000000,4,24,0,GUROBI,1,0,0,0,1,24,0,0,1,1,1
