instanceIndex,seedIndex,vpcGenerator,terms,lpBound,disjunctiveDualBound,lpBoundPostVpc,rootDualBound,dualBound,primalBound,vpcGenerationTime,rootDualBoundTime,bestSolutionTime,terminationTime,nodes,iterations,maxTime,actualTerms,numCuts,cutLimit,mipSolver,providePrimalBound,infeasibleTerms,feasibleToInfeasibleTerms,infeasibleToFeasibleTerms,termRemainsFeasibleBasisInfeasible,cutsChangedCoefficients,feasibleTermsPrunedByBound,tighten_disjunction,tighten_matrix_perturbation,tighten_infeasible_to_feasible_term,tighten_feasible_to_infeasible_basis
0,0,New,4,-60670.366638,-60412.463697,-60412.463697,-54035.665095,-52242.000000,-52242.000000,0.770291,0.974348,1.054507,1.639348,620,5169,3600.000000,4,24,75,GUROBI,1,0,0,0,0,0,0,0,0,0,0
1,0,New,4,-60683.246188,-60424.615600,-60424.615600,-54297.175103,-52242.000000,-52242.000000,0.430872,0.518612,0.591192,1.246554,634,4323,3600.000000,4,25,75,GUROBI,1,0,0,0,0,0,0,0,0,0,0
2,0,New,4,-60448.838418,-60190.935477,-60190.935477,-54037.935635,-51942.000000,-51942.000000,0.281587,0.390332,0.473066,1.122358,630,4233,3600.000000,4,10,75,GUROBI,1,0,0,0,0,0,0,0,0,0,0
3,0,New,4,-60655.278542,-60399.558542,-60399.558542,-54251.055081,-52124.000000,-52124.000000,0.538298,0.645954,1.440437,1.440565,641,4936,3600.000000,4,24,75,GUROBI,1,0,0,0,0,0,0,0,0,0,0
4,0,New,4,-60905.742553,-60566.750004,-60566.750004,-54521.285208,-52604.000000,-52604.000000,0.105652,0.234868,0.265199,0.966950,658,4648,3600.000000,4,2,75,GUROBI,1,0,0,0,0,0,0,0,0,0,0
