instanceIndex,seedIndex,vpcGenerator,terms,lpBound,disjunctiveDualBound,lpBoundPostVpc,rootDualBound,dualBound,primalBound,vpcGenerationTime,rootDualBoundTime,bestSolutionTime,terminationTime,nodes,iterations,maxTime,actualTerms,numCuts,cutLimit,mipSolver,providePrimalBound,infeasibleTerms,feasibleToInfeasibleTerms,infeasibleToFeasibleTerms,termRemainsFeasibleBasisInfeasible,cutsChangedCoefficients,feasibleTermsPrunedByBound,tighten_disjunction,tighten_matrix_perturbation,tighten_infeasible_to_feasible_term,tighten_feasible_to_infeasible_basis
0,0,New,64,-60670.366638,-59180.426083,-60275.053697,-53960.641210,-52242.000000,-52242.000000,11.516080,11.777390,11.857917,12.889793,630,4999,3600.000000,64,23,75,GUROBI,1,19,0,0,0,0,0,0,0,0,0
1,0,Farkas,64,-60660.180261,-59179.206470,-60256.504084,-54342.384253,-52322.000000,-52322.000000,0.258798,0.397615,1.561474,1.627216,639,4849,3600.000000,64,23,0,GUROBI,1,19,0,0,0,0,0,0,0,0,0
2,0,Farkas,64,-60669.539026,-59185.492196,-60243.897556,-54104.330805,-52270.000000,-52270.000000,0.254359,0.510047,0.591326,1.683618,631,4847,3600.000000,64,23,0,GUROBI,1,19,0,0,0,0,0,0,0,0,0
3,0,Farkas,64,-60679.920212,-59199.420244,-60285.517271,-54135.455006,-52301.000000,-52301.000000,0.197561,0.449586,1.480676,1.480860,619,4494,3600.000000,64,23,0,GUROBI,1,19,0,0,0,0,0,0,0,0,0
4,0,Farkas,64,-60680.522728,-59160.533610,-60277.094786,-53985.484736,-52249.238920,-52245.000000,0.253783,0.510807,1.936949,1.937115,646,5048,3600.000000,64,23,0,GUROBI,1,19,0,0,0,0,0,0,0,0,0
