instanceIndex,seedIndex,vpcGenerator,terms,lpBound,disjunctiveDualBound,lpBoundPostVpc,rootDualBound,dualBound,primalBound,vpcGenerationTime,rootDualBoundTime,bestSolutionTime,terminationTime,nodes,iterations,maxTime,actualTerms,numCuts,cutLimit,mipSolver,providePrimalBound,infeasibleTerms,feasibleToInfeasibleTerms,infeasibleToFeasibleTerms,termRemainsFeasibleBasisInfeasible,cutsChangedCoefficients,feasibleTermsPrunedByBound,tighten_disjunction,tighten_matrix_perturbation,tighten_infeasible_to_feasible_term,tighten_feasible_to_infeasible_basis
0,0,None,4,1415.000000,1415.000000,1415.000000,1518.000000,2810.000000,2810.000000,0.000011,0.239546,1.695563,6.145456,5823,68124,3600.000000,0,0,0,GUROBI,1,0,0,0,0,0,0,0,0,0,0
1,0,None,4,1415.000000,1415.000000,1415.000000,1518.000000,2810.000000,2810.000000,0.000002,0.255128,1.729751,5.512705,5823,68124,3600.000000,0,0,0,GUROBI,1,0,0,0,0,0,0,0,0,0,0
2,0,None,4,1415.000000,1415.000000,1415.000000,1518.000000,2810.000000,2810.000000,0.000002,0.319696,2.042286,6.507774,5823,68124,3600.000000,0,0,0,GUROBI,1,0,0,0,0,0,0,0,0,0,0
3,0,None,4,1415.000000,1415.000000,1415.000000,1531.232394,2810.000000,2810.000000,0.000002,0.478328,3.830031,12.939899,15447,179171,3600.000000,0,0,0,GUROBI,1,0,0,0,0,0,0,0,0,0,0
4,0,None,4,1415.000000,1415.000000,1415.000000,1535.000000,2810.000000,2810.000000,0.000002,0.302560,4.287190,13.072830,13225,167248,3600.000000,0,0,0,GUROBI,1,0,0,0,0,0,0,0,0,0,0
5,0,None,4,1415.000000,1415.000000,1415.000000,1518.000000,2810.000000,2810.000000,0.000002,0.317160,2.317196,6.393276,5823,68124,3600.000000,0,0,0,GUROBI,1,0,0,0,0,0,0,0,0,0,0
