instanceIndex,seedIndex,vpcGenerator,terms,lpBound,disjunctiveDualBound,lpBoundPostVpc,rootDualBound,dualBound,primalBound,vpcGenerationTime,rootDualBoundTime,bestSolutionTime,terminationTime,nodes,iterations,maxTime,actualTerms,numCuts,cutLimit,mipSolver,providePrimalBound,infeasibleTerms,feasibleToInfeasibleTerms,infeasibleToFeasibleTerms,termRemainsFeasibleBasisInfeasible,cutsChangedCoefficients,feasibleTermsPrunedByBound,tighten_disjunction,tighten_matrix_perturbation,tighten_infeasible_to_feasible_term,tighten_feasible_to_infeasible_basis
0,0,New,64,1415.000000,1425.000000,1415.000000,1537.222222,2810.000000,2810.000000,10.719384,11.331472,15.829761,19.787955,5004,61396,3600.000000,95,14,16,GUROBI,1,85,0,0,0,0,0,0,0,0,0
1,0,Disjunction,64,1412.000000,1421.500000,1412.136471,1515.590909,2804.000000,2804.000000,1.116200,1.557367,47.031208,47.031408,28835,376314,3600.000000,95,14,0,GUROBI,1,85,0,0,0,0,0,1,0,0,0
2,0,Disjunction,64,1407.750000,1418.000000,1407.886471,1535.225313,2799.000000,2799.000000,1.184150,1.789295,14.210699,44.817915,29636,334765,3600.000000,95,14,0,GUROBI,1,85,0,0,0,0,0,1,0,0,0
3,0,Disjunction,64,1412.500000,1422.500000,1414.127813,1532.240000,2805.000000,2805.000000,1.170268,1.828126,27.065841,46.740933,28210,382988,3600.000000,95,14,0,GUROBI,1,85,0,0,0,0,0,1,0,0,0
4,0,Disjunction,64,1403.000000,1413.500000,1405.675361,1512.935897,2789.000000,2789.000000,1.222726,1.644100,15.975917,45.344192,22945,300583,3600.000000,95,14,0,GUROBI,1,85,0,0,0,0,0,1,0,0,0
5,0,Disjunction,64,1405.000000,1419.250000,1405.909413,1524.464646,2797.000000,2797.000000,1.240901,1.687861,41.224659,41.224864,28300,313195,3600.000000,95,14,0,GUROBI,1,85,0,0,0,0,0,1,0,0,0
