instanceIndex,seedIndex,vpcGenerator,terms,lpBound,disjunctiveDualBound,lpBoundPostVpc,rootDualBound,dualBound,primalBound,vpcGenerationTime,rootDualBoundTime,bestSolutionTime,terminationTime,nodes,iterations,maxTime,actualTerms,numCuts,cutLimit,mipSolver,providePrimalBound,infeasibleTerms,feasibleToInfeasibleTerms,infeasibleToFeasibleTerms,termRemainsFeasibleBasisInfeasible,cutsChangedCoefficients,feasibleTermsPrunedByBound,tighten_disjunction,tighten_matrix_perturbation,tighten_infeasible_to_feasible_term,tighten_feasible_to_infeasible_basis
0,0,New,4,1415.000000,1425.000000,1422.656250,1535.000000,2810.000000,2810.000000,0.523558,0.980288,4.802550,9.977397,6325,71384,3600.000000,4,16,16,GUROBI,1,0,0,0,0,0,0,0,0,0,0
1,0,All,4,1412.000000,1421.500000,1420.022727,1515.500000,2804.000000,2804.000000,0.022248,0.553037,9.621952,37.141706,24976,299286,3600.000000,4,16,0,GUROBI,1,0,0,0,0,0,0,1,1,1,1
2,0,All,4,1407.750000,1418.000000,1416.419643,1524.674603,2799.000000,2799.000000,0.022563,0.629026,15.190508,15.190699,13879,140650,3600.000000,4,16,0,GUROBI,1,0,0,0,0,0,0,1,1,1,1
3,0,All,4,1412.500000,1422.500000,1420.705882,1541.275000,2805.000000,2805.000000,0.021559,0.694320,25.066431,46.273604,27522,390943,3600.000000,4,16,0,GUROBI,1,0,0,0,0,0,0,1,1,1,1
4,0,All,4,1403.000000,1411.000000,1411.000000,1519.752464,2789.000000,2789.000000,0.022718,0.503862,36.935540,46.334235,28216,397049,3600.000000,4,16,0,GUROBI,1,0,0,0,0,0,0,1,1,1,1
5,0,All,4,1405.000000,1414.500000,1413.543478,1515.200000,2797.000000,2797.000000,0.023060,0.515570,33.322587,40.542580,30080,369587,3600.000000,4,16,0,GUROBI,1,0,0,0,0,0,0,1,1,1,1
