instanceIndex,seedIndex,vpcGenerator,terms,lpBound,disjunctiveDualBound,lpBoundPostVpc,rootDualBound,dualBound,primalBound,vpcGenerationTime,rootDualBoundTime,bestSolutionTime,terminationTime,nodes,iterations,maxTime,actualTerms,numCuts,cutLimit,mipSolver,providePrimalBound,infeasibleTerms,feasibleToInfeasibleTerms,infeasibleToFeasibleTerms,termRemainsFeasibleBasisInfeasible,cutsChangedCoefficients,feasibleTermsPrunedByBound,tighten_disjunction,tighten_matrix_perturbation,tighten_infeasible_to_feasible_term,tighten_feasible_to_infeasible_basis
0,0,New,64,1415.000000,1425.000000,1415.000000,1518.000000,2810.000000,2810.000000,8.032843,8.472560,11.888031,15.623100,7401,81848,3600.000000,95,14,16,GUROBI,1,85,0,0,0,0,0,0,0,0,0
1,0,New,64,1412.000000,1422.555556,1422.105633,1537.656087,2804.000000,2804.000000,10.121805,10.524843,36.644485,39.505593,27269,366993,3600.000000,95,24,24,GUROBI,1,85,0,0,0,0,0,0,0,0,0
2,0,New,64,1407.750000,1420.555556,1417.249700,1514.005556,2799.000000,2799.000000,11.190735,11.471241,20.662528,31.198835,25218,308968,3600.000000,95,22,22,GUROBI,1,85,0,0,0,0,0,0,0,0,0
3,0,New,64,1412.500000,1425.142857,1423.117861,1543.180556,2805.000000,2805.000000,6.366390,6.947236,16.305413,43.994792,32922,474990,3600.000000,75,16,16,GUROBI,1,65,0,0,0,0,0,0,0,0,0
4,0,New,64,1403.000000,1418.550000,1418.060196,1531.658009,2789.000000,2789.000000,7.320550,7.773065,25.005126,34.150716,21154,277526,3600.000000,95,16,16,GUROBI,1,85,0,0,0,0,0,0,0,0,0
5,0,New,64,1405.000000,1422.714286,1417.125643,1516.864657,2797.000000,2797.000000,8.414730,8.907722,13.479732,32.378443,28223,348271,3600.000000,96,16,16,GUROBI,1,85,0,0,0,0,0,0,0,0,0
