instanceIndex,seedIndex,vpcGenerator,terms,lpBound,disjunctiveDualBound,lpBoundPostVpc,rootDualBound,dualBound,primalBound,vpcGenerationTime,rootDualBoundTime,bestSolutionTime,terminationTime,nodes,iterations,maxTime,actualTerms,numCuts,cutLimit,mipSolver,providePrimalBound,infeasibleTerms,feasibleToInfeasibleTerms,infeasibleToFeasibleTerms,termRemainsFeasibleBasisInfeasible,cutsChangedCoefficients,feasibleTermsPrunedByBound,tighten_disjunction,tighten_matrix_perturbation,tighten_infeasible_to_feasible_term,tighten_feasible_to_infeasible_basis
0,0,New,64,1415.000000,1425.000000,1415.000000,1518.000000,2810.000000,2810.000000,10.360033,10.765738,14.719221,20.426746,6865,79140,3600.000000,95,14,16,GUROBI,1,85,0,0,0,0,0,0,0,0,0
1,0,Matrix,64,1415.000000,1425.000000,1415.000000,1518.000000,2810.000000,2810.000000,0.547835,1.071691,6.658138,10.974748,6894,80218,3600.000000,95,14,0,GUROBI,1,85,0,0,0,0,0,0,1,0,0
2,0,Matrix,64,1415.000000,1425.000000,1415.000000,1565.000000,2810.000000,2810.000000,1.247518,1.821398,6.071181,13.333507,5029,71205,3600.000000,95,14,0,GUROBI,1,85,0,0,2,9,0,0,1,0,0
3,0,Matrix,64,1415.000000,1425.000000,1415.000000,1518.000000,2810.000000,2810.000000,1.177836,1.712890,6.205074,26.745880,17666,194262,3600.000000,95,14,0,GUROBI,1,85,0,0,1,14,0,0,1,0,0
4,0,Matrix,64,1415.000000,1425.000000,1415.000000,1522.107201,2810.000000,2810.000000,0.855870,1.414225,4.977901,17.735469,12262,134745,3600.000000,95,14,0,GUROBI,1,85,0,0,0,10,0,0,1,0,0
5,0,Matrix,64,1415.000000,1425.000000,1415.000000,1518.000000,2810.000000,2810.000000,0.536635,1.063654,4.449075,11.219329,7013,84447,3600.000000,95,14,0,GUROBI,1,85,0,0,0,0,0,0,1,0,0
