instanceIndex,seedIndex,vpcGenerator,terms,lpBound,disjunctiveDualBound,lpBoundPostVpc,rootDualBound,dualBound,primalBound,vpcGenerationTime,rootDualBoundTime,bestSolutionTime,terminationTime,nodes,iterations,maxTime,actualTerms,numCuts,cutLimit,mipSolver,providePrimalBound,infeasibleTerms,feasibleToInfeasibleTerms,infeasibleToFeasibleTerms,termRemainsFeasibleBasisInfeasible,cutsChangedCoefficients,feasibleTermsPrunedByBound,tighten_disjunction,tighten_matrix_perturbation,tighten_infeasible_to_feasible_term,tighten_feasible_to_infeasible_basis
0,0,None,4,115155.000000,115155.000000,115155.000000,115155.000000,115155.000000,115155.000000,0.000003,0.000003,0.000003,0.136059,1,3029,3600.000000,0,0,0,GUROBI,1,0,0,0,0,0,0,0,0,0,0
1,0,None,4,115106.285714,115106.285714,115106.285714,115118.500000,115119.000000,115119.000000,0.000002,0.284666,0.289467,0.293301,1,1974,3600.000000,0,0,0,GUROBI,1,0,0,0,0,0,0,0,0,0,0
2,0,None,4,115099.082051,115099.082051,115099.082051,115128.000000,115130.000000,115131.000000,0.000003,0.183257,0.000003,0.188492,1,1971,3600.000000,0,0,0,GUROBI,1,0,0,0,0,0,0,0,0,0,0
3,0,None,4,115135.434921,115135.434921,115135.434921,115196.000000,115197.000000,115197.000000,0.000003,0.249439,0.254689,0.259357,1,1999,3600.000000,0,0,0,GUROBI,1,0,0,0,0,0,0,0,0,0,0
