instanceIndex,seedIndex,vpcGenerator,terms,lpBound,disjunctiveDualBound,lpBoundPostVpc,rootDualBound,dualBound,primalBound,vpcGenerationTime,rootDualBoundTime,bestSolutionTime,terminationTime,nodes,iterations,maxTime,actualTerms,numCuts,cutLimit,mipSolver,providePrimalBound,infeasibleTerms,feasibleToInfeasibleTerms,infeasibleToFeasibleTerms,termRemainsFeasibleBasisInfeasible,cutsChangedCoefficients,feasibleTermsPrunedByBound,tighten_disjunction,tighten_matrix_perturbation,tighten_infeasible_to_feasible_term,tighten_feasible_to_infeasible_basis
0,0,None,64,115155.000000,115155.000000,115155.000000,115155.000000,115155.000000,115155.000000,0.000002,0.000002,0.000002,0.096941,1,2994,3600.000000,0,0,0,GUROBI,1,0,0,0,0,0,0,0,0,0,0
1,0,None,64,115335.000000,115335.000000,115335.000000,115335.000000,115335.000000,115335.000000,0.000002,0.000002,0.084490,0.090833,1,2639,3600.000000,0,0,0,GUROBI,1,0,0,0,0,0,0,0,0,0,0
2,0,None,64,115350.000000,115350.000000,115350.000000,115350.000000,115350.000000,115350.000000,0.000002,0.000002,0.091465,0.096780,1,2640,3600.000000,0,0,0,GUROBI,1,0,0,0,0,0,0,0,0,0,0
3,0,None,64,115875.000000,115875.000000,115875.000000,115875.000000,115875.000000,115875.000000,0.000002,0.000002,0.089715,0.094421,1,2703,3600.000000,0,0,0,GUROBI,1,0,0,0,0,0,0,0,0,0,0
