instanceIndex,seedIndex,vpcGenerator,terms,lpBound,disjunctiveDualBound,lpBoundPostVpc,rootDualBound,dualBound,primalBound,vpcGenerationTime,rootDualBoundTime,bestSolutionTime,terminationTime,nodes,iterations,maxTime,actualTerms,numCuts,cutLimit,mipSolver,providePrimalBound,infeasibleTerms,feasibleToInfeasibleTerms,infeasibleToFeasibleTerms,termRemainsFeasibleBasisInfeasible,cutsChangedCoefficients,feasibleTermsPrunedByBound,tighten_disjunction,tighten_matrix_perturbation,tighten_infeasible_to_feasible_term,tighten_feasible_to_infeasible_basis
0,0,New,4,-611.850000,-611.850000,-611.850000,-611.850000,-607.210000,-607.207000,51.649235,52.417131,74.283413,74.283661,5134,32820,3600.000000,4,56,67,GUROBI,1,0,0,0,0,0,0,0,0,0,0
1,0,Matrix,4,-616.850000,-616.850000,-616.850000,-616.850000,-612.210000,-612.150000,3.493483,4.249254,6.203674,6.204140,637,8154,3600.000000,4,56,0,GUROBI,1,0,0,0,1,56,0,0,1,0,0
2,0,Matrix,4,-623.060236,-623.060236,-623.060236,-622.897858,-617.740236,-617.737236,0.344832,1.269649,2.234045,2.234428,144,5629,3600.000000,4,56,0,GUROBI,1,0,0,0,4,56,0,0,1,0,0
3,0,Matrix,4,-624.825000,-624.825000,-624.825000,-619.305309,-614.350000,-614.310000,3.212604,4.107323,4.881594,4.881971,121,5664,3600.000000,4,56,0,GUROBI,1,0,0,0,3,56,0,0,1,0,0
4,0,Matrix,4,-621.443558,-621.443558,-621.443558,-619.005555,-614.210000,-614.150000,0.354720,2.981702,5.034848,5.035247,432,13569,3600.000000,4,56,0,GUROBI,1,0,0,0,4,56,0,0,1,0,0
5,0,Matrix,4,-618.749371,-618.749371,-618.749371,-617.658633,-613.291212,-613.291212,0.332374,1.294766,1.450742,1.451194,24,5274,3600.000000,4,56,0,GUROBI,1,0,0,0,4,56,0,0,1,0,0
