instanceIndex,seedIndex,vpcGenerator,terms,lpBound,disjunctiveDualBound,lpBoundPostVpc,rootDualBound,dualBound,primalBound,vpcGenerationTime,rootDualBoundTime,bestSolutionTime,terminationTime,nodes,iterations,maxTime,actualTerms,numCuts,cutLimit,mipSolver,providePrimalBound,infeasibleTerms,feasibleToInfeasibleTerms,infeasibleToFeasibleTerms,termRemainsFeasibleBasisInfeasible,cutsChangedCoefficients,feasibleTermsPrunedByBound,tighten_disjunction,tighten_matrix_perturbation,tighten_infeasible_to_feasible_term,tighten_feasible_to_infeasible_basis
0,0,New,4,-611.850000,-611.850000,-611.850000,-611.850000,-607.210000,-607.207000,102.731216,103.858179,130.794090,130.796959,3944,38860,3600.000000,4,56,67,GUROBI,1,0,0,0,0,0,0,0,0,0,0
1,0,Term,4,-654.419187,-654.419187,-654.419187,-646.026261,-640.989717,-640.926852,0.697520,3.017002,3.740908,4.788980,242,12107,3600.000000,4,56,0,GUROBI,1,0,0,0,4,56,0,0,0,1,0
2,0,Term,4,-652.164127,-652.157190,-652.164127,-648.000698,-642.784500,-642.751500,0.688809,2.550524,6.846257,6.846867,518,13247,3600.000000,4,56,0,GUROBI,1,0,0,0,4,56,0,0,0,1,0
3,0,Term,4,-654.958966,-654.958966,-654.958966,-645.039688,-642.987001,-642.987001,0.672826,2.310996,3.864464,3.867230,149,8735,3600.000000,4,56,0,GUROBI,1,1,1,0,3,56,0,0,0,1,0
4,0,Term,4,-665.157579,-665.157579,-665.157579,-650.080867,-646.054351,-645.990364,0.598754,3.326663,5.367393,5.639838,313,18262,3600.000000,4,56,0,GUROBI,1,0,0,0,4,56,0,0,0,1,0
