instanceIndex,seedIndex,vpcGenerator,terms,lpBound,disjunctiveDualBound,lpBoundPostVpc,rootDualBound,dualBound,primalBound,vpcGenerationTime,rootDualBoundTime,bestSolutionTime,terminationTime,nodes,iterations,maxTime,actualTerms,numCuts,cutLimit,mipSolver,providePrimalBound,infeasibleTerms,feasibleToInfeasibleTerms,infeasibleToFeasibleTerms,termRemainsFeasibleBasisInfeasible,cutsChangedCoefficients,feasibleTermsPrunedByBound,tighten_disjunction,tighten_matrix_perturbation,tighten_infeasible_to_feasible_term,tighten_feasible_to_infeasible_basis
0,0,None,64,6532.083333,6532.083333,6532.083333,6535.000000,6548.000000,6548.000000,0.000002,0.193185,0.368463,0.373489,59,1494,3600.000000,0,0,0,GUROBI,1,0,0,0,0,0,0,0,0,0,0
1,0,None,64,6519.750000,6519.750000,6519.750000,6525.500000,6538.000000,6538.000000,0.000002,0.169684,0.371052,0.384918,55,1278,3600.000000,0,0,0,GUROBI,1,0,0,0,0,0,0,0,0,0,0
2,0,None,64,6530.590909,6530.590909,6530.590909,6533.500000,6548.000000,6548.000000,0.000002,0.213287,0.469557,0.480139,72,1618,3600.000000,0,0,0,GUROBI,1,0,0,0,0,0,0,0,0,0,0
3,0,None,64,6518.500000,6518.500000,6518.500000,6523.500000,6534.000000,6534.000000,0.000002,0.157647,0.232791,0.233224,21,1141,3600.000000,0,0,0,GUROBI,1,0,0,0,0,0,0,0,0,0,0
4,0,None,64,6511.375000,6511.375000,6511.375000,6515.750000,6523.000000,6523.000000,0.000002,0.192509,0.350159,0.357935,31,1054,3600.000000,0,0,0,GUROBI,1,0,0,0,0,0,0,0,0,0,0
