instanceIndex,seedIndex,vpcGenerator,terms,lpBound,disjunctiveDualBound,lpBoundPostVpc,rootDualBound,dualBound,primalBound,vpcGenerationTime,rootDualBoundTime,bestSolutionTime,terminationTime,nodes,iterations,maxTime,actualTerms,numCuts,cutLimit,mipSolver,providePrimalBound,infeasibleTerms,feasibleToInfeasibleTerms,infeasibleToFeasibleTerms,termRemainsFeasibleBasisInfeasible,cutsChangedCoefficients,feasibleTermsPrunedByBound,tighten_disjunction,tighten_matrix_perturbation,tighten_infeasible_to_feasible_term,tighten_feasible_to_infeasible_basis
0,0,New,4,6532.083333,6535.666667,6534.715409,6539.000000,6548.000000,6548.000000,38.761674,39.097060,39.493647,39.504044,57,1584,3600.000000,42,41,41,GUROBI,1,40,0,0,0,0,0,0,0,0,0
1,0,Farkas,4,6530.000000,6533.954545,6532.500000,6535.833333,6547.000000,6547.000000,0.657626,0.998951,1.235406,1.236714,38,1425,3600.000000,42,41,0,GUROBI,1,40,0,0,0,0,0,0,0,0,0
2,0,Farkas,4,6525.583333,6530.142857,6528.083333,6532.000000,6542.000000,6542.000000,0.783139,1.070745,1.264765,1.276414,44,1214,3600.000000,42,41,0,GUROBI,1,40,0,0,0,0,0,0,0,0,0
3,0,Farkas,4,6530.000000,6534.000000,6532.000000,6535.500000,6546.000000,6546.000000,0.642936,0.979811,1.354973,1.381874,65,1491,3600.000000,42,41,0,GUROBI,1,40,0,0,0,0,0,0,0,0,0
4,0,Farkas,4,6533.166667,6536.166667,6534.916667,6538.750000,6549.000000,6549.000000,0.682591,0.972623,1.140135,1.169758,42,1284,3600.000000,42,41,0,GUROBI,1,40,0,0,0,0,0,0,0,0,0
5,0,Farkas,4,6536.000000,6539.000000,6538.250000,6541.250000,6551.000000,6551.000000,0.618413,0.906606,1.071960,1.139513,50,1286,3600.000000,42,41,0,GUROBI,1,40,0,0,0,0,0,0,0,0,0
