instanceIndex,seedIndex,vpcGenerator,terms,lpBound,disjunctiveDualBound,lpBoundPostVpc,rootDualBound,dualBound,primalBound,vpcGenerationTime,rootDualBoundTime,bestSolutionTime,terminationTime,nodes,iterations,maxTime,actualTerms,numCuts,cutLimit,mipSolver,providePrimalBound,infeasibleTerms,feasibleToInfeasibleTerms,infeasibleToFeasibleTerms,termRemainsFeasibleBasisInfeasible,cutsChangedCoefficients,feasibleTermsPrunedByBound,tighten_disjunction,tighten_matrix_perturbation,tighten_infeasible_to_feasible_term,tighten_feasible_to_infeasible_basis
0,0,None,64,6532.083333,6532.083333,6532.083333,6535.000000,6548.000000,6548.000000,0.000015,0.175962,0.298111,0.299751,37,1353,3600.000000,0,0,0,GUROBI,1,0,0,0,0,0,0,0,0,0,0
1,0,None,64,6535.666667,6535.666667,6535.666667,6539.000000,6554.000000,6554.000000,0.000003,0.208998,0.382539,0.397033,55,1475,3600.000000,0,0,0,GUROBI,1,0,0,0,0,0,0,0,0,0,0
2,0,None,64,6759.250000,6759.250000,6759.250000,6760.000000,6760.000000,6760.000000,0.000002,0.000002,0.000002,0.088331,1,952,3600.000000,0,0,0,GUROBI,1,0,0,0,0,0,0,0,0,0,0
3,0,None,64,6533.083333,6533.083333,6533.083333,6536.000000,6550.000000,6550.000000,0.000003,0.190395,0.279926,0.286358,22,1406,3600.000000,0,0,0,GUROBI,1,0,0,0,0,0,0,0,0,0,0
4,0,None,64,6532.083333,6532.083333,6532.083333,6535.500000,6548.000000,6548.000000,0.000002,0.186165,0.436761,0.446109,71,1595,3600.000000,0,0,0,GUROBI,1,0,0,0,0,0,0,0,0,0,0
