instanceIndex,seedIndex,vpcGenerator,terms,lpBound,disjunctiveDualBound,lpBoundPostVpc,rootDualBound,dualBound,primalBound,vpcGenerationTime,rootDualBoundTime,bestSolutionTime,terminationTime,nodes,iterations,maxTime,actualTerms,numCuts,cutLimit,mipSolver,providePrimalBound,infeasibleTerms,feasibleToInfeasibleTerms,infeasibleToFeasibleTerms,termRemainsFeasibleBasisInfeasible,cutsChangedCoefficients,feasibleTermsPrunedByBound,tighten_disjunction,tighten_matrix_perturbation,tighten_infeasible_to_feasible_term,tighten_feasible_to_infeasible_basis
0,0,New,4,6532.083333,6535.666667,6534.715409,6537.500000,6548.000000,6548.000000,38.534490,38.867077,39.146515,39.146980,52,1478,3600.000000,42,41,41,GUROBI,1,40,0,0,0,0,0,0,0,0,0
1,0,New,4,6535.666667,6535.666667,6535.666667,6539.000000,6554.000000,6554.000000,111.162140,111.422504,111.577082,111.658298,67,1359,3600.000000,168,22,36,GUROBI,1,166,0,0,0,0,0,0,0,0,0
3,0,New,4,6533.083333,6536.166667,6536.166667,6539.000000,6550.000000,6550.000000,42.535588,42.829805,43.238146,43.244972,80,1870,3600.000000,42,35,35,GUROBI,1,40,0,0,0,0,0,0,0,0,0
4,0,New,4,6532.083333,6535.666667,6535.651597,6538.922337,6548.000000,6548.000000,50.256804,50.656071,50.256804,50.737425,9,1163,3600.000000,42,44,44,GUROBI,1,40,0,0,0,0,0,0,0,0,0
