instanceIndex,seedIndex,vpcGenerator,terms,lpBound,disjunctiveDualBound,lpBoundPostVpc,rootDualBound,dualBound,primalBound,vpcGenerationTime,rootDualBoundTime,bestSolutionTime,terminationTime,nodes,iterations,maxTime,actualTerms,numCuts,cutLimit,mipSolver,providePrimalBound,infeasibleTerms,feasibleToInfeasibleTerms,infeasibleToFeasibleTerms,termRemainsFeasibleBasisInfeasible,cutsChangedCoefficients,feasibleTermsPrunedByBound,tighten_disjunction,tighten_matrix_perturbation,tighten_infeasible_to_feasible_term,tighten_feasible_to_infeasible_basis
0,0,New,64,6532.083333,6536.500000,6533.603881,6537.485753,6548.000000,6548.000000,207.867956,208.261989,208.462421,208.462937,29,1432,3600.000000,208,41,41,GUROBI,1,201,0,0,0,0,0,0,0,0,0
1,0,Basis,64,6453.500000,6458.000000,6453.625000,6537.292035,6548.000000,6548.000000,4.244327,4.619515,5.018904,5.034462,98,1717,3600.000000,208,41,0,GUROBI,1,201,0,0,0,41,0,0,0,0,1
2,0,Basis,64,6532.083333,6536.500000,6533.603881,6537.292035,6548.000000,6548.000000,3.733519,4.119929,4.557847,4.558483,93,1926,3600.000000,208,41,0,GUROBI,1,201,0,0,0,41,0,0,0,0,1
3,0,Basis,64,6532.083333,6536.500000,6533.603881,6537.485753,6548.000000,6548.000000,3.807363,4.201466,4.335556,4.337282,19,1289,3600.000000,208,41,0,GUROBI,1,201,0,0,0,0,0,0,0,0,1
4,0,Basis,64,6532.083333,6536.500000,6533.603881,6537.485753,6548.000000,6548.000000,3.793769,4.188058,4.323248,4.325091,19,1289,3600.000000,208,41,0,GUROBI,1,201,0,0,0,0,0,0,0,0,1
5,0,Basis,64,6532.083333,6536.500000,6533.603881,6537.292035,6548.000000,6548.000000,4.321467,4.713730,5.029262,5.040030,65,1474,3600.000000,208,41,0,GUROBI,1,201,0,0,0,41,0,0,0,0,1
