instanceIndex,seedIndex,vpcGenerator,terms,lpBound,disjunctiveDualBound,lpBoundPostVpc,rootDualBound,dualBound,primalBound,vpcGenerationTime,rootDualBoundTime,bestSolutionTime,terminationTime,nodes,iterations,maxTime,actualTerms,numCuts,cutLimit,mipSolver,providePrimalBound,infeasibleTerms,feasibleToInfeasibleTerms,infeasibleToFeasibleTerms,termRemainsFeasibleBasisInfeasible,cutsChangedCoefficients,feasibleTermsPrunedByBound,tighten_disjunction,tighten_matrix_perturbation,tighten_infeasible_to_feasible_term,tighten_feasible_to_infeasible_basis
0,0,New,4,6532.083333,6535.666667,6534.715409,6537.500000,6548.000000,6548.000000,39.212837,39.502194,39.623754,39.658263,27,1169,3600.000000,42,41,41,GUROBI,1,40,0,0,0,0,0,0,0,0,0
1,0,Basis,4,6453.500000,6455.333333,6454.375000,6537.500000,6548.000000,6548.000000,0.680676,1.025478,1.090120,1.114072,17,1187,3600.000000,42,41,0,GUROBI,1,40,0,0,0,41,0,0,0,0,1
2,0,Basis,4,6532.083333,6535.666667,6534.715409,6537.500000,6548.000000,6548.000000,0.575533,0.920506,1.220228,1.250222,58,1693,3600.000000,42,41,0,GUROBI,1,40,0,0,0,41,0,0,0,0,1
3,0,Basis,4,6532.083333,6535.666667,6534.715409,6537.500000,6548.000000,6548.000000,0.598801,0.920398,1.006164,1.016045,19,1130,3600.000000,42,41,0,GUROBI,1,40,0,0,0,0,0,0,0,0,1
4,0,Basis,4,6532.083333,6535.666667,6534.715409,6537.500000,6548.000000,6548.000000,0.571455,0.910370,1.001265,1.012286,19,1130,3600.000000,42,41,0,GUROBI,1,40,0,0,0,0,0,0,0,0,1
5,0,Basis,4,6532.083333,6535.666667,6534.715409,6537.500000,6548.000000,6548.000000,0.633308,0.961734,1.023377,1.050242,17,1237,3600.000000,42,41,0,GUROBI,1,40,0,0,0,41,0,0,0,0,1
