instanceIndex,seedIndex,vpcGenerator,terms,lpBound,disjunctiveDualBound,lpBoundPostVpc,rootDualBound,dualBound,primalBound,vpcGenerationTime,rootDualBoundTime,bestSolutionTime,terminationTime,nodes,iterations,maxTime,actualTerms,numCuts,cutLimit,mipSolver,providePrimalBound,infeasibleTerms,feasibleToInfeasibleTerms,infeasibleToFeasibleTerms,termRemainsFeasibleBasisInfeasible,cutsChangedCoefficients,feasibleTermsPrunedByBound,tighten_disjunction,tighten_matrix_perturbation,tighten_infeasible_to_feasible_term,tighten_feasible_to_infeasible_basis
0,0,None,4,6532.083333,6532.083333,6532.083333,6535.000000,6548.000000,6548.000000,0.000002,0.193144,0.443901,0.445355,113,1819,3600.000000,0,0,0,GUROBI,1,0,0,0,0,0,0,0,0,0,0
1,0,None,4,6530.000000,6530.000000,6530.000000,6532.500000,6547.000000,6547.000000,0.000002,0.174046,0.329089,0.332642,39,1346,3600.000000,0,0,0,GUROBI,1,0,0,0,0,0,0,0,0,0,0
2,0,None,4,6525.583333,6525.583333,6525.583333,6529.500000,6542.000000,6542.000000,0.000002,0.179402,0.457538,0.461031,67,1359,3600.000000,0,0,0,GUROBI,1,0,0,0,0,0,0,0,0,0,0
3,0,None,4,6530.000000,6530.000000,6530.000000,6533.000000,6546.000000,6546.000000,0.000002,0.186760,0.343482,0.360834,36,1270,3600.000000,0,0,0,GUROBI,1,0,0,0,0,0,0,0,0,0,0
4,0,None,4,6533.166667,6533.166667,6533.166667,6537.000000,6549.000000,6549.000000,0.000002,0.191153,0.407629,0.431511,64,1606,3600.000000,0,0,0,GUROBI,1,0,0,0,0,0,0,0,0,0,0
5,0,None,4,6536.000000,6536.000000,6536.000000,6539.000000,6551.000000,6551.000000,0.000003,0.166303,0.341037,0.343033,57,1243,3600.000000,0,0,0,GUROBI,1,0,0,0,0,0,0,0,0,0,0
