instanceIndex,seedIndex,vpcGenerator,terms,lpBound,disjunctiveDualBound,lpBoundPostVpc,rootDualBound,dualBound,primalBound,vpcGenerationTime,rootDualBoundTime,bestSolutionTime,terminationTime,nodes,iterations,maxTime,actualTerms,numCuts,cutLimit,mipSolver,providePrimalBound,infeasibleTerms,feasibleToInfeasibleTerms,infeasibleToFeasibleTerms,termRemainsFeasibleBasisInfeasible,cutsChangedCoefficients,feasibleTermsPrunedByBound,tighten_disjunction,tighten_matrix_perturbation,tighten_infeasible_to_feasible_term,tighten_feasible_to_infeasible_basis
0,0,New,4,6532.083333,6535.666667,6534.715409,6537.500000,6548.000000,6548.000000,38.647067,39.040625,39.259549,39.292961,37,1499,3600.000000,42,41,41,GUROBI,1,40,0,0,0,0,0,0,0,0,0
1,0,Matrix,4,6519.750000,6521.500000,6521.500000,6527.125000,6538.000000,6538.000000,1.023916,1.603918,2.007951,2.087747,68,1341,3600.000000,42,41,0,GUROBI,1,40,0,0,0,0,0,0,1,0,0
2,0,Matrix,4,6530.590909,6531.500000,6531.500000,6535.750000,6548.000000,6548.000000,0.865981,1.229573,1.449587,1.463486,31,1309,3600.000000,42,41,0,GUROBI,1,40,0,0,0,0,0,0,1,0,0
3,0,Matrix,4,6518.500000,6523.000000,6520.669811,6524.965517,6534.000000,6534.000000,0.871427,1.265095,1.624944,1.631030,55,1356,3600.000000,42,41,0,GUROBI,1,40,0,0,0,0,0,0,1,0,0
4,0,Matrix,4,6511.375000,6511.962500,6511.875000,6515.750000,6523.000000,6523.000000,1.022461,1.460204,1.491846,1.495978,7,1014,3600.000000,42,41,0,GUROBI,1,40,0,0,0,0,0,0,1,0,0
