instanceIndex,seedIndex,vpcGenerator,terms,lpBound,disjunctiveDualBound,lpBoundPostVpc,rootDualBound,dualBound,primalBound,vpcGenerationTime,rootDualBoundTime,bestSolutionTime,terminationTime,nodes,iterations,maxTime,actualTerms,numCuts,cutLimit,mipSolver,providePrimalBound,infeasibleTerms,feasibleToInfeasibleTerms,infeasibleToFeasibleTerms,termRemainsFeasibleBasisInfeasible,cutsChangedCoefficients,feasibleTermsPrunedByBound,tighten_disjunction,tighten_matrix_perturbation,tighten_infeasible_to_feasible_term,tighten_feasible_to_infeasible_basis
0,0,New,64,6532.083333,6536.500000,6533.583169,6536.500000,6548.000000,6548.000000,210.549501,210.938444,211.258484,211.261499,70,1429,3600.000000,208,41,41,GUROBI,1,201,0,0,0,0,0,0,0,0,0
1,0,Matrix,64,6519.750000,6521.500000,6520.235242,6527.000000,6538.000000,6538.000000,7.208698,7.603752,7.876388,7.900175,53,1300,3600.000000,208,41,0,GUROBI,1,201,0,0,0,0,0,0,1,0,0
2,0,Matrix,64,6530.590909,6535.000000,6530.787605,6533.604253,6548.000000,6548.000000,6.773810,7.176629,7.511520,7.564295,52,1543,3600.000000,208,41,0,GUROBI,1,201,0,0,0,0,0,0,1,0,0
3,0,Matrix,64,6518.500000,6523.000000,6520.156818,6525.000000,6534.000000,6534.000000,6.042423,6.415116,6.652094,6.654868,25,1172,3600.000000,208,41,0,GUROBI,1,201,0,0,0,0,0,0,1,0,0
4,0,Matrix,64,6511.375000,6513.500000,6511.375000,6517.555556,6523.000000,6523.000000,7.442403,7.825359,7.975459,8.001625,19,1136,3600.000000,208,41,0,GUROBI,1,201,0,0,0,0,0,0,1,0,0
