instanceIndex,seedIndex,vpcGenerator,terms,lpBound,disjunctiveDualBound,lpBoundPostVpc,rootDualBound,dualBound,primalBound,vpcGenerationTime,rootDualBoundTime,bestSolutionTime,terminationTime,nodes,iterations,maxTime,actualTerms,numCuts,cutLimit,mipSolver,providePrimalBound,infeasibleTerms,feasibleToInfeasibleTerms,infeasibleToFeasibleTerms,termRemainsFeasibleBasisInfeasible,cutsChangedCoefficients,feasibleTermsPrunedByBound,tighten_disjunction,tighten_matrix_perturbation,tighten_infeasible_to_feasible_term,tighten_feasible_to_infeasible_basis
0,0,New,4,6532.083333,6535.666667,6534.715409,6537.500000,6548.000000,6548.000000,27.677941,27.935837,28.027917,28.035930,21,1262,3600.000000,42,41,41,GUROBI,1,40,0,0,0,0,0,0,0,0,0
1,0,Farkas,4,5433.616301,5433.616301,5433.616301,6537.500000,6548.000000,6548.000000,0.880617,1.136624,1.189391,1.218028,20,1263,3600.000000,42,41,0,GUROBI,1,40,0,0,0,41,0,0,0,0,0
2,0,Farkas,4,5947.901662,5949.548103,5947.901662,6537.500000,6548.000000,6548.000000,0.655968,0.910242,1.091391,1.098510,51,1341,3600.000000,42,41,0,GUROBI,1,40,0,0,0,41,0,0,0,0,0
3,0,Farkas,4,5706.876087,5708.391892,5706.876087,6537.750000,6548.000000,6548.000000,0.871150,1.150783,1.380653,1.433828,78,1575,3600.000000,42,41,0,GUROBI,1,40,0,0,0,41,0,0,0,0,0
4,0,Farkas,4,5813.418478,5815.000000,5813.418478,6537.500000,6548.000000,6548.000000,0.650729,0.918106,1.081260,1.089392,31,1285,3600.000000,42,41,0,GUROBI,1,40,0,0,2,41,0,0,0,0,0
