instanceIndex,seedIndex,vpcGenerator,terms,lpBound,disjunctiveDualBound,lpBoundPostVpc,rootDualBound,dualBound,primalBound,vpcGenerationTime,rootDualBoundTime,bestSolutionTime,terminationTime,nodes,iterations,maxTime,actualTerms,numCuts,cutLimit,mipSolver,providePrimalBound,infeasibleTerms,feasibleToInfeasibleTerms,infeasibleToFeasibleTerms,termRemainsFeasibleBasisInfeasible,cutsChangedCoefficients,feasibleTermsPrunedByBound,tighten_disjunction,tighten_matrix_perturbation,tighten_infeasible_to_feasible_term,tighten_feasible_to_infeasible_basis
0,0,None,64,39794.745138,39794.745138,39794.745138,52058.623433,52148.000000,52148.000000,0.000026,0.791933,0.866821,0.867064,14,1158,3600.000000,0,0,0,GUROBI,1,0,0,0,0,0,0,0,0,0,0
1,0,None,64,10802.227223,10802.227223,10802.227223,20956.406529,21287.096830,21288.630424,0.000002,0.514240,1.128409,1.128654,349,3284,3600.000000,0,0,0,GUROBI,1,0,0,0,0,0,0,0,0,0,0
2,0,None,64,11753.469452,11753.469452,11753.469452,20979.338599,21658.921139,21660.669696,0.000002,0.672801,1.012432,2.415990,564,9687,3600.000000,0,0,0,GUROBI,1,0,0,0,0,0,0,0,0,0,0
3,0,None,64,17710.244785,17710.244785,17710.244785,28547.620609,29166.945419,29166.945419,0.000002,0.698831,13.304743,13.305010,903,18194,3600.000000,0,0,0,GUROBI,1,0,0,0,0,0,0,0,0,0,0
4,0,None,64,13290.293421,13290.293421,13290.293421,22735.718059,23381.935155,23383.419427,0.000002,0.607059,8.174000,8.174286,614,10452,3600.000000,0,0,0,GUROBI,1,0,0,0,0,0,0,0,0,0,0
