instanceIndex,seedIndex,vpcGenerator,terms,lpBound,disjunctiveDualBound,lpBoundPostVpc,rootDualBound,dualBound,primalBound,vpcGenerationTime,rootDualBoundTime,bestSolutionTime,terminationTime,nodes,iterations,maxTime,actualTerms,numCuts,cutLimit,mipSolver,providePrimalBound,infeasibleTerms,feasibleToInfeasibleTerms,infeasibleToFeasibleTerms,termRemainsFeasibleBasisInfeasible,cutsChangedCoefficients,feasibleTermsPrunedByBound,tighten_disjunction,tighten_matrix_perturbation,tighten_infeasible_to_feasible_term,tighten_feasible_to_infeasible_basis
0,0,New,4,39794.745138,39918.291740,39913.342193,52093.889817,52148.000000,52148.000000,5.493154,6.272002,6.341273,6.344985,16,1092,3600.000000,4,119,125,GUROBI,1,0,0,0,0,0,0,0,0,0,0
1,0,New,4,31679.361717,32549.745231,31726.229713,44938.949363,46100.887555,46103.070023,15.862769,16.684846,23.850088,23.882326,660,12504,3600.000000,215,2,128,GUROBI,1,188,0,0,0,0,0,0,0,0,0
2,0,New,4,33229.433146,35231.921331,33541.402513,48097.152653,50361.657510,50366.605367,3.557042,4.733157,50.181734,50.182497,4492,162716,3600.000000,78,2,130,GUROBI,1,76,0,0,0,0,0,0,0,0,0
3,0,New,4,25277.688409,25590.688409,25579.166360,36648.439452,37538.527420,37542.243056,8.315814,9.231506,25.486443,25.519475,2422,46466,3600.000000,118,3,121,GUROBI,1,105,0,0,0,0,0,0,0,0,0
4,0,New,4,21906.220551,22195.853040,22163.894305,38574.487972,39952.709379,39956.401080,15.820437,16.623944,31.438009,34.311390,2339,65085,3600.000000,234,2,122,GUROBI,1,213,0,0,0,0,0,0,0,0,0
5,0,New,4,33732.124465,34812.690261,34045.788874,47576.033023,48260.290749,48263.562500,4.535059,5.385268,15.212105,15.248201,1068,19578,3600.000000,98,2,118,GUROBI,1,94,0,0,0,0,0,0,0,0,0
