instanceIndex,seedIndex,vpcGenerator,terms,lpBound,disjunctiveDualBound,lpBoundPostVpc,rootDualBound,dualBound,primalBound,vpcGenerationTime,rootDualBoundTime,bestSolutionTime,terminationTime,nodes,iterations,maxTime,actualTerms,numCuts,cutLimit,mipSolver,providePrimalBound,infeasibleTerms,feasibleToInfeasibleTerms,infeasibleToFeasibleTerms,termRemainsFeasibleBasisInfeasible,cutsChangedCoefficients,feasibleTermsPrunedByBound,tighten_disjunction,tighten_matrix_perturbation,tighten_infeasible_to_feasible_term,tighten_feasible_to_infeasible_basis
0,0,New,64,39794.745138,40473.153827,39929.165698,52095.056485,52145.788638,52148.000000,29.331023,30.180602,30.234992,30.238343,14,1099,3600.000000,65,68,125,GUROBI,1,49,0,0,0,0,0,0,0,0,0
1,0,Term,64,37812.264966,38489.896944,37948.816873,49695.237400,49883.000000,49883.000000,0.879072,1.591947,1.695191,1.709469,22,1135,3600.000000,65,68,0,GUROBI,1,49,0,0,0,0,0,0,0,1,0
2,0,Term,64,35125.612276,35711.231372,35209.475202,48245.059341,48461.000000,48461.000000,0.908902,1.915027,1.981276,2.026596,17,1540,3600.000000,65,68,0,GUROBI,1,49,0,0,0,0,0,0,0,1,0
3,0,Term,64,37415.399596,37975.586764,37545.575171,50102.520700,50148.000000,50148.000000,0.817768,1.753964,1.785706,1.790030,8,1346,3600.000000,65,68,0,GUROBI,1,49,0,0,0,0,0,0,0,1,0
4,0,Term,64,40313.035110,40993.118212,40449.135893,52605.415407,52640.000000,52640.000000,0.794613,1.578746,0.794613,1.612180,7,1017,3600.000000,65,68,0,GUROBI,1,49,0,0,0,0,0,0,0,1,0
5,0,Term,64,40403.653195,40819.152311,40519.020965,52470.844656,52637.000000,52637.000000,0.875705,1.637542,1.757175,1.767805,31,1228,3600.000000,65,68,0,GUROBI,1,49,0,0,0,0,0,0,0,1,0
