instanceIndex,seedIndex,vpcGenerator,terms,lpBound,disjunctiveDualBound,lpBoundPostVpc,rootDualBound,dualBound,primalBound,vpcGenerationTime,rootDualBoundTime,bestSolutionTime,terminationTime,nodes,iterations,maxTime,actualTerms,numCuts,cutLimit,mipSolver,providePrimalBound,infeasibleTerms,feasibleToInfeasibleTerms,infeasibleToFeasibleTerms,termRemainsFeasibleBasisInfeasible,cutsChangedCoefficients,feasibleTermsPrunedByBound,tighten_disjunction,tighten_matrix_perturbation,tighten_infeasible_to_feasible_term,tighten_feasible_to_infeasible_basis
0,0,New,64,39794.745138,40473.153827,39929.165698,51985.130485,52148.000000,52148.000000,29.952059,30.671503,30.767601,30.767921,24,1101,3600.000000,65,68,125,GUROBI,1,49,0,0,0,0,0,0,0,0,0
1,0,Farkas,64,10802.227223,10803.133521,10802.227223,21057.778289,21287.468029,21288.630424,1.857886,2.434309,2.848904,2.945055,233,3041,3600.000000,65,68,0,GUROBI,1,47,10,12,6,68,0,0,0,0,0
2,0,Farkas,64,11753.469452,11901.683212,11753.469452,21013.934979,21658.818781,21660.669696,1.656374,2.378115,2.734382,3.689319,444,7009,3600.000000,65,68,0,GUROBI,1,13,3,39,13,68,0,0,0,0,0
3,0,Farkas,64,17710.244785,17763.822980,17710.244785,28551.038943,29166.835877,29166.945419,1.474539,2.210705,13.952666,13.953117,815,17236,3600.000000,65,68,0,GUROBI,1,48,5,6,11,68,0,0,0,0,0
4,0,Farkas,64,13290.293421,13291.298689,13290.293421,22737.814283,23382.609143,23383.419427,1.574175,2.269497,14.056467,14.129945,904,18010,3600.000000,65,68,0,GUROBI,1,50,8,7,8,68,0,0,0,0,0
