instanceIndex,seedIndex,vpcGenerator,terms,lpBound,disjunctiveDualBound,lpBoundPostVpc,rootDualBound,dualBound,primalBound,vpcGenerationTime,rootDualBoundTime,bestSolutionTime,terminationTime,nodes,iterations,maxTime,actualTerms,numCuts,cutLimit,mipSolver,providePrimalBound,infeasibleTerms,feasibleToInfeasibleTerms,infeasibleToFeasibleTerms,termRemainsFeasibleBasisInfeasible,cutsChangedCoefficients,feasibleTermsPrunedByBound,tighten_disjunction,tighten_matrix_perturbation,tighten_infeasible_to_feasible_term,tighten_feasible_to_infeasible_basis
0,0,New,4,39794.745138,39918.291740,39913.342193,52107.121157,52144.114481,52148.000000,6.104497,6.900280,6.948924,6.952101,9,1036,3600.000000,4,119,125,GUROBI,1,0,0,0,0,0,0,0,0,0,0
1,0,Disjunction,4,31679.361717,31679.361717,31679.361717,45376.201058,46103.070023,46103.070023,0.127305,1.026128,11.364002,11.365975,672,13956,3600.000000,4,119,0,GUROBI,1,1,1,0,3,119,0,1,0,0,0
2,0,Disjunction,4,33229.433146,33255.859030,33253.742175,48228.171728,50361.615800,50366.625000,0.125435,1.255625,41.842134,41.842496,4638,132388,3600.000000,4,119,0,GUROBI,1,3,3,0,1,119,0,1,0,0,0
3,0,Disjunction,4,25277.688409,25473.619833,25331.866855,36665.064601,37538.531877,37542.243056,0.121264,1.123110,14.712661,15.971583,1917,36602,3600.000000,4,119,0,GUROBI,1,0,0,0,4,119,0,1,0,0,0
4,0,Disjunction,4,21906.220551,22114.158279,22093.392752,38347.632339,39952.503406,39956.401080,0.106702,1.050789,32.283634,39.810072,5601,168695,3600.000000,4,119,0,GUROBI,1,2,2,0,2,119,0,1,0,0,0
5,0,Disjunction,4,33732.124465,33927.880578,33907.400561,47430.924000,48261.248318,48263.562500,0.113961,0.979172,13.022542,13.105989,1586,28771,3600.000000,4,119,0,GUROBI,1,0,0,0,4,119,0,1,0,0,0
