instanceIndex,seedIndex,vpcGenerator,terms,lpBound,disjunctiveDualBound,lpBoundPostVpc,rootDualBound,dualBound,primalBound,vpcGenerationTime,rootDualBoundTime,bestSolutionTime,terminationTime,nodes,iterations,maxTime,actualTerms,numCuts,cutLimit,mipSolver,providePrimalBound,infeasibleTerms,feasibleToInfeasibleTerms,infeasibleToFeasibleTerms,termRemainsFeasibleBasisInfeasible,cutsChangedCoefficients,feasibleTermsPrunedByBound,tighten_disjunction,tighten_matrix_perturbation,tighten_infeasible_to_feasible_term,tighten_feasible_to_infeasible_basis
0,0,None,4,39794.745138,39794.745138,39794.745138,52017.616101,52147.916403,52148.000000,0.000002,0.741096,0.852725,0.852961,22,1162,3600.000000,0,0,0,GUROBI,1,0,0,0,0,0,0,0,0,0,0
1,0,None,4,37812.264966,37812.264966,37812.264966,49736.013469,49880.205885,49883.000000,0.000002,0.700471,0.911985,0.914018,41,1237,3600.000000,0,0,0,GUROBI,1,0,0,0,0,0,0,0,0,0,0
2,0,None,4,35125.612276,35125.612276,35125.612276,48320.385678,48461.000000,48461.000000,0.000002,1.016474,1.147965,1.152063,16,1499,3600.000000,0,0,0,GUROBI,1,0,0,0,0,0,0,0,0,0,0
3,0,None,4,37415.399596,37415.399596,37415.399596,50118.261848,50148.000000,50148.000000,0.000002,0.942337,0.946161,0.949409,3,1172,3600.000000,0,0,0,GUROBI,1,0,0,0,0,0,0,0,0,0,0
4,0,None,4,40313.035110,40313.035110,40313.035110,52520.171490,52640.000000,52640.000000,0.000002,0.836427,0.871045,0.879850,16,1186,3600.000000,0,0,0,GUROBI,1,0,0,0,0,0,0,0,0,0,0
5,0,None,4,40403.653195,40403.653195,40403.653195,52595.971614,52637.000000,52637.000000,0.000002,0.734990,0.798106,0.801507,15,1097,3600.000000,0,0,0,GUROBI,1,0,0,0,0,0,0,0,0,0,0
