instanceIndex,seedIndex,vpcGenerator,terms,lpBound,disjunctiveDualBound,lpBoundPostVpc,rootDualBound,dualBound,primalBound,vpcGenerationTime,rootDualBoundTime,bestSolutionTime,terminationTime,nodes,iterations,maxTime,actualTerms,numCuts,cutLimit,mipSolver,providePrimalBound,infeasibleTerms,feasibleToInfeasibleTerms,infeasibleToFeasibleTerms,termRemainsFeasibleBasisInfeasible,cutsChangedCoefficients,feasibleTermsPrunedByBound,tighten_disjunction,tighten_matrix_perturbation,tighten_infeasible_to_feasible_term,tighten_feasible_to_infeasible_basis
0,0,New,64,39794.745138,40473.153827,39929.165698,52094.180931,52147.532173,52148.000000,29.951708,30.776673,29.951708,30.835048,6,1142,3600.000000,65,68,125,GUROBI,1,49,0,0,0,0,0,0,0,0,0
1,0,Basis,64,10802.227223,10803.133521,10802.227223,21081.539093,21287.453571,21288.630424,1.826704,2.447522,2.800080,2.964288,244,2906,3600.000000,65,68,0,GUROBI,1,47,10,12,6,68,0,0,0,0,1
2,0,Basis,64,11753.469452,11901.683212,11753.469452,21067.552275,21658.721578,21660.669696,1.640871,2.502707,4.545615,4.802163,790,11931,3600.000000,65,68,0,GUROBI,1,13,3,39,13,68,0,0,0,0,1
3,0,Basis,64,17710.244785,17763.822980,17710.244785,28564.537217,29164.707485,29166.945419,1.472762,2.188999,10.113215,10.473079,750,14002,3600.000000,65,68,0,GUROBI,1,48,5,6,11,68,0,0,0,0,1
4,0,Basis,64,13290.293421,13291.298689,13290.293421,22868.197581,23381.392552,23383.419427,1.583891,2.270508,9.601190,9.601719,753,14623,3600.000000,65,68,0,GUROBI,1,50,8,7,8,68,0,0,0,0,1
