instanceIndex,seedIndex,vpcGenerator,terms,lpBound,disjunctiveDualBound,lpBoundPostVpc,rootDualBound,dualBound,primalBound,vpcGenerationTime,rootDualBoundTime,bestSolutionTime,terminationTime,nodes,iterations,maxTime,actualTerms,numCuts,cutLimit,mipSolver,providePrimalBound,infeasibleTerms,feasibleToInfeasibleTerms,infeasibleToFeasibleTerms,termRemainsFeasibleBasisInfeasible,cutsChangedCoefficients,feasibleTermsPrunedByBound,tighten_disjunction,tighten_matrix_perturbation,tighten_infeasible_to_feasible_term,tighten_feasible_to_infeasible_basis
0,0,New,4,39794.745138,39918.291740,39913.342193,52119.502280,52148.000000,52148.000000,5.498393,6.394684,6.441533,6.446838,9,1256,3600.000000,4,119,125,GUROBI,1,0,0,0,0,0,0,0,0,0,0
1,0,Disjunction,4,10802.227223,10803.133521,10802.227223,21056.062531,21288.381452,21288.630424,0.146603,0.738614,0.966715,1.063625,180,2143,3600.000000,4,119,0,GUROBI,1,1,1,0,3,119,0,1,0,0,0
2,0,Disjunction,4,11753.469452,11888.106158,11876.332522,21132.730928,21658.800418,21660.669696,0.139040,0.991831,2.587641,3.385044,771,12789,3600.000000,4,119,0,GUROBI,1,2,2,0,2,119,0,1,0,0,0
3,0,Disjunction,4,17710.244785,17710.300097,17710.244785,28570.744528,29164.683695,29166.945419,0.131442,0.852338,12.153386,12.229137,909,18915,3600.000000,4,119,0,GUROBI,1,0,0,0,4,119,0,1,0,0,0
4,0,Disjunction,4,13290.293421,13291.298689,13290.293421,22791.849393,23383.306529,23383.419427,0.138409,0.799639,1.727399,11.522899,638,12845,3600.000000,4,119,0,GUROBI,1,1,1,0,3,119,0,1,0,0,0
