instanceIndex,seedIndex,vpcGenerator,terms,lpBound,disjunctiveDualBound,lpBoundPostVpc,rootDualBound,dualBound,primalBound,vpcGenerationTime,rootDualBoundTime,bestSolutionTime,terminationTime,nodes,iterations,maxTime,actualTerms,numCuts,cutLimit,mipSolver,providePrimalBound,infeasibleTerms,feasibleToInfeasibleTerms,infeasibleToFeasibleTerms,termRemainsFeasibleBasisInfeasible,cutsChangedCoefficients,feasibleTermsPrunedByBound,tighten_disjunction,tighten_matrix_perturbation,tighten_infeasible_to_feasible_term,tighten_feasible_to_infeasible_basis
0,0,None,4,39794.745138,39794.745138,39794.745138,52056.109640,52148.000000,52148.000000,0.000001,0.799608,0.848645,0.855878,13,1119,3600.000000,0,0,0,GUROBI,1,0,0,0,0,0,0,0,0,0,0
1,0,None,4,35430.440768,35430.440768,35430.440768,48712.863545,49542.527114,49547.000000,0.000002,0.771008,1.059530,1.129072,83,1880,3600.000000,0,0,0,GUROBI,1,0,0,0,0,0,0,0,0,0,0
2,0,None,4,-32717.715585,-32717.715585,-32717.715585,-23370.457300,-7077.000000,-7077.000000,0.000003,1.165935,20.439559,22.147442,3087,88870,3600.000000,0,0,0,GUROBI,1,0,0,0,0,0,0,0,0,0,0
3,0,None,4,26943.899470,26943.899470,26943.899470,40181.113664,40285.000000,40285.000000,0.000002,0.838039,0.936239,0.945936,28,1339,3600.000000,0,0,0,GUROBI,1,0,0,0,0,0,0,0,0,0,0
4,0,None,4,-128297.933822,-128297.933822,-128297.933822,-117003.998166,-84729.360614,-84721.000000,0.000003,1.162274,771.552632,963.870303,135301,3809364,3600.000000,0,0,0,GUROBI,1,0,0,0,0,0,0,0,0,0,0
