instanceIndex,seedIndex,vpcGenerator,terms,lpBound,disjunctiveDualBound,lpBoundPostVpc,rootDualBound,dualBound,primalBound,vpcGenerationTime,rootDualBoundTime,bestSolutionTime,terminationTime,nodes,iterations,maxTime,actualTerms,numCuts,cutLimit,mipSolver,providePrimalBound,infeasibleTerms,feasibleToInfeasibleTerms,infeasibleToFeasibleTerms,termRemainsFeasibleBasisInfeasible,cutsChangedCoefficients,feasibleTermsPrunedByBound,tighten_disjunction,tighten_matrix_perturbation,tighten_infeasible_to_feasible_term,tighten_feasible_to_infeasible_basis
0,0,New,4,52000.000000,52000.000000,52000.000000,52000.000000,52200.000000,52200.000000,8.626351,8.883110,8.626351,8.894419,3,517,3600.000000,4,24,24,GUROBI,1,0,0,0,0,0,0,0,0,0,0
1,0,Farkas,4,51934.539566,51934.539566,51934.539566,51936.458658,52137.000000,52138.000000,0.131598,0.470576,0.803014,0.806811,66,604,3600.000000,4,24,0,GUROBI,1,0,0,0,0,0,0,0,0,0,0
2,0,Farkas,4,51969.629870,51969.629870,51969.629870,51971.912133,52171.000000,52173.000000,0.135958,0.532337,1.924924,2.343086,513,1884,3600.000000,4,24,0,GUROBI,1,0,0,0,0,0,0,0,0,0,0
3,0,Farkas,4,51951.319277,51951.319277,51951.319277,51953.812040,52154.000000,52156.000000,0.124823,0.489366,2.827937,2.828434,513,2626,3600.000000,4,24,0,GUROBI,1,0,0,0,0,0,0,0,0,0,0
4,0,Farkas,4,51948.469024,51948.469024,51948.469024,51951.110546,52151.044716,52154.000000,0.126775,0.489088,1.298595,1.302327,177,892,3600.000000,4,24,0,GUROBI,1,0,0,0,0,0,0,0,0,0,0
5,0,Farkas,4,51936.103175,51936.103175,51936.103175,51938.196667,52139.000000,52141.000000,0.129722,0.476321,0.956464,0.960177,89,779,3600.000000,4,24,0,GUROBI,1,0,0,0,0,0,0,0,0,0,0
