instanceIndex,seedIndex,vpcGenerator,terms,lpBound,disjunctiveDualBound,lpBoundPostVpc,rootDualBound,dualBound,primalBound,vpcGenerationTime,rootDualBoundTime,bestSolutionTime,terminationTime,nodes,iterations,maxTime,actualTerms,numCuts,cutLimit,mipSolver,providePrimalBound,infeasibleTerms,feasibleToInfeasibleTerms,infeasibleToFeasibleTerms,termRemainsFeasibleBasisInfeasible,cutsChangedCoefficients,feasibleTermsPrunedByBound,tighten_disjunction,tighten_matrix_perturbation,tighten_infeasible_to_feasible_term,tighten_feasible_to_infeasible_basis
0,0,New,64,52000.000000,52000.000000,52000.000000,52000.000000,52200.000000,52200.000000,27.853640,28.120639,29.206056,29.252376,400,1935,3600.000000,72,3,24,GUROBI,1,60,0,0,0,0,0,0,0,0,0
1,0,Term,64,44663.572985,44663.572985,44663.572985,45177.787574,45400.000000,45400.000000,2.009639,2.341185,2.009639,2.349407,1,267,3600.000000,72,3,0,GUROBI,1,60,0,0,12,3,0,0,0,1,0
2,0,Term,64,45031.909882,45031.909882,45031.909882,45774.082011,46000.000000,46000.000000,1.790754,2.042658,1.790754,2.052144,1,229,3600.000000,72,3,0,GUROBI,1,63,3,0,9,3,0,0,0,1,0
3,0,Term,64,44653.798732,44653.798732,44653.798732,45149.666742,45400.000000,45400.000000,2.165101,2.950570,2.165101,2.967145,2,878,3600.000000,72,3,0,GUROBI,1,60,0,0,10,3,0,0,0,1,0
