instanceIndex,seedIndex,vpcGenerator,terms,lpBound,disjunctiveDualBound,lpBoundPostVpc,rootDualBound,dualBound,primalBound,vpcGenerationTime,rootDualBoundTime,bestSolutionTime,terminationTime,nodes,iterations,maxTime,actualTerms,numCuts,cutLimit,mipSolver,providePrimalBound,infeasibleTerms,feasibleToInfeasibleTerms,infeasibleToFeasibleTerms,termRemainsFeasibleBasisInfeasible,cutsChangedCoefficients,feasibleTermsPrunedByBound,tighten_disjunction,tighten_matrix_perturbation,tighten_infeasible_to_feasible_term,tighten_feasible_to_infeasible_basis
0,0,New,4,52000.000000,52000.000000,52000.000000,52000.000000,52200.000000,52200.000000,8.511029,8.811474,10.342954,10.390048,587,2581,3600.000000,4,24,24,GUROBI,1,0,0,0,0,0,0,0,0,0,0
1,0,Basis,4,52200.000000,52200.000000,52200.000000,52200.000000,52400.000000,52400.000000,0.085647,0.374651,0.085647,0.381104,2,1030,3600.000000,4,24,0,GUROBI,1,0,0,0,4,0,0,0,0,0,1
2,0,Basis,4,52000.000000,52000.000000,52000.000000,52000.000000,52200.000000,52200.000000,0.107148,0.307816,0.107148,0.310489,1,839,3600.000000,4,24,0,GUROBI,1,0,0,0,0,0,0,0,0,0,1
3,0,Basis,4,52600.000000,52600.000000,52600.000000,52600.000000,52800.000000,52800.000000,0.081125,0.318897,0.081125,0.325255,2,503,3600.000000,4,24,0,GUROBI,1,0,0,0,4,0,0,0,0,0,1
