instanceIndex,seedIndex,vpcGenerator,terms,lpBound,disjunctiveDualBound,lpBoundPostVpc,rootDualBound,dualBound,primalBound,vpcGenerationTime,rootDualBoundTime,bestSolutionTime,terminationTime,nodes,iterations,maxTime,actualTerms,numCuts,cutLimit,mipSolver,providePrimalBound,infeasibleTerms,feasibleToInfeasibleTerms,infeasibleToFeasibleTerms,termRemainsFeasibleBasisInfeasible,cutsChangedCoefficients,feasibleTermsPrunedByBound,tighten_disjunction,tighten_matrix_perturbation,tighten_infeasible_to_feasible_term,tighten_feasible_to_infeasible_basis
0,0,None,4,52000.000000,52000.000000,52000.000000,52000.000000,52200.000000,52200.000000,0.000003,0.163025,0.000003,0.165897,1,668,3600.000000,0,0,0,GUROBI,1,0,0,0,0,0,0,0,0,0,0
1,0,None,4,51934.539566,51934.539566,51934.539566,51936.454459,52137.000000,52140.000000,0.000002,0.296282,1.651617,2.504988,513,2753,3600.000000,0,0,0,GUROBI,1,0,0,0,0,0,0,0,0,0,0
2,0,None,4,51969.629870,51969.629870,51969.629870,52171.728868,52172.021797,52173.000000,0.000003,0.518198,0.919444,0.923906,103,1050,3600.000000,0,0,0,GUROBI,1,0,0,0,0,0,0,0,0,0,0
3,0,None,4,51951.319277,51951.319277,51951.319277,51954.030637,52156.000000,52156.000000,0.000002,0.321202,3.052490,4.343582,791,4185,3600.000000,0,0,0,GUROBI,1,0,0,0,0,0,0,0,0,0,0
4,0,None,4,51948.469024,51948.469024,51948.469024,52151.278193,52152.000000,52153.000000,0.000003,0.536940,1.155474,1.160442,105,1101,3600.000000,0,0,0,GUROBI,1,0,0,0,0,0,0,0,0,0,0
5,0,None,4,51936.103175,51936.103175,51936.103175,52138.208163,52139.000000,52142.000000,0.000002,0.510589,1.277704,1.281960,180,1086,3600.000000,0,0,0,GUROBI,1,0,0,0,0,0,0,0,0,0,0
