instanceIndex,seedIndex,vpcGenerator,terms,lpBound,disjunctiveDualBound,lpBoundPostVpc,rootDualBound,dualBound,primalBound,vpcGenerationTime,rootDualBoundTime,bestSolutionTime,terminationTime,nodes,iterations,maxTime,actualTerms,numCuts,cutLimit,mipSolver,providePrimalBound,infeasibleTerms,feasibleToInfeasibleTerms,infeasibleToFeasibleTerms,termRemainsFeasibleBasisInfeasible,cutsChangedCoefficients,feasibleTermsPrunedByBound,tighten_disjunction,tighten_matrix_perturbation,tighten_infeasible_to_feasible_term,tighten_feasible_to_infeasible_basis
0,0,New,4,52000.000000,52000.000000,52000.000000,52000.000000,52200.000000,52200.000000,8.391381,8.615393,8.391381,8.618330,1,922,3600.000000,4,24,24,GUROBI,1,0,0,0,0,0,0,0,0,0,0
1,0,All,4,52000.000000,52000.000000,52000.000000,52000.000000,52200.000000,52200.000000,0.116878,0.304591,0.116878,0.307776,1,614,3600.000000,4,24,0,GUROBI,1,0,0,0,0,0,0,1,1,1,1
2,0,All,4,52000.000000,52000.000000,52000.000000,52000.000000,52200.000000,52200.000000,0.107025,0.317303,0.107025,0.320748,1,743,3600.000000,4,24,0,GUROBI,1,0,0,0,0,0,0,1,1,1,1
3,0,All,4,56400.000000,56400.000000,56400.000000,56400.000000,56600.000000,56600.000000,0.100613,0.401247,1.180475,1.212749,346,1858,3600.000000,4,24,0,GUROBI,1,0,0,0,4,0,0,1,1,1,1
