instanceIndex,seedIndex,vpcGenerator,terms,lpBound,disjunctiveDualBound,lpBoundPostVpc,rootDualBound,dualBound,primalBound,vpcGenerationTime,rootDualBoundTime,bestSolutionTime,terminationTime,nodes,iterations,maxTime,actualTerms,numCuts,cutLimit,mipSolver,providePrimalBound,infeasibleTerms,feasibleToInfeasibleTerms,infeasibleToFeasibleTerms,termRemainsFeasibleBasisInfeasible,cutsChangedCoefficients,feasibleTermsPrunedByBound,tighten_disjunction,tighten_matrix_perturbation,tighten_infeasible_to_feasible_term,tighten_feasible_to_infeasible_basis
0,0,New,4,52000.000000,52000.000000,52000.000000,52000.000000,52200.000000,52200.000000,8.500933,8.695726,8.500933,8.698927,1,545,3600.000000,4,24,24,GUROBI,1,0,0,0,0,0,0,0,0,0,0
1,0,Matrix,4,51934.539566,51934.539566,51934.539566,51936.458658,52137.000000,52138.000000,0.156132,0.485093,0.795831,0.799915,61,564,3600.000000,4,24,0,GUROBI,1,0,0,0,0,0,0,0,1,0,0
2,0,Matrix,4,51969.629870,51969.629870,51969.629870,51971.984467,52172.000000,52173.000000,0.157867,0.624748,2.527018,2.527471,513,3429,3600.000000,4,24,0,GUROBI,1,0,0,0,0,0,0,0,1,0,0
3,0,Matrix,4,51951.319277,51951.319277,51951.319277,51953.812040,52155.000000,52156.000000,0.146299,0.502920,3.068827,3.069318,517,2561,3600.000000,4,24,0,GUROBI,1,0,0,0,0,0,0,0,1,0,0
4,0,Matrix,4,51948.469024,51948.469024,51948.469024,51951.110546,52151.044716,52154.000000,0.152090,0.517107,1.196226,1.199899,154,899,3600.000000,4,24,0,GUROBI,1,0,0,0,0,0,0,0,1,0,0
5,0,Matrix,4,51936.103175,51936.103175,51936.103175,51938.303571,52140.000000,52142.000000,0.164432,0.572836,4.527156,4.527594,774,5785,3600.000000,4,24,0,GUROBI,1,0,0,0,0,0,0,0,1,0,0
