instanceIndex,seedIndex,vpcGenerator,terms,lpBound,disjunctiveDualBound,lpBoundPostVpc,rootDualBound,dualBound,primalBound,vpcGenerationTime,rootDualBoundTime,bestSolutionTime,terminationTime,nodes,iterations,maxTime,actualTerms,numCuts,cutLimit,mipSolver,providePrimalBound,infeasibleTerms,feasibleToInfeasibleTerms,infeasibleToFeasibleTerms,termRemainsFeasibleBasisInfeasible,cutsChangedCoefficients,feasibleTermsPrunedByBound,tighten_disjunction,tighten_matrix_perturbation,tighten_infeasible_to_feasible_term,tighten_feasible_to_infeasible_basis
0,0,New,4,52000.000000,52000.000000,52000.000000,52000.000000,52200.000000,52200.000000,8.385323,8.703387,10.387128,10.434260,644,2704,3600.000000,4,24,24,GUROBI,1,0,0,0,0,0,0,0,0,0,0
1,0,Farkas,4,52000.000000,52000.000000,52000.000000,52000.000000,52200.000000,52200.000000,0.080437,0.292737,0.080437,0.297014,1,1220,3600.000000,4,24,0,GUROBI,1,0,0,0,0,0,0,0,0,0,0
2,0,Farkas,4,52000.000000,52000.000000,52000.000000,52000.000000,52200.000000,52200.000000,0.089255,0.350111,2.209768,2.257006,718,2037,3600.000000,4,24,0,GUROBI,1,0,0,0,0,0,0,0,0,0,0
3,0,Farkas,4,56400.000000,56400.000000,56400.000000,56400.000000,56600.000000,56600.000000,0.089721,0.396158,1.223821,1.255027,374,2389,3600.000000,4,24,0,GUROBI,1,0,0,0,4,0,0,0,0,0,0
