instanceIndex,seedIndex,vpcGenerator,terms,lpBound,disjunctiveDualBound,lpBoundPostVpc,rootDualBound,dualBound,primalBound,vpcGenerationTime,rootDualBoundTime,bestSolutionTime,terminationTime,nodes,iterations,maxTime,actualTerms,numCuts,cutLimit,mipSolver,providePrimalBound,infeasibleTerms,feasibleToInfeasibleTerms,infeasibleToFeasibleTerms,termRemainsFeasibleBasisInfeasible,cutsChangedCoefficients,feasibleTermsPrunedByBound,tighten_disjunction,tighten_matrix_perturbation,tighten_infeasible_to_feasible_term,tighten_feasible_to_infeasible_basis
0,0,New,64,52000.000000,52000.000000,52000.000000,52000.000000,52200.000000,52200.000000,27.931536,28.088531,27.931536,28.093246,1,891,3600.000000,72,3,24,GUROBI,1,60,0,0,0,0,0,0,0,0,0
1,0,Farkas,64,52200.000000,52200.000000,52200.000000,52200.000000,52400.000000,52400.000000,0.972745,1.196489,0.972745,1.204537,2,802,3600.000000,72,3,0,GUROBI,1,60,0,0,12,0,0,0,0,0,0
2,0,Farkas,64,52000.000000,52000.000000,52000.000000,52000.000000,52200.000000,52200.000000,0.914766,1.272999,2.434835,2.693433,514,3388,3600.000000,72,3,0,GUROBI,1,60,0,0,0,0,0,0,0,0,0
3,0,Farkas,64,52600.000000,52600.000000,52600.000000,52600.000000,52800.000000,52800.000000,0.938348,1.057805,0.938348,1.060943,1,558,3600.000000,72,3,0,GUROBI,1,60,0,0,12,0,0,0,0,0,0
