instanceIndex,seedIndex,vpcGenerator,terms,lpBound,disjunctiveDualBound,lpBoundPostVpc,rootDualBound,dualBound,primalBound,vpcGenerationTime,rootDualBoundTime,bestSolutionTime,terminationTime,nodes,iterations,maxTime,actualTerms,numCuts,cutLimit,mipSolver,providePrimalBound,infeasibleTerms,feasibleToInfeasibleTerms,infeasibleToFeasibleTerms,termRemainsFeasibleBasisInfeasible,cutsChangedCoefficients,feasibleTermsPrunedByBound,tighten_disjunction,tighten_matrix_perturbation,tighten_infeasible_to_feasible_term,tighten_feasible_to_infeasible_basis
0,0,New,64,52000.000000,52000.000000,52000.000000,52000.000000,52200.000000,52200.000000,27.313781,27.566753,29.028412,29.073631,555,2455,3600.000000,72,3,24,GUROBI,1,60,0,0,0,0,0,0,0,0,0
1,0,Matrix,64,51783.550000,51783.550000,51783.550000,51988.478115,51991.000000,51993.000000,1.845197,2.353371,8.012160,8.012778,717,9229,3600.000000,72,3,0,GUROBI,1,60,0,0,0,0,0,0,1,0,0
2,0,Matrix,64,51822.587500,51822.754167,51822.587500,52026.484128,52027.000000,52028.000000,1.838188,2.257437,2.873203,2.878302,118,882,3600.000000,72,3,0,GUROBI,1,60,0,0,0,0,0,0,1,0,0
3,0,Matrix,64,51864.803083,51864.803083,51864.803083,51867.550535,52069.000000,52069.000000,1.843406,2.163334,3.903853,4.966083,524,3028,3600.000000,72,3,0,GUROBI,1,60,0,0,0,0,0,0,1,0,0
