instanceIndex,seedIndex,vpcGenerator,terms,lpBound,disjunctiveDualBound,lpBoundPostVpc,rootDualBound,dualBound,primalBound,vpcGenerationTime,rootDualBoundTime,bestSolutionTime,terminationTime,nodes,iterations,maxTime,actualTerms,numCuts,cutLimit,mipSolver,providePrimalBound,infeasibleTerms,feasibleToInfeasibleTerms,infeasibleToFeasibleTerms,termRemainsFeasibleBasisInfeasible,cutsChangedCoefficients,feasibleTermsPrunedByBound,tighten_disjunction,tighten_matrix_perturbation,tighten_infeasible_to_feasible_term,tighten_feasible_to_infeasible_basis
0,0,New,4,52000.000000,52000.000000,52000.000000,52000.000000,52200.000000,52200.000000,8.274088,8.525011,10.226125,10.274396,629,1896,3600.000000,4,24,24,GUROBI,1,0,0,0,0,0,0,0,0,0,0
1,0,Matrix,4,52200.000000,52200.000000,52200.000000,52200.000000,52400.000000,52400.000000,0.085171,0.305506,0.085171,0.308371,1,1514,3600.000000,4,24,0,GUROBI,1,0,0,0,4,0,0,0,1,0,0
2,0,Matrix,4,52000.000000,52000.000000,52000.000000,52000.000000,52200.000000,52200.000000,0.106082,0.351105,0.356563,0.357707,2,699,3600.000000,4,24,0,GUROBI,1,0,0,0,0,0,0,0,1,0,0
3,0,Matrix,4,52600.000000,52600.000000,52600.000000,52600.000000,52800.000000,52800.000000,0.082464,0.376175,1.631008,1.676037,485,2185,3600.000000,4,24,0,GUROBI,1,0,0,0,4,0,0,0,1,0,0
