instanceIndex,seedIndex,vpcGenerator,terms,lpBound,disjunctiveDualBound,lpBoundPostVpc,rootDualBound,dualBound,primalBound,vpcGenerationTime,rootDualBoundTime,bestSolutionTime,terminationTime,nodes,iterations,maxTime,actualTerms,numCuts,cutLimit,mipSolver,providePrimalBound,infeasibleTerms,feasibleToInfeasibleTerms,infeasibleToFeasibleTerms,termRemainsFeasibleBasisInfeasible,cutsChangedCoefficients,feasibleTermsPrunedByBound,tighten_disjunction,tighten_matrix_perturbation,tighten_infeasible_to_feasible_term,tighten_feasible_to_infeasible_basis
0,0,New,4,52000.000000,52000.000000,52000.000000,52000.000000,52200.000000,52200.000000,8.699903,9.009181,10.674587,10.719877,629,2366,3600.000000,4,24,24,GUROBI,1,0,0,0,0,0,0,0,0,0,0
1,0,New,4,51783.550000,51784.050000,51783.816667,51988.179529,51989.000000,51991.000000,7.665928,8.132194,9.119647,9.122102,212,2090,3600.000000,4,23,23,GUROBI,1,0,0,0,0,0,0,0,0,0,0
2,0,New,4,51822.587500,51823.429167,51822.978690,52026.484128,52027.000000,52028.000000,6.033323,6.463226,7.203929,7.208580,156,929,3600.000000,4,19,19,GUROBI,1,0,0,0,0,0,0,0,0,0,0
3,0,New,4,51864.803083,51865.336966,51865.336966,51867.576744,52069.000000,52069.000000,8.281392,8.620274,9.902214,11.176880,522,2677,3600.000000,4,24,24,GUROBI,1,0,0,0,0,0,0,0,0,0,0
