instanceIndex,seedIndex,vpcGenerator,terms,lpBound,disjunctiveDualBound,lpBoundPostVpc,rootDualBound,dualBound,primalBound,vpcGenerationTime,rootDualBoundTime,bestSolutionTime,terminationTime,nodes,iterations,maxTime,actualTerms,numCuts,cutLimit,mipSolver,providePrimalBound,infeasibleTerms,feasibleToInfeasibleTerms,infeasibleToFeasibleTerms,termRemainsFeasibleBasisInfeasible,cutsChangedCoefficients,feasibleTermsPrunedByBound,tighten_disjunction,tighten_matrix_perturbation,tighten_infeasible_to_feasible_term,tighten_feasible_to_infeasible_basis
0,0,None,64,52000.000000,52000.000000,52000.000000,52000.000000,52200.000000,52200.000000,0.000002,0.203487,0.000002,0.207249,1,900,3600.000000,0,0,0,GUROBI,1,0,0,0,0,0,0,0,0,0,0
1,0,None,64,51934.539566,51934.539566,51934.539566,51936.506592,52138.000000,52139.000000,0.000002,0.298279,4.161339,4.164157,708,5980,3600.000000,0,0,0,GUROBI,1,0,0,0,0,0,0,0,0,0,0
2,0,None,64,51969.629870,51969.629870,51969.629870,52171.699988,52172.000000,52173.000000,0.000003,0.538036,0.993974,0.994400,121,1344,3600.000000,0,0,0,GUROBI,1,0,0,0,0,0,0,0,0,0,0
3,0,None,64,51951.319277,51951.319277,51951.319277,51953.803347,52155.050000,52156.000000,0.000002,0.318410,3.808163,3.808597,649,4632,3600.000000,0,0,0,GUROBI,1,0,0,0,0,0,0,0,0,0,0
4,0,None,64,51948.469024,51948.469024,51948.469024,52151.295202,52152.000000,52155.000000,0.000002,0.535465,1.299371,1.303614,148,1456,3600.000000,0,0,0,GUROBI,1,0,0,0,0,0,0,0,0,0,0
5,0,None,64,51936.103175,51936.103175,51936.103175,51938.303571,52139.000000,52141.000000,0.000002,0.356042,2.201980,2.453842,513,2981,3600.000000,0,0,0,GUROBI,1,0,0,0,0,0,0,0,0,0,0
