instanceIndex,seedIndex,vpcGenerator,terms,lpBound,disjunctiveDualBound,lpBoundPostVpc,rootDualBound,dualBound,primalBound,vpcGenerationTime,rootDualBoundTime,bestSolutionTime,terminationTime,nodes,iterations,maxTime,actualTerms,numCuts,cutLimit,mipSolver,providePrimalBound,infeasibleTerms,feasibleToInfeasibleTerms,infeasibleToFeasibleTerms,termRemainsFeasibleBasisInfeasible,cutsChangedCoefficients,feasibleTermsPrunedByBound,tighten_disjunction,tighten_matrix_perturbation,tighten_infeasible_to_feasible_term,tighten_feasible_to_infeasible_basis
0,0,New,4,52000.000000,52000.000000,52000.000000,52000.000000,52200.000000,52200.000000,8.285774,8.562261,8.285774,8.565271,1,1261,3600.000000,4,24,24,GUROBI,1,0,0,0,0,0,0,0,0,0,0
1,0,All,4,50600.000000,50600.000000,50600.000000,50800.000000,50800.000000,50800.000000,2.592184,2.716253,2.592184,2.766299,1,376,3600.000000,4,24,0,GUROBI,1,0,0,0,0,24,0,1,1,1,1
2,0,All,4,51050.000000,51050.000000,51050.000000,51200.000000,51200.000000,51200.000000,2.801369,2.801369,2.801369,2.895932,1,404,3600.000000,4,24,0,GUROBI,1,0,0,0,0,24,0,1,1,1,1
3,0,All,4,50784.000000,50784.000000,50784.000000,50800.000000,50800.000000,50800.000000,2.907135,2.907135,2.907135,2.999287,1,668,3600.000000,4,24,0,GUROBI,1,0,0,0,0,24,0,1,1,1,1
4,0,All,4,50711.313131,50711.313131,50711.313131,51000.000000,51200.000000,51200.000000,2.907341,3.268353,5.049503,5.050024,543,3517,3600.000000,4,24,0,GUROBI,1,0,0,0,1,24,0,1,1,1,1
5,0,All,4,50760.317460,50760.317460,50760.317460,50947.619048,51200.000000,51200.000000,2.911722,3.331592,2.911722,3.333509,1,762,3600.000000,4,24,0,GUROBI,1,0,0,0,2,24,0,1,1,1,1
