instanceIndex,seedIndex,vpcGenerator,terms,lpBound,disjunctiveDualBound,lpBoundPostVpc,rootDualBound,dualBound,primalBound,vpcGenerationTime,rootDualBoundTime,bestSolutionTime,terminationTime,nodes,iterations,maxTime,actualTerms,numCuts,cutLimit,mipSolver,providePrimalBound,infeasibleTerms,feasibleToInfeasibleTerms,infeasibleToFeasibleTerms,termRemainsFeasibleBasisInfeasible,cutsChangedCoefficients,feasibleTermsPrunedByBound,tighten_disjunction,tighten_matrix_perturbation,tighten_infeasible_to_feasible_term,tighten_feasible_to_infeasible_basis
0,0,New,4,3801.470588,4248.529412,4126.476355,7603.950967,8105.000000,8105.000000,1.863995,3.773393,38.150469,44.331897,846,75685,3600.000000,4,11,35,GUROBI,1,0,0,0,0,0,0,0,0,0,0
1,0,Term,4,-5439448.372549,-5439174.588235,-5439448.372549,-5437990.768463,-5437967.724445,-5437784.000000,0.097812,1.030030,1.324085,1.328544,13,1553,3600.000000,4,11,0,GUROBI,1,0,0,0,0,0,0,0,0,1,0
2,0,Term,4,-9018161.333333,-9018161.333333,-9018161.333333,-9016459.883076,-9016421.575042,-9015920.000000,0.105474,0.584556,0.885116,0.887697,31,2227,3600.000000,4,11,0,GUROBI,1,0,0,0,0,0,0,0,0,1,0
3,0,Term,4,-3441355.745098,-3440924.274510,-3441127.098039,-3438963.587848,-3438741.828177,-3438460.000000,0.101871,1.131442,21.113973,21.117122,2648,57686,3600.000000,4,11,0,GUROBI,1,0,0,0,0,0,0,0,0,1,0
4,0,Term,4,-15340834.229602,-15340606.996837,-15340820.857053,-15339602.859389,-15339593.874402,-15339468.000000,0.118710,0.616181,0.709406,0.712224,16,1320,3600.000000,4,11,0,GUROBI,1,0,0,0,0,0,0,0,0,1,0
5,0,Term,4,-2931831.509804,-2931390.274510,-2931831.509804,-2930353.946756,-2930298.027527,-2930236.000000,0.090767,0.673214,0.838537,0.841309,17,1959,3600.000000,4,11,0,GUROBI,1,0,0,0,0,0,0,0,0,1,0
