instanceIndex,seedIndex,vpcGenerator,terms,lpBound,disjunctiveDualBound,lpBoundPostVpc,rootDualBound,dualBound,primalBound,vpcGenerationTime,rootDualBoundTime,bestSolutionTime,terminationTime,nodes,iterations,maxTime,actualTerms,numCuts,cutLimit,mipSolver,providePrimalBound,infeasibleTerms,feasibleToInfeasibleTerms,infeasibleToFeasibleTerms,termRemainsFeasibleBasisInfeasible,cutsChangedCoefficients,feasibleTermsPrunedByBound,tighten_disjunction,tighten_matrix_perturbation,tighten_infeasible_to_feasible_term,tighten_feasible_to_infeasible_basis
0,0,New,4,3801.470588,4248.529412,4126.476355,7665.196668,8105.000000,8105.000000,1.872926,4.327732,41.919916,41.920286,735,63129,3600.000000,4,11,35,GUROBI,1,0,0,0,0,0,0,0,0,0,0
1,0,Disjunction,4,-5439448.372549,-5439174.588235,-5439448.372549,-5437982.061759,-5437956.025235,-5437784.000000,0.100695,1.238877,1.457633,1.467292,14,1627,3600.000000,4,11,0,GUROBI,1,0,0,0,0,0,0,1,0,0,0
2,0,Disjunction,4,-9018161.333333,-9018161.333333,-9018161.333333,-9016360.482084,-9016324.493403,-9015850.000000,0.106711,1.184610,1.846683,1.849193,30,2468,3600.000000,4,11,0,GUROBI,1,0,0,0,0,0,0,1,0,0,0
3,0,Disjunction,4,-3441355.745098,-3440924.274510,-3441127.098039,-3439008.991553,-3438797.665589,-3438597.000000,0.100981,1.389121,11.548413,11.557835,624,21865,3600.000000,4,11,0,GUROBI,1,0,0,0,0,0,0,1,0,0,0
4,0,Disjunction,4,-15340834.229602,-15340606.996837,-15340820.857053,-15339600.097301,-15339584.229258,-15339468.000000,0.117338,0.588897,0.725412,0.738906,16,1390,3600.000000,4,11,0,GUROBI,1,0,0,0,0,0,0,1,0,0,0
5,0,Disjunction,4,-2931831.509804,-2931390.274510,-2931831.509804,-2930381.662562,-2930363.419248,-2930236.000000,0.090636,0.718815,0.953234,0.955946,14,1778,3600.000000,4,11,0,GUROBI,1,0,0,0,0,0,0,1,0,0,0
