instanceIndex,seedIndex,vpcGenerator,terms,lpBound,disjunctiveDualBound,lpBoundPostVpc,rootDualBound,dualBound,primalBound,vpcGenerationTime,rootDualBoundTime,bestSolutionTime,terminationTime,nodes,iterations,maxTime,actualTerms,numCuts,cutLimit,mipSolver,providePrimalBound,infeasibleTerms,feasibleToInfeasibleTerms,infeasibleToFeasibleTerms,termRemainsFeasibleBasisInfeasible,cutsChangedCoefficients,feasibleTermsPrunedByBound,tighten_disjunction,tighten_matrix_perturbation,tighten_infeasible_to_feasible_term,tighten_feasible_to_infeasible_basis
0,0,New,4,12462.941176,12786.470588,12501.875817,15046.244413,15426.000000,15426.000000,3.925544,5.493636,25.805180,30.505575,925,78973,3600.000000,4,13,30,GUROBI,1,0,0,0,0,0,0,0,0,0,0
1,0,Basis,4,13745.156457,14057.545755,13745.156457,15602.835797,17201.662110,17203.159708,0.579938,2.415504,256.896382,685.065994,20883,2180422,3600.000000,4,13,0,GUROBI,1,0,0,0,4,13,0,0,0,0,1
2,0,Basis,4,14561.270860,14785.994547,14561.270860,16424.762781,18138.391302,18140.165779,0.454484,2.282874,821.946855,831.180448,26043,2712567,3600.000000,4,13,0,GUROBI,1,0,0,0,4,13,0,0,0,0,1
3,0,Basis,4,13991.882893,14124.219467,13991.882893,15951.207551,18014.946332,18016.680962,0.536915,2.067304,2337.162404,2443.886664,83128,8254728,3600.000000,4,13,0,GUROBI,1,0,0,0,4,13,0,0,0,0,1
4,0,Basis,4,13531.453655,13611.413047,13531.453655,15366.108723,16912.014421,16913.658862,0.544241,1.945490,804.929404,806.146717,34265,3283624,3600.000000,4,13,0,GUROBI,1,0,0,0,4,13,0,0,0,0,1
5,0,Basis,4,14008.113224,14070.328066,14008.113224,15935.953214,17829.190742,18206.724641,0.522097,1.988719,1477.494139,3600.525107,87314,10240481,3600.000000,4,13,0,GUROBI,1,0,0,0,4,13,0,0,0,0,1
