instanceIndex,seedIndex,vpcGenerator,terms,lpBound,disjunctiveDualBound,lpBoundPostVpc,rootDualBound,dualBound,primalBound,vpcGenerationTime,rootDualBoundTime,bestSolutionTime,terminationTime,nodes,iterations,maxTime,actualTerms,numCuts,cutLimit,mipSolver,providePrimalBound,infeasibleTerms,feasibleToInfeasibleTerms,infeasibleToFeasibleTerms,termRemainsFeasibleBasisInfeasible,cutsChangedCoefficients,feasibleTermsPrunedByBound,tighten_disjunction,tighten_matrix_perturbation,tighten_infeasible_to_feasible_term,tighten_feasible_to_infeasible_basis
0,0,New,64,96.310297,98.212500,97.929948,103.628391,107.000000,107.000000,7.640019,7.834678,8.181773,8.181888,453,5402,3600.000000,64,3,30,GUROBI,1,15,0,0,0,0,0,0,0,0,0
1,0,NoDisjunction,64,97.074375,98.927500,98.054313,106.091714,108.000000,108.000000,0.176859,0.363264,0.398722,0.495249,184,2749,3600.000000,64,3,0,GUROBI,1,15,0,0,0,0,0,0,1,1,1
2,0,NoDisjunction,64,-755.613225,-753.694600,-754.734292,-748.378777,-745.000000,-745.000000,0.215169,0.390022,0.523993,0.562721,286,2832,3600.000000,64,3,0,GUROBI,1,15,0,0,0,0,0,0,1,1,1
3,0,NoDisjunction,64,96.439752,98.212500,97.930515,103.784714,107.000000,107.000000,0.187651,0.351542,0.971689,0.971826,527,5115,3600.000000,64,3,0,GUROBI,1,15,0,0,0,0,0,0,1,1,1
4,0,NoDisjunction,64,97.321875,99.225000,98.413751,106.154707,110.000000,110.000000,0.175592,0.310689,0.491605,0.920077,526,6099,3600.000000,64,3,0,GUROBI,1,15,0,0,0,0,0,0,1,1,1
5,0,NoDisjunction,64,96.310297,98.212500,97.929948,103.628391,107.000000,107.000000,0.129003,0.322400,0.659009,0.659133,462,5152,3600.000000,64,3,0,GUROBI,1,15,0,0,0,0,0,0,1,1,1
6,0,NoDisjunction,64,96.254078,98.212500,97.274713,103.299060,107.000000,107.000000,0.171452,0.334342,0.693964,0.694089,463,5303,3600.000000,64,3,0,GUROBI,1,15,0,0,0,0,0,0,1,1,1
7,0,NoDisjunction,64,-1008.689703,-1006.787500,-1007.070052,-1001.301577,-998.000000,-998.000000,0.205917,0.380122,1.387280,1.390914,647,7472,3600.000000,64,3,0,GUROBI,1,15,0,0,0,0,0,0,1,1,1
