instanceIndex,seedIndex,vpcGenerator,terms,lpBound,disjunctiveDualBound,lpBoundPostVpc,rootDualBound,dualBound,primalBound,vpcGenerationTime,rootDualBoundTime,bestSolutionTime,terminationTime,nodes,iterations,maxTime,actualTerms,numCuts,cutLimit,mipSolver,providePrimalBound,infeasibleTerms,feasibleToInfeasibleTerms,infeasibleToFeasibleTerms,termRemainsFeasibleBasisInfeasible,cutsChangedCoefficients,feasibleTermsPrunedByBound,tighten_disjunction,tighten_matrix_perturbation,tighten_infeasible_to_feasible_term,tighten_feasible_to_infeasible_basis
0,0,New,64,-17360.166667,-17082.250000,-17260.355758,-17041.780105,-17041.000000,-17041.000000,41.888505,42.472546,42.475742,42.477565,1,1943,3600.000000,112,21,175,GUROBI,1,0,0,0,0,0,0,0,0,0,0
1,0,Matrix,64,-17353.000000,-17076.250000,-17254.463464,-17036.492857,-17033.000000,-17033.000000,1.018970,1.522800,1.528353,1.528583,1,1767,3600.000000,112,21,0,GUROBI,1,0,0,0,0,0,0,0,1,0,0
10,0,Matrix,64,-17356.500000,-17078.500000,-17257.439092,-17036.200000,-17036.000000,-17036.000000,1.004665,1.531702,1.536241,1.536508,1,2051,3600.000000,112,21,0,GUROBI,1,0,0,0,0,0,0,0,1,0,0
2,0,Matrix,64,-17364.500000,-17085.500000,-17264.439092,-17046.175724,-17045.000000,-17045.000000,0.918064,1.466777,1.469891,1.472035,1,1898,3600.000000,112,21,0,GUROBI,1,0,0,0,0,0,0,0,1,0,0
3,0,Matrix,64,-17348.333333,-17072.000000,-17248.522425,-17032.714286,-17032.000000,-17032.000000,0.975052,1.406965,1.409940,1.411664,1,1884,3600.000000,112,21,0,GUROBI,1,0,0,0,0,0,0,0,1,0,0
