instanceIndex,seedIndex,vpcGenerator,terms,lpBound,disjunctiveDualBound,lpBoundPostVpc,rootDualBound,dualBound,primalBound,vpcGenerationTime,rootDualBoundTime,bestSolutionTime,terminationTime,nodes,iterations,maxTime,actualTerms,numCuts,cutLimit,mipSolver,providePrimalBound,infeasibleTerms,feasibleToInfeasibleTerms,infeasibleToFeasibleTerms,termRemainsFeasibleBasisInfeasible,cutsChangedCoefficients,feasibleTermsPrunedByBound,tighten_disjunction,tighten_matrix_perturbation,tighten_infeasible_to_feasible_term,tighten_feasible_to_infeasible_basis
0,0,New,4,103.403157,104.425461,103.637052,114.625549,119.000000,119.000000,0.930736,1.106787,2.375097,2.379354,605,8947,3600.000000,4,13,28,GUROBI,1,0,0,0,0,0,0,0,0,0,0
1,0,Farkas,4,105.907446,107.019358,106.055077,118.213454,123.000000,123.000000,0.014044,0.209154,1.194078,1.220121,647,10296,3600.000000,4,13,0,GUROBI,1,0,0,0,0,0,0,0,0,0,0
2,0,Farkas,4,103.403157,104.425461,103.637052,114.625549,119.000000,119.000000,0.008722,0.192711,1.407977,1.512049,628,9529,3600.000000,4,13,0,GUROBI,1,0,0,0,0,0,0,0,0,0,0
3,0,Farkas,4,-677.019963,-676.217500,-676.969620,-665.736656,-660.000000,-660.000000,0.015182,0.207133,1.243591,1.245903,625,9577,3600.000000,4,13,0,GUROBI,1,0,0,0,0,0,0,0,0,0,0
4,0,Farkas,4,103.970179,105.180000,104.254583,114.921125,119.000000,119.000000,0.012508,0.244547,1.453548,1.459200,575,9093,3600.000000,4,13,0,GUROBI,1,0,0,0,0,0,0,0,0,0,0
5,0,Farkas,4,103.403157,104.450855,103.638043,114.914120,119.000000,119.000000,0.009882,0.190729,0.675015,0.675131,613,7652,3600.000000,4,13,0,GUROBI,1,0,0,0,0,0,0,0,0,0,0
6,0,Farkas,4,-646.091588,-644.746405,-645.740415,-633.433171,-630.000000,-630.000000,0.012403,0.226225,0.449280,0.674835,513,7540,3600.000000,4,13,0,GUROBI,1,0,0,0,0,0,0,0,0,0,0
7,0,Farkas,4,103.403157,104.425461,103.637052,115.362795,119.000000,119.000000,0.010264,0.193244,0.748598,0.748711,598,9108,3600.000000,4,13,0,GUROBI,1,0,0,0,0,0,0,0,0,0,0
8,0,Farkas,4,103.403157,104.440000,103.637052,114.721929,120.000000,120.000000,0.012136,0.162649,1.362673,1.418449,1299,17968,3600.000000,4,13,0,GUROBI,1,0,0,0,0,0,0,0,0,0,0
