instanceIndex,seedIndex,vpcGenerator,terms,lpBound,disjunctiveDualBound,lpBoundPostVpc,rootDualBound,dualBound,primalBound,vpcGenerationTime,rootDualBoundTime,bestSolutionTime,terminationTime,nodes,iterations,maxTime,actualTerms,numCuts,cutLimit,mipSolver,providePrimalBound,infeasibleTerms,feasibleToInfeasibleTerms,infeasibleToFeasibleTerms,termRemainsFeasibleBasisInfeasible,cutsChangedCoefficients,feasibleTermsPrunedByBound,tighten_disjunction,tighten_matrix_perturbation,tighten_infeasible_to_feasible_term,tighten_feasible_to_infeasible_basis
0,0,New,64,954341.026667,954591.152725,954433.769778,968851.671520,987719.311680,988585.620000,608.966718,617.286424,2022.153767,4208.969602,683570,9466826,3600.000000,64,152,152,GUROBI,1,0,0,0,0,0,0,0,0,0,0
1,0,All,64,616113.652948,616345.958504,616113.652948,698791.595108,700375.756389,700424.860000,5.279941,5.761304,6.046073,6.764667,517,4152,3600.000000,64,152,0,GUROBI,1,22,22,0,42,152,0,1,1,1,1
2,0,All,64,743582.480076,743760.134122,743582.480076,785608.143937,793417.251115,793495.860000,4.741111,5.550688,10.003090,10.311258,825,12514,3600.000000,64,152,0,GUROBI,1,0,0,0,64,152,0,1,1,1,1
3,0,All,64,694447.231167,694507.500265,694447.231167,761701.210762,761869.424156,761879.735000,5.282707,6.179438,6.202851,6.216249,14,2016,3600.000000,64,152,0,GUROBI,1,0,0,0,64,152,0,1,1,1,1
4,0,All,64,750384.699120,750522.338763,750384.699120,812810.749984,814858.400809,814937.240000,4.964288,5.631937,10.457577,10.562362,1077,14355,3600.000000,64,152,0,GUROBI,1,0,0,0,64,152,0,1,1,1,1
