instanceIndex,seedIndex,vpcGenerator,terms,lpBound,disjunctiveDualBound,lpBoundPostVpc,rootDualBound,dualBound,primalBound,vpcGenerationTime,rootDualBoundTime,bestSolutionTime,terminationTime,nodes,iterations,maxTime,actualTerms,numCuts,cutLimit,mipSolver,providePrimalBound,infeasibleTerms,feasibleToInfeasibleTerms,infeasibleToFeasibleTerms,termRemainsFeasibleBasisInfeasible,cutsChangedCoefficients,feasibleTermsPrunedByBound,tighten_disjunction,tighten_matrix_perturbation,tighten_infeasible_to_feasible_term,tighten_feasible_to_infeasible_basis
0,0,New,4,2035.362225,2140.949539,2136.459599,2681.590245,3201.000000,3201.000000,21.367187,25.084480,91.947774,91.948351,1630,193758,3600.000000,4,12,97,GUROBI,1,2,0,0,0,0,0,0,0,0,0
1,0,Term,4,2024.456996,2126.916181,2126.319818,2701.951946,3201.000000,3201.000000,0.735447,5.280121,45.545352,47.388503,1001,112393,3600.000000,4,12,0,GUROBI,1,2,0,0,2,11,0,0,0,1,0
2,0,Term,4,2035.362225,2140.949539,2136.459599,2684.078072,3201.000000,3201.000000,0.148096,4.489024,14.818334,21.469919,615,71366,3600.000000,4,12,0,GUROBI,1,2,0,0,0,11,0,0,0,1,0
3,0,Term,4,1936.403460,1993.229352,1959.694313,2351.014786,3201.000000,3201.000000,1.079158,6.803695,58.543449,58.544025,1261,182382,3600.000000,4,12,0,GUROBI,1,2,0,0,2,11,0,0,0,1,0
4,0,Term,4,2463.525638,2581.402989,2557.630573,3514.231747,4329.000000,4329.000000,1.017490,6.060962,9.628357,10.644165,230,24384,3600.000000,4,12,0,GUROBI,1,2,0,0,2,11,0,0,0,1,0
