instanceIndex,seedIndex,vpcGenerator,terms,lpBound,disjunctiveDualBound,lpBoundPostVpc,rootDualBound,dualBound,primalBound,vpcGenerationTime,rootDualBoundTime,bestSolutionTime,terminationTime,nodes,iterations,maxTime,actualTerms,numCuts,cutLimit,mipSolver,providePrimalBound,infeasibleTerms,feasibleToInfeasibleTerms,infeasibleToFeasibleTerms,termRemainsFeasibleBasisInfeasible,cutsChangedCoefficients,feasibleTermsPrunedByBound,tighten_disjunction,tighten_matrix_perturbation,tighten_infeasible_to_feasible_term,tighten_feasible_to_infeasible_basis
0,0,New,4,96.310297,97.001250,96.569119,104.069061,107.000000,107.000000,0.425068,1.073361,1.813655,1.813782,348,4570,3600.000000,4,2,30,GUROBI,1,0,0,0,0,0,0,0,0,0,0
1,0,Basis,4,-35.060000,-34.533750,-34.567500,-29.195777,-25.000000,-25.000000,0.010988,0.200324,1.980616,1.980752,864,10908,3600.000000,4,2,0,GUROBI,1,0,0,0,0,0,0,0,0,0,1
2,0,Basis,4,-190.338469,-189.578128,-189.976959,-183.231923,-179.750000,-179.750000,0.012473,0.243793,0.481403,0.795669,343,3864,3600.000000,4,2,0,GUROBI,1,0,0,0,0,0,0,0,0,0,1
3,0,Basis,4,-186.895626,-186.308890,-186.785490,-178.143544,-174.000000,-174.000000,0.011942,0.301819,0.817353,1.361882,727,6752,3600.000000,4,2,0,GUROBI,1,0,0,0,0,0,0,0,0,0,1
4,0,Basis,4,-192.308521,-191.924048,-192.308521,-184.717402,-182.250000,-182.250000,0.014716,0.361790,0.870893,0.952493,398,4579,3600.000000,4,2,0,GUROBI,1,0,0,0,0,0,0,0,0,0,1
