instanceIndex,seedIndex,vpcGenerator,terms,lpBound,disjunctiveDualBound,lpBoundPostVpc,rootDualBound,dualBound,primalBound,vpcGenerationTime,rootDualBoundTime,bestSolutionTime,terminationTime,nodes,iterations,maxTime,actualTerms,numCuts,cutLimit,mipSolver,providePrimalBound,infeasibleTerms,feasibleToInfeasibleTerms,infeasibleToFeasibleTerms,termRemainsFeasibleBasisInfeasible,cutsChangedCoefficients,feasibleTermsPrunedByBound,tighten_disjunction,tighten_matrix_perturbation,tighten_infeasible_to_feasible_term,tighten_feasible_to_infeasible_basis
0,0,New,64,8877.000000,9066.285714,9061.492126,10500.571429,14392.000000,14393.000000,3.732618,3.995029,15.043478,3234.377520,4290802,27938696,3600.000000,82,24,24,GUROBI,1,69,0,0,0,0,0,0,0,0,0
1,0,Matrix,64,8877.000000,9066.285714,9061.159524,10158.666667,11728.000000,11729.000000,0.587072,0.784927,8.916355,12.116030,11837,78073,3600.000000,82,24,0,GUROBI,1,69,0,0,2,24,0,0,1,0,0
2,0,Matrix,64,8818.883888,9035.571429,8901.125836,10139.400000,10883.000000,10883.000000,0.621771,0.802674,1.310479,1.544478,955,6238,3600.000000,82,24,0,GUROBI,1,70,1,0,10,24,0,0,1,0,0
3,0,Matrix,64,8911.139839,9102.367652,8911.139839,10598.166667,11349.000000,11349.000000,0.242207,0.407109,2.563320,2.563431,1574,11158,3600.000000,82,24,0,GUROBI,1,68,1,2,12,24,0,0,1,0,0
4,0,Matrix,64,10191.000000,10296.500000,10191.000000,12974.000000,13406.000000,13406.000000,0.197055,0.271737,2.186101,2.260560,979,7412,3600.000000,82,24,0,GUROBI,1,71,2,0,11,24,0,0,1,0,0
5,0,Matrix,64,8867.601905,9072.122924,9009.929168,10172.333333,11088.000000,11088.000000,0.563780,0.676294,1.988944,1.989044,1161,7231,3600.000000,82,24,0,GUROBI,1,71,2,0,8,24,0,0,1,0,0
6,0,Matrix,64,8877.000000,9066.285714,9057.318878,10101.500000,10155.000000,10155.000000,0.609298,0.790228,0.880208,0.881361,64,504,3600.000000,82,24,0,GUROBI,1,69,0,0,3,24,0,0,1,0,0
7,0,Matrix,64,8868.833333,9066.285714,9042.895557,9975.285714,10736.000000,10736.000000,0.587180,0.725948,2.411271,2.413067,1293,7167,3600.000000,82,24,0,GUROBI,1,69,0,0,1,24,0,0,1,0,0
