instanceIndex,seedIndex,vpcGenerator,terms,lpBound,disjunctiveDualBound,lpBoundPostVpc,rootDualBound,dualBound,primalBound,vpcGenerationTime,rootDualBoundTime,bestSolutionTime,terminationTime,nodes,iterations,maxTime,actualTerms,numCuts,cutLimit,mipSolver,providePrimalBound,infeasibleTerms,feasibleToInfeasibleTerms,infeasibleToFeasibleTerms,termRemainsFeasibleBasisInfeasible,cutsChangedCoefficients,feasibleTermsPrunedByBound,tighten_disjunction,tighten_matrix_perturbation,tighten_infeasible_to_feasible_term,tighten_feasible_to_infeasible_basis
0,0,None,4,-78.000000,-78.000000,-78.000000,-78.000000,-77.000000,-77.000000,0.000002,0.134276,0.371712,2.894827,1757,42940,3600.000000,0,0,0,GUROBI,1,0,0,0,0,0,0,0,0,0,0
1,0,None,4,-78.000000,-78.000000,-78.000000,-78.000000,-77.000000,-77.000000,0.000002,0.359612,5.957952,75.204483,47410,1315641,3600.000000,0,0,0,GUROBI,1,0,0,0,0,0,0,0,0,0,0
2,0,None,4,-78.000000,-78.000000,-78.000000,-78.000000,-77.000000,-77.000000,0.000002,0.294668,0.410697,17.540828,7609,299017,3600.000000,0,0,0,GUROBI,1,0,0,0,0,0,0,0,0,0,0
3,0,None,4,-78.000000,-78.000000,-78.000000,-78.000000,-77.000000,-77.000000,0.000003,0.318179,4.202236,11.197985,5686,187160,3600.000000,0,0,0,GUROBI,1,0,0,0,0,0,0,0,0,0,0
4,0,None,4,-78.000000,-78.000000,-78.000000,-78.000000,-77.007349,-77.000000,0.000002,0.247417,6.394505,111.998167,69609,1951258,3600.000000,0,0,0,GUROBI,1,0,0,0,0,0,0,0,0,0,0
5,0,None,4,-78.000000,-78.000000,-78.000000,-78.000000,-76.671233,-76.666667,0.000002,0.308291,8.977111,93.756927,61271,1774462,3600.000000,0,0,0,GUROBI,1,0,0,0,0,0,0,0,0,0,0
