instanceIndex,seedIndex,vpcGenerator,terms,lpBound,disjunctiveDualBound,lpBoundPostVpc,rootDualBound,dualBound,primalBound,vpcGenerationTime,rootDualBoundTime,bestSolutionTime,terminationTime,nodes,iterations,maxTime,actualTerms,numCuts,cutLimit,mipSolver,providePrimalBound,infeasibleTerms,feasibleToInfeasibleTerms,infeasibleToFeasibleTerms,termRemainsFeasibleBasisInfeasible,cutsChangedCoefficients,feasibleTermsPrunedByBound,tighten_disjunction,tighten_matrix_perturbation,tighten_infeasible_to_feasible_term,tighten_feasible_to_infeasible_basis
0,0,None,64,-11670000.000000,-11670000.000000,-11670000.000000,-11670000.000000,-11670000.000000,-11670000.000000,0.000023,0.000023,0.001640,0.001820,1,18,3600.000000,0,0,0,GUROBI,1,0,0,0,0,0,0,0,0,0,0
1,0,None,64,-11720004.000000,-11720004.000000,-11720004.000000,-11720004.000000,-11720004.000000,-11720004.000000,0.000022,0.000022,0.001131,0.001266,1,20,3600.000000,0,0,0,GUROBI,1,0,0,0,0,0,0,0,0,0,0
2,0,None,64,-11670001.000000,-11670001.000000,-11670001.000000,-11670001.000000,-11670001.000000,-11670001.000000,0.000022,0.000022,0.000969,0.001099,1,16,3600.000000,0,0,0,GUROBI,1,0,0,0,0,0,0,0,0,0,0
3,0,None,64,-11650000.000000,-11650000.000000,-11650000.000000,-11650000.000000,-11650000.000000,-11650000.000000,0.000020,0.000020,0.001080,0.001206,1,16,3600.000000,0,0,0,GUROBI,1,0,0,0,0,0,0,0,0,0,0
4,0,None,64,-11590000.000000,-11590000.000000,-11590000.000000,-11590000.000000,-11590000.000000,-11590000.000000,0.000020,0.000020,0.000948,0.001101,1,21,3600.000000,0,0,0,GUROBI,1,0,0,0,0,0,0,0,0,0,0
