instanceIndex,seedIndex,vpcGenerator,terms,lpBound,disjunctiveDualBound,lpBoundPostVpc,rootDualBound,dualBound,primalBound,vpcGenerationTime,rootDualBoundTime,bestSolutionTime,terminationTime,nodes,iterations,maxTime,actualTerms,numCuts,cutLimit,mipSolver,providePrimalBound,infeasibleTerms,feasibleToInfeasibleTerms,infeasibleToFeasibleTerms,termRemainsFeasibleBasisInfeasible,cutsChangedCoefficients,feasibleTermsPrunedByBound,tighten_disjunction,tighten_matrix_perturbation,tighten_infeasible_to_feasible_term,tighten_feasible_to_infeasible_basis
0,0,New,64,8877.000000,9066.285714,9061.492126,10500.571429,14392.000000,14393.000000,3.104973,3.182080,13.176380,2092.409457,4285076,28112738,3600.000000,82,24,24,GUROBI,1,69,0,0,0,0,0,0,0,0,0
1,0,Matrix,64,8877.000000,9066.285714,9061.492126,10500.571429,14392.000000,14393.000000,0.116953,0.201503,4.658998,2309.211357,4546420,28473912,3600.000000,82,24,0,GUROBI,1,69,0,0,0,0,0,0,1,0,0
2,0,Matrix,64,8877.000000,9066.285714,9061.492126,10495.035714,14392.000000,14393.000000,0.118650,0.213489,1.412359,2472.116120,4347635,29071952,3600.000000,82,24,0,GUROBI,1,69,0,0,0,0,0,0,1,0,0
3,0,Matrix,64,8877.000000,9066.285714,9061.492126,10107.000000,14392.000000,14393.000000,0.120301,0.215435,874.987366,2486.973043,4412639,28252663,3600.000000,82,24,0,GUROBI,1,69,0,0,1,0,0,0,1,0,0
