instanceIndex,seedIndex,vpcGenerator,terms,lpBound,disjunctiveDualBound,lpBoundPostVpc,rootDualBound,dualBound,primalBound,vpcGenerationTime,rootDualBoundTime,bestSolutionTime,terminationTime,nodes,iterations,maxTime,actualTerms,numCuts,cutLimit,mipSolver,providePrimalBound,infeasibleTerms,feasibleToInfeasibleTerms,infeasibleToFeasibleTerms,termRemainsFeasibleBasisInfeasible,cutsChangedCoefficients,feasibleTermsPrunedByBound,tighten_disjunction,tighten_matrix_perturbation,tighten_infeasible_to_feasible_term,tighten_feasible_to_infeasible_basis
0,0,New,4,13.000000,13.166667,13.166667,13.454764,15.000000,15.000000,1.562902,1.792241,2.980619,273.484827,272401,4006852,3600.000000,4,20,35,GUROBI,1,0,0,0,0,0,0,0,0,0,0
1,0,New,4,13.000000,13.166667,13.166667,13.361912,15.000000,15.000000,0.271759,0.589418,370.003710,450.968569,489611,7130360,3600.000000,4,20,35,GUROBI,1,0,0,0,0,0,0,0,0,0,0
2,0,New,4,13.000000,13.166667,13.166667,13.385042,15.000000,15.000000,0.177073,0.443726,0.626265,483.005715,602502,8030038,3600.000000,4,1,35,GUROBI,1,0,0,0,0,0,0,0,0,0,0
3,0,New,4,13.000000,13.166667,13.166667,13.454764,15.000000,15.000000,0.294336,0.520357,1.697151,272.001327,272401,4006852,3600.000000,4,20,35,GUROBI,1,0,0,0,0,0,0,0,0,0,0
4,0,New,4,13.000000,13.166667,13.166667,13.454764,15.000000,15.000000,0.295997,0.527415,1.705095,272.034592,272401,4006852,3600.000000,4,20,35,GUROBI,1,0,0,0,0,0,0,0,0,0,0
