instanceIndex,seedIndex,vpcGenerator,terms,lpBound,disjunctiveDualBound,lpBoundPostVpc,rootDualBound,dualBound,primalBound,vpcGenerationTime,rootDualBoundTime,bestSolutionTime,terminationTime,nodes,iterations,maxTime,actualTerms,numCuts,cutLimit,mipSolver,providePrimalBound,infeasibleTerms,feasibleToInfeasibleTerms,infeasibleToFeasibleTerms,termRemainsFeasibleBasisInfeasible,cutsChangedCoefficients,feasibleTermsPrunedByBound,tighten_disjunction,tighten_matrix_perturbation,tighten_infeasible_to_feasible_term,tighten_feasible_to_infeasible_basis
0,0,New,4,0.000681,0.001148,0.000738,0.138984,0.149994,0.150003,1.096835,1.713228,1.892118,4.380579,2859,30895,3600.000000,4,13,171,GUROBI,1,0,0,0,0,0,0,0,0,0,0
1,0,Matrix,4,0.000681,0.001148,0.000738,0.139332,0.149991,0.150005,0.016491,0.615976,0.692218,3.892353,3296,33892,3600.000000,4,13,0,GUROBI,1,0,0,0,0,0,0,0,1,0,0
2,0,Matrix,4,0.000681,0.001149,0.000738,0.143608,0.149989,0.150003,0.019509,0.930177,2.106983,2.116085,1142,14833,3600.000000,4,13,0,GUROBI,1,0,0,0,0,0,0,0,1,0,0
3,0,Matrix,4,0.000680,0.001148,0.000737,0.114392,0.149980,0.149980,0.022990,0.466533,3.946284,3.946433,1141,16271,3600.000000,4,13,0,GUROBI,1,0,0,0,4,0,0,0,1,0,0
4,0,Matrix,4,0.001554,0.002026,0.001610,0.144280,0.151731,0.151733,0.023635,0.799773,1.406754,2.255712,1341,17101,3600.000000,4,13,0,GUROBI,1,0,0,0,0,0,0,0,1,0,0
5,0,Matrix,4,0.001338,0.001809,0.001395,0.140802,0.151341,0.151343,0.022644,0.663293,2.281709,2.446138,1507,21169,3600.000000,4,13,0,GUROBI,1,0,0,0,0,0,0,0,1,0,0
