instanceIndex,seedIndex,vpcGenerator,terms,lpBound,disjunctiveDualBound,lpBoundPostVpc,rootDualBound,dualBound,primalBound,vpcGenerationTime,rootDualBoundTime,bestSolutionTime,terminationTime,nodes,iterations,maxTime,actualTerms,numCuts,cutLimit,mipSolver,providePrimalBound,infeasibleTerms,feasibleToInfeasibleTerms,infeasibleToFeasibleTerms,termRemainsFeasibleBasisInfeasible,cutsChangedCoefficients,feasibleTermsPrunedByBound,tighten_disjunction,tighten_matrix_perturbation,tighten_infeasible_to_feasible_term,tighten_feasible_to_infeasible_basis
0,0,New,4,6290575.552807,6291985.411942,6291914.142665,6304847.451586,6307619.193612,6307996.000000,6.211205,6.708982,12.444887,12.446369,604,8018,3600.000000,4,29,29,GUROBI,1,0,0,0,0,0,0,0,0,0,0
1,0,Farkas,4,6290699.817815,6292103.668591,6292034.908695,6306563.268802,6307598.747924,6308132.000000,0.059971,0.654786,3.132444,3.133741,450,5649,3600.000000,4,29,0,GUROBI,1,0,0,0,0,0,0,0,0,0,0
2,0,Farkas,4,6290429.262197,6291831.087262,6291769.405132,6304677.850388,6307260.451480,6307855.000000,0.061923,0.517019,1.110321,1.789214,520,5289,3600.000000,4,29,0,GUROBI,1,0,0,0,0,0,0,0,0,0,0
3,0,Farkas,4,6290592.595612,6292003.402823,6291932.839870,6304854.236101,6307955.715291,6308025.000000,0.056386,0.531953,6.401493,6.401829,1206,13826,3600.000000,4,29,0,GUROBI,1,0,0,0,0,0,0,0,0,0,0
4,0,Farkas,4,6290662.271623,6292075.692619,6292004.537650,6306730.264156,6307496.286952,6308088.999643,0.059907,0.584839,0.870961,0.871282,57,1253,3600.000000,4,29,0,GUROBI,1,0,0,0,0,0,0,0,0,0,0
5,0,Farkas,4,6290749.254863,6292158.194353,6292086.636581,6306483.187303,6307578.489609,6308153.000000,0.059666,0.693287,5.916553,5.916873,691,9071,3600.000000,4,29,0,GUROBI,1,0,0,0,0,0,0,0,0,0,0
