instanceIndex,seedIndex,vpcGenerator,terms,lpBound,disjunctiveDualBound,lpBoundPostVpc,rootDualBound,dualBound,primalBound,vpcGenerationTime,rootDualBoundTime,bestSolutionTime,terminationTime,nodes,iterations,maxTime,actualTerms,numCuts,cutLimit,mipSolver,providePrimalBound,infeasibleTerms,feasibleToInfeasibleTerms,infeasibleToFeasibleTerms,termRemainsFeasibleBasisInfeasible,cutsChangedCoefficients,feasibleTermsPrunedByBound,tighten_disjunction,tighten_matrix_perturbation,tighten_infeasible_to_feasible_term,tighten_feasible_to_infeasible_basis
0,0,New,4,326.924434,327.439586,327.439586,337.178853,375.498095,375.498095,5.179252,8.420984,63.408375,63.411595,752,65917,3600.000000,4,12,33,GUROBI,1,0,0,0,0,0,0,0,0,0,0
1,0,NoDisjunction,4,326.924434,327.439586,327.439586,336.651809,375.482326,375.498095,0.093715,3.034159,5.382976,58.719564,779,60549,3600.000000,4,12,0,GUROBI,1,0,0,0,0,0,0,0,1,1,1
2,0,NoDisjunction,4,326.924434,327.439586,327.439586,336.982562,375.498095,375.498095,0.092770,3.017551,27.100102,28.591433,748,36551,3600.000000,4,12,0,GUROBI,1,0,0,0,0,0,0,0,1,1,1
3,0,NoDisjunction,4,326.924434,327.439586,327.439586,335.560184,375.498095,375.498095,0.089043,2.164226,5.085465,25.788216,688,29945,3600.000000,4,12,0,GUROBI,1,0,0,0,0,0,0,0,1,1,1
4,0,NoDisjunction,4,326.924434,327.439586,327.439586,336.086553,375.498095,375.498095,0.077554,3.032734,88.532391,88.533029,15418,97953,3600.000000,4,12,0,GUROBI,1,0,0,0,0,0,0,0,1,1,1
