instanceIndex,seedIndex,vpcGenerator,terms,lpBound,disjunctiveDualBound,lpBoundPostVpc,rootDualBound,dualBound,primalBound,vpcGenerationTime,rootDualBoundTime,bestSolutionTime,terminationTime,nodes,iterations,maxTime,actualTerms,numCuts,cutLimit,mipSolver,providePrimalBound,infeasibleTerms,feasibleToInfeasibleTerms,infeasibleToFeasibleTerms,termRemainsFeasibleBasisInfeasible,cutsChangedCoefficients,feasibleTermsPrunedByBound,tighten_disjunction,tighten_matrix_perturbation,tighten_infeasible_to_feasible_term,tighten_feasible_to_infeasible_basis
0,0,New,64,96.310297,98.212500,97.929948,103.642759,107.000000,107.000000,4.709852,4.806619,5.237742,5.237844,524,6145,3600.000000,64,3,30,GUROBI,1,15,0,0,0,0,0,0,0,0,0
1,0,Matrix,64,97.074375,98.927500,98.054313,105.838583,108.000000,108.000000,0.146714,0.281780,0.451555,0.451654,274,3788,3600.000000,64,3,0,GUROBI,1,15,0,0,0,0,0,0,1,0,0
2,0,Matrix,64,-755.613225,-753.694600,-754.734292,-748.887809,-745.000000,-745.000000,0.175113,0.304684,0.495641,0.554683,500,4479,3600.000000,64,3,0,GUROBI,1,15,0,0,0,0,0,0,1,0,0
3,0,Matrix,64,96.439752,98.212500,97.930515,103.784714,107.000000,107.000000,0.153193,0.276780,0.621085,0.621189,667,6320,3600.000000,64,3,0,GUROBI,1,15,0,0,0,0,0,0,1,0,0
4,0,Matrix,64,97.321875,99.225000,98.413751,106.070038,110.000000,110.000000,0.146800,0.240190,0.388138,0.822022,574,5940,3600.000000,64,3,0,GUROBI,1,15,0,0,0,0,0,0,1,0,0
5,0,Matrix,64,96.310297,98.212500,97.929948,103.642759,107.000000,107.000000,0.104049,0.253740,0.614967,0.615084,594,6667,3600.000000,64,3,0,GUROBI,1,15,0,0,0,0,0,0,1,0,0
6,0,Matrix,64,96.254078,98.212500,97.274713,103.061753,107.000000,107.000000,0.140778,0.289641,0.447660,0.447765,220,3196,3600.000000,64,3,0,GUROBI,1,15,0,0,0,0,0,0,1,0,0
7,0,Matrix,64,-1008.689703,-1006.787500,-1007.070052,-1001.388268,-998.000000,-998.000000,0.171174,0.312034,0.568046,0.609306,527,5351,3600.000000,64,3,0,GUROBI,1,15,0,0,0,0,0,0,1,0,0
