instanceIndex,seedIndex,vpcGenerator,terms,lpBound,disjunctiveDualBound,lpBoundPostVpc,rootDualBound,dualBound,primalBound,vpcGenerationTime,rootDualBoundTime,bestSolutionTime,terminationTime,nodes,iterations,maxTime,actualTerms,numCuts,cutLimit,mipSolver,providePrimalBound,infeasibleTerms,feasibleToInfeasibleTerms,infeasibleToFeasibleTerms,termRemainsFeasibleBasisInfeasible,cutsChangedCoefficients,feasibleTermsPrunedByBound,tighten_disjunction,tighten_matrix_perturbation,tighten_infeasible_to_feasible_term,tighten_feasible_to_infeasible_basis
0,0,New,4,-18902.810023,-18796.898852,-18827.366357,-18135.713629,-17905.000000,-17905.000000,4032.335333,4043.001259,4043.373472,4046.507288,83,19571,3600.000000,4,201,850,GUROBI,1,0,0,0,0,0,0,0,0,0,0
1,0,Farkas,4,-18902.810023,-18796.898852,-18827.366357,-18119.964363,-17905.000000,-17905.000000,0.215934,10.979375,13.953450,13.953824,53,19556,3600.000000,4,201,0,GUROBI,1,0,0,0,0,0,0,0,0,0,0
2,0,Farkas,4,-18902.810023,-18796.898852,-18827.366357,-18120.879436,-17905.000000,-17905.000000,0.236448,15.306265,15.617716,17.108643,39,18546,3600.000000,4,201,0,GUROBI,1,0,0,0,0,52,0,0,0,0,0
3,0,Farkas,4,-18902.810023,-18796.898852,-18827.366357,-18119.964363,-17905.000000,-17905.000000,0.245615,9.192028,11.214919,11.215328,53,19556,3600.000000,4,201,0,GUROBI,1,0,0,0,0,0,0,0,0,0,0
4,0,Farkas,4,-18902.810023,-18796.898852,-18827.471395,-18081.577160,-17714.000000,-17714.000000,0.218819,10.696228,168.170694,168.291043,1402,346192,3600.000000,4,201,0,GUROBI,1,0,0,0,0,201,0,0,0,0,0
5,0,Farkas,4,-18902.810023,-18796.898852,-18827.366357,-18119.964363,-17905.000000,-17905.000000,0.234568,15.712108,20.622292,20.622671,53,19556,3600.000000,4,201,0,GUROBI,1,0,0,0,0,0,0,0,0,0,0
