instanceIndex,seedIndex,vpcGenerator,terms,lpBound,disjunctiveDualBound,lpBoundPostVpc,rootDualBound,dualBound,primalBound,vpcGenerationTime,rootDualBoundTime,bestSolutionTime,terminationTime,nodes,iterations,maxTime,actualTerms,numCuts,cutLimit,mipSolver,providePrimalBound,infeasibleTerms,feasibleToInfeasibleTerms,infeasibleToFeasibleTerms,termRemainsFeasibleBasisInfeasible,cutsChangedCoefficients,feasibleTermsPrunedByBound,tighten_disjunction,tighten_matrix_perturbation,tighten_infeasible_to_feasible_term,tighten_feasible_to_infeasible_basis
0,0,New,64,6.727060,7.019955,6.941130,19.445249,23.063654,24.785775,30.177507,37.389480,3166.898681,3630.183248,40066,8090434,3600.000000,64,15,15,GUROBI,1,37,0,0,0,0,0,0,0,0,0
1,0,Farkas,64,6.727060,7.019955,6.941130,18.911103,23.531434,24.785820,1.426068,7.654511,3601.427573,3601.428319,26154,6174435,3600.000000,64,15,0,GUROBI,1,37,0,0,0,0,0,0,0,0,0
2,0,Farkas,64,6.727060,7.019955,6.941130,18.215655,23.661167,24.785820,1.113136,7.449044,1870.725029,3601.115097,23507,6583039,3600.000000,64,15,0,GUROBI,1,37,0,0,0,0,0,0,0,0,0
3,0,Farkas,64,6.602060,6.894955,6.816130,19.571579,23.795397,24.785760,1.526174,11.364830,3601.527388,3601.528099,25418,8047039,3600.000000,64,15,0,GUROBI,1,37,0,0,0,0,0,0,0,0,0
4,0,Farkas,64,6.727060,7.019955,6.941130,18.756417,23.861605,24.785755,1.423104,8.453125,3601.424261,3601.425032,28211,6824491,3600.000000,64,15,0,GUROBI,1,37,0,0,0,0,0,0,0,0,0
