instanceIndex,seedIndex,vpcGenerator,terms,lpBound,disjunctiveDualBound,lpBoundPostVpc,rootDualBound,dualBound,primalBound,vpcGenerationTime,rootDualBoundTime,bestSolutionTime,terminationTime,nodes,iterations,maxTime,actualTerms,numCuts,cutLimit,mipSolver,providePrimalBound,infeasibleTerms,feasibleToInfeasibleTerms,infeasibleToFeasibleTerms,termRemainsFeasibleBasisInfeasible,cutsChangedCoefficients,feasibleTermsPrunedByBound,tighten_disjunction,tighten_matrix_perturbation,tighten_infeasible_to_feasible_term,tighten_feasible_to_infeasible_basis
0,0,New,64,-18525.765543,-18393.769495,-18401.209310,-17892.872965,-17381.000000,-17380.000000,43094.373704,43102.868341,43234.271821,43251.069683,1975,434636,3600.000000,71,52,857,GUROBI,1,62,0,0,0,0,0,0,0,0,0
1,0,NoDisjunction,64,-18528.757317,-18396.852944,-18404.823366,-17880.916538,-17381.000000,-17381.000000,27.823895,38.502729,81.045096,89.765009,892,157023,3600.000000,71,52,0,GUROBI,1,62,0,0,0,0,0,0,1,1,1
2,0,NoDisjunction,64,-18531.015822,-18399.036832,-18406.237253,-17906.998369,-17388.000000,-17387.000000,25.064701,32.844025,635.138073,635.138550,9292,1906911,3600.000000,71,52,0,GUROBI,1,62,0,0,0,0,0,0,1,1,1
3,0,NoDisjunction,64,-18529.643534,-18397.970571,-18405.469509,-17877.492117,-17382.000000,-17382.000000,2.994660,11.917825,194.813313,194.813648,3195,634213,3600.000000,71,52,0,GUROBI,1,62,0,0,0,0,0,0,1,1,1
4,0,NoDisjunction,64,-18520.618523,-18388.612103,-18396.554371,-17867.690297,-17379.000000,-17379.000000,32.679307,40.547681,121.195175,148.596199,2289,449175,3600.000000,71,52,0,GUROBI,1,62,0,0,0,0,0,0,1,1,1
5,0,NoDisjunction,64,-18529.391320,-18398.113502,-18406.703218,-17869.498340,-17385.000000,-17385.000000,3.501095,11.088283,90.269742,90.270330,1569,296358,3600.000000,71,52,0,GUROBI,1,62,0,0,0,0,0,0,1,1,1
