instanceIndex,seedIndex,vpcGenerator,terms,lpBound,disjunctiveDualBound,lpBoundPostVpc,rootDualBound,dualBound,primalBound,vpcGenerationTime,rootDualBoundTime,bestSolutionTime,terminationTime,nodes,iterations,maxTime,actualTerms,numCuts,cutLimit,mipSolver,providePrimalBound,infeasibleTerms,feasibleToInfeasibleTerms,infeasibleToFeasibleTerms,termRemainsFeasibleBasisInfeasible,cutsChangedCoefficients,feasibleTermsPrunedByBound,tighten_disjunction,tighten_matrix_perturbation,tighten_infeasible_to_feasible_term,tighten_feasible_to_infeasible_basis
0,0,None,4,499999999923.744507,499999999923.744507,499999999923.744507,536417417143.548523,572062426891.684082,572103066654.169067,0.000002,0.914177,398.740029,398.752041,60725,1226781,3600.000000,0,0,0,GUROBI,1,0,0,0,0,0,0,0,0,0,0
1,0,None,4,500904999923.744507,500904999923.744507,500904999923.744507,537733349519.830566,573002775497.113403,573008061316.567505,0.000002,0.928087,95.709767,95.710256,4599,159426,3600.000000,0,0,0,GUROBI,1,0,0,0,0,0,0,0,0,0,0
2,0,None,4,500765999923.744507,500765999923.744507,500765999923.744507,537986022940.948914,572395131089.864990,572447853565.092896,0.000002,1.069306,196.965244,196.965766,49163,605442,3600.000000,0,0,0,GUROBI,1,0,0,0,0,0,0,0,0,0,0
3,0,None,4,501512199923.744507,501512199923.744507,501512199923.744507,538589414949.289856,573409143275.936035,573400014151.216064,0.000002,0.930530,49.084386,49.086244,2176,96026,3600.000000,0,0,0,GUROBI,1,0,0,0,0,0,0,0,0,0,0
