instanceIndex,seedIndex,vpcGenerator,terms,lpBound,disjunctiveDualBound,lpBoundPostVpc,rootDualBound,dualBound,primalBound,vpcGenerationTime,rootDualBoundTime,bestSolutionTime,terminationTime,nodes,iterations,maxTime,actualTerms,numCuts,cutLimit,mipSolver,providePrimalBound,infeasibleTerms,feasibleToInfeasibleTerms,infeasibleToFeasibleTerms,termRemainsFeasibleBasisInfeasible,cutsChangedCoefficients,feasibleTermsPrunedByBound,tighten_disjunction,tighten_matrix_perturbation,tighten_infeasible_to_feasible_term,tighten_feasible_to_infeasible_basis
0,0,None,64,3175561447.505317,3175561447.505317,3175561447.505317,3179698976.999958,3179698976.999958,3179698977.000000,0.000032,0.005864,0.000032,0.006248,1,24,3600.000000,0,0,0,GUROBI,1,0,0,0,0,0,0,0,0,0,0
1,0,None,64,3175595045.505317,3175595045.505317,3175595045.505317,3179732574.999958,3179732574.999958,3179732575.000000,0.000021,0.005679,0.000021,0.005999,1,25,3600.000000,0,0,0,GUROBI,1,0,0,0,0,0,0,0,0,0,0
2,0,None,64,3175566657.677811,3175566657.677811,3175566657.677811,3179704187.999958,3179704187.999958,3179704188.000000,0.000022,0.004561,0.000022,0.004866,1,24,3600.000000,0,0,0,GUROBI,1,0,0,0,0,0,0,0,0,0,0
3,0,None,64,3175554002.505317,3175554002.505317,3175554002.505317,3179691531.999958,3179691531.999958,3179691532.000000,0.000023,0.004844,0.000023,0.005153,1,24,3600.000000,0,0,0,GUROBI,1,0,0,0,0,0,0,0,0,0,0
4,0,None,64,3175562502.505317,3175562502.505317,3175562502.505317,3179700031.999958,3179700031.999958,3179700032.000000,0.000022,0.004763,0.000022,0.005076,1,24,3600.000000,0,0,0,GUROBI,1,0,0,0,0,0,0,0,0,0,0
