instanceIndex,seedIndex,vpcGenerator,terms,lpBound,disjunctiveDualBound,lpBoundPostVpc,rootDualBound,dualBound,primalBound,vpcGenerationTime,rootDualBoundTime,bestSolutionTime,terminationTime,nodes,iterations,maxTime,actualTerms,numCuts,cutLimit,mipSolver,providePrimalBound,infeasibleTerms,feasibleToInfeasibleTerms,infeasibleToFeasibleTerms,termRemainsFeasibleBasisInfeasible,cutsChangedCoefficients,feasibleTermsPrunedByBound,tighten_disjunction,tighten_matrix_perturbation,tighten_infeasible_to_feasible_term,tighten_feasible_to_infeasible_basis
0,0,New,64,36590350.000000,36590350.000000,36590350.000000,42977792.501977,44265456.112130,44269807.528174,27.580715,27.895628,31.487311,128.453423,38315,416402,3600.000000,66,71,71,GUROBI,1,28,0,0,0,0,0,0,0,0,0
1,0,Basis,64,36532835.447292,36539792.476003,36532835.447292,42948412.126359,44219333.244045,44223754.906632,1.196260,1.527000,13.956191,123.468133,43934,669446,3600.000000,66,71,0,GUROBI,1,28,0,0,0,0,0,0,0,0,1
2,0,Basis,64,36483398.097832,36492019.559848,36483398.097832,42842524.259853,44149296.861702,44153697.112176,1.200923,1.509099,87.225214,90.621744,20613,414761,3600.000000,66,71,0,GUROBI,1,28,0,0,0,0,0,0,0,0,1
3,0,Basis,64,36532310.320803,36538498.374677,36532310.320803,42922917.620751,44213735.931750,44218150.752688,1.178916,1.513729,145.445031,145.445282,44187,679126,3600.000000,66,71,0,GUROBI,1,28,0,0,0,0,0,0,0,0,1
4,0,Basis,64,36511596.252656,36513989.255650,36511596.252656,42933321.785262,44192774.020987,44196364.162923,1.118512,1.523218,20.889534,60.743016,15645,298704,3600.000000,66,71,0,GUROBI,1,28,0,0,0,0,0,0,0,0,1
5,0,Basis,64,36487045.735687,36487046.731969,36487045.735687,42898485.510951,44160410.863653,44164817.496398,1.152160,1.516558,77.578882,78.703967,23859,371614,3600.000000,66,71,0,GUROBI,1,28,0,0,0,0,0,0,0,0,1
