instanceIndex,seedIndex,vpcGenerator,terms,lpBound,disjunctiveDualBound,lpBoundPostVpc,rootDualBound,dualBound,primalBound,vpcGenerationTime,rootDualBoundTime,bestSolutionTime,terminationTime,nodes,iterations,maxTime,actualTerms,numCuts,cutLimit,mipSolver,providePrimalBound,infeasibleTerms,feasibleToInfeasibleTerms,infeasibleToFeasibleTerms,termRemainsFeasibleBasisInfeasible,cutsChangedCoefficients,feasibleTermsPrunedByBound,tighten_disjunction,tighten_matrix_perturbation,tighten_infeasible_to_feasible_term,tighten_feasible_to_infeasible_basis
0,0,New,4,4970975.847015,4983757.925306,4983757.925306,5714609.554341,6021720.000000,6021720.000000,3.812144,3.942939,3.812144,3.952225,1,1173,3600.000000,4,7,8,GUROBI,1,0,0,0,0,0,0,0,0,0,0
1,0,New,4,4970930.286870,4983712.365161,4983712.365161,5988597.713270,6020133.564778,6020157.150000,3.391639,3.558086,3.391639,3.572648,1,1660,3600.000000,4,7,8,GUROBI,1,0,0,0,0,0,0,0,0,0,0
2,0,New,4,4970939.341420,4983721.419711,4983721.419711,5952803.674816,6020443.600000,6020443.600000,3.186985,3.678290,3.867947,3.868241,120,4125,3600.000000,4,7,8,GUROBI,1,0,0,0,0,0,0,0,0,0,0
3,0,New,4,4970974.952601,4983757.030892,4983757.030892,5968669.573617,6019215.400000,6019215.400000,2.954926,3.246582,2.954926,3.251619,1,1487,3600.000000,4,6,8,GUROBI,1,0,0,0,0,0,0,0,0,0,0
4,0,New,4,4970980.405752,4983762.484043,4983762.484043,5966154.725578,6020057.350000,6020057.350000,3.118599,3.518223,3.118599,3.525254,1,2891,3600.000000,4,6,8,GUROBI,1,0,0,0,0,0,0,0,0,0,0
5,0,New,4,4970994.060756,4983776.139047,4983776.139047,6019795.587596,6019804.550000,6019804.550000,3.277065,3.440127,3.446764,3.449095,1,1070,3600.000000,4,7,9,GUROBI,1,0,0,0,0,0,0,0,0,0,0
