instanceIndex,seedIndex,vpcGenerator,terms,lpBound,disjunctiveDualBound,lpBoundPostVpc,rootDualBound,dualBound,primalBound,vpcGenerationTime,rootDualBoundTime,bestSolutionTime,terminationTime,nodes,iterations,maxTime,actualTerms,numCuts,cutLimit,mipSolver,providePrimalBound,infeasibleTerms,feasibleToInfeasibleTerms,infeasibleToFeasibleTerms,termRemainsFeasibleBasisInfeasible,cutsChangedCoefficients,feasibleTermsPrunedByBound,tighten_disjunction,tighten_matrix_perturbation,tighten_infeasible_to_feasible_term,tighten_feasible_to_infeasible_basis
0,0,New,4,-18902.810023,-18809.259984,-18834.579313,-18134.405774,-17905.000000,-17905.000000,4152.741618,4163.775317,4164.223644,4171.656601,269,33730,3600.000000,4,196,850,GUROBI,1,0,0,0,0,0,0,0,0,0,0
1,0,All,4,-18902.810023,-18809.259984,-18834.579313,-18142.467324,-17905.000000,-17905.000000,0.416783,10.912045,11.568157,15.918506,135,24968,3600.000000,4,196,0,GUROBI,1,0,0,0,0,0,0,1,1,1,1
2,0,All,4,-18902.810023,-18809.259984,-18834.579313,-18122.859909,-17905.000000,-17905.000000,55.850792,67.466177,71.764291,71.765790,100,23356,3600.000000,4,196,0,GUROBI,1,0,0,0,0,22,0,1,1,1,1
3,0,All,4,-18902.810023,-18809.259984,-18834.579313,-18142.467324,-17905.000000,-17905.000000,0.417399,10.921240,11.580738,15.958661,135,24968,3600.000000,4,196,0,GUROBI,1,0,0,0,0,0,0,1,1,1,1
4,0,All,4,-18902.810023,-18809.259984,-18834.579313,-18108.309856,-17714.000000,-17714.000000,505.502772,516.663293,601.033046,601.033842,929,198535,3600.000000,4,196,0,GUROBI,1,0,0,0,1,196,0,1,1,1,1
5,0,All,4,-18902.810023,-18809.259984,-18834.579313,-18142.467324,-17905.000000,-17905.000000,0.420681,10.950815,11.607944,15.956781,135,24968,3600.000000,4,196,0,GUROBI,1,0,0,0,0,0,0,1,1,1,1
