instanceIndex,seedIndex,vpcGenerator,terms,lpBound,disjunctiveDualBound,lpBoundPostVpc,rootDualBound,dualBound,primalBound,vpcGenerationTime,rootDualBoundTime,bestSolutionTime,terminationTime,nodes,iterations,maxTime,actualTerms,numCuts,cutLimit,mipSolver,providePrimalBound,infeasibleTerms,feasibleToInfeasibleTerms,infeasibleToFeasibleTerms,termRemainsFeasibleBasisInfeasible,cutsChangedCoefficients,feasibleTermsPrunedByBound,tighten_disjunction,tighten_matrix_perturbation,tighten_infeasible_to_feasible_term,tighten_feasible_to_infeasible_basis
0,0,New,4,128.750000,128.840909,128.840909,133.326618,134.500000,134.500000,22.078531,25.539708,58.438861,58.439645,586,92078,3600.000000,4,6,124,GUROBI,1,0,0,0,0,0,0,0,0,0,0
1,0,New,4,128.562500,128.625000,128.625000,132.251047,134.250000,134.250000,15.164357,18.724723,98.602088,100.211606,1570,229548,3600.000000,4,10,132,GUROBI,1,0,0,0,0,0,0,0,0,0,0
2,0,New,4,126.250000,126.250000,126.250000,128.304859,132.000000,132.000000,14.643133,18.654043,127.542918,133.835635,2496,329623,3600.000000,4,6,134,GUROBI,1,0,0,0,0,0,0,0,0,0,0
3,0,New,4,128.375000,128.465909,128.375000,131.414016,134.125000,134.125000,42.005187,47.177818,163.757277,201.251162,3733,435297,3600.000000,4,14,144,GUROBI,1,0,0,0,0,0,0,0,0,0,0
4,0,New,4,128.312500,128.312500,128.312500,130.304480,134.000000,134.000000,16.458549,20.771813,83.763898,117.826381,2550,266470,3600.000000,4,3,138,GUROBI,1,0,0,0,0,0,0,0,0,0,0
5,0,New,4,128.625000,128.715909,128.625000,132.218735,134.250000,134.250000,44.415088,49.004764,97.451498,103.476139,1093,134160,3600.000000,4,37,138,GUROBI,1,0,0,0,0,0,0,0,0,0,0
