instanceIndex,seedIndex,vpcGenerator,terms,lpBound,disjunctiveDualBound,lpBoundPostVpc,rootDualBound,dualBound,primalBound,vpcGenerationTime,rootDualBoundTime,bestSolutionTime,terminationTime,nodes,iterations,maxTime,actualTerms,numCuts,cutLimit,mipSolver,providePrimalBound,infeasibleTerms,feasibleToInfeasibleTerms,infeasibleToFeasibleTerms,termRemainsFeasibleBasisInfeasible,cutsChangedCoefficients,feasibleTermsPrunedByBound,tighten_disjunction,tighten_matrix_perturbation,tighten_infeasible_to_feasible_term,tighten_feasible_to_infeasible_basis
0,0,None,64,8877.000000,8877.000000,8877.000000,10488.000000,14392.000000,14393.000000,0.000027,0.118906,11.995663,2699.255344,4273834,27376330,3600.000000,0,0,0,GUROBI,1,0,0,0,0,0,0,0,0,0,0
1,0,None,64,8877.000000,8877.000000,8877.000000,10488.000000,11106.000000,11106.000000,0.000001,0.072426,1.621379,1.879399,2563,16752,3600.000000,0,0,0,GUROBI,1,0,0,0,0,0,0,0,0,0,0
2,0,None,64,8877.000000,8877.000000,8877.000000,10488.000000,14392.000000,14393.000000,0.000001,0.081304,11.913738,2704.411306,4273834,27376330,3600.000000,0,0,0,GUROBI,1,0,0,0,0,0,0,0,0,0,0
3,0,None,64,8877.000000,8877.000000,8877.000000,10333.125000,14392.000000,14393.000000,0.000002,0.110061,78.056148,3260.127398,3644993,24040374,3600.000000,0,0,0,GUROBI,1,0,0,0,0,0,0,0,0,0,0
4,0,None,64,8877.000000,8877.000000,8877.000000,9999.571429,14392.000000,14393.000000,0.000004,0.079255,621.590493,2012.309326,4315967,26822254,3600.000000,0,0,0,GUROBI,1,0,0,0,0,0,0,0,0,0,0
5,0,None,64,8877.000000,8877.000000,8877.000000,10488.000000,10977.000000,10978.000000,0.000001,0.107531,1.012681,1.242465,1082,7988,3600.000000,0,0,0,GUROBI,1,0,0,0,0,0,0,0,0,0,0
