instanceIndex,seedIndex,vpcGenerator,terms,lpBound,disjunctiveDualBound,lpBoundPostVpc,rootDualBound,dualBound,primalBound,vpcGenerationTime,rootDualBoundTime,bestSolutionTime,terminationTime,nodes,iterations,maxTime,actualTerms,numCuts,cutLimit,mipSolver,providePrimalBound,infeasibleTerms,feasibleToInfeasibleTerms,infeasibleToFeasibleTerms,termRemainsFeasibleBasisInfeasible,cutsChangedCoefficients,feasibleTermsPrunedByBound,tighten_disjunction,tighten_matrix_perturbation,tighten_infeasible_to_feasible_term,tighten_feasible_to_infeasible_basis
0,0,New,4,87.576118,87.950349,87.831873,89.227025,91.000000,91.000000,173.283140,176.994489,181.839675,197.949478,597,33264,3600.000000,4,295,295,GUROBI,1,0,0,0,0,0,0,0,0,0,0
1,0,Matrix,4,86.325419,86.570109,86.370887,88.347936,90.000000,90.000000,0.802101,4.792753,24.572876,24.573577,920,54338,3600.000000,4,295,0,GUROBI,1,0,0,0,0,0,0,0,1,0,0
2,0,Matrix,4,85.811170,86.276229,85.811170,88.004242,91.000000,91.000000,0.848314,5.236027,83.978555,93.949721,4168,303918,3600.000000,4,295,0,GUROBI,1,0,0,0,0,0,0,0,1,0,0
3,0,Matrix,4,86.867385,86.888606,86.867385,88.638565,91.000000,91.000000,0.808113,4.599328,18.661477,25.203570,890,55326,3600.000000,4,295,0,GUROBI,1,0,0,0,0,0,0,0,1,0,0
4,0,Matrix,4,84.110227,84.321161,84.110227,86.576710,89.000000,89.000000,0.814178,3.786987,31.553883,31.659053,2039,108812,3600.000000,4,295,0,GUROBI,1,0,0,0,0,0,0,0,1,0,0
