instanceIndex,seedIndex,vpcGenerator,terms,lpBound,disjunctiveDualBound,lpBoundPostVpc,rootDualBound,dualBound,primalBound,vpcGenerationTime,rootDualBoundTime,bestSolutionTime,terminationTime,nodes,iterations,maxTime,actualTerms,numCuts,cutLimit,mipSolver,providePrimalBound,infeasibleTerms,feasibleToInfeasibleTerms,infeasibleToFeasibleTerms,termRemainsFeasibleBasisInfeasible,cutsChangedCoefficients,feasibleTermsPrunedByBound,tighten_disjunction,tighten_matrix_perturbation,tighten_infeasible_to_feasible_term,tighten_feasible_to_infeasible_basis
0,0,New,64,-14653654.824261,-14653091.031394,-14653401.928243,-14627717.627704,-14612191.983333,-14610731.000000,31.273203,31.566274,206.452351,604.372342,268506,2685865,3600.000000,64,19,43,GUROBI,1,32,0,0,0,0,0,0,0,0,0
1,0,Matrix,64,-14480205.242571,-14477292.896710,-14480205.242571,-14446801.666667,-14442549.105468,-14441105.500000,1.547820,1.935720,11.328913,13.116263,7674,95390,3600.000000,64,19,0,GUROBI,1,19,4,17,28,19,0,0,1,0,0
2,0,Matrix,64,-14547931.837730,-14547856.440753,-14547931.837730,-14507991.048866,-14501917.429003,-14500468.500000,2.896246,3.228268,8.728928,10.471313,4049,59210,3600.000000,64,19,0,GUROBI,1,38,10,4,22,19,0,0,1,0,0
3,0,Matrix,64,-14409343.314431,-14408036.823283,-14409343.314431,-14404616.649170,-14401528.665997,-14400563.769110,2.852557,3.062075,3.354631,3.355502,246,2756,3600.000000,64,19,0,GUROBI,1,35,7,4,25,19,0,0,1,0,0
4,0,Matrix,64,-13741016.047819,-13740085.705863,-13741016.047819,-13676581.744819,-13660576.042682,-13659223.335951,2.441484,2.761974,5.156130,5.297393,913,14931,3600.000000,64,19,0,GUROBI,1,21,1,12,31,19,0,0,1,0,0
