instanceIndex,seedIndex,vpcGenerator,terms,lpBound,disjunctiveDualBound,lpBoundPostVpc,rootDualBound,dualBound,primalBound,vpcGenerationTime,rootDualBoundTime,bestSolutionTime,terminationTime,nodes,iterations,maxTime,actualTerms,numCuts,cutLimit,mipSolver,providePrimalBound,infeasibleTerms,feasibleToInfeasibleTerms,infeasibleToFeasibleTerms,termRemainsFeasibleBasisInfeasible,cutsChangedCoefficients,feasibleTermsPrunedByBound,tighten_disjunction,tighten_matrix_perturbation,tighten_infeasible_to_feasible_term,tighten_feasible_to_infeasible_basis
0,0,None,4,58939.682617,58939.682617,58939.682617,59529.999840,71320.000000,71320.000000,0.000003,21.801282,650.697366,659.478063,826,1179634,3600.000000,0,0,0,GUROBI,1,0,0,0,0,0,0,0,0,0,0
1,0,None,4,89907.152993,89907.152993,89907.152993,108449.131538,140065.000000,140955.000000,0.000003,47.478739,2739.287529,3600.001866,9014,8653957,3600.000000,0,0,0,GUROBI,1,0,0,0,0,0,0,0,0,0,0
2,0,None,4,59709.876015,59709.876015,59709.876015,80645.541685,91245.000000,91245.000000,0.000002,18.195135,364.987349,366.756915,943,850517,3600.000000,0,0,0,GUROBI,1,0,0,0,0,0,0,0,0,0,0
3,0,None,4,59628.672943,59628.672943,59628.672943,69785.666681,81380.000000,81380.000000,0.000002,24.344373,376.756529,410.676394,849,864941,3600.000000,0,0,0,GUROBI,1,0,0,0,0,0,0,0,0,0,0
