instanceIndex,seedIndex,vpcGenerator,terms,lpBound,disjunctiveDualBound,lpBoundPostVpc,rootDualBound,dualBound,primalBound,vpcGenerationTime,rootDualBoundTime,bestSolutionTime,terminationTime,nodes,iterations,maxTime,actualTerms,numCuts,cutLimit,mipSolver,providePrimalBound,infeasibleTerms,feasibleToInfeasibleTerms,infeasibleToFeasibleTerms,termRemainsFeasibleBasisInfeasible,cutsChangedCoefficients,feasibleTermsPrunedByBound,tighten_disjunction,tighten_matrix_perturbation,tighten_infeasible_to_feasible_term,tighten_feasible_to_infeasible_basis
0,0,New,64,6.727060,7.019955,6.941130,19.275790,23.808452,24.785775,29.967976,37.351698,2152.646715,3629.969715,23665,6466230,3600.000000,64,15,15,GUROBI,1,37,0,0,0,0,0,0,0,0,0
1,0,Basis,64,6.477063,6.769958,6.615491,18.578613,23.400329,24.785820,1.473267,9.372479,2699.813114,3601.474897,23384,6479647,3600.000000,64,15,0,GUROBI,1,37,0,0,0,0,0,0,0,0,1
2,0,Basis,64,4.604931,4.706843,4.604931,16.944978,22.672953,24.785820,1.658806,7.641112,1430.645300,3601.671029,40675,10764623,3600.000000,64,15,0,GUROBI,1,37,0,0,0,0,0,0,0,0,1
3,0,Basis,64,2.105204,2.742394,2.180114,15.923672,22.588375,24.785786,1.816170,7.605007,3601.818220,3601.818924,28311,8169941,3600.000000,64,15,0,GUROBI,1,37,0,0,0,0,0,0,0,0,1
4,0,Basis,64,5.664646,5.957541,5.751717,17.168139,21.882716,24.785770,1.390199,6.339644,2293.849216,3601.395467,69703,10093213,3600.000000,64,15,0,GUROBI,1,37,0,0,0,0,0,0,0,0,1
