instanceIndex,seedIndex,vpcGenerator,terms,lpBound,disjunctiveDualBound,lpBoundPostVpc,rootDualBound,dualBound,primalBound,vpcGenerationTime,rootDualBoundTime,bestSolutionTime,terminationTime,nodes,iterations,maxTime,actualTerms,numCuts,cutLimit,mipSolver,providePrimalBound,infeasibleTerms,feasibleToInfeasibleTerms,infeasibleToFeasibleTerms,termRemainsFeasibleBasisInfeasible,cutsChangedCoefficients,feasibleTermsPrunedByBound,tighten_disjunction,tighten_matrix_perturbation,tighten_infeasible_to_feasible_term,tighten_feasible_to_infeasible_basis
0,0,New,64,36590350.000000,36590350.000000,36590350.000000,42977792.501977,44265530.382932,44269807.528174,27.064197,27.568728,28.056457,51.772717,12768,107476,3600.000000,66,71,71,GUROBI,1,28,0,0,0,0,0,0,0,0,0
1,0,NoDisjunction,64,36532835.447292,36539792.476003,36532835.447292,42887024.146663,44219380.585498,44223754.906632,1.206308,1.553894,100.990211,120.734301,37587,503882,3600.000000,66,71,0,GUROBI,1,28,0,0,0,0,0,0,1,1,1
2,0,NoDisjunction,64,36483398.097832,36492019.559848,36483398.097832,42894297.011431,44149539.995943,44153697.112176,1.196889,1.611337,101.401120,109.632340,25224,448977,3600.000000,66,71,0,GUROBI,1,28,0,0,0,0,0,0,1,1,1
3,0,NoDisjunction,64,36532310.320803,36538498.374677,36532310.320803,42874668.723439,44213736.972284,44218150.752688,1.178818,1.550269,20.561814,111.541904,33073,533728,3600.000000,66,71,0,GUROBI,1,28,0,0,0,0,0,0,1,1,1
4,0,NoDisjunction,64,36511596.252656,36513989.255650,36511596.252656,42930941.652149,44191950.898532,44196364.162923,1.117802,1.471750,62.430798,84.198586,27385,399285,3600.000000,66,71,0,GUROBI,1,28,0,0,0,0,0,0,1,1,1
5,0,NoDisjunction,64,36487045.735687,36487046.731969,36487045.735687,42898746.711838,44164457.479406,44164817.496398,1.164397,1.571737,73.438818,74.858895,23451,395181,3600.000000,66,71,0,GUROBI,1,28,0,0,0,0,0,0,1,1,1
