instanceIndex,seedIndex,vpcGenerator,terms,lpBound,disjunctiveDualBound,lpBoundPostVpc,rootDualBound,dualBound,primalBound,vpcGenerationTime,rootDualBoundTime,bestSolutionTime,terminationTime,nodes,iterations,maxTime,actualTerms,numCuts,cutLimit,mipSolver,providePrimalBound,infeasibleTerms,feasibleToInfeasibleTerms,infeasibleToFeasibleTerms,termRemainsFeasibleBasisInfeasible,cutsChangedCoefficients,feasibleTermsPrunedByBound,tighten_disjunction,tighten_matrix_perturbation,tighten_infeasible_to_feasible_term,tighten_feasible_to_infeasible_basis
0,0,New,4,-18902.810023,-18796.898852,-18827.053350,-18115.581484,-17905.000000,-17905.000000,4036.050893,4055.429707,4056.393566,4065.076361,120,25072,3600.000000,4,215,850,GUROBI,1,0,0,0,0,0,0,0,0,0,0
1,0,Disjunction,4,-18920.756340,-18816.167480,-18848.255636,-18131.479510,-17926.000000,-17926.000000,0.358759,23.909951,25.709069,31.230675,59,20792,3600.000000,4,215,0,GUROBI,1,0,0,0,0,0,0,1,0,0,0
2,0,Disjunction,4,-18933.648384,-18826.484192,-18861.327728,-18180.516105,-17939.000000,-17939.000000,0.364281,14.287702,15.076436,29.044503,279,34313,3600.000000,4,215,0,GUROBI,1,0,0,0,0,0,0,1,0,0,0
3,0,Disjunction,4,-18910.396292,-18804.156157,-18835.030273,-18102.984402,-17904.000000,-17904.000000,0.365365,18.717271,19.380397,23.966082,55,19658,3600.000000,4,215,0,GUROBI,1,0,0,0,0,0,0,1,0,0,0
4,0,Disjunction,4,-18899.038045,-18790.681890,-18825.565016,-18103.895189,-17891.000000,-17891.000000,0.409494,21.452702,22.269378,26.452945,45,17834,3600.000000,4,215,0,GUROBI,1,0,0,0,0,0,0,1,0,0,0
