instanceIndex,seedIndex,vpcGenerator,terms,lpBound,disjunctiveDualBound,lpBoundPostVpc,rootDualBound,dualBound,primalBound,vpcGenerationTime,rootDualBoundTime,bestSolutionTime,terminationTime,nodes,iterations,maxTime,actualTerms,numCuts,cutLimit,mipSolver,providePrimalBound,infeasibleTerms,feasibleToInfeasibleTerms,infeasibleToFeasibleTerms,termRemainsFeasibleBasisInfeasible,cutsChangedCoefficients,feasibleTermsPrunedByBound,tighten_disjunction,tighten_matrix_perturbation,tighten_infeasible_to_feasible_term,tighten_feasible_to_infeasible_basis
0,0,New,4,6.727060,6.771595,6.771595,17.876508,22.965663,24.785775,2.680805,6.569600,3554.347076,3602.682508,28647,8357537,3600.000000,4,15,15,GUROBI,1,0,0,0,0,0,0,0,0,0,0
1,0,New,4,6.477063,6.521598,6.521598,18.494723,22.455747,24.785820,2.656339,10.333998,3602.660433,3602.661038,33238,6343339,3600.000000,4,17,17,GUROBI,1,0,0,0,0,0,0,0,0,0,0
2,0,New,4,4.604931,5.060393,5.022598,17.532772,23.928703,24.785820,2.987415,9.746648,3602.988695,3602.989280,30142,7187488,3600.000000,4,14,17,GUROBI,1,0,0,0,0,0,0,0,0,0,0
3,0,New,4,2.105204,3.353145,2.771880,15.459581,22.591565,24.785786,3.338557,9.296853,1198.056583,3603.340854,28934,6634784,3600.000000,4,15,24,GUROBI,1,0,0,0,0,0,0,0,0,0,0
4,0,New,4,5.664646,5.709181,5.709181,17.756734,22.786481,24.785770,3.139823,9.867659,3265.018299,3603.147166,33685,7448967,3600.000000,4,22,22,GUROBI,1,0,0,0,0,0,0,0,0,0,0
