instanceIndex,seedIndex,vpcGenerator,terms,lpBound,disjunctiveDualBound,lpBoundPostVpc,rootDualBound,dualBound,primalBound,vpcGenerationTime,rootDualBoundTime,bestSolutionTime,terminationTime,nodes,iterations,maxTime,actualTerms,numCuts,cutLimit,mipSolver,providePrimalBound,infeasibleTerms,feasibleToInfeasibleTerms,infeasibleToFeasibleTerms,termRemainsFeasibleBasisInfeasible,cutsChangedCoefficients,feasibleTermsPrunedByBound,tighten_disjunction,tighten_matrix_perturbation,tighten_infeasible_to_feasible_term,tighten_feasible_to_infeasible_basis
0,0,New,4,6.727060,6.771595,6.771595,18.471832,24.284604,24.785775,2.691775,9.447102,3294.831236,3602.693344,24800,7628967,3600.000000,4,15,15,GUROBI,1,0,0,0,0,0,0,0,0,0,0
1,0,All,4,6.727060,6.771595,6.771595,19.075953,23.927874,24.785820,0.421890,8.181372,3600.437954,3600.438484,26287,6595468,3600.000000,4,15,0,GUROBI,1,0,0,0,0,9,0,1,1,1,1
2,0,All,4,6.210938,6.210938,6.210938,18.187406,21.663476,21.665610,0.523435,6.817828,2467.797749,2467.798298,19817,4924905,3600.000000,4,15,0,GUROBI,1,0,0,0,0,9,0,1,1,1,1
3,0,All,4,6.727060,6.771595,6.771595,19.284431,22.978758,24.785820,0.080514,10.141359,2552.449960,3600.085585,39567,8318614,3600.000000,4,15,0,GUROBI,1,0,0,0,0,0,0,1,1,1,1
4,0,All,4,6.077333,6.121868,6.121868,17.439941,21.836499,21.837168,0.119314,5.255254,587.352825,618.598108,5571,928555,3600.000000,4,15,0,GUROBI,1,0,0,0,0,0,0,1,1,1,1
