instanceIndex,seedIndex,vpcGenerator,terms,lpBound,disjunctiveDualBound,lpBoundPostVpc,rootDualBound,dualBound,primalBound,vpcGenerationTime,rootDualBoundTime,bestSolutionTime,terminationTime,nodes,iterations,maxTime,actualTerms,numCuts,cutLimit,mipSolver,providePrimalBound,infeasibleTerms,feasibleToInfeasibleTerms,infeasibleToFeasibleTerms,termRemainsFeasibleBasisInfeasible,cutsChangedCoefficients,feasibleTermsPrunedByBound,tighten_disjunction,tighten_matrix_perturbation,tighten_infeasible_to_feasible_term,tighten_feasible_to_infeasible_basis
0,0,New,4,6519541.944917,6519892.961004,6519541.944917,11486166.666394,11489552.661667,11490666.666274,1.254882,1.978374,2.554878,6.517228,566,44692,3600.000000,4,5,202,GUROBI,1,0,0,0,0,0,0,0,0,0,0
1,0,New,4,6264677.041958,6265462.541019,6265077.290443,11219579.251652,11226468.977756,11226544.187433,0.811914,1.552754,662.764721,662.824787,83599,3085013,3600.000000,4,5,226,GUROBI,1,0,0,0,0,0,0,0,0,0,0
2,0,New,4,6235110.930678,6242869.470993,6240298.535144,11187502.934693,11192448.487008,11192557.604144,0.682356,1.314487,10.393720,10.441574,788,30419,3600.000000,4,4,224,GUROBI,1,0,0,0,0,0,0,0,0,0,0
3,0,New,4,6171118.629493,6177514.193207,6173414.396314,10873358.786048,10882742.866654,10883078.754467,0.582855,1.206438,406.717746,406.765654,60804,2099737,3600.000000,4,2,214,GUROBI,1,0,0,0,0,0,0,0,0,0,0
4,0,New,4,6165409.651931,6171754.964625,6166268.325328,10927254.995025,10932228.695134,10932997.533076,0.722909,1.337137,50.168459,50.170420,7418,257052,3600.000000,4,2,221,GUROBI,1,0,0,0,0,0,0,0,0,0,0
5,0,New,4,6329762.262475,6329768.915079,6329768.915079,11154062.539163,11163760.478220,11164799.991136,0.753999,1.469022,2261.075010,2261.121911,234077,10854757,3600.000000,4,7,215,GUROBI,1,0,0,0,0,0,0,0,0,0,0
