instanceIndex,seedIndex,vpcGenerator,terms,lpBound,disjunctiveDualBound,lpBoundPostVpc,rootDualBound,dualBound,primalBound,vpcGenerationTime,rootDualBoundTime,bestSolutionTime,terminationTime,nodes,iterations,maxTime,actualTerms,numCuts,cutLimit,mipSolver,providePrimalBound,infeasibleTerms,feasibleToInfeasibleTerms,infeasibleToFeasibleTerms,termRemainsFeasibleBasisInfeasible,cutsChangedCoefficients,feasibleTermsPrunedByBound,tighten_disjunction,tighten_matrix_perturbation,tighten_infeasible_to_feasible_term,tighten_feasible_to_infeasible_basis
0,0,New,4,2035.362225,2140.949539,2136.459599,2690.699852,3201.000000,3201.000000,21.941376,25.917654,72.404060,79.399760,1344,162001,3600.000000,4,12,97,GUROBI,1,2,0,0,0,0,0,0,0,0,0
1,0,NoDisjunction,4,2034.062059,2139.594192,2135.579810,2702.543727,3201.000000,3201.000000,0.771043,7.071945,24.409757,34.279847,709,88064,3600.000000,4,12,0,GUROBI,1,2,0,0,0,10,0,0,1,1,1
2,0,NoDisjunction,4,2035.362225,2140.949539,2136.459599,2687.985464,3201.000000,3201.000000,1.011203,7.042761,58.668769,71.147470,920,124616,3600.000000,4,12,0,GUROBI,1,2,0,0,0,11,0,0,1,1,1
3,0,NoDisjunction,4,2035.558235,2141.821945,2137.478377,2434.247452,3201.000000,3201.000000,0.428740,9.244620,66.353803,71.701091,1191,126397,3600.000000,4,12,0,GUROBI,1,2,0,0,2,11,0,0,1,1,1
4,0,NoDisjunction,4,2035.362225,2140.949539,2136.459599,2702.961999,3201.000000,3201.000000,0.759229,5.675526,36.294793,36.295377,772,74711,3600.000000,4,12,0,GUROBI,1,2,0,0,0,6,0,0,1,1,1
