instanceIndex,seedIndex,vpcGenerator,terms,lpBound,disjunctiveDualBound,lpBoundPostVpc,rootDualBound,dualBound,primalBound,vpcGenerationTime,rootDualBoundTime,bestSolutionTime,terminationTime,nodes,iterations,maxTime,actualTerms,numCuts,cutLimit,mipSolver,providePrimalBound,infeasibleTerms,feasibleToInfeasibleTerms,infeasibleToFeasibleTerms,termRemainsFeasibleBasisInfeasible,cutsChangedCoefficients,feasibleTermsPrunedByBound,tighten_disjunction,tighten_matrix_perturbation,tighten_infeasible_to_feasible_term,tighten_feasible_to_infeasible_basis
0,0,New,4,-18525.765543,-18442.043263,-18461.893273,-17868.242693,-17380.000000,-17380.000000,4446.300197,4453.920548,4690.930201,4690.930594,1900,349946,3600.000000,4,174,857,GUROBI,1,0,0,0,0,0,0,0,0,0,0
1,0,Matrix,4,-18488.289908,-18409.476413,-18444.100330,-17835.265798,-17004.000000,-17003.000000,0.409898,21.225852,1700.285960,1700.286337,14955,2163112,3600.000000,4,174,0,GUROBI,1,0,0,0,4,174,0,0,1,0,0
2,0,Matrix,4,-18528.695431,-18448.798172,-18482.363715,-17808.171284,-16887.000000,-16886.000000,0.410073,23.769275,999.241899,1035.416867,11491,1745613,3600.000000,4,174,0,GUROBI,1,0,0,0,4,174,0,0,1,0,0
3,0,Matrix,4,-18527.502920,-18452.456712,-18469.085795,-17842.520973,-17380.000000,-17380.000000,0.370392,17.671704,118.607144,118.607529,839,151477,3600.000000,4,174,0,GUROBI,1,0,0,0,4,174,0,0,1,0,0
4,0,Matrix,4,-18531.286500,-18446.709349,-18471.917845,-17827.798009,-17178.000000,-17178.000000,0.411800,17.167821,167.285648,251.203924,1619,340861,3600.000000,4,174,0,GUROBI,1,0,0,0,4,174,0,0,1,0,0
