instanceIndex,seedIndex,vpcGenerator,terms,lpBound,disjunctiveDualBound,lpBoundPostVpc,rootDualBound,dualBound,primalBound,vpcGenerationTime,rootDualBoundTime,bestSolutionTime,terminationTime,nodes,iterations,maxTime,actualTerms,numCuts,cutLimit,mipSolver,providePrimalBound,infeasibleTerms,feasibleToInfeasibleTerms,infeasibleToFeasibleTerms,termRemainsFeasibleBasisInfeasible,cutsChangedCoefficients,feasibleTermsPrunedByBound,tighten_disjunction,tighten_matrix_perturbation,tighten_infeasible_to_feasible_term,tighten_feasible_to_infeasible_basis
0,0,New,4,8877.000000,8894.285714,8891.018746,9975.285714,14392.000000,14393.000000,0.729670,0.816535,300.809940,1914.268839,4344276,25400795,3600.000000,4,24,24,GUROBI,1,0,0,0,0,0,0,0,0,0,0
1,0,NoDisjunction,4,8853.857143,8870.857143,8869.450038,10301.000000,13433.909091,14424.000000,0.009951,0.106250,2306.191753,3600.011093,2850136,18454137,3600.000000,4,24,0,GUROBI,1,0,0,0,0,0,0,0,1,1,1
2,0,NoDisjunction,4,8827.803571,8845.642857,8842.258929,10454.313285,14380.571429,14382.000000,0.014762,0.138858,2845.058833,2887.378219,4351359,26198332,3600.000000,4,24,0,GUROBI,1,0,0,0,0,0,0,0,1,1,1
3,0,NoDisjunction,4,8838.223214,8856.428571,8856.428571,10059.926037,13353.750000,14394.000000,0.012927,0.119446,1723.680801,3600.014515,3059959,18546306,3600.000000,4,24,0,GUROBI,1,0,0,0,0,0,0,0,1,1,1
