instanceIndex,seedIndex,vpcGenerator,terms,lpBound,disjunctiveDualBound,lpBoundPostVpc,rootDualBound,dualBound,primalBound,vpcGenerationTime,rootDualBoundTime,bestSolutionTime,terminationTime,nodes,iterations,maxTime,actualTerms,numCuts,cutLimit,mipSolver,providePrimalBound,infeasibleTerms,feasibleToInfeasibleTerms,infeasibleToFeasibleTerms,termRemainsFeasibleBasisInfeasible,cutsChangedCoefficients,feasibleTermsPrunedByBound,tighten_disjunction,tighten_matrix_perturbation,tighten_infeasible_to_feasible_term,tighten_feasible_to_infeasible_basis
0,0,None,4,87.576118,87.576118,87.576118,89.476650,91.000000,91.000000,0.000002,3.729631,7.782212,7.945111,384,21678,3600.000000,0,0,0,GUROBI,1,0,0,0,0,0,0,0,0,0,0
1,0,None,4,87.576118,87.576118,87.576118,89.587712,91.000000,91.000000,0.000002,3.157093,7.148455,24.323327,571,39141,3600.000000,0,0,0,GUROBI,1,0,0,0,0,0,0,0,0,0,0
2,0,None,4,87.568666,87.568666,87.568666,89.479139,91.000000,91.000000,0.000003,3.109591,7.126495,12.879927,528,26408,3600.000000,0,0,0,GUROBI,1,0,0,0,0,0,0,0,0,0,0
3,0,None,4,87.576118,87.576118,87.576118,89.349321,91.000000,91.000000,0.000002,3.186758,20.171905,29.559474,1147,78267,3600.000000,0,0,0,GUROBI,1,0,0,0,0,0,0,0,0,0,0
4,0,None,4,87.426995,87.426995,87.426995,89.092757,91.000000,91.000000,0.000002,2.959505,27.799040,27.799422,853,54064,3600.000000,0,0,0,GUROBI,1,0,0,0,0,0,0,0,0,0,0
5,0,None,4,87.576118,87.576118,87.576118,89.537219,91.000000,91.000000,0.000002,3.241888,6.652376,22.249095,870,58575,3600.000000,0,0,0,GUROBI,1,0,0,0,0,0,0,0,0,0,0
