instanceIndex,seedIndex,vpcGenerator,terms,lpBound,disjunctiveDualBound,lpBoundPostVpc,rootDualBound,dualBound,primalBound,vpcGenerationTime,rootDualBoundTime,bestSolutionTime,terminationTime,nodes,iterations,maxTime,actualTerms,numCuts,cutLimit,mipSolver,providePrimalBound,infeasibleTerms,feasibleToInfeasibleTerms,infeasibleToFeasibleTerms,termRemainsFeasibleBasisInfeasible,cutsChangedCoefficients,feasibleTermsPrunedByBound,tighten_disjunction,tighten_matrix_perturbation,tighten_infeasible_to_feasible_term,tighten_feasible_to_infeasible_basis
0,0,New,64,10.143845,10.781092,10.712823,24.167579,30.196134,33.384730,77.523496,96.847904,3677.526126,3677.526982,15915,3818131,3600.000000,65,33,33,GUROBI,1,52,0,0,0,0,0,0,0,0,0
1,0,Disjunction,64,10.143845,10.781092,10.712823,24.394893,30.174272,33.384730,3.289717,19.004780,3603.290756,3603.291617,14229,3387612,3600.000000,65,33,0,GUROBI,1,52,0,0,0,0,0,1,0,0,0
2,0,Disjunction,64,1.614425,1.614425,1.614425,18.372381,25.919854,29.213103,3.279662,16.988639,3603.280752,3603.282906,17599,4142438,3600.000000,65,33,0,GUROBI,1,52,0,0,0,0,0,1,0,0,0
3,0,Disjunction,64,0.791092,1.428338,1.262234,16.548256,23.242838,26.798940,2.467285,14.981110,3602.468921,3602.469975,22179,4593698,3600.000000,65,33,0,GUROBI,1,52,0,0,0,0,0,1,0,0,0
4,0,Disjunction,64,10.143845,10.781092,10.712823,24.397969,29.454198,33.384730,3.299279,18.032512,864.024105,3603.308197,17359,4817432,3600.000000,65,33,0,GUROBI,1,52,0,0,0,0,0,1,0,0,0
