instanceIndex,seedIndex,vpcGenerator,terms,lpBound,disjunctiveDualBound,lpBoundPostVpc,rootDualBound,dualBound,primalBound,vpcGenerationTime,rootDualBoundTime,bestSolutionTime,terminationTime,nodes,iterations,maxTime,actualTerms,numCuts,cutLimit,mipSolver,providePrimalBound,infeasibleTerms,feasibleToInfeasibleTerms,infeasibleToFeasibleTerms,termRemainsFeasibleBasisInfeasible,cutsChangedCoefficients,feasibleTermsPrunedByBound,tighten_disjunction,tighten_matrix_perturbation,tighten_infeasible_to_feasible_term,tighten_feasible_to_infeasible_basis
0,0,New,4,6519541.944917,6519892.961004,6519541.944917,11486166.665959,11490577.973821,11490666.666634,0.627985,1.606833,7.851083,7.851330,592,60887,3600.000000,4,5,202,GUROBI,1,0,0,0,0,0,0,0,0,0,0
1,0,NoDisjunction,4,6264677.041958,6264768.993853,6264677.041958,11219553.893197,11226490.071112,11226591.245433,0.094226,0.843657,1184.308608,1184.308932,172412,6830561,3600.000000,4,5,0,GUROBI,1,0,0,0,0,0,0,0,1,1,1
2,0,NoDisjunction,4,6235110.930678,6235117.435366,6235114.332973,11187521.351485,11192446.616047,11192557.604144,0.126105,0.750669,10.330942,10.331174,626,24946,3600.000000,4,5,0,GUROBI,1,0,0,0,0,0,0,0,1,1,1
3,0,NoDisjunction,4,6171118.629493,6171603.980119,6171118.629493,10873365.936467,10882588.961134,10883302.660467,0.105440,0.728761,449.479387,463.832330,65490,2467918,3600.000000,4,5,0,GUROBI,1,0,0,0,0,0,0,0,1,1,1
4,0,NoDisjunction,4,6165409.651931,6165476.847175,6165409.651931,10927255.126327,10932294.198988,10932567.427075,0.107782,0.728567,84.967370,84.969969,12974,447164,3600.000000,4,5,0,GUROBI,1,0,0,0,0,0,0,0,1,1,1
5,0,NoDisjunction,4,6329762.262475,6329876.492891,6329762.262475,11153961.360313,11163656.959431,11164510.205809,0.084899,0.802639,2137.639341,2137.744574,255578,10968445,3600.000000,4,5,0,GUROBI,1,0,0,0,0,0,0,0,1,1,1
