instanceIndex,seedIndex,vpcGenerator,terms,lpBound,disjunctiveDualBound,lpBoundPostVpc,rootDualBound,dualBound,primalBound,vpcGenerationTime,rootDualBoundTime,bestSolutionTime,terminationTime,nodes,iterations,maxTime,actualTerms,numCuts,cutLimit,mipSolver,providePrimalBound,infeasibleTerms,feasibleToInfeasibleTerms,infeasibleToFeasibleTerms,termRemainsFeasibleBasisInfeasible,cutsChangedCoefficients,feasibleTermsPrunedByBound,tighten_disjunction,tighten_matrix_perturbation,tighten_infeasible_to_feasible_term,tighten_feasible_to_infeasible_basis
0,0,New,4,6.727060,6.771595,6.771595,19.195269,23.838094,24.785775,2.273071,9.465575,2215.040889,3602.274615,22886,7416501,3600.000000,4,15,15,GUROBI,1,0,0,0,0,0,0,0,0,0,0
1,0,All,4,6.727060,6.771595,6.771595,18.742550,23.937744,24.785820,0.085049,5.901789,3600.088726,3600.089154,31044,9293468,3600.000000,4,15,0,GUROBI,1,0,0,0,0,0,0,1,1,1,1
2,0,All,4,6.727060,6.771595,6.771595,18.594996,24.157468,24.785820,0.064108,5.688501,2985.834957,3600.067757,34459,8468635,3600.000000,4,15,0,GUROBI,1,0,0,0,0,0,0,1,1,1,1
3,0,All,4,6.727060,6.771595,6.771595,19.329308,24.783484,24.785820,0.058066,4.974822,3025.737700,3316.294054,35267,9661519,3600.000000,4,15,0,GUROBI,1,0,0,0,0,0,0,1,1,1,1
4,0,All,4,6.727060,6.771595,6.771595,18.017542,24.783348,24.785820,0.061544,3.701312,2386.758002,2386.758309,35396,7256552,3600.000000,4,15,0,GUROBI,1,0,0,0,0,0,0,1,1,1,1
