instanceIndex,seedIndex,vpcGenerator,terms,lpBound,disjunctiveDualBound,lpBoundPostVpc,rootDualBound,dualBound,primalBound,vpcGenerationTime,rootDualBoundTime,bestSolutionTime,terminationTime,nodes,iterations,maxTime,actualTerms,numCuts,cutLimit,mipSolver,providePrimalBound,infeasibleTerms,feasibleToInfeasibleTerms,infeasibleToFeasibleTerms,termRemainsFeasibleBasisInfeasible,cutsChangedCoefficients,feasibleTermsPrunedByBound,tighten_disjunction,tighten_matrix_perturbation,tighten_infeasible_to_feasible_term,tighten_feasible_to_infeasible_basis
0,0,New,64,103.403157,106.420406,105.980895,113.151124,119.000000,119.000000,9.960692,10.102867,11.262526,11.630549,1597,22998,3600.000000,64,8,28,GUROBI,1,16,0,0,0,0,0,0,0,0,0
1,0,Basis,64,103.710849,106.475720,103.713432,116.102520,124.000000,124.000000,0.373039,0.556250,1.834457,1.891382,1692,20062,3600.000000,64,8,0,GUROBI,1,29,13,0,35,6,0,0,0,0,1
2,0,Basis,64,107.182171,109.568224,107.203006,123.951272,131.000000,131.000000,0.389322,0.557299,1.790502,2.437522,1120,17007,3600.000000,64,8,0,GUROBI,1,16,0,0,48,7,0,0,0,0,1
3,0,Basis,64,112.196572,114.834303,112.196572,127.332180,133.000000,133.000000,0.446919,0.658239,1.084478,1.211285,615,8662,3600.000000,64,8,0,GUROBI,1,29,13,0,35,6,0,0,0,0,1
4,0,Basis,64,102.824277,105.019049,102.865921,116.464331,120.000000,120.000000,0.267860,0.498046,0.921260,0.933848,481,6788,3600.000000,64,8,0,GUROBI,1,18,2,0,46,6,0,0,0,0,1
