instanceIndex,seedIndex,vpcGenerator,terms,lpBound,disjunctiveDualBound,lpBoundPostVpc,rootDualBound,dualBound,primalBound,vpcGenerationTime,rootDualBoundTime,bestSolutionTime,terminationTime,nodes,iterations,maxTime,actualTerms,numCuts,cutLimit,mipSolver,providePrimalBound,infeasibleTerms,feasibleToInfeasibleTerms,infeasibleToFeasibleTerms,termRemainsFeasibleBasisInfeasible,cutsChangedCoefficients,feasibleTermsPrunedByBound,tighten_disjunction,tighten_matrix_perturbation,tighten_infeasible_to_feasible_term,tighten_feasible_to_infeasible_basis
0,0,New,4,6.727060,6.771595,6.771595,18.342698,23.686713,24.785775,2.598768,8.304383,3602.599768,3602.600314,22645,6173842,3600.000000,4,15,15,GUROBI,1,0,0,0,0,0,0,0,0,0,0
1,0,NoDisjunction,4,6.372412,6.372412,6.372412,18.569362,22.834986,22.837190,0.799470,7.195578,2324.233592,2414.084658,45653,6166066,3600.000000,4,15,0,GUROBI,1,0,0,0,0,15,0,0,1,1,1
2,0,NoDisjunction,4,4.884158,4.884158,4.884158,14.665085,18.778669,18.779258,0.943338,4.974075,531.012502,531.013040,9514,1309965,3600.000000,4,15,0,GUROBI,1,0,0,0,1,15,0,0,1,1,1
3,0,NoDisjunction,4,5.084297,5.128832,5.084297,14.339171,17.015330,17.015330,1.033430,3.756073,275.639168,275.639696,3529,447269,3600.000000,4,15,0,GUROBI,1,0,0,0,3,15,0,0,1,1,1
4,0,NoDisjunction,4,6.239628,6.284163,6.284162,17.196911,21.637777,24.607634,0.772258,6.169166,2660.342133,3600.777431,33477,6682676,3600.000000,4,15,0,GUROBI,1,0,0,0,0,15,0,0,1,1,1
