instanceIndex,seedIndex,vpcGenerator,terms,lpBound,disjunctiveDualBound,lpBoundPostVpc,rootDualBound,dualBound,primalBound,vpcGenerationTime,rootDualBoundTime,bestSolutionTime,terminationTime,nodes,iterations,maxTime,actualTerms,numCuts,cutLimit,mipSolver,providePrimalBound,infeasibleTerms,feasibleToInfeasibleTerms,infeasibleToFeasibleTerms,termRemainsFeasibleBasisInfeasible,cutsChangedCoefficients,feasibleTermsPrunedByBound,tighten_disjunction,tighten_matrix_perturbation,tighten_infeasible_to_feasible_term,tighten_feasible_to_infeasible_basis
0,0,New,4,-1216923.270104,-1114006.597056,-1114006.597056,-591192.760830,-59908.084254,12940.219678,1.876084,2.239034,3601.876775,3601.876943,1671137,37836853,3600.000000,4,30,41,GUROBI,1,0,0,0,0,0,0,0,0,0,0
1,0,All,4,-1437626.238262,-1334499.909817,-1420493.466892,-840518.534688,-73527.643346,-73520.435503,0.030519,0.588570,353.871148,739.115821,622080,6776259,3600.000000,4,30,0,GUROBI,1,0,0,0,0,0,0,1,1,1,1
2,0,All,4,-1417390.624011,-1327093.248361,-1412555.900683,-860707.930666,-123091.166872,-123079.837697,0.023595,0.330766,152.991307,411.986925,306154,3952268,3600.000000,4,30,0,GUROBI,1,0,0,0,0,0,0,1,1,1,1
3,0,All,4,-1764006.248720,-1684085.088488,-1764006.248720,-1177467.727166,-434455.023989,-434413.464852,0.026947,0.433662,366.837918,366.838109,261084,3451764,3600.000000,4,30,0,GUROBI,1,0,0,0,0,0,0,1,1,1,1
4,0,All,4,-3327025.450286,-3248918.954406,-3327025.450286,-2599543.943675,-1608420.063647,-1608293.526045,0.035508,0.572251,59.062769,59.062932,35369,559613,3600.000000,4,30,0,GUROBI,1,0,0,0,0,0,0,1,1,1,1
