instanceIndex,seedIndex,vpcGenerator,terms,lpBound,disjunctiveDualBound,lpBoundPostVpc,rootDualBound,dualBound,primalBound,vpcGenerationTime,rootDualBoundTime,bestSolutionTime,terminationTime,nodes,iterations,maxTime,actualTerms,numCuts,cutLimit,mipSolver,providePrimalBound,infeasibleTerms,feasibleToInfeasibleTerms,infeasibleToFeasibleTerms,termRemainsFeasibleBasisInfeasible,cutsChangedCoefficients,feasibleTermsPrunedByBound,tighten_disjunction,tighten_matrix_perturbation,tighten_infeasible_to_feasible_term,tighten_feasible_to_infeasible_basis
0,0,New,4,5136.205301,5441.169355,5333.672787,5400.478457,6730.000000,6730.000000,204.696700,208.662074,253.003283,253.637911,3031,72879,3600.000000,4,96,96,GUROBI,1,0,0,0,0,0,0,0,0,0,0
1,0,All,4,4937.079096,5233.514720,5112.116082,5176.139864,6504.000000,6504.000000,0.477082,4.780625,122.408082,126.705978,8341,206264,3600.000000,4,96,0,GUROBI,1,0,0,0,0,0,0,1,1,1,1
2,0,All,4,4672.313859,4946.941816,4813.219813,4910.644786,6275.000000,6275.000000,0.553564,4.468604,133.408705,164.868590,13328,320727,3600.000000,4,96,0,GUROBI,1,0,0,0,0,0,0,1,1,1,1
3,0,All,4,5069.773694,5363.922222,5255.253350,5315.053750,6675.000000,6675.000000,0.453333,3.996082,79.673381,79.674129,6485,151370,3600.000000,4,96,0,GUROBI,1,0,0,0,0,0,0,1,1,1,1
4,0,All,4,4924.985475,5218.296851,5092.800327,5187.078586,6528.000000,6528.000000,0.492249,4.157632,87.914694,89.618184,6450,155217,3600.000000,4,96,0,GUROBI,1,0,0,0,0,0,0,1,1,1,1
5,0,All,4,4987.411708,5285.133333,5170.366859,5237.966679,6588.000000,6588.000000,0.465304,3.982720,123.569714,134.494995,11275,284564,3600.000000,4,96,0,GUROBI,1,0,0,0,0,0,0,1,1,1,1
