instanceIndex,seedIndex,vpcGenerator,terms,lpBound,disjunctiveDualBound,lpBoundPostVpc,rootDualBound,dualBound,primalBound,vpcGenerationTime,rootDualBoundTime,bestSolutionTime,terminationTime,nodes,iterations,maxTime,actualTerms,numCuts,cutLimit,mipSolver,providePrimalBound,infeasibleTerms,feasibleToInfeasibleTerms,infeasibleToFeasibleTerms,termRemainsFeasibleBasisInfeasible,cutsChangedCoefficients,feasibleTermsPrunedByBound,tighten_disjunction,tighten_matrix_perturbation,tighten_infeasible_to_feasible_term,tighten_feasible_to_infeasible_basis
0,0,None,4,35591.500000,35591.500000,35591.500000,35954.000000,35954.000000,35954.000000,0.000005,0.061377,0.000005,0.087922,1,63,3600.000000,0,0,0,GUROBI,1,0,0,0,0,0,0,0,0,0,0
1,0,None,4,34999.000000,34999.000000,34999.000000,35954.000000,35954.000000,35954.000000,0.000002,0.045481,0.000002,0.046422,1,54,3600.000000,0,0,0,GUROBI,1,0,0,0,0,0,0,0,0,0,0
2,0,None,4,34951.500000,34951.500000,34951.500000,35954.000000,35954.000000,35954.000000,0.000003,0.039800,0.000003,0.040880,1,63,3600.000000,0,0,0,GUROBI,1,0,0,0,0,0,0,0,0,0,0
3,0,None,4,35317.333333,35317.333333,35317.333333,35591.500000,35954.000000,35954.000000,0.000002,0.046644,0.000002,0.047748,1,41,3600.000000,0,0,0,GUROBI,1,0,0,0,0,0,0,0,0,0,0
4,0,None,4,35218.285714,35218.285714,35218.285714,35954.000000,35954.000000,35954.000000,0.000003,0.042153,0.000003,0.043224,1,64,3600.000000,0,0,0,GUROBI,1,0,0,0,0,0,0,0,0,0,0
5,0,None,4,35591.500000,35591.500000,35591.500000,35954.000000,35954.000000,35954.000000,0.000002,0.063851,0.000002,0.064940,1,67,3600.000000,0,0,0,GUROBI,1,0,0,0,0,0,0,0,0,0,0
