instanceIndex,seedIndex,vpcGenerator,terms,lpBound,disjunctiveDualBound,lpBoundPostVpc,rootDualBound,dualBound,primalBound,vpcGenerationTime,rootDualBoundTime,bestSolutionTime,terminationTime,nodes,iterations,maxTime,actualTerms,numCuts,cutLimit,mipSolver,providePrimalBound,infeasibleTerms,feasibleToInfeasibleTerms,infeasibleToFeasibleTerms,termRemainsFeasibleBasisInfeasible,cutsChangedCoefficients,feasibleTermsPrunedByBound,tighten_disjunction,tighten_matrix_perturbation,tighten_infeasible_to_feasible_term,tighten_feasible_to_infeasible_basis
0,0,New,64,103.403157,106.420406,105.980895,113.134636,119.000000,119.000000,9.913240,10.059118,11.482580,11.567981,1198,17659,3600.000000,64,8,28,GUROBI,1,16,0,0,0,0,0,0,0,0,0
1,0,Farkas,64,103.710849,106.475720,103.713432,116.756900,124.000000,124.000000,0.375820,0.558091,1.984907,1.985898,873,12292,3600.000000,64,8,0,GUROBI,1,29,13,0,35,6,0,0,0,0,0
2,0,Farkas,64,107.182171,109.568224,107.203006,123.951272,131.000000,131.000000,0.390413,0.556794,1.521805,2.003428,1764,21233,3600.000000,64,8,0,GUROBI,1,16,0,0,48,7,0,0,0,0,0
3,0,Farkas,64,112.196572,114.834303,112.196572,127.280973,133.000000,133.000000,0.448823,0.642103,1.083166,1.322498,683,11345,3600.000000,64,8,0,GUROBI,1,29,13,0,35,6,0,0,0,0,0
4,0,Farkas,64,102.824277,105.019049,102.865921,114.261251,120.000000,120.000000,0.267628,0.451234,0.791133,0.867529,412,6334,3600.000000,64,8,0,GUROBI,1,18,2,0,46,6,0,0,0,0,0
