instanceIndex,seedIndex,vpcGenerator,terms,lpBound,disjunctiveDualBound,lpBoundPostVpc,rootDualBound,dualBound,primalBound,vpcGenerationTime,rootDualBoundTime,bestSolutionTime,terminationTime,nodes,iterations,maxTime,actualTerms,numCuts,cutLimit,mipSolver,providePrimalBound,infeasibleTerms,feasibleToInfeasibleTerms,infeasibleToFeasibleTerms,termRemainsFeasibleBasisInfeasible,cutsChangedCoefficients,feasibleTermsPrunedByBound,tighten_disjunction,tighten_matrix_perturbation,tighten_infeasible_to_feasible_term,tighten_feasible_to_infeasible_basis
0,0,New,4,-14653654.824261,-14653590.409652,-14653590.409652,-14627203.296261,-14612192.013007,-14610731.000000,1.086833,1.386821,131.696624,385.342673,210734,2056641,3600.000000,4,4,43,GUROBI,1,1,0,0,0,0,0,0,0,0,0
1,0,All,4,-14480205.242571,-14480017.847962,-14480019.725420,-14447453.564002,-14442543.233230,-14441105.500000,0.090384,0.420595,5.710629,7.251194,4080,61184,3600.000000,4,4,0,GUROBI,1,1,0,0,3,4,0,1,1,1,1
2,0,All,4,-14547931.837730,-14547856.440753,-14547931.837730,-14507559.543980,-14501918.426277,-14500468.500000,0.153408,0.507569,5.615366,8.368042,4729,66870,3600.000000,4,4,0,GUROBI,1,0,0,1,3,4,0,1,1,1,1
3,0,All,4,-14409343.314431,-14408920.099590,-14409343.314431,-14401629.111879,-14401339.278812,-14400563.769110,0.158050,0.449141,0.870653,0.871846,341,4674,3600.000000,4,4,0,GUROBI,1,1,0,0,3,4,0,1,1,1,1
4,0,All,4,-13741016.047819,-13740085.705863,-13741016.047819,-13675140.480898,-13660453.248397,-13659223.335951,0.141542,0.396880,2.832373,2.873448,974,14076,3600.000000,4,4,0,GUROBI,1,1,0,0,3,4,0,1,1,1,1
