instanceIndex,seedIndex,vpcGenerator,terms,lpBound,disjunctiveDualBound,lpBoundPostVpc,rootDualBound,dualBound,primalBound,vpcGenerationTime,rootDualBoundTime,bestSolutionTime,terminationTime,nodes,iterations,maxTime,actualTerms,numCuts,cutLimit,mipSolver,providePrimalBound,infeasibleTerms,feasibleToInfeasibleTerms,infeasibleToFeasibleTerms,termRemainsFeasibleBasisInfeasible,cutsChangedCoefficients,feasibleTermsPrunedByBound,tighten_disjunction,tighten_matrix_perturbation,tighten_infeasible_to_feasible_term,tighten_feasible_to_infeasible_basis
0,0,New,4,0.000000,0.000000,0.000000,0.000000,302.000000,302.000000,1687.701546,1689.050255,1768.307871,1771.265506,11653,414148,3600.000000,4,45,143,GUROBI,1,0,0,0,0,0,0,0,0,0,0
1,0,Term,4,0.000000,0.000000,0.000000,31.032994,302.250000,302.250000,0.109165,3.561895,220.610368,220.610755,12908,854315,3600.000000,4,45,0,GUROBI,1,0,0,0,0,0,0,0,0,1,0
2,0,Term,4,-0.197680,-0.197680,-0.197680,0.000000,301.975187,301.999986,0.262751,1.460270,415.450669,431.060510,7575,1070210,3600.000000,4,45,0,GUROBI,1,0,0,0,0,0,0,0,0,1,0
3,0,Term,4,-0.178395,-0.178395,-0.178395,0.000000,302.000000,302.000000,0.223821,2.018730,121.292152,135.557175,17276,833946,3600.000000,4,45,0,GUROBI,1,0,0,0,0,0,0,0,0,1,0
4,0,Term,4,-0.197680,-0.197680,-0.197680,0.000000,301.972222,301.999990,0.256030,1.408276,68.804599,79.269893,15547,573119,3600.000000,4,45,0,GUROBI,1,0,0,0,0,0,0,0,0,1,0
