instanceIndex,seedIndex,vpcGenerator,terms,lpBound,disjunctiveDualBound,lpBoundPostVpc,rootDualBound,dualBound,primalBound,vpcGenerationTime,rootDualBoundTime,bestSolutionTime,terminationTime,nodes,iterations,maxTime,actualTerms,numCuts,cutLimit,mipSolver,providePrimalBound,infeasibleTerms,feasibleToInfeasibleTerms,infeasibleToFeasibleTerms,termRemainsFeasibleBasisInfeasible,cutsChangedCoefficients,feasibleTermsPrunedByBound,tighten_disjunction,tighten_matrix_perturbation,tighten_infeasible_to_feasible_term,tighten_feasible_to_infeasible_basis
0,0,None,4,286.534383,286.534383,286.534383,315.521667,2270.696000,2270.850000,0.000003,1.444425,994.627160,994.627483,97006,5036177,3600.000000,0,0,0,GUROBI,1,0,0,0,0,0,0,0,0,0,0
1,0,None,4,286.534383,286.534383,286.534383,315.521667,2270.850000,2270.850000,0.000002,1.561107,602.096439,1014.879967,151994,5611120,3600.000000,0,0,0,GUROBI,1,0,0,0,0,0,0,0,0,0,0
2,0,None,4,286.534383,286.534383,286.534383,315.159874,2270.850000,2270.850000,0.000001,1.215899,951.466522,1123.176124,135888,5204105,3600.000000,0,0,0,GUROBI,1,0,0,0,0,0,0,0,0,0,0
3,0,None,4,286.534383,286.534383,286.534383,315.521667,2270.850000,2270.850000,0.000002,1.544226,1174.248812,1217.500018,130874,6982527,3600.000000,0,0,0,GUROBI,1,0,0,0,0,0,0,0,0,0,0
