instanceIndex,seedIndex,vpcGenerator,terms,lpBound,disjunctiveDualBound,lpBoundPostVpc,rootDualBound,dualBound,primalBound,vpcGenerationTime,rootDualBoundTime,bestSolutionTime,terminationTime,nodes,iterations,maxTime,actualTerms,numCuts,cutLimit,mipSolver,providePrimalBound,infeasibleTerms,feasibleToInfeasibleTerms,infeasibleToFeasibleTerms,termRemainsFeasibleBasisInfeasible,cutsChangedCoefficients,feasibleTermsPrunedByBound,tighten_disjunction,tighten_matrix_perturbation,tighten_infeasible_to_feasible_term,tighten_feasible_to_infeasible_basis
0,0,New,64,6.727060,7.019955,6.941130,19.074839,23.137970,24.785775,30.691057,39.662922,3575.863748,3630.693007,14499,3185144,3600.000000,64,15,15,GUROBI,1,37,0,0,0,0,0,0,0,0,0
1,0,Basis,64,6.727060,7.019955,6.941130,18.836365,23.523471,24.785820,1.409543,10.181078,3601.411088,3601.411835,20255,6372561,3600.000000,64,15,0,GUROBI,1,37,0,0,0,0,0,0,0,0,1
2,0,Basis,64,6.727060,7.019955,6.941130,19.282783,23.793234,24.785820,1.102926,9.656907,2692.775055,3601.104760,19488,5465273,3600.000000,64,15,0,GUROBI,1,37,0,0,0,0,0,0,0,0,1
3,0,Basis,64,6.602060,6.894955,6.816130,18.575623,23.598903,24.785760,1.520848,7.860480,3601.522206,3601.522956,24550,8092377,3600.000000,64,15,0,GUROBI,1,37,0,0,0,0,0,0,0,0,1
4,0,Basis,64,6.727060,7.019955,6.941130,19.097497,24.319238,24.785755,1.392732,9.320628,3601.393654,3601.394390,27253,8685463,3600.000000,64,15,0,GUROBI,1,37,0,0,0,0,0,0,0,0,1
