instanceIndex,seedIndex,vpcGenerator,terms,lpBound,disjunctiveDualBound,lpBoundPostVpc,rootDualBound,dualBound,primalBound,vpcGenerationTime,rootDualBoundTime,bestSolutionTime,terminationTime,nodes,iterations,maxTime,actualTerms,numCuts,cutLimit,mipSolver,providePrimalBound,infeasibleTerms,feasibleToInfeasibleTerms,infeasibleToFeasibleTerms,termRemainsFeasibleBasisInfeasible,cutsChangedCoefficients,feasibleTermsPrunedByBound,tighten_disjunction,tighten_matrix_perturbation,tighten_infeasible_to_feasible_term,tighten_feasible_to_infeasible_basis
0,0,New,64,6290575.552807,6292070.197386,6292070.197386,6304455.844523,6307386.341248,6307996.000000,135.264080,135.564149,136.354718,137.008144,1116,12158,3600.000000,191,29,29,GUROBI,1,184,0,0,0,0,0,0,0,0,0
1,0,New,64,2382447.310205,2390110.487436,2390110.487436,2544654.838050,2852537.788732,3091216.000000,381.353952,381.755352,3630.704130,3981.356009,989944,38308804,3600.000000,423,52,52,GUROBI,1,421,0,0,0,0,0,0,0,0,0
2,0,New,64,2220825.477791,2273832.294474,2270020.926751,2385121.912036,2838304.342420,2838588.000000,284.283766,284.625186,3046.392648,3524.313353,836092,38292204,3600.000000,456,28,53,GUROBI,1,454,0,0,0,0,0,0,0,0,0
3,0,New,64,2617809.039131,2627514.882522,2626813.801424,2673762.540331,3016898.286606,3017199.000000,751.336255,751.682137,3332.793606,3602.747108,994787,28989002,3600.000000,529,57,57,GUROBI,1,527,0,0,0,0,0,0,0,0,0
4,0,New,64,3149783.780043,3174634.628631,3169235.714376,3231752.564256,3452544.578647,3452887.000000,663.744029,664.548196,807.668869,813.886562,48015,1048408,3600.000000,443,61,61,GUROBI,1,441,0,0,0,0,0,0,0,0,0
