instanceIndex,seedIndex,vpcGenerator,terms,lpBound,disjunctiveDualBound,lpBoundPostVpc,rootDualBound,dualBound,primalBound,vpcGenerationTime,rootDualBoundTime,bestSolutionTime,terminationTime,nodes,iterations,maxTime,actualTerms,numCuts,cutLimit,mipSolver,providePrimalBound,infeasibleTerms,feasibleToInfeasibleTerms,infeasibleToFeasibleTerms,termRemainsFeasibleBasisInfeasible,cutsChangedCoefficients,feasibleTermsPrunedByBound,tighten_disjunction,tighten_matrix_perturbation,tighten_infeasible_to_feasible_term,tighten_feasible_to_infeasible_basis
0,0,New,64,6290575.552807,6292070.197386,6292070.197386,6304425.697564,6307859.487796,6307995.999263,153.479466,153.748745,157.633836,157.634005,948,16186,3600.000000,191,29,29,GUROBI,1,184,0,0,0,0,0,0,0,0,0
1,0,NoDisjunction,64,6290574.728570,6292069.371344,6292069.371344,6304638.043380,6307367.266774,6307997.998766,2.745331,3.012741,4.501135,4.501406,1229,13814,3600.000000,191,29,0,GUROBI,1,184,0,0,0,0,0,0,1,1,1
2,0,NoDisjunction,64,6290572.440789,6292066.737344,6292066.737344,6305874.302714,6307907.322672,6307994.000000,2.993241,3.265600,5.037713,5.038577,818,9389,3600.000000,191,29,0,GUROBI,1,184,0,0,0,0,0,0,1,1,1
3,0,NoDisjunction,64,6290569.701779,6292064.346358,6292064.346358,6306687.970989,6307572.976102,6307993.000000,2.976980,3.330352,5.178409,5.179125,610,7808,3600.000000,191,29,0,GUROBI,1,184,0,0,0,0,0,0,1,1,1
4,0,NoDisjunction,64,6290561.111742,6292055.756321,6292055.756321,6305300.987300,6307356.560067,6307984.000000,3.259142,3.586735,3.875733,4.011499,218,2587,3600.000000,191,29,0,GUROBI,1,184,0,0,0,0,0,0,1,1,1
5,0,NoDisjunction,64,6290586.881854,6292081.526432,6292081.526432,6304625.602318,6307474.964947,6308004.000000,2.721376,3.040491,4.797324,4.799380,679,8326,3600.000000,191,29,0,GUROBI,1,184,0,0,0,0,0,0,1,1,1
