instanceIndex,seedIndex,vpcGenerator,terms,lpBound,disjunctiveDualBound,lpBoundPostVpc,rootDualBound,dualBound,primalBound,vpcGenerationTime,rootDualBoundTime,bestSolutionTime,terminationTime,nodes,iterations,maxTime,actualTerms,numCuts,cutLimit,mipSolver,providePrimalBound,infeasibleTerms,feasibleToInfeasibleTerms,infeasibleToFeasibleTerms,termRemainsFeasibleBasisInfeasible,cutsChangedCoefficients,feasibleTermsPrunedByBound,tighten_disjunction,tighten_matrix_perturbation,tighten_infeasible_to_feasible_term,tighten_feasible_to_infeasible_basis
0,0,New,64,8.333333,9.333333,8.458333,13.122995,16.000000,16.000000,58.491934,59.652815,60.902705,68.785641,2493,71601,3600.000000,95,2,571,GUROBI,1,84,0,0,0,0,0,0,0,0,0
1,0,All,64,8.333333,9.333333,8.458333,13.085277,16.000000,16.000000,7.398654,8.698855,8.797995,20.030430,2792,66951,3600.000000,95,2,0,GUROBI,1,84,0,0,0,0,0,1,1,1,1
2,0,All,64,8.083333,9.083333,8.208333,12.812802,15.750000,15.750000,4.559010,5.790878,7.596467,25.197841,2202,78725,3600.000000,95,2,0,GUROBI,1,84,0,0,0,0,0,1,1,1,1
3,0,All,64,8.083333,9.083333,8.208333,12.979167,15.750000,15.750000,4.344479,5.873918,5.990692,19.349580,3193,80982,3600.000000,95,2,0,GUROBI,1,84,0,0,0,0,0,1,1,1,1
4,0,All,64,8.083333,9.083333,8.208333,12.909574,15.750000,15.750000,4.512799,5.826604,5.946585,18.693070,2745,72482,3600.000000,95,2,0,GUROBI,1,84,0,0,0,0,0,1,1,1,1
