instanceIndex,seedIndex,vpcGenerator,terms,lpBound,disjunctiveDualBound,lpBoundPostVpc,rootDualBound,dualBound,primalBound,vpcGenerationTime,rootDualBoundTime,bestSolutionTime,terminationTime,nodes,iterations,maxTime,actualTerms,numCuts,cutLimit,mipSolver,providePrimalBound,infeasibleTerms,feasibleToInfeasibleTerms,infeasibleToFeasibleTerms,termRemainsFeasibleBasisInfeasible,cutsChangedCoefficients,feasibleTermsPrunedByBound,tighten_disjunction,tighten_matrix_perturbation,tighten_infeasible_to_feasible_term,tighten_feasible_to_infeasible_basis
0,0,New,64,326.924434,328.985040,327.545646,336.308956,375.478532,375.498095,72.277342,74.935986,104.582048,104.582765,796,39024,3600.000000,89,33,33,GUROBI,1,74,0,0,0,0,0,0,0,0,0
1,0,Farkas,64,326.924434,328.985040,327.545646,337.144447,375.498095,375.498095,2.505178,6.334200,31.083973,39.371269,948,49966,3600.000000,89,33,0,GUROBI,1,74,0,0,0,0,0,0,0,0,0
2,0,Farkas,64,326.924434,328.985040,327.545646,337.257732,375.468455,375.498095,2.478707,6.151619,52.688726,52.689775,5180,111173,3600.000000,89,33,0,GUROBI,1,74,0,0,0,31,0,0,0,0,0
3,0,Farkas,64,326.924434,328.985040,327.545646,335.998541,375.494148,375.498095,2.441364,5.914057,6.771626,74.263741,792,68651,3600.000000,89,33,0,GUROBI,1,74,0,0,0,0,0,0,0,0,0
4,0,Farkas,64,326.924434,328.985040,327.545646,337.032017,375.498095,375.498095,2.404653,5.410017,8.276702,91.748952,15350,99115,3600.000000,89,33,0,GUROBI,1,74,0,0,0,0,0,0,0,0,0
