instanceIndex,seedIndex,vpcGenerator,terms,lpBound,disjunctiveDualBound,lpBoundPostVpc,rootDualBound,dualBound,primalBound,vpcGenerationTime,rootDualBoundTime,bestSolutionTime,terminationTime,nodes,iterations,maxTime,actualTerms,numCuts,cutLimit,mipSolver,providePrimalBound,infeasibleTerms,feasibleToInfeasibleTerms,infeasibleToFeasibleTerms,termRemainsFeasibleBasisInfeasible,cutsChangedCoefficients,feasibleTermsPrunedByBound,tighten_disjunction,tighten_matrix_perturbation,tighten_infeasible_to_feasible_term,tighten_feasible_to_infeasible_basis
0,0,New,64,-2501.144925,-2501.144925,-2501.144925,-1922.350087,454.864703,454.864697,79.699823,81.048970,83.927307,83.927666,1382,25326,3600.000000,241,18,20,GUROBI,1,229,0,0,0,0,0,0,0,0,0
1,0,Term,64,-2644.042327,-2644.042327,-2644.042327,-1943.546471,308.246336,308.251028,9.886220,11.594277,17.486558,19.049935,3005,61086,3600.000000,241,18,0,GUROBI,1,229,0,0,0,0,0,0,0,1,0
2,0,Term,64,-2549.984368,-2549.984368,-2549.984368,-1958.214564,428.764698,428.764694,9.900943,11.386795,19.890207,27.131952,7042,127960,3600.000000,241,18,0,GUROBI,1,229,0,0,0,0,0,0,0,1,0
3,0,Term,64,-2536.140171,-2536.140171,-2536.140171,-1844.242199,425.207244,425.206708,10.112669,11.777599,13.775021,16.534902,2195,36185,3600.000000,241,18,0,GUROBI,1,229,0,0,0,0,0,0,0,1,0
4,0,Term,64,-2561.142811,-2561.142811,-2561.142811,-1970.438887,412.690951,412.690945,10.633812,12.102883,18.664361,19.903629,4193,58667,3600.000000,241,18,0,GUROBI,1,229,0,0,0,0,0,0,0,1,0
5,0,Term,64,-2508.074734,-2508.074734,-2508.074734,-1881.112246,461.259606,461.290947,10.421496,12.104520,18.900788,18.901300,3001,55105,3600.000000,241,18,0,GUROBI,1,229,0,0,0,0,0,0,0,1,0
6,0,Term,64,-2548.507367,-2548.507367,-2548.507367,-1882.250149,439.301362,439.321009,9.797638,11.541201,22.416420,22.416927,4307,88365,3600.000000,241,18,0,GUROBI,1,229,0,0,0,0,0,0,0,1,0
