instanceIndex,seedIndex,vpcGenerator,terms,lpBound,disjunctiveDualBound,lpBoundPostVpc,rootDualBound,dualBound,primalBound,vpcGenerationTime,rootDualBoundTime,bestSolutionTime,terminationTime,nodes,iterations,maxTime,actualTerms,numCuts,cutLimit,mipSolver,providePrimalBound,infeasibleTerms,feasibleToInfeasibleTerms,infeasibleToFeasibleTerms,termRemainsFeasibleBasisInfeasible,cutsChangedCoefficients,feasibleTermsPrunedByBound,tighten_disjunction,tighten_matrix_perturbation,tighten_infeasible_to_feasible_term,tighten_feasible_to_infeasible_basis
0,0,New,64,26069.000000,26074.750000,26073.000000,27471.141304,27565.000000,27674.000000,2927.572038,2931.027026,5358.906865,6527.591774,117371,24678204,3600.000000,209,34,180,GUROBI,1,202,0,0,0,0,0,0,0,0,0
1,0,All,64,26069.000000,26074.750000,26073.000000,27445.657895,27672.000000,27674.000000,8.530699,13.231702,780.047157,1903.066755,63907,15585001,3600.000000,209,34,0,GUROBI,1,202,0,0,0,0,0,1,1,1,1
2,0,All,64,26069.000000,26074.750000,26073.000000,27482.642857,27563.000000,27674.000000,9.368663,14.598247,3609.372430,3609.372951,128586,27648129,3600.000000,209,34,0,GUROBI,1,202,0,0,0,0,0,1,1,1,1
3,0,All,64,26069.000000,26074.750000,26073.000000,27510.428571,27672.000000,27674.000000,30.181854,34.861668,1836.665501,2193.127142,80723,18992313,3600.000000,209,34,0,GUROBI,1,202,0,0,4,6,0,1,1,1,1
4,0,All,64,26069.000000,26074.750000,26073.000000,27522.166667,27672.000000,27674.000000,8.218295,13.302966,1985.320166,2193.230480,73728,18665154,3600.000000,209,34,0,GUROBI,1,202,0,0,0,0,0,1,1,1,1
5,0,All,64,26069.000000,26074.750000,26073.000000,27445.657895,27672.000000,27674.000000,8.083953,11.465543,1663.801212,1663.801660,62930,15771274,3600.000000,209,34,0,GUROBI,1,202,0,0,0,0,0,1,1,1,1
