instanceIndex,seedIndex,vpcGenerator,terms,lpBound,disjunctiveDualBound,lpBoundPostVpc,rootDualBound,dualBound,primalBound,vpcGenerationTime,rootDualBoundTime,bestSolutionTime,terminationTime,nodes,iterations,maxTime,actualTerms,numCuts,cutLimit,mipSolver,providePrimalBound,infeasibleTerms,feasibleToInfeasibleTerms,infeasibleToFeasibleTerms,termRemainsFeasibleBasisInfeasible,cutsChangedCoefficients,feasibleTermsPrunedByBound,tighten_disjunction,tighten_matrix_perturbation,tighten_infeasible_to_feasible_term,tighten_feasible_to_infeasible_basis
0,0,None,64,6.727060,6.727060,6.727060,18.760651,23.132518,24.785775,0.000002,12.239523,0.000002,3600.008563,10313,3023539,3600.000000,0,0,0,GUROBI,1,0,0,0,0,0,0,0,0,0,0
1,0,None,64,6.372412,6.372412,6.372412,18.676026,22.835816,22.837190,0.000004,12.830881,3376.369348,3376.369803,16369,2452809,3600.000000,0,0,0,GUROBI,1,0,0,0,0,0,0,0,0,0,0
2,0,None,64,4.884158,4.884158,4.884158,14.590984,18.777557,18.779258,0.000002,11.406873,350.244402,523.685802,5705,1006164,3600.000000,0,0,0,GUROBI,1,0,0,0,0,0,0,0,0,0,0
3,0,None,64,5.084297,5.084297,5.084297,14.445690,17.014196,17.015330,0.000002,4.618899,275.136986,276.193938,5887,468876,3600.000000,0,0,0,GUROBI,1,0,0,0,0,0,0,0,0,0,0
4,0,None,64,6.239628,6.239628,6.239628,17.041011,21.923688,24.607634,0.000003,5.108735,3327.785804,3600.005214,33477,6799169,3600.000000,0,0,0,GUROBI,1,0,0,0,0,0,0,0,0,0,0
