instanceIndex,seedIndex,vpcGenerator,terms,lpBound,disjunctiveDualBound,lpBoundPostVpc,rootDualBound,dualBound,primalBound,vpcGenerationTime,rootDualBoundTime,bestSolutionTime,terminationTime,nodes,iterations,maxTime,actualTerms,numCuts,cutLimit,mipSolver,providePrimalBound,infeasibleTerms,feasibleToInfeasibleTerms,infeasibleToFeasibleTerms,termRemainsFeasibleBasisInfeasible,cutsChangedCoefficients,feasibleTermsPrunedByBound,tighten_disjunction,tighten_matrix_perturbation,tighten_infeasible_to_feasible_term,tighten_feasible_to_infeasible_basis
0,0,None,64,-751.000000,-751.000000,-751.000000,-751.000000,-751.000000,-751.000000,0.000004,0.000004,0.445118,0.592913,1,2191,3600.000000,0,0,0,GUROBI,1,0,0,0,0,0,0,0,0,0,0
1,0,None,64,-751.000000,-751.000000,-751.000000,-751.000000,-751.000000,-751.000000,0.000003,0.000003,0.402142,0.581326,1,2212,3600.000000,0,0,0,GUROBI,1,0,0,0,0,0,0,0,0,0,0
2,0,None,64,-751.000000,-751.000000,-751.000000,-751.000000,-751.000000,-751.000000,0.000003,0.000003,0.632749,0.676097,1,3070,3600.000000,0,0,0,GUROBI,1,0,0,0,0,0,0,0,0,0,0
3,0,None,64,-751.000000,-751.000000,-751.000000,-751.000000,-751.000000,-751.000000,0.000003,0.000003,0.543799,0.573723,1,2456,3600.000000,0,0,0,GUROBI,1,0,0,0,0,0,0,0,0,0,0
4,0,None,64,-751.000000,-751.000000,-751.000000,-751.000000,-751.000000,-751.000000,0.000003,0.000003,0.441409,0.592447,1,2191,3600.000000,0,0,0,GUROBI,1,0,0,0,0,0,0,0,0,0,0
5,0,None,64,-751.000000,-751.000000,-751.000000,-751.000000,-751.000000,-751.000000,0.000003,0.000003,0.420339,0.598015,1,2276,3600.000000,0,0,0,GUROBI,1,0,0,0,0,0,0,0,0,0,0
