instanceIndex,seedIndex,vpcGenerator,terms,lpBound,disjunctiveDualBound,lpBoundPostVpc,rootDualBound,dualBound,primalBound,vpcGenerationTime,rootDualBoundTime,bestSolutionTime,terminationTime,nodes,iterations,maxTime,actualTerms,numCuts,cutLimit,mipSolver,providePrimalBound,infeasibleTerms,feasibleToInfeasibleTerms,infeasibleToFeasibleTerms,termRemainsFeasibleBasisInfeasible,cutsChangedCoefficients,feasibleTermsPrunedByBound,tighten_disjunction,tighten_matrix_perturbation,tighten_infeasible_to_feasible_term,tighten_feasible_to_infeasible_basis
0,0,New,64,141.886250,142.486875,141.917188,146.954676,148.000000,148.000000,6.893641,7.180911,6.893641,7.182884,2,1035,3600.000000,64,2,33,GUROBI,1,20,0,0,0,0,0,0,0,0,0
1,0,NoDisjunction,64,-14.930227,-14.193750,-14.662600,-8.737556,-7.250000,-7.250000,0.575911,0.824896,1.003378,1.003516,150,3021,3600.000000,64,2,0,GUROBI,1,20,0,0,0,0,0,0,1,1,1
2,0,NoDisjunction,64,-105.033403,-104.143750,-105.033403,-101.374540,-98.000000,-98.000000,0.562836,0.827771,1.005141,1.954467,1153,12377,3600.000000,64,2,0,GUROBI,1,20,0,0,0,0,0,0,1,1,1
3,0,NoDisjunction,64,58.836250,59.143958,58.836250,63.902269,64.750000,64.750000,0.604995,0.770427,0.815086,0.816692,59,1325,3600.000000,64,2,0,GUROBI,1,20,0,0,0,0,0,0,1,1,1
4,0,NoDisjunction,64,-42.931250,-41.125000,-42.631689,-35.600182,-34.375000,-34.375000,0.623306,0.851088,0.927897,0.928050,78,1824,3600.000000,64,2,0,GUROBI,1,20,0,0,0,0,0,0,1,1,1
5,0,NoDisjunction,64,-388.399531,-388.399531,-388.399531,-383.899592,-382.875000,-382.875000,0.686294,0.878520,0.891039,0.903735,29,1140,3600.000000,64,2,0,GUROBI,1,20,0,0,0,0,0,0,1,1,1
