instanceIndex,seedIndex,vpcGenerator,terms,lpBound,disjunctiveDualBound,lpBoundPostVpc,rootDualBound,dualBound,primalBound,vpcGenerationTime,rootDualBoundTime,bestSolutionTime,terminationTime,nodes,iterations,maxTime,actualTerms,numCuts,cutLimit,mipSolver,providePrimalBound,infeasibleTerms,feasibleToInfeasibleTerms,infeasibleToFeasibleTerms,termRemainsFeasibleBasisInfeasible,cutsChangedCoefficients,feasibleTermsPrunedByBound,tighten_disjunction,tighten_matrix_perturbation,tighten_infeasible_to_feasible_term,tighten_feasible_to_infeasible_basis
0,0,New,4,-17360.166667,-17115.166667,-17336.393939,-17050.692308,-17041.000000,-17041.000000,1.264739,2.398357,2.402310,2.410816,1,1818,3600.000000,4,6,175,GUROBI,1,0,0,0,0,0,0,0,0,0,0
1,0,Matrix,4,-17360.166667,-17115.166667,-17336.666667,-17061.884211,-17041.000000,-17041.000000,0.174411,1.421512,1.441459,1.459554,1,1863,3600.000000,4,6,0,GUROBI,1,0,0,0,1,3,0,0,1,0,0
2,0,Matrix,4,-17348.500000,-17103.937500,-17325.272727,-16998.266667,-16997.000000,-16997.000000,0.099899,0.929876,0.932898,0.934979,1,1853,3600.000000,4,6,0,GUROBI,1,0,0,0,2,1,0,0,1,0,0
3,0,Matrix,4,-17360.166667,-17115.166667,-17336.393939,-17047.041667,-17041.000000,-17041.000000,0.029440,1.200702,1.203960,1.205928,1,1834,3600.000000,4,6,0,GUROBI,1,0,0,0,0,0,0,0,1,0,0
4,0,Matrix,4,-17355.666667,-17115.166667,-17331.893939,-17042.000000,-17041.000000,-17041.000000,0.242193,1.353807,1.356540,1.358689,1,1992,3600.000000,4,6,0,GUROBI,1,0,0,0,0,5,0,0,1,0,0
