instanceIndex,seedIndex,vpcGenerator,terms,lpBound,disjunctiveDualBound,lpBoundPostVpc,rootDualBound,dualBound,primalBound,vpcGenerationTime,rootDualBoundTime,bestSolutionTime,terminationTime,nodes,iterations,maxTime,actualTerms,numCuts,cutLimit,mipSolver,providePrimalBound,infeasibleTerms,feasibleToInfeasibleTerms,infeasibleToFeasibleTerms,termRemainsFeasibleBasisInfeasible,cutsChangedCoefficients,feasibleTermsPrunedByBound,tighten_disjunction,tighten_matrix_perturbation,tighten_infeasible_to_feasible_term,tighten_feasible_to_infeasible_basis
0,0,None,64,-17360.166667,-17360.166667,-17360.166667,-17045.384615,-17041.000000,-17041.000000,0.000002,0.597119,0.600647,0.602584,1,1818,3600.000000,0,0,0,GUROBI,1,0,0,0,0,0,0,0,0,0,0
1,0,None,64,-17360.166667,-17360.166667,-17360.166667,-17045.384615,-17041.000000,-17041.000000,0.000002,0.672987,0.676542,0.678475,1,1818,3600.000000,0,0,0,GUROBI,1,0,0,0,0,0,0,0,0,0,0
2,0,None,64,-17348.500000,-17348.500000,-17348.500000,-17002.750000,-16997.000000,-16997.000000,0.000002,0.687911,0.692160,0.694174,1,1758,3600.000000,0,0,0,GUROBI,1,0,0,0,0,0,0,0,0,0,0
3,0,None,64,-17360.166667,-17360.166667,-17360.166667,-17045.384615,-17041.000000,-17041.000000,0.000003,0.744529,0.748119,0.750069,1,1818,3600.000000,0,0,0,GUROBI,1,0,0,0,0,0,0,0,0,0,0
4,0,None,64,-17355.666667,-17355.666667,-17355.666667,-17048.166667,-17041.000000,-17041.000000,0.000001,0.552877,0.557293,0.559201,1,1980,3600.000000,0,0,0,GUROBI,1,0,0,0,0,0,0,0,0,0,0
