instanceIndex,seedIndex,vpcGenerator,terms,lpBound,disjunctiveDualBound,lpBoundPostVpc,rootDualBound,dualBound,primalBound,vpcGenerationTime,rootDualBoundTime,bestSolutionTime,terminationTime,nodes,iterations,maxTime,actualTerms,numCuts,cutLimit,mipSolver,providePrimalBound,infeasibleTerms,feasibleToInfeasibleTerms,infeasibleToFeasibleTerms,termRemainsFeasibleBasisInfeasible,cutsChangedCoefficients,feasibleTermsPrunedByBound,tighten_disjunction,tighten_matrix_perturbation,tighten_infeasible_to_feasible_term,tighten_feasible_to_infeasible_basis
0,0,New,4,103.403157,104.425461,103.637052,113.134636,119.000000,119.000000,0.837930,0.988620,1.860172,1.968321,670,9867,3600.000000,4,13,28,GUROBI,1,0,0,0,0,0,0,0,0,0,0
1,0,Matrix,4,103.710849,104.194492,103.823267,117.625377,124.000000,124.000000,0.024113,0.237500,1.002661,1.112749,1062,14068,3600.000000,4,13,0,GUROBI,1,0,0,0,4,13,0,0,1,0,0
2,0,Matrix,4,107.182171,107.733680,107.203587,124.184893,131.000000,131.000000,0.026275,0.204336,0.525338,1.208992,994,14630,3600.000000,4,13,0,GUROBI,1,0,0,0,4,13,0,0,1,0,0
3,0,Matrix,4,112.196572,113.286503,112.328318,127.280973,133.000000,133.000000,0.029021,0.202490,0.648136,0.685643,511,7946,3600.000000,4,13,0,GUROBI,1,1,1,0,3,13,0,0,1,0,0
4,0,Matrix,4,102.824277,103.242748,102.838507,116.410090,120.000000,120.000000,0.017398,0.242065,0.704942,0.706518,436,7263,3600.000000,4,13,0,GUROBI,1,0,0,0,4,12,0,0,1,0,0
