instanceIndex,seedIndex,vpcGenerator,terms,lpBound,disjunctiveDualBound,lpBoundPostVpc,rootDualBound,dualBound,primalBound,vpcGenerationTime,rootDualBoundTime,bestSolutionTime,terminationTime,nodes,iterations,maxTime,actualTerms,numCuts,cutLimit,mipSolver,providePrimalBound,infeasibleTerms,feasibleToInfeasibleTerms,infeasibleToFeasibleTerms,termRemainsFeasibleBasisInfeasible,cutsChangedCoefficients,feasibleTermsPrunedByBound,tighten_disjunction,tighten_matrix_perturbation,tighten_infeasible_to_feasible_term,tighten_feasible_to_infeasible_basis
0,0,New,4,10.143845,10.605384,10.331187,24.335612,29.643747,33.384730,3.225777,11.104732,3603.229935,3603.230443,51315,10056469,3600.000000,4,21,33,GUROBI,1,0,0,0,0,0,0,0,0,0,0
1,0,All,4,10.143845,10.605384,10.331187,24.490985,30.583845,33.384730,0.069025,10.061620,3600.069823,3600.070318,24542,7423565,3600.000000,4,21,0,GUROBI,1,0,0,0,0,0,0,1,1,1,1
2,0,All,4,1.614425,1.614425,1.614425,18.062384,26.474289,29.213103,0.107738,7.435784,3600.108688,3600.109642,24863,6816058,3600.000000,4,21,0,GUROBI,1,0,0,0,0,0,0,1,1,1,1
3,0,All,4,0.791092,1.252631,0.978434,15.880311,23.960887,26.798940,0.091176,7.515619,3600.093976,3600.096205,25901,6981254,3600.000000,4,21,0,GUROBI,1,0,0,0,0,0,0,1,1,1,1
4,0,All,4,10.143845,10.605384,10.331187,23.812903,30.067114,33.384730,0.104982,10.283719,3600.106313,3600.106897,26982,6144885,3600.000000,4,21,0,GUROBI,1,0,0,0,0,0,0,1,1,1,1
