instanceIndex,seedIndex,vpcGenerator,terms,lpBound,disjunctiveDualBound,lpBoundPostVpc,rootDualBound,dualBound,primalBound,vpcGenerationTime,rootDualBoundTime,bestSolutionTime,terminationTime,nodes,iterations,maxTime,actualTerms,numCuts,cutLimit,mipSolver,providePrimalBound,infeasibleTerms,feasibleToInfeasibleTerms,infeasibleToFeasibleTerms,termRemainsFeasibleBasisInfeasible,cutsChangedCoefficients,feasibleTermsPrunedByBound,tighten_disjunction,tighten_matrix_perturbation,tighten_infeasible_to_feasible_term,tighten_feasible_to_infeasible_basis
0,0,New,4,-18811.492536,-18735.751343,-18746.461793,-18162.415108,-17784.000000,-17783.000000,4208.106555,4218.430343,4231.378616,4254.858552,658,123541,3600.000000,4,200,867,GUROBI,1,0,0,0,0,0,0,0,0,0,0
1,0,All,4,-18811.492536,-18735.811441,-18754.416184,-18163.277433,-17777.000000,-17777.000000,0.556546,12.137908,118.919680,118.920384,1154,249591,3600.000000,4,200,0,GUROBI,1,0,0,0,0,0,0,1,1,1,1
2,0,All,4,-18811.492536,-18735.751343,-18746.461793,-18148.871487,-17783.000000,-17783.000000,480.346438,490.520334,506.119845,546.049718,785,142158,3600.000000,4,200,0,GUROBI,1,0,0,0,0,200,0,1,1,1,1
3,0,All,4,-18811.492536,-18735.751343,-18746.461793,-18160.944373,-17783.000000,-17783.000000,0.393600,10.914419,23.821226,51.183536,1035,152780,3600.000000,4,200,0,GUROBI,1,0,0,0,0,0,0,1,1,1,1
4,0,All,4,-18811.492536,-18735.751343,-18746.461793,-18160.944373,-17783.000000,-17783.000000,0.390759,10.980897,23.963155,51.309674,1035,152780,3600.000000,4,200,0,GUROBI,1,0,0,0,0,0,0,1,1,1,1
5,0,All,4,-18811.369414,-18735.068509,-18750.605480,-18161.917664,-17783.000000,-17783.000000,467.124083,476.940323,512.591059,512.596995,773,124280,3600.000000,4,200,0,GUROBI,1,0,0,0,3,200,0,1,1,1,1
