instanceIndex,seedIndex,vpcGenerator,terms,lpBound,disjunctiveDualBound,lpBoundPostVpc,rootDualBound,dualBound,primalBound,vpcGenerationTime,rootDualBoundTime,bestSolutionTime,terminationTime,nodes,iterations,maxTime,actualTerms,numCuts,cutLimit,mipSolver,providePrimalBound,infeasibleTerms,feasibleToInfeasibleTerms,infeasibleToFeasibleTerms,termRemainsFeasibleBasisInfeasible,cutsChangedCoefficients,feasibleTermsPrunedByBound,tighten_disjunction,tighten_matrix_perturbation,tighten_infeasible_to_feasible_term,tighten_feasible_to_infeasible_basis
0,0,New,4,87.576118,87.950349,87.841411,89.170885,91.000000,91.000000,170.238089,173.434081,176.311190,189.239211,559,30948,3600.000000,4,295,295,GUROBI,1,0,0,0,0,0,0,0,0,0,0
1,0,Basis,4,86.325419,86.570109,86.351975,87.919116,90.000000,90.000000,0.831881,4.388474,16.594087,17.405693,629,36051,3600.000000,4,295,0,GUROBI,1,0,0,0,0,0,0,0,0,0,1
2,0,Basis,4,85.811170,86.276229,85.811170,87.572586,91.000000,91.000000,0.890668,4.901633,135.919830,140.743530,8297,531984,3600.000000,4,295,0,GUROBI,1,0,0,0,0,0,0,0,0,0,1
3,0,Basis,4,86.867385,86.888606,86.867385,88.381818,91.000000,91.000000,0.856043,3.759696,15.448690,15.449337,586,33851,3600.000000,4,295,0,GUROBI,1,0,0,0,0,0,0,0,0,0,1
4,0,Basis,4,84.110227,84.321161,84.110227,86.628248,89.000000,89.000000,0.841530,3.505028,20.596770,20.597430,731,46361,3600.000000,4,295,0,GUROBI,1,0,0,0,0,0,0,0,0,0,1
