instanceIndex,seedIndex,vpcGenerator,terms,lpBound,disjunctiveDualBound,lpBoundPostVpc,rootDualBound,dualBound,primalBound,vpcGenerationTime,rootDualBoundTime,bestSolutionTime,terminationTime,nodes,iterations,maxTime,actualTerms,numCuts,cutLimit,mipSolver,providePrimalBound,infeasibleTerms,feasibleToInfeasibleTerms,infeasibleToFeasibleTerms,termRemainsFeasibleBasisInfeasible,cutsChangedCoefficients,feasibleTermsPrunedByBound,tighten_disjunction,tighten_matrix_perturbation,tighten_infeasible_to_feasible_term,tighten_feasible_to_infeasible_basis
0,0,New,4,286.534383,286.534383,286.534383,315.521667,2270.850000,2270.850000,69.170173,70.562424,1143.057853,1143.058396,129897,6211340,3600.000000,4,138,160,GUROBI,1,0,0,0,0,0,0,0,0,0,0
1,0,Basis,4,268.573062,268.966848,268.573062,298.033974,2271.743333,2271.850000,0.222468,1.265456,191.948615,1107.025387,120695,5166284,3600.000000,4,138,0,GUROBI,1,0,0,0,0,0,0,0,0,0,1
2,0,Basis,4,237.238945,237.238945,237.238945,273.650000,2268.850000,2268.850000,0.228913,1.084701,738.781910,1062.345062,123775,5000789,3600.000000,4,138,0,GUROBI,1,0,0,0,0,0,0,0,0,0,1
3,0,Basis,4,234.261012,234.261012,234.261012,280.633254,2259.724000,2259.850000,0.255827,1.198044,163.970279,970.185077,121055,5780989,3600.000000,4,138,0,GUROBI,1,0,0,0,0,0,0,0,0,0,1
