instanceIndex,seedIndex,vpcGenerator,terms,lpBound,disjunctiveDualBound,lpBoundPostVpc,rootDualBound,dualBound,primalBound,vpcGenerationTime,rootDualBoundTime,bestSolutionTime,terminationTime,nodes,iterations,maxTime,actualTerms,numCuts,cutLimit,mipSolver,providePrimalBound,infeasibleTerms,feasibleToInfeasibleTerms,infeasibleToFeasibleTerms,termRemainsFeasibleBasisInfeasible,cutsChangedCoefficients,feasibleTermsPrunedByBound,tighten_disjunction,tighten_matrix_perturbation,tighten_infeasible_to_feasible_term,tighten_feasible_to_infeasible_basis
0,0,New,4,87.576118,87.950349,87.841411,89.246728,91.000000,91.000000,169.656674,173.324202,188.764354,190.647008,720,47064,3600.000000,4,295,295,GUROBI,1,0,0,0,0,0,0,0,0,0,0
1,0,NoDisjunction,4,78.965706,79.116749,78.965706,89.455085,91.000000,91.000000,0.759883,4.341541,10.968683,10.969342,514,28731,3600.000000,4,295,0,GUROBI,1,0,0,0,4,295,0,0,1,1,1
2,0,NoDisjunction,4,83.092366,83.517827,83.092366,89.524960,91.000000,91.000000,0.758341,4.272474,8.055960,19.859576,544,33893,3600.000000,4,295,0,GUROBI,1,0,0,0,4,295,0,0,1,1,1
3,0,NoDisjunction,4,81.931994,82.097930,81.931994,89.517297,92.000000,92.000000,0.747008,4.268937,35.742754,35.743432,1416,99322,3600.000000,4,295,0,GUROBI,1,0,0,0,4,295,0,0,1,1,1
4,0,NoDisjunction,4,83.641592,83.856347,83.641592,89.482195,91.000000,91.000000,0.683303,4.361736,8.705845,17.742180,551,33323,3600.000000,4,295,0,GUROBI,1,0,0,0,4,295,0,0,1,1,1
