instanceIndex,seedIndex,vpcGenerator,terms,lpBound,disjunctiveDualBound,lpBoundPostVpc,rootDualBound,dualBound,primalBound,vpcGenerationTime,rootDualBoundTime,bestSolutionTime,terminationTime,nodes,iterations,maxTime,actualTerms,numCuts,cutLimit,mipSolver,providePrimalBound,infeasibleTerms,feasibleToInfeasibleTerms,infeasibleToFeasibleTerms,termRemainsFeasibleBasisInfeasible,cutsChangedCoefficients,feasibleTermsPrunedByBound,tighten_disjunction,tighten_matrix_perturbation,tighten_infeasible_to_feasible_term,tighten_feasible_to_infeasible_basis
0,0,New,4,103.403157,104.425461,103.637052,113.134636,119.000000,119.000000,0.675464,0.776009,1.487790,1.542933,901,11904,3600.000000,4,13,28,GUROBI,1,0,0,0,0,0,0,0,0,0,0
1,0,NoDisjunction,4,100.480037,101.236250,100.798650,114.187184,117.000000,117.000000,0.006417,0.144132,0.261317,0.261412,147,2742,3600.000000,4,13,0,GUROBI,1,0,0,0,4,0,0,0,1,1,1
2,0,NoDisjunction,4,106.347823,107.402500,106.626793,114.975046,121.000000,121.000000,0.009535,0.116493,1.119410,1.159809,832,13388,3600.000000,4,13,0,GUROBI,1,1,1,0,3,0,0,0,1,1,1
3,0,NoDisjunction,4,103.468525,104.415000,103.730818,114.966138,120.000000,120.000000,0.008270,0.152105,1.029560,1.165541,838,12795,3600.000000,4,13,0,GUROBI,1,0,0,0,4,0,0,0,1,1,1
4,0,NoDisjunction,4,106.362201,107.421250,106.632310,116.192027,121.000000,121.000000,0.009796,0.126502,0.792114,0.793135,644,9276,3600.000000,4,13,0,GUROBI,1,1,1,0,3,0,0,0,1,1,1
