instanceIndex,seedIndex,vpcGenerator,terms,lpBound,disjunctiveDualBound,lpBoundPostVpc,rootDualBound,dualBound,primalBound,vpcGenerationTime,rootDualBoundTime,bestSolutionTime,terminationTime,nodes,iterations,maxTime,actualTerms,numCuts,cutLimit,mipSolver,providePrimalBound,infeasibleTerms,feasibleToInfeasibleTerms,infeasibleToFeasibleTerms,termRemainsFeasibleBasisInfeasible,cutsChangedCoefficients,feasibleTermsPrunedByBound,tighten_disjunction,tighten_matrix_perturbation,tighten_infeasible_to_feasible_term,tighten_feasible_to_infeasible_basis
0,0,New,64,-17360.166667,-17082.250000,-17260.355758,-17043.129412,-17041.000000,-17041.000000,50.107420,50.675115,50.678977,50.681210,1,1922,3600.000000,112,21,175,GUROBI,1,0,0,0,0,0,0,0,0,0,0
1,0,Disjunction,64,-17326.375000,-17059.000000,-17235.914706,-17032.930804,-17021.000000,-17021.000000,1.372636,2.221070,2.229836,2.230167,1,1942,3600.000000,112,21,0,GUROBI,1,0,0,0,0,0,15,1,0,0,0
2,0,Disjunction,64,-17339.000000,-17063.000000,-17238.391175,-17034.162879,-17024.000000,-17024.000000,1.322288,2.107740,2.120520,2.120842,1,1936,3600.000000,112,21,0,GUROBI,1,0,0,0,0,0,30,1,0,0,0
3,0,Disjunction,64,-17383.000000,-17105.500000,-17281.698874,-17070.998255,-17070.000000,-17070.000000,1.310373,2.046982,2.050680,2.052933,1,2209,3600.000000,112,21,0,GUROBI,1,0,0,0,0,0,36,1,0,0,0
4,0,Disjunction,64,-17345.333333,-17071.333333,-17247.203952,-17028.475000,-17026.000000,-17026.000000,1.333129,2.092994,2.098434,2.098770,1,1876,3600.000000,112,21,0,GUROBI,1,0,0,0,0,0,17,1,0,0,0
