instanceIndex,seedIndex,vpcGenerator,terms,lpBound,disjunctiveDualBound,lpBoundPostVpc,rootDualBound,dualBound,primalBound,vpcGenerationTime,rootDualBoundTime,bestSolutionTime,terminationTime,nodes,iterations,maxTime,actualTerms,numCuts,cutLimit,mipSolver,providePrimalBound,infeasibleTerms,feasibleToInfeasibleTerms,infeasibleToFeasibleTerms,termRemainsFeasibleBasisInfeasible,cutsChangedCoefficients,feasibleTermsPrunedByBound,tighten_disjunction,tighten_matrix_perturbation,tighten_infeasible_to_feasible_term,tighten_feasible_to_infeasible_basis
0,0,New,64,-17360.166667,-17082.250000,-17260.355758,-17041.142632,-17041.000000,-17041.000000,42.552830,43.149215,43.150867,43.153068,2,1952,3600.000000,112,21,175,GUROBI,1,0,0,0,0,0,0,0,0,0,0
1,0,Term,64,-17353.000000,-17076.250000,-17254.463464,-17036.318509,-17033.000000,-17033.000000,1.027730,1.579723,1.583571,1.585687,1,1783,3600.000000,112,21,0,GUROBI,1,0,0,0,0,0,0,0,0,1,0
10,0,Term,64,-17356.500000,-17078.500000,-17257.439092,-17037.023477,-17036.000000,-17036.000000,1.018599,1.494451,1.499268,1.499539,1,2061,3600.000000,112,21,0,GUROBI,1,0,0,0,0,0,0,0,0,1,0
2,0,Term,64,-17364.500000,-17085.500000,-17264.439092,-17051.750000,-17045.000000,-17045.000000,0.923569,1.389847,1.393451,1.395482,1,1919,3600.000000,112,21,0,GUROBI,1,0,0,0,0,0,0,0,0,1,0
3,0,Term,64,-17348.333333,-17072.000000,-17248.522425,-17039.090909,-17032.000000,-17032.000000,0.960635,1.432119,1.435134,1.436978,1,1878,3600.000000,112,21,0,GUROBI,1,0,0,0,0,0,0,0,0,1,0
