instanceIndex,seedIndex,vpcGenerator,terms,lpBound,disjunctiveDualBound,lpBoundPostVpc,rootDualBound,dualBound,primalBound,vpcGenerationTime,rootDualBoundTime,bestSolutionTime,terminationTime,nodes,iterations,maxTime,actualTerms,numCuts,cutLimit,mipSolver,providePrimalBound,infeasibleTerms,feasibleToInfeasibleTerms,infeasibleToFeasibleTerms,termRemainsFeasibleBasisInfeasible,cutsChangedCoefficients,feasibleTermsPrunedByBound,tighten_disjunction,tighten_matrix_perturbation,tighten_infeasible_to_feasible_term,tighten_feasible_to_infeasible_basis
0,0,New,4,26069.000000,26069.000000,26069.000000,27507.000000,27612.000000,27674.000000,46.679158,52.333832,3380.450166,3646.684172,86769,18886043,3600.000000,4,45,180,GUROBI,1,0,0,0,0,0,0,0,0,0,0
1,0,Farkas,4,26051.500000,26052.000000,26052.000000,27454.701681,27660.000000,27662.000000,0.260117,6.232530,2724.865175,2818.775764,55106,8752630,3600.000000,4,45,0,GUROBI,1,0,0,0,0,0,0,0,0,0,0
2,0,Farkas,4,26046.750000,26046.750000,26046.750000,27470.765424,27672.000000,27674.000000,0.274964,7.428987,3443.676032,3547.014226,77144,12564970,3600.000000,4,45,0,GUROBI,1,0,0,0,0,0,0,0,0,0,0
3,0,Farkas,4,26054.062500,26054.500000,26054.500000,27408.760344,27597.000000,27668.000000,0.251489,5.537125,3600.255847,3600.256367,79312,11932029,3600.000000,4,45,0,GUROBI,1,0,0,0,0,0,0,0,0,0,0
4,0,Farkas,4,26068.000000,26068.000000,26068.000000,27475.516667,27585.000000,27672.000000,0.162191,5.259840,2814.949268,3600.166904,60418,13673403,3600.000000,4,45,0,GUROBI,1,0,0,0,0,0,0,0,0,0,0
5,0,Farkas,4,26058.000000,26058.250000,26058.250000,27442.105874,27672.000000,27674.000000,0.217562,6.054845,1491.732618,1713.844082,36557,6286498,3600.000000,4,45,0,GUROBI,1,0,0,0,0,0,0,0,0,0,0
