instanceIndex,seedIndex,vpcGenerator,terms,lpBound,disjunctiveDualBound,lpBoundPostVpc,rootDualBound,dualBound,primalBound,vpcGenerationTime,rootDualBoundTime,bestSolutionTime,terminationTime,nodes,iterations,maxTime,actualTerms,numCuts,cutLimit,mipSolver,providePrimalBound,infeasibleTerms,feasibleToInfeasibleTerms,infeasibleToFeasibleTerms,termRemainsFeasibleBasisInfeasible,cutsChangedCoefficients,feasibleTermsPrunedByBound,tighten_disjunction,tighten_matrix_perturbation,tighten_infeasible_to_feasible_term,tighten_feasible_to_infeasible_basis
0,0,New,4,87.576118,87.950349,87.841411,89.492842,91.000000,91.000000,169.036661,172.873022,193.167949,193.168638,984,63704,3600.000000,4,295,295,GUROBI,1,0,0,0,0,0,0,0,0,0,0
1,0,NoDisjunction,4,86.325419,86.570109,86.351975,87.620558,90.000000,90.000000,0.828923,4.258430,8.745998,12.737593,541,32126,3600.000000,4,295,0,GUROBI,1,0,0,0,0,0,0,0,1,1,1
2,0,NoDisjunction,4,85.811170,86.276229,85.811170,87.684832,91.000000,91.000000,0.884052,4.184671,49.098488,84.178613,3959,276811,3600.000000,4,295,0,GUROBI,1,0,0,0,0,0,0,0,1,1,1
3,0,NoDisjunction,4,86.867385,86.888606,86.867385,88.639666,91.000000,91.000000,0.836215,4.111147,36.511819,37.086273,1379,89241,3600.000000,4,295,0,GUROBI,1,0,0,0,0,0,0,0,1,1,1
4,0,NoDisjunction,4,84.110227,84.321161,84.110227,86.443383,89.000000,89.000000,0.841674,3.532987,24.537882,24.538496,1300,68370,3600.000000,4,295,0,GUROBI,1,0,0,0,0,0,0,0,1,1,1
