instanceIndex,seedIndex,vpcGenerator,terms,lpBound,disjunctiveDualBound,lpBoundPostVpc,rootDualBound,dualBound,primalBound,vpcGenerationTime,rootDualBoundTime,bestSolutionTime,terminationTime,nodes,iterations,maxTime,actualTerms,numCuts,cutLimit,mipSolver,providePrimalBound,infeasibleTerms,feasibleToInfeasibleTerms,infeasibleToFeasibleTerms,termRemainsFeasibleBasisInfeasible,cutsChangedCoefficients,feasibleTermsPrunedByBound,tighten_disjunction,tighten_matrix_perturbation,tighten_infeasible_to_feasible_term,tighten_feasible_to_infeasible_basis
0,0,New,64,8.333333,9.333333,8.458333,13.146607,16.000000,16.000000,53.917292,55.077181,60.964333,60.964605,1928,45282,3600.000000,95,2,571,GUROBI,1,84,0,0,0,0,0,0,0,0,0
1,0,Farkas,64,8.333333,9.333333,8.458333,13.173729,16.000000,16.000000,2.548237,3.666569,4.008287,10.654097,2306,49504,3600.000000,95,2,0,GUROBI,1,84,0,0,0,0,0,0,0,0,0
2,0,Farkas,64,8.333333,9.333333,8.458333,13.250000,16.000000,16.000000,2.546934,4.060995,4.451508,10.295359,1965,46946,3600.000000,95,2,0,GUROBI,1,84,0,0,0,0,0,0,0,0,0
3,0,Farkas,64,8.333333,9.333333,8.458333,13.190083,16.000000,16.000000,2.632639,4.135939,4.965565,10.929392,2045,51066,3600.000000,95,2,0,GUROBI,1,84,0,0,11,0,0,0,0,0,0
4,0,Farkas,64,8.333333,9.333333,8.458333,13.000000,16.000000,16.000000,2.806724,4.033231,10.602741,16.187765,1589,44954,3600.000000,95,2,0,GUROBI,1,84,0,0,11,0,0,0,0,0,0
