instanceIndex,seedIndex,vpcGenerator,terms,lpBound,disjunctiveDualBound,lpBoundPostVpc,rootDualBound,dualBound,primalBound,vpcGenerationTime,rootDualBoundTime,bestSolutionTime,terminationTime,nodes,iterations,maxTime,actualTerms,numCuts,cutLimit,mipSolver,providePrimalBound,infeasibleTerms,feasibleToInfeasibleTerms,infeasibleToFeasibleTerms,termRemainsFeasibleBasisInfeasible,cutsChangedCoefficients,feasibleTermsPrunedByBound,tighten_disjunction,tighten_matrix_perturbation,tighten_infeasible_to_feasible_term,tighten_feasible_to_infeasible_basis
0,0,New,4,36590350.000000,36590350.000000,36590350.000000,42976300.000000,44265591.078121,44269807.528174,1.767953,2.020634,26.502371,26.502515,12756,144108,3600.000000,4,31,71,GUROBI,1,0,0,0,0,0,0,0,0,0,0
1,0,Matrix,4,36532835.447292,36539792.468086,36532835.447292,42883979.240590,44219363.347527,44223754.906632,0.034589,0.262085,62.597413,79.438746,28277,487749,3600.000000,4,31,0,GUROBI,1,0,0,0,0,0,0,0,1,0,0
2,0,Matrix,4,36483398.097832,36489964.590409,36483398.097832,42892429.160156,44149292.452891,44153697.112176,0.034152,0.300696,67.239616,109.871613,32335,618822,3600.000000,4,31,0,GUROBI,1,0,0,0,0,0,0,0,1,0,0
3,0,Matrix,4,36532310.320803,36538498.371757,36532310.320803,42921927.436309,44214249.530139,44218150.752688,0.034682,0.308590,38.642853,47.813569,15788,231689,3600.000000,4,31,0,GUROBI,1,0,0,0,0,0,0,0,1,0,0
4,0,Matrix,4,36511596.252656,36513986.268270,36511596.252656,42924814.221590,44191976.340995,44196364.162923,0.036075,0.305205,134.389382,134.389644,63001,881262,3600.000000,4,31,0,GUROBI,1,0,0,0,0,0,0,0,1,0,0
5,0,Matrix,4,36487045.735687,36487045.735687,36487045.735687,42900208.429929,44160484.267966,44164817.496398,0.036482,0.329539,56.526599,66.428395,22186,366823,3600.000000,4,31,0,GUROBI,1,0,0,0,0,0,0,0,1,0,0
