instanceIndex,seedIndex,vpcGenerator,terms,lpBound,disjunctiveDualBound,lpBoundPostVpc,rootDualBound,dualBound,primalBound,vpcGenerationTime,rootDualBoundTime,bestSolutionTime,terminationTime,nodes,iterations,maxTime,actualTerms,numCuts,cutLimit,mipSolver,providePrimalBound,infeasibleTerms,feasibleToInfeasibleTerms,infeasibleToFeasibleTerms,termRemainsFeasibleBasisInfeasible,cutsChangedCoefficients,feasibleTermsPrunedByBound,tighten_disjunction,tighten_matrix_perturbation,tighten_infeasible_to_feasible_term,tighten_feasible_to_infeasible_basis
0,0,New,4,87.576118,87.950349,87.841411,89.394065,91.000000,91.000000,167.841915,171.187934,172.770045,185.227817,555,31329,3600.000000,4,295,295,GUROBI,1,0,0,0,0,0,0,0,0,0,0
1,0,NoDisjunction,4,87.576118,87.950349,87.841194,89.397130,91.000000,91.000000,16.753228,20.493463,24.940810,33.093100,552,32361,3600.000000,4,295,0,GUROBI,1,0,0,0,0,195,0,0,1,1,1
2,0,NoDisjunction,4,87.568666,87.950349,87.801900,89.278802,91.000000,91.000000,22.531590,26.046015,49.190877,49.201860,701,50741,3600.000000,4,295,0,GUROBI,1,0,0,0,3,149,0,0,1,1,1
3,0,NoDisjunction,4,87.576118,87.950349,87.841411,89.191146,91.000000,91.000000,15.468625,18.750536,42.107270,42.108027,898,63602,3600.000000,4,295,0,GUROBI,1,0,0,0,0,169,0,0,1,1,1
4,0,NoDisjunction,4,87.426995,87.891864,87.472821,89.182870,91.000000,91.000000,17.675960,21.054982,22.814403,36.740040,558,37342,3600.000000,4,295,0,GUROBI,1,0,0,0,0,220,0,0,1,1,1
5,0,NoDisjunction,4,87.576118,87.953298,87.849728,89.606380,91.000000,91.000000,22.387414,26.197036,30.674128,37.814392,533,30960,3600.000000,4,295,0,GUROBI,1,0,0,0,1,295,0,0,1,1,1
