instanceIndex,seedIndex,vpcGenerator,terms,lpBound,disjunctiveDualBound,lpBoundPostVpc,rootDualBound,dualBound,primalBound,vpcGenerationTime,rootDualBoundTime,bestSolutionTime,terminationTime,nodes,iterations,maxTime,actualTerms,numCuts,cutLimit,mipSolver,providePrimalBound,infeasibleTerms,feasibleToInfeasibleTerms,infeasibleToFeasibleTerms,termRemainsFeasibleBasisInfeasible,cutsChangedCoefficients,feasibleTermsPrunedByBound,tighten_disjunction,tighten_matrix_perturbation,tighten_infeasible_to_feasible_term,tighten_feasible_to_infeasible_basis
0,0,New,64,6.727060,7.019955,6.941130,18.259786,23.631483,24.785775,29.890118,41.530939,3629.891110,3629.891774,21673,5466766,3600.000000,64,15,15,GUROBI,1,37,0,0,0,0,0,0,0,0,0
1,0,Matrix,64,6.372412,6.651920,6.372413,18.397847,22.835034,22.837190,7.698013,13.437624,2354.883320,2861.649364,25350,5134582,3600.000000,64,15,0,GUROBI,1,37,0,0,0,15,0,0,1,0,0
2,0,Matrix,64,4.884158,4.928693,4.884158,14.464351,18.778777,18.779258,8.868372,12.445112,422.127671,479.219886,2621,500078,3600.000000,64,15,0,GUROBI,1,37,0,0,8,15,0,0,1,0,0
3,0,Matrix,64,5.084297,5.377192,5.084297,14.676789,17.015330,17.015330,8.446446,11.984034,428.807458,428.808227,16855,1139382,3600.000000,64,15,0,GUROBI,1,37,0,0,17,15,0,0,1,0,0
4,0,Matrix,64,6.239628,6.487988,6.321360,17.578003,22.018222,24.607634,7.502304,12.665409,3180.169516,3607.508615,31817,6897853,3600.000000,64,15,0,GUROBI,1,37,0,0,2,15,0,0,1,0,0
