instanceIndex,seedIndex,vpcGenerator,terms,lpBound,disjunctiveDualBound,lpBoundPostVpc,rootDualBound,dualBound,primalBound,vpcGenerationTime,rootDualBoundTime,bestSolutionTime,terminationTime,nodes,iterations,maxTime,actualTerms,numCuts,cutLimit,mipSolver,providePrimalBound,infeasibleTerms,feasibleToInfeasibleTerms,infeasibleToFeasibleTerms,termRemainsFeasibleBasisInfeasible,cutsChangedCoefficients,feasibleTermsPrunedByBound,tighten_disjunction,tighten_matrix_perturbation,tighten_infeasible_to_feasible_term,tighten_feasible_to_infeasible_basis
0,0,None,4,-3883988306.366686,-3883988306.366686,-3883988306.366686,-3883988306.374953,-3883988306.374953,-3883988306.374950,0.000002,0.000002,0.055222,0.056190,1,757,3600.000000,0,0,0,GUROBI,1,0,0,0,0,0,0,0,0,0,0
1,0,None,4,-3883980423.533353,-3883980423.533353,-3883980423.533353,-3883980423.540752,-3883980423.540752,-3883980423.540750,0.000002,0.000002,0.051823,0.052746,1,704,3600.000000,0,0,0,GUROBI,1,0,0,0,0,0,0,0,0,0,0
2,0,None,4,-3883985357.366686,-3883985357.366686,-3883985357.366686,-3883985357.372151,-3883985357.372151,-3883985357.372150,0.000002,0.000002,0.054465,0.055399,1,856,3600.000000,0,0,0,GUROBI,1,0,0,0,0,0,0,0,0,0,0
3,0,None,4,-3884017359.884476,-3884017359.884476,-3884017359.884476,-3884017359.890619,-3884017359.890619,-3884017359.890616,0.000002,0.000002,0.054141,0.055084,1,672,3600.000000,0,0,0,GUROBI,1,0,0,0,0,0,0,0,0,0,0
4,0,None,4,-3883858408.033354,-3883858408.033354,-3883858408.033354,-3883858408.040340,-3883858408.040340,-3883858408.040337,0.000002,0.000002,0.054265,0.055204,1,734,3600.000000,0,0,0,GUROBI,1,0,0,0,0,0,0,0,0,0,0
5,0,None,4,-3883946026.366685,-3883946026.366685,-3883946026.366685,-3883946026.374352,-3883946026.374352,-3883946026.374350,0.000002,0.000002,0.055617,0.056542,1,729,3600.000000,0,0,0,GUROBI,1,0,0,0,0,0,0,0,0,0,0
