instanceIndex,seedIndex,vpcGenerator,terms,lpBound,disjunctiveDualBound,lpBoundPostVpc,rootDualBound,dualBound,primalBound,vpcGenerationTime,rootDualBoundTime,bestSolutionTime,terminationTime,nodes,iterations,maxTime,actualTerms,numCuts,cutLimit,mipSolver,providePrimalBound,infeasibleTerms,feasibleToInfeasibleTerms,infeasibleToFeasibleTerms,termRemainsFeasibleBasisInfeasible,cutsChangedCoefficients,feasibleTermsPrunedByBound,tighten_disjunction,tighten_matrix_perturbation,tighten_infeasible_to_feasible_term,tighten_feasible_to_infeasible_basis
0,0,New,64,36590350.000000,36590350.000000,36590350.000000,42976300.000000,44265541.539675,44269807.528174,27.433801,27.706348,29.986340,87.412095,17484,221462,3600.000000,66,71,71,GUROBI,1,28,0,0,0,0,0,0,0,0,0
1,0,Disjunction,64,36532835.447292,36539792.476003,36532835.447292,42890000.748322,44219415.354419,44223754.906632,1.190107,1.450526,64.231324,86.298629,30778,491481,3600.000000,66,71,0,GUROBI,1,28,0,0,0,0,0,1,0,0,0
2,0,Disjunction,64,36483398.097832,36492019.559848,36483398.097832,42842523.995412,44149379.046589,44153697.112176,1.210147,1.455140,54.645672,67.035951,22515,397753,3600.000000,66,71,0,GUROBI,1,28,0,0,0,0,0,1,0,0,0
3,0,Disjunction,64,36532310.320803,36538498.374677,36532310.320803,42923014.361863,44213891.731743,44218150.752688,1.174129,1.427649,14.345367,117.899256,42936,734125,3600.000000,66,71,0,GUROBI,1,28,0,0,0,0,0,1,0,0,0
4,0,Disjunction,64,36511596.252656,36513989.255650,36511596.252656,42930111.773023,44191977.129073,44196364.162923,1.117569,1.403901,123.675587,136.773542,52559,1007579,3600.000000,66,71,0,GUROBI,1,28,0,0,0,0,0,1,0,0,0
5,0,Disjunction,64,36487045.735687,36487046.731969,36487045.735687,42897683.678421,44160485.403293,44164817.496398,1.162515,1.436740,59.487532,78.877935,27221,445843,3600.000000,66,71,0,GUROBI,1,28,0,0,0,0,0,1,0,0,0
