instanceIndex,seedIndex,vpcGenerator,terms,lpBound,disjunctiveDualBound,lpBoundPostVpc,rootDualBound,dualBound,primalBound,vpcGenerationTime,rootDualBoundTime,bestSolutionTime,terminationTime,nodes,iterations,maxTime,actualTerms,numCuts,cutLimit,mipSolver,providePrimalBound,infeasibleTerms,feasibleToInfeasibleTerms,infeasibleToFeasibleTerms,termRemainsFeasibleBasisInfeasible,cutsChangedCoefficients,feasibleTermsPrunedByBound,tighten_disjunction,tighten_matrix_perturbation,tighten_infeasible_to_feasible_term,tighten_feasible_to_infeasible_basis
0,0,New,4,60224.082818,60326.823134,60324.687590,64726.957670,64823.394176,64829.590000,2.787775,3.682186,4.381123,4.385457,153,6390,3600.000000,4,10,47,GUROBI,1,0,0,0,0,0,0,0,0,0,0
1,0,Matrix,4,60115.911816,60218.652132,60218.652132,64641.436405,64753.973555,64757.740000,0.047673,1.272984,2.717498,3.199043,351,12715,3600.000000,4,10,0,GUROBI,1,0,0,0,0,0,0,0,1,0,0
2,0,Matrix,4,60253.978923,60356.719239,60354.583695,64818.016247,64913.848493,64916.190000,0.045634,1.464183,2.011416,2.153405,103,6391,3600.000000,4,10,0,GUROBI,1,0,0,0,0,0,0,0,1,0,0
3,0,Matrix,4,60281.778016,60384.518332,60382.355992,64790.154530,64892.000112,64897.017500,0.045331,1.141991,2.707896,2.798269,258,10437,3600.000000,4,10,0,GUROBI,1,0,0,0,0,0,0,0,1,0,0
4,0,Matrix,4,60260.797135,60363.537451,60361.539035,64744.702647,64845.450290,64849.257500,0.047771,1.021430,1.732612,1.877858,140,6173,3600.000000,4,10,0,GUROBI,1,0,0,0,0,0,0,0,1,0,0
5,0,Matrix,4,60167.672226,60271.929770,60268.976125,64838.530542,64935.036445,64937.100000,0.030181,1.114793,1.821030,2.116330,206,6160,3600.000000,4,10,0,GUROBI,1,0,0,0,0,0,0,0,1,0,0
