instanceIndex,seedIndex,vpcGenerator,terms,lpBound,disjunctiveDualBound,lpBoundPostVpc,rootDualBound,dualBound,primalBound,vpcGenerationTime,rootDualBoundTime,bestSolutionTime,terminationTime,nodes,iterations,maxTime,actualTerms,numCuts,cutLimit,mipSolver,providePrimalBound,infeasibleTerms,feasibleToInfeasibleTerms,infeasibleToFeasibleTerms,termRemainsFeasibleBasisInfeasible,cutsChangedCoefficients,feasibleTermsPrunedByBound,tighten_disjunction,tighten_matrix_perturbation,tighten_infeasible_to_feasible_term,tighten_feasible_to_infeasible_basis
0,0,New,4,128.750000,128.840909,128.840909,131.424074,134.500000,134.500000,9.573331,11.355370,38.887736,43.970660,2030,177554,3600.000000,4,6,124,GUROBI,1,0,0,0,0,0,0,0,0,0,0
1,0,All,4,0.000000,0.000000,0.000000,0.000000,0.000000,0.000000,0.869237,0.869237,0.869237,1.084523,1,2111,3600.000000,4,6,0,GUROBI,1,0,0,0,4,6,0,1,1,1,1
2,0,All,4,0.000000,0.000000,0.000000,0.000000,0.000000,0.000000,0.751038,0.751038,0.751038,0.944815,1,1296,3600.000000,4,6,0,GUROBI,1,0,0,0,4,6,0,1,1,1,1
3,0,All,4,0.000000,0.000000,0.000000,0.000000,0.000000,0.000000,0.791046,0.865018,0.791046,0.865018,0,0,3600.000000,4,6,0,GUROBI,1,1,1,0,3,6,0,1,1,1,1
4,0,All,4,0.000000,0.000000,0.000000,0.000000,0.000000,0.000000,1.661532,1.661532,1.661532,1.872811,1,1626,3600.000000,4,6,0,GUROBI,1,0,0,0,4,6,0,1,1,1,1
5,0,All,4,0.000000,0.000000,0.000000,0.000000,0.000000,0.000000,1.352191,1.352191,1.352191,1.626118,1,2167,3600.000000,4,6,0,GUROBI,1,0,0,0,4,6,0,1,1,1,1
