instanceIndex,seedIndex,vpcGenerator,terms,lpBound,disjunctiveDualBound,lpBoundPostVpc,rootDualBound,dualBound,primalBound,vpcGenerationTime,rootDualBoundTime,bestSolutionTime,terminationTime,nodes,iterations,maxTime,actualTerms,numCuts,cutLimit,mipSolver,providePrimalBound,infeasibleTerms,feasibleToInfeasibleTerms,infeasibleToFeasibleTerms,termRemainsFeasibleBasisInfeasible,cutsChangedCoefficients,feasibleTermsPrunedByBound,tighten_disjunction,tighten_matrix_perturbation,tighten_infeasible_to_feasible_term,tighten_feasible_to_infeasible_basis
0,0,New,64,10.143845,10.781092,10.712823,24.337788,29.857410,33.384730,77.433972,93.365324,3615.335850,3677.436548,14371,3524696,3600.000000,65,33,33,GUROBI,1,52,0,0,0,0,0,0,0,0,0
1,0,Basis,64,10.143845,10.781092,10.712823,24.539795,30.217870,33.384730,3.292270,18.276828,3603.293669,3603.294672,16569,4810547,3600.000000,65,33,0,GUROBI,1,52,0,0,0,0,0,0,0,0,1
2,0,Basis,64,1.614425,1.614425,1.614425,18.754706,25.983769,29.213103,3.314013,18.095868,3603.315061,3603.316665,12653,3632869,3600.000000,65,33,0,GUROBI,1,52,0,0,0,0,0,0,0,0,1
3,0,Basis,64,0.791092,1.428338,1.262234,16.736820,23.160712,26.798940,2.500679,15.940102,3602.502066,3602.503048,24088,4881240,3600.000000,65,33,0,GUROBI,1,52,0,0,0,0,0,0,0,0,1
4,0,Basis,64,10.143845,10.781092,10.712823,23.020443,29.862263,33.384730,3.291664,11.554890,3603.293359,3603.294463,17690,4309483,3600.000000,65,33,0,GUROBI,1,52,0,0,0,0,0,0,0,0,1
