instanceIndex,seedIndex,vpcGenerator,terms,lpBound,disjunctiveDualBound,lpBoundPostVpc,rootDualBound,dualBound,primalBound,vpcGenerationTime,rootDualBoundTime,bestSolutionTime,terminationTime,nodes,iterations,maxTime,actualTerms,numCuts,cutLimit,mipSolver,providePrimalBound,infeasibleTerms,feasibleToInfeasibleTerms,infeasibleToFeasibleTerms,termRemainsFeasibleBasisInfeasible,cutsChangedCoefficients,feasibleTermsPrunedByBound,tighten_disjunction,tighten_matrix_perturbation,tighten_infeasible_to_feasible_term,tighten_feasible_to_infeasible_basis
0,0,New,64,-18525.765543,-18393.769495,-18401.196915,-17884.475722,-17380.000000,-17380.000000,43113.611887,43126.899264,43136.023062,43169.043651,760,121099,3600.000000,71,60,857,GUROBI,1,62,0,0,0,0,0,0,0,0,0
1,0,Disjunction,64,-18488.289908,-18360.750431,-18401.895193,-17842.967658,-17004.000000,-17003.000000,53.538813,61.350547,939.270835,939.271183,28353,3769456,3600.000000,71,60,0,GUROBI,1,62,0,0,9,60,0,1,0,0,0
2,0,Disjunction,64,-18528.695431,-18407.472469,-18443.438148,-17820.340182,-16887.000000,-16886.000000,164.054629,171.471664,924.858590,984.546704,26981,3186285,3600.000000,71,60,0,GUROBI,1,62,0,0,9,60,0,1,0,0,0
3,0,Disjunction,64,-18527.502920,-18388.627470,-18409.194143,-17835.083309,-17380.000000,-17380.000000,57.528748,65.076425,94.887725,110.658209,1326,236263,3600.000000,71,60,0,GUROBI,1,62,0,0,9,60,0,1,0,0,0
4,0,Disjunction,64,-18531.286500,-18401.015783,-18414.873627,-17838.537146,-17179.000000,-17178.000000,49.091301,56.293029,509.982347,541.219012,11639,2059570,3600.000000,71,60,0,GUROBI,1,62,0,0,9,60,0,1,0,0,0
