instanceIndex,seedIndex,vpcGenerator,terms,lpBound,disjunctiveDualBound,lpBoundPostVpc,rootDualBound,dualBound,primalBound,vpcGenerationTime,rootDualBoundTime,bestSolutionTime,terminationTime,nodes,iterations,maxTime,actualTerms,numCuts,cutLimit,mipSolver,providePrimalBound,infeasibleTerms,feasibleToInfeasibleTerms,infeasibleToFeasibleTerms,termRemainsFeasibleBasisInfeasible,cutsChangedCoefficients,feasibleTermsPrunedByBound,tighten_disjunction,tighten_matrix_perturbation,tighten_infeasible_to_feasible_term,tighten_feasible_to_infeasible_basis
0,0,New,4,31235.742857,31235.742857,31235.742857,32050.600000,32075.600000,32075.600000,100.187297,100.786369,100.187297,100.793771,1,384,3600.000000,4,4,60,GUROBI,1,0,0,0,0,0,0,0,0,0,0
1,0,Farkas,4,30784.742857,30784.742857,30784.742857,31669.600000,31681.600000,31681.600000,0.190962,0.540658,0.190962,0.547265,1,277,3600.000000,4,4,0,GUROBI,1,0,0,0,0,4,0,0,0,0,0
2,0,Farkas,4,30879.516667,30879.516667,30879.516667,32028.600000,32075.600000,32075.600000,0.175398,0.538186,0.175398,0.544652,1,392,3600.000000,4,4,0,GUROBI,1,0,0,0,3,3,0,0,0,0,0
3,0,Farkas,4,30975.266667,30975.266667,30975.266667,31669.600000,31681.600000,31681.600000,0.175145,0.521527,0.175145,0.527847,1,338,3600.000000,4,4,0,GUROBI,1,0,0,0,0,1,0,0,0,0,0
