instanceIndex,seedIndex,vpcGenerator,terms,lpBound,disjunctiveDualBound,lpBoundPostVpc,rootDualBound,dualBound,primalBound,vpcGenerationTime,rootDualBoundTime,bestSolutionTime,terminationTime,nodes,iterations,maxTime,actualTerms,numCuts,cutLimit,mipSolver,providePrimalBound,infeasibleTerms,feasibleToInfeasibleTerms,infeasibleToFeasibleTerms,termRemainsFeasibleBasisInfeasible,cutsChangedCoefficients,feasibleTermsPrunedByBound,tighten_disjunction,tighten_matrix_perturbation,tighten_infeasible_to_feasible_term,tighten_feasible_to_infeasible_basis
0,0,New,64,26069.000000,26074.750000,26073.000000,27471.024306,27672.000000,27674.000000,2384.360789,2390.914538,5663.046593,5855.178972,77589,18240865,3600.000000,209,35,180,GUROBI,1,202,0,0,0,0,0,0,0,0,0
1,0,All,64,26069.000000,26074.750000,26073.000000,27439.909091,27559.000000,27674.000000,51.408118,56.986195,3560.109206,3651.413363,77434,17347867,3600.000000,209,35,0,GUROBI,1,202,0,0,4,35,0,1,1,1,1
2,0,All,64,26069.000000,26072.666667,26071.200000,27360.010000,27588.000000,27590.000000,20.214500,25.644885,3106.095876,3106.096806,82045,14568651,3600.000000,209,35,0,GUROBI,1,202,0,0,4,34,0,1,1,1,1
3,0,All,64,26069.000000,26074.750000,26073.000000,27426.274986,27589.000000,27674.000000,12.263240,16.736017,3277.593936,3612.510489,66337,16640490,3600.000000,209,35,0,GUROBI,1,202,0,0,0,4,0,1,1,1,1
4,0,All,64,26069.000000,26074.750000,26073.000000,27277.039474,27383.000000,27383.999959,44.225371,48.690329,215.469859,215.470647,3922,676511,3600.000000,209,35,0,GUROBI,1,202,0,0,6,5,0,1,1,1,1
