instanceIndex,seedIndex,vpcGenerator,terms,lpBound,disjunctiveDualBound,lpBoundPostVpc,rootDualBound,dualBound,primalBound,vpcGenerationTime,rootDualBoundTime,bestSolutionTime,terminationTime,nodes,iterations,maxTime,actualTerms,numCuts,cutLimit,mipSolver,providePrimalBound,infeasibleTerms,feasibleToInfeasibleTerms,infeasibleToFeasibleTerms,termRemainsFeasibleBasisInfeasible,cutsChangedCoefficients,feasibleTermsPrunedByBound,tighten_disjunction,tighten_matrix_perturbation,tighten_infeasible_to_feasible_term,tighten_feasible_to_infeasible_basis
0,0,New,64,26069.000000,26074.750000,26073.000000,27455.723684,27672.000000,27674.000000,2965.986768,2968.986767,4191.604846,4297.819025,45626,8471357,3600.000000,209,33,180,GUROBI,1,202,0,0,0,0,0,0,0,0,0
1,0,NoDisjunction,64,26051.500000,26057.416667,26054.909091,27457.753831,27612.000000,27662.000000,32.070446,37.238406,3632.081730,3632.082219,102708,16911038,3600.000000,209,33,0,GUROBI,1,202,0,0,0,0,0,0,1,1,1
2,0,NoDisjunction,64,26046.750000,26052.500000,26051.762712,27436.713873,27672.000000,27674.000000,41.537343,49.913236,2906.887504,3622.692472,61756,10140512,3600.000000,209,33,0,GUROBI,1,202,0,0,0,0,0,0,1,1,1
3,0,NoDisjunction,64,26054.062500,26059.515625,26057.977273,27448.300060,27585.000000,27668.000000,43.422083,49.118571,3643.436210,3643.436635,59623,10880759,3600.000000,209,33,0,GUROBI,1,202,0,0,0,0,0,0,1,1,1
4,0,NoDisjunction,64,26068.000000,26074.000000,26072.000000,27463.639937,27670.000000,27672.000000,38.761341,43.316332,749.419911,749.420383,22554,4565650,3600.000000,209,33,0,GUROBI,1,202,0,0,0,0,0,0,1,1,1
5,0,NoDisjunction,64,26058.000000,26063.500000,26062.750000,27475.545946,27595.000000,27674.000000,40.268969,44.885498,3321.267492,3640.273955,112581,19194691,3600.000000,209,33,0,GUROBI,1,202,0,0,0,0,0,0,1,1,1
