instanceIndex,seedIndex,vpcGenerator,terms,lpBound,disjunctiveDualBound,lpBoundPostVpc,rootDualBound,dualBound,primalBound,vpcGenerationTime,rootDualBoundTime,bestSolutionTime,terminationTime,nodes,iterations,maxTime,actualTerms,numCuts,cutLimit,mipSolver,providePrimalBound,infeasibleTerms,feasibleToInfeasibleTerms,infeasibleToFeasibleTerms,termRemainsFeasibleBasisInfeasible,cutsChangedCoefficients,feasibleTermsPrunedByBound,tighten_disjunction,tighten_matrix_perturbation,tighten_infeasible_to_feasible_term,tighten_feasible_to_infeasible_basis
0,0,New,4,96.310297,97.001250,96.569119,103.691119,107.000000,107.000000,0.665726,0.797878,0.993069,0.993162,278,3844,3600.000000,4,2,30,GUROBI,1,0,0,0,0,0,0,0,0,0,0
1,0,Disjunction,4,97.074375,97.511250,97.192348,105.365508,108.000000,108.000000,0.007794,0.138348,0.225118,0.225214,165,2281,3600.000000,4,2,0,GUROBI,1,0,0,0,0,0,0,1,0,0,0
2,0,Disjunction,4,-755.613225,-754.844561,-755.247389,-749.172299,-745.000000,-745.000000,0.010109,0.130826,0.358303,0.441246,599,6080,3600.000000,4,2,0,GUROBI,1,0,0,0,0,0,0,1,0,0,0
4,0,Disjunction,4,97.321875,98.013750,97.550395,106.070038,110.000000,110.000000,0.005743,0.084871,0.193423,0.537351,530,5286,3600.000000,4,2,0,GUROBI,1,0,0,0,0,0,0,1,0,0,0
7,0,Disjunction,4,-1008.689703,-1007.998750,-1008.430881,-1001.237332,-998.000000,-998.000000,0.009847,0.159358,0.258497,0.300311,268,3792,3600.000000,4,2,0,GUROBI,1,0,0,0,0,0,0,1,0,0,0
