instanceIndex,seedIndex,vpcGenerator,terms,lpBound,disjunctiveDualBound,lpBoundPostVpc,rootDualBound,dualBound,primalBound,vpcGenerationTime,rootDualBoundTime,bestSolutionTime,terminationTime,nodes,iterations,maxTime,actualTerms,numCuts,cutLimit,mipSolver,providePrimalBound,infeasibleTerms,feasibleToInfeasibleTerms,infeasibleToFeasibleTerms,termRemainsFeasibleBasisInfeasible,cutsChangedCoefficients,feasibleTermsPrunedByBound,tighten_disjunction,tighten_matrix_perturbation,tighten_infeasible_to_feasible_term,tighten_feasible_to_infeasible_basis
0,0,New,64,8.333333,9.333333,8.458333,13.079812,16.000000,16.000000,50.104022,51.155150,51.728831,56.926089,2014,45642,3600.000000,95,2,571,GUROBI,1,84,0,0,0,0,0,0,0,0,0
1,0,Matrix,64,8.333333,9.333333,8.458333,13.010204,16.000000,16.000000,2.542236,3.366656,3.819824,9.572310,2078,49204,3600.000000,95,2,0,GUROBI,1,84,0,0,0,0,0,0,1,0,0
2,0,Matrix,64,8.333333,9.333333,8.458333,13.361111,16.000000,16.000000,2.477878,3.472746,3.611690,7.495609,1401,31798,3600.000000,95,2,0,GUROBI,1,84,0,0,0,0,0,0,1,0,0
3,0,Matrix,64,8.333333,9.333333,8.458333,13.127090,16.000000,16.000000,2.623358,3.718329,3.806583,8.680098,1548,38006,3600.000000,95,2,0,GUROBI,1,84,0,0,11,0,0,0,1,0,0
4,0,Matrix,64,8.333333,9.333333,8.458333,13.109049,16.000000,16.000000,2.791967,4.069057,4.185367,8.579503,1644,34329,3600.000000,95,2,0,GUROBI,1,84,0,0,11,0,0,0,1,0,0
