instanceIndex,seedIndex,vpcGenerator,terms,lpBound,disjunctiveDualBound,lpBoundPostVpc,rootDualBound,dualBound,primalBound,vpcGenerationTime,rootDualBoundTime,bestSolutionTime,terminationTime,nodes,iterations,maxTime,actualTerms,numCuts,cutLimit,mipSolver,providePrimalBound,infeasibleTerms,feasibleToInfeasibleTerms,infeasibleToFeasibleTerms,termRemainsFeasibleBasisInfeasible,cutsChangedCoefficients,feasibleTermsPrunedByBound,tighten_disjunction,tighten_matrix_perturbation,tighten_infeasible_to_feasible_term,tighten_feasible_to_infeasible_basis
0,0,New,4,8877.000000,8894.285714,8891.018746,10628.750000,14392.000000,14393.000000,0.449361,0.562810,6.544796,2132.924292,4209284,26811133,3600.000000,4,24,24,GUROBI,1,0,0,0,0,0,0,0,0,0,0
1,0,Term,4,8877.000000,8894.285714,8891.018746,9974.571429,11728.000000,11729.000000,0.007467,0.071399,5.199891,6.953202,13459,84526,3600.000000,4,24,0,GUROBI,1,0,0,0,0,23,0,0,0,1,0
2,0,Term,4,8818.883888,8864.428571,8829.878418,10665.400000,10883.000000,10883.000000,0.008392,0.097846,0.552720,0.587195,558,3277,3600.000000,4,24,0,GUROBI,1,0,0,0,4,24,0,0,0,1,0
3,0,Term,4,8911.139839,8928.425553,8922.956166,10598.000000,11349.000000,11349.000000,0.006287,0.094250,0.745907,1.053423,1295,9760,3600.000000,4,24,0,GUROBI,1,0,0,0,4,24,0,0,0,1,0
4,0,Term,4,10191.000000,10279.000000,10191.000000,12974.000000,13406.000000,13406.000000,0.005855,0.077974,0.717198,0.726051,684,4394,3600.000000,4,24,0,GUROBI,1,0,0,0,4,24,0,0,0,1,0
5,0,Term,4,8867.601905,8900.760291,8876.864440,9979.302326,11087.000000,11088.000000,0.005630,0.058786,1.106627,1.161454,1500,10912,3600.000000,4,24,0,GUROBI,1,0,0,0,4,24,0,0,0,1,0
6,0,Term,4,8877.000000,8894.285714,8891.342612,10064.866991,10155.000000,10155.000000,0.008308,0.105747,0.108843,0.112599,12,255,3600.000000,4,24,0,GUROBI,1,0,0,0,0,24,0,0,0,1,0
7,0,Term,4,8868.833333,8886.119048,8881.980177,10083.000000,10736.000000,10736.000000,0.009100,0.117665,0.751078,0.774514,909,5506,3600.000000,4,24,0,GUROBI,1,0,0,0,1,22,0,0,0,1,0
