instanceIndex,seedIndex,vpcGenerator,terms,lpBound,disjunctiveDualBound,lpBoundPostVpc,rootDualBound,dualBound,primalBound,vpcGenerationTime,rootDualBoundTime,bestSolutionTime,terminationTime,nodes,iterations,maxTime,actualTerms,numCuts,cutLimit,mipSolver,providePrimalBound,infeasibleTerms,feasibleToInfeasibleTerms,infeasibleToFeasibleTerms,termRemainsFeasibleBasisInfeasible,cutsChangedCoefficients,feasibleTermsPrunedByBound,tighten_disjunction,tighten_matrix_perturbation,tighten_infeasible_to_feasible_term,tighten_feasible_to_infeasible_basis
0,0,New,64,34.289167,34.858125,34.523154,35.978919,37.000000,37.000000,4.450872,4.850014,4.873983,4.877109,43,833,3600.000000,64,4,25,GUROBI,1,18,0,0,0,0,0,0,0,0,0
2,0,All,64,85.854917,86.254375,85.854917,86.955477,88.000000,88.000000,0.176981,0.579486,1.280994,1.281083,310,2739,3600.000000,64,4,0,GUROBI,1,18,0,0,0,0,0,1,1,1,1
3,0,All,64,-286.960833,-286.391875,-286.725939,-285.271081,-284.250000,-284.250000,0.126302,0.434379,0.600734,1.657362,823,7283,3600.000000,64,4,0,GUROBI,1,18,0,0,0,0,0,1,1,1,1
5,0,All,64,-67.960833,-67.391875,-67.725939,-66.564761,-65.250000,-65.250000,0.139539,0.546526,0.869378,1.958961,900,9097,3600.000000,64,4,0,GUROBI,1,18,0,0,0,0,0,1,1,1,1
6,0,All,64,87.886875,88.428437,87.946765,89.657601,90.250000,90.250000,0.165008,0.508937,1.003985,1.004077,444,3644,3600.000000,64,4,0,GUROBI,1,18,0,0,0,0,0,1,1,1,1
9,0,All,64,-90.866729,-90.373513,-90.721676,-90.124367,-88.250000,-88.250000,0.133184,0.506502,0.769233,4.117056,1376,12549,3600.000000,64,4,0,GUROBI,1,18,0,0,0,0,0,1,1,1,1
