instanceIndex,seedIndex,vpcGenerator,terms,lpBound,disjunctiveDualBound,lpBoundPostVpc,rootDualBound,dualBound,primalBound,vpcGenerationTime,rootDualBoundTime,bestSolutionTime,terminationTime,nodes,iterations,maxTime,actualTerms,numCuts,cutLimit,mipSolver,providePrimalBound,infeasibleTerms,feasibleToInfeasibleTerms,infeasibleToFeasibleTerms,termRemainsFeasibleBasisInfeasible,cutsChangedCoefficients,feasibleTermsPrunedByBound,tighten_disjunction,tighten_matrix_perturbation,tighten_infeasible_to_feasible_term,tighten_feasible_to_infeasible_basis
0,0,None,64,13.000000,13.000000,13.000000,13.250000,14.999475,15.000000,0.000005,0.105157,0.305509,788.626112,445168,6360410,3600.000000,0,0,0,GUROBI,1,0,0,0,0,0,0,0,0,0,0
1,0,None,64,13.000000,13.000000,13.000000,13.344076,15.000000,15.000000,0.000002,0.344514,135.979143,1038.572859,856394,10324202,3600.000000,0,0,0,GUROBI,1,0,0,0,0,0,0,0,0,0,0
2,0,None,64,13.041667,13.041667,13.041667,13.417085,15.000000,15.000000,0.000002,0.496167,2.469970,1172.838011,1078457,12253147,3600.000000,0,0,0,GUROBI,1,0,0,0,0,0,0,0,0,0,0
3,0,None,64,13.000000,13.000000,13.000000,13.375000,15.000000,15.000000,0.000002,0.503131,290.973801,453.998219,752315,10824485,3600.000000,0,0,0,GUROBI,1,0,0,0,0,0,0,0,0,0,0
4,0,None,64,13.041667,13.041667,13.041667,13.405033,15.000000,15.000000,0.000003,0.180471,2.338547,704.805590,1556313,19034341,3600.000000,0,0,0,GUROBI,1,0,0,0,0,0,0,0,0,0,0
