instanceIndex,seedIndex,vpcGenerator,terms,lpBound,disjunctiveDualBound,lpBoundPostVpc,rootDualBound,dualBound,primalBound,vpcGenerationTime,rootDualBoundTime,bestSolutionTime,terminationTime,nodes,iterations,maxTime,actualTerms,numCuts,cutLimit,mipSolver,providePrimalBound,infeasibleTerms,feasibleToInfeasibleTerms,infeasibleToFeasibleTerms,termRemainsFeasibleBasisInfeasible,cutsChangedCoefficients,feasibleTermsPrunedByBound,tighten_disjunction,tighten_matrix_perturbation,tighten_infeasible_to_feasible_term,tighten_feasible_to_infeasible_basis
0,0,New,64,4970975.847015,4996784.416595,4996784.416595,5980162.284224,6021720.000000,6021720.000000,74.097728,74.442964,74.547502,74.570715,21,1921,3600.000000,64,8,8,GUROBI,1,16,0,0,0,0,0,0,0,0,0
1,0,Term,64,4622580.000000,4622580.000000,4622580.000000,4622580.000000,4622580.000000,4622580.000000,1.306229,1.310100,1.306229,1.310100,0,0,3600.000000,64,8,0,GUROBI,1,33,17,0,31,8,0,0,0,1,0
2,0,Term,64,4622580.000000,4622580.000000,4622580.000000,4622580.000000,4622580.000000,4622580.000000,1.123966,1.129084,1.128553,1.129084,0,0,3600.000000,64,8,0,GUROBI,1,44,29,1,19,8,0,0,0,1,0
3,0,Term,64,4622580.000000,4622580.000000,4622580.000000,4622580.000000,4622580.000000,4622580.000000,1.039008,1.050319,1.039008,1.050319,0,0,3600.000000,64,8,0,GUROBI,1,38,22,0,26,8,0,0,0,1,0
4,0,Term,64,4622580.000000,4622580.000000,4622580.000000,4622580.000000,4622580.000000,4622580.000000,1.137093,1.142113,1.137093,1.142113,0,0,3600.000000,64,8,0,GUROBI,1,37,22,1,26,8,0,0,0,1,0
5,0,Term,64,4622580.000000,4622580.000000,4622580.000000,4622580.000000,4622580.000000,4622580.000000,1.169370,1.173178,1.169370,1.173178,0,0,3600.000000,64,8,0,GUROBI,1,46,30,0,18,8,0,0,0,1,0
