instanceIndex,seedIndex,vpcGenerator,terms,lpBound,disjunctiveDualBound,lpBoundPostVpc,rootDualBound,dualBound,primalBound,vpcGenerationTime,rootDualBoundTime,bestSolutionTime,terminationTime,nodes,iterations,maxTime,actualTerms,numCuts,cutLimit,mipSolver,providePrimalBound,infeasibleTerms,feasibleToInfeasibleTerms,infeasibleToFeasibleTerms,termRemainsFeasibleBasisInfeasible,cutsChangedCoefficients,feasibleTermsPrunedByBound,tighten_disjunction,tighten_matrix_perturbation,tighten_infeasible_to_feasible_term,tighten_feasible_to_infeasible_basis
0,0,New,64,1286800.000000,1286800.000000,1286800.000000,1286800.000000,1286800.000000,1286800.000000,136.653164,136.653164,136.653164,136.915582,1,5455,3600.000000,66,7,434,GUROBI,1,29,0,0,0,0,0,0,0,0,0
1,0,Matrix,64,1288900.000000,1288900.000000,1288900.000000,1288900.000000,1288900.000000,1288900.000000,2.185777,2.185777,2.185777,2.445413,1,5269,3600.000000,66,7,0,GUROBI,1,29,0,0,37,0,0,0,1,0,0
2,0,Matrix,64,1283050.000000,1283050.000000,1283050.000000,1283050.000000,1286800.000000,1286800.000000,1.543098,2.814507,12.646565,12.649864,680,20278,3600.000000,66,7,0,GUROBI,1,29,0,0,37,0,0,0,1,0,0
3,0,Matrix,64,1284925.000000,1284925.000000,1284925.000000,1284925.000000,1286800.000000,1286800.000000,1.514674,2.776738,11.707163,11.708740,597,18491,3600.000000,66,7,0,GUROBI,1,29,0,0,37,0,0,0,1,0,0
