instanceIndex,seedIndex,vpcGenerator,terms,lpBound,disjunctiveDualBound,lpBoundPostVpc,rootDualBound,dualBound,primalBound,vpcGenerationTime,rootDualBoundTime,bestSolutionTime,terminationTime,nodes,iterations,maxTime,actualTerms,numCuts,cutLimit,mipSolver,providePrimalBound,infeasibleTerms,feasibleToInfeasibleTerms,infeasibleToFeasibleTerms,termRemainsFeasibleBasisInfeasible,cutsChangedCoefficients,feasibleTermsPrunedByBound,tighten_disjunction,tighten_matrix_perturbation,tighten_infeasible_to_feasible_term,tighten_feasible_to_infeasible_basis
0,0,None,4,-11670000.000000,-11670000.000000,-11670000.000000,-11670000.000000,-11670000.000000,-11670000.000000,0.000019,0.000019,0.001831,0.002039,1,18,3600.000000,0,0,0,GUROBI,1,0,0,0,0,0,0,0,0,0,0
1,0,None,4,-13403163.112500,-13403163.112500,-13403163.112500,-13403163.112500,-13403163.112500,-13403163.112500,0.000008,0.000008,0.001188,0.001314,1,6,3600.000000,0,0,0,GUROBI,1,0,0,0,0,0,0,0,0,0,0
2,0,None,4,-11183668.800000,-11183668.800000,-11183668.800000,-11183668.800000,-11183668.800000,-11183668.800000,0.000012,0.000012,0.000871,0.000990,1,9,3600.000000,0,0,0,GUROBI,1,0,0,0,0,0,0,0,0,0,0
3,0,None,4,-12378001.999968,-12378001.999968,-12378001.999968,-12205001.500000,-12203003.000000,-12203003.000000,0.000013,0.009840,0.009960,0.010138,2,32,3600.000000,0,0,0,GUROBI,1,0,0,0,0,0,0,0,0,0,0
4,0,None,4,-12387991.200000,-12387991.200000,-12387991.200000,-12387991.200000,-12387991.200000,-12387991.200000,0.000001,0.000001,0.000963,0.001085,1,8,3600.000000,0,0,0,GUROBI,1,0,0,0,0,0,0,0,0,0,0
