instanceIndex,seedIndex,vpcGenerator,terms,lpBound,disjunctiveDualBound,lpBoundPostVpc,rootDualBound,dualBound,primalBound,vpcGenerationTime,rootDualBoundTime,bestSolutionTime,terminationTime,nodes,iterations,maxTime,actualTerms,numCuts,cutLimit,mipSolver,providePrimalBound,infeasibleTerms,feasibleToInfeasibleTerms,infeasibleToFeasibleTerms,termRemainsFeasibleBasisInfeasible,cutsChangedCoefficients,feasibleTermsPrunedByBound,tighten_disjunction,tighten_matrix_perturbation,tighten_infeasible_to_feasible_term,tighten_feasible_to_infeasible_basis
0,0,New,4,1209900.000000,1213800.000000,1209900.000000,1231200.000000,1232700.000000,1232700.000000,10.548310,12.412520,10.548310,12.413471,1,10674,3600.000000,4,71,126,GUROBI,1,0,0,0,0,0,0,0,0,0,0
1,0,Matrix,4,1208287.500000,1211700.000000,1208287.500000,1229100.000000,1230600.000000,1230600.000000,4.353396,5.687080,4.353396,5.688911,1,6063,3600.000000,4,71,0,GUROBI,1,0,0,0,0,71,0,0,1,0,0
2,0,Matrix,4,1209900.000000,1213800.000000,1209900.000000,1231200.000000,1232700.000000,1232700.000000,0.167220,2.019586,0.167220,2.020571,1,10674,3600.000000,4,71,0,GUROBI,1,0,0,0,0,0,0,0,1,0,0
3,0,Matrix,4,1209900.000000,1213800.000000,1209900.000000,1231200.000000,1232700.000000,1232700.000000,0.166583,2.015694,0.166583,2.016683,1,10674,3600.000000,4,71,0,GUROBI,1,0,0,0,0,0,0,0,1,0,0
4,0,Matrix,4,1209900.000000,1213800.000000,1209900.000000,1231200.000000,1232700.000000,1232700.000000,0.166269,2.017888,0.166269,2.018868,1,10674,3600.000000,4,71,0,GUROBI,1,0,0,0,0,0,0,0,1,0,0
5,0,Matrix,4,1209900.000000,1213800.000000,1209900.000000,1231200.000000,1232700.000000,1232700.000000,0.170059,2.045429,0.170059,2.046507,1,10786,3600.000000,4,71,0,GUROBI,1,0,0,0,0,0,0,0,1,0,0
