instanceIndex,seedIndex,vpcGenerator,terms,lpBound,disjunctiveDualBound,lpBoundPostVpc,rootDualBound,dualBound,primalBound,vpcGenerationTime,rootDualBoundTime,bestSolutionTime,terminationTime,nodes,iterations,maxTime,actualTerms,numCuts,cutLimit,mipSolver,providePrimalBound,infeasibleTerms,feasibleToInfeasibleTerms,infeasibleToFeasibleTerms,termRemainsFeasibleBasisInfeasible,cutsChangedCoefficients,feasibleTermsPrunedByBound,tighten_disjunction,tighten_matrix_perturbation,tighten_infeasible_to_feasible_term,tighten_feasible_to_infeasible_basis
0,0,New,64,1209900.000000,1213800.000000,1209900.000000,1231200.000000,1232700.000000,1232700.000000,111.106065,112.944610,111.106065,112.945736,1,10416,3600.000000,64,15,126,GUROBI,1,42,0,0,0,0,0,0,0,0,0
1,0,Disjunction,64,1209506.000000,1213323.233333,1209506.000000,1230495.833333,1232216.000000,1232220.999131,6.812659,7.655421,9.930899,9.964708,124,6261,3600.000000,64,15,0,GUROBI,1,42,0,0,0,0,0,1,0,0,0
2,0,Disjunction,64,1208839.400000,1212592.000000,1208839.400000,1229416.392803,1231502.276207,1231508.000000,7.034777,7.888579,11.872238,13.302291,515,13008,3600.000000,64,15,0,GUROBI,1,42,0,0,0,0,0,1,0,0,0
3,0,Disjunction,64,1209537.100000,1213394.500000,1209537.100000,1230558.433333,1232205.975000,1232292.000000,6.419713,7.275177,8.620284,8.621055,78,5790,3600.000000,64,15,0,GUROBI,1,42,0,0,0,0,1,1,0,0,0
