instanceIndex,seedIndex,vpcGenerator,terms,lpBound,disjunctiveDualBound,lpBoundPostVpc,rootDualBound,dualBound,primalBound,vpcGenerationTime,rootDualBoundTime,bestSolutionTime,terminationTime,nodes,iterations,maxTime,actualTerms,numCuts,cutLimit,mipSolver,providePrimalBound,infeasibleTerms,feasibleToInfeasibleTerms,infeasibleToFeasibleTerms,termRemainsFeasibleBasisInfeasible,cutsChangedCoefficients,feasibleTermsPrunedByBound,tighten_disjunction,tighten_matrix_perturbation,tighten_infeasible_to_feasible_term,tighten_feasible_to_infeasible_basis
0,0,New,4,5136.205301,5441.169355,5333.672787,5424.929383,6730.000000,6730.000000,204.678652,208.834386,278.359244,295.830674,6182,156336,3600.000000,4,96,96,GUROBI,1,0,0,0,0,0,0,0,0,0,0
1,0,Term,4,4937.079096,5233.514720,5112.116082,5160.801289,6504.000000,6504.000000,0.469355,3.924175,100.385512,126.713344,9513,246866,3600.000000,4,96,0,GUROBI,1,0,0,0,0,0,0,0,0,1,0
2,0,Term,4,4672.313859,4946.941816,4813.219813,4925.945115,6275.000000,6275.000000,0.548548,4.446346,86.827989,124.682350,9968,215028,3600.000000,4,96,0,GUROBI,1,0,0,0,0,0,0,0,0,1,0
3,0,Term,4,5069.773694,5363.922222,5255.253350,5321.385018,6675.000000,6675.000000,0.439750,4.116513,106.243012,106.243761,9188,222977,3600.000000,4,96,0,GUROBI,1,0,0,0,0,0,0,0,0,1,0
4,0,Term,4,4924.985475,5218.296851,5092.800327,5185.850596,6528.000000,6528.000000,0.469393,4.018934,51.287935,104.460881,8082,194772,3600.000000,4,96,0,GUROBI,1,0,0,0,0,0,0,0,0,1,0
5,0,Term,4,4987.411708,5285.133333,5170.366859,5237.388202,6588.000000,6588.000000,0.457593,3.918352,111.131521,121.226004,9620,253477,3600.000000,4,96,0,GUROBI,1,0,0,0,0,0,0,0,0,1,0
