instanceIndex,seedIndex,vpcGenerator,terms,lpBound,disjunctiveDualBound,lpBoundPostVpc,rootDualBound,dualBound,primalBound,vpcGenerationTime,rootDualBoundTime,bestSolutionTime,terminationTime,nodes,iterations,maxTime,actualTerms,numCuts,cutLimit,mipSolver,providePrimalBound,infeasibleTerms,feasibleToInfeasibleTerms,infeasibleToFeasibleTerms,termRemainsFeasibleBasisInfeasible,cutsChangedCoefficients,feasibleTermsPrunedByBound,tighten_disjunction,tighten_matrix_perturbation,tighten_infeasible_to_feasible_term,tighten_feasible_to_infeasible_basis
0,0,New,64,4970975.847015,4996784.416595,4996784.416595,5973688.484236,6021720.000000,6021720.000000,78.498934,78.704992,78.498934,78.711904,1,1397,3600.000000,64,8,8,GUROBI,1,16,0,0,0,0,0,0,0,0,0
1,0,Farkas,64,4790008.062788,4805644.445069,4801671.021994,5344316.106154,5547096.000000,5547096.000000,2.211624,2.525784,3.087731,3.141460,504,4134,3600.000000,64,8,0,GUROBI,1,16,0,0,27,8,0,0,0,0,0
2,0,Farkas,64,4996357.735513,5026577.221972,5017211.273472,5827875.079251,6211332.000000,6211332.000000,1.661167,2.085319,4.557067,4.561105,707,8382,3600.000000,64,8,0,GUROBI,1,20,4,0,39,8,0,0,0,0,0
3,0,Farkas,64,4892212.537891,4923954.298088,4911160.957330,5503306.925660,5784408.000000,5784408.000000,1.645261,2.039716,3.929189,4.113925,769,8864,3600.000000,64,8,0,GUROBI,1,16,0,0,45,8,0,0,0,0,0
4,0,Farkas,64,4991586.284514,5019555.948191,5014178.327345,5627171.451797,6021720.000000,6021720.000000,1.124644,1.703862,5.291712,6.257650,1237,14390,3600.000000,64,8,0,GUROBI,1,20,4,0,15,8,0,0,0,0,0
5,0,Farkas,64,4902573.129981,4902573.129981,4902573.129981,5558365.840231,5902482.814481,5903064.000000,3.251880,3.889714,6.085738,7.597266,2138,20475,3600.000000,64,8,0,GUROBI,1,16,0,0,48,8,0,0,0,0,0
