instanceIndex,seedIndex,vpcGenerator,terms,lpBound,disjunctiveDualBound,lpBoundPostVpc,rootDualBound,dualBound,primalBound,vpcGenerationTime,rootDualBoundTime,bestSolutionTime,terminationTime,nodes,iterations,maxTime,actualTerms,numCuts,cutLimit,mipSolver,providePrimalBound,infeasibleTerms,feasibleToInfeasibleTerms,infeasibleToFeasibleTerms,termRemainsFeasibleBasisInfeasible,cutsChangedCoefficients,feasibleTermsPrunedByBound,tighten_disjunction,tighten_matrix_perturbation,tighten_infeasible_to_feasible_term,tighten_feasible_to_infeasible_basis
0,0,New,4,286.534383,286.534383,286.534383,315.521667,2270.825806,2270.850000,78.650220,80.325606,425.867019,1502.657030,116165,4589296,3600.000000,4,147,160,GUROBI,1,0,0,0,0,0,0,0,0,0,0
1,0,All,4,286.534383,286.534383,286.534383,315.521667,2125.731778,2125.920000,0.118377,2.396195,32.684643,1207.460924,84162,3953303,3600.000000,4,147,0,GUROBI,1,0,0,0,0,0,0,1,1,1,1
2,0,All,4,286.534383,286.534383,286.534383,325.219271,2270.850000,2270.850000,2.322116,4.537821,1198.069399,1716.700384,122705,5275825,3600.000000,4,147,0,GUROBI,1,0,0,0,3,0,0,1,1,1,1
3,0,All,4,140.720536,140.720536,140.720536,155.129487,2064.110370,2064.130000,0.133832,1.951291,640.045217,1449.737262,88219,3735938,3600.000000,4,147,0,GUROBI,1,0,0,0,4,0,0,1,1,1,1
