instanceIndex,seedIndex,vpcGenerator,terms,lpBound,disjunctiveDualBound,lpBoundPostVpc,rootDualBound,dualBound,primalBound,vpcGenerationTime,rootDualBoundTime,bestSolutionTime,terminationTime,nodes,iterations,maxTime,actualTerms,numCuts,cutLimit,mipSolver,providePrimalBound,infeasibleTerms,feasibleToInfeasibleTerms,infeasibleToFeasibleTerms,termRemainsFeasibleBasisInfeasible,cutsChangedCoefficients,feasibleTermsPrunedByBound,tighten_disjunction,tighten_matrix_perturbation,tighten_infeasible_to_feasible_term,tighten_feasible_to_infeasible_basis
0,0,New,4,10.143845,10.605384,10.331187,24.663730,30.048968,33.384730,6.638160,21.987476,3184.697043,3606.640155,19406,3929442,3600.000000,4,21,33,GUROBI,1,0,0,0,0,0,0,0,0,0,0
1,0,Disjunction,4,10.143845,10.605384,10.331187,24.022324,30.643077,33.384730,0.109875,14.881758,3283.934534,3600.122345,13664,3304665,3600.000000,4,21,0,GUROBI,1,0,0,0,0,0,0,1,0,0,0
2,0,Disjunction,4,1.614425,1.614425,1.614425,17.564304,26.293794,29.213103,0.130310,11.137073,3600.131401,3600.132644,12865,3667871,3600.000000,4,21,0,GUROBI,1,0,0,0,0,0,0,1,0,0,0
3,0,Disjunction,4,0.791092,1.252631,0.978434,16.826939,22.156923,26.798940,0.134298,15.803068,3600.140125,3600.140789,45718,6440431,3600.000000,4,21,0,GUROBI,1,0,0,0,0,0,0,1,0,0,0
4,0,Disjunction,4,10.143845,10.605384,10.331187,24.504405,30.111494,33.384730,0.124416,16.865652,3600.128990,3600.129606,15360,3649007,3600.000000,4,21,0,GUROBI,1,0,0,0,0,0,0,1,0,0,0
