instanceIndex,seedIndex,vpcGenerator,terms,lpBound,disjunctiveDualBound,lpBoundPostVpc,rootDualBound,dualBound,primalBound,vpcGenerationTime,rootDualBoundTime,bestSolutionTime,terminationTime,nodes,iterations,maxTime,actualTerms,numCuts,cutLimit,mipSolver,providePrimalBound,infeasibleTerms,feasibleToInfeasibleTerms,infeasibleToFeasibleTerms,termRemainsFeasibleBasisInfeasible,cutsChangedCoefficients,feasibleTermsPrunedByBound,tighten_disjunction,tighten_matrix_perturbation,tighten_infeasible_to_feasible_term,tighten_feasible_to_infeasible_basis
0,0,New,64,-17360.166667,-17082.250000,-17260.355758,-17041.780105,-17041.000000,-17041.000000,41.958957,42.483031,42.485843,42.487468,1,1943,3600.000000,112,21,175,GUROBI,1,0,0,0,0,0,0,0,0,0,0
1,0,Disjunction,64,-17353.000000,-17076.250000,-17254.463464,-17033.301404,-17033.000000,-17033.000000,0.970872,1.401486,1.406505,1.406784,1,1659,3600.000000,112,21,0,GUROBI,1,0,0,0,0,0,22,1,0,0,0
10,0,Disjunction,64,-17356.500000,-17078.500000,-17257.439092,-17037.586492,-17036.000000,-17036.000000,0.989844,1.530053,1.535108,1.535362,1,2071,3600.000000,112,21,0,GUROBI,1,0,0,0,0,0,24,1,0,0,0
2,0,Disjunction,64,-17364.500000,-17085.500000,-17264.439092,-17072.399082,-17045.000000,-17045.000000,0.880479,1.416532,1.424845,1.425104,1,1928,3600.000000,112,21,0,GUROBI,1,0,0,0,0,0,29,1,0,0,0
3,0,Disjunction,64,-17348.333333,-17072.000000,-17248.522425,-17043.191677,-17032.000000,-17032.000000,0.972839,1.551068,1.556436,1.556691,1,1987,3600.000000,112,21,0,GUROBI,1,0,0,0,0,0,29,1,0,0,0
