instanceIndex,seedIndex,vpcGenerator,terms,lpBound,disjunctiveDualBound,lpBoundPostVpc,rootDualBound,dualBound,primalBound,vpcGenerationTime,rootDualBoundTime,bestSolutionTime,terminationTime,nodes,iterations,maxTime,actualTerms,numCuts,cutLimit,mipSolver,providePrimalBound,infeasibleTerms,feasibleToInfeasibleTerms,infeasibleToFeasibleTerms,termRemainsFeasibleBasisInfeasible,cutsChangedCoefficients,feasibleTermsPrunedByBound,tighten_disjunction,tighten_matrix_perturbation,tighten_infeasible_to_feasible_term,tighten_feasible_to_infeasible_basis
0,0,New,4,326.924434,327.439586,327.439586,337.567982,375.496012,375.498095,5.190749,12.936771,18.288083,122.533689,754,64300,3600.000000,4,12,33,GUROBI,1,0,0,0,0,0,0,0,0,0,0
1,0,Matrix,4,324.424434,324.939586,324.939586,333.648302,372.976204,372.998093,0.098991,4.225282,162.617805,162.651039,15354,82501,3600.000000,4,12,0,GUROBI,1,0,0,0,0,0,0,0,1,0,0
2,0,Matrix,4,326.924434,327.439586,327.439586,337.221764,375.498095,375.498095,0.092076,6.195412,58.554827,64.173132,765,44248,3600.000000,4,12,0,GUROBI,1,0,0,0,0,0,0,0,1,0,0
3,0,Matrix,4,326.924434,327.439586,327.439586,337.221764,375.467109,375.498095,0.084767,5.661614,67.827153,70.226712,783,47691,3600.000000,4,12,0,GUROBI,1,0,0,0,0,0,0,0,1,0,0
4,0,Matrix,4,326.924434,327.439586,327.439586,337.221764,375.463273,375.498095,0.083489,5.465247,64.486482,64.487101,816,42074,3600.000000,4,12,0,GUROBI,1,0,0,0,0,0,0,0,1,0,0
