instanceIndex,seedIndex,vpcGenerator,terms,lpBound,disjunctiveDualBound,lpBoundPostVpc,rootDualBound,dualBound,primalBound,vpcGenerationTime,rootDualBoundTime,bestSolutionTime,terminationTime,nodes,iterations,maxTime,actualTerms,numCuts,cutLimit,mipSolver,providePrimalBound,infeasibleTerms,feasibleToInfeasibleTerms,infeasibleToFeasibleTerms,termRemainsFeasibleBasisInfeasible,cutsChangedCoefficients,feasibleTermsPrunedByBound,tighten_disjunction,tighten_matrix_perturbation,tighten_infeasible_to_feasible_term,tighten_feasible_to_infeasible_basis
0,0,None,64,1160625.000000,1160625.000000,1160625.000000,1210625.000000,1210625.000000,1210625.000000,0.000031,0.168710,0.000031,0.172106,1,1494,3600.000000,0,0,0,GUROBI,1,0,0,0,0,0,0,0,0,0,0
1,0,None,64,1173125.000000,1173125.000000,1173125.000000,1210625.000000,1210625.000000,1210625.000000,0.000002,0.116535,0.000002,0.120637,1,1888,3600.000000,0,0,0,GUROBI,1,0,0,0,0,0,0,0,0,0,0
2,0,None,64,1160625.000000,1160625.000000,1160625.000000,1210625.000000,1210625.000000,1210625.000000,0.000002,0.108003,0.000002,0.114287,1,1836,3600.000000,0,0,0,GUROBI,1,0,0,0,0,0,0,0,0,0,0
3,0,None,64,1160625.000000,1160625.000000,1160625.000000,1210625.000000,1210625.000000,1210625.000000,0.000001,0.090231,0.000001,0.093702,1,1658,3600.000000,0,0,0,GUROBI,1,0,0,0,0,0,0,0,0,0,0
