instanceIndex,seedIndex,vpcGenerator,terms,lpBound,disjunctiveDualBound,lpBoundPostVpc,rootDualBound,dualBound,primalBound,vpcGenerationTime,rootDualBoundTime,bestSolutionTime,terminationTime,nodes,iterations,maxTime,actualTerms,numCuts,cutLimit,mipSolver,providePrimalBound,infeasibleTerms,feasibleToInfeasibleTerms,infeasibleToFeasibleTerms,termRemainsFeasibleBasisInfeasible,cutsChangedCoefficients,feasibleTermsPrunedByBound,tighten_disjunction,tighten_matrix_perturbation,tighten_infeasible_to_feasible_term,tighten_feasible_to_infeasible_basis
0,0,New,4,2035.362225,2140.949539,2136.459599,2684.738449,3201.000000,3201.000000,18.248712,22.290080,55.297603,59.279599,822,101390,3600.000000,4,12,97,GUROBI,1,2,0,0,0,0,0,0,0,0,0
1,0,Disjunction,4,2024.456996,2126.916181,2126.319818,2684.521753,3201.000000,3201.000000,0.728695,5.085294,58.787482,58.788049,1320,158886,3600.000000,4,12,0,GUROBI,1,2,0,0,2,11,0,1,0,0,0
2,0,Disjunction,4,2035.362225,2140.949539,2136.459599,2691.091715,3201.000000,3201.000000,0.147772,4.622267,50.203893,50.520798,1207,148477,3600.000000,4,12,0,GUROBI,1,2,0,0,0,11,0,1,0,0,0
3,0,Disjunction,4,1936.403460,1993.229352,1959.694313,2380.513944,3201.000000,3201.000000,1.081294,7.464684,46.704259,48.121388,1046,129558,3600.000000,4,12,0,GUROBI,1,2,0,0,2,11,0,1,0,0,0
4,0,Disjunction,4,2463.525638,2581.402989,2557.630573,3449.700945,4329.000000,4329.000000,1.017173,5.938243,11.244615,11.245180,296,25499,3600.000000,4,12,0,GUROBI,1,2,0,0,2,11,0,1,0,0,0
