instanceIndex,seedIndex,vpcGenerator,terms,lpBound,disjunctiveDualBound,lpBoundPostVpc,rootDualBound,dualBound,primalBound,vpcGenerationTime,rootDualBoundTime,bestSolutionTime,terminationTime,nodes,iterations,maxTime,actualTerms,numCuts,cutLimit,mipSolver,providePrimalBound,infeasibleTerms,feasibleToInfeasibleTerms,infeasibleToFeasibleTerms,termRemainsFeasibleBasisInfeasible,cutsChangedCoefficients,feasibleTermsPrunedByBound,tighten_disjunction,tighten_matrix_perturbation,tighten_infeasible_to_feasible_term,tighten_feasible_to_infeasible_basis
0,0,New,4,253.833333,253.833333,253.833333,255.000000,255.000000,255.000000,1.199965,1.245828,1.199965,1.250791,1,1231,3600.000000,4,6,24,GUROBI,1,0,0,0,0,0,0,0,0,0,0
1,0,All,4,222.105263,222.105263,222.105263,223.000000,223.000000,223.000000,0.040591,0.040591,0.040591,0.077449,1,1412,3600.000000,4,6,0,GUROBI,1,0,0,0,4,6,0,1,1,1,1
2,0,All,4,191.296296,191.296296,191.296296,192.000000,192.000000,192.000000,0.041911,0.041911,0.041911,0.068866,1,580,3600.000000,4,6,0,GUROBI,1,0,0,0,4,6,0,1,1,1,1
3,0,All,4,205.431373,205.431373,205.431373,206.272727,208.000000,208.000000,0.035995,0.173603,120.558858,140.828111,183233,1739177,3600.000000,4,6,0,GUROBI,1,0,0,0,4,6,0,1,1,1,1
4,0,All,4,225.080000,225.080000,225.080000,226.250000,227.000000,228.000000,0.039414,0.203149,119.601550,3600.040540,2985364,41463523,3600.000000,4,6,0,GUROBI,1,0,0,0,4,6,0,1,1,1,1
