instanceIndex,seedIndex,vpcGenerator,terms,lpBound,disjunctiveDualBound,lpBoundPostVpc,rootDualBound,dualBound,primalBound,vpcGenerationTime,rootDualBoundTime,bestSolutionTime,terminationTime,nodes,iterations,maxTime,actualTerms,numCuts,cutLimit,mipSolver,providePrimalBound,infeasibleTerms,feasibleToInfeasibleTerms,infeasibleToFeasibleTerms,termRemainsFeasibleBasisInfeasible,cutsChangedCoefficients,feasibleTermsPrunedByBound,tighten_disjunction,tighten_matrix_perturbation,tighten_infeasible_to_feasible_term,tighten_feasible_to_infeasible_basis
0,0,New,4,87.576118,87.950349,87.841411,89.268102,91.000000,91.000000,168.948136,172.637050,198.100865,198.372694,765,46651,3600.000000,4,295,295,GUROBI,1,0,0,0,0,0,0,0,0,0,0
1,0,Farkas,4,87.571680,87.950349,87.804634,89.253855,91.000000,91.000000,0.503798,3.887164,6.069233,21.422749,570,31099,3600.000000,4,295,0,GUROBI,1,0,0,0,0,0,0,0,0,0,0
2,0,Farkas,4,87.576118,87.950349,87.841411,89.418224,91.000000,91.000000,0.485951,4.257399,8.442602,22.106701,591,32523,3600.000000,4,295,0,GUROBI,1,0,0,0,0,0,0,0,0,0,0
3,0,Farkas,4,87.576118,87.950349,87.841411,89.171032,91.000000,91.000000,0.483307,4.411821,27.262750,27.263427,1052,71652,3600.000000,4,295,0,GUROBI,1,0,0,0,0,0,0,0,0,0,0
4,0,Farkas,4,87.576118,87.950349,87.841411,89.296315,91.000000,91.000000,0.478525,4.058674,7.706800,8.327267,388,21813,3600.000000,4,295,0,GUROBI,1,0,0,0,0,0,0,0,0,0,0
5,0,Farkas,4,86.637664,87.127747,86.883617,88.566744,90.000000,90.000000,0.523042,3.477407,5.522899,17.807666,543,36171,3600.000000,4,295,0,GUROBI,1,0,0,0,0,0,0,0,0,0,0
