instanceIndex,seedIndex,vpcGenerator,terms,lpBound,disjunctiveDualBound,lpBoundPostVpc,rootDualBound,dualBound,primalBound,vpcGenerationTime,rootDualBoundTime,bestSolutionTime,terminationTime,nodes,iterations,maxTime,actualTerms,numCuts,cutLimit,mipSolver,providePrimalBound,infeasibleTerms,feasibleToInfeasibleTerms,infeasibleToFeasibleTerms,termRemainsFeasibleBasisInfeasible,cutsChangedCoefficients,feasibleTermsPrunedByBound,tighten_disjunction,tighten_matrix_perturbation,tighten_infeasible_to_feasible_term,tighten_feasible_to_infeasible_basis
0,0,New,4,286.534383,286.534383,286.534383,315.521667,2270.850000,2270.850000,148.395123,149.763643,771.864826,1304.241091,124250,6153974,3600.000000,4,143,160,GUROBI,1,0,0,0,0,0,0,0,0,0,0
1,0,Farkas,4,286.534383,286.534383,286.534383,315.521667,2125.820000,2125.920000,0.115725,1.811569,340.546624,975.564538,102870,4733448,3600.000000,4,143,0,GUROBI,1,0,0,0,0,0,0,0,0,0,0
2,0,Farkas,4,286.534383,286.534383,286.534383,325.219271,2270.695000,2270.850000,0.132977,1.824831,953.492130,976.543408,105511,4149773,3600.000000,4,143,0,GUROBI,1,0,0,0,3,0,0,0,0,0,0
3,0,Farkas,4,140.720536,140.720536,140.720536,155.100000,2064.061667,2064.130000,0.182417,1.089373,617.911786,687.011330,131814,4816871,3600.000000,4,143,0,GUROBI,1,0,0,0,4,0,0,0,0,0,0
