instanceIndex,seedIndex,vpcGenerator,terms,lpBound,disjunctiveDualBound,lpBoundPostVpc,rootDualBound,dualBound,primalBound,vpcGenerationTime,rootDualBoundTime,bestSolutionTime,terminationTime,nodes,iterations,maxTime,actualTerms,numCuts,cutLimit,mipSolver,providePrimalBound,infeasibleTerms,feasibleToInfeasibleTerms,infeasibleToFeasibleTerms,termRemainsFeasibleBasisInfeasible,cutsChangedCoefficients,feasibleTermsPrunedByBound,tighten_disjunction,tighten_matrix_perturbation,tighten_infeasible_to_feasible_term,tighten_feasible_to_infeasible_basis
0,0,New,64,36590350.000000,36590350.000000,36590350.000000,42976300.000000,44265889.420935,44269807.528174,20.393319,20.844106,21.156155,32.346316,4835,50661,3600.000000,66,71,71,GUROBI,1,28,0,0,0,0,0,0,0,0,0
1,0,NoDisjunction,64,150763775.000000,150763775.000000,150763775.000000,150763775.000000,150763775.000000,150763775.000000,0.968945,0.968945,0.968945,1.033053,1,56,3600.000000,66,71,0,GUROBI,1,30,2,0,36,71,0,0,1,1,1
2,0,NoDisjunction,64,152013400.000000,152013400.000000,152013400.000000,152013400.000000,152013400.000000,152013400.000000,1.032762,1.032762,1.032762,1.085536,1,102,3600.000000,66,71,0,GUROBI,1,29,2,1,36,71,0,0,1,1,1
3,0,NoDisjunction,64,146280225.000000,146280225.000000,146280225.000000,146280225.000000,146280225.000000,146280225.000000,1.553500,1.553500,1.553500,1.600272,1,87,3600.000000,66,71,0,GUROBI,1,48,20,0,18,71,0,0,1,1,1
4,0,NoDisjunction,64,153776800.000000,153776800.000000,153776800.000000,153776800.000000,153776800.000000,153776800.000000,0.901159,0.901159,0.901159,1.060420,1,132,3600.000000,66,71,0,GUROBI,1,33,5,0,33,71,0,0,1,1,1
