instanceIndex,seedIndex,vpcGenerator,terms,lpBound,disjunctiveDualBound,lpBoundPostVpc,rootDualBound,dualBound,primalBound,vpcGenerationTime,rootDualBoundTime,bestSolutionTime,terminationTime,nodes,iterations,maxTime,actualTerms,numCuts,cutLimit,mipSolver,providePrimalBound,infeasibleTerms,feasibleToInfeasibleTerms,infeasibleToFeasibleTerms,termRemainsFeasibleBasisInfeasible,cutsChangedCoefficients,feasibleTermsPrunedByBound,tighten_disjunction,tighten_matrix_perturbation,tighten_infeasible_to_feasible_term,tighten_feasible_to_infeasible_basis
0,0,New,64,8877.000000,9066.285714,9061.492126,10107.000000,14392.000000,14393.000000,4.002025,4.204565,41.526661,2953.041621,4134824,27340176,3600.000000,82,24,24,GUROBI,1,69,0,0,0,0,0,0,0,0,0
1,0,Basis,64,8877.000000,9066.285714,9061.492126,10107.000000,14392.000000,14393.000000,0.151035,0.267805,1363.354234,2688.604597,4169359,27339392,3600.000000,82,24,0,GUROBI,1,69,0,0,0,0,0,0,0,0,1
2,0,Basis,64,8877.000000,9066.285714,9061.492126,10496.107143,14392.000000,14393.000000,0.149788,0.281543,1.766247,2541.132230,4166244,26816454,3600.000000,82,24,0,GUROBI,1,69,0,0,0,0,0,0,0,0,1
3,0,Basis,64,8877.000000,9066.285714,9061.492126,10606.500000,14392.000000,14393.000000,0.165990,0.288448,9.822498,2548.990500,4156265,26243446,3600.000000,82,24,0,GUROBI,1,69,0,0,1,0,0,0,0,0,1
