instanceIndex,seedIndex,vpcGenerator,terms,lpBound,disjunctiveDualBound,lpBoundPostVpc,rootDualBound,dualBound,primalBound,vpcGenerationTime,rootDualBoundTime,bestSolutionTime,terminationTime,nodes,iterations,maxTime,actualTerms,numCuts,cutLimit,mipSolver,providePrimalBound,infeasibleTerms,feasibleToInfeasibleTerms,infeasibleToFeasibleTerms,termRemainsFeasibleBasisInfeasible,cutsChangedCoefficients,feasibleTermsPrunedByBound,tighten_disjunction,tighten_matrix_perturbation,tighten_infeasible_to_feasible_term,tighten_feasible_to_infeasible_basis
0,0,New,4,777191.428571,777191.428571,777191.428571,779688.326862,779715.000000,779715.000000,5.184326,5.385082,5.184326,5.392629,1,1729,3600.000000,4,66,66,GUROBI,1,0,0,0,0,0,0,0,0,0,0
1,0,All,4,777191.428571,777191.428571,777191.428571,779635.190611,779715.000000,779715.000000,0.118420,0.356131,0.118420,0.362685,1,1987,3600.000000,4,66,0,GUROBI,1,0,0,0,0,0,0,1,1,1,1
2,0,All,4,779283.928571,779283.928571,779283.928571,781071.428571,782100.000000,782100.000000,0.126190,0.274296,0.126190,0.282169,1,1742,3600.000000,4,66,0,GUROBI,1,0,0,0,4,0,0,1,1,1,1
3,0,All,4,777191.428571,777191.428571,777191.428571,779688.326862,779715.000000,779715.000000,0.121906,0.319085,0.121906,0.324917,1,1630,3600.000000,4,66,0,GUROBI,1,0,0,0,0,0,0,1,1,1,1
4,0,All,4,779891.428571,779891.428571,779891.428571,782281.481458,782414.999908,782415.000000,0.117640,0.321253,0.117640,0.332981,1,1946,3600.000000,4,66,0,GUROBI,1,0,0,0,4,0,0,1,1,1,1
5,0,All,4,777191.428571,777191.428571,777191.428571,779688.326862,779715.000000,779715.000000,0.115009,0.311850,0.115009,0.317575,1,1722,3600.000000,4,66,0,GUROBI,1,0,0,0,0,0,0,1,1,1,1
