instanceIndex,seedIndex,vpcGenerator,terms,lpBound,disjunctiveDualBound,lpBoundPostVpc,rootDualBound,dualBound,primalBound,vpcGenerationTime,rootDualBoundTime,bestSolutionTime,terminationTime,nodes,iterations,maxTime,actualTerms,numCuts,cutLimit,mipSolver,providePrimalBound,infeasibleTerms,feasibleToInfeasibleTerms,infeasibleToFeasibleTerms,termRemainsFeasibleBasisInfeasible,cutsChangedCoefficients,feasibleTermsPrunedByBound,tighten_disjunction,tighten_matrix_perturbation,tighten_infeasible_to_feasible_term,tighten_feasible_to_infeasible_basis
0,0,New,4,128.750000,128.840909,128.840909,130.319536,134.500000,134.500000,21.600391,26.050729,86.515465,88.054783,1420,145622,3600.000000,4,6,124,GUROBI,1,0,0,0,0,0,0,0,0,0,0
1,0,NoDisjunction,4,0.000000,0.000000,0.000000,0.000000,0.000000,0.000000,1.875947,1.875947,1.875947,2.285971,1,1814,3600.000000,4,6,0,GUROBI,1,0,0,0,4,6,0,0,1,1,1
2,0,NoDisjunction,4,0.000000,0.000000,0.000000,0.000000,0.000000,0.000000,1.567528,1.567528,1.567528,1.914892,1,1364,3600.000000,4,6,0,GUROBI,1,0,0,0,4,6,0,0,1,1,1
3,0,NoDisjunction,4,0.000000,0.000000,0.000000,0.000000,0.000000,0.000000,1.782722,1.886559,1.782722,1.886559,0,0,3600.000000,4,6,0,GUROBI,1,1,1,0,3,6,0,0,1,1,1
4,0,NoDisjunction,4,0.000000,0.000000,0.000000,0.000000,0.000000,0.000000,3.114428,3.114428,3.114428,3.712735,1,2538,3600.000000,4,6,0,GUROBI,1,0,0,0,4,6,0,0,1,1,1
5,0,NoDisjunction,4,0.000000,0.000000,0.000000,0.000000,0.000000,0.000000,2.761210,2.761210,2.761210,3.409893,1,2827,3600.000000,4,6,0,GUROBI,1,0,0,0,4,6,0,0,1,1,1
