instanceIndex,seedIndex,vpcGenerator,terms,lpBound,disjunctiveDualBound,lpBoundPostVpc,rootDualBound,dualBound,primalBound,vpcGenerationTime,rootDualBoundTime,bestSolutionTime,terminationTime,nodes,iterations,maxTime,actualTerms,numCuts,cutLimit,mipSolver,providePrimalBound,infeasibleTerms,feasibleToInfeasibleTerms,infeasibleToFeasibleTerms,termRemainsFeasibleBasisInfeasible,cutsChangedCoefficients,feasibleTermsPrunedByBound,tighten_disjunction,tighten_matrix_perturbation,tighten_infeasible_to_feasible_term,tighten_feasible_to_infeasible_basis
0,0,None,64,6.727060,6.727060,6.727060,18.510689,23.398862,24.785775,0.000003,12.635684,2009.392930,3600.001466,12209,3021036,3600.000000,0,0,0,GUROBI,1,0,0,0,0,0,0,0,0,0,0
1,0,None,64,14.377340,14.377340,14.377340,26.793503,31.105782,31.500590,0.000002,11.119853,3600.001289,3600.001759,10950,3335970,3600.000000,0,0,0,GUROBI,1,0,0,0,0,0,0,0,0,0,0
2,0,None,64,6.062850,6.062850,6.062850,15.913666,20.013739,20.015329,0.000003,6.391311,1314.690147,2135.096532,28928,2816789,3600.000000,0,0,0,GUROBI,1,0,0,0,0,0,0,0,0,0,0
3,0,None,64,14.383920,14.383920,14.383920,25.519365,29.675939,29.678743,0.000002,11.679219,3311.966973,3311.967435,26197,4146411,3600.000000,0,0,0,GUROBI,1,0,0,0,0,0,0,0,0,0,0
4,0,None,64,6.312850,6.312850,6.312850,16.658991,20.111050,22.371610,0.000003,9.165691,3600.021061,3600.021512,34094,4594744,3600.000000,0,0,0,GUROBI,1,0,0,0,0,0,0,0,0,0,0
