instanceIndex,seedIndex,vpcGenerator,terms,lpBound,disjunctiveDualBound,lpBoundPostVpc,rootDualBound,dualBound,primalBound,vpcGenerationTime,rootDualBoundTime,bestSolutionTime,terminationTime,nodes,iterations,maxTime,actualTerms,numCuts,cutLimit,mipSolver,providePrimalBound,infeasibleTerms,feasibleToInfeasibleTerms,infeasibleToFeasibleTerms,termRemainsFeasibleBasisInfeasible,cutsChangedCoefficients,feasibleTermsPrunedByBound,tighten_disjunction,tighten_matrix_perturbation,tighten_infeasible_to_feasible_term,tighten_feasible_to_infeasible_basis
0,0,New,4,4970975.847015,4983757.925306,4983757.925306,5714609.554341,6021720.000000,6021720.000000,3.602207,3.736151,3.602207,3.750523,1,1196,3600.000000,4,7,8,GUROBI,1,0,0,0,0,0,0,0,0,0,0
1,0,All,4,4622580.000000,4622580.000000,4622580.000000,4622580.000000,4622580.000000,4622580.000000,0.074952,0.078895,0.074952,0.078895,0,0,3600.000000,4,7,0,GUROBI,1,1,1,0,3,7,0,1,1,1,1
2,0,All,4,4622580.000000,4622580.000000,4622580.000000,4622580.000000,4622580.000000,4622580.000000,0.069393,0.074155,0.073738,0.074155,0,0,3600.000000,4,7,0,GUROBI,1,0,0,0,4,7,0,1,1,1,1
3,0,All,4,4622580.000000,4622580.000000,4622580.000000,4622580.000000,4622580.000000,4622580.000000,0.050780,0.058253,0.050780,0.058253,0,0,3600.000000,4,7,0,GUROBI,1,0,0,0,4,7,0,1,1,1,1
4,0,All,4,4622580.000000,4622580.000000,4622580.000000,4622580.000000,4622580.000000,4622580.000000,0.073809,0.078837,0.073809,0.078837,0,0,3600.000000,4,7,0,GUROBI,1,0,0,0,4,7,0,1,1,1,1
5,0,All,4,4622580.000000,4622580.000000,4622580.000000,4622580.000000,4622580.000000,4622580.000000,0.076041,0.079777,0.076041,0.079777,0,0,3600.000000,4,7,0,GUROBI,1,1,1,0,3,7,0,1,1,1,1
