instanceIndex,seedIndex,vpcGenerator,terms,lpBound,disjunctiveDualBound,lpBoundPostVpc,rootDualBound,dualBound,primalBound,vpcGenerationTime,rootDualBoundTime,bestSolutionTime,terminationTime,nodes,iterations,maxTime,actualTerms,numCuts,cutLimit,mipSolver,providePrimalBound,infeasibleTerms,feasibleToInfeasibleTerms,infeasibleToFeasibleTerms,termRemainsFeasibleBasisInfeasible,cutsChangedCoefficients,feasibleTermsPrunedByBound,tighten_disjunction,tighten_matrix_perturbation,tighten_infeasible_to_feasible_term,tighten_feasible_to_infeasible_basis
0,0,None,4,128.750000,128.750000,128.750000,132.533352,134.500000,134.500000,0.000002,3.482949,65.816058,66.658805,1464,151605,3600.000000,0,0,0,GUROBI,1,0,0,0,0,0,0,0,0,0,0
1,0,None,4,0.000000,0.000000,0.000000,0.000000,0.000000,0.000000,0.000002,0.000002,0.000002,0.367346,1,1406,3600.000000,0,0,0,GUROBI,1,0,0,0,0,0,0,0,0,0,0
2,0,None,4,0.000000,0.000000,0.000000,0.000000,0.000000,0.000000,0.000002,0.000002,0.000002,0.371950,1,1385,3600.000000,0,0,0,GUROBI,1,0,0,0,0,0,0,0,0,0,0
3,0,None,4,0.000000,0.000000,0.000000,0.000000,0.000000,0.000000,0.000002,0.104847,0.000002,0.104847,0,0,3600.000000,0,0,0,GUROBI,1,0,0,0,0,0,0,0,0,0,0
4,0,None,4,0.000000,0.000000,0.000000,0.000000,0.000000,0.000000,0.000002,0.000002,0.000002,0.546098,1,2290,3600.000000,0,0,0,GUROBI,1,0,0,0,0,0,0,0,0,0,0
5,0,None,4,0.000000,0.000000,0.000000,0.000000,0.000000,0.000000,0.000002,0.000002,0.000002,0.506159,1,2328,3600.000000,0,0,0,GUROBI,1,0,0,0,0,0,0,0,0,0,0
