instanceIndex,seedIndex,vpcGenerator,terms,lpBound,disjunctiveDualBound,lpBoundPostVpc,rootDualBound,dualBound,primalBound,vpcGenerationTime,rootDualBoundTime,bestSolutionTime,terminationTime,nodes,iterations,maxTime,actualTerms,numCuts,cutLimit,mipSolver,providePrimalBound,infeasibleTerms,feasibleToInfeasibleTerms,infeasibleToFeasibleTerms,termRemainsFeasibleBasisInfeasible,cutsChangedCoefficients,feasibleTermsPrunedByBound,tighten_disjunction,tighten_matrix_perturbation,tighten_infeasible_to_feasible_term,tighten_feasible_to_infeasible_basis
0,0,New,4,10.143845,10.605384,10.331187,23.448201,29.231529,33.384730,3.754691,12.650847,3603.758332,3603.765197,58646,9089425,3600.000000,4,21,33,GUROBI,1,0,0,0,0,0,0,0,0,0,0
1,0,Farkas,4,12.558055,13.019594,12.745397,26.912577,32.373188,35.798940,0.058177,12.986740,3600.059807,3600.060250,27141,8491239,3600.000000,4,21,0,GUROBI,1,0,0,0,0,0,0,0,0,0,0
2,0,Farkas,4,12.195302,12.195302,12.195302,25.986137,30.619058,34.798940,0.093286,11.894111,3600.100467,3600.100934,54826,12007987,3600.000000,4,21,0,GUROBI,1,0,0,0,3,0,0,0,0,0,0
3,0,Farkas,4,12.558055,13.019594,12.745397,26.699413,32.983275,36.213080,0.076598,9.336394,3600.084495,3600.084977,31273,6368885,3600.000000,4,21,0,GUROBI,1,0,0,0,0,0,0,0,0,0,0
4,0,Farkas,4,11.558055,12.019594,11.745397,25.639351,31.520475,34.798940,0.058694,10.446609,3378.375087,3600.060004,17098,4596858,3600.000000,4,21,0,GUROBI,1,0,0,0,0,0,0,0,0,0,0
