instanceIndex,seedIndex,vpcGenerator,terms,lpBound,disjunctiveDualBound,lpBoundPostVpc,rootDualBound,dualBound,primalBound,vpcGenerationTime,rootDualBoundTime,bestSolutionTime,terminationTime,nodes,iterations,maxTime,actualTerms,numCuts,cutLimit,mipSolver,providePrimalBound,infeasibleTerms,feasibleToInfeasibleTerms,infeasibleToFeasibleTerms,termRemainsFeasibleBasisInfeasible,cutsChangedCoefficients,feasibleTermsPrunedByBound,tighten_disjunction,tighten_matrix_perturbation,tighten_infeasible_to_feasible_term,tighten_feasible_to_infeasible_basis
0,0,New,4,6519541.944917,6519892.961004,6519541.944917,11453458.621714,11489533.326034,11490666.666274,0.404709,0.891148,5.078570,5.078691,1245,49513,3600.000000,4,5,202,GUROBI,1,0,0,0,0,0,0,0,0,0,0
1,0,New,4,6463828.376967,6466862.525894,6464299.057876,11391560.155443,11396170.252027,11397144.586134,0.480583,0.849372,968.381155,968.381373,151950,7032328,3600.000000,4,5,210,GUROBI,1,0,0,0,0,0,0,0,0,0,0
2,0,New,4,6440505.921528,6440512.083388,6440512.083388,11346763.722732,11392714.421248,11393545.332975,0.465751,0.891571,153.507916,153.509998,36025,1208731,3600.000000,4,4,212,GUROBI,1,0,0,0,0,0,0,0,0,0,0
3,0,New,4,6508689.639703,6511623.159841,6509552.026548,11475193.585972,11479695.412274,11480686.536941,0.473904,0.922739,126.379447,126.392923,53544,1297810,3600.000000,4,5,203,GUROBI,1,0,0,0,0,0,0,0,0,0,0
4,0,New,4,6513217.611583,6513568.627671,6513217.611583,11477923.999630,11482423.999650,11482425.999607,0.500314,1.135485,58.112423,58.124189,36692,723017,3600.000000,4,2,194,GUROBI,1,0,0,0,0,0,0,0,0,0,0
