instanceIndex,seedIndex,vpcGenerator,terms,lpBound,disjunctiveDualBound,lpBoundPostVpc,rootDualBound,dualBound,primalBound,vpcGenerationTime,rootDualBoundTime,bestSolutionTime,terminationTime,nodes,iterations,maxTime,actualTerms,numCuts,cutLimit,mipSolver,providePrimalBound,infeasibleTerms,feasibleToInfeasibleTerms,infeasibleToFeasibleTerms,termRemainsFeasibleBasisInfeasible,cutsChangedCoefficients,feasibleTermsPrunedByBound,tighten_disjunction,tighten_matrix_perturbation,tighten_infeasible_to_feasible_term,tighten_feasible_to_infeasible_basis
0,0,New,4,10.143845,10.605384,10.331187,24.941588,29.898386,33.384730,6.926216,24.376780,3606.930599,3606.931300,13427,4375570,3600.000000,4,21,33,GUROBI,1,0,0,0,0,0,0,0,0,0,0
1,0,Disjunction,4,11.558055,12.019594,11.745397,25.688283,31.878181,34.798940,0.111202,13.697955,2402.116182,3600.113152,15645,4011320,3600.000000,4,21,0,GUROBI,1,0,0,0,4,0,0,1,0,0,0
2,0,Disjunction,4,11.143845,11.605384,11.331187,23.967728,31.799053,34.384730,0.120050,10.269823,3037.654421,3600.126833,14797,4234877,3600.000000,4,21,0,GUROBI,1,0,0,0,4,0,0,1,0,0,0
3,0,Disjunction,4,10.143845,10.605384,10.331187,24.019619,29.880117,33.384730,0.105368,14.110837,3600.106565,3600.107217,13788,3417263,3600.000000,4,21,0,GUROBI,1,0,0,0,0,0,0,1,0,0,0
4,0,Disjunction,4,11.558055,12.019594,11.745397,25.614601,32.004385,34.798940,0.110460,14.037756,3600.111714,3600.112347,13982,3808439,3600.000000,4,21,0,GUROBI,1,0,0,0,4,0,0,1,0,0,0
