instanceIndex,seedIndex,vpcGenerator,terms,lpBound,disjunctiveDualBound,lpBoundPostVpc,rootDualBound,dualBound,primalBound,vpcGenerationTime,rootDualBoundTime,bestSolutionTime,terminationTime,nodes,iterations,maxTime,actualTerms,numCuts,cutLimit,mipSolver,providePrimalBound,infeasibleTerms,feasibleToInfeasibleTerms,infeasibleToFeasibleTerms,termRemainsFeasibleBasisInfeasible,cutsChangedCoefficients,feasibleTermsPrunedByBound,tighten_disjunction,tighten_matrix_perturbation,tighten_infeasible_to_feasible_term,tighten_feasible_to_infeasible_basis
0,0,New,4,26069.000000,26069.000000,26069.000000,27480.869565,27672.000000,27674.000000,46.421804,51.584612,2606.307486,2777.161422,63437,15459139,3600.000000,4,45,180,GUROBI,1,0,0,0,0,0,0,0,0,0,0
1,0,Basis,4,26022.750000,26023.375000,26023.375000,27407.612474,27608.000000,27665.000000,0.313875,6.349342,3319.611424,3600.468502,76567,13885728,3600.000000,4,45,0,GUROBI,1,0,0,0,0,0,0,0,0,0,1
2,0,Basis,4,25995.500000,25997.750000,25997.750000,27401.012914,27650.000000,27671.000000,0.318098,6.021336,3057.143879,3600.323014,101183,15804509,3600.000000,4,45,0,GUROBI,1,0,0,0,0,0,0,0,0,0,1
3,0,Basis,4,25952.250000,25954.700000,25954.638889,27354.375163,27649.000000,27651.000000,0.351241,5.829367,3258.698270,3272.919566,82924,11195963,3600.000000,4,45,0,GUROBI,1,0,0,0,0,0,0,0,0,0,1
4,0,Basis,4,26024.437500,26024.477273,26024.477273,27436.625555,27675.000000,27677.000000,0.298771,6.982831,1489.125401,2495.013839,50366,7412712,3600.000000,4,45,0,GUROBI,1,0,0,0,0,0,0,0,0,0,1
