instanceIndex,seedIndex,vpcGenerator,terms,lpBound,disjunctiveDualBound,lpBoundPostVpc,rootDualBound,dualBound,primalBound,vpcGenerationTime,rootDualBoundTime,bestSolutionTime,terminationTime,nodes,iterations,maxTime,actualTerms,numCuts,cutLimit,mipSolver,providePrimalBound,infeasibleTerms,feasibleToInfeasibleTerms,infeasibleToFeasibleTerms,termRemainsFeasibleBasisInfeasible,cutsChangedCoefficients,feasibleTermsPrunedByBound,tighten_disjunction,tighten_matrix_perturbation,tighten_infeasible_to_feasible_term,tighten_feasible_to_infeasible_basis
0,0,New,64,26069.000000,26074.750000,26073.208333,27472.281609,27605.000000,27674.000000,2461.820009,2468.046658,5784.674977,6061.824771,74813,15598829,3600.000000,209,37,180,GUROBI,1,202,0,0,0,0,0,0,0,0,0
1,0,Farkas,64,26051.500000,26057.416667,26054.857143,27514.838889,27660.000000,27662.000000,56.712823,63.264165,2747.956165,2771.789589,52882,8676685,3600.000000,209,37,0,GUROBI,1,202,0,0,0,0,0,0,0,0,0
2,0,Farkas,64,26046.750000,26052.500000,26051.762712,27486.473411,27588.000000,27674.000000,57.076603,63.944939,3657.082012,3657.082915,76450,13592399,3600.000000,209,37,0,GUROBI,1,202,0,0,0,0,0,0,0,0,0
3,0,Farkas,64,26054.062500,26059.515625,26057.977273,27449.516462,27572.000000,27668.000000,57.992369,64.510538,3589.266958,3658.000538,91818,14872591,3600.000000,209,37,0,GUROBI,1,202,0,0,0,0,0,0,0,0,0
4,0,Farkas,64,26068.000000,26074.000000,26072.104167,27481.356061,27662.000000,27672.000000,55.676863,61.492518,3655.681246,3655.682068,84068,18538636,3600.000000,209,37,0,GUROBI,1,202,0,0,0,0,0,0,0,0,0
5,0,Farkas,64,26058.000000,26063.500000,26062.844697,27469.708837,27591.000000,27674.000000,57.104644,63.570175,3657.117291,3657.119024,71414,11412899,3600.000000,209,37,0,GUROBI,1,202,0,0,0,0,0,0,0,0,0
