instanceIndex,seedIndex,vpcGenerator,terms,lpBound,disjunctiveDualBound,lpBoundPostVpc,rootDualBound,dualBound,primalBound,vpcGenerationTime,rootDualBoundTime,bestSolutionTime,terminationTime,nodes,iterations,maxTime,actualTerms,numCuts,cutLimit,mipSolver,providePrimalBound,infeasibleTerms,feasibleToInfeasibleTerms,infeasibleToFeasibleTerms,termRemainsFeasibleBasisInfeasible,cutsChangedCoefficients,feasibleTermsPrunedByBound,tighten_disjunction,tighten_matrix_perturbation,tighten_infeasible_to_feasible_term,tighten_feasible_to_infeasible_basis
0,0,New,4,5136.205301,5441.169355,5333.672787,5385.228076,6730.000000,6730.000000,204.118065,207.436329,330.316951,330.317666,10126,246775,3600.000000,4,96,96,GUROBI,1,0,0,0,0,0,0,0,0,0,0
1,0,Basis,4,5122.412284,5426.318284,5318.310285,5404.290512,6710.000000,6710.000000,0.419517,4.255741,63.079068,83.096171,5964,155058,3600.000000,4,96,0,GUROBI,1,0,0,0,0,0,0,0,0,0,1
2,0,Basis,4,5089.916429,5392.555840,5281.129788,5361.019849,6683.000000,6683.000000,0.423100,4.243312,90.413877,107.182592,8062,204637,3600.000000,4,96,0,GUROBI,1,0,0,0,0,0,0,0,0,0,1
3,0,Basis,4,5099.814815,5402.880648,5294.182842,5375.266965,6686.000000,6686.000000,0.412842,4.416614,66.453673,76.285002,5994,157223,3600.000000,4,96,0,GUROBI,1,0,0,0,0,0,0,0,0,0,1
4,0,Basis,4,5027.678324,5326.873333,5213.283489,5279.527917,6635.000000,6635.000000,0.449334,4.444562,79.819677,84.940471,6477,152989,3600.000000,4,96,0,GUROBI,1,0,0,0,0,0,0,0,0,0,1
5,0,Basis,4,5120.841397,5424.872558,5317.384928,5377.303012,6728.000000,6728.000000,0.414540,3.885188,128.599240,139.127271,10343,263429,3600.000000,4,96,0,GUROBI,1,0,0,0,0,0,0,0,0,0,1
