instanceIndex,seedIndex,vpcGenerator,terms,lpBound,disjunctiveDualBound,lpBoundPostVpc,rootDualBound,dualBound,primalBound,vpcGenerationTime,rootDualBoundTime,bestSolutionTime,terminationTime,nodes,iterations,maxTime,actualTerms,numCuts,cutLimit,mipSolver,providePrimalBound,infeasibleTerms,feasibleToInfeasibleTerms,infeasibleToFeasibleTerms,termRemainsFeasibleBasisInfeasible,cutsChangedCoefficients,feasibleTermsPrunedByBound,tighten_disjunction,tighten_matrix_perturbation,tighten_infeasible_to_feasible_term,tighten_feasible_to_infeasible_basis
0,0,New,4,6519541.944917,6519892.961004,6519541.944917,11486166.666376,11490666.666304,11490666.666634,1.516318,2.250830,9.740533,27.097495,10211,198069,3600.000000,4,5,202,GUROBI,1,0,0,0,0,0,0,0,0,0,0
1,0,Term,4,6519551.944917,6519902.961004,6519551.944917,11486166.666274,11490589.665659,11490676.666634,0.015978,0.824125,32.858136,32.858371,10215,243108,3600.000000,4,5,0,GUROBI,1,0,0,0,0,0,0,0,0,1,0
2,0,Term,4,7133031.413037,7134550.251037,7133790.832037,11739513.216003,11836746.106277,11837451.999964,0.043688,0.568843,1.619771,4.265841,570,27787,3600.000000,4,5,0,GUROBI,1,0,0,0,4,0,0,0,0,1,0
3,0,Term,4,6703041.944937,6703392.961024,6703041.944937,11476251.420375,11479136.666307,11480060.666277,0.035038,0.800200,2105.510163,2105.510479,386659,14884588,3600.000000,4,5,0,GUROBI,1,0,0,0,4,0,0,0,0,1,0
