instanceIndex,seedIndex,vpcGenerator,terms,lpBound,disjunctiveDualBound,lpBoundPostVpc,rootDualBound,dualBound,primalBound,vpcGenerationTime,rootDualBoundTime,bestSolutionTime,terminationTime,nodes,iterations,maxTime,actualTerms,numCuts,cutLimit,mipSolver,providePrimalBound,infeasibleTerms,feasibleToInfeasibleTerms,infeasibleToFeasibleTerms,termRemainsFeasibleBasisInfeasible,cutsChangedCoefficients,feasibleTermsPrunedByBound,tighten_disjunction,tighten_matrix_perturbation,tighten_infeasible_to_feasible_term,tighten_feasible_to_infeasible_basis
0,0,New,4,141.886250,142.109583,141.917188,146.894210,148.000000,148.000000,1.559201,1.815412,1.839602,1.844070,26,1416,3600.000000,4,2,33,GUROBI,1,0,0,0,0,0,0,0,0,0,0
1,0,Basis,4,140.672574,140.762778,140.672574,147.106155,150.000000,150.000000,0.021927,0.358279,0.827879,0.851286,426,6457,3600.000000,4,2,0,GUROBI,1,0,0,0,4,0,0,0,0,0,1
2,0,Basis,4,140.006875,140.456250,140.229375,144.013363,146.000000,146.000000,0.025798,0.266114,0.413621,0.419037,153,2670,3600.000000,4,2,0,GUROBI,1,0,0,0,4,0,0,0,0,0,1
3,0,Basis,4,147.089647,147.338142,147.089647,150.938064,153.000000,153.000000,0.028566,0.182882,0.389725,0.391594,186,3102,3600.000000,4,2,0,GUROBI,1,0,0,0,4,0,0,0,0,0,1
4,0,Basis,4,153.622869,153.819055,153.659055,157.542842,159.000000,159.000000,0.028477,0.160001,0.028477,0.163026,1,760,3600.000000,4,2,0,GUROBI,1,0,0,0,4,0,0,0,0,0,1
