instanceIndex,seedIndex,vpcGenerator,terms,lpBound,disjunctiveDualBound,lpBoundPostVpc,rootDualBound,dualBound,primalBound,vpcGenerationTime,rootDualBoundTime,bestSolutionTime,terminationTime,nodes,iterations,maxTime,actualTerms,numCuts,cutLimit,mipSolver,providePrimalBound,infeasibleTerms,feasibleToInfeasibleTerms,infeasibleToFeasibleTerms,termRemainsFeasibleBasisInfeasible,cutsChangedCoefficients,feasibleTermsPrunedByBound,tighten_disjunction,tighten_matrix_perturbation,tighten_infeasible_to_feasible_term,tighten_feasible_to_infeasible_basis
0,0,New,4,26069.000000,26069.000000,26069.000000,27375.244094,27672.000000,27674.000000,47.375319,52.288011,2170.469818,2897.652149,59859,13006192,3600.000000,4,45,180,GUROBI,1,0,0,0,0,0,0,0,0,0,0
1,0,Farkas,4,26022.750000,26023.375000,26023.375000,27434.821140,27568.000000,27665.000000,0.293654,6.914570,2243.079633,3600.298635,81703,13801823,3600.000000,4,45,0,GUROBI,1,0,0,0,0,0,0,0,0,0,0
2,0,Farkas,4,25995.500000,25997.750000,25997.750000,27465.657090,27669.000000,27671.000000,0.296858,6.974925,2975.952473,3245.205669,82949,12106045,3600.000000,4,45,0,GUROBI,1,0,0,0,0,0,0,0,0,0,0
3,0,Farkas,4,25952.250000,25954.700000,25954.638889,27371.171261,27649.000000,27651.000000,0.331354,5.986845,3082.512078,3242.802080,87929,11388010,3600.000000,4,45,0,GUROBI,1,0,0,0,0,0,0,0,0,0,0
4,0,Farkas,4,26024.437500,26024.477273,26024.477273,27411.066246,27675.000000,27677.000000,0.280313,6.210467,1941.193508,1941.194046,38905,5125271,3600.000000,4,45,0,GUROBI,1,0,0,0,0,0,0,0,0,0,0
