instanceIndex,seedIndex,vpcGenerator,terms,lpBound,disjunctiveDualBound,lpBoundPostVpc,rootDualBound,dualBound,primalBound,vpcGenerationTime,rootDualBoundTime,bestSolutionTime,terminationTime,nodes,iterations,maxTime,actualTerms,numCuts,cutLimit,mipSolver,providePrimalBound,infeasibleTerms,feasibleToInfeasibleTerms,infeasibleToFeasibleTerms,termRemainsFeasibleBasisInfeasible,cutsChangedCoefficients,feasibleTermsPrunedByBound,tighten_disjunction,tighten_matrix_perturbation,tighten_infeasible_to_feasible_term,tighten_feasible_to_infeasible_basis
0,0,New,64,384.328979,390.556576,384.328979,393.252824,461.179717,461.179717,21.363180,23.917024,27.088377,27.454236,793,23583,3600.000000,67,16,16,GUROBI,1,58,0,0,0,0,0,0,0,0,0
1,0,Disjunction,64,384.328979,390.556576,384.328979,393.252824,461.179717,461.179717,1.046310,3.624725,7.139362,7.638505,793,23583,3600.000000,67,16,0,GUROBI,1,58,0,0,0,0,0,1,0,0,0
2,0,Disjunction,64,384.328979,390.556576,384.328979,385.908638,461.179717,461.179717,1.021937,2.214312,9.202120,9.223276,1487,36512,3600.000000,67,16,0,GUROBI,1,58,0,0,0,0,0,1,0,0,0
3,0,Disjunction,64,384.328979,390.556576,384.328979,393.252824,461.179717,461.179717,0.768055,3.301612,6.308007,6.677977,793,23583,3600.000000,67,16,0,GUROBI,1,58,0,0,0,0,0,1,0,0,0
4,0,Disjunction,64,384.328979,390.556576,384.328979,391.263223,461.179717,461.179717,0.746015,2.596239,6.138032,6.145581,1060,30220,3600.000000,67,16,0,GUROBI,1,58,0,0,0,0,0,1,0,0,0
5,0,Disjunction,64,384.328979,390.556576,384.328979,393.252824,461.179717,461.179717,0.729243,3.329422,7.044424,7.732579,1043,29821,3600.000000,67,16,0,GUROBI,1,58,0,0,0,0,0,1,0,0,0
