instanceIndex,seedIndex,vpcGenerator,terms,lpBound,disjunctiveDualBound,lpBoundPostVpc,rootDualBound,dualBound,primalBound,vpcGenerationTime,rootDualBoundTime,bestSolutionTime,terminationTime,nodes,iterations,maxTime,actualTerms,numCuts,cutLimit,mipSolver,providePrimalBound,infeasibleTerms,feasibleToInfeasibleTerms,infeasibleToFeasibleTerms,termRemainsFeasibleBasisInfeasible,cutsChangedCoefficients,feasibleTermsPrunedByBound,tighten_disjunction,tighten_matrix_perturbation,tighten_infeasible_to_feasible_term,tighten_feasible_to_infeasible_basis
0,0,New,64,96.310297,98.212500,97.929948,104.113662,107.000000,107.000000,6.734831,7.326348,8.088603,8.088710,531,5667,3600.000000,64,3,30,GUROBI,1,15,0,0,0,0,0,0,0,0,0
1,0,Term,64,-35.060000,-33.254167,-33.809612,-29.195777,-25.000000,-25.000000,0.193280,0.360704,2.122411,2.122547,1050,12733,3600.000000,64,3,0,GUROBI,1,15,0,0,0,0,0,0,0,1,0
2,0,Term,64,-190.338469,-188.422600,-189.976959,-183.231923,-179.750000,-179.750000,0.207492,0.455799,2.297200,2.300383,805,8003,3600.000000,64,3,0,GUROBI,1,15,0,0,0,0,0,0,0,1,0
3,0,Term,64,-186.895626,-185.352709,-186.785490,-178.048724,-174.000000,-174.000000,0.204071,0.486596,0.766453,1.499954,641,6857,3600.000000,64,3,0,GUROBI,1,15,0,0,0,0,0,0,0,1,0
4,0,Term,64,-192.308521,-190.904706,-192.308521,-184.080551,-182.250000,-182.250000,0.252509,0.625418,0.765819,0.785775,181,2485,3600.000000,64,3,0,GUROBI,1,15,0,0,0,0,0,0,0,1,0
