instanceIndex,seedIndex,vpcGenerator,terms,lpBound,disjunctiveDualBound,lpBoundPostVpc,rootDualBound,dualBound,primalBound,vpcGenerationTime,rootDualBoundTime,bestSolutionTime,terminationTime,nodes,iterations,maxTime,actualTerms,numCuts,cutLimit,mipSolver,providePrimalBound,infeasibleTerms,feasibleToInfeasibleTerms,infeasibleToFeasibleTerms,termRemainsFeasibleBasisInfeasible,cutsChangedCoefficients,feasibleTermsPrunedByBound,tighten_disjunction,tighten_matrix_perturbation,tighten_infeasible_to_feasible_term,tighten_feasible_to_infeasible_basis
0,0,New,4,2035.362225,2140.949539,2136.459599,2688.644633,3201.000000,3201.000000,20.537485,24.437354,72.131857,72.132429,1003,101635,3600.000000,4,12,97,GUROBI,1,2,0,0,0,0,0,0,0,0,0
1,0,Matrix,4,2034.062059,2139.594192,2135.579810,2691.191437,3201.000000,3201.000000,0.770044,5.382967,77.721472,78.731851,1596,191090,3600.000000,4,12,0,GUROBI,1,2,0,0,0,10,0,0,1,0,0
2,0,Matrix,4,2035.362225,2140.949539,2136.459599,2733.372032,3201.000000,3201.000000,1.015055,5.328150,39.985446,43.230850,944,97518,3600.000000,4,12,0,GUROBI,1,2,0,0,0,11,0,0,1,0,0
3,0,Matrix,4,2035.558235,2141.821945,2137.478377,2734.685151,3201.000000,3201.000000,0.437065,4.583179,56.621441,56.894019,1246,161155,3600.000000,4,12,0,GUROBI,1,2,0,0,2,11,0,0,1,0,0
4,0,Matrix,4,2035.362225,2140.949539,2136.459599,2699.837435,3201.000000,3201.000000,0.749613,5.121473,44.666564,47.178458,996,116345,3600.000000,4,12,0,GUROBI,1,2,0,0,0,6,0,0,1,0,0
