instanceIndex,seedIndex,vpcGenerator,terms,lpBound,disjunctiveDualBound,lpBoundPostVpc,rootDualBound,dualBound,primalBound,vpcGenerationTime,rootDualBoundTime,bestSolutionTime,terminationTime,nodes,iterations,maxTime,actualTerms,numCuts,cutLimit,mipSolver,providePrimalBound,infeasibleTerms,feasibleToInfeasibleTerms,infeasibleToFeasibleTerms,termRemainsFeasibleBasisInfeasible,cutsChangedCoefficients,feasibleTermsPrunedByBound,tighten_disjunction,tighten_matrix_perturbation,tighten_infeasible_to_feasible_term,tighten_feasible_to_infeasible_basis
0,0,New,4,4970975.847015,4983757.925306,4983757.925306,5969316.682871,6021720.000000,6021720.000000,3.281320,3.598898,3.755988,3.781836,67,2405,3600.000000,4,7,8,GUROBI,1,0,0,0,0,0,0,0,0,0,0
1,0,Basis,4,4622580.000000,4622580.000000,4622580.000000,4622580.000000,4622580.000000,4622580.000000,0.067687,0.071414,0.067687,0.071414,0,0,3600.000000,4,7,0,GUROBI,1,1,1,0,3,7,0,0,0,0,1
2,0,Basis,4,4622580.000000,4622580.000000,4622580.000000,4622580.000000,4622580.000000,4622580.000000,0.066794,0.069953,0.069721,0.069953,0,0,3600.000000,4,7,0,GUROBI,1,0,0,0,4,7,0,0,0,0,1
3,0,Basis,4,4622580.000000,4622580.000000,4622580.000000,4622580.000000,4622580.000000,4622580.000000,0.032890,0.039966,0.032890,0.039966,0,0,3600.000000,4,7,0,GUROBI,1,0,0,0,4,7,0,0,0,0,1
4,0,Basis,4,4622580.000000,4622580.000000,4622580.000000,4622580.000000,4622580.000000,4622580.000000,0.070949,0.075803,0.070949,0.075803,0,0,3600.000000,4,7,0,GUROBI,1,0,0,0,4,7,0,0,0,0,1
5,0,Basis,4,4622580.000000,4622580.000000,4622580.000000,4622580.000000,4622580.000000,4622580.000000,0.074903,0.078462,0.074903,0.078462,0,0,3600.000000,4,7,0,GUROBI,1,1,1,0,3,7,0,0,0,0,1
