instanceIndex,seedIndex,vpcGenerator,terms,lpBound,disjunctiveDualBound,lpBoundPostVpc,rootDualBound,dualBound,primalBound,vpcGenerationTime,rootDualBoundTime,bestSolutionTime,terminationTime,nodes,iterations,maxTime,actualTerms,numCuts,cutLimit,mipSolver,providePrimalBound,infeasibleTerms,feasibleToInfeasibleTerms,infeasibleToFeasibleTerms,termRemainsFeasibleBasisInfeasible,cutsChangedCoefficients,feasibleTermsPrunedByBound,tighten_disjunction,tighten_matrix_perturbation,tighten_infeasible_to_feasible_term,tighten_feasible_to_infeasible_basis
0,0,None,4,689000000.000000,689000000.000000,689000000.000000,689000000.000000,689000000.000000,689000000.000000,0.000002,0.000002,0.000002,0.034777,1,0,3600.000000,0,0,0,GUROBI,1,0,0,0,0,0,0,0,0,0,0
1,0,None,4,705621738.439333,705621738.439333,705621738.439333,707247064.190500,707247064.190500,707247064.828500,0.000001,0.076452,0.000001,0.079599,1,227,3600.000000,0,0,0,GUROBI,1,0,0,0,0,0,0,0,0,0,0
2,0,None,4,697124020.495000,697124020.495000,697124020.495000,697124020.495000,697124020.495000,697124021.417500,0.000002,0.000002,0.000002,0.045303,1,17,3600.000000,0,0,0,GUROBI,1,0,0,0,0,0,0,0,0,0,0
3,0,None,4,707619145.822000,707619145.822000,707619145.822000,709838627.724375,710118496.847834,710119142.769000,0.000002,0.203181,0.000002,0.220272,3,376,3600.000000,0,0,0,GUROBI,1,0,0,0,0,0,0,0,0,0,0
4,0,None,4,697123044.278000,697123044.278000,697123044.278000,697123044.278000,697123044.278000,697123045.439000,0.000002,0.000002,0.000002,0.047108,1,27,3600.000000,0,0,0,GUROBI,1,0,0,0,0,0,0,0,0,0,0
