instanceIndex,seedIndex,vpcGenerator,terms,lpBound,disjunctiveDualBound,lpBoundPostVpc,rootDualBound,dualBound,primalBound,vpcGenerationTime,rootDualBoundTime,bestSolutionTime,terminationTime,nodes,iterations,maxTime,actualTerms,numCuts,cutLimit,mipSolver,providePrimalBound,infeasibleTerms,feasibleToInfeasibleTerms,infeasibleToFeasibleTerms,termRemainsFeasibleBasisInfeasible,cutsChangedCoefficients,feasibleTermsPrunedByBound,tighten_disjunction,tighten_matrix_perturbation,tighten_infeasible_to_feasible_term,tighten_feasible_to_infeasible_basis
0,0,New,64,342.576816,384.919268,375.008982,386.657821,454.200000,454.200000,57.373537,58.375521,60.090786,67.626430,3040,40547,3600.000000,67,80,80,GUROBI,1,57,0,0,0,0,0,0,0,0,0
1,0,NoDisjunction,64,342.780986,385.146697,356.598375,384.717777,452.000000,452.000000,7.811065,9.420614,12.595922,14.125730,1796,20037,3600.000000,67,80,0,GUROBI,1,58,3,2,5,80,0,0,1,1,1
2,0,NoDisjunction,64,342.576816,377.755067,349.339629,382.452545,445.900000,445.900000,3.303562,4.105724,5.199053,6.172413,740,9531,3600.000000,67,80,0,GUROBI,1,56,2,3,0,0,0,0,1,1,1
3,0,NoDisjunction,64,342.576816,384.919268,375.008982,386.606041,454.200000,454.200000,0.676884,1.564235,3.184044,10.190214,2671,37972,3600.000000,67,80,0,GUROBI,1,57,0,0,0,0,0,0,1,1,1
4,0,NoDisjunction,64,342.576816,377.755067,349.339629,382.452545,445.900000,445.900000,8.919480,9.695271,10.092455,12.113842,1060,9836,3600.000000,67,80,0,GUROBI,1,54,1,4,1,56,0,0,1,1,1
