instanceIndex,seedIndex,vpcGenerator,terms,lpBound,disjunctiveDualBound,lpBoundPostVpc,rootDualBound,dualBound,primalBound,vpcGenerationTime,rootDualBoundTime,bestSolutionTime,terminationTime,nodes,iterations,maxTime,actualTerms,numCuts,cutLimit,mipSolver,providePrimalBound,infeasibleTerms,feasibleToInfeasibleTerms,infeasibleToFeasibleTerms,termRemainsFeasibleBasisInfeasible,cutsChangedCoefficients,feasibleTermsPrunedByBound,tighten_disjunction,tighten_matrix_perturbation,tighten_infeasible_to_feasible_term,tighten_feasible_to_infeasible_basis
0,0,None,64,96.310297,96.310297,96.310297,103.703993,107.000000,107.000000,0.000018,0.285483,0.506488,0.506600,226,2878,3600.000000,0,0,0,GUROBI,1,0,0,0,0,0,0,0,0,0,0
1,0,None,64,98.892620,98.892620,98.892620,108.436516,112.000000,112.000000,0.000002,0.224995,0.734506,0.855542,489,5273,3600.000000,0,0,0,GUROBI,1,0,0,0,0,0,0,0,0,0,0
2,0,None,64,92.902995,92.902995,92.902995,102.724529,106.000000,106.000000,0.000003,0.324858,0.708047,0.733984,392,4052,3600.000000,0,0,0,GUROBI,1,0,0,0,0,0,0,0,0,0,0
3,0,None,64,96.316250,96.316250,96.316250,103.120453,107.000000,107.000000,0.000002,0.243224,0.517412,0.764743,729,7469,3600.000000,0,0,0,GUROBI,1,0,0,0,0,0,0,0,0,0,0
4,0,None,64,96.298673,96.298673,96.298673,102.218841,106.000000,106.000000,0.000001,0.174693,0.520371,0.843224,523,6585,3600.000000,0,0,0,GUROBI,1,0,0,0,0,0,0,0,0,0,0
