instanceIndex,seedIndex,vpcGenerator,terms,lpBound,disjunctiveDualBound,lpBoundPostVpc,rootDualBound,dualBound,primalBound,vpcGenerationTime,rootDualBoundTime,bestSolutionTime,terminationTime,nodes,iterations,maxTime,actualTerms,numCuts,cutLimit,mipSolver,providePrimalBound,infeasibleTerms,feasibleToInfeasibleTerms,infeasibleToFeasibleTerms,termRemainsFeasibleBasisInfeasible,cutsChangedCoefficients,feasibleTermsPrunedByBound,tighten_disjunction,tighten_matrix_perturbation,tighten_infeasible_to_feasible_term,tighten_feasible_to_infeasible_basis
0,0,New,64,-14653654.824261,-14653091.031394,-14653401.928243,-14626453.163966,-14612191.989455,-14610731.000000,31.228977,31.483672,207.085425,300.542182,149983,1336323,3600.000000,64,19,43,GUROBI,1,32,0,0,0,0,0,0,0,0,0
1,0,Farkas,64,-14480205.242571,-14477292.896710,-14480205.242571,-14446813.583333,-14442544.850612,-14441105.500000,1.544445,1.937169,7.024605,9.690382,5703,82511,3600.000000,64,19,0,GUROBI,1,19,4,17,28,19,0,0,0,0,0
2,0,Farkas,64,-14547931.837730,-14547856.440753,-14547931.837730,-14507826.218472,-14501913.734881,-14500468.500000,2.905188,3.247006,7.902509,10.054186,3951,54185,3600.000000,64,19,0,GUROBI,1,38,10,4,22,19,0,0,0,0,0
3,0,Farkas,64,-14409343.314431,-14408036.823283,-14409343.314431,-14404245.027920,-14401369.250319,-14400563.769110,2.860798,3.158631,3.588411,3.589110,386,4693,3600.000000,64,19,0,GUROBI,1,35,7,4,25,19,0,0,0,0,0
4,0,Farkas,64,-13741016.047819,-13740085.705863,-13741016.047819,-13677034.355139,-13660539.357133,-13659223.335951,2.432599,2.754890,5.707080,5.975729,1323,22099,3600.000000,64,19,0,GUROBI,1,21,1,12,31,19,0,0,0,0,0
