instanceIndex,seedIndex,vpcGenerator,terms,lpBound,disjunctiveDualBound,lpBoundPostVpc,rootDualBound,dualBound,primalBound,vpcGenerationTime,rootDualBoundTime,bestSolutionTime,terminationTime,nodes,iterations,maxTime,actualTerms,numCuts,cutLimit,mipSolver,providePrimalBound,infeasibleTerms,feasibleToInfeasibleTerms,infeasibleToFeasibleTerms,termRemainsFeasibleBasisInfeasible,cutsChangedCoefficients,feasibleTermsPrunedByBound,tighten_disjunction,tighten_matrix_perturbation,tighten_infeasible_to_feasible_term,tighten_feasible_to_infeasible_basis
0,0,New,4,-1216923.270104,-1114006.597056,-1114006.597056,-566547.165793,-52598.227986,12940.219678,1.470248,1.976886,1392.799271,3601.471062,1670301,36648559,3600.000000,4,30,41,GUROBI,1,0,0,0,0,0,0,0,0,0,0
1,0,Basis,4,-1437626.238262,-1334499.909817,-1420493.466892,-839928.158775,-73527.188401,-73520.435503,0.033621,0.561181,331.591878,1234.567155,901105,11459345,3600.000000,4,30,0,GUROBI,1,0,0,0,0,0,0,0,0,0,1
2,0,Basis,4,-1417390.624011,-1327093.248361,-1412555.900683,-860491.694475,-123091.095886,-123079.837697,0.025411,0.343636,320.166858,320.901344,243351,2993023,3600.000000,4,30,0,GUROBI,1,0,0,0,0,0,0,0,0,0,1
3,0,Basis,4,-1764006.248720,-1684085.088488,-1764006.248720,-1183108.166688,-434455.221248,-434413.464852,0.026859,0.390188,357.998074,360.457456,254865,3335764,3600.000000,4,30,0,GUROBI,1,0,0,0,0,0,0,0,0,0,1
4,0,Basis,4,-3327025.450286,-3248918.954406,-3327025.450286,-2574144.605925,-1608440.141358,-1608293.526045,0.037400,0.588352,20.762215,53.616310,35830,579349,3600.000000,4,30,0,GUROBI,1,0,0,0,0,0,0,0,0,0,1
