instanceIndex,seedIndex,vpcGenerator,terms,lpBound,disjunctiveDualBound,lpBoundPostVpc,rootDualBound,dualBound,primalBound,vpcGenerationTime,rootDualBoundTime,bestSolutionTime,terminationTime,nodes,iterations,maxTime,actualTerms,numCuts,cutLimit,mipSolver,providePrimalBound,infeasibleTerms,feasibleToInfeasibleTerms,infeasibleToFeasibleTerms,termRemainsFeasibleBasisInfeasible,cutsChangedCoefficients,feasibleTermsPrunedByBound,tighten_disjunction,tighten_matrix_perturbation,tighten_infeasible_to_feasible_term,tighten_feasible_to_infeasible_basis
0,0,New,64,384.328979,390.556576,384.328979,393.311970,461.179717,461.179717,22.132320,24.070513,26.704554,26.779791,676,20092,3600.000000,67,16,16,GUROBI,1,58,0,0,0,0,0,0,0,0,0
1,0,New,64,384.328979,390.556576,384.328979,393.311970,461.179717,461.179717,21.001414,23.039322,25.296510,25.339797,631,19049,3600.000000,67,16,16,GUROBI,1,58,0,0,0,0,0,0,0,0,0
2,0,New,64,384.328979,390.556576,384.328979,385.908638,461.179717,461.179717,25.846199,27.385647,29.748538,30.118706,845,21650,3600.000000,67,16,16,GUROBI,1,58,0,0,0,0,0,0,0,0,0
3,0,New,64,384.328979,390.556576,384.328979,393.311970,461.179717,461.179717,21.787587,23.654276,26.493370,26.570752,676,20092,3600.000000,67,16,16,GUROBI,1,58,0,0,0,0,0,0,0,0,0
4,0,New,64,384.328979,390.556576,384.328979,385.908638,461.153042,461.179717,23.971896,25.270703,28.034331,28.405792,720,18437,3600.000000,67,16,16,GUROBI,1,58,0,0,0,0,0,0,0,0,0
5,0,New,64,384.328979,390.556576,384.328979,393.311970,461.179717,461.179717,21.912593,23.826018,25.722739,25.769884,602,18332,3600.000000,67,16,16,GUROBI,1,58,0,0,0,0,0,0,0,0,0
