instanceIndex,seedIndex,vpcGenerator,terms,lpBound,disjunctiveDualBound,lpBoundPostVpc,rootDualBound,dualBound,primalBound,vpcGenerationTime,rootDualBoundTime,bestSolutionTime,terminationTime,nodes,iterations,maxTime,actualTerms,numCuts,cutLimit,mipSolver,providePrimalBound,infeasibleTerms,feasibleToInfeasibleTerms,infeasibleToFeasibleTerms,termRemainsFeasibleBasisInfeasible,cutsChangedCoefficients,feasibleTermsPrunedByBound,tighten_disjunction,tighten_matrix_perturbation,tighten_infeasible_to_feasible_term,tighten_feasible_to_infeasible_basis
0,0,None,64,-17360.166667,-17360.166667,-17360.166667,-17042.600000,-17041.000000,-17041.000000,0.000003,0.491107,0.494313,0.496340,1,1805,3600.000000,0,0,0,GUROBI,1,0,0,0,0,0,0,0,0,0,0
1,0,None,64,-17328.166667,-17328.166667,-17328.166667,-17009.494382,-17009.000000,-17009.000000,0.000003,0.574384,0.577302,0.579084,1,1944,3600.000000,0,0,0,GUROBI,1,0,0,0,0,0,0,0,0,0,0
2,0,None,64,-17168.500000,-17168.500000,-17168.500000,-16988.555556,-16977.000000,-16977.000000,0.000003,0.305119,0.308174,0.310030,1,1699,3600.000000,0,0,0,GUROBI,1,0,0,0,0,0,0,0,0,0,0
3,0,None,64,-17273.333333,-17273.333333,-17273.333333,-16989.800000,-16986.000000,-16986.000000,0.000003,0.541186,0.545211,0.547189,1,1839,3600.000000,0,0,0,GUROBI,1,0,0,0,0,0,0,0,0,0,0
4,0,None,64,-16532.500000,-16532.500000,-16532.500000,-16192.275000,-16186.000000,-16186.000000,0.000003,0.599214,0.602809,0.604775,1,1953,3600.000000,0,0,0,GUROBI,1,0,0,0,0,0,0,0,0,0,0
