instanceIndex,seedIndex,vpcGenerator,terms,lpBound,disjunctiveDualBound,lpBoundPostVpc,rootDualBound,dualBound,primalBound,vpcGenerationTime,rootDualBoundTime,bestSolutionTime,terminationTime,nodes,iterations,maxTime,actualTerms,numCuts,cutLimit,mipSolver,providePrimalBound,infeasibleTerms,feasibleToInfeasibleTerms,infeasibleToFeasibleTerms,termRemainsFeasibleBasisInfeasible,cutsChangedCoefficients,feasibleTermsPrunedByBound,tighten_disjunction,tighten_matrix_perturbation,tighten_infeasible_to_feasible_term,tighten_feasible_to_infeasible_basis
0,0,New,4,87.576118,87.950349,87.841411,89.558973,91.000000,91.000000,168.756505,172.512424,175.852402,182.332550,532,25197,3600.000000,4,295,295,GUROBI,1,0,0,0,0,0,0,0,0,0,0
1,0,Term,4,86.325419,86.570109,86.351975,87.943435,90.000000,90.000000,0.837124,4.183773,18.506124,18.964702,609,36816,3600.000000,4,295,0,GUROBI,1,0,0,0,0,0,0,0,0,1,0
2,0,Term,4,85.811170,86.276229,85.811170,88.078631,91.000000,91.000000,0.883544,4.824276,24.592858,31.283180,834,58030,3600.000000,4,295,0,GUROBI,1,0,0,0,0,0,0,0,0,1,0
3,0,Term,4,86.867385,86.888606,86.867385,88.586800,91.000000,91.000000,0.844938,3.795975,37.717366,37.718018,1774,108126,3600.000000,4,295,0,GUROBI,1,0,0,0,0,0,0,0,0,1,0
4,0,Term,4,84.110227,84.321161,84.110227,86.531588,89.000000,89.000000,0.849433,3.443617,15.750090,19.355430,789,42031,3600.000000,4,295,0,GUROBI,1,0,0,0,0,0,0,0,0,1,0
