instanceIndex,seedIndex,vpcGenerator,terms,lpBound,disjunctiveDualBound,lpBoundPostVpc,rootDualBound,dualBound,primalBound,vpcGenerationTime,rootDualBoundTime,bestSolutionTime,terminationTime,nodes,iterations,maxTime,actualTerms,numCuts,cutLimit,mipSolver,providePrimalBound,infeasibleTerms,feasibleToInfeasibleTerms,infeasibleToFeasibleTerms,termRemainsFeasibleBasisInfeasible,cutsChangedCoefficients,feasibleTermsPrunedByBound,tighten_disjunction,tighten_matrix_perturbation,tighten_infeasible_to_feasible_term,tighten_feasible_to_infeasible_basis
0,0,New,64,-18525.765543,-18393.769495,-18399.739174,-17873.173378,-17381.000000,-17380.000000,47635.841519,47645.848780,47883.149039,47883.280893,2456,508812,3600.000000,71,56,857,GUROBI,1,62,0,0,0,0,0,0,0,0,0
1,0,Basis,64,-18485.073651,-18356.433106,-18365.542481,-17842.133494,-17346.000000,-17346.000000,77.405236,87.993332,216.393634,216.394530,1609,308394,3600.000000,71,56,0,GUROBI,1,62,0,0,0,0,0,0,0,0,1
2,0,Basis,64,-18519.454796,-18385.039171,-18393.679270,-17861.604522,-17358.000000,-17358.000000,50.277294,60.475420,114.990049,159.962116,1665,276376,3600.000000,71,56,0,GUROBI,1,62,0,0,0,0,0,0,0,0,1
3,0,Basis,64,-18534.321000,-18401.817968,-18412.480593,-17902.336124,-17422.000000,-17422.000000,63.009255,73.217092,301.270892,301.271820,2970,525515,3600.000000,71,56,0,GUROBI,1,62,0,0,0,0,0,0,0,0,1
4,0,Basis,64,-18495.980598,-18364.516648,-18373.007079,-17845.124802,-17342.000000,-17341.000000,66.546050,78.016016,308.715334,311.897712,3343,571548,3600.000000,71,56,0,GUROBI,1,62,0,0,0,0,0,0,0,0,1
