instanceIndex,seedIndex,vpcGenerator,terms,lpBound,disjunctiveDualBound,lpBoundPostVpc,rootDualBound,dualBound,primalBound,vpcGenerationTime,rootDualBoundTime,bestSolutionTime,terminationTime,nodes,iterations,maxTime,actualTerms,numCuts,cutLimit,mipSolver,providePrimalBound,infeasibleTerms,feasibleToInfeasibleTerms,infeasibleToFeasibleTerms,termRemainsFeasibleBasisInfeasible,cutsChangedCoefficients,feasibleTermsPrunedByBound,tighten_disjunction,tighten_matrix_perturbation,tighten_infeasible_to_feasible_term,tighten_feasible_to_infeasible_basis
0,0,New,4,7345804.855333,7672580.083937,7510781.209948,9553707.688968,15464290.503734,15465800.718000,8.146070,14.466830,406.098376,983.424478,22037,3888982,3600.000000,4,18,265,GUROBI,1,0,0,0,0,0,0,0,0,0,0
1,0,Basis,4,5211361.713397,5490570.628946,5263255.474241,8548960.485357,13876385.505200,13876386.684000,0.466144,8.554200,855.838518,886.308729,32120,1949301,3600.000000,4,18,0,GUROBI,1,0,0,0,4,18,0,0,0,0,1
2,0,Basis,4,617541.375270,817973.928939,618310.623330,6174811.371109,11394455.983821,11394562.041000,1.117341,7.610899,905.656704,1714.120868,862411,8755729,3600.000000,4,18,0,GUROBI,1,1,1,0,3,18,0,0,0,0,1
3,0,Basis,4,-1389417.783470,-1337185.494222,-1389417.783470,5442157.978532,11733396.576161,13364482.539667,0.722772,4.048959,3600.725776,3600.936282,2058807,17792005,3600.000000,4,18,0,GUROBI,1,0,0,0,4,18,0,0,0,0,1
