instanceIndex,seedIndex,vpcGenerator,terms,lpBound,disjunctiveDualBound,lpBoundPostVpc,rootDualBound,dualBound,primalBound,vpcGenerationTime,rootDualBoundTime,bestSolutionTime,terminationTime,nodes,iterations,maxTime,actualTerms,numCuts,cutLimit,mipSolver,providePrimalBound,infeasibleTerms,feasibleToInfeasibleTerms,infeasibleToFeasibleTerms,termRemainsFeasibleBasisInfeasible,cutsChangedCoefficients,feasibleTermsPrunedByBound,tighten_disjunction,tighten_matrix_perturbation,tighten_infeasible_to_feasible_term,tighten_feasible_to_infeasible_basis
0,0,New,64,60224.082818,60612.960210,60326.823134,64722.995729,64825.705181,64829.590000,183.229437,184.428806,185.797015,185.799051,238,7154,3600.000000,64,2,47,GUROBI,1,0,0,0,0,0,0,0,0,0,0
1,0,Disjunction,64,59682.564043,60075.735624,59784.327517,64396.946622,64507.101000,64507.817500,0.915609,2.317709,5.220503,6.744591,524,17370,3600.000000,64,2,0,GUROBI,1,0,0,0,0,0,0,1,0,0,0
2,0,Disjunction,64,58602.883026,58730.348135,58648.044584,63590.396915,63634.909635,63638.420000,1.125637,3.753039,5.601764,5.827316,52,8512,3600.000000,64,2,0,GUROBI,1,0,0,0,0,0,0,1,0,0,0
3,0,Disjunction,64,59586.318508,59833.889434,59651.256941,64425.067564,64546.785536,64552.920000,1.150283,3.141885,7.269074,7.740534,353,17995,3600.000000,64,2,0,GUROBI,1,0,0,0,0,0,0,1,0,0,0
4,0,Disjunction,64,59275.761608,59509.407957,59327.729923,64195.279903,64228.360000,64228.360000,1.114927,3.163774,5.072034,5.072651,146,7851,3600.000000,64,2,0,GUROBI,1,0,0,0,0,0,0,1,0,0,0
5,0,Disjunction,64,59578.121530,59957.141907,59652.639314,64467.520533,64591.563132,64597.158000,1.017217,3.127442,5.930804,6.614447,415,16391,3600.000000,64,2,0,GUROBI,1,0,0,0,0,0,0,1,0,0,0
