instanceIndex,seedIndex,vpcGenerator,terms,lpBound,disjunctiveDualBound,lpBoundPostVpc,rootDualBound,dualBound,primalBound,vpcGenerationTime,rootDualBoundTime,bestSolutionTime,terminationTime,nodes,iterations,maxTime,actualTerms,numCuts,cutLimit,mipSolver,providePrimalBound,infeasibleTerms,feasibleToInfeasibleTerms,infeasibleToFeasibleTerms,termRemainsFeasibleBasisInfeasible,cutsChangedCoefficients,feasibleTermsPrunedByBound,tighten_disjunction,tighten_matrix_perturbation,tighten_infeasible_to_feasible_term,tighten_feasible_to_infeasible_basis
0,0,New,64,13.000000,13.750000,13.750000,13.750000,15.000000,15.000000,4.628739,4.759474,5.959928,693.916049,310699,5415019,3600.000000,64,1,35,GUROBI,1,0,0,0,0,0,0,0,0,0,0
1,0,NoDisjunction,64,13.000000,13.750000,13.575000,13.675676,15.000000,15.000000,0.236715,0.483081,0.724107,262.601204,277452,3606878,3600.000000,64,1,0,GUROBI,1,0,0,0,6,1,0,0,1,1,1
2,0,NoDisjunction,64,13.000000,13.750000,13.574074,13.614679,14.998753,15.000000,0.261300,0.441275,116.264884,299.515838,314465,4206541,3600.000000,64,1,0,GUROBI,1,0,0,0,2,1,0,0,1,1,1
3,0,NoDisjunction,64,13.000000,13.750000,13.750000,13.750000,15.000000,15.000000,0.110410,0.236703,307.221668,307.221820,149557,2639262,3600.000000,64,1,0,GUROBI,1,0,0,0,0,0,0,0,1,1,1
4,0,NoDisjunction,64,13.000000,13.750000,13.750000,13.750000,15.000000,15.000000,0.110106,0.236087,306.865050,306.865196,149557,2639262,3600.000000,64,1,0,GUROBI,1,0,0,0,0,0,0,0,1,1,1
