instanceIndex,seedIndex,vpcGenerator,terms,lpBound,disjunctiveDualBound,lpBoundPostVpc,rootDualBound,dualBound,primalBound,vpcGenerationTime,rootDualBoundTime,bestSolutionTime,terminationTime,nodes,iterations,maxTime,actualTerms,numCuts,cutLimit,mipSolver,providePrimalBound,infeasibleTerms,feasibleToInfeasibleTerms,infeasibleToFeasibleTerms,termRemainsFeasibleBasisInfeasible,cutsChangedCoefficients,feasibleTermsPrunedByBound,tighten_disjunction,tighten_matrix_perturbation,tighten_infeasible_to_feasible_term,tighten_feasible_to_infeasible_basis
0,0,None,64,-3883988306.366686,-3883988306.366686,-3883988306.366686,-3883988306.374953,-3883988306.374953,-3883988306.374950,0.000002,0.000002,0.053380,0.054433,1,752,3600.000000,0,0,0,GUROBI,1,0,0,0,0,0,0,0,0,0,0
1,0,None,64,-3878495272.475942,-3878495272.475942,-3878495272.475942,-3878495112.484126,-3878495112.484126,-3878495112.484123,0.000002,0.000002,0.060366,0.061344,1,757,3600.000000,0,0,0,GUROBI,1,0,0,0,0,0,0,0,0,0,0
2,0,None,64,-3875778290.157483,-3875778290.157483,-3875778290.157483,-3875778050.165493,-3875778050.165493,-3875778050.165489,0.000002,0.000002,0.056600,0.057528,1,671,3600.000000,0,0,0,GUROBI,1,0,0,0,0,0,0,0,0,0,0
3,0,None,64,-3868459864.875084,-3868459864.875084,-3868459864.875084,-3868459784.883093,-3868459784.883093,-3868459784.883090,0.000002,0.000002,0.057198,0.058156,1,739,3600.000000,0,0,0,GUROBI,1,0,0,0,0,0,0,0,0,0,0
4,0,None,64,-3870288917.865538,-3870288917.865538,-3870288917.865538,-3870288917.873633,-3870288917.873633,-3870288917.873630,0.000002,0.000002,0.070956,0.071917,1,654,3600.000000,0,0,0,GUROBI,1,0,0,0,0,0,0,0,0,0,0
