instanceIndex,seedIndex,vpcGenerator,terms,lpBound,disjunctiveDualBound,lpBoundPostVpc,rootDualBound,dualBound,primalBound,vpcGenerationTime,rootDualBoundTime,bestSolutionTime,terminationTime,nodes,iterations,maxTime,actualTerms,numCuts,cutLimit,mipSolver,providePrimalBound,infeasibleTerms,feasibleToInfeasibleTerms,infeasibleToFeasibleTerms,termRemainsFeasibleBasisInfeasible,cutsChangedCoefficients,feasibleTermsPrunedByBound,tighten_disjunction,tighten_matrix_perturbation,tighten_infeasible_to_feasible_term,tighten_feasible_to_infeasible_basis
0,0,New,64,-18902.810023,-18744.603243,-18773.830582,-18114.936827,-17905.000000,-17905.000000,19845.623934,19856.438680,19857.019094,19859.403771,51,19243,3600.000000,72,67,850,GUROBI,1,62,0,0,0,0,0,0,0,0,0
1,0,Term,64,-18920.756340,-18758.048780,-18793.468823,-18127.591950,-17926.000000,-17926.000000,84.404394,94.874690,95.285088,97.817872,56,19114,3600.000000,72,67,0,GUROBI,1,62,0,0,0,0,0,0,0,1,0
2,0,Term,64,-18933.648384,-18775.429979,-18806.526146,-18177.837769,-17939.000000,-17939.000000,51.707064,61.402225,65.016510,65.017409,73,20389,3600.000000,72,67,0,GUROBI,1,62,0,0,0,0,0,0,0,1,0
3,0,Term,64,-18910.396292,-18752.473241,-18780.381413,-18130.675517,-17904.000000,-17904.000000,61.298426,70.618808,173.857214,173.858115,882,229892,3600.000000,72,67,0,GUROBI,1,62,0,0,0,0,0,0,0,1,0
4,0,Term,64,-18899.038045,-18739.960563,-18773.980894,-18132.786655,-17891.000000,-17891.000000,71.740343,81.188832,81.650512,84.718506,86,19993,3600.000000,72,67,0,GUROBI,1,62,0,0,0,0,0,0,0,1,0
