instanceIndex,seedIndex,vpcGenerator,terms,lpBound,disjunctiveDualBound,lpBoundPostVpc,rootDualBound,dualBound,primalBound,vpcGenerationTime,rootDualBoundTime,bestSolutionTime,terminationTime,nodes,iterations,maxTime,actualTerms,numCuts,cutLimit,mipSolver,providePrimalBound,infeasibleTerms,feasibleToInfeasibleTerms,infeasibleToFeasibleTerms,termRemainsFeasibleBasisInfeasible,cutsChangedCoefficients,feasibleTermsPrunedByBound,tighten_disjunction,tighten_matrix_perturbation,tighten_infeasible_to_feasible_term,tighten_feasible_to_infeasible_basis
0,0,New,4,384.328979,387.871667,384.458726,388.886600,461.179717,461.179717,2.104603,4.495276,9.958690,10.008336,947,27430,3600.000000,4,16,16,GUROBI,1,0,0,0,0,0,0,0,0,0,0
1,0,All,4,384.328979,387.871667,384.458726,388.886600,461.179717,461.179717,0.059275,2.439018,7.257066,7.298796,866,24028,3600.000000,4,16,0,GUROBI,1,0,0,0,0,0,0,1,1,1,1
2,0,All,4,384.328979,387.871667,384.458726,387.119821,461.179717,461.179717,0.056657,1.892387,3.365132,9.000955,1812,49632,3600.000000,4,16,0,GUROBI,1,0,0,0,0,0,0,1,1,1,1
3,0,All,4,384.328979,387.871667,384.458726,388.886600,461.179717,461.179717,0.056953,2.432442,6.955335,6.997749,866,24028,3600.000000,4,16,0,GUROBI,1,0,0,0,0,0,0,1,1,1,1
4,0,All,4,384.328979,387.871667,384.458726,387.119821,461.179717,461.179717,0.058420,2.021173,2.971297,5.737285,1033,29479,3600.000000,4,16,0,GUROBI,1,0,0,0,0,0,0,1,1,1,1
5,0,All,4,384.328979,387.871667,384.458726,388.886600,461.179717,461.179717,0.039521,2.243019,7.479580,7.558404,1185,30802,3600.000000,4,16,0,GUROBI,1,0,0,0,0,0,0,1,1,1,1
