instanceIndex,seedIndex,vpcGenerator,terms,lpBound,disjunctiveDualBound,lpBoundPostVpc,rootDualBound,dualBound,primalBound,vpcGenerationTime,rootDualBoundTime,bestSolutionTime,terminationTime,nodes,iterations,maxTime,actualTerms,numCuts,cutLimit,mipSolver,providePrimalBound,infeasibleTerms,feasibleToInfeasibleTerms,infeasibleToFeasibleTerms,termRemainsFeasibleBasisInfeasible,cutsChangedCoefficients,feasibleTermsPrunedByBound,tighten_disjunction,tighten_matrix_perturbation,tighten_infeasible_to_feasible_term,tighten_feasible_to_infeasible_basis
0,0,New,64,26069.000000,26074.750000,26074.750000,27478.919355,27586.000000,27674.000000,3178.611672,3185.049698,5355.694890,6778.616432,78270,14786249,3600.000000,209,27,180,GUROBI,1,202,0,0,0,0,0,0,0,0,0
1,0,Farkas,64,26069.000000,26074.750000,26074.750000,27429.827869,27585.000000,27674.000000,11.793239,16.881692,2732.634462,3611.799276,74068,16120003,3600.000000,209,27,0,GUROBI,1,202,0,0,0,0,0,0,0,0,0
2,0,Farkas,64,26069.000000,26074.750000,26074.750000,27467.144231,27673.000000,27674.000000,11.616066,17.616040,1997.408254,1997.409078,41706,9194938,3600.000000,209,27,0,GUROBI,1,202,0,0,0,0,0,0,0,0,0
3,0,Farkas,64,26069.000000,26074.750000,26074.750000,27463.464286,27672.000000,27674.000000,46.881685,52.085348,1582.000033,1720.335379,28378,6122185,3600.000000,209,27,0,GUROBI,1,202,0,0,4,1,0,0,0,0,0
4,0,Farkas,64,26069.000000,26074.750000,26074.750000,27453.875000,27587.000000,27674.000000,12.332982,18.201567,2864.630780,3612.338587,67588,15861342,3600.000000,209,27,0,GUROBI,1,202,0,0,0,0,0,0,0,0,0
5,0,Farkas,64,26069.000000,26074.750000,26074.750000,27478.919355,27585.000000,27674.000000,11.887557,18.425183,2208.500000,3611.892683,77784,14684860,3600.000000,209,27,0,GUROBI,1,202,0,0,0,0,0,0,0,0,0
