instanceIndex,seedIndex,vpcGenerator,terms,lpBound,disjunctiveDualBound,lpBoundPostVpc,rootDualBound,dualBound,primalBound,vpcGenerationTime,rootDualBoundTime,bestSolutionTime,terminationTime,nodes,iterations,maxTime,actualTerms,numCuts,cutLimit,mipSolver,providePrimalBound,infeasibleTerms,feasibleToInfeasibleTerms,infeasibleToFeasibleTerms,termRemainsFeasibleBasisInfeasible,cutsChangedCoefficients,feasibleTermsPrunedByBound,tighten_disjunction,tighten_matrix_perturbation,tighten_infeasible_to_feasible_term,tighten_feasible_to_infeasible_basis
0,0,New,64,8.333333,9.333333,8.458333,13.180000,16.000000,16.000000,54.199505,55.159603,55.715464,60.887449,1880,45548,3600.000000,95,2,571,GUROBI,1,84,0,0,0,0,0,0,0,0,0
1,0,Disjunction,64,8.333333,9.366667,8.458333,14.000000,17.000000,17.000000,7.257993,8.335663,9.595669,16.865327,808,44498,3600.000000,95,2,0,GUROBI,1,85,1,0,10,0,0,1,0,0,0
2,0,Disjunction,64,9.333333,10.363636,9.458333,14.666667,17.000000,17.000000,6.077415,6.984212,7.095709,9.116451,590,21867,3600.000000,95,2,0,GUROBI,1,86,2,0,9,0,0,1,0,0,0
3,0,Disjunction,64,10.500000,11.333333,10.500000,15.000000,16.000000,16.000000,4.874120,5.523441,5.798353,6.574694,146,7800,3600.000000,95,2,0,GUROBI,1,91,7,0,4,0,0,1,0,0,0
4,0,Disjunction,64,9.666667,10.666667,9.809524,15.052631,18.000000,18.000000,6.337989,7.574841,13.726179,44.900167,7273,231138,3600.000000,95,2,0,GUROBI,1,88,4,0,7,0,0,1,0,0,0
