instanceIndex,seedIndex,vpcGenerator,terms,lpBound,disjunctiveDualBound,lpBoundPostVpc,rootDualBound,dualBound,primalBound,vpcGenerationTime,rootDualBoundTime,bestSolutionTime,terminationTime,nodes,iterations,maxTime,actualTerms,numCuts,cutLimit,mipSolver,providePrimalBound,infeasibleTerms,feasibleToInfeasibleTerms,infeasibleToFeasibleTerms,termRemainsFeasibleBasisInfeasible,cutsChangedCoefficients,feasibleTermsPrunedByBound,tighten_disjunction,tighten_matrix_perturbation,tighten_infeasible_to_feasible_term,tighten_feasible_to_infeasible_basis
0,0,None,64,87.576118,87.576118,87.576118,89.493755,91.000000,91.000000,0.000002,3.238978,7.497913,24.211609,713,45093,3600.000000,0,0,0,GUROBI,1,0,0,0,0,0,0,0,0,0,0
1,0,None,64,78.965706,78.965706,78.965706,89.307157,91.000000,91.000000,0.000001,3.042721,5.352873,24.894061,792,51595,3600.000000,0,0,0,GUROBI,1,0,0,0,0,0,0,0,0,0,0
2,0,None,64,83.092366,83.092366,83.092366,89.484562,91.000000,91.000000,0.000002,3.508192,20.474962,26.320606,1097,70753,3600.000000,0,0,0,GUROBI,1,0,0,0,0,0,0,0,0,0,0
3,0,None,64,81.931994,81.931994,81.931994,89.556776,92.000000,92.000000,0.000003,3.071553,29.702623,29.703176,1191,72600,3600.000000,0,0,0,GUROBI,1,0,0,0,0,0,0,0,0,0,0
4,0,None,64,83.641592,83.641592,83.641592,89.497060,91.000000,91.000000,0.000003,2.921811,5.487263,15.264405,558,24248,3600.000000,0,0,0,GUROBI,1,0,0,0,0,0,0,0,0,0,0
