instanceIndex,seedIndex,vpcGenerator,terms,lpBound,disjunctiveDualBound,lpBoundPostVpc,rootDualBound,dualBound,primalBound,vpcGenerationTime,rootDualBoundTime,bestSolutionTime,terminationTime,nodes,iterations,maxTime,actualTerms,numCuts,cutLimit,mipSolver,providePrimalBound,infeasibleTerms,feasibleToInfeasibleTerms,infeasibleToFeasibleTerms,termRemainsFeasibleBasisInfeasible,cutsChangedCoefficients,feasibleTermsPrunedByBound,tighten_disjunction,tighten_matrix_perturbation,tighten_infeasible_to_feasible_term,tighten_feasible_to_infeasible_basis
0,0,New,4,342.576816,357.149680,355.235959,382.452545,454.200000,454.200000,7.520179,8.299789,8.559668,10.407830,846,8689,3600.000000,16,33,80,GUROBI,1,12,0,0,0,0,0,0,0,0,0
1,0,Basis,4,344.244031,359.527318,356.791960,395.131742,454.200000,454.200000,0.154949,1.342830,1.560241,4.805307,1204,15897,3600.000000,16,33,0,GUROBI,1,14,2,0,2,0,0,0,0,0,1
2,0,Basis,4,382.573865,382.788233,382.573865,452.678983,458.100000,458.100000,0.169618,0.725952,0.169618,0.739610,1,484,3600.000000,16,33,0,GUROBI,1,15,3,0,1,0,0,0,0,0,1
3,0,Basis,4,342.490421,357.191087,354.149104,390.025178,452.000000,452.000000,0.160721,2.210190,2.687600,8.504942,2247,27774,3600.000000,16,33,0,GUROBI,1,13,1,0,3,0,0,0,0,0,1
4,0,Basis,4,345.018087,360.123665,355.987889,394.735961,452.000000,452.000000,0.158079,1.487302,3.003674,3.582867,1008,8877,3600.000000,16,33,0,GUROBI,1,14,2,0,2,0,0,0,0,0,1
