instanceIndex,seedIndex,vpcGenerator,terms,lpBound,disjunctiveDualBound,lpBoundPostVpc,rootDualBound,dualBound,primalBound,vpcGenerationTime,rootDualBoundTime,bestSolutionTime,terminationTime,nodes,iterations,maxTime,actualTerms,numCuts,cutLimit,mipSolver,providePrimalBound,infeasibleTerms,feasibleToInfeasibleTerms,infeasibleToFeasibleTerms,termRemainsFeasibleBasisInfeasible,cutsChangedCoefficients,feasibleTermsPrunedByBound,tighten_disjunction,tighten_matrix_perturbation,tighten_infeasible_to_feasible_term,tighten_feasible_to_infeasible_basis
0,0,New,64,384.328979,390.556576,384.328979,385.908638,461.179717,461.179717,21.120242,22.343965,25.256915,25.847711,1143,30179,3600.000000,67,16,16,GUROBI,1,58,0,0,0,0,0,0,0,0,0
1,0,Matrix,64,384.328979,390.556576,384.328979,385.908638,461.179717,461.179717,0.781423,2.092878,6.043591,6.562595,1143,30179,3600.000000,67,16,0,GUROBI,1,58,0,0,0,0,0,0,1,0,0
2,0,Matrix,64,384.328979,390.556576,384.328979,387.494976,461.179717,461.179717,1.051337,3.454730,5.116773,6.435429,668,19739,3600.000000,67,16,0,GUROBI,1,58,0,0,0,0,0,0,1,0,0
3,0,Matrix,64,384.328979,390.556576,384.328979,385.908638,461.179717,461.179717,1.033654,2.347541,6.281542,6.762435,1143,30179,3600.000000,67,16,0,GUROBI,1,58,0,0,0,0,0,0,1,0,0
4,0,Matrix,64,384.328979,390.556576,384.328979,392.663906,461.179717,461.179717,1.018373,2.924952,5.264649,5.603735,794,21254,3600.000000,67,16,0,GUROBI,1,58,0,0,0,0,0,0,1,0,0
5,0,Matrix,64,384.328979,390.556576,384.328979,385.908638,461.179717,461.179717,1.035773,2.335361,6.460485,6.604696,1297,35898,3600.000000,67,16,0,GUROBI,1,58,0,0,0,0,0,0,1,0,0
