instanceIndex,seedIndex,vpcGenerator,terms,lpBound,disjunctiveDualBound,lpBoundPostVpc,rootDualBound,dualBound,primalBound,vpcGenerationTime,rootDualBoundTime,bestSolutionTime,terminationTime,nodes,iterations,maxTime,actualTerms,numCuts,cutLimit,mipSolver,providePrimalBound,infeasibleTerms,feasibleToInfeasibleTerms,infeasibleToFeasibleTerms,termRemainsFeasibleBasisInfeasible,cutsChangedCoefficients,feasibleTermsPrunedByBound,tighten_disjunction,tighten_matrix_perturbation,tighten_infeasible_to_feasible_term,tighten_feasible_to_infeasible_basis
0,0,None,4,103.403157,103.403157,103.403157,114.912316,119.000000,119.000000,0.000019,0.224546,0.794727,0.956061,958,11613,3600.000000,0,0,0,GUROBI,1,0,0,0,0,0,0,0,0,0,0
1,0,None,4,105.907446,105.907446,105.907446,118.213454,123.000000,123.000000,0.000002,0.181141,0.963153,0.963272,712,11346,3600.000000,0,0,0,GUROBI,1,0,0,0,0,0,0,0,0,0,0
2,0,None,4,103.403157,103.403157,103.403157,114.912316,119.000000,119.000000,0.000002,0.186365,0.754157,0.916404,958,11605,3600.000000,0,0,0,GUROBI,1,0,0,0,0,0,0,0,0,0,0
3,0,None,4,-677.019963,-677.019963,-677.019963,-665.762095,-660.000000,-660.000000,0.000002,0.174339,0.465025,1.450349,718,11753,3600.000000,0,0,0,GUROBI,1,0,0,0,0,0,0,0,0,0,0
4,0,None,4,103.970179,103.970179,103.970179,115.156900,119.000000,119.000000,0.000001,0.194952,1.194019,1.263420,778,12212,3600.000000,0,0,0,GUROBI,1,0,0,0,0,0,0,0,0,0,0
5,0,None,4,103.403157,103.403157,103.403157,114.914120,119.000000,119.000000,0.000002,0.184433,1.654178,1.689368,712,10961,3600.000000,0,0,0,GUROBI,1,0,0,0,0,0,0,0,0,0,0
6,0,None,4,-646.091588,-646.091588,-646.091588,-633.356341,-630.000000,-630.000000,0.000002,0.187253,1.798405,1.798871,594,9825,3600.000000,0,0,0,GUROBI,1,0,0,0,0,0,0,0,0,0,0
7,0,None,4,103.403157,103.403157,103.403157,115.362795,119.000000,119.000000,0.000002,0.188702,0.712760,0.712877,640,8829,3600.000000,0,0,0,GUROBI,1,0,0,0,0,0,0,0,0,0,0
8,0,None,4,103.403157,103.403157,103.403157,114.721929,120.000000,120.000000,0.000002,0.153824,1.304594,1.322780,644,9323,3600.000000,0,0,0,GUROBI,1,0,0,0,0,0,0,0,0,0,0
