instanceIndex,seedIndex,vpcGenerator,terms,lpBound,disjunctiveDualBound,lpBoundPostVpc,rootDualBound,dualBound,primalBound,vpcGenerationTime,rootDualBoundTime,bestSolutionTime,terminationTime,nodes,iterations,maxTime,actualTerms,numCuts,cutLimit,mipSolver,providePrimalBound,infeasibleTerms,feasibleToInfeasibleTerms,infeasibleToFeasibleTerms,termRemainsFeasibleBasisInfeasible,cutsChangedCoefficients,feasibleTermsPrunedByBound,tighten_disjunction,tighten_matrix_perturbation,tighten_infeasible_to_feasible_term,tighten_feasible_to_infeasible_basis
0,0,New,4,342.576816,357.149680,355.235959,382.452545,454.200000,454.200000,7.172740,8.030260,8.279054,9.976799,770,8130,3600.000000,16,33,80,GUROBI,1,12,0,0,0,0,0,0,0,0,0
1,0,Farkas,4,344.244031,359.527318,356.791960,395.369514,454.200000,454.200000,0.146474,1.449442,1.572171,5.289390,1362,16567,3600.000000,16,33,0,GUROBI,1,14,2,0,2,0,0,0,0,0,0
2,0,Farkas,4,382.573865,382.788233,382.573865,452.595945,458.100000,458.100000,0.160663,0.911741,0.160663,0.935942,1,575,3600.000000,16,33,0,GUROBI,1,15,3,0,1,0,0,0,0,0,0
3,0,Farkas,4,342.490421,357.191087,354.149104,386.814883,452.000000,452.000000,0.153097,1.516502,3.850234,6.524837,1574,19819,3600.000000,16,33,0,GUROBI,1,13,1,0,3,0,0,0,0,0,0
4,0,Farkas,4,345.018087,360.123665,355.987889,394.892210,452.000000,452.000000,0.154522,1.391875,1.914931,3.501092,907,8698,3600.000000,16,33,0,GUROBI,1,14,2,0,2,0,0,0,0,0,0
