instanceIndex,seedIndex,vpcGenerator,terms,lpBound,disjunctiveDualBound,lpBoundPostVpc,rootDualBound,dualBound,primalBound,vpcGenerationTime,rootDualBoundTime,bestSolutionTime,terminationTime,nodes,iterations,maxTime,actualTerms,numCuts,cutLimit,mipSolver,providePrimalBound,infeasibleTerms,feasibleToInfeasibleTerms,infeasibleToFeasibleTerms,termRemainsFeasibleBasisInfeasible,cutsChangedCoefficients,feasibleTermsPrunedByBound,tighten_disjunction,tighten_matrix_perturbation,tighten_infeasible_to_feasible_term,tighten_feasible_to_infeasible_basis
0,0,New,4,6290575.552807,6291985.411942,6291914.142665,6304667.867374,6307936.899317,6307996.000000,6.204566,6.682280,9.030200,10.393819,537,7730,3600.000000,4,29,29,GUROBI,1,0,0,0,0,0,0,0,0,0,0
1,0,Matrix,4,3948251.273581,3948251.273581,3948251.273581,3954484.994030,4127832.575752,4128242.000000,0.207151,0.713864,257.470875,270.870352,68712,1401573,3600.000000,4,29,0,GUROBI,1,0,0,0,4,29,0,0,1,0,0
2,0,Matrix,4,4226103.039094,4226103.039094,4226103.039094,4240505.798340,4346915.000000,4346915.000000,0.175724,0.765573,3.894685,8.614273,1597,25796,3600.000000,4,29,0,GUROBI,1,0,0,0,4,29,0,0,1,0,0
3,0,Matrix,4,4413905.524037,4413905.524037,4413905.524037,4452638.201347,4552491.848362,4552930.000000,0.188588,0.769760,63.141903,64.087503,13439,310933,3600.000000,4,29,0,GUROBI,1,0,0,0,4,29,0,0,1,0,0
4,0,Matrix,4,4210905.701524,4210905.701524,4210905.701524,4232352.368028,4308278.987889,4308686.000000,0.205314,0.907146,17.983434,23.244005,5326,88871,3600.000000,4,29,0,GUROBI,1,0,0,0,4,29,0,0,1,0,0
5,0,Matrix,4,3269030.994383,3269030.994383,3269030.994383,3310002.153747,3431007.391297,3431345.000000,0.215124,1.168450,39.220448,51.133937,8215,227852,3600.000000,4,29,0,GUROBI,1,0,0,0,4,29,0,0,1,0,0
