instanceIndex,seedIndex,vpcGenerator,terms,lpBound,disjunctiveDualBound,lpBoundPostVpc,rootDualBound,dualBound,primalBound,vpcGenerationTime,rootDualBoundTime,bestSolutionTime,terminationTime,nodes,iterations,maxTime,actualTerms,numCuts,cutLimit,mipSolver,providePrimalBound,infeasibleTerms,feasibleToInfeasibleTerms,infeasibleToFeasibleTerms,termRemainsFeasibleBasisInfeasible,cutsChangedCoefficients,feasibleTermsPrunedByBound,tighten_disjunction,tighten_matrix_perturbation,tighten_infeasible_to_feasible_term,tighten_feasible_to_infeasible_basis
0,0,New,64,-18525.765543,-18393.769495,-18401.055526,-17882.605890,-17380.000000,-17380.000000,32494.999817,32505.421939,32574.088644,32574.089469,798,145589,3600.000000,71,58,857,GUROBI,1,62,0,0,0,0,0,0,0,0,0
1,0,All,64,-18528.757317,-18396.852944,-18404.383634,-17880.690108,-17381.000000,-17381.000000,18.913178,30.299367,45.369128,98.726352,959,163217,3600.000000,71,58,0,GUROBI,1,62,0,0,0,0,0,1,1,1,1
2,0,All,64,-18531.015822,-18399.036832,-18406.524435,-17890.880347,-17387.000000,-17387.000000,18.399676,28.326750,130.461614,164.812890,1995,347567,3600.000000,71,58,0,GUROBI,1,62,0,0,0,0,0,1,1,1,1
3,0,All,64,-18529.643534,-18397.970571,-18405.068521,-17870.900410,-17382.000000,-17382.000000,4.522049,14.637952,91.534402,151.952327,1780,342742,3600.000000,71,58,0,GUROBI,1,62,0,0,0,0,0,1,1,1,1
4,0,All,64,-18520.618523,-18388.612103,-18396.633843,-17868.721971,-17379.000000,-17379.000000,22.331867,32.769254,147.927902,147.928859,1971,338510,3600.000000,71,58,0,GUROBI,1,62,0,0,0,0,0,1,1,1,1
5,0,All,64,-18529.391320,-18398.113502,-18406.503362,-17889.105921,-17385.000000,-17385.000000,5.371310,15.382632,224.869858,224.870834,2491,447624,3600.000000,71,58,0,GUROBI,1,62,0,0,0,0,0,1,1,1,1
