instanceIndex,seedIndex,vpcGenerator,terms,lpBound,disjunctiveDualBound,lpBoundPostVpc,rootDualBound,dualBound,primalBound,vpcGenerationTime,rootDualBoundTime,bestSolutionTime,terminationTime,nodes,iterations,maxTime,actualTerms,numCuts,cutLimit,mipSolver,providePrimalBound,infeasibleTerms,feasibleToInfeasibleTerms,infeasibleToFeasibleTerms,termRemainsFeasibleBasisInfeasible,cutsChangedCoefficients,feasibleTermsPrunedByBound,tighten_disjunction,tighten_matrix_perturbation,tighten_infeasible_to_feasible_term,tighten_feasible_to_infeasible_basis
0,0,New,4,954341.026667,954391.090159,954348.229054,971608.504323,987918.472246,988585.620000,1.640759,6.630607,3601.642478,3601.642762,861698,11754524,3600.000000,4,11,152,GUROBI,1,0,0,0,0,0,0,0,0,0,0
1,0,Matrix,4,616113.652948,616345.958504,616113.652948,699072.006519,700387.607008,700424.860000,0.316099,0.739010,1.726893,1.727508,523,3804,3600.000000,4,11,0,GUROBI,1,1,1,0,3,11,0,0,1,0,0
2,0,Matrix,4,743582.480076,743598.952039,743582.480076,785580.045059,793418.299139,793495.860000,0.232500,1.002603,11.240304,19.499107,5988,51052,3600.000000,4,11,0,GUROBI,1,0,0,0,4,11,0,0,1,0,0
3,0,Matrix,4,694447.231167,694447.233355,694447.231167,761453.857555,761810.419167,761879.735000,0.300461,0.932097,1.067168,1.067397,55,2109,3600.000000,4,11,0,GUROBI,1,0,0,0,4,11,0,0,1,0,0
4,0,Matrix,4,750384.699120,750397.110108,750384.699120,812609.616353,814858.697168,814937.240000,0.275584,0.874740,4.745450,5.169913,1055,12222,3600.000000,4,11,0,GUROBI,1,0,0,0,4,11,0,0,1,0,0
