instanceIndex,seedIndex,vpcGenerator,terms,lpBound,disjunctiveDualBound,lpBoundPostVpc,rootDualBound,dualBound,primalBound,vpcGenerationTime,rootDualBoundTime,bestSolutionTime,terminationTime,nodes,iterations,maxTime,actualTerms,numCuts,cutLimit,mipSolver,providePrimalBound,infeasibleTerms,feasibleToInfeasibleTerms,infeasibleToFeasibleTerms,termRemainsFeasibleBasisInfeasible,cutsChangedCoefficients,feasibleTermsPrunedByBound,tighten_disjunction,tighten_matrix_perturbation,tighten_infeasible_to_feasible_term,tighten_feasible_to_infeasible_basis
0,0,New,4,10.143845,10.605384,10.331187,24.974152,29.830583,33.384730,6.621558,26.556729,3606.626648,3606.627334,11861,3281394,3600.000000,4,21,33,GUROBI,1,0,0,0,0,0,0,0,0,0,0
1,0,Farkas,4,9.102179,9.563717,9.249236,24.928949,29.778050,32.713150,0.119873,24.674005,3600.121633,3600.122273,23637,4258804,3600.000000,4,21,0,GUROBI,1,0,0,0,0,0,0,0,0,0,0
2,0,Farkas,4,7.300254,7.300254,7.300254,22.236094,29.060479,32.634658,0.154508,10.261913,3600.155847,3600.157576,16310,4209891,3600.000000,4,21,0,GUROBI,1,0,0,0,0,0,0,0,0,0,0
3,0,Farkas,4,9.278461,9.739999,9.465802,24.508629,30.432351,33.384730,0.120528,15.555225,3600.139530,3600.141237,16405,4523119,3600.000000,4,21,0,GUROBI,1,0,0,0,0,0,0,0,0,0,0
4,0,Farkas,4,10.143845,10.605384,10.331187,24.197833,30.407357,33.384730,0.109255,17.596614,2271.034851,3600.111335,15404,3845933,3600.000000,4,21,0,GUROBI,1,0,0,0,0,0,0,0,0,0,0
