instanceIndex,seedIndex,vpcGenerator,terms,lpBound,disjunctiveDualBound,lpBoundPostVpc,rootDualBound,dualBound,primalBound,vpcGenerationTime,rootDualBoundTime,bestSolutionTime,terminationTime,nodes,iterations,maxTime,actualTerms,numCuts,cutLimit,mipSolver,providePrimalBound,infeasibleTerms,feasibleToInfeasibleTerms,infeasibleToFeasibleTerms,termRemainsFeasibleBasisInfeasible,cutsChangedCoefficients,feasibleTermsPrunedByBound,tighten_disjunction,tighten_matrix_perturbation,tighten_infeasible_to_feasible_term,tighten_feasible_to_infeasible_basis
0,0,New,4,-18902.810023,-18809.259984,-18840.662645,-18116.071433,-17905.000000,-17905.000000,4025.787658,4039.023393,4042.335379,4042.336014,61,21007,3600.000000,4,184,850,GUROBI,1,0,0,0,0,0,0,0,0,0,0
1,0,NoDisjunction,4,-18920.756340,-18824.464229,-18858.770731,-18147.726386,-17926.000000,-17926.000000,0.580408,9.994772,12.685994,12.686669,45,17281,3600.000000,4,184,0,GUROBI,1,0,0,0,0,0,0,0,1,1,1
2,0,NoDisjunction,4,-18933.648384,-18840.718533,-18874.514500,-18166.986214,-17939.000000,-17939.000000,0.577222,13.367384,13.715525,16.428165,47,18997,3600.000000,4,184,0,GUROBI,1,0,0,0,0,0,0,0,1,1,1
3,0,NoDisjunction,4,-18910.396292,-18819.230937,-18847.071041,-18129.041658,-17904.000000,-17904.000000,0.520026,11.539174,12.060085,14.911908,56,18679,3600.000000,4,184,0,GUROBI,1,0,0,0,0,0,0,0,1,1,1
4,0,NoDisjunction,4,-18899.038045,-18803.442958,-18835.122174,-18117.726005,-17891.000000,-17891.000000,0.521884,10.877464,11.332713,16.576237,147,23421,3600.000000,4,184,0,GUROBI,1,0,0,0,0,0,0,0,1,1,1
