instanceIndex,seedIndex,vpcGenerator,terms,lpBound,disjunctiveDualBound,lpBoundPostVpc,rootDualBound,dualBound,primalBound,vpcGenerationTime,rootDualBoundTime,bestSolutionTime,terminationTime,nodes,iterations,maxTime,actualTerms,numCuts,cutLimit,mipSolver,providePrimalBound,infeasibleTerms,feasibleToInfeasibleTerms,infeasibleToFeasibleTerms,termRemainsFeasibleBasisInfeasible,cutsChangedCoefficients,feasibleTermsPrunedByBound,tighten_disjunction,tighten_matrix_perturbation,tighten_infeasible_to_feasible_term,tighten_feasible_to_infeasible_basis
0,0,New,64,2035.362225,2226.320351,2101.510587,2693.045209,3201.000000,3201.000000,2483.394350,2488.131524,2535.072142,2535.073010,1027,144199,3600.000000,223,78,97,GUROBI,1,218,0,0,0,0,0,0,0,0,0
1,0,Farkas,64,2035.362225,2226.320351,2101.510587,2731.963808,3201.000000,3201.000000,11.031370,15.554173,20.482080,34.992665,805,83037,3600.000000,223,78,0,GUROBI,1,218,0,0,0,0,0,0,0,0,0
2,0,Farkas,64,2753.648040,2906.604328,2806.524215,3297.705922,4241.000000,4241.000000,11.752988,18.790258,22.934512,22.935171,430,26631,3600.000000,223,78,0,GUROBI,1,220,2,0,3,0,0,0,0,0,0
3,0,Farkas,64,5099.956820,5099.956820,5099.956820,5511.879905,5794.000000,5794.000000,11.909111,13.949236,14.192455,14.260998,23,2578,3600.000000,223,78,0,GUROBI,1,222,4,0,1,0,0,0,0,0,0
4,0,Farkas,64,2035.362225,2226.320351,2101.510587,2692.765316,3201.000000,3201.000000,11.042760,15.561372,25.947328,44.835694,750,81386,3600.000000,223,78,0,GUROBI,1,218,0,0,0,0,0,0,0,0,0
