instanceIndex,seedIndex,vpcGenerator,terms,lpBound,disjunctiveDualBound,lpBoundPostVpc,rootDualBound,dualBound,primalBound,vpcGenerationTime,rootDualBoundTime,bestSolutionTime,terminationTime,nodes,iterations,maxTime,actualTerms,numCuts,cutLimit,mipSolver,providePrimalBound,infeasibleTerms,feasibleToInfeasibleTerms,infeasibleToFeasibleTerms,termRemainsFeasibleBasisInfeasible,cutsChangedCoefficients,feasibleTermsPrunedByBound,tighten_disjunction,tighten_matrix_perturbation,tighten_infeasible_to_feasible_term,tighten_feasible_to_infeasible_basis
0,0,New,4,384.328979,387.871667,384.458726,392.007667,461.179717,461.179717,1.590286,5.438505,7.059586,8.406698,846,24392,3600.000000,4,16,16,GUROBI,1,0,0,0,0,0,0,0,0,0,0
1,0,Farkas,4,384.328979,387.871667,384.458726,392.007667,461.179717,461.179717,0.055330,4.033102,7.188946,7.309583,836,26983,3600.000000,4,16,0,GUROBI,1,0,0,0,0,0,0,0,0,0,0
2,0,Farkas,4,384.328979,387.871667,384.458726,391.220820,461.179717,461.179717,0.034176,1.739536,2.917565,6.739900,1487,39752,3600.000000,4,16,0,GUROBI,1,0,0,0,0,0,0,0,0,0,0
3,0,Farkas,4,384.328979,387.871667,384.458726,392.007667,461.179717,461.179717,0.036975,3.826729,6.852178,7.014378,836,26983,3600.000000,4,16,0,GUROBI,1,0,0,0,0,0,0,0,0,0,0
4,0,Farkas,4,384.328979,387.871667,384.458726,391.007974,461.179717,461.179717,0.051448,3.171424,8.014252,8.446721,1252,39187,3600.000000,4,16,0,GUROBI,1,0,0,0,0,0,0,0,0,0,0
5,0,Farkas,4,384.328979,387.871667,384.458726,392.007667,461.179717,461.179717,0.035579,4.643971,7.045307,7.490671,616,18728,3600.000000,4,16,0,GUROBI,1,0,0,0,0,0,0,0,0,0,0
