instanceIndex,seedIndex,vpcGenerator,terms,lpBound,disjunctiveDualBound,lpBoundPostVpc,rootDualBound,dualBound,primalBound,vpcGenerationTime,rootDualBoundTime,bestSolutionTime,terminationTime,nodes,iterations,maxTime,actualTerms,numCuts,cutLimit,mipSolver,providePrimalBound,infeasibleTerms,feasibleToInfeasibleTerms,infeasibleToFeasibleTerms,termRemainsFeasibleBasisInfeasible,cutsChangedCoefficients,feasibleTermsPrunedByBound,tighten_disjunction,tighten_matrix_perturbation,tighten_infeasible_to_feasible_term,tighten_feasible_to_infeasible_basis
0,0,New,64,60224.082818,60612.960210,60326.823134,64705.233919,64824.170978,64829.590000,149.471472,150.693081,151.474896,151.502514,92,4812,3600.000000,64,2,47,GUROBI,1,0,0,0,0,0,0,0,0,0,0
1,0,New,64,60115.911816,60497.397252,60301.865152,64637.466228,64751.452524,64757.740000,1789.963919,1791.692531,1794.455872,1794.622060,400,14035,3600.000000,64,47,47,GUROBI,1,0,0,0,0,0,0,0,0,0,0
2,0,New,64,60253.978923,60683.632562,60383.676985,64802.347837,64912.628974,64916.190000,522.164333,523.892791,526.908196,527.345267,478,17204,3600.000000,64,14,47,GUROBI,1,0,0,0,0,0,0,0,0,0,0
4,0,New,64,60260.797135,60624.880601,60534.291016,64746.050134,64847.291526,64849.257500,1207.139970,1208.410220,1209.274654,1209.277459,65,3971,3600.000000,77,23,46,GUROBI,1,31,0,0,0,0,0,0,0,0,0
5,0,New,64,60167.672226,60597.250189,60420.185024,64814.792291,64933.349291,64937.100000,705.111433,706.723863,708.368033,708.619204,213,8323,3600.000000,64,49,49,GUROBI,1,0,0,0,0,0,0,0,0,0,0
