instanceIndex,seedIndex,vpcGenerator,terms,lpBound,disjunctiveDualBound,lpBoundPostVpc,rootDualBound,dualBound,primalBound,vpcGenerationTime,rootDualBoundTime,bestSolutionTime,terminationTime,nodes,iterations,maxTime,actualTerms,numCuts,cutLimit,mipSolver,providePrimalBound,infeasibleTerms,feasibleToInfeasibleTerms,infeasibleToFeasibleTerms,termRemainsFeasibleBasisInfeasible,cutsChangedCoefficients,feasibleTermsPrunedByBound,tighten_disjunction,tighten_matrix_perturbation,tighten_infeasible_to_feasible_term,tighten_feasible_to_infeasible_basis
0,0,New,64,-18525.765543,-18393.769495,-18401.196915,-17880.425727,-17380.000000,-17380.000000,42983.790246,42996.665688,43068.598575,43134.306018,2025,360281,3600.000000,71,58,857,GUROBI,1,62,0,0,0,0,0,0,0,0,0
1,0,All,64,-18485.073651,-18356.433106,-18366.986023,-17819.779953,-17347.000000,-17346.000000,61.940150,74.213581,477.912614,477.914707,4708,882315,3600.000000,71,58,0,GUROBI,1,62,0,0,0,0,0,1,1,1,1
2,0,All,64,-18519.454796,-18385.039171,-18394.317966,-17872.640650,-17358.000000,-17358.000000,38.182860,49.863709,203.811062,203.811506,2342,389335,3600.000000,71,58,0,GUROBI,1,62,0,0,0,0,0,1,1,1,1
3,0,All,64,-18534.321000,-18401.817968,-18412.360815,-17882.112217,-17422.000000,-17422.000000,53.590687,66.552330,106.887691,106.888149,908,113976,3600.000000,71,58,0,GUROBI,1,62,0,0,0,0,0,1,1,1,1
4,0,All,64,-18495.980598,-18364.516648,-18374.656585,-17855.140134,-17341.000000,-17341.000000,48.110134,60.115718,179.336286,202.961786,1864,347307,3600.000000,71,58,0,GUROBI,1,62,0,0,0,0,0,1,1,1,1
