instanceIndex,seedIndex,vpcGenerator,terms,lpBound,disjunctiveDualBound,lpBoundPostVpc,rootDualBound,dualBound,primalBound,vpcGenerationTime,rootDualBoundTime,bestSolutionTime,terminationTime,nodes,iterations,maxTime,actualTerms,numCuts,cutLimit,mipSolver,providePrimalBound,infeasibleTerms,feasibleToInfeasibleTerms,infeasibleToFeasibleTerms,termRemainsFeasibleBasisInfeasible,cutsChangedCoefficients,feasibleTermsPrunedByBound,tighten_disjunction,tighten_matrix_perturbation,tighten_infeasible_to_feasible_term,tighten_feasible_to_infeasible_basis
0,0,None,4,13.000000,13.000000,13.000000,13.416667,14.999074,15.000000,0.000024,0.228035,0.352265,193.261051,171240,2566663,3600.000000,0,0,0,GUROBI,1,0,0,0,0,0,0,0,0,0,0
1,0,None,4,13.000000,13.000000,13.000000,13.382995,15.000000,15.000000,0.000002,0.209874,0.529560,492.117166,675751,8530014,3600.000000,0,0,0,GUROBI,1,0,0,0,0,0,0,0,0,0,0
2,0,None,4,13.041667,13.041667,13.041667,13.320093,15.000000,15.000000,0.000004,0.194023,0.298872,859.026598,1153784,13029801,3600.000000,0,0,0,GUROBI,1,0,0,0,0,0,0,0,0,0,0
3,0,None,4,13.000000,13.000000,13.000000,13.402940,15.000000,15.000000,0.000003,0.329943,0.635262,864.306342,1076544,14178145,3600.000000,0,0,0,GUROBI,1,0,0,0,0,0,0,0,0,0,0
4,0,None,4,13.041667,13.041667,13.041667,13.379412,15.000000,15.000000,0.000001,0.160550,18.091211,470.556950,651231,7526851,3600.000000,0,0,0,GUROBI,1,0,0,0,0,0,0,0,0,0,0
