instanceIndex,seedIndex,vpcGenerator,terms,lpBound,disjunctiveDualBound,lpBoundPostVpc,rootDualBound,dualBound,primalBound,vpcGenerationTime,rootDualBoundTime,bestSolutionTime,terminationTime,nodes,iterations,maxTime,actualTerms,numCuts,cutLimit,mipSolver,providePrimalBound,infeasibleTerms,feasibleToInfeasibleTerms,infeasibleToFeasibleTerms,termRemainsFeasibleBasisInfeasible,cutsChangedCoefficients,feasibleTermsPrunedByBound,tighten_disjunction,tighten_matrix_perturbation,tighten_infeasible_to_feasible_term,tighten_feasible_to_infeasible_basis
0,0,None,64,46.441955,46.441955,46.441955,47.442453,49.000000,49.000000,0.000026,0.270967,0.513922,0.583337,295,4884,3600.000000,0,0,0,GUROBI,1,0,0,0,0,0,0,0,0,0,0
1,0,None,64,-66.512500,-66.512500,-66.512500,-65.727661,-65.687500,-65.687500,0.000002,0.202582,0.221669,0.222106,11,1258,3600.000000,0,0,0,GUROBI,1,0,0,0,0,0,0,0,0,0,0
2,0,None,64,46.453870,46.453870,46.453870,47.385533,49.000000,49.000000,0.000001,0.271394,0.355632,1.973577,1289,18978,3600.000000,0,0,0,GUROBI,1,0,0,0,0,0,0,0,0,0,0
3,0,None,64,46.665093,46.665093,46.665093,47.859550,49.000000,49.000000,0.000003,0.241245,0.323455,0.728378,349,6950,3600.000000,0,0,0,GUROBI,1,0,0,0,0,0,0,0,0,0,0
4,0,None,64,-65.918662,-65.918662,-65.918662,-63.979167,-63.812500,-63.812500,0.000002,0.270523,0.368505,0.369598,57,1535,3600.000000,0,0,0,GUROBI,1,0,0,0,0,0,0,0,0,0,0
