instanceIndex,seedIndex,vpcGenerator,terms,lpBound,disjunctiveDualBound,lpBoundPostVpc,rootDualBound,dualBound,primalBound,vpcGenerationTime,rootDualBoundTime,bestSolutionTime,terminationTime,nodes,iterations,maxTime,actualTerms,numCuts,cutLimit,mipSolver,providePrimalBound,infeasibleTerms,feasibleToInfeasibleTerms,infeasibleToFeasibleTerms,termRemainsFeasibleBasisInfeasible,cutsChangedCoefficients,feasibleTermsPrunedByBound,tighten_disjunction,tighten_matrix_perturbation,tighten_infeasible_to_feasible_term,tighten_feasible_to_infeasible_basis
0,0,New,64,6290575.552807,6292070.197386,6292070.197386,6304425.697564,6307859.487796,6307995.999263,153.307581,153.580160,157.344197,157.344363,948,16186,3600.000000,191,29,29,GUROBI,1,184,0,0,0,0,0,0,0,0,0
1,0,NoDisjunction,64,6290699.817815,6292191.335597,6292191.335597,6305879.282253,6307607.106648,6308132.000000,4.342290,4.687363,7.608555,7.609756,827,12006,3600.000000,191,29,0,GUROBI,1,184,0,0,0,0,0,0,1,1,1
2,0,NoDisjunction,64,6290429.262197,6291924.965283,6290429.262197,6304785.153691,6307232.788720,6307855.000000,5.090622,5.326596,6.834156,6.836390,807,8022,3600.000000,191,29,0,GUROBI,1,183,0,1,0,0,0,0,1,1,1
3,0,NoDisjunction,64,6290592.595612,6292086.196121,6292086.196121,6306251.592283,6307650.308330,6308025.000000,2.837481,3.133359,5.176679,5.221808,679,8180,3600.000000,191,29,0,GUROBI,1,184,0,0,0,0,0,0,1,1,1
4,0,NoDisjunction,64,6290662.271623,6292155.161647,6292155.161647,6305299.049658,6307664.645705,6308089.000000,3.990832,4.346525,7.355565,7.356849,666,11346,3600.000000,191,29,0,GUROBI,1,184,0,0,0,0,0,0,1,1,1
5,0,NoDisjunction,64,6290749.254863,6292240.071185,6292240.071185,6304988.777248,6308090.517166,6308153.000000,3.715597,4.030867,8.374183,8.385845,1559,20813,3600.000000,191,29,0,GUROBI,1,184,0,0,0,0,0,0,1,1,1
