instanceIndex,seedIndex,vpcGenerator,terms,lpBound,disjunctiveDualBound,lpBoundPostVpc,rootDualBound,dualBound,primalBound,vpcGenerationTime,rootDualBoundTime,bestSolutionTime,terminationTime,nodes,iterations,maxTime,actualTerms,numCuts,cutLimit,mipSolver,providePrimalBound,infeasibleTerms,feasibleToInfeasibleTerms,infeasibleToFeasibleTerms,termRemainsFeasibleBasisInfeasible,cutsChangedCoefficients,feasibleTermsPrunedByBound,tighten_disjunction,tighten_matrix_perturbation,tighten_infeasible_to_feasible_term,tighten_feasible_to_infeasible_basis
0,0,New,4,0.000000,0.000000,0.000000,0.000000,301.998310,302.000000,1392.004800,1393.215433,1483.709244,1527.201123,28388,746366,3600.000000,4,47,143,GUROBI,1,0,0,0,0,0,0,0,0,0,0
1,0,All,4,0.000000,0.000000,0.000000,0.000000,302.234749,302.250000,0.119865,1.199675,103.643753,132.128851,20420,900384,3600.000000,4,47,0,GUROBI,1,0,0,0,0,0,1,1,1,1,1
2,0,All,4,-0.197680,-0.197680,-0.197680,0.000000,302.000000,301.999986,0.279692,1.178731,73.517902,106.392094,20723,661533,3600.000000,4,47,0,GUROBI,1,0,0,0,0,0,1,1,1,1,1
3,0,All,4,-0.178395,-0.178395,-0.178395,0.000000,301.979077,302.000000,0.234769,1.154087,106.233100,162.662575,27705,914305,3600.000000,4,47,0,GUROBI,1,0,0,0,0,0,1,1,1,1,1
4,0,All,4,-0.197680,-0.197680,-0.197680,0.000000,301.980000,301.999990,0.258348,1.297356,240.118424,251.477844,4604,493396,3600.000000,4,47,0,GUROBI,1,0,0,0,0,0,1,1,1,1,1
