instanceIndex,seedIndex,vpcGenerator,terms,lpBound,disjunctiveDualBound,lpBoundPostVpc,rootDualBound,dualBound,primalBound,vpcGenerationTime,rootDualBoundTime,bestSolutionTime,terminationTime,nodes,iterations,maxTime,actualTerms,numCuts,cutLimit,mipSolver,providePrimalBound,infeasibleTerms,feasibleToInfeasibleTerms,infeasibleToFeasibleTerms,termRemainsFeasibleBasisInfeasible,cutsChangedCoefficients,feasibleTermsPrunedByBound,tighten_disjunction,tighten_matrix_perturbation,tighten_infeasible_to_feasible_term,tighten_feasible_to_infeasible_basis
0,0,New,64,6.727060,7.019955,6.941130,18.646380,23.147606,24.785775,29.858500,37.070589,3629.859908,3629.860556,28922,6179011,3600.000000,64,15,15,GUROBI,1,37,0,0,0,0,0,0,0,0,0
1,0,Matrix,64,6.727060,7.019955,6.941130,19.781858,23.286634,24.785820,5.662927,15.743402,3605.664073,3605.664816,24975,6723931,3600.000000,64,15,0,GUROBI,1,37,0,0,0,15,0,0,1,0,0
2,0,Matrix,64,6.210938,6.459298,6.210938,18.131360,21.663772,21.665610,6.402595,13.353329,1584.076383,2033.407260,17285,4325054,3600.000000,64,15,0,GUROBI,1,40,3,0,1,15,0,0,1,0,0
3,0,Matrix,64,6.727060,7.019955,6.941130,19.033655,23.740649,24.785820,1.083651,8.933315,3601.086064,3601.086821,24900,7839025,3600.000000,64,15,0,GUROBI,1,37,0,0,0,0,0,0,1,0,0
4,0,Matrix,64,6.077333,6.268315,6.236093,18.577496,21.835106,21.837168,2.034157,10.610933,733.053598,1237.587216,14904,2223688,3600.000000,64,15,0,GUROBI,1,37,0,0,0,0,0,0,1,0,0
