instanceIndex,seedIndex,vpcGenerator,terms,lpBound,disjunctiveDualBound,lpBoundPostVpc,rootDualBound,dualBound,primalBound,vpcGenerationTime,rootDualBoundTime,bestSolutionTime,terminationTime,nodes,iterations,maxTime,actualTerms,numCuts,cutLimit,mipSolver,providePrimalBound,infeasibleTerms,feasibleToInfeasibleTerms,infeasibleToFeasibleTerms,termRemainsFeasibleBasisInfeasible,cutsChangedCoefficients,feasibleTermsPrunedByBound,tighten_disjunction,tighten_matrix_perturbation,tighten_infeasible_to_feasible_term,tighten_feasible_to_infeasible_basis
0,0,New,64,23.260000,23.260000,23.260000,23.260000,54.760000,54.760000,26.962169,27.294058,83.656060,151.747811,75388,643058,3600.000000,83,9,43,GUROBI,1,69,0,0,0,0,0,0,0,0,0
1,0,Basis,64,0.000000,0.000000,0.000000,25.950609,27.605000,27.606667,0.668185,1.635264,7.893966,7.894227,1269,31338,3600.000000,83,9,0,GUROBI,1,56,2,15,12,9,0,0,0,0,1
2,0,Basis,64,0.000000,0.000000,0.000000,25.377046,26.093333,26.093333,0.771118,2.302104,7.795607,7.795804,569,17841,3600.000000,83,9,0,GUROBI,1,53,10,26,4,9,0,0,0,0,1
3,0,Basis,64,0.000000,0.000000,0.000000,30.629266,32.638333,32.638333,0.955656,1.634036,5.983637,5.983839,616,21396,3600.000000,83,9,0,GUROBI,1,67,11,13,3,9,0,0,0,0,1
4,0,Basis,64,0.000000,0.000000,0.000000,25.283800,26.022500,26.022500,0.849235,1.388902,3.595608,3.596528,447,17953,3600.000000,83,9,0,GUROBI,1,80,11,0,3,9,0,0,0,0,1
