instanceIndex,seedIndex,vpcGenerator,terms,lpBound,disjunctiveDualBound,lpBoundPostVpc,rootDualBound,dualBound,primalBound,vpcGenerationTime,rootDualBoundTime,bestSolutionTime,terminationTime,nodes,iterations,maxTime,actualTerms,numCuts,cutLimit,mipSolver,providePrimalBound,infeasibleTerms,feasibleToInfeasibleTerms,infeasibleToFeasibleTerms,termRemainsFeasibleBasisInfeasible,cutsChangedCoefficients,feasibleTermsPrunedByBound,tighten_disjunction,tighten_matrix_perturbation,tighten_infeasible_to_feasible_term,tighten_feasible_to_infeasible_basis
0,0,New,4,36590350.000000,36590350.000000,36590350.000000,42976300.000000,44265581.663536,44269807.528174,0.685129,0.992209,1.085901,14.839897,5499,54675,3600.000000,4,31,71,GUROBI,1,0,0,0,0,0,0,0,0,0,0
1,0,NoDisjunction,4,150763775.000000,150763775.000000,150763775.000000,150763775.000000,150763775.000000,150763775.000000,0.045100,0.045100,0.045100,0.100780,1,56,3600.000000,4,31,0,GUROBI,1,0,0,0,4,28,0,0,1,1,1
2,0,NoDisjunction,4,152013400.000000,152013400.000000,152013400.000000,152013400.000000,152013400.000000,152013400.000000,0.038592,0.038592,0.038592,0.091122,1,109,3600.000000,4,31,0,GUROBI,1,0,0,0,4,31,0,0,1,1,1
3,0,NoDisjunction,4,146280225.000000,146280225.000000,146280225.000000,146280225.000000,146280225.000000,146280225.000000,0.064848,0.064848,0.064848,0.106463,1,82,3600.000000,4,31,0,GUROBI,1,1,1,0,3,29,0,0,1,1,1
4,0,NoDisjunction,4,153776800.000000,153776800.000000,153776800.000000,153776800.000000,153776800.000000,153776800.000000,0.035446,0.035446,0.035446,0.151483,1,132,3600.000000,4,31,0,GUROBI,1,0,0,0,4,31,0,0,1,1,1
