instanceIndex,seedIndex,vpcGenerator,terms,lpBound,disjunctiveDualBound,lpBoundPostVpc,rootDualBound,dualBound,primalBound,vpcGenerationTime,rootDualBoundTime,bestSolutionTime,terminationTime,nodes,iterations,maxTime,actualTerms,numCuts,cutLimit,mipSolver,providePrimalBound,infeasibleTerms,feasibleToInfeasibleTerms,infeasibleToFeasibleTerms,termRemainsFeasibleBasisInfeasible,cutsChangedCoefficients,feasibleTermsPrunedByBound,tighten_disjunction,tighten_matrix_perturbation,tighten_infeasible_to_feasible_term,tighten_feasible_to_infeasible_basis
0,0,None,64,58939.682617,58939.682617,58939.682617,59508.695562,71319.999969,71319.999969,0.000004,22.362124,717.722535,717.796588,878,1406002,3600.000000,0,0,0,GUROBI,1,0,0,0,0,0,0,0,0,0,0
1,0,None,64,58939.682617,58939.682617,58939.682617,59529.999808,81350.000000,81350.000000,0.000003,26.638813,461.544447,510.571325,1356,1207010,3600.000000,0,0,0,GUROBI,1,0,0,0,0,0,0,0,0,0,0
2,0,None,64,58939.682617,58939.682617,58939.682617,59508.695562,71319.999969,71319.999969,0.000003,22.439252,717.257451,717.331350,878,1406002,3600.000000,0,0,0,GUROBI,1,0,0,0,0,0,0,0,0,0,0
3,0,None,64,58939.649346,58939.649346,58939.649346,59511.398507,71320.000000,71320.000000,0.000003,23.861691,338.200879,338.207306,821,805105,3600.000000,0,0,0,GUROBI,1,0,0,0,0,0,0,0,0,0,0
4,0,None,64,54759.337527,54759.337527,54759.337527,59511.146460,71319.999991,71319.999991,0.000004,20.612107,871.645405,871.646672,957,1520843,3600.000000,0,0,0,GUROBI,1,0,0,0,0,0,0,0,0,0,0
5,0,None,64,58939.682617,58939.682617,58939.682617,59710.711381,71320.000000,71320.000000,0.000004,23.296235,761.303670,761.304442,935,1583431,3600.000000,0,0,0,GUROBI,1,0,0,0,0,0,0,0,0,0,0
