instanceIndex,seedIndex,vpcGenerator,terms,lpBound,disjunctiveDualBound,lpBoundPostVpc,rootDualBound,dualBound,primalBound,vpcGenerationTime,rootDualBoundTime,bestSolutionTime,terminationTime,nodes,iterations,maxTime,actualTerms,numCuts,cutLimit,mipSolver,providePrimalBound,infeasibleTerms,feasibleToInfeasibleTerms,infeasibleToFeasibleTerms,termRemainsFeasibleBasisInfeasible,cutsChangedCoefficients,feasibleTermsPrunedByBound,tighten_disjunction,tighten_matrix_perturbation,tighten_infeasible_to_feasible_term,tighten_feasible_to_infeasible_basis
0,0,None,64,-182.000000,-182.000000,-182.000000,-182.000000,-181.500000,-181.000000,0.000026,0.214210,0.741616,3600.001230,1699238,76866342,3600.000000,0,0,0,GUROBI,1,0,0,0,0,0,0,0,0,0,0
1,0,None,64,-182.000000,-182.000000,-182.000000,-182.000000,-181.017094,-181.000000,0.000003,0.235068,0.806136,3245.197657,1986323,85354792,3600.000000,0,0,0,GUROBI,1,0,0,0,0,0,0,0,0,0,0
2,0,None,64,-182.000000,-182.000000,-182.000000,-182.000000,-182.000000,-181.000000,0.000002,0.163767,1.205520,3600.000844,2109006,103096076,3600.000000,0,0,0,GUROBI,1,0,0,0,0,0,0,0,0,0,0
3,0,None,64,-182.000000,-182.000000,-182.000000,-182.000000,-182.000000,-181.000000,0.000003,0.251518,0.751831,3600.000940,1859691,94452126,3600.000000,0,0,0,GUROBI,1,0,0,0,0,0,0,0,0,0,0
4,0,None,64,-182.000000,-182.000000,-182.000000,-182.000000,-182.000000,-181.000000,0.000002,0.271366,0.680143,3600.001090,1734798,83170480,3600.000000,0,0,0,GUROBI,1,0,0,0,0,0,0,0,0,0,0
5,0,None,64,-182.000000,-182.000000,-182.000000,-182.000000,-182.000000,-181.000000,0.000002,0.244454,5.076401,3600.001157,1645379,83454452,3600.000000,0,0,0,GUROBI,1,0,0,0,0,0,0,0,0,0,0
