instanceIndex,seedIndex,vpcGenerator,terms,lpBound,disjunctiveDualBound,lpBoundPostVpc,rootDualBound,dualBound,primalBound,vpcGenerationTime,rootDualBoundTime,bestSolutionTime,terminationTime,nodes,iterations,maxTime,actualTerms,numCuts,cutLimit,mipSolver,providePrimalBound,infeasibleTerms,feasibleToInfeasibleTerms,infeasibleToFeasibleTerms,termRemainsFeasibleBasisInfeasible,cutsChangedCoefficients,feasibleTermsPrunedByBound,tighten_disjunction,tighten_matrix_perturbation,tighten_infeasible_to_feasible_term,tighten_feasible_to_infeasible_basis
0,0,New,4,-17360.166667,-17115.166667,-17336.393939,-17049.685185,-17041.000000,-17041.000000,1.232245,1.934021,1.938344,1.940447,1,1883,3600.000000,4,6,175,GUROBI,1,0,0,0,0,0,0,0,0,0,0
1,0,New,4,-17360.166667,-17115.166667,-17315.293590,-17053.380952,-17041.000000,-17041.000000,1.529342,2.200784,2.206300,2.208438,1,1862,3600.000000,4,9,175,GUROBI,1,0,0,0,0,0,0,0,0,0,0
2,0,New,4,-17348.500000,-17103.937500,-17305.413043,-16997.374286,-16997.000000,-16997.000000,2.168643,2.838933,2.843373,2.843647,1,1879,3600.000000,4,24,165,GUROBI,1,0,0,0,0,0,0,0,0,0,0
3,0,New,4,-17360.166667,-17115.166667,-17344.500000,-17052.330508,-17041.000000,-17041.000000,1.173053,1.991956,1.998410,1.998691,1,1827,3600.000000,4,4,175,GUROBI,1,0,0,0,0,0,0,0,0,0,0
4,0,New,4,-17355.666667,-17115.166667,-17325.791667,-17051.208333,-17041.000000,-17041.000000,1.230548,1.850625,1.856636,1.858806,1,1974,3600.000000,4,7,175,GUROBI,1,0,0,0,0,0,0,0,0,0,0
