instanceIndex,seedIndex,vpcGenerator,terms,lpBound,disjunctiveDualBound,lpBoundPostVpc,rootDualBound,dualBound,primalBound,vpcGenerationTime,rootDualBoundTime,bestSolutionTime,terminationTime,nodes,iterations,maxTime,actualTerms,numCuts,cutLimit,mipSolver,providePrimalBound,infeasibleTerms,feasibleToInfeasibleTerms,infeasibleToFeasibleTerms,termRemainsFeasibleBasisInfeasible,cutsChangedCoefficients,feasibleTermsPrunedByBound,tighten_disjunction,tighten_matrix_perturbation,tighten_infeasible_to_feasible_term,tighten_feasible_to_infeasible_basis
0,0,New,64,103.403157,106.420406,105.980895,113.151744,119.000000,119.000000,9.449921,9.737780,11.094248,11.346952,695,10678,3600.000000,64,8,28,GUROBI,1,16,0,0,0,0,0,0,0,0,0
1,0,NoDisjunction,64,100.480037,101.583750,100.480037,113.707436,117.000000,117.000000,0.200781,0.555237,0.733427,0.780977,283,4251,3600.000000,64,8,0,GUROBI,1,16,4,4,44,0,0,0,1,1,1
2,0,NoDisjunction,64,106.347823,108.534786,107.738775,114.956310,121.000000,121.000000,0.187434,0.339991,1.769822,1.769934,688,10923,3600.000000,64,8,0,GUROBI,1,29,13,0,35,0,0,0,1,1,1
3,0,NoDisjunction,64,103.468525,106.414156,105.944248,115.897973,120.000000,120.000000,0.153470,0.477261,0.850318,1.585818,540,8370,3600.000000,64,8,0,GUROBI,1,24,8,0,40,0,0,0,1,1,1
4,0,NoDisjunction,64,106.362201,108.543504,107.729097,116.192027,121.000000,121.000000,0.187981,0.401665,2.006778,2.035740,1308,19375,3600.000000,64,8,0,GUROBI,1,34,18,0,30,0,0,0,1,1,1
