instanceIndex,seedIndex,vpcGenerator,terms,lpBound,disjunctiveDualBound,lpBoundPostVpc,rootDualBound,dualBound,primalBound,vpcGenerationTime,rootDualBoundTime,bestSolutionTime,terminationTime,nodes,iterations,maxTime,actualTerms,numCuts,cutLimit,mipSolver,providePrimalBound,infeasibleTerms,feasibleToInfeasibleTerms,infeasibleToFeasibleTerms,termRemainsFeasibleBasisInfeasible,cutsChangedCoefficients,feasibleTermsPrunedByBound,tighten_disjunction,tighten_matrix_perturbation,tighten_infeasible_to_feasible_term,tighten_feasible_to_infeasible_basis
0,0,New,4,954341.026667,954391.090159,954348.229054,971528.860484,987953.686597,988585.620000,1.632329,4.526841,3601.635130,3601.635410,817689,8794130,3600.000000,4,11,152,GUROBI,1,0,0,0,0,0,0,0,0,0,0
1,0,Matrix,4,339484.160722,339632.821389,339484.160722,402598.911373,403035.427526,403053.170000,0.232764,0.605728,0.666700,0.676970,38,1421,3600.000000,4,11,0,GUROBI,1,0,0,0,0,0,0,0,1,0,0
2,0,Matrix,4,775335.519130,775346.299130,775335.519130,821289.660762,824760.178441,824827.980000,0.203707,0.847695,3.173962,3.174170,550,6993,3600.000000,4,11,0,GUROBI,1,0,0,0,0,0,0,0,1,0,0
3,0,Matrix,4,690126.694296,690164.900963,690126.694296,740795.822922,741479.755689,741534.330000,0.205355,0.840299,1.158233,1.420162,261,3048,3600.000000,4,11,0,GUROBI,1,0,0,0,0,0,0,0,1,0,0
4,0,Matrix,4,717933.869296,718057.315407,717933.869296,764934.721838,767143.147099,767216.520000,0.216604,0.835470,1.631938,3.494043,1320,9810,3600.000000,4,11,0,GUROBI,1,0,0,0,0,0,0,0,1,0,0
5,0,Matrix,4,459689.127333,459870.094444,459689.127333,516425.976482,518937.685836,518963.960000,0.216620,0.658144,1.421430,1.421666,371,2907,3600.000000,4,11,0,GUROBI,1,0,0,0,0,0,0,0,1,0,0
6,0,Matrix,4,788427.396009,788471.022822,788427.396009,837650.693247,841566.607560,841649.360000,0.217226,0.847782,4.742303,5.155059,1192,12314,3600.000000,4,11,0,GUROBI,1,0,0,0,0,0,0,0,1,0,0
