instanceIndex,seedIndex,vpcGenerator,terms,lpBound,disjunctiveDualBound,lpBoundPostVpc,rootDualBound,dualBound,primalBound,vpcGenerationTime,rootDualBoundTime,bestSolutionTime,terminationTime,nodes,iterations,maxTime,actualTerms,numCuts,cutLimit,mipSolver,providePrimalBound,infeasibleTerms,feasibleToInfeasibleTerms,infeasibleToFeasibleTerms,termRemainsFeasibleBasisInfeasible,cutsChangedCoefficients,feasibleTermsPrunedByBound,tighten_disjunction,tighten_matrix_perturbation,tighten_infeasible_to_feasible_term,tighten_feasible_to_infeasible_basis
0,0,New,64,34.289167,34.858125,34.523154,35.981319,37.000000,37.000000,6.581181,6.768164,6.581181,6.768448,1,590,3600.000000,64,4,25,GUROBI,1,18,0,0,0,0,0,0,0,0,0
1,0,Disjunction,64,34.289167,34.858125,34.350993,35.975454,36.750000,36.750000,0.123843,0.265333,0.408540,0.777386,798,6361,3600.000000,64,4,0,GUROBI,1,18,0,0,0,0,0,1,0,0,0
2,0,Disjunction,64,85.854917,86.254375,85.854917,86.840309,88.000000,88.000000,0.241311,0.389872,0.560205,0.814052,648,6101,3600.000000,64,4,0,GUROBI,1,18,0,0,0,0,0,1,0,0,0
3,0,Disjunction,64,-286.960833,-286.391875,-286.725939,-285.268681,-284.250000,-284.250000,0.174528,0.352822,0.397178,1.330095,1619,12788,3600.000000,64,4,0,GUROBI,1,18,0,0,0,0,0,1,0,0,0
9,0,Disjunction,64,-90.866729,-90.373513,-90.721676,-90.133699,-88.250000,-88.250000,0.166757,0.270046,0.401655,0.929934,542,5534,3600.000000,64,4,0,GUROBI,1,18,0,0,0,0,0,1,0,0,0
