instanceIndex,seedIndex,vpcGenerator,terms,lpBound,disjunctiveDualBound,lpBoundPostVpc,rootDualBound,dualBound,primalBound,vpcGenerationTime,rootDualBoundTime,bestSolutionTime,terminationTime,nodes,iterations,maxTime,actualTerms,numCuts,cutLimit,mipSolver,providePrimalBound,infeasibleTerms,feasibleToInfeasibleTerms,infeasibleToFeasibleTerms,termRemainsFeasibleBasisInfeasible,cutsChangedCoefficients,feasibleTermsPrunedByBound,tighten_disjunction,tighten_matrix_perturbation,tighten_infeasible_to_feasible_term,tighten_feasible_to_infeasible_basis
0,0,None,64,248.325000,248.325000,248.325000,3047.877831,3274.810000,3274.810000,0.000003,4.737737,155.917372,155.917787,2305,303255,3600.000000,0,0,0,GUROBI,1,0,0,0,0,0,0,0,0,0,0
1,0,None,64,248.325000,248.325000,248.325000,3064.906249,3274.570000,3274.809849,0.000005,4.154431,204.255730,208.480821,3157,424890,3600.000000,0,0,0,GUROBI,1,0,0,0,0,0,0,0,0,0,0
2,0,None,64,248.325000,248.325000,248.325000,3062.126823,3328.292984,3328.380000,0.000003,4.236721,274.358512,282.226579,4293,548706,3600.000000,0,0,0,GUROBI,1,0,0,0,0,0,0,0,0,0,0
3,0,None,64,248.325000,248.325000,248.325000,3055.863096,3301.410000,3301.620000,0.000004,4.701059,145.591210,145.591641,2266,331956,3600.000000,0,0,0,GUROBI,1,0,0,0,0,0,0,0,0,0,0
4,0,None,64,248.325000,248.325000,248.325000,3066.809149,3332.680000,3332.680000,0.000003,4.556240,135.593745,154.894827,2540,361725,3600.000000,0,0,0,GUROBI,1,0,0,0,0,0,0,0,0,0,0
