instanceIndex,seedIndex,vpcGenerator,terms,lpBound,disjunctiveDualBound,lpBoundPostVpc,rootDualBound,dualBound,primalBound,vpcGenerationTime,rootDualBoundTime,bestSolutionTime,terminationTime,nodes,iterations,maxTime,actualTerms,numCuts,cutLimit,mipSolver,providePrimalBound,infeasibleTerms,feasibleToInfeasibleTerms,infeasibleToFeasibleTerms,termRemainsFeasibleBasisInfeasible,cutsChangedCoefficients,feasibleTermsPrunedByBound,tighten_disjunction,tighten_matrix_perturbation,tighten_infeasible_to_feasible_term,tighten_feasible_to_infeasible_basis
0,0,New,64,0.000000,0.000000,0.000000,3.706894,301.971559,302.000000,575.500834,576.955795,620.651533,675.578880,31970,459796,3600.000000,106,1,143,GUROBI,1,97,0,0,0,0,0,0,0,0,0
1,0,All,64,-0.049420,-0.049420,-0.049420,42.452792,301.999994,301.999994,3.623271,7.197597,76.915522,76.915966,2784,187789,3600.000000,106,1,0,GUROBI,1,97,0,0,0,0,3,1,1,1,1
2,0,All,64,0.000000,0.000000,0.000000,0.000000,301.975309,302.000000,1.134458,2.176640,115.724553,121.938814,16719,705285,3600.000000,106,1,0,GUROBI,1,97,0,0,0,0,3,1,1,1,1
3,0,All,64,0.000000,0.000000,0.000000,0.000000,302.000000,301.999997,1.137142,2.446876,71.673794,176.170064,12383,706144,3600.000000,106,1,0,GUROBI,1,97,0,0,0,0,3,1,1,1,1
4,0,All,64,-0.037166,-0.037166,-0.037166,0.000000,301.976169,302.000000,2.312093,3.220923,112.049640,121.871001,13467,720637,3600.000000,106,1,0,GUROBI,1,97,0,0,0,0,3,1,1,1,1
5,0,All,64,0.000000,0.000000,0.000000,0.000000,302.000000,302.000000,1.138174,2.153387,116.168200,130.299528,15306,818396,3600.000000,106,1,0,GUROBI,1,97,0,0,0,0,3,1,1,1,1
