instanceIndex,seedIndex,vpcGenerator,terms,lpBound,disjunctiveDualBound,lpBoundPostVpc,rootDualBound,dualBound,primalBound,vpcGenerationTime,rootDualBoundTime,bestSolutionTime,terminationTime,nodes,iterations,maxTime,actualTerms,numCuts,cutLimit,mipSolver,providePrimalBound,infeasibleTerms,feasibleToInfeasibleTerms,infeasibleToFeasibleTerms,termRemainsFeasibleBasisInfeasible,cutsChangedCoefficients,feasibleTermsPrunedByBound,tighten_disjunction,tighten_matrix_perturbation,tighten_infeasible_to_feasible_term,tighten_feasible_to_infeasible_basis
0,0,New,4,429.000000,429.000000,429.000000,444.409091,446.000000,446.000000,0.124448,0.331742,0.124448,0.349901,1,1104,3600.000000,4,8,91,GUROBI,1,0,0,0,0,0,0,0,0,0,0
1,0,Basis,4,429.000000,429.000000,429.000000,435.702326,439.000000,439.000000,0.010065,0.300899,65.190505,68.185894,18013,698817,3600.000000,4,8,0,GUROBI,1,0,0,0,4,2,0,0,0,0,1
2,0,Basis,4,429.000000,429.000000,429.000000,439.339286,446.000000,446.000000,0.010297,0.289996,19.597357,22.211255,4942,229929,3600.000000,4,8,0,GUROBI,1,0,0,0,4,0,0,0,0,0,1
3,0,Basis,4,431.000000,431.000000,431.000000,441.800000,450.000000,450.000000,0.013728,0.253114,2.782877,3.172457,1540,37235,3600.000000,4,8,0,GUROBI,1,0,0,0,4,0,0,0,0,0,1
4,0,Basis,4,431.000000,431.000000,431.000000,438.000000,445.000000,445.000000,0.011842,0.286999,20.900506,29.625265,6672,268692,3600.000000,4,8,0,GUROBI,1,0,0,0,4,0,0,0,0,0,1
