instanceIndex,seedIndex,vpcGenerator,terms,lpBound,disjunctiveDualBound,lpBoundPostVpc,rootDualBound,dualBound,primalBound,vpcGenerationTime,rootDualBoundTime,bestSolutionTime,terminationTime,nodes,iterations,maxTime,actualTerms,numCuts,cutLimit,mipSolver,providePrimalBound,infeasibleTerms,feasibleToInfeasibleTerms,infeasibleToFeasibleTerms,termRemainsFeasibleBasisInfeasible,cutsChangedCoefficients,feasibleTermsPrunedByBound,tighten_disjunction,tighten_matrix_perturbation,tighten_infeasible_to_feasible_term,tighten_feasible_to_infeasible_basis
0,0,New,4,-2501.144925,-2501.144925,-2501.144925,-1944.522932,454.864703,454.864697,2.495878,3.489141,5.069183,5.142700,739,15998,3600.000000,4,20,20,GUROBI,1,0,0,0,0,0,0,0,0,0,0
1,0,NoDisjunction,4,-7525.931641,-7525.931641,-7525.931641,-4486.262473,-4032.670113,-4032.670113,0.093131,0.668252,1.254840,1.315906,376,7213,3600.000000,4,20,0,GUROBI,1,2,2,0,2,20,0,0,1,1,1
2,0,NoDisjunction,4,-8952.405175,-8952.405175,-8952.405175,-8326.620893,-7713.870882,-7713.870883,0.055615,0.855193,1.772592,1.804478,681,8816,3600.000000,4,20,0,GUROBI,1,0,0,0,4,20,0,0,1,1,1
3,0,NoDisjunction,4,-259.684825,-259.684825,-259.684825,535.247605,567.442227,567.441823,0.151315,0.693113,0.861762,0.892117,142,2230,3600.000000,4,20,0,GUROBI,1,3,3,0,1,20,0,0,1,1,1
4,0,NoDisjunction,4,-3324.610062,-3324.610062,-3324.610062,-2915.741663,-2181.081455,-2180.867600,0.038878,1.045622,4.422303,4.422579,2592,25097,3600.000000,4,20,0,GUROBI,1,0,0,0,4,20,0,0,1,1,1
5,0,NoDisjunction,4,-12369.019500,-12369.019500,-12369.019500,-8610.559344,-7848.088119,-7848.088125,0.057585,0.696988,1.085554,1.296125,451,5314,3600.000000,4,20,0,GUROBI,1,2,2,0,2,20,0,0,1,1,1
