instanceIndex,seedIndex,vpcGenerator,terms,lpBound,disjunctiveDualBound,lpBoundPostVpc,rootDualBound,dualBound,primalBound,vpcGenerationTime,rootDualBoundTime,bestSolutionTime,terminationTime,nodes,iterations,maxTime,actualTerms,numCuts,cutLimit,mipSolver,providePrimalBound,infeasibleTerms,feasibleToInfeasibleTerms,infeasibleToFeasibleTerms,termRemainsFeasibleBasisInfeasible,cutsChangedCoefficients,feasibleTermsPrunedByBound,tighten_disjunction,tighten_matrix_perturbation,tighten_infeasible_to_feasible_term,tighten_feasible_to_infeasible_basis
0,0,New,4,286.534383,286.534383,286.534383,315.521667,2270.850000,2270.850000,137.529692,138.990475,753.020173,1098.827226,98426,4396510,3600.000000,4,138,160,GUROBI,1,0,0,0,0,0,0,0,0,0,0
1,0,Basis,4,286.534383,286.534383,286.534383,320.529070,2270.850000,2270.850000,1.234802,2.946171,26.823814,1142.203709,107837,5583928,3600.000000,4,138,0,GUROBI,1,0,0,0,1,138,0,0,0,0,1
2,0,Basis,4,286.534383,286.534383,286.534383,315.521667,2270.701154,2270.850000,1.016130,2.475967,493.970287,872.321250,103388,4329233,3600.000000,4,138,0,GUROBI,1,0,0,0,1,138,0,0,0,0,1
3,0,Basis,4,286.534383,286.534383,286.534383,335.087500,2270.850000,2270.850000,1.071579,2.941903,385.466256,1062.208931,117370,5362275,3600.000000,4,138,0,GUROBI,1,0,0,0,1,0,0,0,0,0,1
