instanceIndex,seedIndex,vpcGenerator,terms,lpBound,disjunctiveDualBound,lpBoundPostVpc,rootDualBound,dualBound,primalBound,vpcGenerationTime,rootDualBoundTime,bestSolutionTime,terminationTime,nodes,iterations,maxTime,actualTerms,numCuts,cutLimit,mipSolver,providePrimalBound,infeasibleTerms,feasibleToInfeasibleTerms,infeasibleToFeasibleTerms,termRemainsFeasibleBasisInfeasible,cutsChangedCoefficients,feasibleTermsPrunedByBound,tighten_disjunction,tighten_matrix_perturbation,tighten_infeasible_to_feasible_term,tighten_feasible_to_infeasible_basis
0,0,None,64,103.403157,103.403157,103.403157,114.912316,119.000000,119.000000,0.000027,0.216349,0.784987,0.946565,958,11613,3600.000000,0,0,0,GUROBI,1,0,0,0,0,0,0,0,0,0,0
1,0,None,64,105.907446,105.907446,105.907446,118.213454,123.000000,123.000000,0.000002,0.179676,0.961307,0.961415,712,11346,3600.000000,0,0,0,GUROBI,1,0,0,0,0,0,0,0,0,0,0
2,0,None,64,103.403157,103.403157,103.403157,114.912316,119.000000,119.000000,0.000002,0.188548,0.756343,0.918628,958,11605,3600.000000,0,0,0,GUROBI,1,0,0,0,0,0,0,0,0,0,0
3,0,None,64,-677.019963,-677.019963,-677.019963,-665.762095,-660.000000,-660.000000,0.000001,0.172947,0.463797,1.450861,718,11753,3600.000000,0,0,0,GUROBI,1,0,0,0,0,0,0,0,0,0,0
4,0,None,64,103.970179,103.970179,103.970179,115.156900,119.000000,119.000000,0.000002,0.194567,1.193543,1.263239,778,12212,3600.000000,0,0,0,GUROBI,1,0,0,0,0,0,0,0,0,0,0
5,0,None,64,103.403157,103.403157,103.403157,114.914120,119.000000,119.000000,0.000002,0.186449,1.654633,1.689936,712,10961,3600.000000,0,0,0,GUROBI,1,0,0,0,0,0,0,0,0,0,0
6,0,None,64,-646.091588,-646.091588,-646.091588,-633.356341,-630.000000,-630.000000,0.000002,0.188456,1.803846,1.804295,594,9825,3600.000000,0,0,0,GUROBI,1,0,0,0,0,0,0,0,0,0,0
7,0,None,64,103.403157,103.403157,103.403157,115.362795,119.000000,119.000000,0.000003,0.186543,0.711526,0.711629,640,8829,3600.000000,0,0,0,GUROBI,1,0,0,0,0,0,0,0,0,0,0
8,0,None,64,103.403157,103.403157,103.403157,114.721929,120.000000,120.000000,0.000001,0.151754,1.291741,1.309895,644,9323,3600.000000,0,0,0,GUROBI,1,0,0,0,0,0,0,0,0,0,0
