instanceIndex,seedIndex,vpcGenerator,terms,lpBound,disjunctiveDualBound,lpBoundPostVpc,rootDualBound,dualBound,primalBound,vpcGenerationTime,rootDualBoundTime,bestSolutionTime,terminationTime,nodes,iterations,maxTime,actualTerms,numCuts,cutLimit,mipSolver,providePrimalBound,infeasibleTerms,feasibleToInfeasibleTerms,infeasibleToFeasibleTerms,termRemainsFeasibleBasisInfeasible,cutsChangedCoefficients,feasibleTermsPrunedByBound,tighten_disjunction,tighten_matrix_perturbation,tighten_infeasible_to_feasible_term,tighten_feasible_to_infeasible_basis
0,0,New,64,128.750000,129.000000,128.750000,131.286570,134.500000,134.500000,173.887590,175.423784,201.105949,202.211161,1148,166905,3600.000000,106,20,124,GUROBI,1,98,0,0,0,0,0,0,0,0,0
1,0,All,64,128.656250,128.928977,128.656250,131.646418,134.343750,134.343750,3.651853,5.075321,70.993882,70.994285,4224,419475,3600.000000,106,20,0,GUROBI,1,98,0,0,0,0,0,1,1,1,1
2,0,All,64,128.750000,129.000000,128.750000,131.964050,134.500000,134.500000,2.405891,3.956549,80.475907,80.538299,4349,526515,3600.000000,106,20,0,GUROBI,1,98,0,0,0,0,0,1,1,1,1
3,0,All,64,128.593750,128.843750,128.593750,131.819718,134.343750,134.343750,2.867484,4.336652,40.593774,42.765556,1690,238600,3600.000000,106,20,0,GUROBI,1,98,0,0,0,0,0,1,1,1,1
