instanceIndex,seedIndex,vpcGenerator,terms,lpBound,disjunctiveDualBound,lpBoundPostVpc,rootDualBound,dualBound,primalBound,vpcGenerationTime,rootDualBoundTime,bestSolutionTime,terminationTime,nodes,iterations,maxTime,actualTerms,numCuts,cutLimit,mipSolver,providePrimalBound,infeasibleTerms,feasibleToInfeasibleTerms,infeasibleToFeasibleTerms,termRemainsFeasibleBasisInfeasible,cutsChangedCoefficients,feasibleTermsPrunedByBound,tighten_disjunction,tighten_matrix_perturbation,tighten_infeasible_to_feasible_term,tighten_feasible_to_infeasible_basis
0,0,New,64,-18525.765543,-18393.769495,-18401.055526,-17904.386848,-17380.000000,-17380.000000,33479.500723,33488.553942,33551.828550,33574.199404,1080,177564,3600.000000,71,58,857,GUROBI,1,62,0,0,0,0,0,0,0,0,0
1,0,All,64,-18488.289908,-18360.750431,-18399.495446,-17828.445066,-17003.000000,-17003.000000,47.781007,57.928035,243.515364,410.019642,8426,1268328,3600.000000,71,58,0,GUROBI,1,62,0,0,9,58,0,1,1,1,1
2,0,All,64,-18528.695431,-18407.472469,-18448.647354,-17828.847590,-16887.000000,-16886.000000,151.977044,160.633834,389.106827,1014.106726,15427,2349401,3600.000000,71,58,0,GUROBI,1,62,0,0,9,58,0,1,1,1,1
3,0,All,64,-18527.502920,-18388.627470,-18409.289270,-17877.501593,-17380.000000,-17380.000000,43.665456,52.368547,130.332535,130.333491,981,189246,3600.000000,71,58,0,GUROBI,1,62,0,0,9,58,0,1,1,1,1
4,0,All,64,-18531.286500,-18401.015783,-18415.840023,-17827.021844,-17179.000000,-17178.000000,40.420063,50.432246,418.015601,418.016483,7026,1209186,3600.000000,71,58,0,GUROBI,1,62,0,0,9,58,0,1,1,1,1
