instanceIndex,seedIndex,vpcGenerator,terms,lpBound,disjunctiveDualBound,lpBoundPostVpc,rootDualBound,dualBound,primalBound,vpcGenerationTime,rootDualBoundTime,bestSolutionTime,terminationTime,nodes,iterations,maxTime,actualTerms,numCuts,cutLimit,mipSolver,providePrimalBound,infeasibleTerms,feasibleToInfeasibleTerms,infeasibleToFeasibleTerms,termRemainsFeasibleBasisInfeasible,cutsChangedCoefficients,feasibleTermsPrunedByBound,tighten_disjunction,tighten_matrix_perturbation,tighten_infeasible_to_feasible_term,tighten_feasible_to_infeasible_basis
0,0,New,64,1209900.000000,1213800.000000,1209900.000000,1231200.000000,1232700.000000,1232700.000000,108.997010,110.977292,108.997010,110.978290,1,10737,3600.000000,64,15,126,GUROBI,1,42,0,0,0,0,0,0,0,0,0
1,0,Matrix,64,1208287.500000,1211700.000000,1208287.500000,1225749.998700,1230600.000000,1230600.000000,6.384956,8.128444,9.180553,16.192176,513,34544,3600.000000,64,15,0,GUROBI,1,42,0,0,0,15,0,0,1,0,0
2,0,Matrix,64,1209900.000000,1213800.000000,1209900.000000,1231200.000000,1232700.000000,1232700.000000,1.313356,3.297431,1.313356,3.298546,1,10737,3600.000000,64,15,0,GUROBI,1,42,0,0,0,0,0,0,1,0,0
3,0,Matrix,64,1209900.000000,1213800.000000,1209900.000000,1231200.000000,1232700.000000,1232700.000000,1.330512,3.311919,1.330512,3.313032,1,10737,3600.000000,64,15,0,GUROBI,1,42,0,0,0,0,0,0,1,0,0
4,0,Matrix,64,1209900.000000,1213800.000000,1209900.000000,1231200.000000,1232700.000000,1232700.000000,1.336995,3.314154,1.336995,3.315272,1,10737,3600.000000,64,15,0,GUROBI,1,42,0,0,0,0,0,0,1,0,0
5,0,Matrix,64,1209900.000000,1213800.000000,1209900.000000,1231200.000000,1232700.000000,1232700.000000,1.334783,3.185377,1.334783,3.186499,1,10839,3600.000000,64,15,0,GUROBI,1,42,0,0,0,0,0,0,1,0,0
