instanceIndex,seedIndex,vpcGenerator,terms,lpBound,disjunctiveDualBound,lpBoundPostVpc,rootDualBound,dualBound,primalBound,vpcGenerationTime,rootDualBoundTime,bestSolutionTime,terminationTime,nodes,iterations,maxTime,actualTerms,numCuts,cutLimit,mipSolver,providePrimalBound,infeasibleTerms,feasibleToInfeasibleTerms,infeasibleToFeasibleTerms,termRemainsFeasibleBasisInfeasible,cutsChangedCoefficients,feasibleTermsPrunedByBound,tighten_disjunction,tighten_matrix_perturbation,tighten_infeasible_to_feasible_term,tighten_feasible_to_infeasible_basis
0,0,None,64,429.000000,429.000000,429.000000,443.795455,446.000000,446.000000,0.000028,0.115405,0.000028,0.118417,1,998,3600.000000,0,0,0,GUROBI,1,0,0,0,0,0,0,0,0,0,0
1,0,None,64,429.000000,429.000000,429.000000,444.409091,446.000000,446.000000,0.000002,0.130474,0.000002,0.136554,1,975,3600.000000,0,0,0,GUROBI,1,0,0,0,0,0,0,0,0,0,0
2,0,None,64,429.000000,429.000000,429.000000,443.428571,446.000000,446.000000,0.000004,0.125743,0.000004,0.131717,1,1037,3600.000000,0,0,0,GUROBI,1,0,0,0,0,0,0,0,0,0,0
3,0,None,64,429.000000,429.000000,429.000000,443.795455,446.000000,446.000000,0.000003,0.120859,0.000003,0.125933,1,1012,3600.000000,0,0,0,GUROBI,1,0,0,0,0,0,0,0,0,0,0
4,0,None,64,429.000000,429.000000,429.000000,443.795455,446.000000,446.000000,0.000004,0.115508,0.000004,0.122179,1,1071,3600.000000,0,0,0,GUROBI,1,0,0,0,0,0,0,0,0,0,0
