instanceIndex,seedIndex,vpcGenerator,terms,lpBound,disjunctiveDualBound,lpBoundPostVpc,rootDualBound,dualBound,primalBound,vpcGenerationTime,rootDualBoundTime,bestSolutionTime,terminationTime,nodes,iterations,maxTime,actualTerms,numCuts,cutLimit,mipSolver,providePrimalBound,infeasibleTerms,feasibleToInfeasibleTerms,infeasibleToFeasibleTerms,termRemainsFeasibleBasisInfeasible,cutsChangedCoefficients,feasibleTermsPrunedByBound,tighten_disjunction,tighten_matrix_perturbation,tighten_infeasible_to_feasible_term,tighten_feasible_to_infeasible_basis
0,0,New,4,87.576118,87.950349,87.841411,89.171774,91.000000,91.000000,168.066414,171.758561,173.796389,190.186951,564,32044,3600.000000,4,295,295,GUROBI,1,0,0,0,0,0,0,0,0,0,0
1,0,Disjunction,4,87.576118,87.950349,87.841194,89.428305,91.000000,91.000000,0.527860,3.995487,7.574464,17.749842,549,32616,3600.000000,4,295,0,GUROBI,1,0,0,0,0,195,0,1,0,0,0
2,0,Disjunction,4,87.568666,87.950349,87.791242,89.605808,91.000000,91.000000,0.490065,4.204018,9.540749,10.100279,505,30394,3600.000000,4,295,0,GUROBI,1,0,0,0,3,149,0,1,0,0,0
3,0,Disjunction,4,87.576118,87.950349,87.841411,89.278603,91.000000,91.000000,0.475395,4.080507,23.876598,23.939849,770,51701,3600.000000,4,295,0,GUROBI,1,0,0,0,0,169,0,1,0,0,0
4,0,Disjunction,4,87.426995,87.891864,87.472821,89.071227,91.000000,91.000000,0.572407,3.906199,19.956847,29.654528,1107,72884,3600.000000,4,295,0,GUROBI,1,0,0,0,0,220,0,1,0,0,0
5,0,Disjunction,4,87.576118,87.953298,87.849690,89.150117,91.000000,91.000000,0.480247,4.215749,26.672813,27.533144,932,62672,3600.000000,4,295,0,GUROBI,1,0,0,0,1,295,0,1,0,0,0
