instanceIndex,seedIndex,vpcGenerator,terms,lpBound,disjunctiveDualBound,lpBoundPostVpc,rootDualBound,dualBound,primalBound,vpcGenerationTime,rootDualBoundTime,bestSolutionTime,terminationTime,nodes,iterations,maxTime,actualTerms,numCuts,cutLimit,mipSolver,providePrimalBound,infeasibleTerms,feasibleToInfeasibleTerms,infeasibleToFeasibleTerms,termRemainsFeasibleBasisInfeasible,cutsChangedCoefficients,feasibleTermsPrunedByBound,tighten_disjunction,tighten_matrix_perturbation,tighten_infeasible_to_feasible_term,tighten_feasible_to_infeasible_basis
0,0,None,64,499999999913.192444,499999999913.192444,499999999913.192444,533814417508.424500,564977286284.872070,565031768754.205078,0.000026,0.811483,63.806167,63.807782,1955,81354,3600.000000,0,0,0,GUROBI,1,0,0,0,0,0,0,0,0,0,0
1,0,None,64,14932471390.843977,14932471390.843977,14932471390.843977,26105906689.644569,26500317125.185417,26500317125.185417,0.000002,0.431775,5.273408,5.273840,647,5950,3600.000000,0,0,0,GUROBI,1,0,0,0,0,0,0,0,0,0,0
2,0,None,64,9203061094.961260,9203061094.961260,9203061094.961260,15888215495.851480,16206008344.833336,16206008344.832333,0.000002,0.654863,5.265422,5.272904,684,5792,3600.000000,0,0,0,GUROBI,1,0,0,0,0,0,0,0,0,0,0
3,0,None,64,3633417418.181669,3633417418.181669,3633417418.181669,7261621523.976781,7264378883.170295,7264378883.170296,0.000003,0.234662,0.000003,0.252895,7,185,3600.000000,0,0,0,GUROBI,1,0,0,0,0,0,0,0,0,0,0
