instanceIndex,seedIndex,vpcGenerator,terms,lpBound,disjunctiveDualBound,lpBoundPostVpc,rootDualBound,dualBound,primalBound,vpcGenerationTime,rootDualBoundTime,bestSolutionTime,terminationTime,nodes,iterations,maxTime,actualTerms,numCuts,cutLimit,mipSolver,providePrimalBound,infeasibleTerms,feasibleToInfeasibleTerms,infeasibleToFeasibleTerms,termRemainsFeasibleBasisInfeasible,cutsChangedCoefficients,feasibleTermsPrunedByBound,tighten_disjunction,tighten_matrix_perturbation,tighten_infeasible_to_feasible_term,tighten_feasible_to_infeasible_basis
0,0,New,64,26069.000000,26074.750000,26074.750000,27501.076923,27577.000000,27674.000000,3048.593107,3054.990361,6363.697727,6648.597899,77711,18057560,3600.000000,209,27,180,GUROBI,1,202,0,0,0,0,0,0,0,0,0
1,0,Basis,64,26069.000000,26074.750000,26074.750000,27523.800000,27593.000000,27674.000000,11.775068,19.035480,3385.485435,3611.780244,74950,17846294,3600.000000,209,27,0,GUROBI,1,202,0,0,0,0,0,0,0,0,1
2,0,Basis,64,26069.000000,26074.750000,26074.750000,27418.402778,27672.000000,27674.000000,11.689424,16.878623,2211.391006,2331.072865,52180,12317041,3600.000000,209,27,0,GUROBI,1,202,0,0,0,0,0,0,0,0,1
3,0,Basis,64,26069.000000,26074.750000,26074.750000,27451.537190,27672.000000,27674.000000,49.158808,54.637264,2401.121551,2401.122455,43369,9784162,3600.000000,209,27,0,GUROBI,1,202,0,0,4,2,0,0,0,0,1
4,0,Basis,64,26069.000000,26074.750000,26074.750000,27455.181818,27573.000000,27674.000000,12.362545,17.872799,3612.367082,3612.367888,75919,16894861,3600.000000,209,27,0,GUROBI,1,202,0,0,0,0,0,0,0,0,1
5,0,Basis,64,26069.000000,26074.750000,26074.750000,27480.009259,27672.000000,27674.000000,11.837035,18.136852,2136.606546,2547.405074,51846,12742895,3600.000000,209,27,0,GUROBI,1,202,0,0,0,0,0,0,0,0,1
