instanceIndex,seedIndex,vpcGenerator,terms,lpBound,disjunctiveDualBound,lpBoundPostVpc,rootDualBound,dualBound,primalBound,vpcGenerationTime,rootDualBoundTime,bestSolutionTime,terminationTime,nodes,iterations,maxTime,actualTerms,numCuts,cutLimit,mipSolver,providePrimalBound,infeasibleTerms,feasibleToInfeasibleTerms,infeasibleToFeasibleTerms,termRemainsFeasibleBasisInfeasible,cutsChangedCoefficients,feasibleTermsPrunedByBound,tighten_disjunction,tighten_matrix_perturbation,tighten_infeasible_to_feasible_term,tighten_feasible_to_infeasible_basis
0,0,New,4,8877.000000,8894.285714,8891.018746,10500.571429,14392.000000,14393.000000,0.446676,0.522622,4.746173,2111.073610,4258228,27433491,3600.000000,4,24,24,GUROBI,1,0,0,0,0,0,0,0,0,0,0
1,0,Basis,4,8853.857143,8870.857143,8869.450038,10301.000000,13449.000000,14424.000000,0.008231,0.083635,2527.718653,3600.010023,2793145,17628289,3600.000000,4,24,0,GUROBI,1,0,0,0,0,0,0,0,0,0,1
2,0,Basis,4,8827.803571,8845.642857,8842.258929,10454.421809,14380.571429,14382.000000,0.009405,0.106356,485.612775,2738.151989,4532787,27460438,3600.000000,4,24,0,GUROBI,1,0,0,0,0,0,0,0,0,0,1
3,0,Basis,4,8838.223214,8856.428571,8856.428571,10060.198705,13415.340260,14394.000000,0.009045,0.088894,2710.681760,3600.021576,2852627,18126005,3600.000000,4,24,0,GUROBI,1,0,0,0,0,0,0,0,0,0,1
