instanceIndex,seedIndex,vpcGenerator,terms,lpBound,disjunctiveDualBound,lpBoundPostVpc,rootDualBound,dualBound,primalBound,vpcGenerationTime,rootDualBoundTime,bestSolutionTime,terminationTime,nodes,iterations,maxTime,actualTerms,numCuts,cutLimit,mipSolver,providePrimalBound,infeasibleTerms,feasibleToInfeasibleTerms,infeasibleToFeasibleTerms,termRemainsFeasibleBasisInfeasible,cutsChangedCoefficients,feasibleTermsPrunedByBound,tighten_disjunction,tighten_matrix_perturbation,tighten_infeasible_to_feasible_term,tighten_feasible_to_infeasible_basis
0,0,New,64,10.143845,10.781092,10.712823,24.493302,30.474641,33.384730,76.967676,95.861302,3676.969179,3676.969938,14418,3859956,3600.000000,65,33,33,GUROBI,1,52,0,0,0,0,0,0,0,0,0
1,0,New,64,12.558055,13.195302,13.068265,26.579903,30.285729,35.798940,70.500322,83.043102,3670.507640,3670.508600,47731,6314238,3600.000000,70,33,33,GUROBI,1,62,0,0,0,0,0,0,0,0,0
2,0,New,64,12.195302,12.832548,12.548173,25.368744,31.717572,34.798940,126.354323,138.420247,3726.355452,3726.356466,17101,4094996,3600.000000,64,33,33,GUROBI,1,40,0,0,0,0,0,0,0,0,0
3,0,New,64,12.558055,13.195302,13.120247,26.415079,32.289611,36.213080,70.973479,83.045880,3670.974582,3670.975649,20800,5464261,3600.000000,68,33,33,GUROBI,1,57,0,0,0,0,0,0,0,0,0
4,0,New,64,11.558055,12.195302,12.149857,26.004263,31.145635,34.798940,70.563342,91.568079,3634.774676,3670.566191,14901,3634367,3600.000000,64,33,33,GUROBI,1,54,0,0,0,0,0,0,0,0,0
