instanceIndex,seedIndex,vpcGenerator,terms,lpBound,disjunctiveDualBound,lpBoundPostVpc,rootDualBound,dualBound,primalBound,vpcGenerationTime,rootDualBoundTime,bestSolutionTime,terminationTime,nodes,iterations,maxTime,actualTerms,numCuts,cutLimit,mipSolver,providePrimalBound,infeasibleTerms,feasibleToInfeasibleTerms,infeasibleToFeasibleTerms,termRemainsFeasibleBasisInfeasible,cutsChangedCoefficients,feasibleTermsPrunedByBound,tighten_disjunction,tighten_matrix_perturbation,tighten_infeasible_to_feasible_term,tighten_feasible_to_infeasible_basis
0,0,New,4,777191.428571,777191.428571,777191.428571,778686.428571,779715.000000,779715.000000,5.114893,5.291844,5.114893,5.300264,1,1795,3600.000000,4,66,66,GUROBI,1,0,0,0,0,0,0,0,0,0,0
1,0,Farkas,4,777191.428571,777191.428571,777191.428571,779695.485610,779715.000000,779715.000000,0.106996,0.375268,0.106996,0.382981,1,1965,3600.000000,4,66,0,GUROBI,1,0,0,0,0,0,0,0,0,0,0
2,0,Farkas,4,779283.928571,779283.928571,779283.928571,781071.428571,782100.000000,782100.000000,0.132598,0.287209,0.132598,0.296224,1,1818,3600.000000,4,66,0,GUROBI,1,0,0,0,4,0,0,0,0,0,0
3,0,Farkas,4,777191.428571,777191.428571,777191.428571,778686.428571,779715.000000,779715.000000,0.111261,0.260113,0.111261,0.266994,1,1588,3600.000000,4,66,0,GUROBI,1,0,0,0,0,0,0,0,0,0,0
4,0,Farkas,4,779891.428571,779891.428571,779891.428571,782187.171875,782409.176317,782415.000000,0.125820,0.335312,0.125820,0.349216,1,1949,3600.000000,4,66,0,GUROBI,1,0,0,0,4,0,0,0,0,0,0
5,0,Farkas,4,777191.428571,777191.428571,777191.428571,778686.428571,779715.000000,779715.000000,0.104784,0.257382,0.104784,0.264916,1,1618,3600.000000,4,66,0,GUROBI,1,0,0,0,0,0,0,0,0,0,0
