instanceIndex,seedIndex,vpcGenerator,terms,lpBound,disjunctiveDualBound,lpBoundPostVpc,rootDualBound,dualBound,primalBound,vpcGenerationTime,rootDualBoundTime,bestSolutionTime,terminationTime,nodes,iterations,maxTime,actualTerms,numCuts,cutLimit,mipSolver,providePrimalBound,infeasibleTerms,feasibleToInfeasibleTerms,infeasibleToFeasibleTerms,termRemainsFeasibleBasisInfeasible,cutsChangedCoefficients,feasibleTermsPrunedByBound,tighten_disjunction,tighten_matrix_perturbation,tighten_infeasible_to_feasible_term,tighten_feasible_to_infeasible_basis
0,0,New,4,10.143845,10.605384,10.331187,23.231912,30.503285,33.384730,6.515699,17.165455,1377.715932,3606.517294,13044,3658779,3600.000000,4,21,33,GUROBI,1,0,0,0,0,0,0,0,0,0,0
1,0,All,4,9.102179,9.563717,9.249236,24.642514,30.008684,32.713150,0.116055,15.609448,3600.117178,3600.117776,17097,4296679,3600.000000,4,21,0,GUROBI,1,0,0,0,0,0,0,1,1,1,1
2,0,All,4,7.300254,7.300254,7.300254,22.831083,28.663940,32.634658,0.159753,14.575058,3600.160819,3600.161403,21281,5470990,3600.000000,4,21,0,GUROBI,1,0,0,0,0,0,0,1,1,1,1
3,0,All,4,9.278461,9.739999,9.465802,24.148411,30.110819,33.384730,0.134262,17.236203,3600.136819,3600.137429,14445,3683868,3600.000000,4,21,0,GUROBI,1,0,0,0,0,0,0,1,1,1,1
4,0,All,4,10.143845,10.605384,10.331187,24.724526,29.894891,33.384730,0.119622,16.936084,3600.123197,3600.123784,17358,3948269,3600.000000,4,21,0,GUROBI,1,0,0,0,0,0,0,1,1,1,1
