instanceIndex,seedIndex,vpcGenerator,terms,lpBound,disjunctiveDualBound,lpBoundPostVpc,rootDualBound,dualBound,primalBound,vpcGenerationTime,rootDualBoundTime,bestSolutionTime,terminationTime,nodes,iterations,maxTime,actualTerms,numCuts,cutLimit,mipSolver,providePrimalBound,infeasibleTerms,feasibleToInfeasibleTerms,infeasibleToFeasibleTerms,termRemainsFeasibleBasisInfeasible,cutsChangedCoefficients,feasibleTermsPrunedByBound,tighten_disjunction,tighten_matrix_perturbation,tighten_infeasible_to_feasible_term,tighten_feasible_to_infeasible_basis
0,0,None,4,103.403157,103.403157,103.403157,114.912316,119.000000,119.000000,0.000008,0.251621,0.901697,0.901809,844,10589,3600.000000,0,0,0,GUROBI,1,0,0,0,0,0,0,0,0,0,0
1,0,None,4,100.480037,100.480037,100.480037,113.626434,117.000000,117.000000,0.000001,0.215103,0.822841,0.822945,667,9291,3600.000000,0,0,0,GUROBI,1,0,0,0,0,0,0,0,0,0,0
2,0,None,4,106.347823,106.347823,106.347823,114.975046,121.000000,121.000000,0.000003,0.165000,1.037122,1.115418,646,9281,3600.000000,0,0,0,GUROBI,1,0,0,0,0,0,0,0,0,0,0
3,0,None,4,103.468525,103.468525,103.468525,115.280152,120.000000,120.000000,0.000002,0.204226,1.511904,1.568039,596,9132,3600.000000,0,0,0,GUROBI,1,0,0,0,0,0,0,0,0,0,0
4,0,None,4,106.362201,106.362201,106.362201,116.188767,121.000000,121.000000,0.000002,0.177265,1.558965,1.617607,596,9330,3600.000000,0,0,0,GUROBI,1,0,0,0,0,0,0,0,0,0,0
