instanceIndex,seedIndex,vpcGenerator,terms,lpBound,disjunctiveDualBound,lpBoundPostVpc,rootDualBound,dualBound,primalBound,vpcGenerationTime,rootDualBoundTime,bestSolutionTime,terminationTime,nodes,iterations,maxTime,actualTerms,numCuts,cutLimit,mipSolver,providePrimalBound,infeasibleTerms,feasibleToInfeasibleTerms,infeasibleToFeasibleTerms,termRemainsFeasibleBasisInfeasible,cutsChangedCoefficients,feasibleTermsPrunedByBound,tighten_disjunction,tighten_matrix_perturbation,tighten_infeasible_to_feasible_term,tighten_feasible_to_infeasible_basis
0,0,New,64,-2501.144925,-2501.144925,-2501.144925,-1924.446853,454.864703,454.864697,80.902325,81.715205,83.602005,83.602356,1026,17621,3600.000000,241,18,20,GUROBI,1,229,0,0,0,0,0,0,0,0,0
1,0,New,64,-2509.830662,-2509.304740,-2509.709561,-1807.394346,455.421161,455.451028,5.963551,7.962882,11.878535,16.293332,4740,62673,3600.000000,75,3,26,GUROBI,1,70,0,0,0,0,0,0,0,0,0
2,0,New,64,-2523.735738,-2522.740228,-2523.630059,-1964.659763,449.156773,449.156765,8.244642,9.769119,16.205385,21.038756,5624,85338,3600.000000,68,7,26,GUROBI,1,64,0,0,0,0,0,0,0,0,0
3,0,New,64,-2525.457858,-2525.398479,-2525.398479,-1941.749365,443.651031,443.650398,29.359818,31.298661,55.292935,57.751013,12394,173467,3600.000000,149,11,23,GUROBI,1,139,0,0,0,0,0,0,0,0,0
4,0,New,64,-2518.789774,-2517.072143,-2518.208936,-1906.982364,452.087965,452.087959,18.493246,20.701054,27.962129,29.611170,3571,71122,3600.000000,66,21,21,GUROBI,1,61,0,0,0,0,0,0,0,0,0
5,0,New,64,-2509.637845,-2509.299384,-2509.633332,-1869.831435,450.548337,450.588135,21.837493,23.424964,26.665611,26.666488,1313,29030,3600.000000,66,22,22,GUROBI,1,60,0,0,0,0,0,0,0,0,0
