instanceIndex,seedIndex,vpcGenerator,terms,lpBound,disjunctiveDualBound,lpBoundPostVpc,rootDualBound,dualBound,primalBound,vpcGenerationTime,rootDualBoundTime,bestSolutionTime,terminationTime,nodes,iterations,maxTime,actualTerms,numCuts,cutLimit,mipSolver,providePrimalBound,infeasibleTerms,feasibleToInfeasibleTerms,infeasibleToFeasibleTerms,termRemainsFeasibleBasisInfeasible,cutsChangedCoefficients,feasibleTermsPrunedByBound,tighten_disjunction,tighten_matrix_perturbation,tighten_infeasible_to_feasible_term,tighten_feasible_to_infeasible_basis
0,0,New,4,-18811.492536,-18735.751343,-18748.498394,-18155.026207,-17783.000000,-17783.000000,4153.229546,4163.700532,4222.023362,4222.228405,795,170297,3600.000000,4,230,867,GUROBI,1,0,0,0,0,0,0,0,0,0,0
1,0,New,4,-18811.953323,-18783.251461,-18811.410620,-18151.871404,-17783.000000,-17783.000000,19098.016747,19107.171597,19156.976603,19158.180262,681,131913,3600.000000,12,301,867,GUROBI,1,10,0,0,0,0,0,0,0,0,0
2,0,New,4,-18817.470210,-18740.930374,-18810.258649,-18096.228514,-17767.000000,-17767.000000,12134.293671,12143.322000,12160.053730,12160.054605,358,63868,3600.000000,12,117,861,GUROBI,1,10,0,0,0,0,0,0,0,0,0
3,0,New,4,-18829.384665,-18753.867504,-18808.072027,-18108.078615,-17783.000000,-17783.000000,35204.794355,35215.656546,35267.171013,35267.171949,664,118351,3600.000000,13,346,856,GUROBI,1,11,0,0,0,0,0,0,0,0,0
4,0,New,4,-18816.477895,-18731.190929,-18798.122379,-18102.594739,-17752.000000,-17752.000000,15913.926648,15922.555073,15977.456149,15977.519337,710,143614,3600.000000,13,127,860,GUROBI,1,11,0,0,0,0,0,0,0,0,0
