instanceIndex,seedIndex,vpcGenerator,terms,lpBound,disjunctiveDualBound,lpBoundPostVpc,rootDualBound,dualBound,primalBound,vpcGenerationTime,rootDualBoundTime,bestSolutionTime,terminationTime,nodes,iterations,maxTime,actualTerms,numCuts,cutLimit,mipSolver,providePrimalBound,infeasibleTerms,feasibleToInfeasibleTerms,infeasibleToFeasibleTerms,termRemainsFeasibleBasisInfeasible,cutsChangedCoefficients,feasibleTermsPrunedByBound,tighten_disjunction,tighten_matrix_perturbation,tighten_infeasible_to_feasible_term,tighten_feasible_to_infeasible_basis
0,0,New,4,6.727060,6.771595,6.771595,19.093773,22.871256,24.785775,2.735316,13.090667,3602.748663,3602.749241,33527,8888619,3600.000000,4,15,15,GUROBI,1,0,0,0,0,0,0,0,0,0,0
1,0,All,4,6.372412,6.372412,6.372412,18.766726,22.835088,22.837190,0.811168,11.890959,2610.015301,2780.105015,22045,4275613,3600.000000,4,15,0,GUROBI,1,0,0,0,0,15,0,1,1,1,1
2,0,All,4,4.884158,4.884158,4.884158,14.926568,18.779107,18.779258,0.985805,4.782765,1498.554239,1555.117082,13006,2065813,3600.000000,4,15,0,GUROBI,1,0,0,0,1,15,0,1,1,1,1
3,0,All,4,5.084297,5.128832,5.084297,14.861707,17.015330,17.015330,1.042270,6.040252,265.056530,265.057072,3524,414480,3600.000000,4,15,0,GUROBI,1,0,0,0,3,15,0,1,1,1,1
4,0,All,4,6.239628,6.284163,6.284162,17.013036,22.285168,24.607634,0.801335,7.262106,3600.805479,3600.806052,34052,6598906,3600.000000,4,15,0,GUROBI,1,0,0,0,0,15,0,1,1,1,1
