instanceIndex,seedIndex,vpcGenerator,terms,lpBound,disjunctiveDualBound,lpBoundPostVpc,rootDualBound,dualBound,primalBound,vpcGenerationTime,rootDualBoundTime,bestSolutionTime,terminationTime,nodes,iterations,maxTime,actualTerms,numCuts,cutLimit,mipSolver,providePrimalBound,infeasibleTerms,feasibleToInfeasibleTerms,infeasibleToFeasibleTerms,termRemainsFeasibleBasisInfeasible,cutsChangedCoefficients,feasibleTermsPrunedByBound,tighten_disjunction,tighten_matrix_perturbation,tighten_infeasible_to_feasible_term,tighten_feasible_to_infeasible_basis
0,0,New,64,2035.362225,2226.320351,2103.922747,2739.015905,3201.000000,3201.000000,3636.981644,3642.098724,3675.192343,3675.624464,819,72545,3600.000000,223,97,97,GUROBI,1,218,0,0,0,0,0,0,0,0,0
1,0,Disjunction,64,2000.221107,2187.863632,2064.708844,2703.626187,3183.000000,3183.000000,64.735826,69.345164,107.476224,109.430321,955,116046,3600.000000,223,97,0,GUROBI,1,218,0,0,0,0,0,1,0,0,0
2,0,Disjunction,64,2004.191626,2198.334296,2074.252801,2718.014185,3186.000000,3186.000000,63.394201,68.418531,126.768278,126.769173,1411,176814,3600.000000,223,97,0,GUROBI,1,218,0,0,0,0,0,1,0,0,0
3,0,Disjunction,64,2054.717902,2246.716509,2123.999378,2754.110784,3233.000000,3233.000000,64.091246,68.306290,113.863976,113.864856,1130,118285,3600.000000,223,97,0,GUROBI,1,218,0,0,0,0,0,1,0,0,0
4,0,Disjunction,64,2024.167512,2213.342659,2093.311686,2728.675478,3209.000000,3209.000000,64.395770,68.591663,115.354355,115.386449,1412,152407,3600.000000,223,97,0,GUROBI,1,218,0,0,0,0,0,1,0,0,0
