instanceIndex,seedIndex,vpcGenerator,terms,lpBound,disjunctiveDualBound,lpBoundPostVpc,rootDualBound,dualBound,primalBound,vpcGenerationTime,rootDualBoundTime,bestSolutionTime,terminationTime,nodes,iterations,maxTime,actualTerms,numCuts,cutLimit,mipSolver,providePrimalBound,infeasibleTerms,feasibleToInfeasibleTerms,infeasibleToFeasibleTerms,termRemainsFeasibleBasisInfeasible,cutsChangedCoefficients,feasibleTermsPrunedByBound,tighten_disjunction,tighten_matrix_perturbation,tighten_infeasible_to_feasible_term,tighten_feasible_to_infeasible_basis
0,0,New,64,8.333333,9.333333,8.458333,13.180000,16.000000,16.000000,48.989070,49.956504,50.510920,55.667576,1880,45548,3600.000000,95,2,571,GUROBI,1,84,0,0,0,0,0,0,0,0,0
1,0,Matrix,64,8.333333,9.366667,8.458333,14.000000,17.000000,17.000000,7.243762,8.318623,9.585216,16.908159,808,44498,3600.000000,95,2,0,GUROBI,1,85,1,0,10,0,0,0,1,0,0
2,0,Matrix,64,9.333333,10.363636,9.458333,14.666667,17.000000,17.000000,6.087813,7.002373,7.114997,9.120253,590,21867,3600.000000,95,2,0,GUROBI,1,86,2,0,9,0,0,0,1,0,0
3,0,Matrix,64,10.500000,11.333333,10.500000,15.000000,16.000000,16.000000,4.863585,5.513733,5.786725,6.564282,146,7800,3600.000000,95,2,0,GUROBI,1,91,7,0,4,0,0,0,1,0,0
4,0,Matrix,64,9.666667,10.666667,9.809524,15.052631,18.000000,18.000000,6.334355,7.575819,13.749513,45.448433,7273,231138,3600.000000,95,2,0,GUROBI,1,88,4,0,7,0,0,0,1,0,0
