instanceIndex,seedIndex,vpcGenerator,terms,lpBound,disjunctiveDualBound,lpBoundPostVpc,rootDualBound,dualBound,primalBound,vpcGenerationTime,rootDualBoundTime,bestSolutionTime,terminationTime,nodes,iterations,maxTime,actualTerms,numCuts,cutLimit,mipSolver,providePrimalBound,infeasibleTerms,feasibleToInfeasibleTerms,infeasibleToFeasibleTerms,termRemainsFeasibleBasisInfeasible,cutsChangedCoefficients,feasibleTermsPrunedByBound,tighten_disjunction,tighten_matrix_perturbation,tighten_infeasible_to_feasible_term,tighten_feasible_to_infeasible_basis
0,0,New,64,479.138796,481.351423,479.856747,480.570866,492.476917,492.514432,43.111421,45.372836,73.067439,76.941718,8485,185493,3600.000000,64,22,22,GUROBI,1,14,0,0,0,0,0,0,0,0,0
1,0,NoDisjunction,64,479.138796,481.351423,479.856747,480.558283,492.467579,492.514419,1.173410,3.801796,38.431624,39.778749,8551,187492,3600.000000,64,22,0,GUROBI,1,14,0,0,1,0,0,0,1,1,1
2,0,NoDisjunction,64,478.920019,481.182383,479.639147,480.276330,492.168655,492.217777,1.677394,3.802641,16.464708,25.981967,4656,108839,3600.000000,64,22,0,GUROBI,1,14,0,0,1,0,0,0,1,1,1
3,0,NoDisjunction,64,333.286845,334.025448,333.286845,335.460662,347.566730,347.584639,2.239276,5.229696,28.336617,28.722059,5570,124188,3600.000000,64,22,0,GUROBI,1,14,0,0,1,0,0,0,1,1,1
4,0,NoDisjunction,64,229.139943,231.475354,229.856747,230.734625,242.490634,242.514448,1.956422,4.084327,37.574070,37.574532,8251,187292,3600.000000,64,22,0,GUROBI,1,14,0,0,1,0,0,0,1,1,1
5,0,NoDisjunction,64,486.286245,487.405355,486.286245,487.866848,498.528330,498.574972,2.965522,4.240610,7.978129,7.978578,945,15198,3600.000000,64,22,0,GUROBI,1,14,0,0,1,0,0,0,1,1,1
6,0,NoDisjunction,64,476.382824,478.694005,477.126273,477.746011,490.126882,490.174449,1.793629,4.048450,54.245835,55.196261,13283,291143,3600.000000,64,22,0,GUROBI,1,14,0,0,1,0,0,0,1,1,1
7,0,NoDisjunction,64,479.693276,481.974615,480.297596,481.755759,494.696699,494.736544,2.407172,4.942348,17.846485,17.846925,2786,58211,3600.000000,64,22,0,GUROBI,1,14,0,0,1,0,0,0,1,1,1
8,0,NoDisjunction,64,562.048532,562.335977,562.048532,567.809070,580.941234,580.941234,4.143041,7.835061,15.765810,15.796882,1217,20350,3600.000000,64,22,0,GUROBI,1,14,0,0,1,0,0,0,1,1,1
