instanceIndex,seedIndex,vpcGenerator,terms,lpBound,disjunctiveDualBound,lpBoundPostVpc,rootDualBound,dualBound,primalBound,vpcGenerationTime,rootDualBoundTime,bestSolutionTime,terminationTime,nodes,iterations,maxTime,actualTerms,numCuts,cutLimit,mipSolver,providePrimalBound,infeasibleTerms,feasibleToInfeasibleTerms,infeasibleToFeasibleTerms,termRemainsFeasibleBasisInfeasible,cutsChangedCoefficients,feasibleTermsPrunedByBound,tighten_disjunction,tighten_matrix_perturbation,tighten_infeasible_to_feasible_term,tighten_feasible_to_infeasible_basis
0,0,None,4,0.000000,0.000000,0.000000,0.000000,302.000000,302.000000,0.000001,1.172499,76.993792,203.662540,11404,746626,3600.000000,0,0,0,GUROBI,1,0,0,0,0,0,0,0,0,0,0
1,0,None,4,620.777778,620.777778,620.777778,622.182459,623.000000,623.000000,0.000004,0.268927,0.000004,0.272093,2,1219,3600.000000,0,0,0,GUROBI,1,0,0,0,0,0,0,0,0,0,0
2,0,None,4,1456.518519,1456.518519,1456.518519,1457.659340,1458.888889,1459.000000,0.000002,0.281272,0.378822,0.384263,19,1043,3600.000000,0,0,0,GUROBI,1,0,0,0,0,0,0,0,0,0,0
3,0,None,4,8.000420,8.000420,8.000420,38.114305,302.000000,302.000000,0.000002,3.144175,53.092441,55.523247,1624,161688,3600.000000,0,0,0,GUROBI,1,0,0,0,0,0,0,0,0,0,0
4,0,None,4,176.518519,176.518519,176.518519,179.970772,319.000000,318.999999,0.000001,0.778085,8.979882,9.298918,848,30571,3600.000000,0,0,0,GUROBI,1,0,0,0,0,0,0,0,0,0,0
