instanceIndex,seedIndex,vpcGenerator,terms,lpBound,disjunctiveDualBound,lpBoundPostVpc,rootDualBound,dualBound,primalBound,vpcGenerationTime,rootDualBoundTime,bestSolutionTime,terminationTime,nodes,iterations,maxTime,actualTerms,numCuts,cutLimit,mipSolver,providePrimalBound,infeasibleTerms,feasibleToInfeasibleTerms,infeasibleToFeasibleTerms,termRemainsFeasibleBasisInfeasible,cutsChangedCoefficients,feasibleTermsPrunedByBound,tighten_disjunction,tighten_matrix_perturbation,tighten_infeasible_to_feasible_term,tighten_feasible_to_infeasible_basis
0,0,New,4,8.333333,9.333333,8.750000,13.333333,16.000000,16.000000,1.878169,3.440893,3.566351,8.097757,1569,37401,3600.000000,4,3,571,GUROBI,1,0,0,0,0,0,0,0,0,0,0
1,0,All,4,8.333333,9.333333,8.750000,14.050000,17.000000,17.000000,0.413054,1.672100,3.256106,8.739600,1525,66150,3600.000000,4,3,0,GUROBI,1,0,0,0,4,0,0,1,1,1,1
2,0,All,4,9.333333,10.333333,9.750000,14.428571,17.000000,17.000000,0.283176,1.173812,2.195265,3.856258,884,25713,3600.000000,4,3,0,GUROBI,1,1,1,0,3,0,0,1,1,1,1
3,0,All,4,10.500000,10.500000,10.500000,15.000000,16.000000,16.000000,0.332472,0.832688,0.890426,1.711906,75,5382,3600.000000,4,3,0,GUROBI,1,2,2,0,2,0,0,1,1,1,1
4,0,All,4,9.666667,10.666667,9.809524,15.000000,18.000000,18.000000,0.369946,1.324976,1.659968,34.577961,8697,220452,3600.000000,4,3,0,GUROBI,1,1,1,0,3,0,0,1,1,1,1
