instanceIndex,seedIndex,vpcGenerator,terms,lpBound,disjunctiveDualBound,lpBoundPostVpc,rootDualBound,dualBound,primalBound,vpcGenerationTime,rootDualBoundTime,bestSolutionTime,terminationTime,nodes,iterations,maxTime,actualTerms,numCuts,cutLimit,mipSolver,providePrimalBound,infeasibleTerms,feasibleToInfeasibleTerms,infeasibleToFeasibleTerms,termRemainsFeasibleBasisInfeasible,cutsChangedCoefficients,feasibleTermsPrunedByBound,tighten_disjunction,tighten_matrix_perturbation,tighten_infeasible_to_feasible_term,tighten_feasible_to_infeasible_basis
0,0,New,64,4970975.847015,4996784.416595,4996784.416595,5968466.255259,6021720.000000,6021720.000000,78.145944,78.646138,78.145944,78.650151,1,1771,3600.000000,64,8,8,GUROBI,1,16,0,0,0,0,0,0,0,0,0
1,0,Farkas,64,4970788.601206,4996597.170787,4996597.170787,5993419.441751,6018505.890723,6018536.400000,1.226893,1.459747,1.226893,1.478805,1,1795,3600.000000,64,8,0,GUROBI,1,16,0,0,0,0,0,0,0,0,0
2,0,Farkas,64,4970839.557250,4996649.479670,4996649.097525,6011571.289630,6011717.000000,6011717.000000,1.206753,1.406409,1.206753,1.411672,1,1064,3600.000000,64,8,0,GUROBI,1,16,0,0,0,0,0,0,0,0,0
3,0,Farkas,64,4970382.860594,4996194.135854,4996194.135854,6014945.689786,6014978.643869,6015013.500000,1.249277,1.502569,1.249277,1.506398,1,1773,3600.000000,64,8,0,GUROBI,1,16,0,0,0,0,0,0,0,0,0
4,0,Farkas,64,4970585.299704,4996392.967392,4996392.680530,5707205.157764,6012365.745969,6012375.050000,1.176369,1.337302,1.176369,1.354048,1,1009,3600.000000,64,8,0,GUROBI,1,16,0,0,0,0,0,0,0,0,0
5,0,Farkas,64,4970727.551810,4996535.670444,4996535.648520,6013998.198660,6015956.900000,6015956.900000,1.205450,1.884427,1.895413,1.898626,4,3318,3600.000000,64,8,0,GUROBI,1,16,0,0,0,0,0,0,0,0,0
