instanceIndex,seedIndex,vpcGenerator,terms,lpBound,disjunctiveDualBound,lpBoundPostVpc,rootDualBound,dualBound,primalBound,vpcGenerationTime,rootDualBoundTime,bestSolutionTime,terminationTime,nodes,iterations,maxTime,actualTerms,numCuts,cutLimit,mipSolver,providePrimalBound,infeasibleTerms,feasibleToInfeasibleTerms,infeasibleToFeasibleTerms,termRemainsFeasibleBasisInfeasible,cutsChangedCoefficients,feasibleTermsPrunedByBound,tighten_disjunction,tighten_matrix_perturbation,tighten_infeasible_to_feasible_term,tighten_feasible_to_infeasible_basis
0,0,New,64,141.886250,142.486875,141.917188,146.841665,148.000000,148.000000,7.314425,7.583890,7.627139,7.632168,42,1319,3600.000000,64,2,33,GUROBI,1,20,0,0,0,0,0,0,0,0,0
1,0,Basis,64,-14.930227,-14.193750,-14.662600,-8.416489,-7.250000,-7.250000,0.583553,0.837928,1.015646,1.015778,150,2909,3600.000000,64,2,0,GUROBI,1,20,0,0,0,0,0,0,0,0,1
2,0,Basis,64,-105.033403,-104.143750,-105.033403,-101.374540,-98.000000,-98.000000,0.571099,0.826059,1.173370,1.833476,898,12284,3600.000000,64,2,0,GUROBI,1,20,0,0,0,0,0,0,0,0,1
3,0,Basis,64,58.836250,59.143958,58.836250,63.185603,64.750000,64.750000,0.614135,0.788121,0.872723,0.917872,132,2502,3600.000000,64,2,0,GUROBI,1,20,0,0,0,0,0,0,0,0,1
4,0,Basis,64,-42.931250,-41.125000,-42.631689,-35.621922,-34.375000,-34.375000,0.632542,0.827186,0.879361,0.879511,53,1697,3600.000000,64,2,0,GUROBI,1,20,0,0,0,0,0,0,0,0,1
5,0,Basis,64,-388.399531,-388.399531,-388.399531,-383.899592,-382.875000,-382.875000,0.689786,0.889806,0.902412,0.920590,40,1186,3600.000000,64,2,0,GUROBI,1,20,0,0,0,0,0,0,0,0,1
