instanceIndex,seedIndex,vpcGenerator,terms,lpBound,disjunctiveDualBound,lpBoundPostVpc,rootDualBound,dualBound,primalBound,vpcGenerationTime,rootDualBoundTime,bestSolutionTime,terminationTime,nodes,iterations,maxTime,actualTerms,numCuts,cutLimit,mipSolver,providePrimalBound,infeasibleTerms,feasibleToInfeasibleTerms,infeasibleToFeasibleTerms,termRemainsFeasibleBasisInfeasible,cutsChangedCoefficients,feasibleTermsPrunedByBound,tighten_disjunction,tighten_matrix_perturbation,tighten_infeasible_to_feasible_term,tighten_feasible_to_infeasible_basis
0,0,New,64,34.289167,34.858125,34.523154,35.685239,37.000000,37.000000,6.643736,6.857085,6.940287,6.990085,208,2127,3600.000000,64,4,25,GUROBI,1,18,0,0,0,0,0,0,0,0,0
1,0,Matrix,64,34.289167,34.858125,34.524061,35.685239,37.000000,37.000000,0.121216,0.442507,0.689058,1.028748,520,5085,3600.000000,64,4,0,GUROBI,1,18,0,0,0,0,0,0,1,0,0
2,0,Matrix,64,34.289167,34.858125,34.524061,35.685239,37.000000,37.000000,0.120759,0.357208,0.522257,1.276217,1037,8928,3600.000000,64,4,0,GUROBI,1,18,0,0,0,0,0,0,1,0,0
3,0,Matrix,64,34.357220,34.858125,34.524774,36.629301,37.000000,37.000000,0.208104,0.472959,0.475786,0.478916,9,851,3600.000000,64,4,0,GUROBI,1,18,0,0,0,0,0,0,1,0,0
4,0,Matrix,64,34.289167,34.858125,34.524061,35.608905,37.000000,37.000000,0.140151,0.248518,0.270529,1.128775,1025,8851,3600.000000,64,4,0,GUROBI,1,18,0,0,0,0,0,0,1,0,0
