instanceIndex,seedIndex,vpcGenerator,terms,lpBound,disjunctiveDualBound,lpBoundPostVpc,rootDualBound,dualBound,primalBound,vpcGenerationTime,rootDualBoundTime,bestSolutionTime,terminationTime,nodes,iterations,maxTime,actualTerms,numCuts,cutLimit,mipSolver,providePrimalBound,infeasibleTerms,feasibleToInfeasibleTerms,infeasibleToFeasibleTerms,termRemainsFeasibleBasisInfeasible,cutsChangedCoefficients,feasibleTermsPrunedByBound,tighten_disjunction,tighten_matrix_perturbation,tighten_infeasible_to_feasible_term,tighten_feasible_to_infeasible_basis
0,0,None,64,60224.082818,60224.082818,60224.082818,64729.867753,64825.275538,64829.590000,0.000002,1.209748,2.927157,2.927531,228,8384,3600.000000,0,0,0,GUROBI,1,0,0,0,0,0,0,0,0,0,0
1,0,None,64,60272.135089,60272.135089,60272.135089,64766.287663,64858.998188,64864.920000,0.000002,1.325188,2.243808,2.317068,141,5534,3600.000000,0,0,0,GUROBI,1,0,0,0,0,0,0,0,0,0,0
2,0,None,64,60497.415884,60497.415884,60497.415884,67169.879376,67301.174000,67301.174000,0.000003,1.851852,7.184107,7.185264,529,23747,3600.000000,0,0,0,GUROBI,1,0,0,0,0,0,0,0,0,0,0
3,0,None,64,60224.082818,60224.082818,60224.082818,64724.419158,64823.684481,64829.590000,0.000002,1.221680,2.035022,2.300661,132,5613,3600.000000,0,0,0,GUROBI,1,0,0,0,0,0,0,0,0,0,0
4,0,None,64,60287.081475,60287.081475,60287.081475,66976.257450,67114.373794,67120.672000,0.000002,1.816025,4.232183,4.255554,278,11535,3600.000000,0,0,0,GUROBI,1,0,0,0,0,0,0,0,0,0,0
5,0,None,64,60261.390717,60261.390717,60261.390717,67203.885626,67320.316925,67323.106000,0.000003,1.994278,3.407305,3.614739,180,9382,3600.000000,0,0,0,GUROBI,1,0,0,0,0,0,0,0,0,0,0
