instanceIndex,seedIndex,vpcGenerator,terms,lpBound,disjunctiveDualBound,lpBoundPostVpc,rootDualBound,dualBound,primalBound,vpcGenerationTime,rootDualBoundTime,bestSolutionTime,terminationTime,nodes,iterations,maxTime,actualTerms,numCuts,cutLimit,mipSolver,providePrimalBound,infeasibleTerms,feasibleToInfeasibleTerms,infeasibleToFeasibleTerms,termRemainsFeasibleBasisInfeasible,cutsChangedCoefficients,feasibleTermsPrunedByBound,tighten_disjunction,tighten_matrix_perturbation,tighten_infeasible_to_feasible_term,tighten_feasible_to_infeasible_basis
0,0,New,4,-17360.166667,-17115.166667,-17336.393939,-17049.898204,-17041.000000,-17041.000000,1.215855,1.760925,1.764633,1.766572,1,1884,3600.000000,4,6,175,GUROBI,1,0,0,0,0,0,0,0,0,0,0
1,0,NoDisjunction,4,-17326.375000,-17086.833333,-17303.011364,-17022.448782,-17021.000000,-17021.000000,0.038184,0.582311,0.585277,0.587215,1,1924,3600.000000,4,6,0,GUROBI,1,0,0,0,0,0,0,0,1,1,1
2,0,NoDisjunction,4,-17339.000000,-17098.000000,-17315.500000,-17031.727273,-17024.000000,-17024.000000,0.038503,0.633232,0.637221,0.639104,1,1981,3600.000000,4,6,0,GUROBI,1,0,0,0,0,0,0,0,1,1,1
3,0,NoDisjunction,4,-17383.000000,-17137.000000,-17358.565657,-17072.462259,-17070.000000,-17070.000000,0.038377,0.581770,0.584714,0.586658,1,2010,3600.000000,4,6,0,GUROBI,1,0,0,0,0,0,0,0,1,1,1
4,0,NoDisjunction,4,-17345.333333,-17105.333333,-17322.083333,-17029.875000,-17026.000000,-17026.000000,0.038714,0.559738,0.562496,0.564462,1,1876,3600.000000,4,6,0,GUROBI,1,0,0,0,0,0,0,0,1,1,1
