instanceIndex,seedIndex,vpcGenerator,terms,lpBound,disjunctiveDualBound,lpBoundPostVpc,rootDualBound,dualBound,primalBound,vpcGenerationTime,rootDualBoundTime,bestSolutionTime,terminationTime,nodes,iterations,maxTime,actualTerms,numCuts,cutLimit,mipSolver,providePrimalBound,infeasibleTerms,feasibleToInfeasibleTerms,infeasibleToFeasibleTerms,termRemainsFeasibleBasisInfeasible,cutsChangedCoefficients,feasibleTermsPrunedByBound,tighten_disjunction,tighten_matrix_perturbation,tighten_infeasible_to_feasible_term,tighten_feasible_to_infeasible_basis
0,0,New,64,10.143845,10.781092,10.712823,24.209024,30.369036,33.384730,77.180251,89.506054,3614.327702,3677.182461,16037,3667202,3600.000000,65,33,33,GUROBI,1,52,0,0,0,0,0,0,0,0,0
1,0,Basis,64,11.558055,12.195302,11.917210,24.909893,31.572683,34.798940,2.079666,12.030084,3602.085873,3602.087789,22352,4345167,3600.000000,65,33,0,GUROBI,1,52,0,0,13,0,0,0,0,0,1
2,0,Basis,64,11.143845,11.781092,11.712823,25.885492,30.132102,34.384730,1.966760,15.953245,3601.974653,3601.975693,47539,7563155,3600.000000,65,33,0,GUROBI,1,52,0,0,13,0,0,0,0,0,1
3,0,Basis,64,10.143845,10.781092,10.712823,24.277719,30.274363,33.384730,1.939080,22.578571,3601.941559,3601.942631,15389,3449756,3600.000000,65,33,0,GUROBI,1,52,0,0,0,0,0,0,0,0,1
4,0,Basis,64,11.558055,12.195302,12.127033,25.903904,31.840016,34.798940,1.945395,17.581883,3601.946692,3601.947720,22151,4331475,3600.000000,65,33,0,GUROBI,1,52,0,0,13,0,0,0,0,0,1
