instanceIndex,seedIndex,vpcGenerator,terms,lpBound,disjunctiveDualBound,lpBoundPostVpc,rootDualBound,dualBound,primalBound,vpcGenerationTime,rootDualBoundTime,bestSolutionTime,terminationTime,nodes,iterations,maxTime,actualTerms,numCuts,cutLimit,mipSolver,providePrimalBound,infeasibleTerms,feasibleToInfeasibleTerms,infeasibleToFeasibleTerms,termRemainsFeasibleBasisInfeasible,cutsChangedCoefficients,feasibleTermsPrunedByBound,tighten_disjunction,tighten_matrix_perturbation,tighten_infeasible_to_feasible_term,tighten_feasible_to_infeasible_basis
0,0,New,4,36590350.000000,36590350.000000,36590350.000000,42976300.000000,44265395.548670,44269807.528174,0.959992,1.382179,4.197474,114.973034,44458,477975,3600.000000,4,31,71,GUROBI,1,0,0,0,0,0,0,0,0,0,0
1,0,Term,4,150763775.000000,150763775.000000,150763775.000000,150763775.000000,150763775.000000,150763775.000000,0.056407,0.056407,0.056407,0.124421,1,56,3600.000000,4,31,0,GUROBI,1,0,0,0,4,28,0,0,0,1,0
2,0,Term,4,152013400.000000,152013400.000000,152013400.000000,152013400.000000,152013400.000000,152013400.000000,0.054794,0.054794,0.054794,0.144814,1,105,3600.000000,4,31,0,GUROBI,1,0,0,0,4,31,0,0,0,1,0
3,0,Term,4,146280225.000000,146280225.000000,146280225.000000,146280225.000000,146280225.000000,146280225.000000,0.078362,0.078362,0.078362,0.189213,1,79,3600.000000,4,31,0,GUROBI,1,1,1,0,3,29,0,0,0,1,0
4,0,Term,4,153776800.000000,153776800.000000,153776800.000000,153776800.000000,153776800.000000,153776800.000000,0.042078,0.042078,0.042078,0.186894,1,132,3600.000000,4,31,0,GUROBI,1,0,0,0,4,31,0,0,0,1,0
