instanceIndex,seedIndex,vpcGenerator,terms,lpBound,disjunctiveDualBound,lpBoundPostVpc,rootDualBound,dualBound,primalBound,vpcGenerationTime,rootDualBoundTime,bestSolutionTime,terminationTime,nodes,iterations,maxTime,actualTerms,numCuts,cutLimit,mipSolver,providePrimalBound,infeasibleTerms,feasibleToInfeasibleTerms,infeasibleToFeasibleTerms,termRemainsFeasibleBasisInfeasible,cutsChangedCoefficients,feasibleTermsPrunedByBound,tighten_disjunction,tighten_matrix_perturbation,tighten_infeasible_to_feasible_term,tighten_feasible_to_infeasible_basis
0,0,New,64,479.138796,481.351423,479.856747,480.574779,492.468064,492.514432,43.125935,45.526577,80.945379,92.491637,11580,270246,3600.000000,64,22,22,GUROBI,1,14,0,0,0,0,0,0,0,0,0
1,0,Disjunction,64,479.138796,481.351423,479.856747,480.463192,492.472813,492.514419,0.805206,2.885062,31.728821,35.090224,8192,181228,3600.000000,64,22,0,GUROBI,1,14,0,0,1,0,0,1,0,0,0
2,0,Disjunction,64,478.920019,481.182383,479.639147,480.379896,492.171794,492.217777,1.318230,4.653316,44.492529,46.002876,10345,235440,3600.000000,64,22,0,GUROBI,1,14,0,0,1,0,0,1,0,0,0
3,0,Disjunction,64,333.286845,334.025448,333.286845,335.623777,347.550770,347.584639,1.894322,4.982744,27.076357,32.284174,5970,128366,3600.000000,64,22,0,GUROBI,1,14,0,0,1,0,0,1,0,0,0
4,0,Disjunction,64,229.139943,231.475354,229.856747,230.770985,242.501870,242.514448,1.618909,3.743948,26.374726,26.375175,5747,121137,3600.000000,64,22,0,GUROBI,1,14,0,0,1,0,0,1,0,0,0
5,0,Disjunction,64,486.286245,487.405355,486.286245,488.115464,498.525377,498.574972,2.587401,4.864215,7.905443,7.933429,1170,17958,3600.000000,64,22,0,GUROBI,1,14,0,0,1,0,0,1,0,0,0
6,0,Disjunction,64,476.382824,478.694005,477.126273,477.941182,490.125650,490.174449,1.456143,4.154323,35.452600,37.977393,8439,188500,3600.000000,64,22,0,GUROBI,1,14,0,0,1,0,0,1,0,0,0
7,0,Disjunction,64,479.693276,481.974615,480.297596,481.697242,494.708560,494.736544,2.048401,4.279193,14.909511,14.909948,2199,46789,3600.000000,64,22,0,GUROBI,1,14,0,0,1,0,0,1,0,0,0
8,0,Disjunction,64,562.048532,562.335977,562.048532,568.587395,580.904829,580.941234,3.763285,7.713519,8.532559,9.937251,826,12177,3600.000000,64,22,0,GUROBI,1,14,0,0,1,0,0,1,0,0,0
