instanceIndex,seedIndex,vpcGenerator,terms,lpBound,disjunctiveDualBound,lpBoundPostVpc,rootDualBound,dualBound,primalBound,vpcGenerationTime,rootDualBoundTime,bestSolutionTime,terminationTime,nodes,iterations,maxTime,actualTerms,numCuts,cutLimit,mipSolver,providePrimalBound,infeasibleTerms,feasibleToInfeasibleTerms,infeasibleToFeasibleTerms,termRemainsFeasibleBasisInfeasible,cutsChangedCoefficients,feasibleTermsPrunedByBound,tighten_disjunction,tighten_matrix_perturbation,tighten_infeasible_to_feasible_term,tighten_feasible_to_infeasible_basis
0,0,New,4,342.576816,357.149680,355.235959,382.452545,454.200000,454.200000,5.200543,6.041101,6.364408,9.811849,770,8087,3600.000000,16,33,80,GUROBI,1,12,0,0,0,0,0,0,0,0,0
1,0,Basis,4,342.780986,357.394125,343.705698,391.140756,452.000000,452.000000,0.232989,2.819472,4.252783,17.586295,2810,31024,3600.000000,16,33,0,GUROBI,1,11,1,2,3,19,0,0,0,0,1
2,0,Basis,4,342.576816,357.030054,352.619250,382.452545,445.900000,445.900000,0.621432,1.838852,3.292069,6.050753,739,8379,3600.000000,16,33,0,GUROBI,1,12,0,0,2,29,0,0,0,0,1
3,0,Basis,4,342.576816,357.149680,355.235959,382.452545,454.200000,454.200000,0.096504,1.663758,2.136359,7.253779,948,11340,3600.000000,16,33,0,GUROBI,1,12,0,0,0,0,0,0,0,0,1
4,0,Basis,4,342.576816,357.030054,352.619250,382.452545,445.900000,445.900000,0.696989,2.035406,2.919860,5.903551,652,7330,3600.000000,16,33,0,GUROBI,1,12,0,0,2,29,0,0,0,0,1
