instanceIndex,seedIndex,vpcGenerator,terms,lpBound,disjunctiveDualBound,lpBoundPostVpc,rootDualBound,dualBound,primalBound,vpcGenerationTime,rootDualBoundTime,bestSolutionTime,terminationTime,nodes,iterations,maxTime,actualTerms,numCuts,cutLimit,mipSolver,providePrimalBound,infeasibleTerms,feasibleToInfeasibleTerms,infeasibleToFeasibleTerms,termRemainsFeasibleBasisInfeasible,cutsChangedCoefficients,feasibleTermsPrunedByBound,tighten_disjunction,tighten_matrix_perturbation,tighten_infeasible_to_feasible_term,tighten_feasible_to_infeasible_basis
0,0,New,64,6519541.944917,6528425.806386,6519541.944917,11478194.540867,11490666.666274,11490666.666634,9.105151,9.637183,13.964908,30.585006,10229,247872,3600.000000,64,2,202,GUROBI,1,37,0,0,0,0,0,0,0,0,0
1,0,Basis,64,6463828.376967,6476732.767357,6463892.715860,11391569.742952,11396171.372299,11397144.586134,1.077667,1.536055,3483.186450,3601.079560,688045,27330578,3600.000000,64,2,0,GUROBI,1,37,0,0,0,0,0,0,0,0,1
2,0,Basis,64,6440505.921528,6450937.613401,6440507.897008,11388221.667480,11392693.965823,11393016.332975,0.811957,1.385656,162.779874,162.792270,38155,1392368,3600.000000,64,2,0,GUROBI,1,37,0,0,0,0,0,0,0,0,1
3,0,Basis,64,6508689.639703,6517179.781772,6508734.731005,11474321.217022,11479696.182090,11480239.344941,0.688881,1.203842,379.520669,379.521004,159466,4044540,3600.000000,64,2,0,GUROBI,1,37,0,0,0,0,0,0,0,0,1
4,0,Basis,64,6513217.611583,6522266.922838,6513217.611583,11477923.999639,11482423.999708,11482505.999607,0.535889,1.093254,59.536027,59.536237,28511,724569,3600.000000,64,2,0,GUROBI,1,37,0,0,0,0,0,0,0,0,1
