instanceIndex,seedIndex,vpcGenerator,terms,lpBound,disjunctiveDualBound,lpBoundPostVpc,rootDualBound,dualBound,primalBound,vpcGenerationTime,rootDualBoundTime,bestSolutionTime,terminationTime,nodes,iterations,maxTime,actualTerms,numCuts,cutLimit,mipSolver,providePrimalBound,infeasibleTerms,feasibleToInfeasibleTerms,infeasibleToFeasibleTerms,termRemainsFeasibleBasisInfeasible,cutsChangedCoefficients,feasibleTermsPrunedByBound,tighten_disjunction,tighten_matrix_perturbation,tighten_infeasible_to_feasible_term,tighten_feasible_to_infeasible_basis
0,0,New,64,6290575.552807,6292070.197386,6292070.197386,6304425.697564,6307859.487796,6307995.999263,152.944470,153.225999,156.993996,156.994156,948,16186,3600.000000,191,29,29,GUROBI,1,184,0,0,0,0,0,0,0,0,0
1,0,NoDisjunction,64,3948251.273581,3948251.273581,3948251.273581,3955346.182073,4127829.620735,4128242.000000,9.249064,9.568441,143.643868,158.375363,79466,1547640,3600.000000,191,29,0,GUROBI,1,171,0,13,7,29,0,0,1,1,1
2,0,NoDisjunction,64,4226103.039094,4226103.039094,4226103.039094,4242894.958613,4346584.659243,4346915.000000,7.232965,7.566265,17.257148,17.415521,4710,76836,3600.000000,191,29,0,GUROBI,1,184,0,0,7,29,0,0,1,1,1
3,0,NoDisjunction,64,4413905.524037,4414381.287936,4413905.524037,4452781.156886,4552477.183577,4552930.000000,8.898767,9.359311,103.685490,108.578215,26320,590689,3600.000000,191,29,0,GUROBI,1,180,0,4,7,29,0,0,1,1,1
4,0,NoDisjunction,64,4210905.701524,4210905.701524,4210905.701524,4233555.975228,4308263.988089,4308686.000000,12.416224,12.816911,33.152091,34.774152,7320,133794,3600.000000,191,29,0,GUROBI,1,177,0,7,7,29,0,0,1,1,1
5,0,NoDisjunction,64,3269030.994383,3269030.994383,3269030.994383,3308421.127416,3431077.177907,3431345.000000,13.618416,14.291300,43.844971,48.068366,9321,235897,3600.000000,191,29,0,GUROBI,1,169,0,15,7,29,0,0,1,1,1
