instanceIndex,seedIndex,vpcGenerator,terms,lpBound,disjunctiveDualBound,lpBoundPostVpc,rootDualBound,dualBound,primalBound,vpcGenerationTime,rootDualBoundTime,bestSolutionTime,terminationTime,nodes,iterations,maxTime,actualTerms,numCuts,cutLimit,mipSolver,providePrimalBound,infeasibleTerms,feasibleToInfeasibleTerms,infeasibleToFeasibleTerms,termRemainsFeasibleBasisInfeasible,cutsChangedCoefficients,feasibleTermsPrunedByBound,tighten_disjunction,tighten_matrix_perturbation,tighten_infeasible_to_feasible_term,tighten_feasible_to_infeasible_basis
0,0,New,4,8.333333,9.333333,8.750000,13.004587,16.000000,16.000000,1.862048,2.636630,2.771796,7.718650,1633,40942,3600.000000,4,3,571,GUROBI,1,0,0,0,0,0,0,0,0,0,0
1,0,Basis,4,8.333333,9.333333,8.750000,13.632607,16.000000,16.000000,0.286205,1.145246,1.435620,7.842118,2099,50247,3600.000000,4,3,0,GUROBI,1,0,0,0,0,0,0,0,0,0,1
2,0,Basis,4,8.083333,9.083333,8.500000,12.950000,15.750000,15.750000,0.062246,1.559281,1.808222,16.698879,4151,105247,3600.000000,4,3,0,GUROBI,1,0,0,0,0,0,0,0,0,0,1
3,0,Basis,4,8.083333,9.083333,8.500000,12.867647,15.750000,15.750000,0.061284,0.918579,1.217923,32.161507,5741,162106,3600.000000,4,3,0,GUROBI,1,0,0,0,0,0,0,0,0,0,1
4,0,Basis,4,8.083333,9.083333,8.500000,12.896154,15.750000,15.750000,0.061618,1.070510,1.483888,16.730386,4843,119938,3600.000000,4,3,0,GUROBI,1,0,0,0,0,0,0,0,0,0,1
