instanceIndex,seedIndex,vpcGenerator,terms,lpBound,disjunctiveDualBound,lpBoundPostVpc,rootDualBound,dualBound,primalBound,vpcGenerationTime,rootDualBoundTime,bestSolutionTime,terminationTime,nodes,iterations,maxTime,actualTerms,numCuts,cutLimit,mipSolver,providePrimalBound,infeasibleTerms,feasibleToInfeasibleTerms,infeasibleToFeasibleTerms,termRemainsFeasibleBasisInfeasible,cutsChangedCoefficients,feasibleTermsPrunedByBound,tighten_disjunction,tighten_matrix_perturbation,tighten_infeasible_to_feasible_term,tighten_feasible_to_infeasible_basis
0,0,New,64,-18525.765543,-18393.769495,-18401.055526,-17891.615496,-17380.000000,-17380.000000,51086.050184,51096.965632,51201.461671,51201.462464,1410,238085,3600.000000,71,58,857,GUROBI,1,62,0,0,0,0,0,0,0,0,0
1,0,Disjunction,64,-18485.073651,-18356.433106,-18365.808234,-17843.988082,-17346.000000,-17346.000000,77.990636,89.368978,162.133736,162.134656,1093,190211,3600.000000,71,58,0,GUROBI,1,62,0,0,0,0,0,1,0,0,0
2,0,Disjunction,64,-18519.454796,-18385.039171,-18393.995464,-17861.604522,-17358.000000,-17358.000000,46.783896,57.981157,624.130673,624.134775,8775,1580087,3600.000000,71,58,0,GUROBI,1,62,0,0,0,0,0,1,0,0,0
3,0,Disjunction,64,-18534.321000,-18401.817968,-18412.636321,-17902.336124,-17422.000000,-17422.000000,70.046219,80.706660,221.068292,221.069209,1765,325216,3600.000000,71,58,0,GUROBI,1,62,0,0,0,0,0,1,0,0,0
4,0,Disjunction,64,-18495.980598,-18364.516648,-18375.135891,-17836.162738,-17342.000000,-17341.000000,65.266795,75.540265,265.616714,265.617645,2313,421211,3600.000000,71,58,0,GUROBI,1,62,0,0,0,0,0,1,0,0,0
