instanceIndex,seedIndex,vpcGenerator,terms,lpBound,disjunctiveDualBound,lpBoundPostVpc,rootDualBound,dualBound,primalBound,vpcGenerationTime,rootDualBoundTime,bestSolutionTime,terminationTime,nodes,iterations,maxTime,actualTerms,numCuts,cutLimit,mipSolver,providePrimalBound,infeasibleTerms,feasibleToInfeasibleTerms,infeasibleToFeasibleTerms,termRemainsFeasibleBasisInfeasible,cutsChangedCoefficients,feasibleTermsPrunedByBound,tighten_disjunction,tighten_matrix_perturbation,tighten_infeasible_to_feasible_term,tighten_feasible_to_infeasible_basis
0,0,New,4,13.000000,13.166667,13.166667,13.333333,15.000000,15.000000,1.484015,1.634360,1.785353,158.723697,158155,2338937,3600.000000,4,20,35,GUROBI,1,0,0,0,0,0,0,0,0,0,0
1,0,Term,4,13.000000,13.166667,13.153761,13.295713,15.000000,15.000000,0.012137,0.236468,0.376712,240.118872,260651,3764489,3600.000000,4,20,0,GUROBI,1,0,0,0,0,14,0,0,0,1,0
2,0,Term,4,13.000000,13.166667,13.166667,13.333333,14.999274,15.000000,0.010589,0.143579,597.567209,597.567352,587361,7634883,3600.000000,4,20,0,GUROBI,1,0,0,0,0,11,0,0,0,1,0
3,0,Term,4,13.000000,13.166667,13.166667,13.333333,15.000000,15.000000,0.009792,0.160372,0.308346,157.166928,158155,2338937,3600.000000,4,20,0,GUROBI,1,0,0,0,0,0,0,0,0,1,0
4,0,Term,4,13.000000,13.166667,13.166667,13.333333,15.000000,15.000000,0.009754,0.166190,0.314572,157.256446,158155,2338937,3600.000000,4,20,0,GUROBI,1,0,0,0,0,0,0,0,0,1,0
