instanceIndex,seedIndex,vpcGenerator,terms,lpBound,disjunctiveDualBound,lpBoundPostVpc,rootDualBound,dualBound,primalBound,vpcGenerationTime,rootDualBoundTime,bestSolutionTime,terminationTime,nodes,iterations,maxTime,actualTerms,numCuts,cutLimit,mipSolver,providePrimalBound,infeasibleTerms,feasibleToInfeasibleTerms,infeasibleToFeasibleTerms,termRemainsFeasibleBasisInfeasible,cutsChangedCoefficients,feasibleTermsPrunedByBound,tighten_disjunction,tighten_matrix_perturbation,tighten_infeasible_to_feasible_term,tighten_feasible_to_infeasible_basis
0,0,New,4,479.138796,479.785975,479.447834,480.295473,492.469923,492.514432,3.025433,5.717615,33.197337,36.865132,7949,175279,3600.000000,4,22,22,GUROBI,1,0,0,0,0,0,0,0,0,0,0
1,0,Farkas,4,479.138796,479.785975,479.447834,480.533487,492.465290,492.514419,0.048324,3.041823,26.806817,33.983322,7606,157385,3600.000000,4,22,0,GUROBI,1,0,0,0,0,0,0,0,0,0,0
2,0,Farkas,4,478.920019,479.569309,479.231167,480.391884,492.174290,492.217777,0.050669,2.486466,27.874051,33.592843,7449,159967,3600.000000,4,22,0,GUROBI,1,0,0,0,0,0,0,0,0,0,0
3,0,Farkas,4,333.286845,333.750403,333.298538,334.307872,347.582484,347.584639,0.128647,2.100397,45.053148,45.112130,13176,218556,3600.000000,4,22,0,GUROBI,1,0,0,0,0,0,0,0,0,0,0
4,0,Farkas,4,229.139943,229.806756,229.449539,230.438711,242.494310,242.514448,0.070770,1.483311,22.559341,22.559660,5607,109673,3600.000000,4,22,0,GUROBI,1,0,0,0,0,0,0,0,0,0,0
5,0,Farkas,4,486.286245,486.756793,486.286245,488.115464,498.574972,498.574972,0.126702,2.377148,6.355760,6.611772,971,15433,3600.000000,4,22,0,GUROBI,1,0,0,0,0,0,0,0,0,0,0
6,0,Farkas,4,476.382824,477.138558,476.778073,477.763763,490.126773,490.174449,0.056822,3.397772,36.081136,36.230473,7720,180598,3600.000000,4,22,0,GUROBI,1,0,0,0,0,0,0,0,0,0,0
7,0,Farkas,4,479.693276,480.112186,479.989019,481.553525,494.736545,494.736544,0.091788,2.645041,19.174521,19.174811,2684,62417,3600.000000,4,22,0,GUROBI,1,0,0,0,0,0,0,0,0,0,0
8,0,Farkas,4,562.048532,562.048532,562.048532,568.714902,580.898554,580.941234,0.213428,4.671134,7.514435,7.514708,1135,15540,3600.000000,4,22,0,GUROBI,1,0,0,0,0,0,0,0,0,0,0
