instanceIndex,seedIndex,vpcGenerator,terms,lpBound,disjunctiveDualBound,lpBoundPostVpc,rootDualBound,dualBound,primalBound,vpcGenerationTime,rootDualBoundTime,bestSolutionTime,terminationTime,nodes,iterations,maxTime,actualTerms,numCuts,cutLimit,mipSolver,providePrimalBound,infeasibleTerms,feasibleToInfeasibleTerms,infeasibleToFeasibleTerms,termRemainsFeasibleBasisInfeasible,cutsChangedCoefficients,feasibleTermsPrunedByBound,tighten_disjunction,tighten_matrix_perturbation,tighten_infeasible_to_feasible_term,tighten_feasible_to_infeasible_basis
0,0,None,4,1286800.000000,1286800.000000,1286800.000000,1286800.000000,1286800.000000,1286800.000000,0.000002,0.000002,0.000002,0.281379,1,5588,3600.000000,0,0,0,GUROBI,1,0,0,0,0,0,0,0,0,0,0
1,0,None,4,1286800.000000,1286800.000000,1286800.000000,1286800.000000,1286800.000000,1286800.000000,0.000002,0.000002,0.000002,0.249087,1,4967,3600.000000,0,0,0,GUROBI,1,0,0,0,0,0,0,0,0,0,0
2,0,None,4,1332000.000000,1332000.000000,1332000.000000,1512800.000000,1512800.000000,1512800.000000,0.000003,0.000003,0.000003,0.289799,1,5188,3600.000000,0,0,0,GUROBI,1,0,0,0,0,0,0,0,0,0,0
3,0,None,4,1286800.000000,1286800.000000,1286800.000000,1286800.000000,1286800.000000,1286800.000000,0.000004,0.000004,0.000004,0.280222,1,5238,3600.000000,0,0,0,GUROBI,1,0,0,0,0,0,0,0,0,0,0
