instanceIndex,seedIndex,vpcGenerator,terms,lpBound,disjunctiveDualBound,lpBoundPostVpc,rootDualBound,dualBound,primalBound,vpcGenerationTime,rootDualBoundTime,bestSolutionTime,terminationTime,nodes,iterations,maxTime,actualTerms,numCuts,cutLimit,mipSolver,providePrimalBound,infeasibleTerms,feasibleToInfeasibleTerms,infeasibleToFeasibleTerms,termRemainsFeasibleBasisInfeasible,cutsChangedCoefficients,feasibleTermsPrunedByBound,tighten_disjunction,tighten_matrix_perturbation,tighten_infeasible_to_feasible_term,tighten_feasible_to_infeasible_basis
0,0,New,4,5136.205301,5441.169355,5333.672787,5397.103067,6730.000000,6730.000000,204.592247,208.081564,273.816510,310.232911,7714,199504,3600.000000,4,96,96,GUROBI,1,0,0,0,0,0,0,0,0,0,0
1,0,Basis,4,5104.401581,5343.454964,5126.222065,5487.485479,7660.000000,7900.000000,0.421513,4.054964,3479.752301,3600.429919,355029,9252661,3600.000000,4,96,0,GUROBI,1,0,0,0,4,96,0,0,0,0,1
2,0,Basis,4,5285.478063,5367.436534,5287.112058,5600.893676,6740.000000,6740.000000,0.402401,4.082292,63.881907,70.855094,3877,97054,3600.000000,4,96,0,GUROBI,1,0,0,0,4,96,0,0,0,0,1
3,0,Basis,4,5095.717877,5368.058189,5096.039453,5485.892103,6730.000000,6730.000000,0.381250,3.918371,55.996318,57.403185,2375,59919,3600.000000,4,96,0,GUROBI,1,0,0,0,4,96,0,0,0,0,1
4,0,Basis,4,4995.947872,5253.585680,5012.534358,5356.418309,6860.000000,6860.000000,0.355165,4.051653,122.298672,122.299409,6996,161740,3600.000000,4,96,0,GUROBI,1,0,0,0,4,96,0,0,0,0,1
5,0,Basis,4,4800.450111,5114.900573,4822.575853,5451.575041,7190.000000,7190.000000,0.382759,4.354951,315.058811,452.600563,21356,480782,3600.000000,4,96,0,GUROBI,1,0,0,0,4,96,0,0,0,0,1
