instanceIndex,seedIndex,vpcGenerator,terms,lpBound,disjunctiveDualBound,lpBoundPostVpc,rootDualBound,dualBound,primalBound,vpcGenerationTime,rootDualBoundTime,bestSolutionTime,terminationTime,nodes,iterations,maxTime,actualTerms,numCuts,cutLimit,mipSolver,providePrimalBound,infeasibleTerms,feasibleToInfeasibleTerms,infeasibleToFeasibleTerms,termRemainsFeasibleBasisInfeasible,cutsChangedCoefficients,feasibleTermsPrunedByBound,tighten_disjunction,tighten_matrix_perturbation,tighten_infeasible_to_feasible_term,tighten_feasible_to_infeasible_basis
0,0,New,4,60224.082818,60326.823134,60324.687590,64730.257179,64826.091544,64829.590000,3.868562,5.289446,6.775888,7.108130,309,8481,3600.000000,4,10,47,GUROBI,1,0,0,0,0,0,0,0,0,0,0
1,0,Term,4,59682.564043,59785.239204,59785.239204,64401.051381,64507.249605,64507.817500,0.068190,1.506547,3.503594,3.623443,323,10443,3600.000000,4,10,0,GUROBI,1,0,0,0,0,0,0,0,0,1,0
2,0,Term,4,58602.883026,58669.969241,58646.996438,63575.334312,63633.104841,63638.420000,0.076492,2.249716,3.502657,3.711454,78,8457,3600.000000,4,10,0,GUROBI,1,0,0,0,0,0,0,0,0,1,0
3,0,Term,4,59586.318508,59710.993279,59648.884979,64440.233259,64546.758168,64552.920000,0.079793,2.107518,5.016853,5.038568,289,15351,3600.000000,4,10,0,GUROBI,1,0,0,0,0,0,0,0,0,1,0
4,0,Term,4,59275.761608,59327.980261,59327.729923,64201.629185,64222.460510,64228.360000,0.079096,2.351713,3.685796,3.826962,115,7089,3600.000000,4,10,0,GUROBI,1,0,0,0,0,0,0,0,0,1,0
5,0,Term,4,59578.121530,59692.990965,59675.161556,64463.863693,64591.547043,64597.158000,0.080293,2.079114,6.788540,6.801791,549,21553,3600.000000,4,10,0,GUROBI,1,0,0,0,0,0,0,0,0,1,0
