instanceIndex,seedIndex,vpcGenerator,terms,lpBound,disjunctiveDualBound,lpBoundPostVpc,rootDualBound,dualBound,primalBound,vpcGenerationTime,rootDualBoundTime,bestSolutionTime,terminationTime,nodes,iterations,maxTime,actualTerms,numCuts,cutLimit,mipSolver,providePrimalBound,infeasibleTerms,feasibleToInfeasibleTerms,infeasibleToFeasibleTerms,termRemainsFeasibleBasisInfeasible,cutsChangedCoefficients,feasibleTermsPrunedByBound,tighten_disjunction,tighten_matrix_perturbation,tighten_infeasible_to_feasible_term,tighten_feasible_to_infeasible_basis
0,0,None,4,3175561447.505317,3175561447.505317,3175561447.505317,3179698976.999958,3179698976.999958,3179698977.000000,0.000024,0.005101,0.000024,0.005480,1,24,3600.000000,0,0,0,GUROBI,1,0,0,0,0,0,0,0,0,0,0
1,0,None,4,2180595939.649474,2180595939.649474,2180595939.649474,2373316513.176393,2394350689.999610,2394356666.999590,0.000024,0.025288,0.195184,0.195256,1250,1353,3600.000000,0,0,0,GUROBI,1,0,0,0,0,0,0,0,0,0,0
2,0,None,4,3034206730.252659,3034206730.252659,3034206730.252659,3038775494.999954,3038775494.999954,3038775495.000000,0.000002,0.008494,0.000002,0.009135,1,29,3600.000000,0,0,0,GUROBI,1,0,0,0,0,0,0,0,0,0,0
3,0,None,4,2592345066.500000,2592345066.500000,2592345066.500000,2592407336.000000,2592422373.000000,2592435608.000000,0.000003,0.007946,0.000003,0.008299,1,27,3600.000000,0,0,0,GUROBI,1,0,0,0,0,0,0,0,0,0,0
4,0,None,4,1805560178.954381,1805560178.954381,1805560178.954381,1850747194.000000,1850748740.000000,1850748740.000000,0.000003,0.012654,0.012923,0.013285,1,29,3600.000000,0,0,0,GUROBI,1,0,0,0,0,0,0,0,0,0,0
