instanceIndex,seedIndex,vpcGenerator,terms,lpBound,disjunctiveDualBound,lpBoundPostVpc,rootDualBound,dualBound,primalBound,vpcGenerationTime,rootDualBoundTime,bestSolutionTime,terminationTime,nodes,iterations,maxTime,actualTerms,numCuts,cutLimit,mipSolver,providePrimalBound,infeasibleTerms,feasibleToInfeasibleTerms,infeasibleToFeasibleTerms,termRemainsFeasibleBasisInfeasible,cutsChangedCoefficients,feasibleTermsPrunedByBound,tighten_disjunction,tighten_matrix_perturbation,tighten_infeasible_to_feasible_term,tighten_feasible_to_infeasible_basis
0,0,New,4,954341.026667,954391.090159,954348.229054,969372.500564,987852.557982,988585.620000,1.636171,8.906688,81.732019,3601.642876,451640,4803928,3600.000000,4,11,152,GUROBI,1,0,0,0,0,0,0,0,0,0,0
1,0,Term,4,616113.652948,616345.958504,616113.652948,699355.660259,700386.598264,700424.860000,0.306989,1.006738,1.463454,2.752122,517,3562,3600.000000,4,11,0,GUROBI,1,1,1,0,3,11,0,0,0,1,0
2,0,Term,4,743582.480076,743598.952039,743582.480076,785532.906470,793416.804195,793495.860000,0.232630,1.652284,22.539431,29.246905,2329,27639,3600.000000,4,11,0,GUROBI,1,0,0,0,4,11,0,0,0,1,0
3,0,Term,4,694447.231167,694447.233355,694447.231167,761408.170604,761806.728124,761879.735000,0.294679,1.575149,1.920636,1.928275,65,2254,3600.000000,4,11,0,GUROBI,1,0,0,0,4,11,0,0,0,1,0
4,0,Term,4,750384.699120,750397.110108,750384.699120,813191.789741,814855.879783,814937.240000,0.268652,2.022095,6.714281,15.155159,2437,26221,3600.000000,4,11,0,GUROBI,1,0,0,0,4,11,0,0,0,1,0
