instanceIndex,seedIndex,vpcGenerator,terms,lpBound,disjunctiveDualBound,lpBoundPostVpc,rootDualBound,dualBound,primalBound,vpcGenerationTime,rootDualBoundTime,bestSolutionTime,terminationTime,nodes,iterations,maxTime,actualTerms,numCuts,cutLimit,mipSolver,providePrimalBound,infeasibleTerms,feasibleToInfeasibleTerms,infeasibleToFeasibleTerms,termRemainsFeasibleBasisInfeasible,cutsChangedCoefficients,feasibleTermsPrunedByBound,tighten_disjunction,tighten_matrix_perturbation,tighten_infeasible_to_feasible_term,tighten_feasible_to_infeasible_basis
0,0,New,64,34.289167,34.858125,34.523154,35.981319,37.000000,37.000000,4.204703,4.942665,4.204703,4.943007,1,633,3600.000000,64,4,25,GUROBI,1,18,0,0,0,0,0,0,0,0,0
1,0,Matrix,64,33.628077,33.675480,33.628077,35.818255,37.000000,37.000000,0.288892,0.587023,0.288892,0.588371,1,371,3600.000000,64,4,0,GUROBI,1,17,2,3,44,4,0,0,1,0,0
2,0,Matrix,64,35.110254,35.242010,35.110254,38.257404,40.000000,40.000000,0.431796,0.657878,0.431796,0.659042,1,251,3600.000000,64,4,0,GUROBI,1,43,27,2,19,4,0,0,1,0,0
3,0,Matrix,64,34.788616,35.273928,34.788616,36.634429,38.000000,38.000000,0.357289,0.736690,0.357289,0.739093,2,438,3600.000000,64,4,0,GUROBI,1,43,25,0,21,4,0,0,1,0,0
4,0,Matrix,64,34.028542,34.206768,34.028542,35.773461,38.000000,38.000000,0.330948,0.835018,0.993885,2.587092,456,5284,3600.000000,64,4,0,GUROBI,1,19,4,3,42,4,0,0,1,0,0
