instanceIndex,seedIndex,vpcGenerator,terms,lpBound,disjunctiveDualBound,lpBoundPostVpc,rootDualBound,dualBound,primalBound,vpcGenerationTime,rootDualBoundTime,bestSolutionTime,terminationTime,nodes,iterations,maxTime,actualTerms,numCuts,cutLimit,mipSolver,providePrimalBound,infeasibleTerms,feasibleToInfeasibleTerms,infeasibleToFeasibleTerms,termRemainsFeasibleBasisInfeasible,cutsChangedCoefficients,feasibleTermsPrunedByBound,tighten_disjunction,tighten_matrix_perturbation,tighten_infeasible_to_feasible_term,tighten_feasible_to_infeasible_basis
0,0,New,64,10.143845,10.781092,10.712823,25.335899,30.379226,33.384730,57.308392,75.245616,3657.327900,3657.328432,15235,4066450,3600.000000,65,33,33,GUROBI,1,52,0,0,0,0,0,0,0,0,0
1,0,NoDisjunction,64,9.102179,9.739425,9.484157,25.048343,30.020454,32.713150,1.677389,17.582865,3500.020338,3601.679213,18305,4526552,3600.000000,65,33,0,GUROBI,1,52,0,0,0,0,0,0,1,1,1
2,0,NoDisjunction,64,7.300254,7.777244,7.300254,22.861821,28.455198,32.634658,2.134042,14.333635,3602.135030,3602.146323,21359,4315714,3600.000000,65,33,0,GUROBI,1,52,0,0,0,0,0,0,1,1,1
3,0,NoDisjunction,64,9.278461,9.915707,9.791249,25.546092,30.557892,33.384730,2.582174,23.708118,3490.404102,3602.584371,18320,4029100,3600.000000,65,33,0,GUROBI,1,52,0,0,0,0,0,0,1,1,1
4,0,NoDisjunction,64,10.143845,10.781092,10.712823,24.306186,30.980958,33.384730,1.489275,15.985437,3601.489886,3601.490309,18741,6073859,3600.000000,65,33,0,GUROBI,1,52,0,0,0,0,0,0,1,1,1
