instanceIndex,seedIndex,vpcGenerator,terms,lpBound,disjunctiveDualBound,lpBoundPostVpc,rootDualBound,dualBound,primalBound,vpcGenerationTime,rootDualBoundTime,bestSolutionTime,terminationTime,nodes,iterations,maxTime,actualTerms,numCuts,cutLimit,mipSolver,providePrimalBound,infeasibleTerms,feasibleToInfeasibleTerms,infeasibleToFeasibleTerms,termRemainsFeasibleBasisInfeasible,cutsChangedCoefficients,feasibleTermsPrunedByBound,tighten_disjunction,tighten_matrix_perturbation,tighten_infeasible_to_feasible_term,tighten_feasible_to_infeasible_basis
0,0,None,4,11.724138,11.724138,11.724138,17.539812,65.660620,65.666667,0.000002,1.853458,82.142794,2982.348522,233765,21662781,3600.000000,0,0,0,GUROBI,1,0,0,0,0,0,0,0,0,0,0
1,0,None,4,11.653017,11.653017,11.653017,58.647301,62.196350,65.666667,0.000003,4.353030,2192.020376,3600.001062,181690,21316172,3600.000000,0,0,0,GUROBI,1,0,0,0,0,0,0,0,0,0,0
2,0,None,4,11.724138,11.724138,11.724138,57.753838,61.217643,65.666667,0.000002,4.668593,1913.820037,3600.001741,173607,20867050,3600.000000,0,0,0,GUROBI,1,0,0,0,0,0,0,0,0,0,0
3,0,None,4,11.632543,11.632543,11.632543,58.126883,61.932656,65.447917,0.000003,4.398351,3552.720316,3600.001090,168030,21316863,3600.000000,0,0,0,GUROBI,1,0,0,0,0,0,0,0,0,0,0
4,0,None,4,11.724138,11.724138,11.724138,57.731524,61.722904,65.666667,0.000002,4.716102,1890.141802,3600.001211,172682,21465759,3600.000000,0,0,0,GUROBI,1,0,0,0,0,0,0,0,0,0,0
5,0,None,4,11.668103,11.668103,11.668103,58.626801,62.289590,65.666667,0.000002,4.343974,3037.559623,3600.001313,166017,21269200,3600.000000,0,0,0,GUROBI,1,0,0,0,0,0,0,0,0,0,0
