instanceIndex,seedIndex,vpcGenerator,terms,lpBound,disjunctiveDualBound,lpBoundPostVpc,rootDualBound,dualBound,primalBound,vpcGenerationTime,rootDualBoundTime,bestSolutionTime,terminationTime,nodes,iterations,maxTime,actualTerms,numCuts,cutLimit,mipSolver,providePrimalBound,infeasibleTerms,feasibleToInfeasibleTerms,infeasibleToFeasibleTerms,termRemainsFeasibleBasisInfeasible,cutsChangedCoefficients,feasibleTermsPrunedByBound,tighten_disjunction,tighten_matrix_perturbation,tighten_infeasible_to_feasible_term,tighten_feasible_to_infeasible_basis
0,0,New,4,11.724138,13.500000,13.256339,17.442488,59.630033,65.666667,484.588508,487.553204,2348.081345,4084.589905,303194,26778715,3600.000000,4,44,52,GUROBI,1,0,0,0,0,0,0,0,0,0,0
1,0,NoDisjunction,4,11.692308,13.333333,13.111651,19.321459,67.125000,67.125000,0.460796,2.675858,654.279557,654.279845,409546,10862814,3600.000000,4,44,0,GUROBI,1,0,0,0,3,0,0,0,1,1,1
2,0,NoDisjunction,4,11.769231,13.666667,13.398876,23.516824,66.624230,66.625000,0.023631,1.932261,622.238121,1034.756712,125212,8317211,3600.000000,4,44,0,GUROBI,1,0,0,0,4,0,0,0,1,1,1
3,0,NoDisjunction,4,11.724138,13.500000,13.256339,37.500000,70.250000,70.250000,0.632611,1.463651,6.886013,19.013499,8127,279381,3600.000000,4,44,0,GUROBI,1,0,0,0,3,0,0,0,1,1,1
4,0,NoDisjunction,4,11.724138,13.500000,13.256339,17.675378,66.267399,66.272727,0.161200,2.531502,473.239072,2292.970066,280146,19862396,3600.000000,4,44,0,GUROBI,1,0,0,0,1,0,0,0,1,1,1
5,0,NoDisjunction,4,11.724138,13.500000,13.256339,17.858244,66.400000,66.400000,0.518006,2.826892,592.093030,685.202438,441014,11237022,3600.000000,4,44,0,GUROBI,1,0,0,0,2,0,0,0,1,1,1
