instanceIndex,seedIndex,vpcGenerator,terms,lpBound,disjunctiveDualBound,lpBoundPostVpc,rootDualBound,dualBound,primalBound,vpcGenerationTime,rootDualBoundTime,bestSolutionTime,terminationTime,nodes,iterations,maxTime,actualTerms,numCuts,cutLimit,mipSolver,providePrimalBound,infeasibleTerms,feasibleToInfeasibleTerms,infeasibleToFeasibleTerms,termRemainsFeasibleBasisInfeasible,cutsChangedCoefficients,feasibleTermsPrunedByBound,tighten_disjunction,tighten_matrix_perturbation,tighten_infeasible_to_feasible_term,tighten_feasible_to_infeasible_basis
0,0,New,4,11.724138,13.500000,13.256339,17.638002,63.000000,65.666667,256.731767,260.721343,3279.977471,3856.732674,2150140,55343455,3600.000000,4,46,52,GUROBI,1,0,0,0,0,0,0,0,0,0,0
1,0,Matrix,4,11.653017,13.394531,13.152774,58.714647,62.288866,65.666667,0.108452,2.980377,1391.908208,3600.110951,248312,27634794,3600.000000,4,46,0,GUROBI,1,0,0,0,0,0,0,0,1,0,0
2,0,Matrix,4,11.724138,13.500000,13.256339,57.732266,62.930794,65.666667,0.019653,3.408356,271.085067,3600.020685,256463,31135369,3600.000000,4,46,0,GUROBI,1,0,0,0,0,0,0,0,1,0,0
3,0,Matrix,4,11.632543,13.394531,13.152774,58.141873,61.732853,65.447917,0.018204,3.346580,2072.133210,3600.019063,263143,29562168,3600.000000,4,46,0,GUROBI,1,0,0,0,0,0,0,0,1,0,0
4,0,Matrix,4,11.724138,13.500000,13.256339,57.694969,61.790900,65.666667,0.020631,3.087527,2614.797646,3600.021612,241872,29421440,3600.000000,4,46,0,GUROBI,1,0,0,0,0,0,0,0,1,0,0
5,0,Matrix,4,11.668103,13.394531,13.152774,58.954767,62.163167,65.666667,0.042236,3.067082,2823.207554,3600.044371,275858,31274408,3600.000000,4,46,0,GUROBI,1,0,0,0,0,0,0,0,1,0,0
