instanceIndex,seedIndex,vpcGenerator,terms,lpBound,disjunctiveDualBound,lpBoundPostVpc,rootDualBound,dualBound,primalBound,vpcGenerationTime,rootDualBoundTime,bestSolutionTime,terminationTime,nodes,iterations,maxTime,actualTerms,numCuts,cutLimit,mipSolver,providePrimalBound,infeasibleTerms,feasibleToInfeasibleTerms,infeasibleToFeasibleTerms,termRemainsFeasibleBasisInfeasible,cutsChangedCoefficients,feasibleTermsPrunedByBound,tighten_disjunction,tighten_matrix_perturbation,tighten_infeasible_to_feasible_term,tighten_feasible_to_infeasible_basis
0,0,New,64,11.724138,27.000000,22.861314,22.861314,61.765460,65.666667,3649.151375,3649.718919,7232.559141,7249.152490,480890,27994766,3600.000000,64,5,52,GUROBI,1,17,0,0,0,0,0,0,0,0,0
1,0,NoDisjunction,64,11.892308,20.250000,13.686817,17.295193,61.225135,61.231111,1.928495,3.597735,436.928293,934.631846,127719,8344958,3600.000000,64,5,0,GUROBI,1,17,0,0,47,5,0,0,1,1,1
2,0,NoDisjunction,64,11.896552,20.250000,14.051215,17.517849,64.194070,64.200000,2.699325,3.955331,1474.327661,2161.469556,237653,17228595,3600.000000,64,5,0,GUROBI,1,17,0,0,47,5,0,0,1,1,1
3,0,NoDisjunction,64,11.761905,16.200000,12.050995,16.716565,60.188941,60.194444,2.410677,3.568094,2588.080807,2662.428685,282240,21337484,3600.000000,64,5,0,GUROBI,1,21,4,0,43,5,0,0,1,1,1
4,0,NoDisjunction,64,12.133333,20.250000,13.711784,18.068527,62.621862,62.627907,2.794349,4.974174,496.289149,496.289442,54449,3719773,3600.000000,64,5,0,GUROBI,1,18,1,0,46,5,0,0,1,1,1
5,0,NoDisjunction,64,11.638889,20.250000,14.255126,18.428687,66.257204,66.263158,2.598783,4.734731,3387.807794,3387.808131,353149,21916461,3600.000000,64,5,0,GUROBI,1,19,2,0,45,5,0,0,1,1,1
