instanceIndex,seedIndex,vpcGenerator,terms,lpBound,disjunctiveDualBound,lpBoundPostVpc,rootDualBound,dualBound,primalBound,vpcGenerationTime,rootDualBoundTime,bestSolutionTime,terminationTime,nodes,iterations,maxTime,actualTerms,numCuts,cutLimit,mipSolver,providePrimalBound,infeasibleTerms,feasibleToInfeasibleTerms,infeasibleToFeasibleTerms,termRemainsFeasibleBasisInfeasible,cutsChangedCoefficients,feasibleTermsPrunedByBound,tighten_disjunction,tighten_matrix_perturbation,tighten_infeasible_to_feasible_term,tighten_feasible_to_infeasible_basis
0,0,New,4,11.724138,13.500000,13.256339,17.675550,65.664399,65.666667,254.165366,256.241388,3063.691425,3486.512710,2689178,70674937,3600.000000,4,46,52,GUROBI,1,0,0,0,0,0,0,0,0,0,0
1,0,Farkas,4,11.892308,12.416667,12.005673,17.314291,61.226468,61.231111,0.102807,1.190813,1063.572526,1429.413135,220514,16583548,3600.000000,4,46,0,GUROBI,1,0,0,0,4,46,0,0,0,0,0
2,0,Farkas,4,11.896552,12.894737,12.691719,17.305380,64.194112,64.200000,0.109672,1.004367,2546.621108,2650.274593,415871,25089306,3600.000000,4,46,0,GUROBI,1,0,0,0,4,46,0,0,0,0,0
3,0,Farkas,4,11.761905,11.837209,11.761905,16.870042,60.188907,60.194444,0.088175,0.799129,330.649634,564.653420,91768,6717657,3600.000000,4,46,0,GUROBI,1,0,0,0,4,46,0,0,0,0,0
4,0,Farkas,4,12.133333,12.478261,12.133333,18.017095,62.623868,62.627907,0.097024,1.229213,377.724406,377.724581,50138,3856432,3600.000000,4,46,0,GUROBI,1,0,0,0,4,46,0,0,0,0,0
5,0,Farkas,4,11.638889,12.529412,12.379874,17.956445,66.257364,66.263158,0.092302,1.230810,1882.236601,1882.236757,379706,23284213,3600.000000,4,46,0,GUROBI,1,0,0,0,4,46,0,0,0,0,0
