instanceIndex,seedIndex,vpcGenerator,terms,lpBound,disjunctiveDualBound,lpBoundPostVpc,rootDualBound,dualBound,primalBound,vpcGenerationTime,rootDualBoundTime,bestSolutionTime,terminationTime,nodes,iterations,maxTime,actualTerms,numCuts,cutLimit,mipSolver,providePrimalBound,infeasibleTerms,feasibleToInfeasibleTerms,infeasibleToFeasibleTerms,termRemainsFeasibleBasisInfeasible,cutsChangedCoefficients,feasibleTermsPrunedByBound,tighten_disjunction,tighten_matrix_perturbation,tighten_infeasible_to_feasible_term,tighten_feasible_to_infeasible_basis
0,0,New,64,56.333333,56.833333,56.333333,58.000000,66.000000,66.000000,104.966438,105.730892,111.415168,112.464820,587,26064,3600.000000,64,22,46,GUROBI,1,0,0,0,0,0,0,0,0,0,0
1,0,All,64,55.958333,55.958333,55.958333,64.916667,66.000000,66.000000,1.166896,1.673284,1.166896,1.679533,1,4018,3600.000000,64,22,0,GUROBI,1,0,0,0,64,0,0,1,1,1,1
2,0,All,64,55.833333,56.166667,55.833333,65.000000,66.000000,66.000000,1.206556,1.768692,1.206556,1.774281,1,4466,3600.000000,64,22,0,GUROBI,1,0,0,0,0,0,0,1,1,1,1
3,0,All,64,56.333333,56.833333,56.333333,58.000000,66.000000,66.000000,14.545518,15.152196,19.872199,20.901787,633,22498,3600.000000,64,22,0,GUROBI,1,0,0,0,0,21,0,1,1,1,1
4,0,All,64,56.275641,56.775641,56.275641,58.000000,66.000000,66.000000,1.147748,1.712820,7.934575,7.961162,707,25670,3600.000000,64,22,0,GUROBI,1,0,0,0,0,0,0,1,1,1,1
