instanceIndex,seedIndex,vpcGenerator,terms,lpBound,disjunctiveDualBound,lpBoundPostVpc,rootDualBound,dualBound,primalBound,vpcGenerationTime,rootDualBoundTime,bestSolutionTime,terminationTime,nodes,iterations,maxTime,actualTerms,numCuts,cutLimit,mipSolver,providePrimalBound,infeasibleTerms,feasibleToInfeasibleTerms,infeasibleToFeasibleTerms,termRemainsFeasibleBasisInfeasible,cutsChangedCoefficients,feasibleTermsPrunedByBound,tighten_disjunction,tighten_matrix_perturbation,tighten_infeasible_to_feasible_term,tighten_feasible_to_infeasible_basis
0,0,New,64,56.333333,56.833333,56.333333,58.000000,66.000000,66.000000,110.254128,110.928106,116.548372,116.563747,518,23663,3600.000000,64,22,46,GUROBI,1,0,0,0,0,0,0,0,0,0,0
1,0,Disjunction,64,54.333333,54.833333,54.333333,63.857143,64.000000,64.000000,1.190953,1.798948,1.190953,1.804010,1,4777,3600.000000,64,22,0,GUROBI,1,0,0,0,0,0,0,1,0,0,0
2,0,Disjunction,64,56.333333,56.833333,56.333333,58.000000,66.000000,66.000000,1.059494,1.701142,8.994148,10.439544,793,31169,3600.000000,64,22,0,GUROBI,1,0,0,0,0,0,0,1,0,0,0
3,0,Disjunction,64,56.333333,56.833333,56.333333,58.000000,66.000000,66.000000,1.053579,1.655035,7.506622,8.654646,649,23734,3600.000000,64,22,0,GUROBI,1,0,0,0,0,0,0,1,0,0,0
4,0,Disjunction,64,54.833333,54.833333,54.833333,64.666667,65.000000,65.000000,1.179389,1.851217,1.179389,1.857487,1,5519,3600.000000,64,22,0,GUROBI,1,0,0,0,0,0,0,1,0,0,0
