instanceIndex,seedIndex,vpcGenerator,terms,lpBound,disjunctiveDualBound,lpBoundPostVpc,rootDualBound,dualBound,primalBound,vpcGenerationTime,rootDualBoundTime,bestSolutionTime,terminationTime,nodes,iterations,maxTime,actualTerms,numCuts,cutLimit,mipSolver,providePrimalBound,infeasibleTerms,feasibleToInfeasibleTerms,infeasibleToFeasibleTerms,termRemainsFeasibleBasisInfeasible,cutsChangedCoefficients,feasibleTermsPrunedByBound,tighten_disjunction,tighten_matrix_perturbation,tighten_infeasible_to_feasible_term,tighten_feasible_to_infeasible_basis
0,0,New,64,49.214876,49.239669,49.239669,69.305348,70.999999,70.999999,5.763477,6.388136,7.582036,7.582236,357,9166,3600.000000,67,3,41,GUROBI,1,32,0,0,0,0,0,0,0,0,0
1,0,Disjunction,64,49.214876,49.239669,49.239669,69.453033,71.000000,71.000000,0.270329,0.878450,1.656348,2.995165,529,12384,3600.000000,67,3,0,GUROBI,1,32,0,0,0,0,0,1,0,0,0
2,0,Disjunction,64,49.214876,49.239669,49.239669,69.305348,70.999999,70.999999,0.265974,0.985307,3.865428,3.865749,532,16304,3600.000000,67,3,0,GUROBI,1,32,0,0,0,0,0,1,0,0,0
3,0,Disjunction,64,49.214876,49.239669,49.239669,69.310107,70.999998,70.999998,0.272307,1.130193,3.914244,3.914640,531,16357,3600.000000,67,3,0,GUROBI,1,32,0,0,0,0,0,1,0,0,0
4,0,Disjunction,64,49.214876,49.239669,49.239669,69.450854,71.000000,71.000000,0.273179,0.945631,1.453719,3.719073,682,23252,3600.000000,67,3,0,GUROBI,1,32,0,0,0,0,0,1,0,0,0
5,0,Disjunction,64,49.214876,49.239669,49.239669,69.305348,70.999999,70.999999,0.269907,0.891366,3.741418,3.741760,535,17452,3600.000000,67,3,0,GUROBI,1,32,0,0,0,0,0,1,0,0,0
