instanceIndex,seedIndex,vpcGenerator,terms,lpBound,disjunctiveDualBound,lpBoundPostVpc,rootDualBound,dualBound,primalBound,vpcGenerationTime,rootDualBoundTime,bestSolutionTime,terminationTime,nodes,iterations,maxTime,actualTerms,numCuts,cutLimit,mipSolver,providePrimalBound,infeasibleTerms,feasibleToInfeasibleTerms,infeasibleToFeasibleTerms,termRemainsFeasibleBasisInfeasible,cutsChangedCoefficients,feasibleTermsPrunedByBound,tighten_disjunction,tighten_matrix_perturbation,tighten_infeasible_to_feasible_term,tighten_feasible_to_infeasible_basis
0,0,New,64,49.214876,49.239669,49.239669,69.483795,71.000000,71.000000,6.341615,6.862778,7.438592,8.221347,522,9655,3600.000000,67,3,41,GUROBI,1,32,0,0,0,0,0,0,0,0,0
1,0,Matrix,64,49.214876,49.239669,49.239669,70.007603,71.000000,71.000000,0.271480,0.816564,0.969972,1.156772,114,4079,3600.000000,67,3,0,GUROBI,1,32,0,0,0,0,0,0,1,0,0
2,0,Matrix,64,49.214876,49.239669,49.239669,70.162944,71.000000,71.000000,0.267154,0.797811,1.118759,1.204425,161,4307,3600.000000,67,3,0,GUROBI,1,32,0,0,0,0,0,0,1,0,0
3,0,Matrix,64,49.214876,49.239669,49.239669,70.162944,71.000000,71.000000,0.267259,0.800993,1.122350,1.208059,161,4307,3600.000000,67,3,0,GUROBI,1,32,0,0,0,0,0,0,1,0,0
4,0,Matrix,64,49.214876,49.239669,49.239669,70.021201,71.000000,71.000000,0.267620,0.872386,0.972642,1.227369,131,4319,3600.000000,67,3,0,GUROBI,1,32,0,0,0,0,0,0,1,0,0
5,0,Matrix,64,49.214876,49.239669,49.239669,70.162944,71.000000,71.000000,0.268968,0.801559,1.123267,1.209180,161,4307,3600.000000,67,3,0,GUROBI,1,32,0,0,0,0,0,0,1,0,0
