instanceIndex,seedIndex,vpcGenerator,terms,lpBound,disjunctiveDualBound,lpBoundPostVpc,rootDualBound,dualBound,primalBound,vpcGenerationTime,rootDualBoundTime,bestSolutionTime,terminationTime,nodes,iterations,maxTime,actualTerms,numCuts,cutLimit,mipSolver,providePrimalBound,infeasibleTerms,feasibleToInfeasibleTerms,infeasibleToFeasibleTerms,termRemainsFeasibleBasisInfeasible,cutsChangedCoefficients,feasibleTermsPrunedByBound,tighten_disjunction,tighten_matrix_perturbation,tighten_infeasible_to_feasible_term,tighten_feasible_to_infeasible_basis
0,0,New,64,12.030303,13.454545,13.454545,29.000000,29.000000,29.000000,4.510216,4.527423,4.510216,4.534580,1,571,3600.000000,64,33,33,GUROBI,1,4,0,0,0,0,0,0,0,0,0
1,0,Matrix,64,12.030303,13.454545,13.454545,28.500000,28.500000,28.500000,0.095139,0.106789,0.095139,0.112246,1,593,3600.000000,64,33,0,GUROBI,1,4,0,0,0,0,0,0,1,0,0
2,0,Matrix,64,12.030303,13.454545,13.454545,29.000000,29.000000,29.000000,0.106316,0.117988,0.106316,0.123928,1,571,3600.000000,64,33,0,GUROBI,1,4,0,0,0,0,0,0,1,0,0
3,0,Matrix,64,12.030303,13.454545,13.454545,29.000000,29.000000,29.000000,0.084575,0.101101,0.084575,0.109342,1,570,3600.000000,64,33,0,GUROBI,1,4,0,0,0,0,0,0,1,0,0
4,0,Matrix,64,-1.227273,-0.621212,-1.227273,14.500000,14.500000,14.500000,0.112501,0.124139,0.112501,0.129680,1,572,3600.000000,64,33,0,GUROBI,1,4,0,0,0,0,0,0,1,0,0
