instanceIndex,seedIndex,vpcGenerator,terms,lpBound,disjunctiveDualBound,lpBoundPostVpc,rootDualBound,dualBound,primalBound,vpcGenerationTime,rootDualBoundTime,bestSolutionTime,terminationTime,nodes,iterations,maxTime,actualTerms,numCuts,cutLimit,mipSolver,providePrimalBound,infeasibleTerms,feasibleToInfeasibleTerms,infeasibleToFeasibleTerms,termRemainsFeasibleBasisInfeasible,cutsChangedCoefficients,feasibleTermsPrunedByBound,tighten_disjunction,tighten_matrix_perturbation,tighten_infeasible_to_feasible_term,tighten_feasible_to_infeasible_basis
0,0,New,64,12.030303,13.454545,13.454545,29.000000,29.000000,29.000000,7.802854,7.829106,7.802854,7.840382,1,615,3600.000000,64,33,33,GUROBI,1,4,0,0,0,0,0,0,0,0,0
1,0,All,64,12.030303,13.333333,13.242424,33.000000,33.000000,33.000000,0.191719,0.214874,0.191719,0.223779,1,515,3600.000000,64,33,0,GUROBI,1,4,0,0,60,0,0,1,1,1,1
2,0,All,64,12.242424,13.848485,13.545455,32.000000,32.000000,32.000000,0.157504,0.182566,0.157504,0.190464,1,504,3600.000000,64,33,0,GUROBI,1,49,45,0,15,0,0,1,1,1,1
3,0,All,64,12.212121,13.606061,13.491228,31.260212,34.000000,34.000000,0.186105,0.236854,0.186105,0.240909,1,654,3600.000000,64,33,0,GUROBI,1,4,0,0,60,0,0,1,1,1,1
4,0,All,64,12.212121,13.666667,13.424242,35.750000,37.000000,37.000000,0.172838,0.237839,0.172838,0.242163,1,731,3600.000000,64,33,0,GUROBI,1,34,30,0,30,0,0,1,1,1,1
