instanceIndex,seedIndex,vpcGenerator,terms,lpBound,disjunctiveDualBound,lpBoundPostVpc,rootDualBound,dualBound,primalBound,vpcGenerationTime,rootDualBoundTime,bestSolutionTime,terminationTime,nodes,iterations,maxTime,actualTerms,numCuts,cutLimit,mipSolver,providePrimalBound,infeasibleTerms,feasibleToInfeasibleTerms,infeasibleToFeasibleTerms,termRemainsFeasibleBasisInfeasible,cutsChangedCoefficients,feasibleTermsPrunedByBound,tighten_disjunction,tighten_matrix_perturbation,tighten_infeasible_to_feasible_term,tighten_feasible_to_infeasible_basis
0,0,New,64,56.333333,56.833333,56.333333,63.000000,66.000000,66.000000,104.746968,105.383483,104.746968,105.390832,1,5122,3600.000000,64,22,46,GUROBI,1,0,0,0,0,0,0,0,0,0,0
1,0,Basis,64,55.958333,55.958333,55.958333,58.000000,66.000000,66.000000,1.174391,1.702769,6.397733,7.391443,542,23950,3600.000000,64,22,0,GUROBI,1,0,0,0,64,0,0,0,0,0,1
2,0,Basis,64,55.833333,56.166667,55.833333,60.500000,66.000000,66.000000,1.242083,1.772772,1.242083,1.785542,1,4953,3600.000000,64,22,0,GUROBI,1,0,0,0,0,0,0,0,0,0,1
3,0,Basis,64,56.333333,56.833333,56.333333,58.000000,66.000000,66.000000,1.085146,1.626643,6.627402,8.046631,583,27103,3600.000000,64,22,0,GUROBI,1,0,0,0,0,21,0,0,0,0,1
4,0,Basis,64,56.275641,56.775641,56.275641,64.708333,66.000000,66.000000,1.223012,1.766628,1.223012,1.773621,1,4799,3600.000000,64,22,0,GUROBI,1,0,0,0,0,0,0,0,0,0,1
