instanceIndex,seedIndex,vpcGenerator,terms,lpBound,disjunctiveDualBound,lpBoundPostVpc,rootDualBound,dualBound,primalBound,vpcGenerationTime,rootDualBoundTime,bestSolutionTime,terminationTime,nodes,iterations,maxTime,actualTerms,numCuts,cutLimit,mipSolver,providePrimalBound,infeasibleTerms,feasibleToInfeasibleTerms,infeasibleToFeasibleTerms,termRemainsFeasibleBasisInfeasible,cutsChangedCoefficients,feasibleTermsPrunedByBound,tighten_disjunction,tighten_matrix_perturbation,tighten_infeasible_to_feasible_term,tighten_feasible_to_infeasible_basis
0,0,New,64,56.333333,56.833333,56.333333,58.666667,66.000000,66.000000,104.872755,105.415374,104.872755,105.442575,1,4498,3600.000000,64,22,46,GUROBI,1,0,0,0,0,0,0,0,0,0,0
1,0,New,64,54.333333,54.833333,54.333333,63.882353,64.000000,64.000000,93.771343,94.378164,93.771343,94.385756,1,5374,3600.000000,64,2,46,GUROBI,1,0,0,0,0,0,0,0,0,0,0
2,0,New,64,56.333333,56.833333,56.333333,58.500000,66.000000,66.000000,91.623525,92.168953,91.623525,92.186127,1,4432,3600.000000,64,2,46,GUROBI,1,0,0,0,0,0,0,0,0,0,0
3,0,New,64,56.333333,56.833333,56.333333,58.000000,66.000000,66.000000,105.000648,105.541998,112.157809,112.173594,608,25862,3600.000000,64,22,46,GUROBI,1,0,0,0,0,0,0,0,0,0,0
4,0,New,64,54.833333,54.833333,54.833333,64.583333,65.000000,65.000000,106.682116,107.151827,106.682116,107.157249,1,3758,3600.000000,64,2,47,GUROBI,1,0,0,0,0,0,0,0,0,0,0
