instanceIndex,seedIndex,vpcGenerator,terms,lpBound,disjunctiveDualBound,lpBoundPostVpc,rootDualBound,dualBound,primalBound,vpcGenerationTime,rootDualBoundTime,bestSolutionTime,terminationTime,nodes,iterations,maxTime,actualTerms,numCuts,cutLimit,mipSolver,providePrimalBound,infeasibleTerms,feasibleToInfeasibleTerms,infeasibleToFeasibleTerms,termRemainsFeasibleBasisInfeasible,cutsChangedCoefficients,feasibleTermsPrunedByBound,tighten_disjunction,tighten_matrix_perturbation,tighten_infeasible_to_feasible_term,tighten_feasible_to_infeasible_basis
0,0,New,64,56.333333,56.833333,56.333333,63.611111,66.000000,66.000000,108.348734,108.933862,108.348734,108.945703,1,4298,3600.000000,64,22,46,GUROBI,1,0,0,0,0,0,0,0,0,0,0
1,0,NoDisjunction,64,54.333333,54.833333,54.333333,56.000000,64.000000,64.000000,1.220514,1.797347,5.543578,7.108419,516,25847,3600.000000,64,22,0,GUROBI,1,0,0,0,0,0,0,0,1,1,1
2,0,NoDisjunction,64,56.333333,56.833333,56.333333,63.041667,66.000000,66.000000,1.089253,1.706427,1.089253,1.717651,1,4590,3600.000000,64,22,0,GUROBI,1,0,0,0,0,0,0,0,1,1,1
3,0,NoDisjunction,64,56.333333,56.833333,56.333333,65.070175,66.000000,66.000000,1.090091,1.771092,1.090091,1.777230,1,4868,3600.000000,64,22,0,GUROBI,1,0,0,0,0,0,0,0,1,1,1
4,0,NoDisjunction,64,54.833333,54.833333,54.833333,63.333333,65.000000,65.000000,1.209201,1.818898,1.209201,1.824551,1,4836,3600.000000,64,22,0,GUROBI,1,0,0,0,0,0,0,0,1,1,1
