instanceIndex,seedIndex,vpcGenerator,terms,lpBound,disjunctiveDualBound,lpBoundPostVpc,rootDualBound,dualBound,primalBound,vpcGenerationTime,rootDualBoundTime,bestSolutionTime,terminationTime,nodes,iterations,maxTime,actualTerms,numCuts,cutLimit,mipSolver,providePrimalBound,infeasibleTerms,feasibleToInfeasibleTerms,infeasibleToFeasibleTerms,termRemainsFeasibleBasisInfeasible,cutsChangedCoefficients,feasibleTermsPrunedByBound,tighten_disjunction,tighten_matrix_perturbation,tighten_infeasible_to_feasible_term,tighten_feasible_to_infeasible_basis
0,0,New,64,56.333333,56.833333,56.333333,59.809524,66.000000,66.000000,102.443622,103.003860,102.443622,103.019851,1,4993,3600.000000,64,22,46,GUROBI,1,0,0,0,0,0,0,0,0,0,0
1,0,Matrix,64,54.333333,54.833333,54.333333,58.000000,64.000000,64.000000,1.227812,1.810191,1.227812,1.830809,1,5221,3600.000000,64,22,0,GUROBI,1,0,0,0,0,0,0,0,1,0,0
2,0,Matrix,64,56.333333,56.833333,56.333333,65.416667,66.000000,66.000000,1.085401,1.682571,1.085401,1.687785,1,4904,3600.000000,64,22,0,GUROBI,1,0,0,0,0,0,0,0,1,0,0
3,0,Matrix,64,56.333333,56.833333,56.333333,58.000000,66.000000,66.000000,1.090501,1.726521,8.765044,10.058615,613,30129,3600.000000,64,22,0,GUROBI,1,0,0,0,0,0,0,0,1,0,0
4,0,Matrix,64,54.833333,54.833333,54.833333,64.416667,65.000000,65.000000,1.225469,1.758843,1.225469,1.764633,1,4161,3600.000000,64,22,0,GUROBI,1,0,0,0,0,0,0,0,1,0,0
