instanceIndex,seedIndex,vpcGenerator,terms,lpBound,disjunctiveDualBound,lpBoundPostVpc,rootDualBound,dualBound,primalBound,vpcGenerationTime,rootDualBoundTime,bestSolutionTime,terminationTime,nodes,iterations,maxTime,actualTerms,numCuts,cutLimit,mipSolver,providePrimalBound,infeasibleTerms,feasibleToInfeasibleTerms,infeasibleToFeasibleTerms,termRemainsFeasibleBasisInfeasible,cutsChangedCoefficients,feasibleTermsPrunedByBound,tighten_disjunction,tighten_matrix_perturbation,tighten_infeasible_to_feasible_term,tighten_feasible_to_infeasible_basis
0,0,New,64,56.333333,56.833333,56.333333,58.000000,66.000000,66.000000,103.955648,104.534562,109.020291,110.760641,516,24371,3600.000000,64,22,46,GUROBI,1,0,0,0,0,0,0,0,0,0,0
1,0,Matrix,64,56.416667,56.916667,56.416667,59.000000,66.000000,66.000000,1.107723,1.693629,8.503278,9.679359,820,25595,3600.000000,64,22,0,GUROBI,1,0,0,0,0,0,0,0,1,0,0
2,0,Matrix,64,56.333333,56.833333,56.333333,58.000000,66.000000,66.000000,1.136902,1.788896,6.922908,7.972431,588,21143,3600.000000,64,22,0,GUROBI,1,0,0,0,64,0,0,0,1,0,0
3,0,Matrix,64,56.333333,56.833333,56.333333,58.000000,66.000000,66.000000,1.133076,1.772511,7.612641,8.762046,625,25234,3600.000000,64,22,0,GUROBI,1,0,0,0,64,0,0,0,1,0,0
4,0,Matrix,64,56.333333,56.833333,56.333333,58.000000,66.000000,66.000000,1.114148,1.725001,8.773382,9.967366,760,29649,3600.000000,64,22,0,GUROBI,1,0,0,0,64,0,0,0,1,0,0
