instanceIndex,seedIndex,vpcGenerator,terms,lpBound,disjunctiveDualBound,lpBoundPostVpc,rootDualBound,dualBound,primalBound,vpcGenerationTime,rootDualBoundTime,bestSolutionTime,terminationTime,nodes,iterations,maxTime,actualTerms,numCuts,cutLimit,mipSolver,providePrimalBound,infeasibleTerms,feasibleToInfeasibleTerms,infeasibleToFeasibleTerms,termRemainsFeasibleBasisInfeasible,cutsChangedCoefficients,feasibleTermsPrunedByBound,tighten_disjunction,tighten_matrix_perturbation,tighten_infeasible_to_feasible_term,tighten_feasible_to_infeasible_basis
0,0,None,4,1418.000000,1418.000000,1418.000000,1418.000000,1418.000000,1418.000000,0.000002,0.000002,0.000002,0.192522,1,788,3600.000000,0,0,0,GUROBI,1,0,0,0,0,0,0,0,0,0,0
1,0,None,4,1419.000000,1419.000000,1419.000000,1419.024836,1420.862069,1421.000000,0.000001,0.944130,67.143892,80.795300,8738,261731,3600.000000,0,0,0,GUROBI,1,0,0,0,0,0,0,0,0,0,0
2,0,None,4,1403.750000,1403.750000,1403.750000,1404.500000,1405.500000,1405.500000,0.000002,0.809715,0.000002,6.273780,1031,15531,3600.000000,0,0,0,GUROBI,1,0,0,0,0,0,0,0,0,0,0
3,0,None,4,1410.062500,1410.062500,1410.062500,1410.250000,1410.250000,1410.250000,0.000001,0.240599,0.000001,0.270155,1,1152,3600.000000,0,0,0,GUROBI,1,0,0,0,0,0,0,0,0,0,0
4,0,None,4,1421.250000,1421.250000,1421.250000,1421.250000,1421.250000,1421.250000,0.000001,0.000001,0.000001,0.148873,1,812,3600.000000,0,0,0,GUROBI,1,0,0,0,0,0,0,0,0,0,0
5,0,None,4,1416.500000,1416.500000,1416.500000,1416.500000,1416.500000,1416.500000,0.000002,0.000002,0.000002,0.154798,1,914,3600.000000,0,0,0,GUROBI,1,0,0,0,0,0,0,0,0,0,0
6,0,None,4,1397.750000,1397.750000,1397.750000,1397.750000,1397.750000,1397.750000,0.000002,0.000002,0.000002,0.145131,1,755,3600.000000,0,0,0,GUROBI,1,0,0,0,0,0,0,0,0,0,0
7,0,None,4,1417.750000,1417.750000,1417.750000,1417.750000,1417.750000,1417.750000,0.000002,0.000002,0.000002,0.115150,1,756,3600.000000,0,0,0,GUROBI,1,0,0,0,0,0,0,0,0,0,0
