instanceIndex,seedIndex,vpcGenerator,terms,lpBound,disjunctiveDualBound,lpBoundPostVpc,rootDualBound,dualBound,primalBound,vpcGenerationTime,rootDualBoundTime,bestSolutionTime,terminationTime,nodes,iterations,maxTime,actualTerms,numCuts,cutLimit,mipSolver,providePrimalBound,infeasibleTerms,feasibleToInfeasibleTerms,infeasibleToFeasibleTerms,termRemainsFeasibleBasisInfeasible,cutsChangedCoefficients,feasibleTermsPrunedByBound,tighten_disjunction,tighten_matrix_perturbation,tighten_infeasible_to_feasible_term,tighten_feasible_to_infeasible_basis
0,0,New,64,1394.000000,1394.000000,1394.000000,1402.000000,1418.000000,1418.000000,10.361708,11.057279,16.045554,16.320121,817,38661,3600.000000,66,1,545,GUROBI,1,4,0,0,0,0,0,0,0,0,0
1,0,Term,64,1202.416667,1202.416667,1202.416667,1230.624184,1242.880830,1243.000000,1.327605,2.799010,66.571349,66.571577,6021,383786,3600.000000,66,1,0,GUROBI,1,4,0,0,0,0,0,0,0,1,0
2,0,Term,64,1135.266667,1135.266667,1135.266667,1201.972791,1221.991732,1222.000000,1.276378,2.480698,325.716451,325.716666,26355,1426152,3600.000000,66,1,0,GUROBI,1,4,0,0,0,0,0,0,0,1,0
3,0,Term,64,1320.250000,1320.250000,1320.250000,1341.389796,1360.892857,1361.000000,1.454884,3.779701,107.825814,108.156912,6635,424090,3600.000000,66,1,0,GUROBI,1,4,0,0,0,0,0,0,0,1,0
4,0,Term,64,1027.450000,1027.450000,1027.450000,1091.442673,1105.000000,1105.000000,1.405106,2.967083,13.657813,13.968203,980,48210,3600.000000,66,1,0,GUROBI,1,4,0,0,0,0,0,0,0,1,0
5,0,Term,64,1256.283333,1256.283333,1256.283333,1275.365074,1293.900000,1294.000000,1.359883,2.902309,49.617672,49.617911,3012,191733,3600.000000,66,1,0,GUROBI,1,4,0,0,0,0,0,0,0,1,0
