instanceIndex,seedIndex,vpcGenerator,terms,lpBound,disjunctiveDualBound,lpBoundPostVpc,rootDualBound,dualBound,primalBound,vpcGenerationTime,rootDualBoundTime,bestSolutionTime,terminationTime,nodes,iterations,maxTime,actualTerms,numCuts,cutLimit,mipSolver,providePrimalBound,infeasibleTerms,feasibleToInfeasibleTerms,infeasibleToFeasibleTerms,termRemainsFeasibleBasisInfeasible,cutsChangedCoefficients,feasibleTermsPrunedByBound,tighten_disjunction,tighten_matrix_perturbation,tighten_infeasible_to_feasible_term,tighten_feasible_to_infeasible_basis
0,0,New,64,1394.000000,1394.000000,1394.000000,1402.000000,1418.000000,1418.000000,14.255624,15.394531,16.132367,20.075396,523,33314,3600.000000,66,1,545,GUROBI,1,4,0,0,0,0,0,0,0,0,0
1,0,Disjunction,64,1392.000000,1392.000000,1392.000000,1404.800000,1417.000000,1417.000000,0.683403,1.688714,2.613438,5.103699,518,27700,3600.000000,66,1,0,GUROBI,1,4,0,0,62,0,0,1,0,0,0
2,0,Disjunction,64,1396.000000,1396.000000,1396.000000,1411.932203,1420.000000,1420.000000,0.670534,1.645573,10.439222,13.990460,1562,61229,3600.000000,66,1,0,GUROBI,1,4,0,0,62,0,0,1,0,0,0
3,0,Disjunction,64,1394.000000,1394.000000,1394.000000,1398.832203,1417.000000,1417.000000,0.685411,1.667100,7.765366,7.765789,532,37136,3600.000000,66,1,0,GUROBI,1,4,0,0,62,0,0,1,0,0,0
4,0,Disjunction,64,1394.000000,1394.000000,1394.000000,1410.932203,1417.896552,1418.000000,0.678425,1.628244,37.791414,55.936749,7470,243352,3600.000000,66,1,0,GUROBI,1,4,0,0,62,0,0,1,0,0,0
5,0,Disjunction,64,1394.000000,1394.000000,1394.000000,1418.000000,1418.866995,1419.000000,0.680526,2.745290,14.840871,66.275949,5305,284982,3600.000000,66,1,0,GUROBI,1,4,0,0,62,0,0,1,0,0,0
