instanceIndex,seedIndex,vpcGenerator,terms,lpBound,disjunctiveDualBound,lpBoundPostVpc,rootDualBound,dualBound,primalBound,vpcGenerationTime,rootDualBoundTime,bestSolutionTime,terminationTime,nodes,iterations,maxTime,actualTerms,numCuts,cutLimit,mipSolver,providePrimalBound,infeasibleTerms,feasibleToInfeasibleTerms,infeasibleToFeasibleTerms,termRemainsFeasibleBasisInfeasible,cutsChangedCoefficients,feasibleTermsPrunedByBound,tighten_disjunction,tighten_matrix_perturbation,tighten_infeasible_to_feasible_term,tighten_feasible_to_infeasible_basis
0,0,New,64,7297.333333,8878.500000,8415.388889,12168.500000,20622.000000,20622.000000,554.776754,560.604271,732.296330,736.211740,8494,886440,3600.000000,66,4,228,GUROBI,1,54,0,0,0,0,0,0,0,0,0
1,0,New,64,7244.476190,8580.750000,8465.749690,11729.742001,20623.500000,20625.000000,575.642344,578.592818,697.641288,717.081764,7024,607050,3600.000000,75,7,192,GUROBI,1,64,0,0,0,0,0,0,0,0,0
2,0,New,64,7231.569951,9565.854271,8354.405881,12296.414568,20588.666667,20589.000000,515.824237,519.524392,634.875519,634.875903,5536,476716,3600.000000,75,14,194,GUROBI,1,63,0,0,0,0,0,0,0,0,0
3,0,New,64,7218.157407,9383.495146,8012.476213,11729.666454,20599.035088,20600.000000,824.300541,827.161101,949.620703,949.621102,5825,501646,3600.000000,71,9,202,GUROBI,1,58,0,0,0,0,0,0,0,0,0
