instanceIndex,seedIndex,vpcGenerator,terms,lpBound,disjunctiveDualBound,lpBoundPostVpc,rootDualBound,dualBound,primalBound,vpcGenerationTime,rootDualBoundTime,bestSolutionTime,terminationTime,nodes,iterations,maxTime,actualTerms,numCuts,cutLimit,mipSolver,providePrimalBound,infeasibleTerms,feasibleToInfeasibleTerms,infeasibleToFeasibleTerms,termRemainsFeasibleBasisInfeasible,cutsChangedCoefficients,feasibleTermsPrunedByBound,tighten_disjunction,tighten_matrix_perturbation,tighten_infeasible_to_feasible_term,tighten_feasible_to_infeasible_basis
0,0,New,64,7297.333333,8878.500000,8380.666667,11816.750000,20622.000000,20622.000000,584.138644,588.179901,729.403828,751.122985,7327,830738,3600.000000,66,4,228,GUROBI,1,54,0,0,0,0,0,0,0,0,0
1,0,Disjunction,64,7244.476190,8828.272321,8323.978395,11766.000000,20625.000000,20625.000000,24.053508,27.982165,165.244183,175.012097,8722,637426,3600.000000,66,4,0,GUROBI,1,54,0,0,0,0,0,1,0,0,0
2,0,Disjunction,64,7231.569951,8816.723136,8314.043987,11874.207304,20589.000000,20589.000000,23.950188,26.636163,118.335177,133.344846,5008,450345,3600.000000,66,4,0,GUROBI,1,54,0,0,0,0,0,1,0,0,0
3,0,Disjunction,64,7218.157407,8801.968354,8305.289898,12532.517213,20600.000000,20600.000000,23.921091,27.590633,530.947892,530.948334,13002,1244236,3600.000000,66,4,0,GUROBI,1,54,0,0,0,0,0,1,0,0,0
4,0,Disjunction,64,7265.143519,8850.942607,8347.367347,11731.653595,20615.500000,20617.000000,23.694923,25.905514,134.436092,172.061546,6886,633656,3600.000000,66,4,0,GUROBI,1,54,0,0,0,0,0,1,0,0,0
5,0,Disjunction,64,7235.598386,8828.854167,8319.821325,12175.428571,20594.857143,20596.000000,24.107624,27.441580,189.004401,191.156158,8439,679424,3600.000000,66,4,0,GUROBI,1,54,0,0,0,0,0,1,0,0,0
