instanceIndex,seedIndex,vpcGenerator,terms,lpBound,disjunctiveDualBound,lpBoundPostVpc,rootDualBound,dualBound,primalBound,vpcGenerationTime,rootDualBoundTime,bestSolutionTime,terminationTime,nodes,iterations,maxTime,actualTerms,numCuts,cutLimit,mipSolver,providePrimalBound,infeasibleTerms,feasibleToInfeasibleTerms,infeasibleToFeasibleTerms,termRemainsFeasibleBasisInfeasible,cutsChangedCoefficients,feasibleTermsPrunedByBound,tighten_disjunction,tighten_matrix_perturbation,tighten_infeasible_to_feasible_term,tighten_feasible_to_infeasible_basis
0,0,New,64,7297.333333,8878.500000,8578.904858,11624.363636,20622.000000,20622.000000,773.128327,776.476376,884.619072,922.859635,5963,696158,3600.000000,66,5,228,GUROBI,1,54,0,0,0,0,0,0,0,0,0
1,0,Disjunction,64,7297.333333,8878.500000,8578.904858,11642.991935,20622.000000,20622.000000,6.732843,10.096395,129.929182,139.011738,5398,528688,3600.000000,66,5,0,GUROBI,1,54,0,0,11,3,0,1,0,0,0
2,0,Disjunction,64,7622.000000,9122.000000,8677.738473,11652.560241,20622.000000,20622.000000,17.286918,20.251296,124.795886,131.524824,4888,552736,3600.000000,66,5,0,GUROBI,1,54,0,0,8,4,0,1,0,0,0
3,0,Disjunction,64,7547.333333,9130.666667,8629.512146,12290.592593,21622.000000,21622.000000,12.212392,15.547947,112.841411,159.108952,5791,672183,3600.000000,66,5,0,GUROBI,1,55,1,0,11,3,0,1,0,0,0
4,0,Disjunction,64,7628.500000,9006.750000,8563.666667,11864.222222,22620.500000,22622.000000,10.178829,14.459868,221.107232,235.679883,10929,1151584,3600.000000,66,5,0,GUROBI,1,54,0,0,12,3,0,1,0,0,0
5,0,Disjunction,64,7297.333333,8878.500000,8578.904858,11768.571429,21622.000000,21622.000000,19.846235,23.994001,209.546963,209.864536,8611,997859,3600.000000,66,5,0,GUROBI,1,54,0,0,11,3,0,1,0,0,0
