instanceIndex,seedIndex,vpcGenerator,terms,lpBound,disjunctiveDualBound,lpBoundPostVpc,rootDualBound,dualBound,primalBound,vpcGenerationTime,rootDualBoundTime,bestSolutionTime,terminationTime,nodes,iterations,maxTime,actualTerms,numCuts,cutLimit,mipSolver,providePrimalBound,infeasibleTerms,feasibleToInfeasibleTerms,infeasibleToFeasibleTerms,termRemainsFeasibleBasisInfeasible,cutsChangedCoefficients,feasibleTermsPrunedByBound,tighten_disjunction,tighten_matrix_perturbation,tighten_infeasible_to_feasible_term,tighten_feasible_to_infeasible_basis
0,0,New,4,7297.333333,8099.000000,7797.333333,12326.000000,20622.000000,20622.000000,394.827146,399.919485,572.021198,572.200514,7539,856291,3600.000000,4,3,228,GUROBI,1,0,0,0,0,0,0,0,0,0,0
1,0,Basis,4,7297.333333,8099.000000,7797.333333,11629.090909,20622.000000,20622.000000,0.065410,2.287003,108.094391,139.988876,6609,686142,3600.000000,4,3,0,GUROBI,1,0,0,0,0,0,0,0,0,0,1
2,0,Basis,4,7297.333333,8099.000000,7797.333333,11753.904762,20622.000000,20622.000000,0.239157,3.606601,128.948235,141.322470,6392,684975,3600.000000,4,3,0,GUROBI,1,0,0,0,1,0,0,0,0,0,1
3,0,Basis,4,7297.333333,8099.000000,7797.333333,11629.090909,20622.000000,20622.000000,0.062574,2.266026,108.171782,140.075066,6609,686142,3600.000000,4,3,0,GUROBI,1,0,0,0,0,0,0,0,0,0,1
4,0,Basis,4,7297.333333,8099.000000,7797.333333,11622.000000,20622.000000,20622.000000,0.065629,2.821354,162.657566,175.581731,7025,807105,3600.000000,4,3,0,GUROBI,1,0,0,0,0,0,0,0,0,0,1
5,0,Basis,4,7297.333333,8099.000000,7797.333333,11663.333333,20622.000000,20622.000000,0.464290,4.006342,172.604165,173.701417,7737,887973,3600.000000,4,3,0,GUROBI,1,0,0,0,1,1,0,0,0,0,1
