instanceIndex,seedIndex,vpcGenerator,terms,lpBound,disjunctiveDualBound,lpBoundPostVpc,rootDualBound,dualBound,primalBound,vpcGenerationTime,rootDualBoundTime,bestSolutionTime,terminationTime,nodes,iterations,maxTime,actualTerms,numCuts,cutLimit,mipSolver,providePrimalBound,infeasibleTerms,feasibleToInfeasibleTerms,infeasibleToFeasibleTerms,termRemainsFeasibleBasisInfeasible,cutsChangedCoefficients,feasibleTermsPrunedByBound,tighten_disjunction,tighten_matrix_perturbation,tighten_infeasible_to_feasible_term,tighten_feasible_to_infeasible_basis
0,0,New,4,7297.333333,8099.000000,7797.333333,11694.210526,20620.500000,20622.000000,2612.621777,2616.229653,2717.745845,2766.258459,6042,733301,3600.000000,4,2,228,GUROBI,1,0,0,0,0,0,0,0,0,0,0
1,0,Disjunction,4,7244.476190,8053.887500,7739.094481,12201.615208,20624.857143,20625.000000,0.535522,4.019258,148.533261,162.971624,7870,677986,3600.000000,4,2,0,GUROBI,1,0,0,0,0,0,0,1,0,0,0
2,0,Disjunction,4,7231.569951,8035.598246,7729.451285,11621.556324,20589.000000,20589.000000,0.497321,2.941220,175.703153,175.703509,9081,773325,3600.000000,4,2,0,GUROBI,1,0,0,0,0,0,0,1,0,0,0
3,0,Disjunction,4,7218.157407,8014.712077,7711.481552,12119.063071,20598.200000,20600.000000,0.514057,3.958253,150.802671,151.032400,7528,618104,3600.000000,4,2,0,GUROBI,1,0,0,0,0,0,0,1,0,0,0
4,0,Disjunction,4,7265.143519,8068.280952,7763.262587,12424.986656,20617.000000,20617.000000,0.497487,4.571073,148.130286,163.325699,8358,677765,3600.000000,4,2,0,GUROBI,1,0,0,0,0,0,0,1,0,0,0
5,0,Disjunction,4,7235.598386,8041.675486,7734.888504,11911.185526,20595.950000,20596.000000,0.526108,3.070275,116.116160,116.116504,5112,450541,3600.000000,4,2,0,GUROBI,1,0,0,0,0,0,0,1,0,0,0
