instanceIndex,seedIndex,vpcGenerator,terms,lpBound,disjunctiveDualBound,lpBoundPostVpc,rootDualBound,dualBound,primalBound,vpcGenerationTime,rootDualBoundTime,bestSolutionTime,terminationTime,nodes,iterations,maxTime,actualTerms,numCuts,cutLimit,mipSolver,providePrimalBound,infeasibleTerms,feasibleToInfeasibleTerms,infeasibleToFeasibleTerms,termRemainsFeasibleBasisInfeasible,cutsChangedCoefficients,feasibleTermsPrunedByBound,tighten_disjunction,tighten_matrix_perturbation,tighten_infeasible_to_feasible_term,tighten_feasible_to_infeasible_basis
0,0,New,64,7297.333333,8878.500000,8597.773743,11703.805825,20622.000000,20622.000000,665.888119,668.992568,828.104861,828.438824,6809,805015,3600.000000,66,5,228,GUROBI,1,54,0,0,0,0,0,0,0,0,0
1,0,All,64,7280.556579,8863.910156,8582.300085,11940.376608,20617.857143,20619.000000,24.082938,27.579075,82.563893,120.508745,3506,405279,3600.000000,66,5,0,GUROBI,1,54,0,0,0,0,0,1,1,1,1
2,0,All,64,7281.879630,8865.535714,8584.170072,12009.666406,20628.500000,20630.000000,23.958668,26.674727,100.675982,134.596047,5194,504040,3600.000000,66,5,0,GUROBI,1,54,0,0,0,0,0,1,1,1,1
3,0,All,64,7281.572454,8863.520833,8582.662142,12394.166667,20620.000000,20622.000000,23.907527,29.130872,195.007168,195.528366,7562,728614,3600.000000,66,5,0,GUROBI,1,54,0,0,0,0,0,1,1,1,1
4,0,All,64,7286.333333,8867.750000,8586.528108,11875.535714,20622.000000,20624.000000,23.693983,27.096684,218.578097,226.831280,10833,909363,3600.000000,66,5,0,GUROBI,1,54,0,0,0,0,0,1,1,1,1
5,0,All,64,7274.750000,8861.875000,8579.334349,12410.788954,20622.750000,20624.000000,23.209461,27.376763,158.541565,180.236506,6841,669366,3600.000000,66,5,0,GUROBI,1,54,0,0,0,0,0,1,1,1,1
