instanceIndex,seedIndex,vpcGenerator,terms,lpBound,disjunctiveDualBound,lpBoundPostVpc,rootDualBound,dualBound,primalBound,vpcGenerationTime,rootDualBoundTime,bestSolutionTime,terminationTime,nodes,iterations,maxTime,actualTerms,numCuts,cutLimit,mipSolver,providePrimalBound,infeasibleTerms,feasibleToInfeasibleTerms,infeasibleToFeasibleTerms,termRemainsFeasibleBasisInfeasible,cutsChangedCoefficients,feasibleTermsPrunedByBound,tighten_disjunction,tighten_matrix_perturbation,tighten_infeasible_to_feasible_term,tighten_feasible_to_infeasible_basis
0,0,New,4,29291.750000,29311.000000,29300.500000,29311.000000,29314.000000,29314.000000,0.687907,0.715335,0.687907,0.716079,1,97,3600.000000,4,7,9,GUROBI,1,0,0,0,0,0,0,0,0,0,0
1,0,Term,4,29500.451236,29500.451236,29500.451236,29514.038708,29534.946228,29537.831903,0.029976,0.151818,0.639423,2.130745,2105,13187,3600.000000,4,7,0,GUROBI,1,2,2,0,2,7,0,0,0,1,0
2,0,Term,4,30435.131691,30435.131691,30435.131691,30443.341016,30450.709687,30453.072466,0.026806,0.105629,0.126635,0.135703,70,578,3600.000000,4,7,0,GUROBI,1,2,2,0,2,7,0,0,0,1,0
3,0,Term,4,33937.741453,33937.741453,33937.741453,33947.036577,33973.077415,33976.011765,0.029878,0.130378,0.256708,0.417933,248,1584,3600.000000,4,7,0,GUROBI,1,0,0,0,4,7,0,0,0,1,0
4,0,Term,4,30766.995664,30766.995664,30766.995664,30801.092548,30831.331004,30833.577229,0.053310,0.154817,0.262587,0.273178,104,1083,3600.000000,4,7,0,GUROBI,1,3,3,0,1,7,0,0,0,1,0
5,0,Term,4,30915.907668,30915.907668,30915.907668,30923.769961,30947.831793,30950.897739,0.030096,0.149179,0.212674,0.212780,73,594,3600.000000,4,7,0,GUROBI,1,3,3,0,1,7,0,0,0,1,0
