instanceIndex,seedIndex,vpcGenerator,terms,lpBound,disjunctiveDualBound,lpBoundPostVpc,rootDualBound,dualBound,primalBound,vpcGenerationTime,rootDualBoundTime,bestSolutionTime,terminationTime,nodes,iterations,maxTime,actualTerms,numCuts,cutLimit,mipSolver,providePrimalBound,infeasibleTerms,feasibleToInfeasibleTerms,infeasibleToFeasibleTerms,termRemainsFeasibleBasisInfeasible,cutsChangedCoefficients,feasibleTermsPrunedByBound,tighten_disjunction,tighten_matrix_perturbation,tighten_infeasible_to_feasible_term,tighten_feasible_to_infeasible_basis
0,0,New,4,29291.750000,29311.000000,29300.500000,29311.000000,29314.000000,29314.000000,0.406417,0.432934,0.406417,0.433705,1,97,3600.000000,4,7,9,GUROBI,1,0,0,0,0,0,0,0,0,0,0
1,0,All,4,29500.451236,29500.451236,29500.451236,29514.038708,29534.946228,29537.831903,0.030122,0.208402,0.927428,3.220634,2105,13187,3600.000000,4,7,0,GUROBI,1,2,2,0,2,7,0,1,1,1,1
2,0,All,4,30435.131691,30435.131691,30435.131691,30443.341016,30450.142139,30453.072466,0.025358,0.148339,0.196538,0.197121,59,559,3600.000000,4,7,0,GUROBI,1,2,2,0,2,7,0,1,1,1,1
3,0,All,4,33937.741453,33937.741453,33937.741453,33947.036577,33973.077415,33976.011765,0.030731,0.172040,0.327045,0.498374,248,1584,3600.000000,4,7,0,GUROBI,1,0,0,0,4,7,0,1,1,1,1
4,0,All,4,30766.995664,30766.995664,30766.995664,30801.092548,30831.331004,30833.577229,0.053790,0.152586,0.296940,0.319679,104,1083,3600.000000,4,7,0,GUROBI,1,3,3,0,1,7,0,1,1,1,1
5,0,All,4,30915.907668,30915.907668,30915.907668,30923.643321,30950.897739,30950.897739,0.030327,0.222647,0.424716,0.432209,126,921,3600.000000,4,7,0,GUROBI,1,3,3,0,1,7,0,1,1,1,1
