instanceIndex,seedIndex,vpcGenerator,terms,lpBound,disjunctiveDualBound,lpBoundPostVpc,rootDualBound,dualBound,primalBound,vpcGenerationTime,rootDualBoundTime,bestSolutionTime,terminationTime,nodes,iterations,maxTime,actualTerms,numCuts,cutLimit,mipSolver,providePrimalBound,infeasibleTerms,feasibleToInfeasibleTerms,infeasibleToFeasibleTerms,termRemainsFeasibleBasisInfeasible,cutsChangedCoefficients,feasibleTermsPrunedByBound,tighten_disjunction,tighten_matrix_perturbation,tighten_infeasible_to_feasible_term,tighten_feasible_to_infeasible_basis
0,0,New,4,99.322299,100.496627,100.223484,107.768659,120.000000,120.000000,0.622987,1.648450,2.116037,2.730341,661,17053,3600.000000,4,2,17,GUROBI,1,0,0,0,0,0,0,0,0,0,0
1,0,Matrix,4,99.322299,100.496627,100.223484,107.766928,120.000000,120.000000,0.017408,1.133334,1.537509,2.065723,679,17216,3600.000000,4,2,0,GUROBI,1,0,0,0,0,0,0,0,1,0,0
2,0,Matrix,4,99.322299,100.496627,100.223484,107.766928,120.000000,120.000000,0.020069,0.795789,1.296032,1.988582,679,17216,3600.000000,4,2,0,GUROBI,1,0,0,0,0,0,0,0,1,0,0
3,0,Matrix,4,99.322299,100.496276,100.222986,107.744458,118.000000,118.000000,0.024324,0.600439,1.343478,1.391114,511,13420,3600.000000,4,2,0,GUROBI,1,0,0,0,2,0,0,0,1,0,0
4,0,Matrix,4,99.322299,100.496627,100.223484,107.766928,120.000000,120.000000,0.017700,0.876947,1.414738,1.937377,663,16991,3600.000000,4,2,0,GUROBI,1,0,0,0,0,0,0,0,1,0,0
