instanceIndex,seedIndex,vpcGenerator,terms,lpBound,disjunctiveDualBound,lpBoundPostVpc,rootDualBound,dualBound,primalBound,vpcGenerationTime,rootDualBoundTime,bestSolutionTime,terminationTime,nodes,iterations,maxTime,actualTerms,numCuts,cutLimit,mipSolver,providePrimalBound,infeasibleTerms,feasibleToInfeasibleTerms,infeasibleToFeasibleTerms,termRemainsFeasibleBasisInfeasible,cutsChangedCoefficients,feasibleTermsPrunedByBound,tighten_disjunction,tighten_matrix_perturbation,tighten_infeasible_to_feasible_term,tighten_feasible_to_infeasible_basis
0,0,New,4,99.322299,100.496627,100.223484,107.757263,120.000000,120.000000,0.348114,0.926664,1.286058,1.819697,651,17114,3600.000000,4,2,17,GUROBI,1,0,0,0,0,0,0,0,0,0,0
1,0,NoDisjunction,4,99.322299,100.496627,100.223484,107.757403,120.000000,120.000000,0.017767,0.596063,0.962344,1.451346,614,16155,3600.000000,4,2,0,GUROBI,1,0,0,0,0,0,0,0,1,1,1
2,0,NoDisjunction,4,99.322299,100.496627,100.223484,107.757403,120.000000,120.000000,0.020239,0.609304,0.974913,1.463821,614,16155,3600.000000,4,2,0,GUROBI,1,0,0,0,0,0,0,0,1,1,1
3,0,NoDisjunction,4,99.322299,100.496276,100.222986,107.730490,118.000000,118.000000,0.035723,0.587098,1.341066,1.359329,533,14260,3600.000000,4,2,0,GUROBI,1,0,0,0,2,0,0,0,1,1,1
4,0,NoDisjunction,4,99.322299,100.496627,100.223484,107.757403,120.000000,120.000000,0.016975,0.585464,0.951135,1.439857,612,16142,3600.000000,4,2,0,GUROBI,1,0,0,0,0,0,0,0,1,1,1
