instanceIndex,seedIndex,vpcGenerator,terms,lpBound,disjunctiveDualBound,lpBoundPostVpc,rootDualBound,dualBound,primalBound,vpcGenerationTime,rootDualBoundTime,bestSolutionTime,terminationTime,nodes,iterations,maxTime,actualTerms,numCuts,cutLimit,mipSolver,providePrimalBound,infeasibleTerms,feasibleToInfeasibleTerms,infeasibleToFeasibleTerms,termRemainsFeasibleBasisInfeasible,cutsChangedCoefficients,feasibleTermsPrunedByBound,tighten_disjunction,tighten_matrix_perturbation,tighten_infeasible_to_feasible_term,tighten_feasible_to_infeasible_basis
0,0,New,64,99.322299,102.201564,101.903105,107.860984,120.000000,120.000000,15.721265,16.308297,16.705687,17.242878,633,16729,3600.000000,64,7,17,GUROBI,1,0,0,0,0,0,0,0,0,0,0
1,0,Farkas,64,98.938612,101.830515,101.490226,107.438381,119.500000,119.500000,0.389204,1.000154,1.603248,2.020157,687,18110,3600.000000,64,7,0,GUROBI,1,0,0,0,0,0,0,0,0,0,0
2,0,Farkas,64,99.213317,102.106919,101.736998,107.697575,119.500000,119.500000,0.413800,1.038630,1.631441,1.958005,632,16743,3600.000000,64,7,0,GUROBI,1,0,0,0,0,0,0,0,0,0,0
3,0,Farkas,64,99.822299,102.701564,102.403105,108.360367,120.000000,120.000000,0.295127,0.882398,1.278851,1.791181,595,15846,3600.000000,64,7,0,GUROBI,1,0,0,0,0,0,0,0,0,0,0
4,0,Farkas,64,98.874068,101.793991,101.442554,107.428429,119.500000,119.500000,0.380684,1.004432,1.421125,2.007858,653,17664,3600.000000,64,7,0,GUROBI,1,0,0,0,0,0,0,0,0,0,0
