instanceIndex,seedIndex,vpcGenerator,terms,lpBound,disjunctiveDualBound,lpBoundPostVpc,rootDualBound,dualBound,primalBound,vpcGenerationTime,rootDualBoundTime,bestSolutionTime,terminationTime,nodes,iterations,maxTime,actualTerms,numCuts,cutLimit,mipSolver,providePrimalBound,infeasibleTerms,feasibleToInfeasibleTerms,infeasibleToFeasibleTerms,termRemainsFeasibleBasisInfeasible,cutsChangedCoefficients,feasibleTermsPrunedByBound,tighten_disjunction,tighten_matrix_perturbation,tighten_infeasible_to_feasible_term,tighten_feasible_to_infeasible_basis
0,0,None,4,99.322299,99.322299,99.322299,107.597352,120.000000,120.000000,0.000030,0.558368,0.970162,1.529711,691,18815,3600.000000,0,0,0,GUROBI,1,0,0,0,0,0,0,0,0,0,0
1,0,None,4,98.938612,98.938612,98.938612,107.236691,119.500000,119.500000,0.000002,0.568694,0.975737,1.516454,677,18512,3600.000000,0,0,0,GUROBI,1,0,0,0,0,0,0,0,0,0,0
2,0,None,4,99.213317,99.213317,99.213317,107.435861,119.491979,119.500000,0.000003,0.564424,1.233069,1.522905,673,18730,3600.000000,0,0,0,GUROBI,1,0,0,0,0,0,0,0,0,0,0
3,0,None,4,99.822299,99.822299,99.822299,108.097352,120.000000,120.000000,0.000003,0.558543,0.968627,1.481819,655,17680,3600.000000,0,0,0,GUROBI,1,0,0,0,0,0,0,0,0,0,0
4,0,None,4,98.874068,98.874068,98.874068,107.183932,119.500000,119.500000,0.000003,0.596375,1.002950,1.513783,672,17874,3600.000000,0,0,0,GUROBI,1,0,0,0,0,0,0,0,0,0,0
