instanceIndex,seedIndex,vpcGenerator,terms,lpBound,disjunctiveDualBound,lpBoundPostVpc,rootDualBound,dualBound,primalBound,vpcGenerationTime,rootDualBoundTime,bestSolutionTime,terminationTime,nodes,iterations,maxTime,actualTerms,numCuts,cutLimit,mipSolver,providePrimalBound,infeasibleTerms,feasibleToInfeasibleTerms,infeasibleToFeasibleTerms,termRemainsFeasibleBasisInfeasible,cutsChangedCoefficients,feasibleTermsPrunedByBound,tighten_disjunction,tighten_matrix_perturbation,tighten_infeasible_to_feasible_term,tighten_feasible_to_infeasible_basis
0,0,New,4,49882.002525,49934.835859,49934.835859,50679.838739,51200.000000,51200.000000,17.257020,22.223503,124.718165,141.323890,7526,256362,3600.000000,4,25,70,GUROBI,1,0,0,0,0,0,0,0,0,0,0
1,0,Matrix,4,49824.118967,49865.892128,49849.464123,50574.779565,51200.000000,51200.000000,5.876932,9.740551,179.764574,392.474684,24765,972673,3600.000000,4,25,0,GUROBI,1,0,0,0,3,25,0,0,1,0,0
2,0,Matrix,4,49423.383629,49474.599050,49473.556306,50265.327379,50720.000000,50720.000000,0.210935,5.582198,54.526984,54.527910,3222,96124,3600.000000,4,25,0,GUROBI,1,0,0,0,4,4,0,0,1,0,0
3,0,Matrix,4,49748.266112,49799.454482,49799.243310,50579.134554,51040.000000,51040.000000,5.788705,11.135430,37.298378,51.719936,2351,82418,3600.000000,4,25,0,GUROBI,1,0,0,0,0,25,0,0,1,0,0
4,0,Matrix,4,49653.883943,49703.944034,49703.944034,50490.018603,51040.000000,51040.000000,0.183642,4.702386,112.495311,112.496305,8803,320436,3600.000000,4,25,0,GUROBI,1,0,0,0,4,24,0,0,1,0,0
