instanceIndex,seedIndex,vpcGenerator,terms,lpBound,disjunctiveDualBound,lpBoundPostVpc,rootDualBound,dualBound,primalBound,vpcGenerationTime,rootDualBoundTime,bestSolutionTime,terminationTime,nodes,iterations,maxTime,actualTerms,numCuts,cutLimit,mipSolver,providePrimalBound,infeasibleTerms,feasibleToInfeasibleTerms,infeasibleToFeasibleTerms,termRemainsFeasibleBasisInfeasible,cutsChangedCoefficients,feasibleTermsPrunedByBound,tighten_disjunction,tighten_matrix_perturbation,tighten_infeasible_to_feasible_term,tighten_feasible_to_infeasible_basis
0,0,New,4,49882.002525,49934.835859,49934.835859,50656.127727,51200.000000,51200.000000,17.290278,22.093630,66.952593,95.995448,5405,204320,3600.000000,4,25,70,GUROBI,1,0,0,0,0,0,0,0,0,0,0
1,0,Matrix,4,46818.991041,46828.201284,46818.991041,47969.715258,48640.000000,48640.000000,0.474457,5.814909,44.353304,371.466063,30940,1435617,3600.000000,4,25,0,GUROBI,1,0,0,0,4,25,0,0,1,0,0
2,0,Matrix,4,48396.844325,48404.736264,48396.844325,49207.840231,50240.000000,50240.000000,0.534759,5.427562,3006.639907,3246.457955,241960,11468157,3600.000000,4,25,0,GUROBI,1,0,0,0,4,25,0,0,1,0,0
3,0,Matrix,4,46818.999665,46832.896606,46832.896606,47774.835863,48960.000000,48960.000000,0.501086,5.904789,63.799993,219.427927,15731,680337,3600.000000,4,25,0,GUROBI,1,0,0,0,4,25,0,0,1,0,0
