instanceIndex,seedIndex,vpcGenerator,terms,lpBound,disjunctiveDualBound,lpBoundPostVpc,rootDualBound,dualBound,primalBound,vpcGenerationTime,rootDualBoundTime,bestSolutionTime,terminationTime,nodes,iterations,maxTime,actualTerms,numCuts,cutLimit,mipSolver,providePrimalBound,infeasibleTerms,feasibleToInfeasibleTerms,infeasibleToFeasibleTerms,termRemainsFeasibleBasisInfeasible,cutsChangedCoefficients,feasibleTermsPrunedByBound,tighten_disjunction,tighten_matrix_perturbation,tighten_infeasible_to_feasible_term,tighten_feasible_to_infeasible_basis
0,0,New,4,49882.002525,49934.835859,49934.835859,50636.114350,51200.000000,51200.000000,17.273035,22.611177,173.113779,195.550034,9151,304362,3600.000000,4,25,70,GUROBI,1,0,0,0,0,0,0,0,0,0,0
1,0,Disjunction,4,49882.002525,49934.835859,49932.748902,50692.960376,51200.000000,51200.000000,0.123659,8.755270,97.558047,118.321069,3090,110636,3600.000000,4,25,0,GUROBI,1,0,0,0,4,0,0,1,0,0,0
2,0,Disjunction,4,49853.021605,49904.367284,49904.243290,50646.895652,51040.000000,51039.999988,0.118371,6.426166,161.620944,161.621873,6955,187468,3600.000000,4,25,0,GUROBI,1,0,0,0,3,0,0,1,0,0,0
3,0,Disjunction,4,49882.002525,49934.835859,49934.835859,50688.968545,51200.000000,51200.000000,0.119947,9.458444,159.108097,159.108999,7828,253685,3600.000000,4,25,0,GUROBI,1,0,0,0,4,0,0,1,0,0,0
4,0,Disjunction,4,49788.669192,49841.502525,49841.502525,50585.385929,51040.000000,51040.000000,0.124260,4.452349,48.276771,48.277710,3540,105195,3600.000000,4,25,0,GUROBI,1,0,0,0,4,0,0,1,0,0,0
