instanceIndex,seedIndex,vpcGenerator,terms,lpBound,disjunctiveDualBound,lpBoundPostVpc,rootDualBound,dualBound,primalBound,vpcGenerationTime,rootDualBoundTime,bestSolutionTime,terminationTime,nodes,iterations,maxTime,actualTerms,numCuts,cutLimit,mipSolver,providePrimalBound,infeasibleTerms,feasibleToInfeasibleTerms,infeasibleToFeasibleTerms,termRemainsFeasibleBasisInfeasible,cutsChangedCoefficients,feasibleTermsPrunedByBound,tighten_disjunction,tighten_matrix_perturbation,tighten_infeasible_to_feasible_term,tighten_feasible_to_infeasible_basis
0,0,New,4,49882.002525,49934.835859,49934.835859,50577.033842,51200.000000,51200.000000,17.741028,21.369027,106.486723,106.487654,6676,236060,3600.000000,4,25,70,GUROBI,1,0,0,0,0,0,0,0,0,0,0
1,0,Farkas,4,49879.538505,49932.525349,49932.525349,50720.111303,51186.000000,51191.000000,0.133458,5.020537,944.238297,944.239317,124483,4609254,3600.000000,4,25,0,GUROBI,1,0,0,0,0,0,0,0,0,0,0
2,0,Farkas,4,49878.950700,49931.387179,49931.387179,50677.695381,51183.000000,51188.000000,0.134713,4.219354,891.539425,891.540477,116321,4568096,3600.000000,4,25,0,GUROBI,1,0,0,0,0,0,0,0,0,0,0
3,0,Farkas,4,49878.694697,49931.465102,49931.465102,50679.188399,51187.000000,51192.000000,0.140256,4.299201,881.242703,881.243740,107935,4208650,3600.000000,4,25,0,GUROBI,1,0,0,0,0,0,0,0,0,0,0
4,0,Farkas,4,49881.450637,49933.050189,49933.025498,50707.208276,51188.000000,51193.000000,0.145610,5.302212,1333.200969,1362.040580,167454,5651504,3600.000000,4,25,0,GUROBI,1,0,0,0,0,0,0,0,0,0,0
