instanceIndex,seedIndex,vpcGenerator,terms,lpBound,disjunctiveDualBound,lpBoundPostVpc,rootDualBound,dualBound,primalBound,vpcGenerationTime,rootDualBoundTime,bestSolutionTime,terminationTime,nodes,iterations,maxTime,actualTerms,numCuts,cutLimit,mipSolver,providePrimalBound,infeasibleTerms,feasibleToInfeasibleTerms,infeasibleToFeasibleTerms,termRemainsFeasibleBasisInfeasible,cutsChangedCoefficients,feasibleTermsPrunedByBound,tighten_disjunction,tighten_matrix_perturbation,tighten_infeasible_to_feasible_term,tighten_feasible_to_infeasible_basis
0,0,New,64,49882.002525,49983.842593,49916.132716,50637.560062,51200.000000,51200.000000,64.493349,68.547259,104.446617,118.707965,5962,188167,3600.000000,72,4,70,GUROBI,1,52,0,0,0,0,0,0,0,0,0
1,0,NoDisjunction,64,49879.538505,49978.927543,49914.347006,50606.773795,51186.000000,51191.000000,2.695919,6.335790,1018.736979,1018.738223,127947,4658785,3600.000000,72,4,0,GUROBI,1,52,0,0,0,0,0,0,1,1,1
2,0,NoDisjunction,64,49878.950700,49977.453549,49913.491309,50704.543539,51183.000000,51188.000000,3.017034,8.486224,450.659766,865.415526,102452,3911472,3600.000000,72,4,0,GUROBI,1,52,0,0,0,0,0,0,1,1,1
3,0,NoDisjunction,64,49878.694697,49978.658289,49912.926845,50704.479744,51188.000000,51192.000000,2.926766,8.493303,1205.573903,1205.575186,139214,5122759,3600.000000,72,4,0,GUROBI,1,52,0,0,0,0,0,0,1,1,1
4,0,NoDisjunction,64,49881.450637,49982.167824,49915.813279,50678.450229,51188.000000,51193.000000,2.891768,7.532637,1004.130983,1004.132285,131473,5205199,3600.000000,72,4,0,GUROBI,1,52,0,0,0,0,0,0,1,1,1
