instanceIndex,seedIndex,vpcGenerator,terms,lpBound,disjunctiveDualBound,lpBoundPostVpc,rootDualBound,dualBound,primalBound,vpcGenerationTime,rootDualBoundTime,bestSolutionTime,terminationTime,nodes,iterations,maxTime,actualTerms,numCuts,cutLimit,mipSolver,providePrimalBound,infeasibleTerms,feasibleToInfeasibleTerms,infeasibleToFeasibleTerms,termRemainsFeasibleBasisInfeasible,cutsChangedCoefficients,feasibleTermsPrunedByBound,tighten_disjunction,tighten_matrix_perturbation,tighten_infeasible_to_feasible_term,tighten_feasible_to_infeasible_basis
0,0,New,4,49882.002525,49934.835859,49934.835859,50681.286565,51200.000000,51200.000000,17.227006,22.004531,109.348453,109.349426,8669,264558,3600.000000,4,25,70,GUROBI,1,0,0,0,0,0,0,0,0,0,0
1,0,Matrix,4,49879.538505,49932.525349,49932.525349,50698.651055,51186.000000,51191.000000,0.142896,4.904218,1222.627749,1250.708764,168099,6179931,3600.000000,4,25,0,GUROBI,1,0,0,0,0,0,0,0,1,0,0
2,0,Matrix,4,49878.950700,49931.387179,49931.387179,50668.963854,51183.000000,51188.000000,0.138162,4.564181,1286.646763,1286.647818,179308,6706526,3600.000000,4,25,0,GUROBI,1,0,0,0,0,0,0,0,1,0,0
3,0,Matrix,4,49878.694697,49931.465102,49931.465102,50689.117631,51187.000000,51192.000000,0.150066,4.718416,1105.932645,1262.732105,154678,5202841,3600.000000,4,25,0,GUROBI,1,0,0,0,0,0,0,0,1,0,0
4,0,Matrix,4,49881.450637,49933.050189,49933.025498,50691.282736,51188.000000,51193.000000,0.156683,4.139041,596.398905,964.824501,120881,4557399,3600.000000,4,25,0,GUROBI,1,0,0,0,0,0,0,0,1,0,0
