instanceIndex,seedIndex,vpcGenerator,terms,lpBound,disjunctiveDualBound,lpBoundPostVpc,rootDualBound,dualBound,primalBound,vpcGenerationTime,rootDualBoundTime,bestSolutionTime,terminationTime,nodes,iterations,maxTime,actualTerms,numCuts,cutLimit,mipSolver,providePrimalBound,infeasibleTerms,feasibleToInfeasibleTerms,infeasibleToFeasibleTerms,termRemainsFeasibleBasisInfeasible,cutsChangedCoefficients,feasibleTermsPrunedByBound,tighten_disjunction,tighten_matrix_perturbation,tighten_infeasible_to_feasible_term,tighten_feasible_to_infeasible_basis
0,0,None,64,49882.002525,49882.002525,49882.002525,50659.388074,51200.000000,51200.000000,0.000003,3.927310,97.045544,97.046431,7051,242775,3600.000000,0,0,0,GUROBI,1,0,0,0,0,0,0,0,0,0,0
1,0,None,64,50498.708333,50498.708333,50498.708333,51355.267231,51680.000000,51680.000000,0.000003,3.383076,5.415353,26.207436,1012,26319,3600.000000,0,0,0,GUROBI,1,0,0,0,0,0,0,0,0,0,0
2,0,None,64,50651.321549,50651.321549,50651.321549,51419.426834,51840.000000,51840.000000,0.000003,4.311746,45.724746,45.725616,4768,148147,3600.000000,0,0,0,GUROBI,1,0,0,0,0,0,0,0,0,0,0
3,0,None,64,49882.002525,49882.002525,49882.002525,50669.868954,51200.000000,51200.000000,0.000004,4.201824,126.720996,137.793463,11836,390580,3600.000000,0,0,0,GUROBI,1,0,0,0,0,0,0,0,0,0,0
