instanceIndex,seedIndex,vpcGenerator,terms,lpBound,disjunctiveDualBound,lpBoundPostVpc,rootDualBound,dualBound,primalBound,vpcGenerationTime,rootDualBoundTime,bestSolutionTime,terminationTime,nodes,iterations,maxTime,actualTerms,numCuts,cutLimit,mipSolver,providePrimalBound,infeasibleTerms,feasibleToInfeasibleTerms,infeasibleToFeasibleTerms,termRemainsFeasibleBasisInfeasible,cutsChangedCoefficients,feasibleTermsPrunedByBound,tighten_disjunction,tighten_matrix_perturbation,tighten_infeasible_to_feasible_term,tighten_feasible_to_infeasible_basis
0,0,New,64,49882.002525,49983.842593,49916.132716,50707.899480,51200.000000,51200.000000,71.407615,80.256888,210.957640,210.958666,6158,226420,3600.000000,72,4,70,GUROBI,1,52,0,0,0,0,0,0,0,0,0
1,0,Matrix,64,49879.538505,49978.927543,49914.347006,50649.429013,51186.000000,51191.000000,2.706995,8.947865,756.772340,1456.685741,153305,5527019,3600.000000,72,4,0,GUROBI,1,52,0,0,0,0,0,0,1,0,0
2,0,Matrix,64,49878.950700,49977.453549,49913.491309,50693.059474,51183.000000,51188.000000,3.078456,7.438081,1462.862310,1462.863530,189379,6562068,3600.000000,72,4,0,GUROBI,1,52,0,0,0,0,0,0,1,0,0
3,0,Matrix,64,49878.694697,49978.658289,49912.926845,50686.818527,51187.000000,51192.000000,2.911208,7.377896,859.281498,859.283006,109095,4083158,3600.000000,72,4,0,GUROBI,1,52,0,0,0,0,0,0,1,0,0
4,0,Matrix,64,49881.450637,49982.167824,49915.813279,50661.523923,51188.000000,51193.000000,2.904031,6.935693,1136.025342,1153.246874,134286,4684393,3600.000000,72,4,0,GUROBI,1,52,0,0,0,0,0,0,1,0,0
