instanceIndex,seedIndex,vpcGenerator,terms,lpBound,disjunctiveDualBound,lpBoundPostVpc,rootDualBound,dualBound,primalBound,vpcGenerationTime,rootDualBoundTime,bestSolutionTime,terminationTime,nodes,iterations,maxTime,actualTerms,numCuts,cutLimit,mipSolver,providePrimalBound,infeasibleTerms,feasibleToInfeasibleTerms,infeasibleToFeasibleTerms,termRemainsFeasibleBasisInfeasible,cutsChangedCoefficients,feasibleTermsPrunedByBound,tighten_disjunction,tighten_matrix_perturbation,tighten_infeasible_to_feasible_term,tighten_feasible_to_infeasible_basis
0,0,New,4,49882.002525,49934.835859,49934.835859,50663.154692,51200.000000,51200.000000,17.230567,21.129435,84.668133,84.669066,4397,195078,3600.000000,4,25,70,GUROBI,1,0,0,0,0,0,0,0,0,0,0
1,0,New,4,50498.708333,50550.035273,50550.024613,51388.063295,51680.000000,51680.000000,26.291133,30.152776,48.430419,48.431425,1259,32106,3600.000000,12,65,65,GUROBI,1,10,0,0,0,0,0,0,0,0,0
2,0,New,4,50651.321549,50673.638468,50672.527357,51411.322635,51840.000000,51840.000000,5.170317,9.515475,56.340410,56.341528,3920,113208,3600.000000,14,5,58,GUROBI,1,12,0,0,0,0,0,0,0,0,0
3,0,New,4,49882.002525,49934.835859,49934.835859,50657.228150,51200.000000,51200.000000,17.274137,21.314026,115.880133,130.362580,8800,274615,3600.000000,4,25,70,GUROBI,1,0,0,0,0,0,0,0,0,0,0
