instanceIndex,seedIndex,vpcGenerator,terms,lpBound,disjunctiveDualBound,lpBoundPostVpc,rootDualBound,dualBound,primalBound,vpcGenerationTime,rootDualBoundTime,bestSolutionTime,terminationTime,nodes,iterations,maxTime,actualTerms,numCuts,cutLimit,mipSolver,providePrimalBound,infeasibleTerms,feasibleToInfeasibleTerms,infeasibleToFeasibleTerms,termRemainsFeasibleBasisInfeasible,cutsChangedCoefficients,feasibleTermsPrunedByBound,tighten_disjunction,tighten_matrix_perturbation,tighten_infeasible_to_feasible_term,tighten_feasible_to_infeasible_basis
0,0,New,64,49882.002525,49983.842593,49916.132716,50670.877315,51200.000000,51200.000000,44.682955,55.575267,345.142197,361.393534,11638,392065,3600.000000,72,3,70,GUROBI,1,52,0,0,0,0,0,0,0,0,0
1,0,Disjunction,64,49882.002525,49983.842593,49916.132716,50677.230186,51200.000000,51200.000000,1.342024,13.076149,220.826196,220.826788,6893,245460,3600.000000,72,3,0,GUROBI,1,52,0,0,20,0,0,1,0,0,0
2,0,Disjunction,64,49853.021605,49958.905724,49887.688272,50662.863485,51040.000000,51039.999988,1.267086,13.026732,165.121868,165.122492,4157,133705,3600.000000,72,3,0,GUROBI,1,52,0,0,14,0,0,1,0,0,0
3,0,Disjunction,64,49882.002525,49983.842593,49916.132716,50664.169009,51200.000000,51200.000000,1.281009,11.048412,203.349320,231.150507,6502,219985,3600.000000,72,3,0,GUROBI,1,52,0,0,17,0,0,1,0,0,0
4,0,Disjunction,64,49788.669192,49890.509259,49822.669192,50576.905366,51040.000000,51040.000000,1.297142,11.497468,182.240483,182.241089,6560,211844,3600.000000,72,3,0,GUROBI,1,52,0,0,20,0,0,1,0,0,0
