instanceIndex,seedIndex,vpcGenerator,terms,lpBound,disjunctiveDualBound,lpBoundPostVpc,rootDualBound,dualBound,primalBound,vpcGenerationTime,rootDualBoundTime,bestSolutionTime,terminationTime,nodes,iterations,maxTime,actualTerms,numCuts,cutLimit,mipSolver,providePrimalBound,infeasibleTerms,feasibleToInfeasibleTerms,infeasibleToFeasibleTerms,termRemainsFeasibleBasisInfeasible,cutsChangedCoefficients,feasibleTermsPrunedByBound,tighten_disjunction,tighten_matrix_perturbation,tighten_infeasible_to_feasible_term,tighten_feasible_to_infeasible_basis
0,0,None,4,40585.000000,40585.000000,40585.000000,41573.000000,42215.000000,42215.000000,0.000029,0.260206,0.457986,0.461364,100,1698,3600.000000,0,0,0,GUROBI,1,0,0,0,0,0,0,0,0,0,0
1,0,None,4,40585.000000,40585.000000,40585.000000,41568.333333,42215.000000,42215.000000,0.000002,0.228695,0.289200,0.297390,41,1108,3600.000000,0,0,0,GUROBI,1,0,0,0,0,0,0,0,0,0,0
2,0,None,4,40685.000000,40685.000000,40685.000000,41661.699853,42925.000000,42925.000000,0.000002,0.353009,0.423139,0.526168,64,2117,3600.000000,0,0,0,GUROBI,1,0,0,0,0,0,0,0,0,0,0
3,0,None,4,40675.000000,40675.000000,40675.000000,41575.578704,42270.000000,42270.000000,0.000001,0.237463,0.444718,0.451389,100,2209,3600.000000,0,0,0,GUROBI,1,0,0,0,0,0,0,0,0,0,0
4,0,None,4,40585.000000,40585.000000,40585.000000,41572.633333,42215.000000,42215.000000,0.000003,0.272940,0.438611,0.441649,80,1675,3600.000000,0,0,0,GUROBI,1,0,0,0,0,0,0,0,0,0,0
