instanceIndex,seedIndex,vpcGenerator,terms,lpBound,disjunctiveDualBound,lpBoundPostVpc,rootDualBound,dualBound,primalBound,vpcGenerationTime,rootDualBoundTime,bestSolutionTime,terminationTime,nodes,iterations,maxTime,actualTerms,numCuts,cutLimit,mipSolver,providePrimalBound,infeasibleTerms,feasibleToInfeasibleTerms,infeasibleToFeasibleTerms,termRemainsFeasibleBasisInfeasible,cutsChangedCoefficients,feasibleTermsPrunedByBound,tighten_disjunction,tighten_matrix_perturbation,tighten_infeasible_to_feasible_term,tighten_feasible_to_infeasible_basis
0,0,New,4,40585.000000,41085.000000,40672.500000,41571.666667,42215.000000,42215.000000,1.592135,1.870060,2.000466,2.005542,60,1506,3600.000000,4,2,16,GUROBI,1,0,0,0,0,0,0,0,0,0,0
1,0,New,4,40580.041667,41083.041667,40687.208333,41515.214296,42213.000000,42213.000000,0.784490,1.078022,1.190213,1.193199,60,1778,3600.000000,4,2,18,GUROBI,1,0,0,0,0,0,0,0,0,0,0
2,0,New,4,40530.541667,41061.833333,40650.312500,41501.013389,42209.000000,42209.000000,0.808328,1.124812,1.202855,1.217748,41,1458,3600.000000,4,3,16,GUROBI,1,0,0,0,0,0,0,0,0,0,0
3,0,New,4,40578.933333,41081.125000,40803.888889,41306.326269,42211.000000,42211.000000,1.077484,1.398628,1.626876,1.628341,84,2932,3600.000000,6,8,18,GUROBI,1,2,0,0,0,0,0,0,0,0,0
4,0,New,4,40586.708333,40794.625000,40598.351961,41174.865975,42203.000000,42203.000000,1.112664,1.388382,1.579803,1.621590,98,2740,3600.000000,4,18,18,GUROBI,1,0,0,0,0,0,0,0,0,0,0
