instanceIndex,seedIndex,vpcGenerator,terms,lpBound,disjunctiveDualBound,lpBoundPostVpc,rootDualBound,dualBound,primalBound,vpcGenerationTime,rootDualBoundTime,bestSolutionTime,terminationTime,nodes,iterations,maxTime,actualTerms,numCuts,cutLimit,mipSolver,providePrimalBound,infeasibleTerms,feasibleToInfeasibleTerms,infeasibleToFeasibleTerms,termRemainsFeasibleBasisInfeasible,cutsChangedCoefficients,feasibleTermsPrunedByBound,tighten_disjunction,tighten_matrix_perturbation,tighten_infeasible_to_feasible_term,tighten_feasible_to_infeasible_basis
0,0,New,64,40585.000000,41165.000000,40707.500000,41571.363636,42215.000000,42215.000000,4.815738,5.074707,5.296405,5.298595,102,1977,3600.000000,105,3,16,GUROBI,1,100,0,0,0,0,0,0,0,0,0
1,0,Farkas,64,40580.041667,41163.083333,40698.895833,41229.015217,42213.000000,42213.000000,0.882044,1.143821,1.218435,1.471142,140,4375,3600.000000,105,3,0,GUROBI,1,100,0,0,0,0,0,0,0,0,0
2,0,Farkas,64,40530.541667,41152.708333,40650.579167,41501.494042,42209.000000,42209.000000,0.885982,1.188892,1.260889,1.273916,33,1529,3600.000000,105,3,0,GUROBI,1,100,0,0,0,0,0,0,0,0,0
3,0,Farkas,64,40578.933333,41165.666667,40690.933333,41347.866486,42211.000000,42211.000000,0.884806,1.258629,1.393468,1.419554,73,3267,3600.000000,105,3,0,GUROBI,1,100,0,0,0,0,0,0,0,0,0
4,0,Farkas,64,40586.708333,41152.208333,40694.770833,41511.913538,42202.000000,42203.000000,1.006137,1.285820,1.331798,1.339397,45,1593,3600.000000,105,3,0,GUROBI,1,100,0,0,0,0,0,0,0,0,0
