instanceIndex,seedIndex,vpcGenerator,terms,lpBound,disjunctiveDualBound,lpBoundPostVpc,rootDualBound,dualBound,primalBound,vpcGenerationTime,rootDualBoundTime,bestSolutionTime,terminationTime,nodes,iterations,maxTime,actualTerms,numCuts,cutLimit,mipSolver,providePrimalBound,infeasibleTerms,feasibleToInfeasibleTerms,infeasibleToFeasibleTerms,termRemainsFeasibleBasisInfeasible,cutsChangedCoefficients,feasibleTermsPrunedByBound,tighten_disjunction,tighten_matrix_perturbation,tighten_infeasible_to_feasible_term,tighten_feasible_to_infeasible_basis
0,0,New,64,53555.000000,53695.000000,53620.250000,53725.815691,53905.000000,53905.000000,12.149688,12.394734,12.511560,12.598590,81,1928,3600.000000,65,11,11,GUROBI,1,34,0,0,0,0,0,0,0,0,0
1,0,NoDisjunction,64,53555.000000,53695.000000,53620.250000,53725.937778,53905.000000,53905.000000,0.366078,0.616666,0.864054,0.956832,115,2650,3600.000000,65,11,0,GUROBI,1,34,0,0,0,0,0,0,1,1,1
2,0,NoDisjunction,64,53555.000000,53695.000000,53620.250000,53725.937778,53905.000000,53905.000000,1.903913,2.158987,2.408121,2.502229,115,2650,3600.000000,65,11,0,GUROBI,1,34,0,0,0,11,0,0,1,1,1
3,0,NoDisjunction,64,53555.000000,53695.000000,53620.250000,53725.623344,53905.000000,53905.000000,1.946803,2.213583,2.385679,2.494617,92,2256,3600.000000,65,11,0,GUROBI,1,34,0,0,0,11,0,0,1,1,1
4,0,NoDisjunction,64,53555.000000,53695.000000,53620.250000,53725.937778,53905.000000,53905.000000,1.923665,2.179729,2.429837,2.524518,115,2650,3600.000000,65,11,0,GUROBI,1,34,0,0,0,11,0,0,1,1,1
5,0,NoDisjunction,64,53555.000000,53695.000000,53620.250000,53725.518282,53905.000000,53905.000000,0.345942,0.559143,0.743806,0.853847,108,2477,3600.000000,65,11,0,GUROBI,1,34,0,0,0,0,0,0,1,1,1
