instanceIndex,seedIndex,vpcGenerator,terms,lpBound,disjunctiveDualBound,lpBoundPostVpc,rootDualBound,dualBound,primalBound,vpcGenerationTime,rootDualBoundTime,bestSolutionTime,terminationTime,nodes,iterations,maxTime,actualTerms,numCuts,cutLimit,mipSolver,providePrimalBound,infeasibleTerms,feasibleToInfeasibleTerms,infeasibleToFeasibleTerms,termRemainsFeasibleBasisInfeasible,cutsChangedCoefficients,feasibleTermsPrunedByBound,tighten_disjunction,tighten_matrix_perturbation,tighten_infeasible_to_feasible_term,tighten_feasible_to_infeasible_basis
0,0,New,4,53555.000000,53575.000000,53575.000000,53721.789474,53905.000000,53905.000000,0.703133,1.198619,1.775343,1.936539,147,2416,3600.000000,4,3,11,GUROBI,1,0,0,0,0,0,0,0,0,0,0
1,0,Farkas,4,53680.000000,53690.000000,53690.000000,53812.974138,53935.000000,53935.000000,0.022180,0.454495,0.652892,0.701056,43,1287,3600.000000,4,3,0,GUROBI,1,0,0,0,4,0,0,0,0,0,0
2,0,Farkas,4,53730.000000,53750.000000,53750.000000,53943.500000,53975.000000,53975.000000,0.020107,0.205024,0.020107,0.219316,1,620,3600.000000,4,3,0,GUROBI,1,0,0,0,4,0,0,0,0,0,0
3,0,Farkas,4,53670.000000,53690.000000,53690.000000,53854.999992,53944.999992,53944.999992,0.019902,0.308327,0.582646,0.631927,67,1203,3600.000000,4,3,0,GUROBI,1,0,0,0,4,0,0,0,0,0,0
4,0,Farkas,4,53855.000000,53875.000000,53875.000000,54017.612613,54205.000000,54205.000000,0.019982,0.476512,0.897426,0.946808,103,1983,3600.000000,4,3,0,GUROBI,1,0,0,0,4,0,0,0,0,0,0
