instanceIndex,seedIndex,vpcGenerator,terms,lpBound,disjunctiveDualBound,lpBoundPostVpc,rootDualBound,dualBound,primalBound,vpcGenerationTime,rootDualBoundTime,bestSolutionTime,terminationTime,nodes,iterations,maxTime,actualTerms,numCuts,cutLimit,mipSolver,providePrimalBound,infeasibleTerms,feasibleToInfeasibleTerms,infeasibleToFeasibleTerms,termRemainsFeasibleBasisInfeasible,cutsChangedCoefficients,feasibleTermsPrunedByBound,tighten_disjunction,tighten_matrix_perturbation,tighten_infeasible_to_feasible_term,tighten_feasible_to_infeasible_basis
0,0,New,64,53555.000000,53695.000000,53620.250000,53727.142857,53905.000000,53905.000000,11.110004,11.693983,11.968037,12.083669,97,2271,3600.000000,65,11,11,GUROBI,1,34,0,0,0,0,0,0,0,0,0
1,0,Farkas,64,53584.600000,53715.200000,53638.940000,53755.611111,53934.000000,53938.000000,0.550140,0.999775,1.394388,1.433519,85,2222,3600.000000,65,11,0,GUROBI,1,34,0,0,0,0,0,0,0,0,0
2,0,Farkas,64,53561.000000,53698.600000,53625.500000,53731.781670,53916.000000,53916.000000,0.577727,0.959651,1.322116,1.387211,119,2162,3600.000000,65,11,0,GUROBI,1,34,0,0,0,0,0,0,0,0,0
3,0,Farkas,64,53562.400000,53692.533333,53614.883333,53728.482709,53918.000000,53918.000000,0.595175,1.029178,1.247002,1.317883,70,1688,3600.000000,65,11,0,GUROBI,1,34,0,0,0,0,0,0,0,0,0
4,0,Farkas,64,53571.400000,53698.866667,53622.996667,53739.527407,53928.000000,53928.000000,0.586947,0.977306,1.074658,1.396108,107,1997,3600.000000,65,11,0,GUROBI,1,34,0,0,0,0,0,0,0,0,0
