instanceIndex,seedIndex,vpcGenerator,terms,lpBound,disjunctiveDualBound,lpBoundPostVpc,rootDualBound,dualBound,primalBound,vpcGenerationTime,rootDualBoundTime,bestSolutionTime,terminationTime,nodes,iterations,maxTime,actualTerms,numCuts,cutLimit,mipSolver,providePrimalBound,infeasibleTerms,feasibleToInfeasibleTerms,infeasibleToFeasibleTerms,termRemainsFeasibleBasisInfeasible,cutsChangedCoefficients,feasibleTermsPrunedByBound,tighten_disjunction,tighten_matrix_perturbation,tighten_infeasible_to_feasible_term,tighten_feasible_to_infeasible_basis
0,0,New,4,7155.000000,7215.000000,7215.000000,7555.000000,7615.000000,7615.000000,0.290658,1.666171,1.846790,1.846862,12,1702,3600.000000,4,17,26,GUROBI,1,0,0,0,0,0,0,0,0,0,0
1,0,Farkas,4,7156.833333,7205.750000,7205.750000,7488.053400,7604.000000,7604.000000,0.007204,1.284090,1.380542,1.419858,9,877,3600.000000,4,17,0,GUROBI,1,0,0,0,0,0,0,0,0,0,0
2,0,Farkas,4,7154.750000,7217.250000,7216.558140,7501.253968,7611.000000,7611.000000,0.008076,1.288015,1.443519,1.443612,26,1056,3600.000000,4,17,0,GUROBI,1,0,0,0,0,0,0,0,0,0,0
3,0,Farkas,4,7137.500000,7181.250000,7181.250000,7494.438633,7601.000000,7601.000000,0.007414,0.263583,0.438786,0.488309,17,950,3600.000000,4,17,0,GUROBI,1,0,0,0,0,0,0,0,0,0,0
4,0,Farkas,4,7127.000000,7200.250000,7200.250000,7444.501449,7588.000000,7588.000000,0.007054,1.057968,1.374199,1.374290,18,813,3600.000000,4,17,0,GUROBI,1,0,0,0,0,0,0,0,0,0,0
5,0,Farkas,4,7156.000000,7202.875000,7202.875000,7527.775289,7608.000000,7608.000000,0.008022,1.022050,1.071089,1.177984,16,760,3600.000000,4,17,0,GUROBI,1,0,0,0,0,0,0,0,0,0,0
