instanceIndex,seedIndex,vpcGenerator,terms,lpBound,disjunctiveDualBound,lpBoundPostVpc,rootDualBound,dualBound,primalBound,vpcGenerationTime,rootDualBoundTime,bestSolutionTime,terminationTime,nodes,iterations,maxTime,actualTerms,numCuts,cutLimit,mipSolver,providePrimalBound,infeasibleTerms,feasibleToInfeasibleTerms,infeasibleToFeasibleTerms,termRemainsFeasibleBasisInfeasible,cutsChangedCoefficients,feasibleTermsPrunedByBound,tighten_disjunction,tighten_matrix_perturbation,tighten_infeasible_to_feasible_term,tighten_feasible_to_infeasible_basis
0,0,New,64,7155.000000,7335.000000,7313.651925,7535.000000,7615.000000,7615.000000,8.050453,8.811263,8.853554,8.853659,10,1327,3600.000000,74,26,26,GUROBI,1,52,0,0,0,0,0,0,0,0,0
1,0,All,64,7156.833333,7321.250000,7306.917940,7492.700703,7604.000000,7604.000000,0.321042,1.319767,1.424130,1.447123,22,1046,3600.000000,74,26,0,GUROBI,1,52,0,0,0,0,10,1,1,1,1
2,0,All,64,7154.750000,7333.375000,7313.236441,7507.816055,7611.000000,7611.000000,0.308326,1.110482,1.180563,1.180661,15,930,3600.000000,74,26,0,GUROBI,1,52,0,0,0,0,15,1,1,1,1
3,0,All,64,7137.500000,7302.750000,7283.911608,7489.280129,7601.000000,7601.000000,0.324168,1.093619,1.344422,1.344527,26,1073,3600.000000,74,26,0,GUROBI,1,52,0,0,0,0,12,1,1,1,1
4,0,All,64,7127.000000,7302.250000,7279.287841,7472.142857,7588.000000,7588.000000,0.315181,1.078845,1.164700,1.222526,13,825,3600.000000,74,26,0,GUROBI,1,52,0,0,0,0,14,1,1,1,1
5,0,All,64,7156.000000,7332.500000,7305.417590,7530.720006,7608.000000,7608.000000,0.332829,1.085769,1.196555,1.196663,12,823,3600.000000,74,26,0,GUROBI,1,52,0,0,0,0,14,1,1,1,1
