instanceIndex,seedIndex,vpcGenerator,terms,lpBound,disjunctiveDualBound,lpBoundPostVpc,rootDualBound,dualBound,primalBound,vpcGenerationTime,rootDualBoundTime,bestSolutionTime,terminationTime,nodes,iterations,maxTime,actualTerms,numCuts,cutLimit,mipSolver,providePrimalBound,infeasibleTerms,feasibleToInfeasibleTerms,infeasibleToFeasibleTerms,termRemainsFeasibleBasisInfeasible,cutsChangedCoefficients,feasibleTermsPrunedByBound,tighten_disjunction,tighten_matrix_perturbation,tighten_infeasible_to_feasible_term,tighten_feasible_to_infeasible_basis
0,0,New,4,7155.000000,7215.000000,7215.000000,7525.000000,7615.000000,7615.000000,0.359983,0.880183,0.994571,0.994659,15,1404,3600.000000,4,17,26,GUROBI,1,0,0,0,0,0,0,0,0,0,0
1,0,Disjunction,4,7261.029122,7354.082370,7304.309192,7545.371249,7615.000000,7615.000000,0.013721,0.521160,0.554524,0.631710,30,1297,3600.000000,4,17,0,GUROBI,1,0,0,0,4,17,0,1,0,0,0
2,0,Disjunction,4,7162.416818,7221.355777,7191.747157,7488.630377,7545.000000,7545.000000,0.013913,0.424876,0.447415,0.449581,10,570,3600.000000,4,17,0,GUROBI,1,0,0,0,4,17,0,1,0,0,0
3,0,Disjunction,4,7930.000000,7930.000000,7930.000000,8097.661549,8115.000000,8115.000000,0.017355,0.095187,0.017355,0.096292,1,255,3600.000000,4,17,0,GUROBI,1,0,0,0,4,17,0,1,0,0,0
4,0,Disjunction,4,7165.000000,7275.000000,7220.470457,7487.464089,7615.000000,7615.000000,0.012252,0.291749,0.520151,0.524901,48,1458,3600.000000,4,17,0,GUROBI,1,1,1,0,1,17,0,1,0,0,0
5,0,Disjunction,4,7403.938696,7437.817398,7422.240350,7730.758155,7925.000000,7925.000000,0.016179,0.452035,0.710749,0.833654,197,3941,3600.000000,4,17,0,GUROBI,1,0,0,0,4,17,0,1,0,0,0
