instanceIndex,seedIndex,vpcGenerator,terms,lpBound,disjunctiveDualBound,lpBoundPostVpc,rootDualBound,dualBound,primalBound,vpcGenerationTime,rootDualBoundTime,bestSolutionTime,terminationTime,nodes,iterations,maxTime,actualTerms,numCuts,cutLimit,mipSolver,providePrimalBound,infeasibleTerms,feasibleToInfeasibleTerms,infeasibleToFeasibleTerms,termRemainsFeasibleBasisInfeasible,cutsChangedCoefficients,feasibleTermsPrunedByBound,tighten_disjunction,tighten_matrix_perturbation,tighten_infeasible_to_feasible_term,tighten_feasible_to_infeasible_basis
0,0,None,64,7155.000000,7155.000000,7155.000000,7522.413724,7615.000000,7615.000000,0.000007,1.006261,1.186313,1.244649,13,1354,3600.000000,0,0,0,GUROBI,1,0,0,0,0,0,0,0,0,0,0
1,0,None,64,7261.029122,7261.029122,7261.029122,7516.280841,7615.000000,7615.000000,0.000003,0.990214,1.501324,1.501631,40,1350,3600.000000,0,0,0,GUROBI,1,0,0,0,0,0,0,0,0,0,0
2,0,None,64,7162.416818,7162.416818,7162.416818,7518.501644,7545.000000,7545.000000,0.000002,0.933166,1.098141,1.098225,13,639,3600.000000,0,0,0,GUROBI,1,0,0,0,0,0,0,0,0,0,0
3,0,None,64,7930.000000,7930.000000,7930.000000,8084.999970,8115.000000,8115.000000,0.000002,0.216284,0.000002,0.217689,1,206,3600.000000,0,0,0,GUROBI,1,0,0,0,0,0,0,0,0,0,0
4,0,None,64,7165.000000,7165.000000,7165.000000,7553.167213,7615.000000,7615.000000,0.000003,1.135926,1.522024,1.522332,60,1636,3600.000000,0,0,0,GUROBI,1,0,0,0,0,0,0,0,0,0,0
5,0,None,64,7403.938696,7403.938696,7403.938696,7731.492537,7925.000000,7925.000000,0.000003,1.009379,1.877809,1.916397,140,2886,3600.000000,0,0,0,GUROBI,1,0,0,0,0,0,0,0,0,0,0
