instanceIndex,seedIndex,vpcGenerator,terms,lpBound,disjunctiveDualBound,lpBoundPostVpc,rootDualBound,dualBound,primalBound,vpcGenerationTime,rootDualBoundTime,bestSolutionTime,terminationTime,nodes,iterations,maxTime,actualTerms,numCuts,cutLimit,mipSolver,providePrimalBound,infeasibleTerms,feasibleToInfeasibleTerms,infeasibleToFeasibleTerms,termRemainsFeasibleBasisInfeasible,cutsChangedCoefficients,feasibleTermsPrunedByBound,tighten_disjunction,tighten_matrix_perturbation,tighten_infeasible_to_feasible_term,tighten_feasible_to_infeasible_basis
0,0,New,64,7155.000000,7335.000000,7313.651925,7502.142857,7615.000000,7615.000000,8.790597,9.116990,9.164577,9.179369,16,1408,3600.000000,74,26,26,GUROBI,1,52,0,0,0,0,0,0,0,0,0
1,0,Term,64,7140.250000,7319.000000,7297.535735,7483.043750,7601.000000,7601.000000,0.291413,0.595979,0.656016,0.656114,18,1096,3600.000000,74,26,0,GUROBI,1,52,0,0,0,0,0,0,0,1,0
2,0,Term,64,7156.000000,7334.500000,7314.298858,7482.189311,7614.000000,7614.000000,0.304902,0.650189,0.749215,0.749315,33,1356,3600.000000,74,26,0,GUROBI,1,52,0,0,0,0,0,0,0,1,0
3,0,Term,64,7154.750000,7332.500000,7313.346853,7508.035584,7612.000000,7612.000000,0.302485,0.616509,0.653098,0.665542,12,1061,3600.000000,74,26,0,GUROBI,1,52,0,0,0,0,0,0,0,1,0
4,0,Term,64,7164.750000,7346.000000,7325.066822,7503.774105,7622.000000,7622.000000,0.296619,0.667127,0.738142,0.738233,22,1118,3600.000000,74,26,0,GUROBI,1,52,0,0,0,0,0,0,0,1,0
