instanceIndex,seedIndex,vpcGenerator,terms,lpBound,disjunctiveDualBound,lpBoundPostVpc,rootDualBound,dualBound,primalBound,vpcGenerationTime,rootDualBoundTime,bestSolutionTime,terminationTime,nodes,iterations,maxTime,actualTerms,numCuts,cutLimit,mipSolver,providePrimalBound,infeasibleTerms,feasibleToInfeasibleTerms,infeasibleToFeasibleTerms,termRemainsFeasibleBasisInfeasible,cutsChangedCoefficients,feasibleTermsPrunedByBound,tighten_disjunction,tighten_matrix_perturbation,tighten_infeasible_to_feasible_term,tighten_feasible_to_infeasible_basis
0,0,New,4,7155.000000,7215.000000,7215.000000,7538.636364,7615.000000,7615.000000,0.422872,0.779544,0.826058,0.826158,13,1424,3600.000000,4,17,26,GUROBI,1,0,0,0,0,0,0,0,0,0,0
1,0,NoDisjunction,4,7261.029122,7354.082370,7304.309192,7558.585634,7615.000000,7615.000000,0.015704,0.411984,0.494434,0.495411,16,1258,3600.000000,4,17,0,GUROBI,1,0,0,0,4,17,0,0,1,1,1
2,0,NoDisjunction,4,7162.416818,7221.355777,7191.747157,7490.162690,7545.000000,7545.000000,0.017781,0.340384,0.379315,0.381833,11,688,3600.000000,4,17,0,GUROBI,1,0,0,0,4,17,0,0,1,1,1
3,0,NoDisjunction,4,7930.000000,7930.000000,7930.000000,8085.000000,8115.000000,8115.000000,0.021318,0.085430,0.021318,0.086858,1,200,3600.000000,4,17,0,GUROBI,1,0,0,0,4,17,0,0,1,1,1
4,0,NoDisjunction,4,7165.000000,7275.000000,7220.970300,7498.092618,7615.000000,7615.000000,0.125713,0.407224,0.533319,0.533413,39,1368,3600.000000,4,17,0,GUROBI,1,1,1,0,1,17,0,0,1,1,1
5,0,NoDisjunction,4,7403.938696,7437.817398,7422.240350,7745.869093,7925.000000,7925.000000,0.016041,0.405239,0.636020,0.666712,134,3062,3600.000000,4,17,0,GUROBI,1,0,0,0,4,17,0,0,1,1,1
