instanceIndex,seedIndex,vpcGenerator,terms,lpBound,disjunctiveDualBound,lpBoundPostVpc,rootDualBound,dualBound,primalBound,vpcGenerationTime,rootDualBoundTime,bestSolutionTime,terminationTime,nodes,iterations,maxTime,actualTerms,numCuts,cutLimit,mipSolver,providePrimalBound,infeasibleTerms,feasibleToInfeasibleTerms,infeasibleToFeasibleTerms,termRemainsFeasibleBasisInfeasible,cutsChangedCoefficients,feasibleTermsPrunedByBound,tighten_disjunction,tighten_matrix_perturbation,tighten_infeasible_to_feasible_term,tighten_feasible_to_infeasible_basis
0,0,New,64,7155.000000,7335.000000,7313.651925,7555.000000,7615.000000,7615.000000,8.232951,8.809059,8.232951,8.821333,3,1687,3600.000000,74,26,26,GUROBI,1,52,0,0,0,0,0,0,0,0,0
1,0,Disjunction,64,7261.029122,7444.537281,7261.029122,7532.654668,7615.000000,7615.000000,0.352711,0.729636,0.767298,0.770323,10,841,3600.000000,74,26,0,GUROBI,1,52,0,0,22,26,0,1,0,0,0
2,0,Disjunction,64,7162.416818,7296.730769,7162.416818,7463.264194,7545.000000,7545.000000,0.396788,0.613152,0.638403,0.638501,9,489,3600.000000,74,26,0,GUROBI,1,52,0,0,22,26,0,1,0,0,0
3,0,Disjunction,64,7930.000000,7930.000000,7930.000000,8085.000000,8115.000000,8115.000000,0.463407,0.554331,0.463407,0.555957,1,211,3600.000000,74,26,0,GUROBI,1,56,4,0,18,26,0,1,0,0,0
4,0,Disjunction,64,7165.000000,7343.150054,7224.567035,7515.817846,7615.000000,7615.000000,0.396592,0.830116,0.896365,0.896463,15,904,3600.000000,74,26,0,GUROBI,1,54,2,0,13,26,0,1,0,0,0
5,0,Disjunction,64,7403.938696,7489.600000,7403.938696,7724.167890,7925.000000,7925.000000,0.428851,0.764642,1.025682,1.025789,148,2898,3600.000000,74,26,0,GUROBI,1,52,0,0,22,26,0,1,0,0,0
