instanceIndex,seedIndex,vpcGenerator,terms,lpBound,disjunctiveDualBound,lpBoundPostVpc,rootDualBound,dualBound,primalBound,vpcGenerationTime,rootDualBoundTime,bestSolutionTime,terminationTime,nodes,iterations,maxTime,actualTerms,numCuts,cutLimit,mipSolver,providePrimalBound,infeasibleTerms,feasibleToInfeasibleTerms,infeasibleToFeasibleTerms,termRemainsFeasibleBasisInfeasible,cutsChangedCoefficients,feasibleTermsPrunedByBound,tighten_disjunction,tighten_matrix_perturbation,tighten_infeasible_to_feasible_term,tighten_feasible_to_infeasible_basis
0,0,New,64,5678.607089,5762.455696,5732.931535,14694.945083,15078.000000,15078.000000,51.805039,52.769787,51.805039,52.783620,1,4072,3600.000000,64,5,5,GUROBI,1,0,0,0,0,0,0,0,0,0,0
1,0,New,64,3017.751885,4028.751885,4028.751885,12568.345172,13420.000000,13420.000000,63.966561,65.317397,75.429901,75.432702,881,41712,3600.000000,64,19,19,GUROBI,1,0,0,0,0,0,0,0,0,0,0
2,0,New,64,6932.311899,6987.362025,6960.280202,17504.000000,17532.000000,17532.000000,83.469716,84.906321,84.909084,84.913589,3,3423,3600.000000,64,8,8,GUROBI,1,0,0,0,0,0,0,0,0,0,0
3,0,New,64,5909.918130,6579.171521,6437.990756,15809.482464,16543.000000,16543.000000,164.928297,166.650887,170.080971,174.051829,546,18579,3600.000000,64,12,12,GUROBI,1,0,0,0,0,0,0,0,0,0,0
4,0,New,64,6130.036381,6512.543960,6487.581060,15770.575616,16254.000000,16254.000000,111.413292,113.123224,120.735183,120.738574,546,24409,3600.000000,64,15,15,GUROBI,1,0,0,0,0,0,0,0,0,0,0
5,0,New,64,5678.607089,5788.383672,5757.877970,14906.008496,15078.000000,15078.000000,55.107896,56.360561,55.107896,56.369883,1,5233,3600.000000,64,5,5,GUROBI,1,0,0,0,0,0,0,0,0,0,0
