instanceIndex,seedIndex,vpcGenerator,terms,lpBound,disjunctiveDualBound,lpBoundPostVpc,rootDualBound,dualBound,primalBound,vpcGenerationTime,rootDualBoundTime,bestSolutionTime,terminationTime,nodes,iterations,maxTime,actualTerms,numCuts,cutLimit,mipSolver,providePrimalBound,infeasibleTerms,feasibleToInfeasibleTerms,infeasibleToFeasibleTerms,termRemainsFeasibleBasisInfeasible,cutsChangedCoefficients,feasibleTermsPrunedByBound,tighten_disjunction,tighten_matrix_perturbation,tighten_infeasible_to_feasible_term,tighten_feasible_to_infeasible_basis
0,0,New,4,5678.607089,5683.441013,5683.441013,14905.221040,15078.000000,15078.000000,2.135856,2.892651,2.135856,2.896318,1,3175,3600.000000,4,5,5,GUROBI,1,0,0,0,0,0,0,0,0,0,0
1,0,Farkas,4,3017.751885,3017.751885,3017.751885,13101.544801,13420.000000,13420.000000,0.045199,1.035318,13.540341,13.540628,1049,43493,3600.000000,4,5,0,GUROBI,1,0,0,0,1,5,0,0,0,0,0
2,0,Farkas,4,6932.311899,6932.901772,6932.901772,17503.766954,17532.000000,17532.000000,0.045772,1.508286,1.513568,1.515869,2,3778,3600.000000,4,5,0,GUROBI,1,0,0,0,4,5,0,0,0,0,0
3,0,Farkas,4,5909.918130,5912.175040,5912.175040,16281.833306,16543.000000,16543.000000,0.046478,1.195183,1.337580,1.340114,8,4157,3600.000000,4,5,0,GUROBI,1,0,0,0,4,5,0,0,0,0,0
4,0,Farkas,4,6130.036381,6130.036381,6130.036381,15776.623758,16254.000000,16254.000000,0.056385,1.505244,5.336695,9.067657,541,18180,3600.000000,4,5,0,GUROBI,1,0,0,0,4,5,0,0,0,0,0
5,0,Farkas,4,5678.607089,5683.922680,5683.922680,14725.012419,15078.000000,15078.000000,0.048812,1.188164,6.885383,6.887888,535,18055,3600.000000,4,5,0,GUROBI,1,0,0,0,1,5,0,0,0,0,0
