instanceIndex,seedIndex,vpcGenerator,terms,lpBound,disjunctiveDualBound,lpBoundPostVpc,rootDualBound,dualBound,primalBound,vpcGenerationTime,rootDualBoundTime,bestSolutionTime,terminationTime,nodes,iterations,maxTime,actualTerms,numCuts,cutLimit,mipSolver,providePrimalBound,infeasibleTerms,feasibleToInfeasibleTerms,infeasibleToFeasibleTerms,termRemainsFeasibleBasisInfeasible,cutsChangedCoefficients,feasibleTermsPrunedByBound,tighten_disjunction,tighten_matrix_perturbation,tighten_infeasible_to_feasible_term,tighten_feasible_to_infeasible_basis
0,0,New,64,5678.607089,5762.455696,5734.090758,15047.560977,15078.000000,15078.000000,51.942197,53.078232,51.942197,53.082270,1,4716,3600.000000,64,5,5,GUROBI,1,0,0,0,0,0,0,0,0,0,0
1,0,All,64,5678.607089,5762.455696,5734.090758,15076.249114,15078.000000,15078.000000,0.600242,1.651452,0.600242,1.655723,1,4602,3600.000000,64,5,0,GUROBI,1,0,0,0,0,0,0,1,1,1,1
2,0,All,64,5678.607089,5762.455696,5734.090758,15021.523320,15078.000000,15078.000000,0.596502,1.653811,0.596502,1.664559,1,4969,3600.000000,64,5,0,GUROBI,1,0,0,0,0,0,0,1,1,1,1
3,0,All,64,9188.607089,9272.455696,9244.090758,18417.996730,18588.000000,18588.000000,0.631333,1.942915,0.631333,1.963164,1,5395,3600.000000,64,5,0,GUROBI,1,0,0,0,64,0,0,1,1,1,1
4,0,All,64,9735.607089,9819.455696,9780.453916,19076.277975,19135.000000,19135.000000,0.659179,1.693789,0.659179,1.697440,1,3419,3600.000000,64,5,0,GUROBI,1,0,0,0,64,0,0,1,1,1,1
