instanceIndex,seedIndex,vpcGenerator,terms,lpBound,disjunctiveDualBound,lpBoundPostVpc,rootDualBound,dualBound,primalBound,vpcGenerationTime,rootDualBoundTime,bestSolutionTime,terminationTime,nodes,iterations,maxTime,actualTerms,numCuts,cutLimit,mipSolver,providePrimalBound,infeasibleTerms,feasibleToInfeasibleTerms,infeasibleToFeasibleTerms,termRemainsFeasibleBasisInfeasible,cutsChangedCoefficients,feasibleTermsPrunedByBound,tighten_disjunction,tighten_matrix_perturbation,tighten_infeasible_to_feasible_term,tighten_feasible_to_infeasible_basis
0,0,None,64,5678.607089,5678.607089,5678.607089,14703.126324,15078.000000,15078.000000,0.000002,0.712796,0.000002,0.724318,1,2840,3600.000000,0,0,0,GUROBI,1,0,0,0,0,0,0,0,0,0,0
1,0,None,64,3017.751885,3017.751885,3017.751885,12568.345172,13420.000000,13420.000000,0.000001,0.786353,12.145106,12.240009,900,37536,3600.000000,0,0,0,GUROBI,1,0,0,0,0,0,0,0,0,0,0
2,0,None,64,6932.311899,6932.311899,6932.311899,17504.000000,17532.000000,17532.000000,0.000002,1.362858,1.364837,1.367114,2,3775,3600.000000,0,0,0,GUROBI,1,0,0,0,0,0,0,0,0,0,0
3,0,None,64,5909.918130,5909.918130,5909.918130,15639.017453,16543.000000,16543.000000,0.000002,0.970629,3.201932,3.300342,256,7351,3600.000000,0,0,0,GUROBI,1,0,0,0,0,0,0,0,0,0,0
4,0,None,64,6130.036381,6130.036381,6130.036381,15521.955202,16254.000000,16254.000000,0.000002,1.188906,10.488716,10.488970,630,25160,3600.000000,0,0,0,GUROBI,1,0,0,0,0,0,0,0,0,0,0
5,0,None,64,5678.607089,5678.607089,5678.607089,14999.089178,15078.000000,15078.000000,0.000002,0.833693,0.000002,0.841290,1,3928,3600.000000,0,0,0,GUROBI,1,0,0,0,0,0,0,0,0,0,0
