instanceIndex,seedIndex,vpcGenerator,terms,lpBound,disjunctiveDualBound,lpBoundPostVpc,rootDualBound,dualBound,primalBound,vpcGenerationTime,rootDualBoundTime,bestSolutionTime,terminationTime,nodes,iterations,maxTime,actualTerms,numCuts,cutLimit,mipSolver,providePrimalBound,infeasibleTerms,feasibleToInfeasibleTerms,infeasibleToFeasibleTerms,termRemainsFeasibleBasisInfeasible,cutsChangedCoefficients,feasibleTermsPrunedByBound,tighten_disjunction,tighten_matrix_perturbation,tighten_infeasible_to_feasible_term,tighten_feasible_to_infeasible_basis
0,0,New,64,5678.607089,5762.455696,5732.579019,15058.973227,15078.000000,15078.000000,53.774789,54.738882,53.774789,54.742484,1,4002,3600.000000,64,5,5,GUROBI,1,0,0,0,0,0,0,0,0,0,0
1,0,All,64,3017.751885,3018.222735,3017.751885,12568.345172,13420.000000,13420.000000,4.862287,5.745548,13.087149,13.088532,569,34028,3600.000000,64,5,0,GUROBI,1,0,0,0,34,5,0,1,1,1,1
2,0,All,64,6932.311899,6965.879391,6940.298627,17500.525605,17532.000000,17532.000000,0.873151,2.303692,2.328069,2.332561,5,3904,3600.000000,64,5,0,GUROBI,1,0,0,0,64,5,0,1,1,1,1
3,0,All,64,5909.918130,5966.996357,5909.918130,15980.750318,16543.000000,16543.000000,0.781614,2.072636,9.379296,9.379842,541,16568,3600.000000,64,5,0,GUROBI,1,0,0,0,64,5,0,1,1,1,1
4,0,All,64,6130.036381,6143.988883,6130.036381,15525.756365,16254.000000,16254.000000,0.907782,2.457225,6.584539,10.872719,565,18696,3600.000000,64,5,0,GUROBI,1,0,0,0,64,5,0,1,1,1,1
5,0,All,64,5678.607089,5726.055021,5709.090092,15063.685966,15078.000000,15078.000000,3.994807,5.220255,3.994807,5.230331,1,5630,3600.000000,64,5,0,GUROBI,1,0,0,0,11,5,0,1,1,1,1
