instanceIndex,seedIndex,vpcGenerator,terms,lpBound,disjunctiveDualBound,lpBoundPostVpc,rootDualBound,dualBound,primalBound,vpcGenerationTime,rootDualBoundTime,bestSolutionTime,terminationTime,nodes,iterations,maxTime,actualTerms,numCuts,cutLimit,mipSolver,providePrimalBound,infeasibleTerms,feasibleToInfeasibleTerms,infeasibleToFeasibleTerms,termRemainsFeasibleBasisInfeasible,cutsChangedCoefficients,feasibleTermsPrunedByBound,tighten_disjunction,tighten_matrix_perturbation,tighten_infeasible_to_feasible_term,tighten_feasible_to_infeasible_basis
0,0,None,64,5678.607089,5678.607089,5678.607089,15076.052036,15078.000000,15078.000000,0.000002,0.913980,0.000002,0.923878,1,3492,3600.000000,0,0,0,GUROBI,1,0,0,0,0,0,0,0,0,0,0
1,0,None,64,3262.607089,3262.607089,3262.607089,12590.268808,12662.000000,12662.000000,0.000002,0.874487,0.000002,0.884913,1,3812,3600.000000,0,0,0,GUROBI,1,0,0,0,0,0,0,0,0,0,0
2,0,None,64,-2376.079241,-2376.079241,-2376.079241,1618.809539,1622.000000,1622.000000,0.000002,0.651132,0.930890,0.933396,21,2487,3600.000000,0,0,0,GUROBI,1,0,0,0,0,0,0,0,0,0,0
3,0,None,64,-15124.085063,-15124.085063,-15124.085063,-11464.685429,-11318.000000,-11318.000000,0.000002,0.996909,2.602469,2.625341,251,4343,3600.000000,0,0,0,GUROBI,1,0,0,0,0,0,0,0,0,0,0
4,0,None,64,-66572.432911,-66572.432911,-66572.432911,-64614.956586,-64563.000000,-64563.000000,0.000002,0.721348,1.804830,1.807381,83,2717,3600.000000,0,0,0,GUROBI,1,0,0,0,0,0,0,0,0,0,0
5,0,None,64,-24532.346835,-24532.346835,-24532.346835,-22503.605063,-22500.000000,-22500.000000,0.000003,0.435094,0.544127,0.546451,15,1607,3600.000000,0,0,0,GUROBI,1,0,0,0,0,0,0,0,0,0,0
