instanceIndex,seedIndex,vpcGenerator,terms,lpBound,disjunctiveDualBound,lpBoundPostVpc,rootDualBound,dualBound,primalBound,vpcGenerationTime,rootDualBoundTime,bestSolutionTime,terminationTime,nodes,iterations,maxTime,actualTerms,numCuts,cutLimit,mipSolver,providePrimalBound,infeasibleTerms,feasibleToInfeasibleTerms,infeasibleToFeasibleTerms,termRemainsFeasibleBasisInfeasible,cutsChangedCoefficients,feasibleTermsPrunedByBound,tighten_disjunction,tighten_matrix_perturbation,tighten_infeasible_to_feasible_term,tighten_feasible_to_infeasible_basis
0,0,New,64,5678.607089,5762.455696,5732.706323,15019.276424,15078.000000,15078.000000,53.641762,54.715799,53.641762,54.722310,1,4562,3600.000000,64,5,5,GUROBI,1,0,0,0,0,0,0,0,0,0,0
1,0,All,64,3262.607089,3346.455696,3262.607089,12469.139295,12662.000000,12662.000000,0.744974,1.869221,0.744974,1.880773,1,5002,3600.000000,64,5,0,GUROBI,1,0,0,0,0,0,0,1,1,1,1
2,0,All,64,-2376.079241,-2340.372911,-2376.079241,1602.681627,1621.992405,1622.000000,0.841330,1.481545,2.164322,2.412020,113,3672,3600.000000,64,5,0,GUROBI,1,0,0,0,0,0,0,1,1,1,1
3,0,All,64,-15124.085063,-15124.085063,-15124.085063,-11403.327891,-11318.905638,-11318.000000,0.974653,2.136228,2.984994,2.992888,102,3462,3600.000000,64,5,0,GUROBI,1,0,0,0,0,0,0,1,1,1,1
4,0,All,64,-66572.432911,-66571.278481,-66572.432911,-64686.235027,-64563.000000,-64563.000000,1.130714,2.137788,4.372036,4.372518,147,3414,3600.000000,64,5,0,GUROBI,1,0,0,0,0,0,0,1,1,1,1
5,0,All,64,-24532.346835,-24530.972152,-24532.346835,-22503.605063,-22500.000000,-22500.000000,0.966787,1.529336,1.645024,1.648012,15,1622,3600.000000,64,5,0,GUROBI,1,0,0,0,0,0,0,1,1,1,1
