instanceIndex,seedIndex,vpcGenerator,terms,lpBound,disjunctiveDualBound,lpBoundPostVpc,rootDualBound,dualBound,primalBound,vpcGenerationTime,rootDualBoundTime,bestSolutionTime,terminationTime,nodes,iterations,maxTime,actualTerms,numCuts,cutLimit,mipSolver,providePrimalBound,infeasibleTerms,feasibleToInfeasibleTerms,infeasibleToFeasibleTerms,termRemainsFeasibleBasisInfeasible,cutsChangedCoefficients,feasibleTermsPrunedByBound,tighten_disjunction,tighten_matrix_perturbation,tighten_infeasible_to_feasible_term,tighten_feasible_to_infeasible_basis
0,0,New,64,-16646.586017,-16491.988398,-16628.624437,-14367.382919,-14340.781760,-14339.353447,36.760612,37.805729,125.331125,125.331535,10984,369412,3600.000000,64,3,88,GUROBI,1,0,0,0,0,0,0,0,0,0,0
1,0,Farkas,64,-16646.358428,-16491.753713,-16628.394470,-14242.778952,-14229.784771,-14228.424972,0.432401,1.317216,3.099654,4.645561,632,17857,3600.000000,64,3,0,GUROBI,1,9,9,0,4,0,0,0,0,0,0
2,0,Farkas,64,-16647.383772,-16492.813374,-16629.422192,-14269.530375,-14238.114348,-14236.699453,0.432574,1.228502,74.446797,76.566150,11989,346820,3600.000000,64,3,0,GUROBI,1,5,5,0,12,0,0,0,0,0,0
3,0,Farkas,64,-16646.042424,-16491.366928,-16628.039777,-14344.436516,-14322.190113,-14320.785091,0.445577,1.484606,16.786223,29.835546,3699,138789,3600.000000,64,3,0,GUROBI,1,26,26,0,3,0,0,0,0,0,0
4,0,Farkas,64,-16647.908251,-16501.398097,-16632.560116,-13464.442843,-13457.718130,-13457.259119,0.459144,1.009728,1.732253,2.031973,107,6819,3600.000000,64,3,0,GUROBI,1,32,32,0,8,0,0,0,0,0,0
