instanceIndex,seedIndex,vpcGenerator,terms,lpBound,disjunctiveDualBound,lpBoundPostVpc,rootDualBound,dualBound,primalBound,vpcGenerationTime,rootDualBoundTime,bestSolutionTime,terminationTime,nodes,iterations,maxTime,actualTerms,numCuts,cutLimit,mipSolver,providePrimalBound,infeasibleTerms,feasibleToInfeasibleTerms,infeasibleToFeasibleTerms,termRemainsFeasibleBasisInfeasible,cutsChangedCoefficients,feasibleTermsPrunedByBound,tighten_disjunction,tighten_matrix_perturbation,tighten_infeasible_to_feasible_term,tighten_feasible_to_infeasible_basis
0,0,New,64,-16646.586017,-16491.988398,-16628.624437,-14367.398528,-14340.785194,-14339.353447,36.703114,37.728241,96.620842,104.388570,9605,301977,3600.000000,64,3,88,GUROBI,1,0,0,0,0,0,0,0,0,0,0
1,0,New,64,-16673.948234,-16508.053002,-16663.598403,-14465.077962,-14442.960101,-14441.516065,43.038595,44.022062,510.304072,510.304527,44614,1872721,3600.000000,64,4,89,GUROBI,1,0,0,0,0,0,0,0,0,0,0
2,0,New,64,-16668.170199,-16499.382053,-16652.848985,-14414.768907,-14408.011977,-14406.576625,40.616127,41.545699,49.721568,49.890251,705,24977,3600.000000,64,2,89,GUROBI,1,0,0,0,0,0,0,0,0,0,0
3,0,New,64,-16655.957029,-16505.416828,-16644.158924,-14414.742417,-14397.096156,-14395.685488,45.331307,46.257755,171.261613,177.228580,14298,560924,3600.000000,64,4,87,GUROBI,1,0,0,0,0,0,0,0,0,0,0
4,0,New,64,-16660.213391,-16501.410880,-16645.723440,-14449.000503,-14430.364665,-14428.925170,40.875184,41.926441,106.384364,116.262567,7280,289737,3600.000000,64,2,89,GUROBI,1,0,0,0,0,0,0,0,0,0,0
