instanceIndex,seedIndex,vpcGenerator,terms,lpBound,disjunctiveDualBound,lpBoundPostVpc,rootDualBound,dualBound,primalBound,vpcGenerationTime,rootDualBoundTime,bestSolutionTime,terminationTime,nodes,iterations,maxTime,actualTerms,numCuts,cutLimit,mipSolver,providePrimalBound,infeasibleTerms,feasibleToInfeasibleTerms,infeasibleToFeasibleTerms,termRemainsFeasibleBasisInfeasible,cutsChangedCoefficients,feasibleTermsPrunedByBound,tighten_disjunction,tighten_matrix_perturbation,tighten_infeasible_to_feasible_term,tighten_feasible_to_infeasible_basis
0,0,New,4,-16646.586017,-16604.076548,-16632.927170,-14367.093763,-14340.780046,-14339.353447,1.717825,2.293893,51.931878,74.295759,17373,481251,3600.000000,4,5,88,GUROBI,1,0,0,0,0,0,0,0,0,0,0
1,0,NoDisjunction,4,-16673.948234,-16638.259761,-16671.263905,-14465.077962,-14442.948450,-14441.516065,0.025618,0.752841,99.321102,283.257253,36365,1560575,3600.000000,4,5,0,GUROBI,1,0,0,0,4,5,0,0,1,1,1
2,0,NoDisjunction,4,-16668.170199,-16627.000764,-16666.278510,-14414.768907,-14406.893360,-14406.576625,0.025980,0.726478,6.254257,6.791165,785,29156,3600.000000,4,5,0,GUROBI,1,0,0,0,4,5,0,0,1,1,1
3,0,NoDisjunction,4,-16655.957029,-16614.690550,-16651.993255,-14413.597155,-14396.419066,-14395.685488,0.025039,0.668938,55.557089,73.769780,11231,455552,3600.000000,4,5,0,GUROBI,1,0,0,0,4,5,0,0,1,1,1
4,0,NoDisjunction,4,-16660.213391,-16621.010578,-16657.223106,-14449.000503,-14430.367913,-14428.925170,0.025381,0.828073,54.184238,57.645029,7800,339038,3600.000000,4,5,0,GUROBI,1,0,0,0,4,5,0,0,1,1,1
