instanceIndex,seedIndex,vpcGenerator,terms,lpBound,disjunctiveDualBound,lpBoundPostVpc,rootDualBound,dualBound,primalBound,vpcGenerationTime,rootDualBoundTime,bestSolutionTime,terminationTime,nodes,iterations,maxTime,actualTerms,numCuts,cutLimit,mipSolver,providePrimalBound,infeasibleTerms,feasibleToInfeasibleTerms,infeasibleToFeasibleTerms,termRemainsFeasibleBasisInfeasible,cutsChangedCoefficients,feasibleTermsPrunedByBound,tighten_disjunction,tighten_matrix_perturbation,tighten_infeasible_to_feasible_term,tighten_feasible_to_infeasible_basis
0,0,New,4,-16646.586017,-16604.076548,-16632.927170,-14367.372270,-14340.747316,-14339.353447,2.831713,3.824004,56.216421,56.308940,6395,193418,3600.000000,4,5,88,GUROBI,1,0,0,0,0,0,0,0,0,0,0
1,0,All,4,-16659.719475,-16616.039052,-16645.299621,-14374.482813,-14347.389788,-14345.963780,0.033313,1.149576,72.765510,83.429662,11028,346527,3600.000000,4,5,0,GUROBI,1,0,0,0,0,0,0,1,1,1,1
2,0,All,4,-16641.192008,-16597.562679,-16626.767473,-14368.093065,-14340.480479,-14339.048692,0.033882,1.080709,57.731402,65.594976,8289,262820,3600.000000,4,5,0,GUROBI,1,0,0,0,0,0,0,1,1,1,1
3,0,All,4,-16645.463610,-16602.543860,-16631.795661,-14363.173431,-14336.479774,-14335.054728,0.032302,1.011950,71.445877,71.446215,8618,337577,3600.000000,4,5,0,GUROBI,1,0,0,0,0,0,0,1,1,1,1
4,0,All,4,-16657.865106,-16615.608906,-16644.400135,-14378.914422,-14351.309481,-14349.891985,0.034319,1.168735,69.039356,72.293449,9395,288695,3600.000000,4,5,0,GUROBI,1,0,0,0,0,0,0,1,1,1,1
