instanceIndex,seedIndex,vpcGenerator,terms,lpBound,disjunctiveDualBound,lpBoundPostVpc,rootDualBound,dualBound,primalBound,vpcGenerationTime,rootDualBoundTime,bestSolutionTime,terminationTime,nodes,iterations,maxTime,actualTerms,numCuts,cutLimit,mipSolver,providePrimalBound,infeasibleTerms,feasibleToInfeasibleTerms,infeasibleToFeasibleTerms,termRemainsFeasibleBasisInfeasible,cutsChangedCoefficients,feasibleTermsPrunedByBound,tighten_disjunction,tighten_matrix_perturbation,tighten_infeasible_to_feasible_term,tighten_feasible_to_infeasible_basis
0,0,New,64,-16646.586017,-16491.988398,-16628.624437,-14367.341065,-14340.786221,-14339.353447,32.284949,32.972734,140.628639,140.629026,15727,517351,3600.000000,64,3,88,GUROBI,1,0,0,0,0,0,0,0,0,0,0
1,0,NoDisjunction,64,-16659.719475,-16503.306884,-16640.995880,-14374.949408,-14347.392118,-14345.963780,0.389131,1.126963,57.477812,61.173793,9999,319809,3600.000000,64,3,0,GUROBI,1,0,0,0,0,0,0,0,1,1,1
2,0,NoDisjunction,64,-16641.192008,-16485.554773,-16622.273019,-14367.937560,-14340.456711,-14339.048692,0.356900,1.055164,47.881417,54.701621,10521,323290,3600.000000,64,3,0,GUROBI,1,0,0,0,0,0,0,0,1,1,1
3,0,NoDisjunction,64,-16645.463610,-16491.093639,-16627.475582,-14363.002910,-14336.472715,-14335.054728,0.339044,1.114005,76.536166,76.615644,12518,418537,3600.000000,64,3,0,GUROBI,1,0,0,0,0,0,0,0,1,1,1
4,0,NoDisjunction,64,-16657.865106,-16503.706532,-16640.051302,-14378.972933,-14351.326694,-14349.891985,0.321277,1.047325,122.299975,124.450834,21553,714198,3600.000000,64,3,0,GUROBI,1,0,0,0,0,0,0,0,1,1,1
