instanceIndex,seedIndex,vpcGenerator,terms,lpBound,disjunctiveDualBound,lpBoundPostVpc,rootDualBound,dualBound,primalBound,vpcGenerationTime,rootDualBoundTime,bestSolutionTime,terminationTime,nodes,iterations,maxTime,actualTerms,numCuts,cutLimit,mipSolver,providePrimalBound,infeasibleTerms,feasibleToInfeasibleTerms,infeasibleToFeasibleTerms,termRemainsFeasibleBasisInfeasible,cutsChangedCoefficients,feasibleTermsPrunedByBound,tighten_disjunction,tighten_matrix_perturbation,tighten_infeasible_to_feasible_term,tighten_feasible_to_infeasible_basis
0,0,None,4,-16646.586017,-16646.586017,-16646.586017,-14367.515289,-14340.779745,-14339.353447,0.000029,0.769719,21.248978,36.582938,6252,204976,3600.000000,0,0,0,GUROBI,1,0,0,0,0,0,0,0,0,0,0
1,0,None,4,-16639.176249,-16639.176249,-16639.176249,-14366.070630,-14343.755066,-14342.356273,0.000003,0.668441,98.019956,149.734424,23505,847660,3600.000000,0,0,0,GUROBI,1,0,0,0,0,0,0,0,0,0,0
2,0,None,4,-16648.588021,-16648.588021,-16648.588021,-14366.652329,-14348.071218,-14346.637816,0.000003,0.782608,163.422418,193.745172,25266,971207,3600.000000,0,0,0,GUROBI,1,0,0,0,0,0,0,0,0,0,0
3,0,None,4,-16655.114591,-16655.114591,-16655.114591,-14371.752556,-14355.326572,-14353.891863,0.000003,0.890601,53.823914,61.906962,8862,331767,3600.000000,0,0,0,GUROBI,1,0,0,0,0,0,0,0,0,0,0
4,0,None,4,-16644.143861,-16644.143861,-16644.143861,-14371.116393,-14356.875505,-14355.445184,0.000003,0.645965,22.597365,41.342414,5711,214525,3600.000000,0,0,0,GUROBI,1,0,0,0,0,0,0,0,0,0,0
