instanceIndex,seedIndex,vpcGenerator,terms,lpBound,disjunctiveDualBound,lpBoundPostVpc,rootDualBound,dualBound,primalBound,vpcGenerationTime,rootDualBoundTime,bestSolutionTime,terminationTime,nodes,iterations,maxTime,actualTerms,numCuts,cutLimit,mipSolver,providePrimalBound,infeasibleTerms,feasibleToInfeasibleTerms,infeasibleToFeasibleTerms,termRemainsFeasibleBasisInfeasible,cutsChangedCoefficients,feasibleTermsPrunedByBound,tighten_disjunction,tighten_matrix_perturbation,tighten_infeasible_to_feasible_term,tighten_feasible_to_infeasible_basis
0,0,New,4,-11824.657382,-11707.630837,-11816.289733,-9169.857186,-8675.208947,-8674.342607,1.557882,2.286043,11.338679,11.955648,2033,76357,3600.000000,4,2,93,GUROBI,1,0,0,0,0,0,0,0,0,0,0
1,0,NoDisjunction,4,-11836.792659,-11806.114394,-11831.870861,-10634.716559,-10625.334141,-10625.334141,0.026410,0.214765,0.283335,0.295343,28,1861,3600.000000,4,2,0,GUROBI,1,2,2,0,2,2,0,0,1,1,1
2,0,NoDisjunction,4,-12123.881775,-12121.825854,-12123.766459,-11370.632563,-11369.393787,-11369.393787,0.029761,0.206264,0.213529,0.217397,3,1004,3600.000000,4,2,0,GUROBI,1,2,2,0,2,2,0,0,1,1,1
3,0,NoDisjunction,4,-12230.881033,-12230.881033,-12230.881033,-11450.112078,-11438.791958,-11438.791958,0.027106,0.187185,0.223988,0.233353,13,1635,3600.000000,4,2,0,GUROBI,1,0,0,0,4,2,0,0,1,1,1
4,0,NoDisjunction,4,-12062.454994,-12058.996683,-12062.332116,-11185.313065,-11184.951366,-11184.951366,0.028562,0.185665,0.189044,0.190904,3,987,3600.000000,4,2,0,GUROBI,1,2,2,0,2,2,0,0,1,1,1
