instanceIndex,seedIndex,vpcGenerator,terms,lpBound,disjunctiveDualBound,lpBoundPostVpc,rootDualBound,dualBound,primalBound,vpcGenerationTime,rootDualBoundTime,bestSolutionTime,terminationTime,nodes,iterations,maxTime,actualTerms,numCuts,cutLimit,mipSolver,providePrimalBound,infeasibleTerms,feasibleToInfeasibleTerms,infeasibleToFeasibleTerms,termRemainsFeasibleBasisInfeasible,cutsChangedCoefficients,feasibleTermsPrunedByBound,tighten_disjunction,tighten_matrix_perturbation,tighten_infeasible_to_feasible_term,tighten_feasible_to_infeasible_basis
0,0,New,4,-11824.657382,-11707.630837,-11816.289733,-9169.857186,-8675.208947,-8674.342607,2.225175,2.784552,16.395952,17.386717,2033,76357,3600.000000,4,2,93,GUROBI,1,0,0,0,0,0,0,0,0,0,0
1,0,New,4,-11760.250642,-11643.210306,-11739.315325,-9169.281105,-8671.628611,-8670.785287,2.199296,2.749087,14.461695,14.743592,923,51819,3600.000000,4,2,93,GUROBI,1,0,0,0,0,0,0,0,0,0,0
2,0,New,4,-11818.436351,-11702.239610,-11797.986489,-9132.203685,-8669.109833,-8668.514810,2.198707,2.699234,14.877951,14.976660,1741,61930,3600.000000,4,2,92,GUROBI,1,0,0,0,0,0,0,0,0,0,0
3,0,New,4,-12750.833604,-12633.833394,-12743.169375,-10047.124143,-9564.788804,-9564.061363,2.260020,2.773555,12.901366,12.927429,878,41745,3600.000000,4,3,94,GUROBI,1,0,0,0,0,0,0,0,0,0,0
4,0,New,4,-12343.464022,-12226.596152,-12334.837947,-9670.080512,-9194.642681,-9193.759659,2.207226,2.681337,14.827554,14.968985,1043,51762,3600.000000,4,2,93,GUROBI,1,0,0,0,0,0,0,0,0,0,0
