instanceIndex,seedIndex,vpcGenerator,terms,lpBound,disjunctiveDualBound,lpBoundPostVpc,rootDualBound,dualBound,primalBound,vpcGenerationTime,rootDualBoundTime,bestSolutionTime,terminationTime,nodes,iterations,maxTime,actualTerms,numCuts,cutLimit,mipSolver,providePrimalBound,infeasibleTerms,feasibleToInfeasibleTerms,infeasibleToFeasibleTerms,termRemainsFeasibleBasisInfeasible,cutsChangedCoefficients,feasibleTermsPrunedByBound,tighten_disjunction,tighten_matrix_perturbation,tighten_infeasible_to_feasible_term,tighten_feasible_to_infeasible_basis
0,0,New,64,-11824.657382,-11535.368027,-11800.213600,-9169.857186,-8675.208947,-8674.342607,39.877782,40.562367,56.251850,57.350565,2033,76357,3600.000000,64,2,93,GUROBI,1,0,0,0,0,0,0,0,0,0,0
1,0,Disjunction,64,-17434.723286,-17127.835106,-17410.249095,-14433.625980,-13965.641786,-13964.246678,0.495420,1.030865,41.384136,42.083828,4584,187543,3600.000000,64,2,0,GUROBI,1,0,0,0,0,0,0,1,0,0,0
2,0,Disjunction,64,-17608.274762,-17318.534107,-17583.041033,-14748.069491,-14315.782687,-14314.369304,0.457624,0.888518,12.502111,13.455172,1386,50824,3600.000000,64,2,0,GUROBI,1,0,0,0,0,0,0,1,0,0,0
3,0,Disjunction,64,-19434.227962,-19150.764289,-19412.081253,-16479.677026,-16115.470385,-16113.868011,0.459259,1.089180,7.192447,8.309685,1073,33380,3600.000000,64,2,0,GUROBI,1,0,0,0,0,0,0,1,0,0,0
4,0,Disjunction,64,-18664.998210,-18378.556574,-18641.495115,-15737.341369,-15217.440619,-15216.016267,0.454981,1.089460,10.696282,10.975153,761,31929,3600.000000,64,2,0,GUROBI,1,0,0,0,0,0,0,1,0,0,0
