instanceIndex,seedIndex,vpcGenerator,terms,lpBound,disjunctiveDualBound,lpBoundPostVpc,rootDualBound,dualBound,primalBound,vpcGenerationTime,rootDualBoundTime,bestSolutionTime,terminationTime,nodes,iterations,maxTime,actualTerms,numCuts,cutLimit,mipSolver,providePrimalBound,infeasibleTerms,feasibleToInfeasibleTerms,infeasibleToFeasibleTerms,termRemainsFeasibleBasisInfeasible,cutsChangedCoefficients,feasibleTermsPrunedByBound,tighten_disjunction,tighten_matrix_perturbation,tighten_infeasible_to_feasible_term,tighten_feasible_to_infeasible_basis
0,0,New,64,-11824.657382,-11535.368027,-11800.213600,-9169.857186,-8675.208947,-8674.342607,40.988988,41.540787,55.199446,56.192272,2033,76357,3600.000000,64,2,93,GUROBI,1,0,0,0,0,0,0,0,0,0,0
1,0,Basis,64,-17434.723286,-17127.835106,-17410.249095,-14433.625980,-13965.635600,-13964.246678,0.508261,0.936088,20.385294,31.389107,3864,155054,3600.000000,64,2,0,GUROBI,1,0,0,0,0,0,0,0,0,0,1
2,0,Basis,64,-17608.274762,-17318.534107,-17583.041033,-14748.069491,-14315.691688,-14314.369304,0.463246,0.894658,11.366262,11.840811,1177,50035,3600.000000,64,2,0,GUROBI,1,0,0,0,0,0,0,0,0,0,1
3,0,Basis,64,-19434.227962,-19150.764289,-19412.081253,-16479.677026,-16115.470385,-16113.868011,0.463176,0.939109,6.331042,7.305180,1073,33380,3600.000000,64,2,0,GUROBI,1,0,0,0,0,0,0,0,0,0,1
4,0,Basis,64,-18664.998210,-18378.556574,-18641.495115,-15737.341369,-15217.288882,-15216.016267,0.455976,0.944359,9.455797,9.729069,818,35186,3600.000000,64,2,0,GUROBI,1,0,0,0,0,0,0,0,0,0,1
