instanceIndex,seedIndex,vpcGenerator,terms,lpBound,disjunctiveDualBound,lpBoundPostVpc,rootDualBound,dualBound,primalBound,vpcGenerationTime,rootDualBoundTime,bestSolutionTime,terminationTime,nodes,iterations,maxTime,actualTerms,numCuts,cutLimit,mipSolver,providePrimalBound,infeasibleTerms,feasibleToInfeasibleTerms,infeasibleToFeasibleTerms,termRemainsFeasibleBasisInfeasible,cutsChangedCoefficients,feasibleTermsPrunedByBound,tighten_disjunction,tighten_matrix_perturbation,tighten_infeasible_to_feasible_term,tighten_feasible_to_infeasible_basis
0,0,New,64,-11824.657382,-11535.368027,-11800.213600,-9169.857186,-8675.208947,-8674.342607,38.642420,39.191252,52.851033,53.855539,2033,76357,3600.000000,64,2,93,GUROBI,1,0,0,0,0,0,0,0,0,0,0
1,0,Basis,64,-11760.250642,-11460.072151,-11736.780179,-9169.281105,-8671.628611,-8670.785287,0.435873,0.976932,12.884228,13.221768,941,53390,3600.000000,64,2,0,GUROBI,1,0,0,0,0,0,0,0,0,0,1
2,0,Basis,64,-11818.436351,-11527.538303,-11794.255040,-9132.203685,-8669.109833,-8668.514810,0.436351,0.939151,13.108156,13.206512,1741,61930,3600.000000,64,2,0,GUROBI,1,0,0,0,0,0,0,0,0,0,1
3,0,Basis,64,-12750.833604,-12460.533606,-12726.378305,-10047.124143,-9565.016454,-9564.061363,0.434548,0.953846,11.266435,11.290721,896,41864,3600.000000,64,2,0,GUROBI,1,0,0,0,0,0,0,0,0,0,1
4,0,Basis,64,-12343.464022,-12054.369520,-12319.020241,-9670.080512,-9194.644236,-9193.759659,0.425308,0.905713,12.543394,12.623836,913,48679,3600.000000,64,2,0,GUROBI,1,0,0,0,0,0,0,0,0,0,1
