instanceIndex,seedIndex,vpcGenerator,terms,lpBound,disjunctiveDualBound,lpBoundPostVpc,rootDualBound,dualBound,primalBound,vpcGenerationTime,rootDualBoundTime,bestSolutionTime,terminationTime,nodes,iterations,maxTime,actualTerms,numCuts,cutLimit,mipSolver,providePrimalBound,infeasibleTerms,feasibleToInfeasibleTerms,infeasibleToFeasibleTerms,termRemainsFeasibleBasisInfeasible,cutsChangedCoefficients,feasibleTermsPrunedByBound,tighten_disjunction,tighten_matrix_perturbation,tighten_infeasible_to_feasible_term,tighten_feasible_to_infeasible_basis
0,0,New,4,-11824.657382,-11707.630837,-11816.289733,-9169.857186,-8675.208947,-8674.342607,2.445401,2.879832,11.670603,12.316562,2033,76357,3600.000000,4,2,93,GUROBI,1,0,0,0,0,0,0,0,0,0,0
1,0,Farkas,4,-17434.723286,-17317.353469,-17425.985468,-14433.625980,-13965.622481,-13964.246678,0.023566,0.353630,13.166013,20.749811,3781,155834,3600.000000,4,2,0,GUROBI,1,0,0,0,0,0,0,0,0,0,0
2,0,Farkas,4,-17608.274762,-17489.300575,-17599.359077,-14748.069491,-14315.757406,-14314.369304,0.021557,0.358043,6.886016,7.396326,923,42404,3600.000000,4,2,0,GUROBI,1,0,0,0,0,0,0,0,0,0,0
3,0,Farkas,4,-19434.227962,-19320.244165,-19428.019463,-16479.677026,-16115.470385,-16113.868011,0.022794,0.387874,4.701092,5.492214,1073,33380,3600.000000,4,2,0,GUROBI,1,0,0,0,0,0,0,0,0,0,0
4,0,Farkas,4,-18664.998210,-18547.650128,-18655.534858,-15737.341369,-15217.428730,-15216.016267,0.022029,0.399264,7.023344,7.100576,749,32098,3600.000000,4,2,0,GUROBI,1,0,0,0,0,0,0,0,0,0,0
