instanceIndex,seedIndex,vpcGenerator,terms,lpBound,disjunctiveDualBound,lpBoundPostVpc,rootDualBound,dualBound,primalBound,vpcGenerationTime,rootDualBoundTime,bestSolutionTime,terminationTime,nodes,iterations,maxTime,actualTerms,numCuts,cutLimit,mipSolver,providePrimalBound,infeasibleTerms,feasibleToInfeasibleTerms,infeasibleToFeasibleTerms,termRemainsFeasibleBasisInfeasible,cutsChangedCoefficients,feasibleTermsPrunedByBound,tighten_disjunction,tighten_matrix_perturbation,tighten_infeasible_to_feasible_term,tighten_feasible_to_infeasible_basis
0,0,None,4,-11824.657382,-11824.657382,-11824.657382,-9169.857186,-8675.208947,-8674.342607,0.000002,0.562265,14.174019,15.166838,2033,76357,3600.000000,0,0,0,GUROBI,1,0,0,0,0,0,0,0,0,0,0
1,0,None,4,-11823.625999,-11823.625999,-11823.625999,-8284.328061,-8258.195703,-8257.429381,0.000001,0.659651,1.732795,1.838581,243,7006,3600.000000,0,0,0,GUROBI,1,0,0,0,0,0,0,0,0,0,0
2,0,None,4,-11822.498766,-11822.498766,-11822.498766,-8346.488013,-8316.122785,-8315.293702,0.000002,0.594658,131.955784,135.747295,19468,784268,3600.000000,0,0,0,GUROBI,1,0,0,0,0,0,0,0,0,0,0
3,0,None,4,-11823.255524,-11823.255524,-11823.255524,-8130.215334,-8106.766084,-8106.233494,0.000001,0.481090,1.536685,2.530409,526,13911,3600.000000,0,0,0,GUROBI,1,0,0,0,0,0,0,0,0,0,0
4,0,None,4,-11821.615448,-11821.615448,-11821.615448,-8523.632397,-8513.893626,-8513.119107,0.000002,0.638220,1.888259,1.989543,263,10773,3600.000000,0,0,0,GUROBI,1,0,0,0,0,0,0,0,0,0,0
