instanceIndex,seedIndex,vpcGenerator,terms,lpBound,disjunctiveDualBound,lpBoundPostVpc,rootDualBound,dualBound,primalBound,vpcGenerationTime,rootDualBoundTime,bestSolutionTime,terminationTime,nodes,iterations,maxTime,actualTerms,numCuts,cutLimit,mipSolver,providePrimalBound,infeasibleTerms,feasibleToInfeasibleTerms,infeasibleToFeasibleTerms,termRemainsFeasibleBasisInfeasible,cutsChangedCoefficients,feasibleTermsPrunedByBound,tighten_disjunction,tighten_matrix_perturbation,tighten_infeasible_to_feasible_term,tighten_feasible_to_infeasible_basis
0,0,None,64,-11824.657382,-11824.657382,-11824.657382,-9169.857186,-8675.208947,-8674.342607,0.000024,0.551959,14.210008,15.205311,2033,76357,3600.000000,0,0,0,GUROBI,1,0,0,0,0,0,0,0,0,0,0
1,0,None,64,-11823.249033,-11823.249033,-11823.249033,-8541.814647,-8386.458009,-8385.681874,0.000002,0.528810,8.560670,8.991400,734,32736,3600.000000,0,0,0,GUROBI,1,0,0,0,0,0,0,0,0,0,0
2,0,None,64,-11823.857113,-11823.857113,-11823.857113,-8648.580581,-8476.267445,-8475.430039,0.000001,0.558300,9.261938,9.901187,1411,42879,3600.000000,0,0,0,GUROBI,1,0,0,0,0,0,0,0,0,0,0
3,0,None,64,-11823.554147,-11823.554147,-11823.554147,-8826.348015,-8660.451508,-8659.694975,0.000002,0.546268,13.199790,21.072759,2940,99772,3600.000000,0,0,0,GUROBI,1,0,0,0,0,0,0,0,0,0,0
4,0,None,64,-11825.002347,-11825.002347,-11825.002347,-8805.561785,-8575.223358,-8574.407076,0.000001,0.486162,9.249167,9.249431,848,33048,3600.000000,0,0,0,GUROBI,1,0,0,0,0,0,0,0,0,0,0
