instanceIndex,seedIndex,vpcGenerator,terms,lpBound,disjunctiveDualBound,lpBoundPostVpc,rootDualBound,dualBound,primalBound,vpcGenerationTime,rootDualBoundTime,bestSolutionTime,terminationTime,nodes,iterations,maxTime,actualTerms,numCuts,cutLimit,mipSolver,providePrimalBound,infeasibleTerms,feasibleToInfeasibleTerms,infeasibleToFeasibleTerms,termRemainsFeasibleBasisInfeasible,cutsChangedCoefficients,feasibleTermsPrunedByBound,tighten_disjunction,tighten_matrix_perturbation,tighten_infeasible_to_feasible_term,tighten_feasible_to_infeasible_basis
0,0,None,64,-10000.000000,-10000.000000,-10000.000000,-10000.000000,-9000.000000,-9000.000000,0.000032,0.053121,0.107534,0.126606,51,540,3600.000000,0,0,0,GUROBI,1,0,0,0,0,0,0,0,0,0,0
1,0,None,64,-3663.194444,-3663.194444,-3663.194444,-3000.000000,-3000.000000,-3000.000000,0.000002,0.039639,0.040093,0.040266,1,133,3600.000000,0,0,0,GUROBI,1,0,0,0,0,0,0,0,0,0,0
2,0,None,64,-6383.333333,-6383.333333,-6383.333333,-5000.000000,-5000.000000,-5000.000000,0.000002,0.045725,0.046353,0.046579,1,226,3600.000000,0,0,0,GUROBI,1,0,0,0,0,0,0,0,0,0,0
3,0,None,64,-6687.500000,-6687.500000,-6687.500000,-6000.000000,-6000.000000,-6000.000000,0.000003,0.045833,0.046425,0.046663,1,157,3600.000000,0,0,0,GUROBI,1,0,0,0,0,0,0,0,0,0,0
4,0,None,64,-5750.000000,-5750.000000,-5750.000000,-5000.000000,-5000.000000,-5000.000000,0.000003,0.000003,0.037299,0.037939,1,64,3600.000000,0,0,0,GUROBI,1,0,0,0,0,0,0,0,0,0,0
5,0,None,64,-7500.000000,-7500.000000,-7500.000000,-7000.000000,-7000.000000,-7000.000000,0.000003,0.053138,0.053743,0.053997,1,232,3600.000000,0,0,0,GUROBI,1,0,0,0,0,0,0,0,0,0,0
