instanceIndex,seedIndex,vpcGenerator,terms,lpBound,disjunctiveDualBound,lpBoundPostVpc,rootDualBound,dualBound,primalBound,vpcGenerationTime,rootDualBoundTime,bestSolutionTime,terminationTime,nodes,iterations,maxTime,actualTerms,numCuts,cutLimit,mipSolver,providePrimalBound,infeasibleTerms,feasibleToInfeasibleTerms,infeasibleToFeasibleTerms,termRemainsFeasibleBasisInfeasible,cutsChangedCoefficients,feasibleTermsPrunedByBound,tighten_disjunction,tighten_matrix_perturbation,tighten_infeasible_to_feasible_term,tighten_feasible_to_infeasible_basis
0,0,New,4,29915.333333,29926.205128,29915.333333,29948.000000,29948.000000,29948.000000,7.395053,8.485949,7.395053,8.564959,1,4808,3600.000000,4,18,1183,GUROBI,1,0,0,0,0,0,0,0,0,0,0
1,0,NoDisjunction,4,30715.918638,30727.054338,30716.327483,30929.502777,30930.999999,30930.999999,0.290965,3.288071,3.387124,3.395076,4,4416,3600.000000,4,18,0,GUROBI,1,0,0,0,0,0,0,0,1,1,1
2,0,NoDisjunction,4,26561.051705,26573.775932,26562.014287,26772.692576,26774.000000,26774.000000,0.291750,2.621441,0.291750,2.657144,1,3919,3600.000000,4,18,0,GUROBI,1,0,0,0,0,0,0,0,1,1,1
3,0,NoDisjunction,4,34479.494276,34496.187497,34479.748758,34821.333325,34823.000000,34823.000000,0.290877,3.035999,0.290877,3.049910,1,4393,3600.000000,4,18,0,GUROBI,1,0,0,0,0,0,0,0,1,1,1
4,0,NoDisjunction,4,28781.895364,28796.394923,28782.490539,28976.974011,28978.000000,28978.000000,0.261623,2.152252,0.261623,2.170171,1,3902,3600.000000,4,18,0,GUROBI,1,0,0,0,0,0,0,0,1,1,1
5,0,NoDisjunction,4,30453.373102,30466.450175,30455.296077,30759.036959,30760.000000,30760.000000,0.264773,2.791798,0.264773,2.821795,2,3792,3600.000000,4,18,0,GUROBI,1,0,0,0,0,0,0,0,1,1,1
6,0,NoDisjunction,4,29260.147768,29277.786130,29260.147768,29516.717610,29518.000000,29517.999961,0.292602,2.752050,0.292602,2.765026,1,4155,3600.000000,4,18,0,GUROBI,1,0,0,0,0,0,0,0,1,1,1
