instanceIndex,seedIndex,vpcGenerator,terms,lpBound,disjunctiveDualBound,lpBoundPostVpc,rootDualBound,dualBound,primalBound,vpcGenerationTime,rootDualBoundTime,bestSolutionTime,terminationTime,nodes,iterations,maxTime,actualTerms,numCuts,cutLimit,mipSolver,providePrimalBound,infeasibleTerms,feasibleToInfeasibleTerms,infeasibleToFeasibleTerms,termRemainsFeasibleBasisInfeasible,cutsChangedCoefficients,feasibleTermsPrunedByBound,tighten_disjunction,tighten_matrix_perturbation,tighten_infeasible_to_feasible_term,tighten_feasible_to_infeasible_basis
0,0,New,4,-73.550151,-72.634725,-72.634864,-68.184700,-56.000000,-56.000000,0.763950,3.157180,7.993068,65.183246,37682,475062,3600.000000,9,40,40,GUROBI,1,5,0,0,0,0,0,0,0,0,0
1,0,Disjunction,4,-73.550151,-72.634725,-72.634864,-68.317116,-56.000000,-56.000000,0.019004,2.452448,101.880884,194.842173,82970,951706,3600.000000,9,40,0,GUROBI,1,5,0,0,0,0,0,1,0,0,0
2,0,Disjunction,4,-73.550151,-72.634725,-72.634864,-68.184700,-56.000000,-56.000000,0.018599,2.408799,7.254823,110.140426,61904,667950,3600.000000,9,40,0,GUROBI,1,5,0,0,0,0,0,1,0,0,0
3,0,Disjunction,4,-73.550151,-72.634725,-72.634864,-68.391220,-56.000000,-56.000000,0.019317,2.351906,75.668173,157.284354,86002,863366,3600.000000,9,40,0,GUROBI,1,5,0,0,0,0,0,1,0,0,0
4,0,Disjunction,4,-73.463878,-72.537249,-72.543600,-68.035671,-56.000000,-56.000000,0.020557,2.659239,191.051295,223.887241,93031,1106864,3600.000000,9,40,0,GUROBI,1,5,0,0,0,0,0,1,0,0,0
5,0,Disjunction,4,-73.678032,-72.745210,-72.746141,-68.517095,-56.250000,-56.250000,0.019941,2.699540,50.628925,210.426183,89191,1102546,3600.000000,9,40,0,GUROBI,1,5,0,0,0,0,0,1,0,0,0
