instanceIndex,seedIndex,vpcGenerator,terms,lpBound,disjunctiveDualBound,lpBoundPostVpc,rootDualBound,dualBound,primalBound,vpcGenerationTime,rootDualBoundTime,bestSolutionTime,terminationTime,nodes,iterations,maxTime,actualTerms,numCuts,cutLimit,mipSolver,providePrimalBound,infeasibleTerms,feasibleToInfeasibleTerms,infeasibleToFeasibleTerms,termRemainsFeasibleBasisInfeasible,cutsChangedCoefficients,feasibleTermsPrunedByBound,tighten_disjunction,tighten_matrix_perturbation,tighten_infeasible_to_feasible_term,tighten_feasible_to_infeasible_basis
0,0,New,64,-78.073128,-76.354709,-76.383176,-73.331674,-62.000000,-62.000000,9.983780,17.773596,812.777210,812.783815,198536,3744366,3600.000000,70,44,44,GUROBI,1,62,0,0,0,0,0,0,0,0,0
1,0,Matrix,64,-78.073128,-76.354709,-76.384330,-73.424486,-62.000000,-62.000000,1.544210,8.596844,1113.372802,1113.381307,245977,4583341,3600.000000,70,44,0,GUROBI,1,62,0,0,0,43,0,0,1,0,0
2,0,Matrix,64,-78.201256,-76.487672,-76.497238,-73.427453,-62.000000,-62.000000,1.562666,9.294358,1079.499981,1079.573082,296192,5245456,3600.000000,70,44,0,GUROBI,1,62,0,0,0,43,0,0,1,0,0
3,0,Matrix,64,-78.073128,-76.354709,-77.096819,-73.238003,-62.000000,-62.000000,2.415508,10.176579,788.316243,788.325157,221370,3674013,3600.000000,70,44,0,GUROBI,1,57,0,5,0,43,0,0,1,0,0
4,0,Matrix,64,-78.140518,-76.392586,-76.419822,-73.116098,-62.000000,-62.000000,1.595806,10.174807,1362.582888,1362.598649,375271,6723569,3600.000000,70,44,0,GUROBI,1,62,0,0,1,44,0,0,1,0,0
