instanceIndex,seedIndex,vpcGenerator,terms,lpBound,disjunctiveDualBound,lpBoundPostVpc,rootDualBound,dualBound,primalBound,vpcGenerationTime,rootDualBoundTime,bestSolutionTime,terminationTime,nodes,iterations,maxTime,actualTerms,numCuts,cutLimit,mipSolver,providePrimalBound,infeasibleTerms,feasibleToInfeasibleTerms,infeasibleToFeasibleTerms,termRemainsFeasibleBasisInfeasible,cutsChangedCoefficients,feasibleTermsPrunedByBound,tighten_disjunction,tighten_matrix_perturbation,tighten_infeasible_to_feasible_term,tighten_feasible_to_infeasible_basis
0,0,New,4,-78.073128,-77.243722,-77.511287,-73.254311,-62.000000,-62.000000,3.176243,10.190278,1034.069753,1034.087215,286255,5227093,3600.000000,25,36,44,GUROBI,1,21,0,0,0,0,0,0,0,0,0
1,0,New,4,-78.157145,-77.128470,-77.462260,-73.067954,-62.250000,-62.250000,3.512820,11.928674,1289.576759,1289.872378,345974,5810711,3600.000000,27,44,44,GUROBI,1,23,0,0,0,0,0,0,0,0,0
2,0,New,4,-78.073128,-77.243722,-77.519721,-72.971486,-62.000000,-62.000000,2.874235,13.406269,439.339762,614.633411,159735,2647579,3600.000000,25,36,44,GUROBI,1,21,0,0,0,0,0,0,0,0,0
3,0,New,4,-78.187386,-77.278746,-77.699309,-73.133877,-62.000000,-62.000000,2.968579,11.925254,1537.072432,1537.183043,470486,6734815,3600.000000,27,35,45,GUROBI,1,23,0,0,0,0,0,0,0,0,0
4,0,New,4,-78.073128,-77.243722,-77.377894,-73.238603,-62.000000,-62.000000,2.752371,9.450968,1222.756400,1222.817433,354285,5340031,3600.000000,25,35,44,GUROBI,1,21,0,0,0,0,0,0,0,0,0
