instanceIndex,seedIndex,vpcGenerator,terms,lpBound,disjunctiveDualBound,lpBoundPostVpc,rootDualBound,dualBound,primalBound,vpcGenerationTime,rootDualBoundTime,bestSolutionTime,terminationTime,nodes,iterations,maxTime,actualTerms,numCuts,cutLimit,mipSolver,providePrimalBound,infeasibleTerms,feasibleToInfeasibleTerms,infeasibleToFeasibleTerms,termRemainsFeasibleBasisInfeasible,cutsChangedCoefficients,feasibleTermsPrunedByBound,tighten_disjunction,tighten_matrix_perturbation,tighten_infeasible_to_feasible_term,tighten_feasible_to_infeasible_basis
0,0,New,64,-78.073128,-76.354709,-76.383176,-73.305055,-62.000000,-62.000000,9.785829,17.384225,1293.321623,1293.335515,347852,6228556,3600.000000,70,44,44,GUROBI,1,62,0,0,0,0,0,0,0,0,0
1,0,All,64,-78.157145,-76.404445,-76.469452,-72.947342,-62.250000,-62.250000,0.279235,9.564051,703.149243,780.552689,220491,3628066,3600.000000,70,44,0,GUROBI,1,62,0,0,0,0,0,1,1,1,1
2,0,All,64,-78.073128,-76.354709,-76.383176,-73.397793,-62.000000,-62.000000,0.275517,7.085073,1118.814887,1118.847991,298202,4792120,3600.000000,70,44,0,GUROBI,1,62,0,0,0,0,0,1,1,1,1
3,0,All,64,-78.187386,-76.354709,-76.426559,-73.145479,-62.000000,-62.000000,0.268666,7.902165,1134.975844,1135.032561,325394,5053925,3600.000000,70,44,0,GUROBI,1,62,0,0,0,0,0,1,1,1,1
4,0,All,64,-78.073128,-76.354709,-76.383176,-73.541334,-62.000000,-62.000000,0.278867,6.895303,858.870759,858.901794,233200,3232665,3600.000000,70,44,0,GUROBI,1,62,0,0,0,0,0,1,1,1,1
