instanceIndex,seedIndex,vpcGenerator,terms,lpBound,disjunctiveDualBound,lpBoundPostVpc,rootDualBound,dualBound,primalBound,vpcGenerationTime,rootDualBoundTime,bestSolutionTime,terminationTime,nodes,iterations,maxTime,actualTerms,numCuts,cutLimit,mipSolver,providePrimalBound,infeasibleTerms,feasibleToInfeasibleTerms,infeasibleToFeasibleTerms,termRemainsFeasibleBasisInfeasible,cutsChangedCoefficients,feasibleTermsPrunedByBound,tighten_disjunction,tighten_matrix_perturbation,tighten_infeasible_to_feasible_term,tighten_feasible_to_infeasible_basis
0,0,None,64,-78.073128,-78.073128,-78.073128,-73.302663,-62.000000,-62.000000,0.000023,7.854040,830.108893,830.118791,210991,3897157,3600.000000,0,0,0,GUROBI,1,0,0,0,0,0,0,0,0,0,0
1,0,None,64,-77.801163,-77.801163,-77.801163,-72.836210,-62.000000,-62.000000,0.000003,6.982601,532.467074,532.470254,140700,2512257,3600.000000,0,0,0,GUROBI,1,0,0,0,0,0,0,0,0,0,0
2,0,None,64,-78.073128,-78.073128,-78.073128,-73.093787,-62.000000,-62.000000,0.000002,7.320139,1011.537348,1011.551533,283351,5048961,3600.000000,0,0,0,GUROBI,1,0,0,0,0,0,0,0,0,0,0
3,0,None,64,-78.073128,-78.073128,-78.073128,-72.929136,-61.000000,-61.000000,0.000002,8.206828,1173.954039,1269.734942,373491,6462942,3600.000000,0,0,0,GUROBI,1,0,0,0,0,0,0,0,0,0,0
4,0,None,64,-78.193629,-78.193629,-78.193629,-73.819880,-61.000000,-61.000000,0.000002,5.548308,237.002615,957.790368,232053,4487806,3600.000000,0,0,0,GUROBI,1,0,0,0,0,0,0,0,0,0,0
