instanceIndex,seedIndex,vpcGenerator,terms,lpBound,disjunctiveDualBound,lpBoundPostVpc,rootDualBound,dualBound,primalBound,vpcGenerationTime,rootDualBoundTime,bestSolutionTime,terminationTime,nodes,iterations,maxTime,actualTerms,numCuts,cutLimit,mipSolver,providePrimalBound,infeasibleTerms,feasibleToInfeasibleTerms,infeasibleToFeasibleTerms,termRemainsFeasibleBasisInfeasible,cutsChangedCoefficients,feasibleTermsPrunedByBound,tighten_disjunction,tighten_matrix_perturbation,tighten_infeasible_to_feasible_term,tighten_feasible_to_infeasible_basis
0,0,New,64,-73.550151,-70.672895,-70.987114,-68.463526,-56.000000,-56.000000,4.486218,5.433732,11.876265,65.056440,48765,629502,3600.000000,73,40,40,GUROBI,1,57,0,0,0,0,0,0,0,0,0
1,0,Basis,64,-73.550151,-70.672895,-70.987114,-68.326754,-56.000000,-56.000000,0.135964,1.315239,5.444567,49.250787,48143,615112,3600.000000,73,40,0,GUROBI,1,57,0,0,0,33,0,0,0,0,1
2,0,Basis,64,-73.550151,-70.672895,-70.987114,-68.506963,-56.000000,-56.000000,0.131938,1.000027,30.278557,69.468614,49727,647582,3600.000000,73,40,0,GUROBI,1,57,0,0,0,35,0,0,0,0,1
3,0,Basis,64,-73.550151,-70.672895,-70.986927,-68.476144,-56.000000,-56.000000,0.135270,1.272136,36.608613,71.120613,42477,574906,3600.000000,73,40,0,GUROBI,1,57,0,0,0,40,0,0,0,0,1
4,0,Basis,64,-73.550151,-70.672895,-70.987114,-68.463526,-56.000000,-56.000000,0.129722,1.101804,24.507506,76.364133,53521,714981,3600.000000,73,40,0,GUROBI,1,57,0,0,0,0,0,0,0,0,1
5,0,Basis,64,-73.550151,-72.293488,-73.550151,-68.497036,-56.000000,-56.000000,0.134984,1.365461,9.063812,45.798927,45329,541631,3600.000000,73,40,0,GUROBI,1,54,0,3,0,40,0,0,0,0,1
