instanceIndex,seedIndex,vpcGenerator,terms,lpBound,disjunctiveDualBound,lpBoundPostVpc,rootDualBound,dualBound,primalBound,vpcGenerationTime,rootDualBoundTime,bestSolutionTime,terminationTime,nodes,iterations,maxTime,actualTerms,numCuts,cutLimit,mipSolver,providePrimalBound,infeasibleTerms,feasibleToInfeasibleTerms,infeasibleToFeasibleTerms,termRemainsFeasibleBasisInfeasible,cutsChangedCoefficients,feasibleTermsPrunedByBound,tighten_disjunction,tighten_matrix_perturbation,tighten_infeasible_to_feasible_term,tighten_feasible_to_infeasible_basis
0,0,New,4,-78.073128,-77.243722,-77.511287,-73.459019,-62.000000,-62.000000,2.811255,9.596585,203.468651,353.408992,85730,1670709,3600.000000,25,36,44,GUROBI,1,21,0,0,0,0,0,0,0,0,0
1,0,New,4,-77.801163,-76.978049,-77.450709,-72.691868,-62.000000,-62.000000,4.376297,11.623385,734.542950,734.553067,180159,3418055,3600.000000,38,37,44,GUROBI,1,34,0,0,0,0,0,0,0,0,0
2,0,New,4,-78.073128,-77.172369,-77.536990,-72.898562,-62.000000,-62.000000,3.369559,11.565727,989.382355,989.388505,270837,5007833,3600.000000,28,39,44,GUROBI,1,24,0,0,0,0,0,0,0,0,0
3,0,New,4,-78.073128,-77.243722,-77.261816,-73.101917,-61.000000,-61.000000,1.279224,8.966089,418.896535,768.032573,176183,3163208,3600.000000,4,44,44,GUROBI,1,0,0,0,0,0,0,0,0,0,0
4,0,New,4,-78.193629,-77.364223,-77.695959,-73.445157,-61.000000,-61.000000,1.987666,9.587417,919.176228,1215.854302,333775,5805306,3600.000000,26,21,44,GUROBI,1,22,0,0,0,0,0,0,0,0,0
