instanceIndex,seedIndex,vpcGenerator,terms,lpBound,disjunctiveDualBound,lpBoundPostVpc,rootDualBound,dualBound,primalBound,vpcGenerationTime,rootDualBoundTime,bestSolutionTime,terminationTime,nodes,iterations,maxTime,actualTerms,numCuts,cutLimit,mipSolver,providePrimalBound,infeasibleTerms,feasibleToInfeasibleTerms,infeasibleToFeasibleTerms,termRemainsFeasibleBasisInfeasible,cutsChangedCoefficients,feasibleTermsPrunedByBound,tighten_disjunction,tighten_matrix_perturbation,tighten_infeasible_to_feasible_term,tighten_feasible_to_infeasible_basis
0,0,New,64,-73.550151,-70.672895,-70.987114,-68.463526,-56.000000,-56.000000,7.448298,9.304258,152.027230,203.852314,81257,1022348,3600.000000,73,40,40,GUROBI,1,57,0,0,0,0,0,0,0,0,0
1,0,Basis,64,-73.550151,-70.672895,-70.987114,-68.672070,-56.000000,-56.000000,0.168782,2.146750,10.541830,152.621435,65901,752589,3600.000000,73,40,0,GUROBI,1,57,0,0,0,0,0,0,0,0,1
2,0,Basis,64,-73.550151,-70.672895,-70.987114,-68.463526,-56.000000,-56.000000,0.163134,2.013810,2.383731,183.237130,76096,889415,3600.000000,73,40,0,GUROBI,1,57,0,0,0,0,0,0,0,0,1
3,0,Basis,64,-73.550151,-70.672895,-70.987114,-68.463526,-56.000000,-56.000000,0.173368,2.038068,117.706629,328.649319,126721,1549178,3600.000000,73,40,0,GUROBI,1,57,0,0,0,0,0,0,0,0,1
4,0,Basis,64,-73.463878,-70.599709,-70.885946,-68.211665,-56.000000,-56.000000,0.167505,2.289516,25.197771,103.811209,55575,617523,3600.000000,73,40,0,GUROBI,1,57,0,0,0,0,0,0,0,0,1
5,0,Basis,64,-73.678032,-70.922895,-71.083653,-68.860502,-56.250000,-56.250000,0.164940,2.095739,56.126181,142.249623,74917,767558,3600.000000,73,40,0,GUROBI,1,57,0,0,0,0,0,0,0,0,1
