instanceIndex,seedIndex,vpcGenerator,terms,lpBound,disjunctiveDualBound,lpBoundPostVpc,rootDualBound,dualBound,primalBound,vpcGenerationTime,rootDualBoundTime,bestSolutionTime,terminationTime,nodes,iterations,maxTime,actualTerms,numCuts,cutLimit,mipSolver,providePrimalBound,infeasibleTerms,feasibleToInfeasibleTerms,infeasibleToFeasibleTerms,termRemainsFeasibleBasisInfeasible,cutsChangedCoefficients,feasibleTermsPrunedByBound,tighten_disjunction,tighten_matrix_perturbation,tighten_infeasible_to_feasible_term,tighten_feasible_to_infeasible_basis
0,0,New,64,-78.073128,-76.354709,-76.383176,-73.331674,-62.000000,-62.000000,9.984604,17.874126,1200.042394,1200.057438,320016,5787704,3600.000000,70,44,44,GUROBI,1,62,0,0,0,0,0,0,0,0,0
1,0,Farkas,64,-77.801163,-76.213906,-76.246735,-72.722745,-62.000000,-62.000000,0.270004,8.464636,1162.353309,1162.363391,270389,4650933,3600.000000,70,44,0,GUROBI,1,64,2,0,0,0,0,0,0,0,0
2,0,Farkas,64,-78.073128,-76.352078,-76.383176,-73.542998,-62.000000,-62.000000,0.262527,6.328471,1298.451609,1298.464482,410217,6661113,3600.000000,70,44,0,GUROBI,1,62,0,0,6,0,0,0,0,0,0
3,0,Farkas,64,-78.073128,-76.353556,-76.383176,-73.345524,-61.000000,-61.000000,0.262669,7.931346,189.440591,666.909630,158230,3104937,3600.000000,70,44,0,GUROBI,1,62,0,0,5,0,0,0,0,0,0
4,0,Farkas,64,-78.193629,-76.475210,-76.503677,-73.397995,-61.000000,-61.000000,0.274652,7.259320,1133.124580,1309.044037,360269,6511345,3600.000000,70,44,0,GUROBI,1,62,0,0,0,0,0,0,0,0,0
