instanceIndex,seedIndex,vpcGenerator,terms,lpBound,disjunctiveDualBound,lpBoundPostVpc,rootDualBound,dualBound,primalBound,vpcGenerationTime,rootDualBoundTime,bestSolutionTime,terminationTime,nodes,iterations,maxTime,actualTerms,numCuts,cutLimit,mipSolver,providePrimalBound,infeasibleTerms,feasibleToInfeasibleTerms,infeasibleToFeasibleTerms,termRemainsFeasibleBasisInfeasible,cutsChangedCoefficients,feasibleTermsPrunedByBound,tighten_disjunction,tighten_matrix_perturbation,tighten_infeasible_to_feasible_term,tighten_feasible_to_infeasible_basis
0,0,New,4,-78.073128,-77.243722,-77.511287,-73.459019,-62.000000,-62.000000,3.129548,9.928243,1573.992042,1574.006936,363964,6091252,3600.000000,25,36,44,GUROBI,1,21,0,0,0,0,0,0,0,0,0
1,0,Term,4,-78.073128,-77.243722,-77.508508,-73.170991,-62.000000,-62.000000,0.094500,8.950022,810.917401,810.920117,199981,3675407,3600.000000,25,36,0,GUROBI,1,21,0,0,0,1,0,0,0,1,0
2,0,Term,4,-78.201256,-77.380083,-77.600204,-73.493533,-62.000000,-62.000000,0.097898,5.977821,1215.063650,1215.068220,331717,6065694,3600.000000,25,36,0,GUROBI,1,21,0,0,1,1,0,0,0,1,0
3,0,Term,4,-78.073128,-77.243722,-77.511287,-72.922207,-62.000000,-62.000000,0.123917,8.662083,885.889318,885.896579,236125,4155902,3600.000000,25,36,0,GUROBI,1,21,0,0,0,1,0,0,0,1,0
4,0,Term,4,-78.140518,-77.316812,-77.568545,-73.123489,-62.000000,-62.000000,0.101659,8.551200,1207.903094,1207.914820,370724,6029342,3600.000000,25,36,0,GUROBI,1,21,0,0,0,1,0,0,0,1,0
