instanceIndex,seedIndex,vpcGenerator,terms,lpBound,disjunctiveDualBound,lpBoundPostVpc,rootDualBound,dualBound,primalBound,vpcGenerationTime,rootDualBoundTime,bestSolutionTime,terminationTime,nodes,iterations,maxTime,actualTerms,numCuts,cutLimit,mipSolver,providePrimalBound,infeasibleTerms,feasibleToInfeasibleTerms,infeasibleToFeasibleTerms,termRemainsFeasibleBasisInfeasible,cutsChangedCoefficients,feasibleTermsPrunedByBound,tighten_disjunction,tighten_matrix_perturbation,tighten_infeasible_to_feasible_term,tighten_feasible_to_infeasible_basis
0,0,None,4,332.566077,332.566077,332.566077,332.957317,340.000000,340.000000,0.000040,47.773590,86.683042,86.683404,13,95087,3600.000000,0,0,0,GUROBI,1,0,0,0,0,0,0,0,0,0,0
1,0,None,4,333.098149,333.098149,333.098149,333.543682,350.000000,350.000000,0.000025,63.090740,135.779104,135.779483,31,105729,3600.000000,0,0,0,GUROBI,1,0,0,0,0,0,0,0,0,0,0
2,0,None,4,333.594189,333.594189,333.594189,333.851128,340.000000,340.000000,0.000055,24.327182,47.277561,47.279725,5,46908,3600.000000,0,0,0,GUROBI,1,0,0,0,0,0,0,0,0,0,0
3,0,None,4,332.568429,332.568429,332.568429,332.903348,340.000000,340.000000,0.000014,65.003985,99.038309,99.038688,11,64985,3600.000000,0,0,0,GUROBI,1,0,0,0,0,0,0,0,0,0,0
4,0,None,4,333.572903,333.572903,333.572903,333.921382,340.000000,340.000000,0.000021,62.493627,92.352790,96.817417,9,67161,3600.000000,0,0,0,GUROBI,1,0,0,0,0,0,0,0,0,0,0
5,0,None,4,333.039797,333.039797,333.039797,333.442501,340.000000,340.000000,0.000066,20.078096,30.932365,30.932657,7,54740,3600.000000,0,0,0,GUROBI,1,0,0,0,0,0,0,0,0,0,0
