instanceIndex,seedIndex,vpcGenerator,terms,lpBound,disjunctiveDualBound,lpBoundPostVpc,rootDualBound,dualBound,primalBound,vpcGenerationTime,rootDualBoundTime,bestSolutionTime,terminationTime,nodes,iterations,maxTime,actualTerms,numCuts,cutLimit,mipSolver,providePrimalBound,infeasibleTerms,feasibleToInfeasibleTerms,infeasibleToFeasibleTerms,termRemainsFeasibleBasisInfeasible,cutsChangedCoefficients,feasibleTermsPrunedByBound,tighten_disjunction,tighten_matrix_perturbation,tighten_infeasible_to_feasible_term,tighten_feasible_to_infeasible_basis
0,0,None,4,-931.638851,-931.638851,-931.638851,-780.408061,-132.873137,-132.873137,0.000002,1.260668,11.531772,16.720402,2635,108986,3600.000000,0,0,0,GUROBI,1,0,0,0,0,0,0,0,0,0,0
1,0,None,4,-1001.411554,-1001.411554,-1001.411554,-954.358988,-337.402040,-337.402040,0.000003,0.682560,17.803089,17.967246,1859,120814,3600.000000,0,0,0,GUROBI,1,0,0,0,0,0,0,0,0,0,0
2,0,None,4,-954.351195,-954.351195,-954.351195,-921.758316,-271.826915,-271.826915,0.000002,0.900302,23.189967,23.259450,2679,155001,3600.000000,0,0,0,GUROBI,1,0,0,0,0,0,0,0,0,0,0
3,0,None,4,-964.162028,-964.162028,-964.162028,-898.981433,-246.682036,-246.682036,0.000001,0.601004,19.451653,19.542133,1958,110775,3600.000000,0,0,0,GUROBI,1,0,0,0,0,0,0,0,0,0,0
4,0,None,4,-991.191327,-991.191327,-991.191327,-956.489720,-282.194909,-282.172040,0.000002,0.699281,27.215710,27.574056,2444,145272,3600.000000,0,0,0,GUROBI,1,0,0,0,0,0,0,0,0,0,0
5,0,None,4,-956.800164,-956.800164,-956.800164,-907.672818,-237.344478,-237.344478,0.000002,0.528383,36.355396,36.512928,3609,215292,3600.000000,0,0,0,GUROBI,1,0,0,0,0,0,0,0,0,0,0
