instanceIndex,seedIndex,vpcGenerator,terms,lpBound,disjunctiveDualBound,lpBoundPostVpc,rootDualBound,dualBound,primalBound,vpcGenerationTime,rootDualBoundTime,bestSolutionTime,terminationTime,nodes,iterations,maxTime,actualTerms,numCuts,cutLimit,mipSolver,providePrimalBound,infeasibleTerms,feasibleToInfeasibleTerms,infeasibleToFeasibleTerms,termRemainsFeasibleBasisInfeasible,cutsChangedCoefficients,feasibleTermsPrunedByBound,tighten_disjunction,tighten_matrix_perturbation,tighten_infeasible_to_feasible_term,tighten_feasible_to_infeasible_basis
0,0,New,4,14274.102667,14279.427542,14277.756365,15590.418446,16029.692681,16029.692681,3.891125,4.562262,4.755166,4.755397,36,3417,3600.000000,4,47,47,GUROBI,1,0,0,0,0,0,0,0,0,0,0
1,0,NoDisjunction,4,14263.519460,14268.279067,14266.957193,15799.639613,16005.692681,16005.692681,0.064935,0.879059,0.951529,0.951762,23,2637,3600.000000,4,47,0,GUROBI,1,0,0,0,0,0,0,0,1,1,1
2,0,NoDisjunction,4,14274.658171,14280.724657,14278.346696,15545.829456,16032.692681,16032.692681,0.066824,0.699839,0.952226,0.952460,53,3289,3600.000000,4,47,0,GUROBI,1,0,0,0,0,0,0,0,1,1,1
3,0,NoDisjunction,4,14278.351546,14283.870806,14282.125990,15679.042951,16023.692681,16023.692681,0.066416,0.772923,1.008382,1.008616,46,3707,3600.000000,4,47,0,GUROBI,1,0,0,0,0,0,0,0,1,1,1
4,0,NoDisjunction,4,14274.582340,14279.360082,14278.016586,15330.756511,16025.387217,16025.692681,0.066229,0.603750,0.718392,0.880440,66,4191,3600.000000,4,47,0,GUROBI,1,0,0,0,0,0,0,0,1,1,1
5,0,NoDisjunction,4,14274.123536,14279.663747,14277.699214,15659.081632,16023.692681,16023.692681,0.065460,0.695587,1.079886,1.080120,52,3050,3600.000000,4,47,0,GUROBI,1,0,0,0,0,0,0,0,1,1,1
