instanceIndex,seedIndex,vpcGenerator,terms,lpBound,disjunctiveDualBound,lpBoundPostVpc,rootDualBound,dualBound,primalBound,vpcGenerationTime,rootDualBoundTime,bestSolutionTime,terminationTime,nodes,iterations,maxTime,actualTerms,numCuts,cutLimit,mipSolver,providePrimalBound,infeasibleTerms,feasibleToInfeasibleTerms,infeasibleToFeasibleTerms,termRemainsFeasibleBasisInfeasible,cutsChangedCoefficients,feasibleTermsPrunedByBound,tighten_disjunction,tighten_matrix_perturbation,tighten_infeasible_to_feasible_term,tighten_feasible_to_infeasible_basis
0,0,New,4,14274.102667,14279.427542,14277.756365,15604.135146,16029.692681,16029.692681,4.120872,4.902858,5.109138,5.138752,40,3778,3600.000000,4,47,47,GUROBI,1,0,0,0,0,0,0,0,0,0,0
1,0,Basis,4,14258.054250,14263.898629,14261.886220,15627.612167,16034.892681,16034.892681,0.066809,1.069994,1.227166,1.240341,39,4291,3600.000000,4,47,0,GUROBI,1,0,0,0,0,0,0,0,0,0,1
2,0,Basis,4,14294.705152,14297.521818,14297.521818,15491.409704,16022.992681,16023.992681,0.068875,0.700669,0.793355,0.860374,47,2662,3600.000000,4,47,0,GUROBI,1,0,0,0,0,0,0,0,0,0,1
3,0,Basis,4,14321.450944,14324.774988,14324.774988,15722.417518,16030.892681,16030.892681,0.068994,0.794108,0.899988,0.961655,32,2960,3600.000000,4,47,0,GUROBI,1,0,0,0,0,0,0,0,0,0,1
4,0,Basis,4,14268.029356,14273.392370,14270.254891,15683.416532,16009.092681,16009.092681,0.067674,0.904687,0.977327,1.010852,24,3162,3600.000000,4,47,0,GUROBI,1,0,0,0,0,0,0,0,0,0,1
