instanceIndex,seedIndex,vpcGenerator,terms,lpBound,disjunctiveDualBound,lpBoundPostVpc,rootDualBound,dualBound,primalBound,vpcGenerationTime,rootDualBoundTime,bestSolutionTime,terminationTime,nodes,iterations,maxTime,actualTerms,numCuts,cutLimit,mipSolver,providePrimalBound,infeasibleTerms,feasibleToInfeasibleTerms,infeasibleToFeasibleTerms,termRemainsFeasibleBasisInfeasible,cutsChangedCoefficients,feasibleTermsPrunedByBound,tighten_disjunction,tighten_matrix_perturbation,tighten_infeasible_to_feasible_term,tighten_feasible_to_infeasible_basis
0,0,New,4,12907.779167,13557.342500,13453.620591,15388.931208,16029.692681,16029.692681,1.993842,2.388150,2.533194,2.554767,42,3416,3600.000000,4,10,10,GUROBI,1,0,0,0,0,0,0,0,0,0,0
1,0,New,4,12907.779167,13557.342500,13419.747230,15289.445080,16029.692681,16029.692681,0.978550,1.325969,1.377814,1.424566,35,2494,3600.000000,4,10,10,GUROBI,1,0,0,0,0,0,0,0,0,0,0
2,0,New,4,12907.779167,13557.342500,13317.638234,15727.920923,16029.692681,16029.692681,1.270970,1.725989,1.867413,1.875984,57,3325,3600.000000,4,10,10,GUROBI,1,0,0,0,0,0,0,0,0,0,0
3,0,New,4,12907.779167,13557.342500,13312.429042,15621.053506,16029.692681,16029.692681,1.012269,1.464379,1.552745,1.564231,36,2688,3600.000000,4,10,10,GUROBI,1,0,0,0,0,0,0,0,0,0,0
4,0,New,4,12940.070833,13605.284167,13532.095278,15670.182329,16029.692681,16029.692681,1.078963,1.477326,1.642218,1.649194,36,2157,3600.000000,4,10,10,GUROBI,1,0,0,0,0,0,0,0,0,0,0
5,0,New,4,12907.779167,13557.342500,13432.500848,15633.632940,16029.692681,16029.692681,0.888234,1.372657,1.455631,1.482829,50,3012,3600.000000,4,10,10,GUROBI,1,1,0,0,0,0,0,0,0,0,0
