instanceIndex,seedIndex,vpcGenerator,terms,lpBound,disjunctiveDualBound,lpBoundPostVpc,rootDualBound,dualBound,primalBound,vpcGenerationTime,rootDualBoundTime,bestSolutionTime,terminationTime,nodes,iterations,maxTime,actualTerms,numCuts,cutLimit,mipSolver,providePrimalBound,infeasibleTerms,feasibleToInfeasibleTerms,infeasibleToFeasibleTerms,termRemainsFeasibleBasisInfeasible,cutsChangedCoefficients,feasibleTermsPrunedByBound,tighten_disjunction,tighten_matrix_perturbation,tighten_infeasible_to_feasible_term,tighten_feasible_to_infeasible_basis
0,0,New,64,12907.779167,14174.326667,13170.662500,15444.015038,16029.692681,16029.692681,9.563562,9.970810,10.033796,10.078057,30,2864,3600.000000,65,10,10,GUROBI,1,50,0,0,0,0,0,0,0,0,0
1,0,Matrix,64,12906.695833,14136.510000,13165.204167,15622.924045,16041.111014,16041.892681,0.397542,0.769503,0.848417,0.848669,35,1872,3600.000000,65,10,0,GUROBI,1,50,0,0,0,0,0,0,1,0,0
2,0,Matrix,64,12900.237500,14181.386667,13164.120833,15713.684707,16012.592681,16012.592681,0.357115,0.854385,0.928098,0.928341,34,2033,3600.000000,65,10,0,GUROBI,1,50,0,0,0,0,0,0,1,0,0
3,0,Matrix,64,12902.820833,14168.906667,13164.495833,15462.337969,16011.992681,16011.992681,0.390636,0.842511,0.934553,1.037018,54,3427,3600.000000,65,10,0,GUROBI,1,50,0,0,0,0,0,0,1,0,0
4,0,Matrix,64,12910.195833,14175.718333,13172.079167,15713.126825,16026.571301,16027.092681,0.375253,0.901438,1.094859,1.101388,38,2402,3600.000000,65,10,0,GUROBI,1,50,0,0,0,0,0,0,1,0,0
