instanceIndex,seedIndex,vpcGenerator,terms,lpBound,disjunctiveDualBound,lpBoundPostVpc,rootDualBound,dualBound,primalBound,vpcGenerationTime,rootDualBoundTime,bestSolutionTime,terminationTime,nodes,iterations,maxTime,actualTerms,numCuts,cutLimit,mipSolver,providePrimalBound,infeasibleTerms,feasibleToInfeasibleTerms,infeasibleToFeasibleTerms,termRemainsFeasibleBasisInfeasible,cutsChangedCoefficients,feasibleTermsPrunedByBound,tighten_disjunction,tighten_matrix_perturbation,tighten_infeasible_to_feasible_term,tighten_feasible_to_infeasible_basis
0,0,New,64,14274.102667,14429.857863,14283.468268,15602.326716,16029.692681,16029.692681,94.584279,95.565285,95.709794,95.789758,40,4062,3600.000000,65,47,47,GUROBI,1,45,0,0,0,0,0,0,0,0,0
1,0,Matrix,64,14258.054250,14415.645531,14269.487177,15272.850125,16034.392681,16034.892681,0.916306,1.549238,1.825001,1.859578,87,4462,3600.000000,65,47,0,GUROBI,1,45,0,0,0,0,0,0,1,0,0
2,0,Matrix,64,14294.705152,14454.217085,14307.458465,15603.819386,16022.992681,16023.992681,0.929164,1.880829,1.986110,1.986470,32,3238,3600.000000,65,47,0,GUROBI,1,45,0,0,0,0,0,0,1,0,0
3,0,Matrix,64,14321.450944,14474.820093,14328.361203,15675.499140,16030.892681,16030.892681,0.906095,1.638637,1.725519,1.771919,25,2734,3600.000000,65,47,0,GUROBI,1,45,0,0,0,0,0,0,1,0,0
4,0,Matrix,64,14268.029356,14423.653897,14280.162803,15760.520379,16009.092681,16009.092681,0.901922,1.966414,2.034585,2.034927,11,3139,3600.000000,65,47,0,GUROBI,1,45,0,0,0,0,0,0,1,0,0
