instanceIndex,seedIndex,vpcGenerator,terms,lpBound,disjunctiveDualBound,lpBoundPostVpc,rootDualBound,dualBound,primalBound,vpcGenerationTime,rootDualBoundTime,bestSolutionTime,terminationTime,nodes,iterations,maxTime,actualTerms,numCuts,cutLimit,mipSolver,providePrimalBound,infeasibleTerms,feasibleToInfeasibleTerms,infeasibleToFeasibleTerms,termRemainsFeasibleBasisInfeasible,cutsChangedCoefficients,feasibleTermsPrunedByBound,tighten_disjunction,tighten_matrix_perturbation,tighten_infeasible_to_feasible_term,tighten_feasible_to_infeasible_basis
0,0,None,64,12907.779167,12907.779167,12907.779167,15744.006017,16029.692681,16029.692681,0.000028,0.572684,0.671288,0.671478,36,3036,3600.000000,0,0,0,GUROBI,1,0,0,0,0,0,0,0,0,0,0
1,0,None,64,12907.779167,12907.779167,12907.779167,15689.473482,16029.692681,16029.692681,0.000002,0.377400,0.545611,0.560875,40,2388,3600.000000,0,0,0,GUROBI,1,0,0,0,0,0,0,0,0,0,0
2,0,None,64,12907.779167,12907.779167,12907.779167,15486.418683,16029.692548,16029.692548,0.000002,0.392993,0.512855,0.513056,40,2639,3600.000000,0,0,0,GUROBI,1,0,0,0,0,0,0,0,0,0,0
3,0,None,64,12907.779167,12907.779167,12907.779167,15678.560685,16029.692681,16029.692681,0.000003,0.593226,0.634526,0.661471,27,2856,3600.000000,0,0,0,GUROBI,1,0,0,0,0,0,0,0,0,0,0
4,0,None,64,12940.070833,12940.070833,12940.070833,15732.484647,16029.692681,16029.692681,0.000001,0.369287,0.400542,0.428808,26,1999,3600.000000,0,0,0,GUROBI,1,0,0,0,0,0,0,0,0,0,0
5,0,None,64,12907.779167,12907.779167,12907.779167,15673.043723,16029.692681,16029.692681,0.000002,0.593198,0.725709,0.765986,51,4048,3600.000000,0,0,0,GUROBI,1,0,0,0,0,0,0,0,0,0,0
