instanceIndex,seedIndex,vpcGenerator,terms,lpBound,disjunctiveDualBound,lpBoundPostVpc,rootDualBound,dualBound,primalBound,vpcGenerationTime,rootDualBoundTime,bestSolutionTime,terminationTime,nodes,iterations,maxTime,actualTerms,numCuts,cutLimit,mipSolver,providePrimalBound,infeasibleTerms,feasibleToInfeasibleTerms,infeasibleToFeasibleTerms,termRemainsFeasibleBasisInfeasible,cutsChangedCoefficients,feasibleTermsPrunedByBound,tighten_disjunction,tighten_matrix_perturbation,tighten_infeasible_to_feasible_term,tighten_feasible_to_infeasible_basis
0,0,New,4,14274.102667,14279.427542,14277.756365,15785.423587,16029.692681,16029.692681,3.961566,4.950878,5.051026,5.051257,14,3512,3600.000000,4,47,47,GUROBI,1,0,0,0,0,0,0,0,0,0,0
1,0,Basis,4,14263.519460,14268.279067,14266.957193,15731.918426,16005.692681,16005.692681,0.066749,0.741794,0.846515,0.865686,35,2803,3600.000000,4,47,0,GUROBI,1,0,0,0,0,0,0,0,0,0,1
2,0,Basis,4,14274.658171,14280.724657,14278.346696,15656.548820,16032.692681,16032.692681,0.068601,0.815685,0.992258,0.992501,57,3410,3600.000000,4,47,0,GUROBI,1,0,0,0,0,0,0,0,0,0,1
3,0,Basis,4,14278.351546,14283.870806,14282.125990,15715.597119,16023.692681,16023.692681,0.067068,0.864161,0.990789,1.009525,28,3001,3600.000000,4,47,0,GUROBI,1,0,0,0,0,0,0,0,0,0,1
4,0,Basis,4,14274.582340,14279.360082,14278.016586,15627.072624,16025.692681,16025.692681,0.066043,0.721950,0.866583,0.892551,48,3357,3600.000000,4,47,0,GUROBI,1,0,0,0,0,0,0,0,0,0,1
5,0,Basis,4,14274.123536,14279.663747,14277.699214,15759.107743,16023.692681,16023.692681,0.068032,0.719340,0.912809,0.913068,46,2829,3600.000000,4,47,0,GUROBI,1,0,0,0,0,0,0,0,0,0,1
