instanceIndex,seedIndex,vpcGenerator,terms,lpBound,disjunctiveDualBound,lpBoundPostVpc,rootDualBound,dualBound,primalBound,vpcGenerationTime,rootDualBoundTime,bestSolutionTime,terminationTime,nodes,iterations,maxTime,actualTerms,numCuts,cutLimit,mipSolver,providePrimalBound,infeasibleTerms,feasibleToInfeasibleTerms,infeasibleToFeasibleTerms,termRemainsFeasibleBasisInfeasible,cutsChangedCoefficients,feasibleTermsPrunedByBound,tighten_disjunction,tighten_matrix_perturbation,tighten_infeasible_to_feasible_term,tighten_feasible_to_infeasible_basis
0,0,None,4,12907.779167,12907.779167,12907.779167,15413.217394,16029.692681,16029.692681,0.000027,0.377492,0.440954,0.499831,44,2801,3600.000000,0,0,0,GUROBI,1,0,0,0,0,0,0,0,0,0,0
1,0,None,4,13415.826389,13415.826389,13415.826389,16214.627619,16379.972000,16379.972000,0.000002,0.635623,0.786152,0.786346,45,3505,3600.000000,0,0,0,GUROBI,1,0,0,0,0,0,0,0,0,0,0
2,0,None,4,12827.552500,12827.552500,12827.552500,15942.271304,16029.692681,16029.692681,0.000003,0.444246,0.535859,0.540722,16,1547,3600.000000,0,0,0,GUROBI,1,0,0,0,0,0,0,0,0,0,0
3,0,None,4,12870.184206,12870.184206,12870.184206,15906.138232,16033.692681,16033.692681,0.000002,0.640045,0.672354,0.684373,17,2669,3600.000000,0,0,0,GUROBI,1,0,0,0,0,0,0,0,0,0,0
4,0,None,4,13619.040500,13619.040500,13619.040500,16317.302527,16671.032000,16671.032000,0.000003,0.564047,0.667836,0.697388,50,3358,3600.000000,0,0,0,GUROBI,1,0,0,0,0,0,0,0,0,0,0
