instanceIndex,seedIndex,vpcGenerator,terms,lpBound,disjunctiveDualBound,lpBoundPostVpc,rootDualBound,dualBound,primalBound,vpcGenerationTime,rootDualBoundTime,bestSolutionTime,terminationTime,nodes,iterations,maxTime,actualTerms,numCuts,cutLimit,mipSolver,providePrimalBound,infeasibleTerms,feasibleToInfeasibleTerms,infeasibleToFeasibleTerms,termRemainsFeasibleBasisInfeasible,cutsChangedCoefficients,feasibleTermsPrunedByBound,tighten_disjunction,tighten_matrix_perturbation,tighten_infeasible_to_feasible_term,tighten_feasible_to_infeasible_basis
0,0,New,4,14274.102667,14279.427542,14277.756365,15785.423587,16029.692681,16029.692681,3.951910,4.942184,5.042683,5.042922,14,3512,3600.000000,4,47,47,GUROBI,1,0,0,0,0,0,0,0,0,0,0
1,0,Disjunction,4,14263.519460,14268.279067,14266.957193,15731.918426,16005.692681,16005.692681,0.050251,0.726467,0.831694,0.850878,35,2803,3600.000000,4,47,0,GUROBI,1,0,0,0,0,0,0,1,0,0,0
2,0,Disjunction,4,14274.658171,14280.724657,14278.346696,15656.548820,16032.692681,16032.692681,0.051542,0.804223,0.982176,0.982451,57,3410,3600.000000,4,47,0,GUROBI,1,0,0,0,0,0,0,1,0,0,0
3,0,Disjunction,4,14278.351546,14283.870806,14282.125990,15715.597119,16023.692681,16023.692681,0.062189,0.887447,1.018831,1.038262,28,3001,3600.000000,4,47,0,GUROBI,1,0,0,0,0,0,0,1,0,0,0
4,0,Disjunction,4,14274.582340,14279.360082,14278.016586,15627.072624,16025.692681,16025.692681,0.053406,0.728051,0.866478,0.893223,48,3357,3600.000000,4,47,0,GUROBI,1,0,0,0,0,0,0,1,0,0,0
5,0,Disjunction,4,14274.123536,14279.663747,14277.699214,15759.107743,16023.692681,16023.692681,0.053841,0.734109,0.933501,0.933787,46,2829,3600.000000,4,47,0,GUROBI,1,0,0,0,0,0,0,1,0,0,0
