instanceIndex,seedIndex,vpcGenerator,terms,lpBound,disjunctiveDualBound,lpBoundPostVpc,rootDualBound,dualBound,primalBound,vpcGenerationTime,rootDualBoundTime,bestSolutionTime,terminationTime,nodes,iterations,maxTime,actualTerms,numCuts,cutLimit,mipSolver,providePrimalBound,infeasibleTerms,feasibleToInfeasibleTerms,infeasibleToFeasibleTerms,termRemainsFeasibleBasisInfeasible,cutsChangedCoefficients,feasibleTermsPrunedByBound,tighten_disjunction,tighten_matrix_perturbation,tighten_infeasible_to_feasible_term,tighten_feasible_to_infeasible_basis
0,0,New,64,12907.779167,14174.326667,13170.662500,15670.586988,16029.692681,16029.692681,9.231212,9.783239,9.871754,9.879558,28,2970,3600.000000,65,10,10,GUROBI,1,50,0,0,0,0,0,0,0,0,0
1,0,All,64,13415.826389,14177.315833,13543.132144,16311.062212,16379.972000,16379.972000,0.482214,1.228346,1.260840,1.268271,15,3028,3600.000000,65,10,0,GUROBI,1,50,0,0,15,10,0,1,1,1,1
2,0,All,64,12827.552500,14113.406700,13043.241389,15773.746445,16029.692450,16029.692450,1.001631,1.357229,1.396772,1.397061,22,1775,3600.000000,65,10,0,GUROBI,1,50,0,0,10,10,4,1,1,1,1
3,0,All,64,12870.184206,14081.657262,12970.214306,15832.560793,16033.692681,16033.692681,0.438743,0.925385,1.008238,1.043335,18,1899,3600.000000,65,10,0,GUROBI,1,50,0,0,15,10,0,1,1,1,1
4,0,All,64,13619.040500,14371.393000,13825.557167,16300.798230,16671.032000,16671.032000,0.399947,0.951561,1.137160,1.173199,89,3858,3600.000000,65,10,0,GUROBI,1,50,0,0,15,10,0,1,1,1,1
