instanceIndex,seedIndex,vpcGenerator,terms,lpBound,disjunctiveDualBound,lpBoundPostVpc,rootDualBound,dualBound,primalBound,vpcGenerationTime,rootDualBoundTime,bestSolutionTime,terminationTime,nodes,iterations,maxTime,actualTerms,numCuts,cutLimit,mipSolver,providePrimalBound,infeasibleTerms,feasibleToInfeasibleTerms,infeasibleToFeasibleTerms,termRemainsFeasibleBasisInfeasible,cutsChangedCoefficients,feasibleTermsPrunedByBound,tighten_disjunction,tighten_matrix_perturbation,tighten_infeasible_to_feasible_term,tighten_feasible_to_infeasible_basis
0,0,New,4,14274.102667,14279.427542,14277.756365,15722.176494,16029.692681,16029.692681,4.167734,5.132917,5.364005,5.364244,35,4670,3600.000000,4,47,47,GUROBI,1,0,0,0,0,0,0,0,0,0,0
1,0,Farkas,4,14274.102667,14278.849801,14276.830703,15807.979676,16029.692681,16029.692681,0.051383,0.864871,1.032979,1.059109,34,3297,3600.000000,4,47,0,GUROBI,1,0,0,0,0,45,0,0,0,0,0
2,0,Farkas,4,14274.102667,14279.427542,14277.756365,15594.383263,16029.692681,16029.692681,0.049524,0.769553,0.976701,0.976965,46,3600,3600.000000,4,47,0,GUROBI,1,0,0,0,0,47,0,0,0,0,0
3,0,Farkas,4,14215.615477,14219.845680,14218.011606,15573.958904,15884.092681,15884.092681,0.064819,0.865127,1.202381,1.202658,59,5006,3600.000000,4,47,0,GUROBI,1,0,0,0,4,47,0,0,0,0,0
4,0,Farkas,4,14274.102667,14279.427542,14277.756365,15833.333414,16029.692681,16029.692681,0.055553,0.892354,1.020715,1.071177,36,3534,3600.000000,4,47,0,GUROBI,1,0,0,0,0,47,0,0,0,0,0
5,0,Farkas,4,14274.102667,14279.427542,14277.756365,15662.576285,16029.692681,16029.692622,0.045239,0.855154,1.091441,1.142826,32,4279,3600.000000,4,47,0,GUROBI,1,0,0,0,0,47,0,0,0,0,0
