instanceIndex,seedIndex,vpcGenerator,terms,lpBound,disjunctiveDualBound,lpBoundPostVpc,rootDualBound,dualBound,primalBound,vpcGenerationTime,rootDualBoundTime,bestSolutionTime,terminationTime,nodes,iterations,maxTime,actualTerms,numCuts,cutLimit,mipSolver,providePrimalBound,infeasibleTerms,feasibleToInfeasibleTerms,infeasibleToFeasibleTerms,termRemainsFeasibleBasisInfeasible,cutsChangedCoefficients,feasibleTermsPrunedByBound,tighten_disjunction,tighten_matrix_perturbation,tighten_infeasible_to_feasible_term,tighten_feasible_to_infeasible_basis
0,0,New,4,12907.779167,13557.342500,13453.620591,15711.619559,16029.692681,16029.692681,1.133144,1.698921,1.847667,1.867472,34,2833,3600.000000,4,10,10,GUROBI,1,0,0,0,0,0,0,0,0,0,0
1,0,Disjunction,4,12905.570833,13555.134167,13451.982550,15230.355617,16028.692681,16028.692681,0.018118,0.335882,0.455355,0.540672,69,3355,3600.000000,4,10,0,GUROBI,1,0,0,0,0,0,0,1,0,0,0
2,0,Disjunction,4,12911.820833,13559.384167,13456.779905,15556.602330,16023.692681,16023.692681,0.020182,0.427526,0.502902,0.513084,36,2332,3600.000000,4,10,0,GUROBI,1,0,0,0,0,0,0,1,0,0,0
3,0,Disjunction,4,12912.487500,13561.509167,13458.305201,15491.720244,16026.692681,16026.692681,0.020204,0.345934,0.477767,0.514344,45,3280,3600.000000,4,10,0,GUROBI,1,0,0,0,0,0,0,1,0,0,0
4,0,Disjunction,4,12911.890833,13561.454167,13457.136520,15406.972944,16026.692681,16026.692681,0.020631,0.395749,0.543669,0.543880,43,2588,3600.000000,4,10,0,GUROBI,1,0,0,0,0,0,0,1,0,0,0
5,0,Disjunction,4,12907.195833,13555.967500,13452.082123,15714.650645,16027.692681,16027.692681,0.020854,0.633806,0.698626,0.698834,31,2797,3600.000000,4,10,0,GUROBI,1,0,0,0,0,0,0,1,0,0,0
