instanceIndex,seedIndex,vpcGenerator,terms,lpBound,disjunctiveDualBound,lpBoundPostVpc,rootDualBound,dualBound,primalBound,vpcGenerationTime,rootDualBoundTime,bestSolutionTime,terminationTime,nodes,iterations,maxTime,actualTerms,numCuts,cutLimit,mipSolver,providePrimalBound,infeasibleTerms,feasibleToInfeasibleTerms,infeasibleToFeasibleTerms,termRemainsFeasibleBasisInfeasible,cutsChangedCoefficients,feasibleTermsPrunedByBound,tighten_disjunction,tighten_matrix_perturbation,tighten_infeasible_to_feasible_term,tighten_feasible_to_infeasible_basis
0,0,New,64,575.020000,716.670000,657.709096,1599.698723,1652.843229,1653.000000,11.197499,11.588988,78.320007,79.104092,9807,741990,3600.000000,64,43,43,GUROBI,1,2,0,0,0,0,0,0,0,0,0
1,0,Term,64,573.500000,676.440000,622.847133,1595.361056,1650.000000,1650.000000,0.267062,0.674619,49.278686,49.719883,7038,529077,3600.000000,64,43,0,GUROBI,1,2,0,0,0,0,0,0,0,1,0
2,0,Term,64,496.870000,618.980000,549.151238,1559.157468,1613.865092,1614.000000,0.275685,0.769403,69.454840,71.667017,10495,734253,3600.000000,64,43,0,GUROBI,1,2,0,0,0,0,0,0,0,1,0
3,0,Term,64,574.010000,655.910000,617.739339,1579.879672,1648.838527,1649.000000,0.233336,0.709806,65.104045,65.104296,11066,549850,3600.000000,64,43,0,GUROBI,1,2,0,0,0,0,0,0,0,1,0
4,0,Term,64,555.370000,650.680000,583.490839,1558.802682,1612.838706,1613.000000,0.271932,0.739082,26.900940,27.899687,4046,230164,3600.000000,64,43,0,GUROBI,1,2,0,0,0,0,0,0,0,1,0
