instanceIndex,seedIndex,vpcGenerator,terms,lpBound,disjunctiveDualBound,lpBoundPostVpc,rootDualBound,dualBound,primalBound,vpcGenerationTime,rootDualBoundTime,bestSolutionTime,terminationTime,nodes,iterations,maxTime,actualTerms,numCuts,cutLimit,mipSolver,providePrimalBound,infeasibleTerms,feasibleToInfeasibleTerms,infeasibleToFeasibleTerms,termRemainsFeasibleBasisInfeasible,cutsChangedCoefficients,feasibleTermsPrunedByBound,tighten_disjunction,tighten_matrix_perturbation,tighten_infeasible_to_feasible_term,tighten_feasible_to_infeasible_basis
0,0,New,64,575.020000,716.670000,657.709096,1595.961582,1652.836119,1653.000000,16.388407,17.058363,123.887552,124.046311,9881,817448,3600.000000,64,43,43,GUROBI,1,2,0,0,0,0,0,0,0,0,0
1,0,Farkas,64,534.277892,618.472111,550.209637,1575.934656,1653.836360,1654.000000,0.390406,1.012349,662.196215,662.196608,44664,3769614,3600.000000,64,43,0,GUROBI,1,2,0,0,62,43,0,0,0,0,0
2,0,Farkas,64,556.679706,669.368307,592.873156,1590.380134,1683.832418,1684.000000,0.339247,1.152537,2579.400399,2675.445507,147297,10725616,3600.000000,64,43,0,GUROBI,1,2,0,0,62,43,0,0,0,0,0
3,0,Farkas,64,512.615982,615.794351,518.647215,1491.630189,1596.648902,1617.500000,0.369980,1.399916,3213.173178,3600.373194,131080,11187432,3600.000000,64,43,0,GUROBI,1,2,0,0,62,43,0,0,0,0,0
4,0,Farkas,64,541.525182,637.730632,553.308827,1592.363549,1683.213684,1712.000000,0.382668,2.400217,2848.650093,3600.393064,130858,7472725,3600.000000,64,43,0,GUROBI,1,2,0,0,62,43,0,0,0,0,0
5,0,Farkas,64,544.343676,639.653718,559.062773,1569.053227,1648.502161,1648.666667,0.400542,2.128369,1436.946533,1436.946871,62950,4487746,3600.000000,64,43,0,GUROBI,1,2,0,0,62,43,0,0,0,0,0
