instanceIndex,seedIndex,vpcGenerator,terms,lpBound,disjunctiveDualBound,lpBoundPostVpc,rootDualBound,dualBound,primalBound,vpcGenerationTime,rootDualBoundTime,bestSolutionTime,terminationTime,nodes,iterations,maxTime,actualTerms,numCuts,cutLimit,mipSolver,providePrimalBound,infeasibleTerms,feasibleToInfeasibleTerms,infeasibleToFeasibleTerms,termRemainsFeasibleBasisInfeasible,cutsChangedCoefficients,feasibleTermsPrunedByBound,tighten_disjunction,tighten_matrix_perturbation,tighten_infeasible_to_feasible_term,tighten_feasible_to_infeasible_basis
0,0,New,64,575.020000,716.670000,657.709096,1599.417956,1652.854194,1653.000000,16.328555,17.166519,104.441605,105.097640,8003,470179,3600.000000,64,43,43,GUROBI,1,2,0,0,0,0,0,0,0,0,0
1,0,Basis,64,570.770000,712.230000,654.628968,1592.036896,1652.836932,1653.000000,0.335630,1.157923,168.304424,174.950323,12875,797413,3600.000000,64,43,0,GUROBI,1,2,0,0,0,0,0,0,0,0,1
2,0,Basis,64,572.610000,712.510000,653.698667,1597.880684,1657.883396,1658.000000,0.322145,1.112029,174.542776,175.055270,13479,917056,3600.000000,64,43,0,GUROBI,1,2,0,0,0,0,0,0,0,0,1
3,0,Basis,64,569.840000,705.160000,643.090155,1588.206377,1644.930980,1645.000000,0.341728,1.166724,57.329269,57.329598,4369,328111,3600.000000,64,43,0,GUROBI,1,2,0,0,0,0,0,0,0,0,1
4,0,Basis,64,575.040000,717.490000,656.791475,1604.588315,1657.847944,1658.000000,0.323331,1.216182,187.214486,187.214795,14144,916199,3600.000000,64,43,0,GUROBI,1,2,0,0,0,0,0,0,0,0,1
5,0,Basis,64,572.630000,711.640000,653.900367,1597.802832,1652.842104,1653.000000,0.321521,1.101039,54.477157,56.638661,5993,278321,3600.000000,64,43,0,GUROBI,1,2,0,0,0,0,0,0,0,0,1
