instanceIndex,seedIndex,vpcGenerator,terms,lpBound,disjunctiveDualBound,lpBoundPostVpc,rootDualBound,dualBound,primalBound,vpcGenerationTime,rootDualBoundTime,bestSolutionTime,terminationTime,nodes,iterations,maxTime,actualTerms,numCuts,cutLimit,mipSolver,providePrimalBound,infeasibleTerms,feasibleToInfeasibleTerms,infeasibleToFeasibleTerms,termRemainsFeasibleBasisInfeasible,cutsChangedCoefficients,feasibleTermsPrunedByBound,tighten_disjunction,tighten_matrix_perturbation,tighten_infeasible_to_feasible_term,tighten_feasible_to_infeasible_basis
0,0,New,4,575.020000,641.080000,624.769000,1600.655809,1652.923093,1653.000000,0.333286,0.985305,74.867773,74.867958,6708,504153,3600.000000,4,6,43,GUROBI,1,0,0,0,0,0,0,0,0,0,0
1,0,NoDisjunction,4,570.770000,636.570000,623.046598,1596.194821,1652.890954,1653.000000,0.017414,0.677527,75.057639,81.772637,9296,473310,3600.000000,4,6,0,GUROBI,1,0,0,0,0,0,0,0,1,1,1
2,0,NoDisjunction,4,572.610000,639.220000,620.552000,1591.320877,1657.915336,1658.000000,0.017640,0.601742,172.834848,172.835057,11613,842056,3600.000000,4,6,0,GUROBI,1,0,0,0,0,0,0,0,1,1,1
3,0,NoDisjunction,4,569.840000,632.440000,616.862078,1595.165121,1644.851572,1645.000000,0.012487,0.562094,61.703915,62.094029,7506,441798,3600.000000,4,6,0,GUROBI,1,0,0,0,0,0,0,0,1,1,1
4,0,NoDisjunction,4,575.040000,639.110000,624.851000,1614.832998,1657.874864,1658.000000,0.011260,0.604761,83.477024,83.917983,8069,606755,3600.000000,4,6,0,GUROBI,1,0,0,0,0,0,0,0,1,1,1
5,0,NoDisjunction,4,572.630000,638.000000,621.928000,1606.518087,1652.842319,1653.000000,0.013512,0.593850,81.772174,84.321664,9562,494569,3600.000000,4,6,0,GUROBI,1,0,0,0,0,0,0,0,1,1,1
