instanceIndex,seedIndex,vpcGenerator,terms,lpBound,disjunctiveDualBound,lpBoundPostVpc,rootDualBound,dualBound,primalBound,vpcGenerationTime,rootDualBoundTime,bestSolutionTime,terminationTime,nodes,iterations,maxTime,actualTerms,numCuts,cutLimit,mipSolver,providePrimalBound,infeasibleTerms,feasibleToInfeasibleTerms,infeasibleToFeasibleTerms,termRemainsFeasibleBasisInfeasible,cutsChangedCoefficients,feasibleTermsPrunedByBound,tighten_disjunction,tighten_matrix_perturbation,tighten_infeasible_to_feasible_term,tighten_feasible_to_infeasible_basis
0,0,New,64,2691.439469,2847.575183,2834.251233,3045.641060,3251.687203,3252.000000,4.562060,5.002934,25.621640,25.621797,9586,242941,3600.000000,64,18,18,GUROBI,1,0,0,0,0,0,0,0,0,0,0
1,0,New,64,2776.563221,2932.472744,2903.415468,3144.591502,3252.000000,3252.000000,3.825931,4.056707,8.008097,8.065162,1525,36146,3600.000000,64,18,18,GUROBI,1,0,0,0,0,0,0,0,0,0,0
2,0,New,64,2637.198288,2825.591702,2740.146485,3105.378032,3251.716420,3252.000000,3.661327,3.999747,13.828334,14.607838,5018,115509,3600.000000,64,18,18,GUROBI,1,0,0,0,0,0,0,0,0,0,0
3,0,New,64,2605.179029,2820.738477,2802.476370,3092.741717,3302.669864,3303.000000,4.400927,4.688966,68.313304,68.345531,23898,639261,3600.000000,64,19,19,GUROBI,1,0,0,0,0,0,0,0,0,0,0
4,0,New,64,2849.758516,3046.374101,3022.136686,3244.844106,3454.715208,3455.000000,4.292052,4.675278,22.367342,22.367526,4890,145771,3600.000000,64,20,20,GUROBI,1,0,0,0,0,0,0,0,0,0,0
