instanceIndex,seedIndex,vpcGenerator,terms,lpBound,disjunctiveDualBound,lpBoundPostVpc,rootDualBound,dualBound,primalBound,vpcGenerationTime,rootDualBoundTime,bestSolutionTime,terminationTime,nodes,iterations,maxTime,actualTerms,numCuts,cutLimit,mipSolver,providePrimalBound,infeasibleTerms,feasibleToInfeasibleTerms,infeasibleToFeasibleTerms,termRemainsFeasibleBasisInfeasible,cutsChangedCoefficients,feasibleTermsPrunedByBound,tighten_disjunction,tighten_matrix_perturbation,tighten_infeasible_to_feasible_term,tighten_feasible_to_infeasible_basis
0,0,New,4,2691.439469,2738.395926,2738.395926,3050.572832,3251.699114,3252.000000,1.501599,1.779421,18.438173,18.438287,7683,192974,3600.000000,4,18,18,GUROBI,1,0,0,0,0,0,0,0,0,0,0
1,0,Term,4,2776.563221,2801.031785,2785.646434,3145.614835,3251.872935,3252.000000,0.015374,0.282294,6.358777,6.395380,2262,58260,3600.000000,4,18,0,GUROBI,1,0,0,0,4,18,0,0,0,1,0
2,0,Term,4,2637.198288,2679.215802,2668.712498,3107.142564,3251.767968,3252.000000,0.010874,0.291828,6.285669,6.831169,2968,69709,3600.000000,4,18,0,GUROBI,1,0,0,0,4,18,0,0,0,1,0
3,0,Term,4,2605.179029,2673.788354,2605.179029,3073.881411,3302.694196,3303.000000,0.012883,0.244561,13.500319,16.021578,7028,165726,3600.000000,4,18,0,GUROBI,1,0,0,0,4,18,0,0,0,1,0
4,0,Term,4,2849.758516,2881.731136,2867.808937,3235.780380,3454.695399,3455.000000,0.015167,0.332359,32.080581,32.262685,11135,301695,3600.000000,4,18,0,GUROBI,1,0,0,0,4,18,0,0,0,1,0
