instanceIndex,seedIndex,vpcGenerator,terms,lpBound,disjunctiveDualBound,lpBoundPostVpc,rootDualBound,dualBound,primalBound,vpcGenerationTime,rootDualBoundTime,bestSolutionTime,terminationTime,nodes,iterations,maxTime,actualTerms,numCuts,cutLimit,mipSolver,providePrimalBound,infeasibleTerms,feasibleToInfeasibleTerms,infeasibleToFeasibleTerms,termRemainsFeasibleBasisInfeasible,cutsChangedCoefficients,feasibleTermsPrunedByBound,tighten_disjunction,tighten_matrix_perturbation,tighten_infeasible_to_feasible_term,tighten_feasible_to_infeasible_basis
0,0,New,64,2691.439469,2847.575183,2834.251233,3044.502981,3251.820417,3252.000000,4.214110,4.524532,24.085744,24.802721,5960,145502,3600.000000,64,18,18,GUROBI,1,0,0,0,0,0,0,0,0,0,0
1,0,Disjunction,64,2776.563221,2853.897344,2781.276205,3144.008253,3252.000000,3252.000000,0.141218,0.444834,5.858960,6.303606,907,22598,3600.000000,64,18,0,GUROBI,1,0,0,0,61,18,0,1,0,0,0
2,0,Disjunction,64,2637.198288,2773.360894,2753.158907,3098.481229,3251.744410,3252.000000,0.133933,0.692155,15.365101,15.365281,3391,80058,3600.000000,64,18,0,GUROBI,1,0,0,0,64,18,0,1,0,0,0
3,0,Disjunction,64,2605.179029,2685.398290,2605.179029,3069.769999,3302.705052,3303.000000,0.145333,0.692527,57.428537,57.814272,14281,336615,3600.000000,64,18,0,GUROBI,1,0,0,0,60,18,0,1,0,0,0
4,0,Disjunction,64,2849.758516,2959.890172,2849.758516,3241.022873,3455.000000,3455.000000,0.146915,0.807970,2.325248,27.199513,4998,159710,3600.000000,64,18,0,GUROBI,1,0,0,0,64,18,0,1,0,0,0
