instanceIndex,seedIndex,vpcGenerator,terms,lpBound,disjunctiveDualBound,lpBoundPostVpc,rootDualBound,dualBound,primalBound,vpcGenerationTime,rootDualBoundTime,bestSolutionTime,terminationTime,nodes,iterations,maxTime,actualTerms,numCuts,cutLimit,mipSolver,providePrimalBound,infeasibleTerms,feasibleToInfeasibleTerms,infeasibleToFeasibleTerms,termRemainsFeasibleBasisInfeasible,cutsChangedCoefficients,feasibleTermsPrunedByBound,tighten_disjunction,tighten_matrix_perturbation,tighten_infeasible_to_feasible_term,tighten_feasible_to_infeasible_basis
0,0,New,4,2691.439469,2738.395926,2738.395926,3051.199431,3251.679754,3252.000000,0.348537,1.015890,28.650005,35.428205,8270,210089,3600.000000,4,18,18,GUROBI,1,0,0,0,0,0,0,0,0,0,0
1,0,Term,4,2691.439469,2738.395926,2738.395926,3051.199431,3251.679754,3252.000000,0.005695,0.640046,29.611477,33.509153,8270,210089,3600.000000,4,18,0,GUROBI,1,0,0,0,0,0,0,0,0,1,0
2,0,Term,4,2691.439469,2738.395926,2738.395926,3026.219713,3251.674861,3252.000000,0.005580,0.319620,47.059576,47.059677,11209,271954,3600.000000,4,18,0,GUROBI,1,0,0,0,0,0,0,0,0,1,0
3,0,Term,4,2691.439469,2738.395926,2738.395926,3052.963700,3296.717458,3297.000000,0.005914,0.796611,63.116272,77.064903,16941,451575,3600.000000,4,18,0,GUROBI,1,0,0,0,0,0,0,0,0,1,0
4,0,Term,4,2691.439469,2738.395926,2738.395926,3051.199431,3251.679754,3252.000000,0.006548,0.291706,27.792956,34.144312,8270,210089,3600.000000,4,18,0,GUROBI,1,0,0,0,0,0,0,0,0,1,0
5,0,Term,4,2691.439469,2738.395926,2738.395926,3051.199431,3251.679754,3252.000000,0.005767,0.517732,28.326480,34.231112,8270,210089,3600.000000,4,18,0,GUROBI,1,0,0,0,0,0,0,0,0,1,0
