instanceIndex,seedIndex,vpcGenerator,terms,lpBound,disjunctiveDualBound,lpBoundPostVpc,rootDualBound,dualBound,primalBound,vpcGenerationTime,rootDualBoundTime,bestSolutionTime,terminationTime,nodes,iterations,maxTime,actualTerms,numCuts,cutLimit,mipSolver,providePrimalBound,infeasibleTerms,feasibleToInfeasibleTerms,infeasibleToFeasibleTerms,termRemainsFeasibleBasisInfeasible,cutsChangedCoefficients,feasibleTermsPrunedByBound,tighten_disjunction,tighten_matrix_perturbation,tighten_infeasible_to_feasible_term,tighten_feasible_to_infeasible_basis
0,0,New,4,2691.439469,2738.395926,2738.395926,3043.649910,3251.863376,3252.000000,0.299011,0.861158,16.407166,22.092732,5680,147629,3600.000000,4,18,18,GUROBI,1,0,0,0,0,0,0,0,0,0,0
1,0,Matrix,4,2691.439469,2738.395926,2738.395926,3043.649910,3251.863376,3252.000000,0.005521,0.378049,15.543667,21.285398,5680,147629,3600.000000,4,18,0,GUROBI,1,0,0,0,0,0,0,0,1,0,0
2,0,Matrix,4,2691.439469,2738.395926,2738.395926,3025.165975,3251.990990,3252.000000,0.005730,0.460284,8.849217,21.139156,4397,119739,3600.000000,4,18,0,GUROBI,1,0,0,0,0,0,0,0,1,0,0
3,0,Matrix,4,2691.439469,2738.395926,2738.395926,3033.118537,3296.675000,3297.000000,0.005663,0.357920,19.806778,54.376226,15084,390773,3600.000000,4,18,0,GUROBI,1,0,0,0,0,0,0,0,1,0,0
4,0,Matrix,4,2691.439469,2738.395926,2738.395926,3043.649910,3251.863376,3252.000000,0.005532,0.634445,17.570358,24.050752,5680,147629,3600.000000,4,18,0,GUROBI,1,0,0,0,0,0,0,0,1,0,0
5,0,Matrix,4,2691.439469,2738.395926,2738.395926,3043.649910,3251.863376,3252.000000,0.006348,0.629854,16.174301,21.502130,5680,147629,3600.000000,4,18,0,GUROBI,1,0,0,0,0,0,0,0,1,0,0
