instanceIndex,seedIndex,vpcGenerator,terms,lpBound,disjunctiveDualBound,lpBoundPostVpc,rootDualBound,dualBound,primalBound,vpcGenerationTime,rootDualBoundTime,bestSolutionTime,terminationTime,nodes,iterations,maxTime,actualTerms,numCuts,cutLimit,mipSolver,providePrimalBound,infeasibleTerms,feasibleToInfeasibleTerms,infeasibleToFeasibleTerms,termRemainsFeasibleBasisInfeasible,cutsChangedCoefficients,feasibleTermsPrunedByBound,tighten_disjunction,tighten_matrix_perturbation,tighten_infeasible_to_feasible_term,tighten_feasible_to_infeasible_basis
0,0,New,64,3157.377442,3283.617789,3277.894010,3468.075860,3663.664990,3664.000000,6.979448,7.374015,42.938717,43.015262,9843,329927,3600.000000,64,17,17,GUROBI,1,0,0,0,0,0,0,0,0,0,0
1,0,Farkas,64,3157.377442,3283.617789,3277.894010,3485.810344,3674.735441,3675.000000,0.181685,0.619686,69.059502,69.059734,14740,495278,3600.000000,64,17,0,GUROBI,1,0,0,0,2,0,0,0,0,0,0
2,0,Farkas,64,3149.648922,3275.380195,3261.192907,3507.755261,3695.958466,3696.000000,0.178789,0.614666,67.695403,82.814534,14918,492735,3600.000000,64,17,0,GUROBI,1,0,0,0,64,17,0,0,0,0,0
3,0,Farkas,64,3157.377442,3283.617789,3277.894010,3466.614012,3663.729965,3664.000000,0.155981,0.890325,75.313907,79.884584,11719,382728,3600.000000,64,17,0,GUROBI,1,0,0,0,0,0,0,0,0,0,0
4,0,Farkas,64,3157.377442,3283.617789,3278.368279,3470.275099,3663.674162,3664.000000,0.173391,0.880036,207.652245,208.247458,21837,757114,3600.000000,64,17,0,GUROBI,1,0,0,0,0,17,0,0,0,0,0
