instanceIndex,seedIndex,vpcGenerator,terms,lpBound,disjunctiveDualBound,lpBoundPostVpc,rootDualBound,dualBound,primalBound,vpcGenerationTime,rootDualBoundTime,bestSolutionTime,terminationTime,nodes,iterations,maxTime,actualTerms,numCuts,cutLimit,mipSolver,providePrimalBound,infeasibleTerms,feasibleToInfeasibleTerms,infeasibleToFeasibleTerms,termRemainsFeasibleBasisInfeasible,cutsChangedCoefficients,feasibleTermsPrunedByBound,tighten_disjunction,tighten_matrix_perturbation,tighten_infeasible_to_feasible_term,tighten_feasible_to_infeasible_basis
0,0,New,64,2691.439469,2847.575183,2834.251233,3056.596615,3251.749386,3252.000000,5.045117,5.391423,26.733497,27.263584,9045,223957,3600.000000,64,18,18,GUROBI,1,0,0,0,0,0,0,0,0,0,0
1,0,Farkas,64,2708.296947,2824.115016,2782.581351,3042.656296,3263.727308,3264.000000,0.135649,0.450417,19.499034,21.155548,9297,245003,3600.000000,64,18,0,GUROBI,1,0,0,0,0,0,0,0,0,0,0
2,0,Farkas,64,2688.562546,2836.803495,2829.421801,3070.235330,3259.000000,3259.000000,0.128643,0.509103,6.896953,13.603680,5576,144207,3600.000000,64,18,0,GUROBI,1,0,0,0,0,0,0,0,0,0,0
3,0,Farkas,64,2658.673535,2770.230479,2760.233289,3004.383572,3218.699779,3219.000000,0.135777,0.349723,16.408584,17.092487,7189,195837,3600.000000,64,18,0,GUROBI,1,0,0,0,0,0,0,0,0,0,0
4,0,Farkas,64,2686.439469,2820.075183,2811.533588,3029.619404,3262.702488,3263.000000,0.130302,0.359301,41.929183,44.912569,14779,364164,3600.000000,64,18,0,GUROBI,1,0,0,0,0,0,0,0,0,0,0
5,0,Farkas,64,2660.991728,2808.041529,2797.525831,3046.263219,3234.727120,3235.000000,0.140483,0.490940,17.504593,19.065842,7761,198771,3600.000000,64,18,0,GUROBI,1,0,0,0,0,0,0,0,0,0,0
