instanceIndex,seedIndex,vpcGenerator,terms,lpBound,disjunctiveDualBound,lpBoundPostVpc,rootDualBound,dualBound,primalBound,vpcGenerationTime,rootDualBoundTime,bestSolutionTime,terminationTime,nodes,iterations,maxTime,actualTerms,numCuts,cutLimit,mipSolver,providePrimalBound,infeasibleTerms,feasibleToInfeasibleTerms,infeasibleToFeasibleTerms,termRemainsFeasibleBasisInfeasible,cutsChangedCoefficients,feasibleTermsPrunedByBound,tighten_disjunction,tighten_matrix_perturbation,tighten_infeasible_to_feasible_term,tighten_feasible_to_infeasible_basis
0,0,New,4,3157.377442,3180.305873,3180.305873,3468.326618,3663.652752,3664.000000,0.996865,1.224685,32.413464,33.478003,15220,464765,3600.000000,4,13,17,GUROBI,1,0,0,0,0,0,0,0,0,0,0
1,0,New,4,2988.707109,3055.127983,3051.924980,3316.581323,3439.661386,3440.000000,0.159944,0.350370,6.189347,6.497833,2574,89326,3600.000000,4,9,14,GUROBI,1,0,0,0,0,0,0,0,0,0,0
2,0,New,4,3065.343777,3111.777045,3103.884698,3397.106793,3528.697151,3528.999985,0.154561,0.392999,7.674492,8.078628,2837,84777,3600.000000,4,12,12,GUROBI,1,0,0,0,0,0,0,0,0,0,0
3,0,New,4,2910.217532,2953.579951,2953.579951,3241.754154,3396.677356,3397.000000,0.149735,0.371998,19.593042,19.888482,12027,318614,3600.000000,4,18,18,GUROBI,1,0,0,0,0,0,0,0,0,0,0
4,0,New,4,2978.192161,3006.867253,3006.867253,3226.773645,3461.657237,3462.000000,0.243688,0.536463,12.224529,20.162972,10015,285159,3600.000000,4,13,16,GUROBI,1,0,0,0,0,0,0,0,0,0,0
5,0,New,4,3060.365813,3107.197827,3107.197827,3360.808938,3481.705083,3482.000000,0.274421,0.480274,4.385961,4.786670,1958,53434,3600.000000,4,16,16,GUROBI,1,0,0,0,0,0,0,0,0,0,0
