instanceIndex,seedIndex,vpcGenerator,terms,lpBound,disjunctiveDualBound,lpBoundPostVpc,rootDualBound,dualBound,primalBound,vpcGenerationTime,rootDualBoundTime,bestSolutionTime,terminationTime,nodes,iterations,maxTime,actualTerms,numCuts,cutLimit,mipSolver,providePrimalBound,infeasibleTerms,feasibleToInfeasibleTerms,infeasibleToFeasibleTerms,termRemainsFeasibleBasisInfeasible,cutsChangedCoefficients,feasibleTermsPrunedByBound,tighten_disjunction,tighten_matrix_perturbation,tighten_infeasible_to_feasible_term,tighten_feasible_to_infeasible_basis
0,0,New,4,3157.377442,3180.305873,3180.305873,3472.201110,3663.647353,3664.000000,0.576721,0.905867,25.163414,25.163501,11808,381651,3600.000000,4,13,17,GUROBI,1,0,0,0,0,0,0,0,0,0,0
1,0,Matrix,4,3039.567961,3061.795786,3039.567961,3466.012052,3737.637487,3738.000000,0.011646,0.238466,95.689855,95.689985,42892,1419559,3600.000000,4,13,0,GUROBI,1,0,0,0,4,13,0,0,1,0,0
2,0,Matrix,4,3074.577292,3075.003313,3075.003313,3518.600319,3799.621778,3800.000000,0.006635,0.338205,206.841168,260.227218,94031,3472170,3600.000000,4,13,0,GUROBI,1,0,0,0,4,13,0,0,1,0,0
3,0,Matrix,4,2958.300612,2972.746709,2960.608327,3553.250685,3751.698964,3752.000000,0.011629,0.267596,45.846409,51.778014,23108,714650,3600.000000,4,13,0,GUROBI,1,0,0,0,4,13,0,0,1,0,0
4,0,Matrix,4,3015.448987,3040.790897,3021.540020,3530.802528,3755.693071,3756.000000,0.006700,0.312767,35.493992,40.237544,17006,541813,3600.000000,4,13,0,GUROBI,1,0,0,0,4,13,0,0,1,0,0
5,0,Matrix,4,3006.934853,3039.685794,3011.047461,3432.469903,3626.824650,3627.000000,0.009769,0.237146,13.511947,13.512891,5214,193971,3600.000000,4,13,0,GUROBI,1,0,0,0,4,13,0,0,1,0,0
