instanceIndex,seedIndex,vpcGenerator,terms,lpBound,disjunctiveDualBound,lpBoundPostVpc,rootDualBound,dualBound,primalBound,vpcGenerationTime,rootDualBoundTime,bestSolutionTime,terminationTime,nodes,iterations,maxTime,actualTerms,numCuts,cutLimit,mipSolver,providePrimalBound,infeasibleTerms,feasibleToInfeasibleTerms,infeasibleToFeasibleTerms,termRemainsFeasibleBasisInfeasible,cutsChangedCoefficients,feasibleTermsPrunedByBound,tighten_disjunction,tighten_matrix_perturbation,tighten_infeasible_to_feasible_term,tighten_feasible_to_infeasible_basis
0,0,New,64,2691.439469,2847.575183,2834.251233,3051.927107,3251.688762,3252.000000,3.158181,3.886033,23.795725,26.586192,5944,147876,3600.000000,64,18,18,GUROBI,1,0,0,0,0,0,0,0,0,0,0
1,0,Basis,64,2460.962821,2507.970973,2469.350749,2833.131581,3028.000000,3028.000000,0.115355,0.443400,6.823318,12.553860,2750,73640,3600.000000,64,18,0,GUROBI,1,0,0,0,0,0,0,0,0,0,1
2,0,Basis,64,2629.011630,2772.221078,2742.933932,2981.435772,3207.697992,3208.000000,0.103357,0.516855,26.855516,28.769643,6764,172752,3600.000000,64,18,0,GUROBI,1,0,0,0,0,0,0,0,0,0,1
3,0,Basis,64,2700.859310,2810.896326,2752.168391,3027.679153,3265.688593,3266.000000,0.102316,0.509170,33.782870,33.782967,10084,234920,3600.000000,64,18,0,GUROBI,1,0,0,0,0,0,0,0,0,0,1
4,0,Basis,64,2579.505037,2614.887576,2580.542289,2902.466342,3130.859563,3131.000000,0.112047,0.501284,25.855733,25.855849,6263,166841,3600.000000,64,18,0,GUROBI,1,0,0,0,0,0,0,0,0,0,1
