instanceIndex,seedIndex,vpcGenerator,terms,lpBound,disjunctiveDualBound,lpBoundPostVpc,rootDualBound,dualBound,primalBound,vpcGenerationTime,rootDualBoundTime,bestSolutionTime,terminationTime,nodes,iterations,maxTime,actualTerms,numCuts,cutLimit,mipSolver,providePrimalBound,infeasibleTerms,feasibleToInfeasibleTerms,infeasibleToFeasibleTerms,termRemainsFeasibleBasisInfeasible,cutsChangedCoefficients,feasibleTermsPrunedByBound,tighten_disjunction,tighten_matrix_perturbation,tighten_infeasible_to_feasible_term,tighten_feasible_to_infeasible_basis
0,0,New,64,3157.377442,3283.617789,3277.894010,3471.779440,3663.670296,3664.000000,5.044451,5.379389,44.413588,44.520950,16810,476746,3600.000000,64,17,17,GUROBI,1,0,0,0,0,0,0,0,0,0,0
1,0,Term,64,3157.377442,3283.617789,3277.894010,3485.810344,3674.634848,3675.000000,0.130919,0.395359,17.225778,21.651045,9708,331991,3600.000000,64,17,0,GUROBI,1,0,0,0,2,0,0,0,0,1,0
2,0,Term,64,3149.648922,3275.380195,3261.192907,3505.814073,3695.673255,3696.000000,0.097712,0.329119,6.092337,21.804822,10754,356445,3600.000000,64,17,0,GUROBI,1,0,0,0,64,17,0,0,0,1,0
3,0,Term,64,3157.377442,3283.617789,3277.894010,3466.614012,3663.650257,3664.000000,0.121309,0.406260,34.023206,37.251921,15887,508383,3600.000000,64,17,0,GUROBI,1,0,0,0,0,0,0,0,0,1,0
4,0,Term,64,3157.377442,3283.617789,3278.368279,3470.275099,3663.663284,3664.000000,0.111171,0.381704,23.745798,29.319795,12697,366868,3600.000000,64,17,0,GUROBI,1,0,0,0,0,17,0,0,0,1,0
