instanceIndex,seedIndex,vpcGenerator,terms,lpBound,disjunctiveDualBound,lpBoundPostVpc,rootDualBound,dualBound,primalBound,vpcGenerationTime,rootDualBoundTime,bestSolutionTime,terminationTime,nodes,iterations,maxTime,actualTerms,numCuts,cutLimit,mipSolver,providePrimalBound,infeasibleTerms,feasibleToInfeasibleTerms,infeasibleToFeasibleTerms,termRemainsFeasibleBasisInfeasible,cutsChangedCoefficients,feasibleTermsPrunedByBound,tighten_disjunction,tighten_matrix_perturbation,tighten_infeasible_to_feasible_term,tighten_feasible_to_infeasible_basis
0,0,New,4,3157.377442,3180.305873,3180.305873,3472.201110,3663.648701,3664.000000,1.106728,1.430284,19.378122,22.326191,11113,349869,3600.000000,4,13,17,GUROBI,1,0,0,0,0,0,0,0,0,0,0
1,0,Farkas,4,3145.708211,3168.201257,3168.201257,3452.641369,3581.688225,3582.000000,0.005206,0.306568,11.007679,11.054990,4963,147487,3600.000000,4,13,0,GUROBI,1,0,0,0,4,0,0,0,0,0,0
2,0,Farkas,4,3143.093198,3164.273838,3164.273838,3446.098963,3583.670861,3584.000000,0.005614,0.230181,11.975094,12.461363,5494,181511,3600.000000,4,13,0,GUROBI,1,0,0,0,4,0,0,0,0,0,0
3,0,Farkas,4,3167.300519,3190.228950,3190.228950,3560.730787,3771.623702,3772.000000,0.004377,0.223742,60.329302,62.269226,29868,884066,3600.000000,4,13,0,GUROBI,1,0,0,0,0,0,0,0,0,0,0
4,0,Farkas,4,3208.977442,3231.905873,3231.905873,3718.480056,3876.838235,3877.000000,0.007366,0.298506,7.088486,9.709890,4236,138823,3600.000000,4,13,0,GUROBI,1,0,0,0,0,0,0,0,0,0,0
