instanceIndex,seedIndex,vpcGenerator,terms,lpBound,disjunctiveDualBound,lpBoundPostVpc,rootDualBound,dualBound,primalBound,vpcGenerationTime,rootDualBoundTime,bestSolutionTime,terminationTime,nodes,iterations,maxTime,actualTerms,numCuts,cutLimit,mipSolver,providePrimalBound,infeasibleTerms,feasibleToInfeasibleTerms,infeasibleToFeasibleTerms,termRemainsFeasibleBasisInfeasible,cutsChangedCoefficients,feasibleTermsPrunedByBound,tighten_disjunction,tighten_matrix_perturbation,tighten_infeasible_to_feasible_term,tighten_feasible_to_infeasible_basis
0,0,New,4,-37831489.264934,-37663194.966394,-37723235.668617,-37467717.807564,-36819527.424112,-36800603.233162,3612.855805,3624.914021,6836.338834,7212.863170,510518,14851923,3600.000000,4,112,814,GUROBI,1,0,0,0,0,0,0,0,0,0,0
1,0,Farkas,4,-37936478.603901,-37767749.256426,-37828031.565078,-37573894.084280,-36904640.210601,-36900950.236618,0.204841,11.237928,3018.145284,3041.696707,425402,11786199,3600.000000,4,112,0,GUROBI,1,0,0,0,0,0,0,0,0,0,0
2,0,Farkas,4,-37906793.199457,-37738064.291476,-37798430.058428,-37601755.534351,-36877117.800247,-36873432.236618,0.199817,7.792461,2725.985970,2765.240787,364834,10688959,3600.000000,4,112,0,GUROBI,1,0,0,0,0,0,0,0,0,0,0
3,0,Farkas,4,-38088387.475047,-37919108.403662,-37980276.025132,-37725701.548488,-37057057.597827,-37053354.236618,0.205319,10.475535,2749.078925,2749.079487,379250,9582801,3600.000000,4,112,0,GUROBI,1,0,0,0,0,0,0,0,0,0,0
4,0,Farkas,4,-37688087.519858,-37520306.871266,-37579657.162819,-37330665.153298,-36661393.647149,-36657731.236618,0.194305,11.213264,1551.211125,2447.108835,314292,8939771,3600.000000,4,112,0,GUROBI,1,0,0,0,0,0,0,0,0,0,0
5,0,Farkas,4,-37826477.141157,-37657878.722279,-37718142.545262,-37504247.134105,-36798253.761226,-36794576.236618,0.182332,8.515948,2302.034541,2335.231180,311897,8373909,3600.000000,4,112,0,GUROBI,1,0,0,0,0,0,0,0,0,0,0
