instanceIndex,seedIndex,vpcGenerator,terms,lpBound,disjunctiveDualBound,lpBoundPostVpc,rootDualBound,dualBound,primalBound,vpcGenerationTime,rootDualBoundTime,bestSolutionTime,terminationTime,nodes,iterations,maxTime,actualTerms,numCuts,cutLimit,mipSolver,providePrimalBound,infeasibleTerms,feasibleToInfeasibleTerms,infeasibleToFeasibleTerms,termRemainsFeasibleBasisInfeasible,cutsChangedCoefficients,feasibleTermsPrunedByBound,tighten_disjunction,tighten_matrix_perturbation,tighten_infeasible_to_feasible_term,tighten_feasible_to_infeasible_basis
0,0,New,4,-37831489.264934,-37663194.966394,-37719208.754387,-37456320.777566,-36804280.827534,-36800603.236618,3644.546439,3656.187834,5948.026346,5955.971818,344041,8838657,3600.000000,4,119,814,GUROBI,1,0,0,0,0,0,0,0,0,0,0
1,0,Basis,4,-37936478.603901,-37767749.256426,-37824033.145925,-37563854.661528,-36904638.373347,-36900950.236618,0.244527,11.805359,1994.904170,2152.637592,289320,8095445,3600.000000,4,119,0,GUROBI,1,0,0,0,0,0,0,0,0,0,1
2,0,Basis,4,-37906793.199457,-37738064.291476,-37794404.092439,-37588758.269558,-36876719.411728,-36873432.233162,0.237289,8.312127,3108.579865,3458.370806,447877,11400683,3600.000000,4,119,0,GUROBI,1,0,0,0,0,0,0,0,0,0,1
3,0,Basis,4,-38088387.475047,-37919108.403662,-37976089.979323,-37720347.361503,-37078304.865996,-37053354.233162,0.237758,11.898655,3468.908905,3600.245000,393437,12997733,3600.000000,4,119,0,GUROBI,1,0,0,0,0,0,0,0,0,0,1
4,0,Basis,4,-37688087.519858,-37520306.871266,-37575747.502964,-37321305.456470,-36665115.188669,-36657731.233162,0.241120,12.413846,3068.933248,3600.246957,436450,12301152,3600.000000,4,119,0,GUROBI,1,0,0,0,0,0,0,0,0,0,1
5,0,Basis,4,-37826477.141157,-37657878.722279,-37714116.118478,-37511774.321518,-36798255.527461,-36794576.236618,0.230853,8.172525,3098.157809,3098.158322,282523,7495916,3600.000000,4,119,0,GUROBI,1,0,0,0,0,0,0,0,0,0,1
