instanceIndex,seedIndex,vpcGenerator,terms,lpBound,disjunctiveDualBound,lpBoundPostVpc,rootDualBound,dualBound,primalBound,vpcGenerationTime,rootDualBoundTime,bestSolutionTime,terminationTime,nodes,iterations,maxTime,actualTerms,numCuts,cutLimit,mipSolver,providePrimalBound,infeasibleTerms,feasibleToInfeasibleTerms,infeasibleToFeasibleTerms,termRemainsFeasibleBasisInfeasible,cutsChangedCoefficients,feasibleTermsPrunedByBound,tighten_disjunction,tighten_matrix_perturbation,tighten_infeasible_to_feasible_term,tighten_feasible_to_infeasible_basis
0,0,New,4,-37831489.264934,-37663194.966394,-37710947.033514,-37465160.934689,-36804282.868221,-36800603.236618,3617.793483,3626.020562,6794.398882,7006.445711,441363,12017219,3600.000000,4,211,814,GUROBI,1,0,0,0,0,0,0,0,0,0,0
1,0,All,4,-2576610.811429,-2576610.811429,-2576610.811429,-2134754.276821,-2130935.972688,-2130935.972688,1.587047,1.715428,1.747416,1.748286,73,280,3600.000000,4,211,0,GUROBI,1,3,3,0,1,209,0,1,1,1,1
2,0,All,4,-3151492.993523,-3151492.993523,-3151492.993523,-2436047.281142,-2436047.281142,-2436047.281142,1.830375,1.843275,1.889330,1.889969,1,5,3600.000000,4,211,0,GUROBI,1,3,3,0,1,209,0,1,1,1,1
3,0,All,4,-12836444.793362,-12836444.793362,-12836444.793362,-7453379.849594,-7419153.371566,-7419153.371566,3.252868,3.433221,3.454520,3.454790,25,324,3600.000000,4,211,0,GUROBI,1,3,3,0,1,209,0,1,1,1,1
4,0,All,4,-7633320.816116,-7633320.816116,-7633320.816116,-5387009.467251,-5372617.309161,-5372152.312297,2.986603,3.358123,3.586497,3.586780,309,1948,3600.000000,4,211,0,GUROBI,1,3,3,0,1,209,0,1,1,1,1
5,0,All,4,-2435685.403877,-2435685.403877,-2435685.403877,-1843147.038169,-1843101.588137,-1843101.588137,1.432379,1.489378,1.489948,1.490435,1,13,3600.000000,4,211,0,GUROBI,1,3,3,0,1,209,0,1,1,1,1
