instanceIndex,seedIndex,vpcGenerator,terms,lpBound,disjunctiveDualBound,lpBoundPostVpc,rootDualBound,dualBound,primalBound,vpcGenerationTime,rootDualBoundTime,bestSolutionTime,terminationTime,nodes,iterations,maxTime,actualTerms,numCuts,cutLimit,mipSolver,providePrimalBound,infeasibleTerms,feasibleToInfeasibleTerms,infeasibleToFeasibleTerms,termRemainsFeasibleBasisInfeasible,cutsChangedCoefficients,feasibleTermsPrunedByBound,tighten_disjunction,tighten_matrix_perturbation,tighten_infeasible_to_feasible_term,tighten_feasible_to_infeasible_basis
0,0,New,4,13.244444,13.244444,13.244444,14.000000,15.000000,15.000000,1.906045,2.055046,2.099751,2.113292,55,2602,3600.000000,4,47,47,GUROBI,1,0,0,0,0,0,0,0,0,0,0
1,0,Basis,4,13.237054,13.244444,13.237054,13.992188,14.992188,14.992188,0.020589,0.097188,0.166190,0.175023,92,1579,3600.000000,4,47,0,GUROBI,1,0,0,0,0,0,0,0,0,0,1
2,0,Basis,4,13.244444,13.244444,13.244444,14.000000,15.000000,15.000000,0.019732,0.080165,0.120443,0.140408,70,1133,3600.000000,4,47,0,GUROBI,1,0,0,0,0,0,0,0,0,0,1
3,0,Basis,4,13.236632,13.236632,13.236632,13.992188,14.992188,14.992188,0.017215,0.086174,0.132561,0.153747,77,1468,3600.000000,4,47,0,GUROBI,1,0,0,0,0,0,0,0,0,0,1
4,0,Basis,4,13.236632,13.236632,13.236632,14.007404,14.992188,14.992188,0.020525,0.120773,0.122181,0.122465,1,1069,3600.000000,4,47,0,GUROBI,1,0,0,0,0,0,0,0,0,0,1
5,0,Basis,4,13.244444,13.244444,13.244444,14.000000,15.000000,15.000000,0.019645,0.124976,0.189505,0.197496,65,2443,3600.000000,4,47,0,GUROBI,1,0,0,0,0,0,0,0,0,0,1
