instanceIndex,seedIndex,vpcGenerator,terms,lpBound,disjunctiveDualBound,lpBoundPostVpc,rootDualBound,dualBound,primalBound,vpcGenerationTime,rootDualBoundTime,bestSolutionTime,terminationTime,nodes,iterations,maxTime,actualTerms,numCuts,cutLimit,mipSolver,providePrimalBound,infeasibleTerms,feasibleToInfeasibleTerms,infeasibleToFeasibleTerms,termRemainsFeasibleBasisInfeasible,cutsChangedCoefficients,feasibleTermsPrunedByBound,tighten_disjunction,tighten_matrix_perturbation,tighten_infeasible_to_feasible_term,tighten_feasible_to_infeasible_basis
0,0,New,4,13.244444,13.244444,13.244444,14.000000,15.000000,15.000000,1.327911,1.543292,1.586215,1.598013,69,2002,3600.000000,4,47,47,GUROBI,1,0,0,0,0,0,0,0,0,0,0
1,0,Basis,4,13.222222,13.222222,13.222222,14.000000,14.000000,14.000000,0.012540,0.012540,0.012540,0.045563,1,242,3600.000000,4,47,0,GUROBI,1,0,0,0,4,0,0,0,0,0,1
2,0,Basis,4,13.222222,13.222222,13.222222,14.000000,14.000000,14.000000,0.012413,0.012413,0.012413,0.021821,1,244,3600.000000,4,47,0,GUROBI,1,0,0,0,4,0,0,0,0,0,1
3,0,Basis,4,13.222222,13.222222,13.222222,14.000000,14.000000,14.000000,0.018087,0.018087,0.018087,0.027399,1,254,3600.000000,4,47,0,GUROBI,1,0,0,0,0,0,0,0,0,0,1
4,0,Basis,4,13.266667,13.266667,13.266667,14.000000,15.000000,15.000000,0.018016,0.112161,0.291968,0.319595,127,1419,3600.000000,4,47,0,GUROBI,1,0,0,0,0,0,0,0,0,0,1
