instanceIndex,seedIndex,vpcGenerator,terms,lpBound,disjunctiveDualBound,lpBoundPostVpc,rootDualBound,dualBound,primalBound,vpcGenerationTime,rootDualBoundTime,bestSolutionTime,terminationTime,nodes,iterations,maxTime,actualTerms,numCuts,cutLimit,mipSolver,providePrimalBound,infeasibleTerms,feasibleToInfeasibleTerms,infeasibleToFeasibleTerms,termRemainsFeasibleBasisInfeasible,cutsChangedCoefficients,feasibleTermsPrunedByBound,tighten_disjunction,tighten_matrix_perturbation,tighten_infeasible_to_feasible_term,tighten_feasible_to_infeasible_basis
0,0,New,4,13.244444,13.244444,13.244444,14.000000,15.000000,15.000000,1.745935,1.893174,1.937725,1.949216,55,2602,3600.000000,4,47,47,GUROBI,1,0,0,0,0,0,0,0,0,0,0
1,0,Disjunction,4,13.244444,13.244444,13.244444,14.000000,15.000000,15.000000,0.015616,0.160332,0.204728,0.216230,55,2602,3600.000000,4,47,0,GUROBI,1,0,0,0,0,0,0,1,0,0,0
2,0,Disjunction,4,13.222222,13.222222,13.222222,14.000000,14.000000,14.000000,0.013271,0.013271,0.013271,0.026466,1,225,3600.000000,4,47,0,GUROBI,1,0,0,0,4,41,0,1,0,0,0
3,0,Disjunction,4,13.244444,13.244444,13.244444,14.000000,15.000000,15.000000,0.013226,0.161136,0.205649,0.217105,55,2602,3600.000000,4,47,0,GUROBI,1,0,0,0,0,0,0,1,0,0,0
4,0,Disjunction,4,13.244444,13.244444,13.244444,14.000000,15.000000,15.000000,0.015391,0.122880,0.015391,0.129372,1,1475,3600.000000,4,47,0,GUROBI,1,0,0,0,0,41,0,1,0,0,0
5,0,Disjunction,4,13.244444,13.244444,13.244444,14.000000,15.000000,15.000000,0.013792,0.161971,0.206505,0.218025,55,2602,3600.000000,4,47,0,GUROBI,1,0,0,0,0,0,0,1,0,0,0
