instanceIndex,seedIndex,vpcGenerator,terms,lpBound,disjunctiveDualBound,lpBoundPostVpc,rootDualBound,dualBound,primalBound,vpcGenerationTime,rootDualBoundTime,bestSolutionTime,terminationTime,nodes,iterations,maxTime,actualTerms,numCuts,cutLimit,mipSolver,providePrimalBound,infeasibleTerms,feasibleToInfeasibleTerms,infeasibleToFeasibleTerms,termRemainsFeasibleBasisInfeasible,cutsChangedCoefficients,feasibleTermsPrunedByBound,tighten_disjunction,tighten_matrix_perturbation,tighten_infeasible_to_feasible_term,tighten_feasible_to_infeasible_basis
0,0,New,4,13.244444,13.244444,13.244444,14.000000,15.000000,15.000000,0.611143,0.763075,0.807768,0.819440,55,2602,3600.000000,4,47,47,GUROBI,1,0,0,0,0,0,0,0,0,0,0
1,0,NoDisjunction,4,13.237054,13.244444,13.237054,13.992188,14.992188,14.992188,0.020069,0.095407,0.156657,0.165247,92,1579,3600.000000,4,47,0,GUROBI,1,0,0,0,0,0,0,0,1,1,1
2,0,NoDisjunction,4,13.244444,13.244444,13.244444,14.000000,15.000000,15.000000,0.019285,0.080457,0.113341,0.133192,70,1133,3600.000000,4,47,0,GUROBI,1,0,0,0,0,0,0,0,1,1,1
3,0,NoDisjunction,4,13.236632,13.236632,13.236632,13.992188,14.992188,14.992188,0.018911,0.083039,0.121350,0.142341,77,1468,3600.000000,4,47,0,GUROBI,1,0,0,0,0,0,0,0,1,1,1
4,0,NoDisjunction,4,13.236632,13.236632,13.236632,14.007404,14.992188,14.992188,0.019033,0.118027,0.119435,0.119724,1,1069,3600.000000,4,47,0,GUROBI,1,0,0,0,0,0,0,0,1,1,1
5,0,NoDisjunction,4,13.244444,13.244444,13.244444,14.000000,15.000000,15.000000,0.018266,0.117811,0.191402,0.199600,65,2443,3600.000000,4,47,0,GUROBI,1,0,0,0,0,0,0,0,1,1,1
