instanceIndex,seedIndex,vpcGenerator,terms,lpBound,disjunctiveDualBound,lpBoundPostVpc,rootDualBound,dualBound,primalBound,vpcGenerationTime,rootDualBoundTime,bestSolutionTime,terminationTime,nodes,iterations,maxTime,actualTerms,numCuts,cutLimit,mipSolver,providePrimalBound,infeasibleTerms,feasibleToInfeasibleTerms,infeasibleToFeasibleTerms,termRemainsFeasibleBasisInfeasible,cutsChangedCoefficients,feasibleTermsPrunedByBound,tighten_disjunction,tighten_matrix_perturbation,tighten_infeasible_to_feasible_term,tighten_feasible_to_infeasible_basis
0,0,New,64,11115.630502,11125.780605,11118.808551,12670.732573,12890.000000,12890.000000,20.767824,23.005754,35.150252,36.144549,1018,47944,3600.000000,87,10,195,GUROBI,1,68,0,0,0,0,0,0,0,0,0
1,0,Matrix,64,10680.584691,10689.772918,10683.622337,12264.076591,12566.005682,12566.999937,5.279604,7.523799,56.101341,56.101555,6699,276019,3600.000000,87,10,0,GUROBI,1,68,0,0,0,0,0,0,1,0,0
2,0,Matrix,64,11098.661302,11104.406939,11100.380431,12659.969496,12882.337602,12882.999993,5.086556,7.157969,23.353932,23.354216,1538,73979,3600.000000,87,10,0,GUROBI,1,68,0,0,0,0,0,0,1,0,0
3,0,Matrix,64,11359.368893,11367.705983,11362.734640,13004.537740,13169.999867,13169.999867,6.123042,7.938673,17.270533,17.270749,650,33060,3600.000000,87,10,0,GUROBI,1,68,0,0,0,0,0,0,1,0,0
