instanceIndex,seedIndex,vpcGenerator,terms,lpBound,disjunctiveDualBound,lpBoundPostVpc,rootDualBound,dualBound,primalBound,vpcGenerationTime,rootDualBoundTime,bestSolutionTime,terminationTime,nodes,iterations,maxTime,actualTerms,numCuts,cutLimit,mipSolver,providePrimalBound,infeasibleTerms,feasibleToInfeasibleTerms,infeasibleToFeasibleTerms,termRemainsFeasibleBasisInfeasible,cutsChangedCoefficients,feasibleTermsPrunedByBound,tighten_disjunction,tighten_matrix_perturbation,tighten_infeasible_to_feasible_term,tighten_feasible_to_infeasible_basis
0,0,New,64,11115.630502,11125.780605,11118.808551,12692.181494,12890.000000,12890.000000,21.505324,23.431304,37.629945,37.630164,923,43480,3600.000000,87,10,195,GUROBI,1,68,0,0,0,0,0,0,0,0,0
1,0,Disjunction,64,10680.584691,10689.772918,10683.622337,12247.773060,12566.458542,12567.000000,6.501224,8.644974,30.480017,30.480201,1914,92700,3600.000000,87,10,0,GUROBI,1,68,0,0,0,0,0,1,0,0,0
2,0,Disjunction,64,11098.661302,11104.406939,11100.380431,12671.102518,12882.200276,12882.999993,5.250616,7.514324,22.123421,22.123687,1041,49127,3600.000000,87,10,0,GUROBI,1,68,0,0,0,0,0,1,0,0,0
3,0,Disjunction,64,11359.368893,11367.705983,11362.734640,13026.225720,13170.000000,13170.000000,6.402926,8.521561,19.538380,21.298313,968,45171,3600.000000,87,10,0,GUROBI,1,68,0,0,0,0,0,1,0,0,0
