instanceIndex,seedIndex,vpcGenerator,terms,lpBound,disjunctiveDualBound,lpBoundPostVpc,rootDualBound,dualBound,primalBound,vpcGenerationTime,rootDualBoundTime,bestSolutionTime,terminationTime,nodes,iterations,maxTime,actualTerms,numCuts,cutLimit,mipSolver,providePrimalBound,infeasibleTerms,feasibleToInfeasibleTerms,infeasibleToFeasibleTerms,termRemainsFeasibleBasisInfeasible,cutsChangedCoefficients,feasibleTermsPrunedByBound,tighten_disjunction,tighten_matrix_perturbation,tighten_infeasible_to_feasible_term,tighten_feasible_to_infeasible_basis
0,0,None,4,11115.630502,11115.630502,11115.630502,12661.359728,12889.000000,12890.000000,0.000002,2.875651,47.825308,48.225211,2518,109566,3600.000000,0,0,0,GUROBI,1,0,0,0,0,0,0,0,0,0,0
1,0,None,4,10680.584691,10680.584691,10680.584691,12321.042183,12565.940575,12567.000000,0.000002,3.810761,39.733146,44.861084,2869,123852,3600.000000,0,0,0,GUROBI,1,0,0,0,0,0,0,0,0,0,0
2,0,None,4,11098.661302,11098.661302,11098.661302,12688.944008,12882.374330,12882.999993,0.000002,3.909826,25.526533,25.526866,830,40384,3600.000000,0,0,0,GUROBI,1,0,0,0,0,0,0,0,0,0,0
3,0,None,4,11359.368893,11359.368893,11359.368893,12999.441439,13170.000000,13170.000000,0.000001,2.633031,23.117008,23.117335,775,39079,3600.000000,0,0,0,GUROBI,1,0,0,0,0,0,0,0,0,0,0
4,0,None,4,11030.813879,11030.813879,11030.813879,12656.248398,12969.735590,12971.000000,0.000003,2.865126,59.010645,59.010985,4470,165165,3600.000000,0,0,0,GUROBI,1,0,0,0,0,0,0,0,0,0,0
5,0,None,4,11117.271629,11117.271629,11117.271629,12786.072767,12965.817081,12967.000000,0.000002,4.295929,38.982485,38.982813,2069,89504,3600.000000,0,0,0,GUROBI,1,0,0,0,0,0,0,0,0,0,0
6,0,None,4,11060.971755,11060.971755,11060.971755,12567.808497,12871.528421,12872.000000,0.000002,2.539449,41.107374,41.107696,1917,98414,3600.000000,0,0,0,GUROBI,1,0,0,0,0,0,0,0,0,0,0
