instanceIndex,seedIndex,vpcGenerator,terms,lpBound,disjunctiveDualBound,lpBoundPostVpc,rootDualBound,dualBound,primalBound,vpcGenerationTime,rootDualBoundTime,bestSolutionTime,terminationTime,nodes,iterations,maxTime,actualTerms,numCuts,cutLimit,mipSolver,providePrimalBound,infeasibleTerms,feasibleToInfeasibleTerms,infeasibleToFeasibleTerms,termRemainsFeasibleBasisInfeasible,cutsChangedCoefficients,feasibleTermsPrunedByBound,tighten_disjunction,tighten_matrix_perturbation,tighten_infeasible_to_feasible_term,tighten_feasible_to_infeasible_basis
0,0,New,64,981.864286,997.570599,997.474301,997.466036,1077.560000,1077.560000,194.962845,195.288252,204.089410,204.595604,2405,78555,3600.000000,66,35,42,GUROBI,1,27,0,0,0,0,0,0,0,0,0
1,0,New,64,638.596602,676.796887,658.017057,732.831250,777.240000,777.290000,13.091095,13.621798,19.412996,19.446013,1700,34651,3600.000000,65,28,28,GUROBI,1,50,0,0,0,0,0,0,0,0,0
2,0,New,64,418.524261,504.026515,424.565064,630.576470,774.450000,774.520000,19.352720,19.800052,39.191052,39.436887,5893,171276,3600.000000,72,30,30,GUROBI,1,47,0,0,0,0,0,0,0,0,0
3,0,New,64,580.187976,614.820801,613.137530,698.934804,770.860000,770.860000,13.675478,14.352686,17.254509,17.273135,795,16810,3600.000000,64,26,26,GUROBI,1,46,0,0,0,0,0,0,0,0,0
4,0,New,64,459.489410,525.166558,512.793410,676.509741,716.150000,716.150000,24.363051,25.102429,28.898076,28.898246,685,16775,3600.000000,64,27,27,GUROBI,1,24,0,0,0,0,0,0,0,0,0
5,0,New,64,458.653286,508.515412,494.251227,627.318796,717.960000,717.960000,14.955605,15.584163,23.991718,23.991919,2201,44464,3600.000000,65,26,26,GUROBI,1,29,0,0,0,0,0,0,0,0,0
