instanceIndex,seedIndex,vpcGenerator,terms,lpBound,disjunctiveDualBound,lpBoundPostVpc,rootDualBound,dualBound,primalBound,vpcGenerationTime,rootDualBoundTime,bestSolutionTime,terminationTime,nodes,iterations,maxTime,actualTerms,numCuts,cutLimit,mipSolver,providePrimalBound,infeasibleTerms,feasibleToInfeasibleTerms,infeasibleToFeasibleTerms,termRemainsFeasibleBasisInfeasible,cutsChangedCoefficients,feasibleTermsPrunedByBound,tighten_disjunction,tighten_matrix_perturbation,tighten_infeasible_to_feasible_term,tighten_feasible_to_infeasible_basis
0,0,New,64,981.864286,997.570599,997.474301,997.546267,1077.560000,1077.560000,191.457953,191.758051,200.515939,200.520589,1987,63515,3600.000000,66,35,42,GUROBI,1,27,0,0,0,0,0,0,0,0,0
1,0,All,64,732.745878,733.996792,732.745878,774.549276,945.430000,945.520000,1.068702,1.705216,221.830939,221.831231,45861,1553282,3600.000000,66,35,0,GUROBI,1,27,0,0,39,35,0,1,1,1,1
2,0,All,64,789.598528,792.784266,789.598528,836.078921,957.030000,957.120000,1.013794,2.018827,192.992858,192.993170,44102,1219207,3600.000000,66,35,0,GUROBI,1,29,2,0,37,35,0,1,1,1,1
3,0,All,64,812.793765,817.549054,812.793765,833.367260,965.480625,965.560000,0.944877,1.659594,45.653480,45.653706,14737,398620,3600.000000,66,35,0,GUROBI,1,28,1,0,38,35,0,1,1,1,1
4,0,All,64,721.218691,730.248369,721.218691,788.742616,921.410000,921.410000,1.133721,1.760574,20.611902,20.612171,5848,195480,3600.000000,66,35,0,GUROBI,1,27,0,0,39,35,0,1,1,1,1
