instanceIndex,seedIndex,vpcGenerator,terms,lpBound,disjunctiveDualBound,lpBoundPostVpc,rootDualBound,dualBound,primalBound,vpcGenerationTime,rootDualBoundTime,bestSolutionTime,terminationTime,nodes,iterations,maxTime,actualTerms,numCuts,cutLimit,mipSolver,providePrimalBound,infeasibleTerms,feasibleToInfeasibleTerms,infeasibleToFeasibleTerms,termRemainsFeasibleBasisInfeasible,cutsChangedCoefficients,feasibleTermsPrunedByBound,tighten_disjunction,tighten_matrix_perturbation,tighten_infeasible_to_feasible_term,tighten_feasible_to_infeasible_basis
0,0,New,4,981.864286,987.624578,984.771976,991.759020,1077.470000,1077.560000,2.114977,2.418411,6.076330,6.136623,3352,73915,3600.000000,4,42,42,GUROBI,1,0,0,0,0,0,0,0,0,0,0
1,0,Disjunction,4,732.745878,733.835314,732.745878,782.077818,945.430000,945.520000,0.027509,0.431106,70.730794,84.810726,38484,1248618,3600.000000,4,42,0,GUROBI,1,0,0,0,4,42,0,1,0,0,0
2,0,Disjunction,4,789.598528,791.074301,789.598528,828.370946,957.030000,957.120000,0.027241,0.404367,30.871501,39.145413,28867,738882,3600.000000,4,42,0,GUROBI,1,0,0,0,4,42,0,1,0,0,0
3,0,Disjunction,4,812.793765,815.522704,813.753099,835.764877,965.500000,965.560000,0.027718,0.570379,12.983035,12.983138,9412,253347,3600.000000,4,42,0,GUROBI,1,0,0,0,4,42,0,1,0,0,0
4,0,Disjunction,4,721.218691,725.396695,721.218691,784.518959,921.330000,921.410000,0.053286,0.403923,18.938369,19.972699,11861,374100,3600.000000,4,42,0,GUROBI,1,0,0,0,4,42,0,1,0,0,0
5,0,Disjunction,4,981.113588,985.740783,983.052460,990.257099,1067.680000,1067.780000,0.022342,0.349579,21.940932,25.736031,15932,454866,3600.000000,4,42,0,GUROBI,1,0,0,0,4,42,0,1,0,0,0
