instanceIndex,seedIndex,vpcGenerator,terms,lpBound,disjunctiveDualBound,lpBoundPostVpc,rootDualBound,dualBound,primalBound,vpcGenerationTime,rootDualBoundTime,bestSolutionTime,terminationTime,nodes,iterations,maxTime,actualTerms,numCuts,cutLimit,mipSolver,providePrimalBound,infeasibleTerms,feasibleToInfeasibleTerms,infeasibleToFeasibleTerms,termRemainsFeasibleBasisInfeasible,cutsChangedCoefficients,feasibleTermsPrunedByBound,tighten_disjunction,tighten_matrix_perturbation,tighten_infeasible_to_feasible_term,tighten_feasible_to_infeasible_basis
0,0,New,4,981.864286,987.624578,984.771976,991.688961,1077.550000,1077.560000,2.678855,3.155338,15.817191,16.315426,8899,140647,3600.000000,4,42,42,GUROBI,1,0,0,0,0,0,0,0,0,0,0
1,0,Matrix,4,906.252173,911.688767,908.790504,924.605293,994.370979,994.450000,0.058063,0.503937,18.753424,23.375104,7749,212783,3600.000000,4,42,0,GUROBI,1,0,0,0,0,0,0,0,1,0,0
2,0,Matrix,4,919.146313,921.857617,920.360204,937.791028,1013.103771,1013.190000,0.055990,0.497774,22.287319,22.287498,9631,224526,3600.000000,4,42,0,GUROBI,1,0,0,0,0,0,0,0,1,0,0
3,0,Matrix,4,934.456789,940.373466,937.129089,949.879637,1029.611737,1029.700000,0.056895,0.472630,52.139073,60.090441,17759,480538,3600.000000,4,42,0,GUROBI,1,0,0,0,0,0,0,0,1,0,0
4,0,Matrix,4,912.711288,913.894300,913.593935,928.487308,995.020645,995.110000,0.056898,0.411100,20.253114,24.224021,7223,176743,3600.000000,4,42,0,GUROBI,1,0,0,0,0,0,0,0,1,0,0
5,0,Matrix,4,833.155682,838.883589,833.848551,862.681387,922.367480,922.390000,0.061615,0.590879,10.274364,13.396944,3037,95198,3600.000000,4,42,0,GUROBI,1,0,0,0,0,0,0,0,1,0,0
