instanceIndex,seedIndex,vpcGenerator,terms,lpBound,disjunctiveDualBound,lpBoundPostVpc,rootDualBound,dualBound,primalBound,vpcGenerationTime,rootDualBoundTime,bestSolutionTime,terminationTime,nodes,iterations,maxTime,actualTerms,numCuts,cutLimit,mipSolver,providePrimalBound,infeasibleTerms,feasibleToInfeasibleTerms,infeasibleToFeasibleTerms,termRemainsFeasibleBasisInfeasible,cutsChangedCoefficients,feasibleTermsPrunedByBound,tighten_disjunction,tighten_matrix_perturbation,tighten_infeasible_to_feasible_term,tighten_feasible_to_infeasible_basis
0,0,New,4,406.525105,407.336381,406.962931,413.516458,419.000000,423.000000,179.968291,188.030265,384.911595,3779.970128,24364,5135453,3600.000000,4,8,481,GUROBI,1,0,0,0,0,0,0,0,0,0,0
1,0,New,4,406.525105,407.336381,407.201974,413.629302,420.000000,423.000000,112.193716,121.673844,274.067196,3712.196796,27157,6208610,3600.000000,4,11,481,GUROBI,1,0,0,0,0,0,0,0,0,0,0
2,0,New,4,406.509110,407.321179,406.892812,413.492686,419.000000,423.000000,1397.863107,1407.254467,1567.311799,4997.865102,27398,6293313,3600.000000,4,189,491,GUROBI,1,0,0,0,0,0,0,0,0,0,0
3,0,New,4,406.525105,407.336381,407.160754,413.697660,420.000000,423.000000,144.206640,155.647833,304.907239,3744.211217,26874,7400439,3600.000000,4,5,481,GUROBI,1,0,0,0,0,0,0,0,0,0,0
4,0,New,4,406.525105,407.336381,406.969465,413.561540,420.000000,423.000000,148.451325,156.411135,364.604919,3748.453431,25201,5886120,3600.000000,4,11,481,GUROBI,1,0,0,0,0,0,0,0,0,0,0
5,0,New,4,406.525105,407.336381,406.909308,413.409444,420.000000,423.000000,134.827924,142.553363,3734.829840,3734.830482,25078,5185429,3600.000000,4,9,481,GUROBI,1,0,0,0,0,0,0,0,0,0,0
