instanceIndex,seedIndex,vpcGenerator,terms,lpBound,disjunctiveDualBound,lpBoundPostVpc,rootDualBound,dualBound,primalBound,vpcGenerationTime,rootDualBoundTime,bestSolutionTime,terminationTime,nodes,iterations,maxTime,actualTerms,numCuts,cutLimit,mipSolver,providePrimalBound,infeasibleTerms,feasibleToInfeasibleTerms,infeasibleToFeasibleTerms,termRemainsFeasibleBasisInfeasible,cutsChangedCoefficients,feasibleTermsPrunedByBound,tighten_disjunction,tighten_matrix_perturbation,tighten_infeasible_to_feasible_term,tighten_feasible_to_infeasible_basis
0,0,None,4,406.525105,406.525105,406.525105,413.675759,420.000000,423.000000,0.000003,9.471952,514.508491,3600.001797,25910,5285558,3600.000000,0,0,0,GUROBI,1,0,0,0,0,0,0,0,0,0,0
1,0,None,4,406.445201,406.445201,406.445201,413.469680,420.000000,423.000000,0.000003,9.040715,3299.247488,3600.001575,28287,7596171,3600.000000,0,0,0,GUROBI,1,0,0,0,0,0,0,0,0,0,0
2,0,None,4,407.128144,407.128144,407.128144,413.749976,420.000000,423.000000,0.000003,8.793636,325.161538,3600.003717,29311,5733365,3600.000000,0,0,0,GUROBI,1,0,0,0,0,0,0,0,0,0,0
3,0,None,4,406.938658,406.938658,406.938658,413.804625,420.000000,423.000000,0.000003,8.594820,2469.365083,3600.001681,24863,5989802,3600.000000,0,0,0,GUROBI,1,0,0,0,0,0,0,0,0,0,0
