instanceIndex,seedIndex,vpcGenerator,terms,lpBound,disjunctiveDualBound,lpBoundPostVpc,rootDualBound,dualBound,primalBound,vpcGenerationTime,rootDualBoundTime,bestSolutionTime,terminationTime,nodes,iterations,maxTime,actualTerms,numCuts,cutLimit,mipSolver,providePrimalBound,infeasibleTerms,feasibleToInfeasibleTerms,infeasibleToFeasibleTerms,termRemainsFeasibleBasisInfeasible,cutsChangedCoefficients,feasibleTermsPrunedByBound,tighten_disjunction,tighten_matrix_perturbation,tighten_infeasible_to_feasible_term,tighten_feasible_to_infeasible_basis
0,0,New,4,404.658413,405.153155,405.120404,407.585018,410.724218,410.763701,19.513025,24.908597,111.404900,114.081919,1557,187594,3600.000000,4,35,74,GUROBI,1,0,0,0,0,0,0,0,0,0,0
1,0,Term,4,404.658413,405.153155,405.118524,407.479744,410.724424,410.763701,0.249626,5.793866,66.284950,96.674456,1600,197529,3600.000000,4,35,0,GUROBI,1,0,0,0,1,31,0,0,0,1,0
2,0,Term,4,404.643029,405.140276,405.097665,407.423365,410.727048,410.763701,0.784724,5.892616,91.957888,93.920632,1497,192398,3600.000000,4,35,0,GUROBI,1,0,0,0,0,32,0,0,0,1,0
3,0,Term,4,404.658413,405.138177,405.101784,407.516912,410.727048,410.763701,0.234536,4.950603,30.701940,87.390639,1363,222144,3600.000000,4,35,0,GUROBI,1,0,0,0,2,32,0,0,0,1,0
4,0,Term,4,404.627900,405.123164,405.046293,407.474665,410.705713,410.746144,0.562036,5.566213,127.552087,132.068433,2395,276171,3600.000000,4,35,0,GUROBI,1,0,0,0,4,32,0,0,0,1,0
