instanceIndex,seedIndex,vpcGenerator,terms,lpBound,disjunctiveDualBound,lpBoundPostVpc,rootDualBound,dualBound,primalBound,vpcGenerationTime,rootDualBoundTime,bestSolutionTime,terminationTime,nodes,iterations,maxTime,actualTerms,numCuts,cutLimit,mipSolver,providePrimalBound,infeasibleTerms,feasibleToInfeasibleTerms,infeasibleToFeasibleTerms,termRemainsFeasibleBasisInfeasible,cutsChangedCoefficients,feasibleTermsPrunedByBound,tighten_disjunction,tighten_matrix_perturbation,tighten_infeasible_to_feasible_term,tighten_feasible_to_infeasible_basis
0,0,New,4,404.658413,405.153155,405.120404,407.493915,410.738303,410.763701,19.544684,24.683406,32.620090,115.876676,1611,197068,3600.000000,4,35,74,GUROBI,1,0,0,0,0,0,0,0,0,0,0
1,0,Basis,4,404.680100,405.174081,405.129962,407.626129,410.725418,410.766002,0.352464,6.420312,99.680942,136.890353,2362,283241,3600.000000,4,35,0,GUROBI,1,0,0,0,4,0,0,0,0,0,1
2,0,Basis,4,404.834866,405.332496,405.250888,407.943729,410.855749,410.887659,1.001541,5.631367,80.687605,87.136925,1510,173730,3600.000000,4,35,0,GUROBI,1,0,0,0,4,0,0,0,0,0,1
3,0,Basis,4,404.887366,405.386046,405.270649,407.717955,410.882635,410.921648,1.118954,5.791375,97.987951,99.106500,1627,197803,3600.000000,4,35,0,GUROBI,1,0,0,0,4,0,0,0,0,0,1
4,0,Basis,4,405.163954,405.661718,405.554882,408.040369,411.213378,411.253049,1.483955,6.905509,111.469822,111.470335,1822,227495,3600.000000,4,35,0,GUROBI,1,0,0,0,4,0,0,0,0,0,1
