instanceIndex,seedIndex,vpcGenerator,terms,lpBound,disjunctiveDualBound,lpBoundPostVpc,rootDualBound,dualBound,primalBound,vpcGenerationTime,rootDualBoundTime,bestSolutionTime,terminationTime,nodes,iterations,maxTime,actualTerms,numCuts,cutLimit,mipSolver,providePrimalBound,infeasibleTerms,feasibleToInfeasibleTerms,infeasibleToFeasibleTerms,termRemainsFeasibleBasisInfeasible,cutsChangedCoefficients,feasibleTermsPrunedByBound,tighten_disjunction,tighten_matrix_perturbation,tighten_infeasible_to_feasible_term,tighten_feasible_to_infeasible_basis
0,0,New,4,404.658413,405.153155,405.120404,407.444286,410.724230,410.763701,19.573018,24.646357,52.440672,88.341701,1219,139368,3600.000000,4,35,74,GUROBI,1,0,0,0,0,0,0,0,0,0,0
1,0,New,4,404.769546,405.268957,405.254920,407.673005,410.852215,410.875995,82.779858,87.477689,194.184312,194.186135,1396,175060,3600.000000,4,14,76,GUROBI,1,0,0,0,0,0,0,0,0,0,0
2,0,New,4,404.784631,405.278155,405.273107,407.622557,410.829628,410.866626,30.069383,34.873676,89.033892,113.446042,1374,169383,3600.000000,4,23,76,GUROBI,1,0,0,0,0,0,0,0,0,0,0
3,0,New,4,404.658403,405.157784,405.153595,407.515599,410.724293,410.763701,174.094259,178.754771,202.944150,281.343907,1787,214744,3600.000000,4,16,74,GUROBI,1,0,0,0,0,0,0,0,0,0,0
4,0,New,4,404.640124,405.133698,405.116901,407.542838,410.734183,410.763564,14.722725,19.703419,117.612397,117.612937,1746,260890,3600.000000,4,21,68,GUROBI,1,0,0,0,0,0,0,0,0,0,0
5,0,New,4,404.480866,404.971630,404.960327,407.243201,410.592908,410.631461,23.223064,28.403719,85.550063,125.782128,1732,212560,3600.000000,4,18,71,GUROBI,1,0,0,0,0,0,0,0,0,0,0
