instanceIndex,seedIndex,vpcGenerator,terms,lpBound,disjunctiveDualBound,lpBoundPostVpc,rootDualBound,dualBound,primalBound,vpcGenerationTime,rootDualBoundTime,bestSolutionTime,terminationTime,nodes,iterations,maxTime,actualTerms,numCuts,cutLimit,mipSolver,providePrimalBound,infeasibleTerms,feasibleToInfeasibleTerms,infeasibleToFeasibleTerms,termRemainsFeasibleBasisInfeasible,cutsChangedCoefficients,feasibleTermsPrunedByBound,tighten_disjunction,tighten_matrix_perturbation,tighten_infeasible_to_feasible_term,tighten_feasible_to_infeasible_basis
0,0,None,4,404.658413,404.658413,404.658413,407.603283,410.729086,410.763701,0.000003,5.087813,20.285378,95.702692,1521,188947,3600.000000,0,0,0,GUROBI,1,0,0,0,0,0,0,0,0,0,0
1,0,None,4,404.680100,404.680100,404.680100,407.555770,410.728422,410.766002,0.000002,4.922001,62.666201,87.195554,1388,175832,3600.000000,0,0,0,GUROBI,1,0,0,0,0,0,0,0,0,0,0
2,0,None,4,404.834866,404.834866,404.834866,407.866717,410.848287,410.887659,0.000003,5.193703,28.012360,75.935569,1191,188198,3600.000000,0,0,0,GUROBI,1,0,0,0,0,0,0,0,0,0,0
3,0,None,4,404.887366,404.887366,404.887366,407.639769,410.883356,410.921648,0.000004,5.349714,126.432917,127.365852,2159,254411,3600.000000,0,0,0,GUROBI,1,0,0,0,0,0,0,0,0,0,0
4,0,None,4,405.163954,405.163954,405.163954,408.043268,411.214270,411.253049,0.000002,6.011136,90.690175,90.690650,1477,183165,3600.000000,0,0,0,GUROBI,1,0,0,0,0,0,0,0,0,0,0
