instanceIndex,seedIndex,vpcGenerator,terms,lpBound,disjunctiveDualBound,lpBoundPostVpc,rootDualBound,dualBound,primalBound,vpcGenerationTime,rootDualBoundTime,bestSolutionTime,terminationTime,nodes,iterations,maxTime,actualTerms,numCuts,cutLimit,mipSolver,providePrimalBound,infeasibleTerms,feasibleToInfeasibleTerms,infeasibleToFeasibleTerms,termRemainsFeasibleBasisInfeasible,cutsChangedCoefficients,feasibleTermsPrunedByBound,tighten_disjunction,tighten_matrix_perturbation,tighten_infeasible_to_feasible_term,tighten_feasible_to_infeasible_basis
0,0,None,4,131.656032,131.656032,131.656032,131.750447,132.656892,132.669694,0.000002,7.166530,551.767749,2366.067082,26311,4630704,3600.000000,0,0,0,GUROBI,1,0,0,0,0,0,0,0,0,0,0
1,0,None,4,-40.602866,-40.602866,-40.602866,-37.065056,-28.903115,-28.903115,0.000002,2.503961,42.263703,53.031782,2762,127380,3600.000000,0,0,0,GUROBI,1,0,0,0,0,0,0,0,0,0,0
2,0,None,4,31.808397,31.808397,31.808397,34.783524,40.545007,40.548082,0.000002,2.363335,118.476534,136.527432,3285,268220,3600.000000,0,0,0,GUROBI,1,0,0,0,0,0,0,0,0,0,0
3,0,None,4,114.190790,114.190790,114.190790,115.636728,119.342700,119.354602,0.000002,2.345757,644.038521,682.780592,12931,1735577,3600.000000,0,0,0,GUROBI,1,0,0,0,0,0,0,0,0,0,0
4,0,None,4,53.716973,53.716973,53.716973,59.004578,73.997124,74.004510,0.000002,3.186863,2358.441253,2385.907737,45475,5286301,3600.000000,0,0,0,GUROBI,1,0,0,0,0,0,0,0,0,0,0
