instanceIndex,seedIndex,vpcGenerator,terms,lpBound,disjunctiveDualBound,lpBoundPostVpc,rootDualBound,dualBound,primalBound,vpcGenerationTime,rootDualBoundTime,bestSolutionTime,terminationTime,nodes,iterations,maxTime,actualTerms,numCuts,cutLimit,mipSolver,providePrimalBound,infeasibleTerms,feasibleToInfeasibleTerms,infeasibleToFeasibleTerms,termRemainsFeasibleBasisInfeasible,cutsChangedCoefficients,feasibleTermsPrunedByBound,tighten_disjunction,tighten_matrix_perturbation,tighten_infeasible_to_feasible_term,tighten_feasible_to_infeasible_basis
0,0,New,64,-301650.000000,-301650.000000,-301650.000000,-301650.000000,-301650.000000,-301650.000000,27.588971,28.138098,28.142270,28.143762,1,2665,3600.000000,136,3,248,GUROBI,1,130,0,0,0,0,0,0,0,0,0
1,0,NoDisjunction,64,-297559.276014,-297558.884709,-297559.276014,-297394.443911,-297389.990238,-297383.000000,10.529161,12.596671,12.720393,12.726737,10,2158,3600.000000,136,3,0,GUROBI,1,130,0,0,0,0,0,0,1,1,1
2,0,NoDisjunction,64,-300291.242109,-300291.242109,-300291.242109,-299921.430101,-299821.000000,-299801.000000,10.460024,14.770565,16.215151,16.215606,236,7410,3600.000000,136,3,0,GUROBI,1,130,0,0,0,0,0,0,1,1,1
3,0,NoDisjunction,64,-311137.882311,-311130.694483,-311137.882311,-310952.625457,-310918.000000,-310888.000000,9.326881,12.300585,12.656491,13.222840,144,5275,3600.000000,136,3,0,GUROBI,1,130,0,0,0,0,0,0,1,1,1
4,0,NoDisjunction,64,-287420.483834,-287420.483834,-287420.483834,-287073.818965,-287073.000010,-287073.000010,12.139529,14.260541,14.281834,14.287256,4,1984,3600.000000,136,3,0,GUROBI,1,130,0,0,0,0,0,0,1,1,1
