instanceIndex,seedIndex,vpcGenerator,terms,lpBound,disjunctiveDualBound,lpBoundPostVpc,rootDualBound,dualBound,primalBound,vpcGenerationTime,rootDualBoundTime,bestSolutionTime,terminationTime,nodes,iterations,maxTime,actualTerms,numCuts,cutLimit,mipSolver,providePrimalBound,infeasibleTerms,feasibleToInfeasibleTerms,infeasibleToFeasibleTerms,termRemainsFeasibleBasisInfeasible,cutsChangedCoefficients,feasibleTermsPrunedByBound,tighten_disjunction,tighten_matrix_perturbation,tighten_infeasible_to_feasible_term,tighten_feasible_to_infeasible_basis
0,0,New,4,-301650.000000,-301650.000000,-301650.000000,-301650.000000,-301650.000000,-301650.000000,3.483485,4.629209,6.589405,6.592761,200,10370,3600.000000,4,21,248,GUROBI,1,0,0,0,0,0,0,0,0,0,0
1,0,New,4,-297559.276014,-297557.300404,-297557.300404,-297384.714286,-297383.000000,-297383.000000,1.510308,4.001880,4.010753,4.017832,1,2042,3600.000000,4,5,234,GUROBI,1,0,0,0,0,0,0,0,0,0,0
2,0,New,4,-300291.242109,-300285.110072,-300285.110072,-299940.058375,-299823.000000,-299801.000000,1.711282,5.255821,6.721197,7.017247,277,8626,3600.000000,4,3,318,GUROBI,1,0,0,0,0,0,0,0,0,0,0
3,0,New,4,-311137.882311,-311137.754648,-311137.754648,-310952.198899,-310917.000000,-310888.000000,3.311741,6.329079,6.680475,6.925058,103,4681,3600.000000,4,27,236,GUROBI,1,0,0,0,0,0,0,0,0,0,0
4,0,New,4,-287420.483834,-287415.675472,-287418.817167,-287073.818965,-287073.000010,-287073.000010,1.227666,3.369793,3.389968,3.395086,4,2008,3600.000000,4,3,285,GUROBI,1,1,0,0,0,0,0,0,0,0,0
5,0,New,4,-320328.119920,-320323.141809,-320323.141809,-320008.100616,-319950.000000,-319922.000000,1.469017,4.454275,4.967203,5.097615,72,4377,3600.000000,4,4,295,GUROBI,1,0,0,0,0,0,0,0,0,0,0
