instanceIndex,seedIndex,vpcGenerator,terms,lpBound,disjunctiveDualBound,lpBoundPostVpc,rootDualBound,dualBound,primalBound,vpcGenerationTime,rootDualBoundTime,bestSolutionTime,terminationTime,nodes,iterations,maxTime,actualTerms,numCuts,cutLimit,mipSolver,providePrimalBound,infeasibleTerms,feasibleToInfeasibleTerms,infeasibleToFeasibleTerms,termRemainsFeasibleBasisInfeasible,cutsChangedCoefficients,feasibleTermsPrunedByBound,tighten_disjunction,tighten_matrix_perturbation,tighten_infeasible_to_feasible_term,tighten_feasible_to_infeasible_basis
0,0,New,4,-301650.000000,-301650.000000,-301650.000000,-301650.000000,-301650.000000,-301650.000000,3.506894,4.697754,5.319057,5.322902,28,6246,3600.000000,4,21,248,GUROBI,1,0,0,0,0,0,0,0,0,0,0
1,0,Disjunction,4,-297559.276014,-297559.276014,-297559.276014,-297384.766696,-297383.000000,-297383.000000,0.231971,2.907028,2.913114,2.921225,2,2147,3600.000000,4,21,0,GUROBI,1,0,0,0,0,0,1,1,0,0,0
2,0,Disjunction,4,-300291.242109,-300291.242109,-300291.242109,-299932.991269,-299801.000000,-299801.000000,0.220932,3.927091,4.730004,4.730384,133,4609,3600.000000,4,21,0,GUROBI,1,0,0,0,0,0,1,1,0,0,0
3,0,Disjunction,4,-311137.882311,-311130.694483,-311137.882311,-310962.947642,-310900.000000,-310888.000000,0.187183,3.378013,3.709291,4.121922,116,5559,3600.000000,4,21,0,GUROBI,1,0,0,0,0,0,1,1,0,0,0
4,0,Disjunction,4,-287420.483834,-287420.483834,-287420.483834,-287073.818965,-287073.000007,-287073.000007,0.272261,2.448603,2.471132,2.476276,4,1945,3600.000000,4,21,0,GUROBI,1,0,0,0,0,0,1,1,0,0,0
5,0,Disjunction,4,-320328.119920,-320328.119920,-320328.119920,-320013.375041,-319944.835878,-319922.000000,0.257182,3.554463,4.519880,4.542253,114,5381,3600.000000,4,21,0,GUROBI,1,0,0,0,0,0,1,1,0,0,0
