instanceIndex,seedIndex,vpcGenerator,terms,lpBound,disjunctiveDualBound,lpBoundPostVpc,rootDualBound,dualBound,primalBound,vpcGenerationTime,rootDualBoundTime,bestSolutionTime,terminationTime,nodes,iterations,maxTime,actualTerms,numCuts,cutLimit,mipSolver,providePrimalBound,infeasibleTerms,feasibleToInfeasibleTerms,infeasibleToFeasibleTerms,termRemainsFeasibleBasisInfeasible,cutsChangedCoefficients,feasibleTermsPrunedByBound,tighten_disjunction,tighten_matrix_perturbation,tighten_infeasible_to_feasible_term,tighten_feasible_to_infeasible_basis
0,0,New,64,-301650.000000,-301650.000000,-301650.000000,-301650.000000,-301650.000000,-301650.000000,28.056900,29.506141,29.853075,29.856897,14,5745,3600.000000,136,3,248,GUROBI,1,130,0,0,0,0,0,0,0,0,0
1,0,Basis,64,-297559.276014,-297558.884709,-297559.276014,-297383.000000,-297383.000000,-297383.000000,10.616685,12.948103,12.959835,12.960262,1,2071,3600.000000,136,3,0,GUROBI,1,130,0,0,0,0,0,0,0,0,1
2,0,Basis,64,-300291.242109,-300291.242109,-300291.242109,-299951.951908,-299821.000000,-299801.000000,10.592874,13.423444,16.520114,16.520604,425,12372,3600.000000,136,3,0,GUROBI,1,130,0,0,0,0,0,0,0,0,1
3,0,Basis,64,-311137.882311,-311130.694483,-311137.882311,-310952.784340,-310919.000000,-310888.000000,9.525379,12.731566,13.222189,14.033926,201,6915,3600.000000,136,3,0,GUROBI,1,130,0,0,0,0,0,0,0,0,1
4,0,Basis,64,-287420.483834,-287420.483834,-287420.483834,-287073.818965,-287073.000010,-287073.000010,12.332342,14.570933,14.593752,14.599330,4,2006,3600.000000,136,3,0,GUROBI,1,130,0,0,0,0,0,0,0,0,1
