instanceIndex,seedIndex,vpcGenerator,terms,lpBound,disjunctiveDualBound,lpBoundPostVpc,rootDualBound,dualBound,primalBound,vpcGenerationTime,rootDualBoundTime,bestSolutionTime,terminationTime,nodes,iterations,maxTime,actualTerms,numCuts,cutLimit,mipSolver,providePrimalBound,infeasibleTerms,feasibleToInfeasibleTerms,infeasibleToFeasibleTerms,termRemainsFeasibleBasisInfeasible,cutsChangedCoefficients,feasibleTermsPrunedByBound,tighten_disjunction,tighten_matrix_perturbation,tighten_infeasible_to_feasible_term,tighten_feasible_to_infeasible_basis
0,0,New,4,-377.349042,-376.707104,-377.113929,-372.912888,-356.000000,-350.000000,36.609634,40.211940,1052.111156,3636.859997,417531,39361196,3600.000000,4,82,1075,GUROBI,1,0,0,0,0,0,0,0,0,0,0
1,0,New,4,-377.353383,-376.779221,-377.234179,-372.850688,-356.000000,-350.250000,2.594283,5.609441,796.052306,3602.891627,524492,47926120,3600.000000,4,2,1075,GUROBI,1,0,0,0,0,0,0,0,0,0,0
2,0,New,4,-377.349042,-376.707104,-377.113929,-372.912888,-356.500000,-350.000000,37.916909,40.565155,2873.701543,3639.068584,374681,33888595,3600.000000,4,82,1075,GUROBI,1,0,0,0,0,0,0,0,0,0,0
3,0,New,4,-377.236542,-376.692249,-376.790074,-372.833774,-356.500000,-350.000000,2029.244592,2042.999013,3827.174048,5629.407662,311003,27504947,3600.000000,4,190,1077,GUROBI,1,0,0,0,0,0,0,0,0,0,0
4,0,New,4,-377.401340,-376.857047,-376.993684,-373.060525,-356.000000,-350.250000,2544.968393,2548.947712,5161.058413,6145.223446,406104,40873909,3600.000000,4,197,1076,GUROBI,1,0,0,0,0,0,0,0,0,0,0
5,0,New,4,-377.416525,-376.779169,-377.147781,-373.006992,-356.000000,-350.250000,975.180339,978.641761,1759.820046,4575.548411,408084,40938750,3600.000000,4,111,1081,GUROBI,1,0,0,0,0,0,0,0,0,0,0
6,0,New,4,-377.369523,-376.732168,-376.988477,-372.806029,-357.000000,-350.250000,2538.026891,2542.750335,4556.183219,6138.213666,263450,23400368,3600.000000,4,225,1077,GUROBI,1,0,0,0,0,0,0,0,0,0,0
7,0,New,4,-377.287435,-376.782767,-376.967383,-372.855550,-356.250000,-350.000000,156.508154,161.328665,1027.895542,3756.700240,356555,33214861,3600.000000,4,86,1073,GUROBI,1,0,0,0,0,0,0,0,0,0,0
