instanceIndex,seedIndex,vpcGenerator,terms,lpBound,disjunctiveDualBound,lpBoundPostVpc,rootDualBound,dualBound,primalBound,vpcGenerationTime,rootDualBoundTime,bestSolutionTime,terminationTime,nodes,iterations,maxTime,actualTerms,numCuts,cutLimit,mipSolver,providePrimalBound,infeasibleTerms,feasibleToInfeasibleTerms,infeasibleToFeasibleTerms,termRemainsFeasibleBasisInfeasible,cutsChangedCoefficients,feasibleTermsPrunedByBound,tighten_disjunction,tighten_matrix_perturbation,tighten_infeasible_to_feasible_term,tighten_feasible_to_infeasible_basis
0,0,New,4,-377.349042,-376.707104,-377.106339,-372.786080,-356.000000,-350.000000,28.221717,32.061957,675.276291,3628.450610,411038,41750294,3600.000000,4,77,1075,GUROBI,1,0,0,0,0,0,0,0,0,0,0
1,0,Farkas,4,-377.353383,-376.718990,-377.134017,-372.791955,-356.000000,-350.250000,0.137359,3.098710,707.285017,3600.422747,516293,50992153,3600.000000,4,77,0,GUROBI,1,0,0,0,0,0,0,0,0,0,0
2,0,Farkas,4,-377.349042,-376.707104,-377.106339,-372.765982,-356.250000,-350.000000,0.095686,3.340625,42.778240,3601.540965,356005,36101677,3600.000000,4,77,0,GUROBI,1,0,0,0,0,0,0,0,0,0,0
3,0,Farkas,4,-377.236542,-376.609756,-376.994610,-372.702713,-356.750000,-350.000000,0.152733,22.859550,1782.596631,3600.294288,251818,22704543,3600.000000,4,77,0,GUROBI,1,0,0,0,0,0,0,0,0,0,0
4,0,Farkas,4,-377.401340,-376.759403,-377.158637,-372.862001,-356.250000,-350.250000,0.169171,3.950938,3335.095179,3600.433117,401662,40184862,3600.000000,4,77,0,GUROBI,1,0,0,0,0,0,0,0,0,0,0
5,0,Farkas,4,-377.416525,-376.774587,-377.173822,-372.912077,-356.000000,-350.250000,0.125415,3.409892,3058.691575,3600.446215,442242,40621364,3600.000000,4,77,0,GUROBI,1,0,0,0,0,0,0,0,0,0,0
6,0,Farkas,4,-377.369523,-376.721839,-377.118861,-372.821876,-356.750000,-350.250000,0.190127,3.720075,708.420646,3600.417279,262221,25469796,3600.000000,4,77,0,GUROBI,1,0,0,0,0,0,0,0,0,0,0
7,0,Farkas,4,-377.287435,-376.645498,-377.044732,-372.603898,-356.500000,-350.000000,0.183192,6.650884,76.274363,3600.333742,270594,27201134,3600.000000,4,77,0,GUROBI,1,0,0,0,0,0,0,0,0,0,0
