instanceIndex,seedIndex,vpcGenerator,terms,lpBound,disjunctiveDualBound,lpBoundPostVpc,rootDualBound,dualBound,primalBound,vpcGenerationTime,rootDualBoundTime,bestSolutionTime,terminationTime,nodes,iterations,maxTime,actualTerms,numCuts,cutLimit,mipSolver,providePrimalBound,infeasibleTerms,feasibleToInfeasibleTerms,infeasibleToFeasibleTerms,termRemainsFeasibleBasisInfeasible,cutsChangedCoefficients,feasibleTermsPrunedByBound,tighten_disjunction,tighten_matrix_perturbation,tighten_infeasible_to_feasible_term,tighten_feasible_to_infeasible_basis
0,0,New,64,-377.349042,-376.258299,-376.802690,-372.900528,-356.000000,-350.000000,4042.392716,4047.850878,5042.698777,7642.651146,257799,25480834,3600.000000,65,241,1075,GUROBI,1,53,0,0,0,0,0,0,0,0,0
1,0,Term,64,-377.353383,-376.270184,-376.830005,-372.871903,-357.000000,-350.250000,4.475437,10.308464,1178.988435,3604.621880,256897,24173426,3600.000000,65,241,0,GUROBI,1,53,0,0,0,0,0,0,0,1,0
2,0,Term,64,-377.349042,-376.258299,-376.802690,-372.781624,-356.750000,-350.000000,3.866136,10.182567,190.839312,3604.142610,271199,24876760,3600.000000,65,241,0,GUROBI,1,53,0,0,0,0,0,0,0,1,0
3,0,Term,64,-377.236542,-376.162976,-376.742609,-372.786009,-356.750000,-350.000000,8.032585,13.488923,1010.838486,3608.267647,293900,26967682,3600.000000,65,241,0,GUROBI,1,53,0,0,0,0,0,0,0,1,0
4,0,Term,64,-377.401340,-376.310597,-376.854988,-372.934920,-356.500000,-350.250000,9.474338,14.561375,1790.216444,3609.728625,266067,24694593,3600.000000,65,241,0,GUROBI,1,53,0,0,0,0,0,0,0,1,0
5,0,Term,64,-377.416525,-376.325782,-376.870173,-373.008247,-356.750000,-350.250000,9.318810,14.226384,3051.235238,3609.555055,273422,26933219,3600.000000,65,241,0,GUROBI,1,53,0,0,0,0,0,0,0,1,0
6,0,Term,64,-377.369523,-376.273033,-376.846853,-372.820970,-357.000000,-350.250000,7.065967,12.062590,2662.686267,3607.228204,304400,26934836,3600.000000,65,241,0,GUROBI,1,53,0,0,0,0,0,0,0,1,0
7,0,Term,64,-377.287435,-376.196692,-376.741083,-372.868708,-356.750000,-350.000000,9.515263,14.590086,838.802624,3609.723048,252983,25279667,3600.000000,65,241,0,GUROBI,1,53,0,0,0,0,0,0,0,1,0
