instanceIndex,seedIndex,vpcGenerator,terms,lpBound,disjunctiveDualBound,lpBoundPostVpc,rootDualBound,dualBound,primalBound,vpcGenerationTime,rootDualBoundTime,bestSolutionTime,terminationTime,nodes,iterations,maxTime,actualTerms,numCuts,cutLimit,mipSolver,providePrimalBound,infeasibleTerms,feasibleToInfeasibleTerms,infeasibleToFeasibleTerms,termRemainsFeasibleBasisInfeasible,cutsChangedCoefficients,feasibleTermsPrunedByBound,tighten_disjunction,tighten_matrix_perturbation,tighten_infeasible_to_feasible_term,tighten_feasible_to_infeasible_basis
0,0,None,4,216670237.636667,216670237.636667,216670237.636667,218114878.961067,219657809.135884,219676790.400000,0.000002,11.141157,90.254376,96.217952,1756,115036,3600.000000,0,0,0,GUROBI,1,0,0,0,0,0,0,0,0,0,0
1,0,None,4,209128949.888139,209128949.888139,209128949.888139,213846667.652253,216491921.140143,216512558.400000,0.000003,20.411995,183.960042,213.526303,3455,257559,3600.000000,0,0,0,GUROBI,1,0,0,0,0,0,0,0,0,0,0
2,0,None,4,214264703.581337,214264703.581337,214264703.581337,218316151.820789,220822443.041883,220837466.400000,0.000004,14.788661,353.161263,353.161674,7583,598006,3600.000000,0,0,0,GUROBI,1,0,0,0,0,0,0,0,0,0,0
3,0,None,4,214189562.491795,214189562.491795,214189562.491795,218883029.553478,222527378.554947,222548299.729372,0.000003,10.097572,131.158021,131.158387,3001,228902,3600.000000,0,0,0,GUROBI,1,0,0,0,0,0,0,0,0,0,0
4,0,None,4,210261953.246904,210261953.246904,210261953.246904,215765879.033012,218970679.375410,218992063.200000,0.000003,7.263358,208.572722,219.745618,8140,531666,3600.000000,0,0,0,GUROBI,1,0,0,0,0,0,0,0,0,0,0
