instanceIndex,seedIndex,vpcGenerator,terms,lpBound,disjunctiveDualBound,lpBoundPostVpc,rootDualBound,dualBound,primalBound,vpcGenerationTime,rootDualBoundTime,bestSolutionTime,terminationTime,nodes,iterations,maxTime,actualTerms,numCuts,cutLimit,mipSolver,providePrimalBound,infeasibleTerms,feasibleToInfeasibleTerms,infeasibleToFeasibleTerms,termRemainsFeasibleBasisInfeasible,cutsChangedCoefficients,feasibleTermsPrunedByBound,tighten_disjunction,tighten_matrix_perturbation,tighten_infeasible_to_feasible_term,tighten_feasible_to_infeasible_basis
0,0,New,64,7383.275519,8463.286008,7859.505346,38931.848494,45591.945035,45592.000000,5.060600,5.907637,6.203577,7.642265,552,12720,3600.000000,64,6,270,GUROBI,1,0,0,0,0,0,0,0,0,0,0
1,0,All,64,7431.117023,8558.609328,8099.935958,65935.773323,66441.331148,66447.000000,0.313934,0.674423,1.252298,1.859849,974,6460,3600.000000,64,6,0,GUROBI,1,58,58,0,6,0,0,1,1,1,1
2,0,All,64,7405.336879,8484.872547,7869.838262,49510.444034,51834.961124,51835.000000,0.280444,1.051621,1.603414,2.887417,548,5933,3600.000000,64,6,0,GUROBI,1,6,6,0,58,0,0,1,1,1,1
3,0,All,64,7405.761708,8529.982884,7878.597060,67755.487175,68174.320225,68179.000000,0.316782,1.081011,1.459687,1.595715,188,2187,3600.000000,64,6,0,GUROBI,1,58,58,0,6,0,0,1,1,1,1
4,0,All,64,7388.072035,8774.132793,7870.085736,62458.635691,63511.255465,63517.000000,0.312118,0.828319,4.776447,5.574808,3052,17035,3600.000000,64,6,0,GUROBI,1,61,61,0,3,0,0,1,1,1,1
