instanceIndex,seedIndex,vpcGenerator,terms,lpBound,disjunctiveDualBound,lpBoundPostVpc,rootDualBound,dualBound,primalBound,vpcGenerationTime,rootDualBoundTime,bestSolutionTime,terminationTime,nodes,iterations,maxTime,actualTerms,numCuts,cutLimit,mipSolver,providePrimalBound,infeasibleTerms,feasibleToInfeasibleTerms,infeasibleToFeasibleTerms,termRemainsFeasibleBasisInfeasible,cutsChangedCoefficients,feasibleTermsPrunedByBound,tighten_disjunction,tighten_matrix_perturbation,tighten_infeasible_to_feasible_term,tighten_feasible_to_infeasible_basis
0,0,New,64,0.036932,0.037611,0.037243,0.040673,0.040673,0.038928,324.711660,325.071100,324.711660,325.251606,1,4049,3600.000000,66,115,115,GUROBI,1,37,0,0,0,0,0,0,0,0,0
1,0,Farkas,64,-587.061308,-587.061308,-587.061308,-585.554268,-582.395626,-582.395626,13.324533,14.368674,15.720827,15.722069,182,2771,3600.000000,66,115,0,GUROBI,1,37,0,0,0,0,0,0,0,0,0
2,0,Farkas,64,-419.968949,-419.968949,-419.968949,-419.869693,-419.533004,-419.515628,13.431606,14.086455,14.326705,14.327964,43,1798,3600.000000,66,115,0,GUROBI,1,37,0,0,0,0,0,0,0,0,0
3,0,Farkas,64,-545.427749,-545.427749,-545.427749,-540.984430,-540.013455,-539.982217,13.383808,14.390019,14.722914,14.724136,52,2111,3600.000000,66,115,0,GUROBI,1,37,0,0,0,0,0,0,0,0,0
4,0,Farkas,64,-601.018534,-600.525466,-601.018534,-599.100904,-598.617362,-598.617363,12.994483,13.813111,13.923379,13.924555,15,1659,3600.000000,66,115,0,GUROBI,1,37,0,0,0,0,0,0,0,0,0
