instanceIndex,seedIndex,vpcGenerator,terms,lpBound,disjunctiveDualBound,lpBoundPostVpc,rootDualBound,dualBound,primalBound,vpcGenerationTime,rootDualBoundTime,bestSolutionTime,terminationTime,nodes,iterations,maxTime,actualTerms,numCuts,cutLimit,mipSolver,providePrimalBound,infeasibleTerms,feasibleToInfeasibleTerms,infeasibleToFeasibleTerms,termRemainsFeasibleBasisInfeasible,cutsChangedCoefficients,feasibleTermsPrunedByBound,tighten_disjunction,tighten_matrix_perturbation,tighten_infeasible_to_feasible_term,tighten_feasible_to_infeasible_basis
0,0,None,64,7383.275519,7383.275519,7383.275519,38238.014269,45591.838497,45592.000000,0.000011,0.689501,2.234447,2.234539,563,11657,3600.000000,0,0,0,GUROBI,1,0,0,0,0,0,0,0,0,0,0
1,0,None,64,7431.117023,7431.117023,7431.117023,66030.643628,66443.454389,66447.000000,0.000002,0.426547,0.647818,0.878463,392,3560,3600.000000,0,0,0,GUROBI,1,0,0,0,0,0,0,0,0,0,0
2,0,None,64,7405.336879,7405.336879,7405.336879,49407.268491,51835.000000,51835.000000,0.000003,0.517171,1.579126,1.579208,562,7027,3600.000000,0,0,0,GUROBI,1,0,0,0,0,0,0,0,0,0,0
3,0,None,64,7405.761708,7405.761708,7405.761708,67831.643635,68172.583707,68179.000000,0.000003,0.388075,0.585262,0.599006,258,2148,3600.000000,0,0,0,GUROBI,1,0,0,0,0,0,0,0,0,0,0
4,0,None,64,7388.072035,7388.072035,7388.072035,62733.517375,63510.815713,63517.000000,0.000003,0.395387,0.558298,1.239997,698,5119,3600.000000,0,0,0,GUROBI,1,0,0,0,0,0,0,0,0,0,0
