instanceIndex,seedIndex,vpcGenerator,terms,lpBound,disjunctiveDualBound,lpBoundPostVpc,rootDualBound,dualBound,primalBound,vpcGenerationTime,rootDualBoundTime,bestSolutionTime,terminationTime,nodes,iterations,maxTime,actualTerms,numCuts,cutLimit,mipSolver,providePrimalBound,infeasibleTerms,feasibleToInfeasibleTerms,infeasibleToFeasibleTerms,termRemainsFeasibleBasisInfeasible,cutsChangedCoefficients,feasibleTermsPrunedByBound,tighten_disjunction,tighten_matrix_perturbation,tighten_infeasible_to_feasible_term,tighten_feasible_to_infeasible_basis
0,0,New,4,0.036932,0.037128,0.036974,0.040651,0.040651,0.038928,3.589841,4.333709,3.589841,4.528163,1,4155,3600.000000,4,5,115,GUROBI,1,0,0,0,0,0,0,0,0,0,0
1,0,Term,4,-587.061308,-587.061308,-587.061308,-585.496122,-582.413415,-582.395626,0.564443,2.108351,3.346345,3.346848,122,2301,3600.000000,4,5,0,GUROBI,1,0,0,0,0,0,0,0,0,1,0
2,0,Term,4,-419.968949,-419.968949,-419.968949,-419.869693,-419.533004,-419.515628,0.549077,1.794923,2.187459,2.187975,43,1798,3600.000000,4,5,0,GUROBI,1,0,0,0,0,0,0,0,0,1,0
3,0,Term,4,-545.427749,-545.427749,-545.427749,-541.088080,-539.982217,-539.982217,0.560237,2.768468,3.557975,3.558480,63,2148,3600.000000,4,5,0,GUROBI,1,0,0,0,0,0,0,0,0,1,0
4,0,Term,4,-601.018534,-600.525466,-601.018534,-599.100904,-598.617362,-598.617363,0.554642,2.265192,2.550968,2.551464,15,1662,3600.000000,4,5,0,GUROBI,1,0,0,0,0,0,0,0,0,1,0
