instanceIndex,seedIndex,vpcGenerator,terms,lpBound,disjunctiveDualBound,lpBoundPostVpc,rootDualBound,dualBound,primalBound,vpcGenerationTime,rootDualBoundTime,bestSolutionTime,terminationTime,nodes,iterations,maxTime,actualTerms,numCuts,cutLimit,mipSolver,providePrimalBound,infeasibleTerms,feasibleToInfeasibleTerms,infeasibleToFeasibleTerms,termRemainsFeasibleBasisInfeasible,cutsChangedCoefficients,feasibleTermsPrunedByBound,tighten_disjunction,tighten_matrix_perturbation,tighten_infeasible_to_feasible_term,tighten_feasible_to_infeasible_basis
0,0,New,4,7383.275519,7642.587383,7642.587383,38309.306847,45592.000000,45592.000000,0.424855,2.267962,4.964653,4.964833,549,11771,3600.000000,4,5,270,GUROBI,1,0,0,0,0,0,0,0,0,0,0
1,0,Disjunction,4,7431.117023,7808.663347,7691.387334,65944.382970,66442.848673,66447.000000,0.026110,0.602728,1.215518,1.986324,820,5723,3600.000000,4,5,0,GUROBI,1,2,2,0,2,0,0,1,0,0,0
2,0,Disjunction,4,7405.336879,7660.189730,7660.160055,49550.885623,51834.498410,51835.000000,0.026713,0.738037,0.909674,1.880641,539,6147,3600.000000,4,5,0,GUROBI,1,0,0,0,4,0,0,1,0,0,0
3,0,Disjunction,4,7405.761708,7797.397865,7661.488615,67881.965150,68175.235869,68178.997158,0.026484,0.864459,0.967915,0.968247,71,1672,3600.000000,4,5,0,GUROBI,1,2,2,0,2,0,0,1,0,0,0
4,0,Disjunction,4,7388.072035,7644.946006,7643.442740,62411.080055,63517.000000,63517.000000,0.027283,0.468589,1.380726,1.383914,527,4093,3600.000000,4,5,0,GUROBI,1,1,1,0,3,0,0,1,0,0,0
