instanceIndex,seedIndex,vpcGenerator,terms,lpBound,disjunctiveDualBound,lpBoundPostVpc,rootDualBound,dualBound,primalBound,vpcGenerationTime,rootDualBoundTime,bestSolutionTime,terminationTime,nodes,iterations,maxTime,actualTerms,numCuts,cutLimit,mipSolver,providePrimalBound,infeasibleTerms,feasibleToInfeasibleTerms,infeasibleToFeasibleTerms,termRemainsFeasibleBasisInfeasible,cutsChangedCoefficients,feasibleTermsPrunedByBound,tighten_disjunction,tighten_matrix_perturbation,tighten_infeasible_to_feasible_term,tighten_feasible_to_infeasible_basis
0,0,New,4,1288.102161,1288.102161,1288.102161,1382.867615,1744.951155,1745.124182,1.385085,1.813342,1328.230176,1382.883987,273765,4769864,3600.000000,4,4,207,GUROBI,1,0,0,0,0,0,0,0,0,0,0
1,0,Farkas,4,1289.666493,1289.666493,1289.666493,1386.822933,1735.368508,1735.510296,0.013786,0.496335,513.419583,526.850581,107029,1976667,3600.000000,4,4,0,GUROBI,1,0,0,0,1,0,0,0,0,0,0
2,0,Farkas,4,1288.102161,1288.102161,1288.102161,1384.669245,1744.951527,1745.124182,0.017551,0.535629,585.330191,620.765655,119730,2255982,3600.000000,4,4,0,GUROBI,1,0,0,0,0,0,0,0,0,0,0
3,0,Farkas,4,1289.405192,1289.405192,1289.405192,1383.987293,1639.267610,1639.421975,0.018105,0.505312,323.113172,586.213887,109777,2301148,3600.000000,4,4,0,GUROBI,1,0,0,0,4,0,0,0,0,0,0
4,0,Farkas,4,1291.102161,1291.102161,1291.102161,1388.382480,1728.356663,1728.507888,0.016759,0.506158,349.005503,619.764375,117379,2192212,3600.000000,4,4,0,GUROBI,1,0,0,0,2,0,0,0,0,0,0
