instanceIndex,seedIndex,vpcGenerator,terms,lpBound,disjunctiveDualBound,lpBoundPostVpc,rootDualBound,dualBound,primalBound,vpcGenerationTime,rootDualBoundTime,bestSolutionTime,terminationTime,nodes,iterations,maxTime,actualTerms,numCuts,cutLimit,mipSolver,providePrimalBound,infeasibleTerms,feasibleToInfeasibleTerms,infeasibleToFeasibleTerms,termRemainsFeasibleBasisInfeasible,cutsChangedCoefficients,feasibleTermsPrunedByBound,tighten_disjunction,tighten_matrix_perturbation,tighten_infeasible_to_feasible_term,tighten_feasible_to_infeasible_basis
0,0,New,64,0.000000,0.000000,0.000000,0.000000,1330.000000,1330.000000,20.578503,21.819360,65.178808,71.492021,6160,130423,3600.000000,231,10,250,GUROBI,1,219,0,0,0,0,0,0,0,0,0
1,0,NoDisjunction,64,-14.880979,-14.583129,-14.880979,-8.415612,1324.187500,1324.187500,3.211258,9.111479,41.445231,41.445619,5171,103567,3600.000000,231,10,0,GUROBI,1,219,0,0,0,0,0,0,1,1,1
10,0,NoDisjunction,64,-0.112500,-0.112500,-0.112500,-0.062500,1330.000000,1330.000000,2.765229,4.084552,32.180576,35.717781,5211,100601,3600.000000,231,10,0,GUROBI,1,219,0,0,0,0,0,0,1,1,1
2,0,NoDisjunction,64,1.693891,7.292517,1.693891,22.549774,1338.312500,1338.312500,3.212470,13.736232,123.839814,133.267416,4655,199141,3600.000000,231,10,0,GUROBI,1,219,0,0,0,0,0,0,1,1,1
3,0,NoDisjunction,64,0.005750,0.020852,0.005750,0.062500,1331.562500,1331.562500,2.384775,4.481109,22.229916,24.404010,3389,60276,3600.000000,231,10,0,GUROBI,1,219,0,0,0,0,0,0,1,1,1
4,0,NoDisjunction,64,0.000000,0.000000,0.000000,0.000000,1330.000000,1330.000000,3.133429,4.312775,22.891789,27.878224,4163,79663,3600.000000,231,10,0,GUROBI,1,219,0,0,0,0,0,0,1,1,1
5,0,NoDisjunction,64,0.000000,0.000000,0.000000,0.000000,1330.687500,1330.687500,2.547674,3.831109,18.389744,26.604093,3915,69992,3600.000000,231,10,0,GUROBI,1,219,0,0,0,0,0,0,1,1,1
6,0,NoDisjunction,64,-0.062500,-0.062500,-0.062500,-0.062500,1330.000000,1330.000000,3.104586,4.095947,60.059163,61.228825,6794,126975,3600.000000,231,10,0,GUROBI,1,219,0,0,0,0,0,0,1,1,1
