instanceIndex,seedIndex,vpcGenerator,terms,lpBound,disjunctiveDualBound,lpBoundPostVpc,rootDualBound,dualBound,primalBound,vpcGenerationTime,rootDualBoundTime,bestSolutionTime,terminationTime,nodes,iterations,maxTime,actualTerms,numCuts,cutLimit,mipSolver,providePrimalBound,infeasibleTerms,feasibleToInfeasibleTerms,infeasibleToFeasibleTerms,termRemainsFeasibleBasisInfeasible,cutsChangedCoefficients,feasibleTermsPrunedByBound,tighten_disjunction,tighten_matrix_perturbation,tighten_infeasible_to_feasible_term,tighten_feasible_to_infeasible_basis
0,0,New,64,0.036932,0.037611,0.037243,0.040624,0.040624,0.038928,323.781775,324.152494,323.781775,324.343422,1,4365,3600.000000,66,115,115,GUROBI,1,37,0,0,0,0,0,0,0,0,0
1,0,Basis,64,0.047604,0.048076,0.047604,0.052930,0.053846,0.053807,14.712769,16.368354,23.452857,23.454049,514,19945,3600.000000,66,115,0,GUROBI,1,42,5,0,24,115,0,0,0,0,1
2,0,Basis,64,2043.184449,2043.184931,2043.184449,2043.185261,2043.185261,2043.198062,16.335735,16.335735,16.335735,16.599965,1,3221,3600.000000,66,115,0,GUROBI,1,39,2,0,27,115,0,0,0,0,1
3,0,Basis,64,289.713579,289.713836,289.713579,289.718680,289.718680,289.734607,15.964586,17.309440,20.751352,20.752325,231,10056,3600.000000,66,115,0,GUROBI,1,39,2,0,27,115,0,0,0,0,1
4,0,Basis,64,0.038290,0.038749,0.038304,0.043821,0.045203,0.044977,16.637134,18.372894,38.962419,38.963898,1030,36103,3600.000000,66,115,0,GUROBI,1,38,1,0,28,115,0,0,0,0,1
