instanceIndex,seedIndex,vpcGenerator,terms,lpBound,disjunctiveDualBound,lpBoundPostVpc,rootDualBound,dualBound,primalBound,vpcGenerationTime,rootDualBoundTime,bestSolutionTime,terminationTime,nodes,iterations,maxTime,actualTerms,numCuts,cutLimit,mipSolver,providePrimalBound,infeasibleTerms,feasibleToInfeasibleTerms,infeasibleToFeasibleTerms,termRemainsFeasibleBasisInfeasible,cutsChangedCoefficients,feasibleTermsPrunedByBound,tighten_disjunction,tighten_matrix_perturbation,tighten_infeasible_to_feasible_term,tighten_feasible_to_infeasible_basis
0,0,New,64,7383.275519,8463.286008,7859.505346,38217.252480,45592.000000,45592.000000,3.787490,4.571760,6.493016,6.493145,553,11887,3600.000000,64,6,270,GUROBI,1,0,0,0,0,0,0,0,0,0,0
1,0,Farkas,64,7431.117023,8558.609328,8099.935958,65926.133034,66441.643749,66447.000000,0.318863,0.680671,1.074978,1.799965,895,6219,3600.000000,64,6,0,GUROBI,1,58,58,0,6,0,0,0,0,0,0
2,0,Farkas,64,7405.336879,8484.872547,7869.838262,49642.687866,51835.000000,51835.000000,0.299860,0.868432,1.798342,1.798489,540,5986,3600.000000,64,6,0,GUROBI,1,6,6,0,58,0,0,0,0,0,0
3,0,Farkas,64,7405.761708,8529.982884,7878.597060,67755.462445,68173.003551,68179.000000,0.311133,0.683724,0.853722,0.890243,180,2185,3600.000000,64,6,0,GUROBI,1,58,58,0,6,0,0,0,0,0,0
4,0,Farkas,64,7388.072035,8774.132793,7870.085736,62449.223975,63517.000000,63517.000000,0.314923,0.683277,2.033775,2.038661,1083,6804,3600.000000,64,6,0,GUROBI,1,61,61,0,3,0,0,0,0,0,0
