instanceIndex,seedIndex,vpcGenerator,terms,lpBound,disjunctiveDualBound,lpBoundPostVpc,rootDualBound,dualBound,primalBound,vpcGenerationTime,rootDualBoundTime,bestSolutionTime,terminationTime,nodes,iterations,maxTime,actualTerms,numCuts,cutLimit,mipSolver,providePrimalBound,infeasibleTerms,feasibleToInfeasibleTerms,infeasibleToFeasibleTerms,termRemainsFeasibleBasisInfeasible,cutsChangedCoefficients,feasibleTermsPrunedByBound,tighten_disjunction,tighten_matrix_perturbation,tighten_infeasible_to_feasible_term,tighten_feasible_to_infeasible_basis
0,0,New,64,0.000000,0.000000,0.000000,12.864372,1330.000000,1330.000000,20.480612,35.668853,56.078133,60.997250,4193,85345,3600.000000,231,10,250,GUROBI,1,219,0,0,0,0,0,0,0,0,0
1,0,Farkas,64,18.109384,22.777802,18.109384,97.047618,1411.250000,1411.250000,2.994364,6.792151,95.091383,107.122586,4026,176765,3600.000000,231,10,0,GUROBI,1,219,0,0,0,0,0,0,0,0,0
10,0,Farkas,64,-0.250000,-0.250000,-0.250000,3.842678,1330.000000,1330.000000,2.926562,11.294447,20.171311,31.376599,2986,61243,3600.000000,231,10,0,GUROBI,1,219,0,0,0,0,0,0,0,0,0
2,0,Farkas,64,0.051782,0.063512,0.051782,0.250000,1330.250000,1330.250000,2.362922,3.688607,31.966319,35.792735,5467,86010,3600.000000,231,10,0,GUROBI,1,219,0,0,0,0,0,0,0,0,0
3,0,Farkas,64,0.000000,0.000000,0.000000,0.000000,1330.250000,1330.250000,2.999588,4.319549,12.945653,21.763986,2799,42724,3600.000000,231,10,0,GUROBI,1,219,0,0,0,0,0,0,0,0,0
4,0,Farkas,64,-75.000000,-75.000000,-75.000000,-61.938179,1312.500000,1312.500000,3.070883,16.118879,62.145625,64.154908,5216,107348,3600.000000,231,10,0,GUROBI,1,219,0,0,0,0,0,0,0,0,0
5,0,Farkas,64,0.000000,4.132902,0.000000,19.290525,1347.250000,1347.250000,2.583954,13.317337,52.382558,52.535296,4161,101141,3600.000000,231,10,0,GUROBI,1,219,0,0,0,0,0,0,0,0,0
6,0,Farkas,64,0.000000,0.000000,0.000000,9.434275,1336.000000,1336.000000,2.349537,18.399922,41.555259,41.745963,3333,74744,3600.000000,231,10,0,GUROBI,1,219,0,0,0,0,0,0,0,0,0
