instanceIndex,seedIndex,vpcGenerator,terms,lpBound,disjunctiveDualBound,lpBoundPostVpc,rootDualBound,dualBound,primalBound,vpcGenerationTime,rootDualBoundTime,bestSolutionTime,terminationTime,nodes,iterations,maxTime,actualTerms,numCuts,cutLimit,mipSolver,providePrimalBound,infeasibleTerms,feasibleToInfeasibleTerms,infeasibleToFeasibleTerms,termRemainsFeasibleBasisInfeasible,cutsChangedCoefficients,feasibleTermsPrunedByBound,tighten_disjunction,tighten_matrix_perturbation,tighten_infeasible_to_feasible_term,tighten_feasible_to_infeasible_basis
0,0,New,4,0.036932,0.037128,0.036974,0.040581,0.040581,0.038928,4.323511,4.696927,4.323511,4.801601,1,4214,3600.000000,4,5,115,GUROBI,1,0,0,0,0,0,0,0,0,0,0
1,0,Basis,4,-99.612201,-99.611484,-99.612201,-99.574178,-99.557863,-99.556576,0.616179,1.516218,1.716058,1.716737,22,2508,3600.000000,4,5,0,GUROBI,1,0,0,0,0,0,0,0,0,0,1
2,0,Basis,4,-246.725291,-246.725291,-246.725291,-245.493511,-245.462032,-245.454560,0.678438,1.439509,1.516521,1.517235,11,1855,3600.000000,4,5,0,GUROBI,1,0,0,0,0,0,0,0,0,0,1
3,0,Basis,4,-203.360674,-203.360674,-203.360674,-202.342036,-202.167187,-202.162487,0.636584,1.539311,1.774565,1.823127,60,2296,3600.000000,4,5,0,GUROBI,1,0,0,0,0,0,0,0,0,0,1
4,0,Basis,4,-124.458567,-124.458567,-124.458567,-123.790971,-123.770657,-123.759080,0.621598,1.497904,1.813735,1.814441,65,2463,3600.000000,4,5,0,GUROBI,1,0,0,0,0,0,0,0,0,0,1
5,0,Basis,4,-98.681994,-98.681939,-98.681994,-98.653931,-98.650122,-98.642854,0.581498,1.473746,2.004698,2.005407,77,2926,3600.000000,4,5,0,GUROBI,1,0,0,0,0,0,0,0,0,0,1
