instanceIndex,seedIndex,vpcGenerator,terms,lpBound,disjunctiveDualBound,lpBoundPostVpc,rootDualBound,dualBound,primalBound,vpcGenerationTime,rootDualBoundTime,bestSolutionTime,terminationTime,nodes,iterations,maxTime,actualTerms,numCuts,cutLimit,mipSolver,providePrimalBound,infeasibleTerms,feasibleToInfeasibleTerms,infeasibleToFeasibleTerms,termRemainsFeasibleBasisInfeasible,cutsChangedCoefficients,feasibleTermsPrunedByBound,tighten_disjunction,tighten_matrix_perturbation,tighten_infeasible_to_feasible_term,tighten_feasible_to_infeasible_basis
0,0,None,64,1288.102161,1288.102161,1288.102161,1382.981005,1745.124182,1745.124182,0.000028,0.473256,745.097811,745.098002,151480,2689543,3600.000000,0,0,0,GUROBI,1,0,0,0,0,0,0,0,0,0,0
1,0,None,64,1314.563655,1314.563655,1314.563655,1406.743736,1699.319183,1699.419366,0.000002,0.511146,223.157056,223.157197,29842,729712,3600.000000,0,0,0,GUROBI,1,0,0,0,0,0,0,0,0,0,0
2,0,None,64,1310.352371,1310.352371,1310.352371,1425.935603,1555.089525,1555.230139,0.000002,0.375348,41.316522,41.316660,8064,208198,3600.000000,0,0,0,GUROBI,1,0,0,0,0,0,0,0,0,0,0
3,0,None,64,1297.633729,1297.633729,1297.633729,1400.394435,1616.896633,1616.896633,0.000002,0.504858,113.705193,113.705347,16804,372342,3600.000000,0,0,0,GUROBI,1,0,0,0,0,0,0,0,0,0,0
4,0,None,64,1299.496875,1299.496875,1299.496875,1403.372884,1562.432832,1562.432832,0.000004,0.428390,41.048317,41.527968,7759,199614,3600.000000,0,0,0,GUROBI,1,0,0,0,0,0,0,0,0,0,0
5,0,None,64,1349.878746,1349.878746,1349.878746,1474.438104,1742.959294,1742.959294,0.000004,0.400740,39.738438,39.738578,11034,196493,3600.000000,0,0,0,GUROBI,1,0,0,0,0,0,0,0,0,0,0
