instanceIndex,seedIndex,vpcGenerator,terms,lpBound,disjunctiveDualBound,lpBoundPostVpc,rootDualBound,dualBound,primalBound,vpcGenerationTime,rootDualBoundTime,bestSolutionTime,terminationTime,nodes,iterations,maxTime,actualTerms,numCuts,cutLimit,mipSolver,providePrimalBound,infeasibleTerms,feasibleToInfeasibleTerms,infeasibleToFeasibleTerms,termRemainsFeasibleBasisInfeasible,cutsChangedCoefficients,feasibleTermsPrunedByBound,tighten_disjunction,tighten_matrix_perturbation,tighten_infeasible_to_feasible_term,tighten_feasible_to_infeasible_basis
0,0,New,4,28694.000000,54345.666667,48194.000000,461265.405511,764697.931686,764772.000000,0.109423,0.491635,267.165385,267.165546,54574,2284895,3600.000000,4,2,128,GUROBI,1,0,0,0,0,0,0,0,0,0,0
1,0,Disjunction,4,29434.000000,52651.000000,48284.000000,476839.029287,781680.784905,781755.666667,0.008538,0.435595,165.554741,205.468916,48575,1727881,3600.000000,4,2,0,GUROBI,1,0,0,0,4,0,0,1,0,0,0
2,0,Disjunction,4,33865.000000,60393.333333,52715.000000,475397.522029,757980.738567,758052.000000,0.011286,0.349012,135.020137,135.101088,40079,1211051,3600.000000,4,2,0,GUROBI,1,0,0,0,4,0,0,1,0,0,0
3,0,Disjunction,4,35376.000000,59970.666667,54226.000000,473474.223606,748335.484918,748394.666667,0.011368,0.366284,153.363065,154.142084,34326,1327609,3600.000000,4,2,0,GUROBI,1,0,0,0,4,0,0,1,0,0,0
4,0,Disjunction,4,29789.000000,54967.666667,48639.000000,473917.859024,757556.689752,757618.000000,0.009639,0.387418,139.355150,154.208014,37120,1288165,3600.000000,4,2,0,GUROBI,1,0,0,0,4,0,0,1,0,0,0
