instanceIndex,seedIndex,vpcGenerator,terms,lpBound,disjunctiveDualBound,lpBoundPostVpc,rootDualBound,dualBound,primalBound,vpcGenerationTime,rootDualBoundTime,bestSolutionTime,terminationTime,nodes,iterations,maxTime,actualTerms,numCuts,cutLimit,mipSolver,providePrimalBound,infeasibleTerms,feasibleToInfeasibleTerms,infeasibleToFeasibleTerms,termRemainsFeasibleBasisInfeasible,cutsChangedCoefficients,feasibleTermsPrunedByBound,tighten_disjunction,tighten_matrix_perturbation,tighten_infeasible_to_feasible_term,tighten_feasible_to_infeasible_basis
0,0,New,64,28694.000000,107128.666667,51563.000000,432964.045721,764702.752505,764772.000000,2.371158,2.748164,180.482238,180.482493,43380,1488155,3600.000000,64,2,128,GUROBI,1,14,0,0,0,0,0,0,0,0,0
1,0,Basis,64,29434.000000,107364.000000,51043.000000,471636.783901,781699.908336,781755.666667,0.122668,0.504699,209.568541,209.568752,50616,1839071,3600.000000,64,2,0,GUROBI,1,14,0,0,50,0,0,0,0,0,1
2,0,Basis,64,33865.000000,91500.000000,33865.000000,450261.238710,758052.000000,758052.000000,0.127984,0.475842,70.667981,70.672359,16789,537678,3600.000000,64,2,0,GUROBI,1,10,0,4,50,0,0,0,0,0,1
3,0,Basis,64,35376.000000,112712.666667,56294.000000,506031.602561,748321.823698,748394.666666,0.114090,0.476475,122.508836,122.509053,31334,1054198,3600.000000,64,2,0,GUROBI,1,14,0,0,50,0,0,0,0,0,1
4,0,Basis,64,29789.000000,105935.000000,29789.000000,475297.542941,757549.499973,757618.000000,0.124934,0.463863,85.483138,91.500216,24838,773368,3600.000000,64,2,0,GUROBI,1,8,0,6,50,0,0,0,0,0,1
