instanceIndex,seedIndex,vpcGenerator,terms,lpBound,disjunctiveDualBound,lpBoundPostVpc,rootDualBound,dualBound,primalBound,vpcGenerationTime,rootDualBoundTime,bestSolutionTime,terminationTime,nodes,iterations,maxTime,actualTerms,numCuts,cutLimit,mipSolver,providePrimalBound,infeasibleTerms,feasibleToInfeasibleTerms,infeasibleToFeasibleTerms,termRemainsFeasibleBasisInfeasible,cutsChangedCoefficients,feasibleTermsPrunedByBound,tighten_disjunction,tighten_matrix_perturbation,tighten_infeasible_to_feasible_term,tighten_feasible_to_infeasible_basis
0,0,New,64,28694.000000,107128.666667,51563.000000,432964.045721,764702.752505,764772.000000,2.520775,2.898446,179.345491,179.345762,43380,1488155,3600.000000,64,2,128,GUROBI,1,14,0,0,0,0,0,0,0,0,0
1,0,Matrix,64,28268.933333,106726.033333,51108.433333,464672.196579,764752.245748,764828.000000,0.136094,0.463637,310.064926,310.065124,63899,2671403,3600.000000,64,2,0,GUROBI,1,14,0,0,0,0,0,0,1,0,0
2,0,Matrix,64,28574.116667,107157.316667,51444.116667,461986.008236,765140.305113,765216.000000,0.135766,0.438329,206.685728,206.686010,44757,1826245,3600.000000,64,2,0,GUROBI,1,14,0,0,0,0,0,0,1,0,0
3,0,Matrix,64,27531.700000,105896.450000,50428.200000,465539.665531,764867.892977,764943.000000,0.151062,0.453869,341.993164,342.082429,71432,3057953,3600.000000,64,2,0,GUROBI,1,14,0,0,0,0,0,0,1,0,0
4,0,Matrix,64,28611.766667,107046.916667,51481.266667,490768.177174,764624.281144,764668.000000,0.135233,0.511293,134.261104,134.281511,28521,1105467,3600.000000,64,2,0,GUROBI,1,14,0,0,0,0,0,0,1,0,0
