instanceIndex,seedIndex,vpcGenerator,terms,lpBound,disjunctiveDualBound,lpBoundPostVpc,rootDualBound,dualBound,primalBound,vpcGenerationTime,rootDualBoundTime,bestSolutionTime,terminationTime,nodes,iterations,maxTime,actualTerms,numCuts,cutLimit,mipSolver,providePrimalBound,infeasibleTerms,feasibleToInfeasibleTerms,infeasibleToFeasibleTerms,termRemainsFeasibleBasisInfeasible,cutsChangedCoefficients,feasibleTermsPrunedByBound,tighten_disjunction,tighten_matrix_perturbation,tighten_infeasible_to_feasible_term,tighten_feasible_to_infeasible_basis
0,0,New,4,28694.000000,54345.666667,48194.000000,461668.140051,764695.604934,764772.000000,0.189369,0.597349,337.838668,337.838889,87314,3166546,3600.000000,4,2,128,GUROBI,1,0,0,0,0,0,0,0,0,0,0
1,0,NoDisjunction,4,27317.350000,52836.483333,46666.850000,462383.143811,764884.589519,764960.000000,0.008194,0.303077,367.305212,367.305451,71023,3036234,3600.000000,4,2,0,GUROBI,1,0,0,0,0,0,0,0,1,1,1
2,0,NoDisjunction,4,25669.433333,51243.233333,45168.933333,454011.534055,764960.786539,765035.000000,0.011257,0.346197,321.543597,321.718696,59192,2672853,3600.000000,4,2,0,GUROBI,1,0,0,0,0,0,0,0,1,1,1
3,0,NoDisjunction,4,26410.550000,52138.650000,45879.050000,475608.650996,763844.666837,763917.000000,0.010509,0.400055,214.272723,214.272907,49071,1991211,3600.000000,4,2,0,GUROBI,1,0,0,0,0,0,0,0,1,1,1
4,0,NoDisjunction,4,28244.733333,53790.400000,47715.233333,460640.772178,764732.934202,764786.000000,0.012960,0.304183,201.570844,202.752301,40550,1875919,3600.000000,4,2,0,GUROBI,1,0,0,0,0,0,0,0,1,1,1
