instanceIndex,seedIndex,vpcGenerator,terms,lpBound,disjunctiveDualBound,lpBoundPostVpc,rootDualBound,dualBound,primalBound,vpcGenerationTime,rootDualBoundTime,bestSolutionTime,terminationTime,nodes,iterations,maxTime,actualTerms,numCuts,cutLimit,mipSolver,providePrimalBound,infeasibleTerms,feasibleToInfeasibleTerms,infeasibleToFeasibleTerms,termRemainsFeasibleBasisInfeasible,cutsChangedCoefficients,feasibleTermsPrunedByBound,tighten_disjunction,tighten_matrix_perturbation,tighten_infeasible_to_feasible_term,tighten_feasible_to_infeasible_basis
0,0,New,4,28694.000000,54345.666667,48194.000000,467387.933737,764699.446873,764772.000000,0.256335,0.603243,276.011622,276.011790,57871,2338839,3600.000000,4,2,128,GUROBI,1,0,0,0,0,0,0,0,0,0,0
1,0,New,4,17856.500000,57356.500000,43060.083333,465723.663915,757451.000000,757451.000000,0.090072,0.456794,158.313465,170.368849,36805,1426029,3600.000000,4,4,127,GUROBI,1,1,0,0,0,0,0,0,0,0,0
2,0,New,4,23953.000000,64185.000000,43453.000000,477288.955509,736968.969211,736984.000000,0.093200,0.486636,88.807076,88.977650,20344,713597,3600.000000,4,2,132,GUROBI,1,0,0,0,0,0,0,0,0,0,0
3,0,New,4,28694.000000,52124.000000,41894.000000,461144.617753,761139.861127,761211.166666,0.088898,0.510742,313.795358,319.427402,61065,2606427,3600.000000,5,3,128,GUROBI,1,2,0,0,0,0,0,0,0,0,0
4,0,New,4,30086.838798,64307.237705,40086.838798,503461.682224,736516.500000,736516.500000,0.079583,0.442373,42.464653,42.464772,12218,352482,3600.000000,4,1,127,GUROBI,1,0,0,0,0,0,0,0,0,0,0
