instanceIndex,seedIndex,vpcGenerator,terms,lpBound,disjunctiveDualBound,lpBoundPostVpc,rootDualBound,dualBound,primalBound,vpcGenerationTime,rootDualBoundTime,bestSolutionTime,terminationTime,nodes,iterations,maxTime,actualTerms,numCuts,cutLimit,mipSolver,providePrimalBound,infeasibleTerms,feasibleToInfeasibleTerms,infeasibleToFeasibleTerms,termRemainsFeasibleBasisInfeasible,cutsChangedCoefficients,feasibleTermsPrunedByBound,tighten_disjunction,tighten_matrix_perturbation,tighten_infeasible_to_feasible_term,tighten_feasible_to_infeasible_basis
0,0,New,64,28694.000000,107128.666667,51563.000000,473485.131629,764710.294089,764772.000000,1.930787,2.474846,221.913429,221.913676,45570,1792285,3600.000000,64,2,128,GUROBI,1,14,0,0,0,0,0,0,0,0,0
1,0,Disjunction,64,29434.000000,107364.000000,51043.000000,472303.328137,781681.362171,781755.666667,0.119670,0.505068,159.019660,202.096572,43606,1737542,3600.000000,64,2,0,GUROBI,1,14,0,0,50,0,0,1,0,0,0
2,0,Disjunction,64,33865.000000,91500.000000,33865.000000,479519.418285,757978.011558,758052.000000,0.116530,0.557768,180.886368,180.886550,39899,1437698,3600.000000,64,2,0,GUROBI,1,10,0,4,50,0,0,1,0,0,0
3,0,Disjunction,64,35376.000000,112712.666667,56294.000000,475262.412984,748321.356551,748394.666667,0.113846,0.763449,226.094339,228.260801,39855,1621734,3600.000000,64,2,0,GUROBI,1,14,0,0,50,0,0,1,0,0,0
4,0,Disjunction,64,29789.000000,105935.000000,29789.000000,502249.065187,757603.582523,757618.000000,0.114715,0.633426,76.936027,76.936176,20113,605311,3600.000000,64,2,0,GUROBI,1,8,0,6,50,0,0,1,0,0,0
