instanceIndex,seedIndex,vpcGenerator,terms,lpBound,disjunctiveDualBound,lpBoundPostVpc,rootDualBound,dualBound,primalBound,vpcGenerationTime,rootDualBoundTime,bestSolutionTime,terminationTime,nodes,iterations,maxTime,actualTerms,numCuts,cutLimit,mipSolver,providePrimalBound,infeasibleTerms,feasibleToInfeasibleTerms,infeasibleToFeasibleTerms,termRemainsFeasibleBasisInfeasible,cutsChangedCoefficients,feasibleTermsPrunedByBound,tighten_disjunction,tighten_matrix_perturbation,tighten_infeasible_to_feasible_term,tighten_feasible_to_infeasible_basis
0,0,New,4,28694.000000,54345.666667,48194.000000,473621.840505,764700.529453,764772.000000,1.478913,1.896888,233.502844,234.421762,47492,1990587,3600.000000,4,2,128,GUROBI,1,0,0,0,0,0,0,0,0,0,0
1,0,All,4,29434.000000,52651.000000,48284.000000,466057.240929,781678.045039,781755.666667,0.017618,0.390507,233.828625,233.828805,48361,2034288,3600.000000,4,2,0,GUROBI,1,0,0,0,4,0,0,1,1,1,1
2,0,All,4,33865.000000,60393.333333,52715.000000,443240.502485,758011.788009,758052.000000,0.008800,0.302053,106.654345,106.654478,26439,930571,3600.000000,4,2,0,GUROBI,1,0,0,0,4,0,0,1,1,1,1
3,0,All,4,35376.000000,59970.666667,54226.000000,497348.491353,748332.666667,748394.666667,0.009144,0.324838,133.845221,133.889162,29662,1139636,3600.000000,4,2,0,GUROBI,1,0,0,0,4,0,0,1,1,1,1
4,0,All,4,29789.000000,54967.666667,48639.000000,467524.762873,757554.144413,757618.000000,0.013894,0.339209,115.318433,122.400060,29627,995060,3600.000000,4,2,0,GUROBI,1,0,0,0,4,0,0,1,1,1,1
