instanceIndex,seedIndex,vpcGenerator,terms,lpBound,disjunctiveDualBound,lpBoundPostVpc,rootDualBound,dualBound,primalBound,vpcGenerationTime,rootDualBoundTime,bestSolutionTime,terminationTime,nodes,iterations,maxTime,actualTerms,numCuts,cutLimit,mipSolver,providePrimalBound,infeasibleTerms,feasibleToInfeasibleTerms,infeasibleToFeasibleTerms,termRemainsFeasibleBasisInfeasible,cutsChangedCoefficients,feasibleTermsPrunedByBound,tighten_disjunction,tighten_matrix_perturbation,tighten_infeasible_to_feasible_term,tighten_feasible_to_infeasible_basis
0,0,New,64,36.000000,52.000000,51.750000,558.933333,601.000000,610.000000,180.546622,185.427197,2454.784101,3780.548892,20834,9954046,3600.000000,64,217,542,GUROBI,1,18,0,0,0,0,0,0,0,0,0
1,0,Disjunction,64,36.000000,52.000000,51.750000,558.676912,609.000000,609.000000,3.190523,8.208416,1948.030335,2117.911244,14438,6137918,3600.000000,64,217,0,GUROBI,1,18,0,0,0,0,0,1,0,0,0
2,0,Disjunction,64,36.000000,52.000000,51.750000,557.738339,604.000000,609.000000,2.896880,7.415585,450.542981,3602.899134,21059,10043148,3600.000000,64,217,0,GUROBI,1,18,0,0,0,0,0,1,0,0,0
3,0,Disjunction,64,36.000000,52.000000,51.750000,559.388889,609.000000,609.000000,3.197833,7.479528,767.632166,1459.476414,10448,3233492,3600.000000,64,217,0,GUROBI,1,18,0,0,0,0,0,1,0,0,0
