instanceIndex,seedIndex,vpcGenerator,terms,lpBound,disjunctiveDualBound,lpBoundPostVpc,rootDualBound,dualBound,primalBound,vpcGenerationTime,rootDualBoundTime,bestSolutionTime,terminationTime,nodes,iterations,maxTime,actualTerms,numCuts,cutLimit,mipSolver,providePrimalBound,infeasibleTerms,feasibleToInfeasibleTerms,infeasibleToFeasibleTerms,termRemainsFeasibleBasisInfeasible,cutsChangedCoefficients,feasibleTermsPrunedByBound,tighten_disjunction,tighten_matrix_perturbation,tighten_infeasible_to_feasible_term,tighten_feasible_to_infeasible_basis
0,0,New,64,25302.209524,27137.949884,25805.491566,129119.530541,130582.941420,130596.000000,6.682866,7.634472,438.772042,470.159898,125402,1670904,3600.000000,64,2,321,GUROBI,1,0,0,0,0,0,0,0,0,0,0
1,0,Disjunction,64,26204.828996,27868.485504,26698.889679,127224.011544,127833.074936,127845.833333,0.349169,1.165320,48.418077,48.418378,9437,166108,3600.000000,64,2,0,GUROBI,1,0,0,0,64,1,0,1,0,0,0
2,0,Disjunction,64,23631.861586,25635.473016,24190.884747,123512.710822,124692.329187,124703.750000,0.368997,1.152217,26.600215,26.600505,5512,73352,3600.000000,64,2,0,GUROBI,1,0,0,0,64,1,0,1,0,0,0
3,0,Disjunction,64,24944.782436,27030.389107,25573.005023,127503.162573,128380.661060,128393.500000,0.340274,1.218461,995.084919,1486.757512,405855,5728099,3600.000000,64,2,0,GUROBI,1,0,0,0,64,1,0,1,0,0,0
