instanceIndex,seedIndex,vpcGenerator,terms,lpBound,disjunctiveDualBound,lpBoundPostVpc,rootDualBound,dualBound,primalBound,vpcGenerationTime,rootDualBoundTime,bestSolutionTime,terminationTime,nodes,iterations,maxTime,actualTerms,numCuts,cutLimit,mipSolver,providePrimalBound,infeasibleTerms,feasibleToInfeasibleTerms,infeasibleToFeasibleTerms,termRemainsFeasibleBasisInfeasible,cutsChangedCoefficients,feasibleTermsPrunedByBound,tighten_disjunction,tighten_matrix_perturbation,tighten_infeasible_to_feasible_term,tighten_feasible_to_infeasible_basis
0,0,New,64,25302.209524,27137.949884,25805.491566,129042.866233,130582.946949,130596.000000,7.270251,8.028197,316.761756,342.229942,91015,1302573,3600.000000,64,2,321,GUROBI,1,0,0,0,0,0,0,0,0,0,0
1,0,All,64,24578.678529,25738.350192,24792.123133,122257.952856,123058.748661,123071.000000,0.365750,1.214525,188.834621,241.078639,64063,961931,3600.000000,64,2,0,GUROBI,1,0,0,0,0,0,0,1,1,1,1
2,0,All,64,25054.821042,26430.397243,25398.336889,121539.376036,121870.983842,121883.000000,0.379046,1.279061,14.927101,14.927370,1314,22264,3600.000000,64,2,0,GUROBI,1,0,0,0,0,0,0,1,1,1,1
3,0,All,64,23608.936780,25171.337828,24112.218822,125228.903080,126257.374885,126270.000000,0.308347,1.023654,425.455803,467.663520,145689,2186409,3600.000000,64,2,0,GUROBI,1,0,0,0,0,0,0,1,1,1,1
4,0,All,64,24759.507999,26374.236368,25444.243727,121434.567338,121910.847056,121923.000000,0.379361,1.298643,93.791852,93.792241,16496,265928,3600.000000,64,2,0,GUROBI,1,0,0,0,0,0,0,1,1,1,1
