instanceIndex,seedIndex,vpcGenerator,terms,lpBound,disjunctiveDualBound,lpBoundPostVpc,rootDualBound,dualBound,primalBound,vpcGenerationTime,rootDualBoundTime,bestSolutionTime,terminationTime,nodes,iterations,maxTime,actualTerms,numCuts,cutLimit,mipSolver,providePrimalBound,infeasibleTerms,feasibleToInfeasibleTerms,infeasibleToFeasibleTerms,termRemainsFeasibleBasisInfeasible,cutsChangedCoefficients,feasibleTermsPrunedByBound,tighten_disjunction,tighten_matrix_perturbation,tighten_infeasible_to_feasible_term,tighten_feasible_to_infeasible_basis
0,0,New,64,25302.209524,27137.949884,25805.491566,129059.705652,130582.945054,130596.000000,7.193009,7.938573,361.743873,398.200529,106704,1538131,3600.000000,64,2,321,GUROBI,1,0,0,0,0,0,0,0,0,0,0
1,0,Matrix,64,25347.143996,27240.987788,25846.782792,139310.774705,142107.264148,142121.000000,0.354884,0.676533,3.669107,3.669326,1150,8324,3600.000000,64,2,0,GUROBI,1,52,52,0,12,0,0,0,1,0,0
2,0,Matrix,64,25401.974628,27272.347625,25896.243075,150590.065863,153590.685597,153606.000000,0.348074,0.620292,31.137442,31.137761,18016,112347,3600.000000,64,2,0,GUROBI,1,44,44,0,20,0,0,0,1,0,0
3,0,Matrix,64,25259.909303,27123.355698,25754.809013,140561.112404,144013.629696,144027.000000,0.347953,0.630359,39.308508,39.308898,18437,161543,3600.000000,64,2,0,GUROBI,1,47,47,0,17,0,0,0,1,0,0
4,0,Matrix,64,25378.443648,27423.372299,25875.766017,138609.252557,142882.760601,142897.000000,0.359328,0.671846,37.161939,37.162351,17651,143773,3600.000000,64,2,0,GUROBI,1,39,39,0,25,0,0,0,1,0,0
5,0,Matrix,64,25347.589616,27895.152919,25837.604454,150312.310866,152463.802453,152478.000000,0.350492,0.589681,3.106377,3.106697,996,7490,3600.000000,64,2,0,GUROBI,1,57,57,0,7,0,0,0,1,0,0
