instanceIndex,seedIndex,vpcGenerator,terms,lpBound,disjunctiveDualBound,lpBoundPostVpc,rootDualBound,dualBound,primalBound,vpcGenerationTime,rootDualBoundTime,bestSolutionTime,terminationTime,nodes,iterations,maxTime,actualTerms,numCuts,cutLimit,mipSolver,providePrimalBound,infeasibleTerms,feasibleToInfeasibleTerms,infeasibleToFeasibleTerms,termRemainsFeasibleBasisInfeasible,cutsChangedCoefficients,feasibleTermsPrunedByBound,tighten_disjunction,tighten_matrix_perturbation,tighten_infeasible_to_feasible_term,tighten_feasible_to_infeasible_basis
0,0,New,4,25302.209524,25611.359565,25498.481331,129012.310761,130582.941963,130596.000000,0.419625,1.937013,493.770743,564.433935,114050,1519112,3600.000000,4,2,321,GUROBI,1,0,0,0,0,0,0,0,0,0,0
1,0,NoDisjunction,4,24578.678529,24890.092484,24777.214250,122560.564901,123058.693184,123071.000000,0.023286,1.446739,330.322110,350.945515,70292,1215591,3600.000000,4,2,0,GUROBI,1,0,0,0,0,0,0,0,1,1,1
2,0,NoDisjunction,4,25054.821042,25356.365647,25243.849325,121461.104185,121870.861478,121883.000000,0.023535,0.811803,13.851836,13.852088,1839,22184,3600.000000,4,2,0,GUROBI,1,0,0,0,0,0,0,0,1,1,1
3,0,NoDisjunction,4,23608.936780,23918.086820,23805.208586,125443.490295,126257.373166,126270.000000,0.018231,0.948148,641.034336,764.702167,221215,3149365,3600.000000,4,2,0,GUROBI,1,0,0,0,0,0,0,0,1,1,1
4,0,NoDisjunction,4,24759.507999,25063.911870,24950.405854,121533.271930,121910.818933,121923.000000,0.023356,1.129779,69.340897,69.341205,14265,207697,3600.000000,4,2,0,GUROBI,1,0,0,0,0,0,0,0,1,1,1
