instanceIndex,seedIndex,vpcGenerator,terms,lpBound,disjunctiveDualBound,lpBoundPostVpc,rootDualBound,dualBound,primalBound,vpcGenerationTime,rootDualBoundTime,bestSolutionTime,terminationTime,nodes,iterations,maxTime,actualTerms,numCuts,cutLimit,mipSolver,providePrimalBound,infeasibleTerms,feasibleToInfeasibleTerms,infeasibleToFeasibleTerms,termRemainsFeasibleBasisInfeasible,cutsChangedCoefficients,feasibleTermsPrunedByBound,tighten_disjunction,tighten_matrix_perturbation,tighten_infeasible_to_feasible_term,tighten_feasible_to_infeasible_basis
0,0,New,64,25302.209524,27137.949884,25805.491566,129041.066353,130582.944500,130596.000000,6.892224,8.118644,244.760978,297.759946,83191,1093823,3600.000000,64,2,321,GUROBI,1,0,0,0,0,0,0,0,0,0,0
1,0,Disjunction,64,25299.203618,27132.718092,25801.419712,133526.286200,134206.601398,134220.000000,0.331660,0.971859,12.235356,12.235604,1856,24214,3600.000000,64,2,0,GUROBI,1,5,5,0,59,0,0,1,0,0,0
2,0,Disjunction,64,25291.861011,27119.959106,25795.066011,130687.336877,131442.876760,131456.000000,0.295308,1.128598,44.494403,44.494812,13594,139886,3600.000000,64,2,0,GUROBI,1,7,7,0,26,0,0,1,0,0,0
3,0,Disjunction,64,25289.991825,27182.246294,25790.956749,134270.204910,134745.546538,134758.999857,0.354047,0.829238,24.660500,24.660960,11185,79693,3600.000000,64,2,0,GUROBI,1,48,48,0,16,0,0,1,0,0,0
4,0,Disjunction,64,25273.475526,27129.813685,25770.516513,132802.897033,133557.656189,133571.000000,0.342952,1.029936,33.068873,33.069300,10426,122488,3600.000000,64,2,0,GUROBI,1,34,34,0,30,0,0,1,0,0,0
