instanceIndex,seedIndex,vpcGenerator,terms,lpBound,disjunctiveDualBound,lpBoundPostVpc,rootDualBound,dualBound,primalBound,vpcGenerationTime,rootDualBoundTime,bestSolutionTime,terminationTime,nodes,iterations,maxTime,actualTerms,numCuts,cutLimit,mipSolver,providePrimalBound,infeasibleTerms,feasibleToInfeasibleTerms,infeasibleToFeasibleTerms,termRemainsFeasibleBasisInfeasible,cutsChangedCoefficients,feasibleTermsPrunedByBound,tighten_disjunction,tighten_matrix_perturbation,tighten_infeasible_to_feasible_term,tighten_feasible_to_infeasible_basis
0,0,New,64,25302.209524,27137.949884,25805.491566,129000.775537,130582.949033,130596.000000,7.195049,7.961428,286.962762,316.467866,83463,1204709,3600.000000,64,2,321,GUROBI,1,0,0,0,0,0,0,0,0,0,0
1,0,Farkas,64,24578.678529,25738.350192,24792.123133,122615.405854,123059.532344,123071.000000,0.373852,1.469146,395.190535,395.198803,118524,1643012,3600.000000,64,2,0,GUROBI,1,0,0,0,0,0,0,0,0,0,0
2,0,Farkas,64,25054.821042,26430.397243,25398.336889,120863.262684,121870.847783,121883.000000,0.369312,0.902052,11.059893,11.060200,1571,22633,3600.000000,64,2,0,GUROBI,1,0,0,0,0,0,0,0,0,0,0
3,0,Farkas,64,23608.936780,25171.337828,24112.218822,125544.314086,126257.387432,126270.000000,0.295156,1.362998,316.462835,383.277150,115779,1601858,3600.000000,64,2,0,GUROBI,1,0,0,0,0,0,0,0,0,0,0
4,0,Farkas,64,24759.507999,26374.236368,25444.243727,121368.228469,121910.866113,121923.000000,0.373721,1.120487,65.041327,70.818304,12467,268550,3600.000000,64,2,0,GUROBI,1,0,0,0,0,0,0,0,0,0,0
