instanceIndex,seedIndex,vpcGenerator,terms,lpBound,disjunctiveDualBound,lpBoundPostVpc,rootDualBound,dualBound,primalBound,vpcGenerationTime,rootDualBoundTime,bestSolutionTime,terminationTime,nodes,iterations,maxTime,actualTerms,numCuts,cutLimit,mipSolver,providePrimalBound,infeasibleTerms,feasibleToInfeasibleTerms,infeasibleToFeasibleTerms,termRemainsFeasibleBasisInfeasible,cutsChangedCoefficients,feasibleTermsPrunedByBound,tighten_disjunction,tighten_matrix_perturbation,tighten_infeasible_to_feasible_term,tighten_feasible_to_infeasible_basis
0,0,New,4,25302.209524,25611.359565,25498.481331,129047.889305,130582.944941,130596.000000,0.806723,1.961638,414.015319,472.446006,80319,1141665,3600.000000,4,2,321,GUROBI,1,0,0,0,0,0,0,0,0,0,0
1,0,Farkas,4,26204.828996,26504.832337,26391.958509,127243.602145,127833.052457,127845.833333,0.022497,1.184902,124.353590,124.353926,17053,234765,3600.000000,4,2,0,GUROBI,1,0,0,0,4,2,0,0,0,0,0
2,0,Farkas,4,23631.861586,23923.747873,23812.209412,123518.093873,124691.288454,124703.750000,0.023295,1.354763,38.983609,38.983903,4264,67548,3600.000000,4,2,0,GUROBI,1,0,0,0,4,1,0,0,0,0,0
3,0,Farkas,4,24944.782436,25276.805402,25161.464680,127468.613727,128380.662338,128393.500000,0.021656,1.333188,1464.972901,1985.601796,369655,5215706,3600.000000,4,2,0,GUROBI,1,0,0,0,4,1,0,0,0,0,0
