instanceIndex,seedIndex,vpcGenerator,terms,lpBound,disjunctiveDualBound,lpBoundPostVpc,rootDualBound,dualBound,primalBound,vpcGenerationTime,rootDualBoundTime,bestSolutionTime,terminationTime,nodes,iterations,maxTime,actualTerms,numCuts,cutLimit,mipSolver,providePrimalBound,infeasibleTerms,feasibleToInfeasibleTerms,infeasibleToFeasibleTerms,termRemainsFeasibleBasisInfeasible,cutsChangedCoefficients,feasibleTermsPrunedByBound,tighten_disjunction,tighten_matrix_perturbation,tighten_infeasible_to_feasible_term,tighten_feasible_to_infeasible_basis
0,0,New,4,25302.209524,25611.359565,25498.481331,129166.115681,130582.954108,130596.000000,1.364907,2.123637,218.076731,339.106960,96755,1343477,3600.000000,4,2,321,GUROBI,1,0,0,0,0,0,0,0,0,0,0
1,0,All,4,26204.828996,26504.832337,26391.958509,127211.577821,127833.065745,127845.833333,0.023041,0.787296,72.467665,72.467993,14733,240597,3600.000000,4,2,0,GUROBI,1,0,0,0,4,2,0,1,1,1,1
2,0,All,4,23631.861586,23923.747873,23812.209412,123896.361785,124692.283449,124703.750000,0.025318,0.775826,34.875608,34.875936,5506,95074,3600.000000,4,2,0,GUROBI,1,0,0,0,4,1,0,1,1,1,1
3,0,All,4,24944.782436,25276.805402,25161.464680,127393.860051,128380.660756,128393.500000,0.023851,0.720184,1016.526454,1403.734236,427130,6712760,3600.000000,4,2,0,GUROBI,1,0,0,0,4,1,0,1,1,1,1
