instanceIndex,seedIndex,vpcGenerator,terms,lpBound,disjunctiveDualBound,lpBoundPostVpc,rootDualBound,dualBound,primalBound,vpcGenerationTime,rootDualBoundTime,bestSolutionTime,terminationTime,nodes,iterations,maxTime,actualTerms,numCuts,cutLimit,mipSolver,providePrimalBound,infeasibleTerms,feasibleToInfeasibleTerms,infeasibleToFeasibleTerms,termRemainsFeasibleBasisInfeasible,cutsChangedCoefficients,feasibleTermsPrunedByBound,tighten_disjunction,tighten_matrix_perturbation,tighten_infeasible_to_feasible_term,tighten_feasible_to_infeasible_basis
0,0,New,64,25302.209524,27137.949884,25805.491566,129012.310761,130582.941963,130596.000000,6.589872,7.371470,338.065500,383.673708,114050,1519112,3600.000000,64,2,321,GUROBI,1,0,0,0,0,0,0,0,0,0,0
1,0,NoDisjunction,64,24578.678529,25738.350192,24792.123133,122492.928197,123058.693000,123071.000000,0.366057,1.253772,115.818735,327.199606,82217,1373532,3600.000000,64,2,0,GUROBI,1,0,0,0,0,0,0,0,1,1,1
2,0,NoDisjunction,64,25054.821042,26430.397243,25398.336889,121218.311231,121871.397611,121883.000000,0.372204,1.111344,14.000270,14.000542,1979,26945,3600.000000,64,2,0,GUROBI,1,0,0,0,0,0,0,0,1,1,1
3,0,NoDisjunction,64,23608.936780,25171.337828,24112.218822,125443.490295,126257.373166,126270.000000,0.297749,1.195220,547.090766,661.808376,221215,3149365,3600.000000,64,2,0,GUROBI,1,0,0,0,0,0,0,0,1,1,1
4,0,NoDisjunction,64,24759.507999,26374.236368,25444.243727,121533.271930,121910.818933,121923.000000,0.366239,1.352792,65.658244,65.658705,14265,207697,3600.000000,64,2,0,GUROBI,1,0,0,0,0,0,0,0,1,1,1
