instanceIndex,seedIndex,vpcGenerator,terms,lpBound,disjunctiveDualBound,lpBoundPostVpc,rootDualBound,dualBound,primalBound,vpcGenerationTime,rootDualBoundTime,bestSolutionTime,terminationTime,nodes,iterations,maxTime,actualTerms,numCuts,cutLimit,mipSolver,providePrimalBound,infeasibleTerms,feasibleToInfeasibleTerms,infeasibleToFeasibleTerms,termRemainsFeasibleBasisInfeasible,cutsChangedCoefficients,feasibleTermsPrunedByBound,tighten_disjunction,tighten_matrix_perturbation,tighten_infeasible_to_feasible_term,tighten_feasible_to_infeasible_basis
0,0,New,64,242.000000,244.000000,243.486510,276.008340,307.000000,314.000000,630.650236,634.685885,1320.697044,4230.656606,90531,13058322,3600.000000,64,7,748,GUROBI,1,30,0,0,0,0,0,0,0,0,0
1,0,Farkas,64,243.942181,245.856322,244.725112,279.106202,306.000000,314.000000,8.004128,11.563254,3354.790030,3608.008602,88798,16719981,3600.000000,64,7,0,GUROBI,1,30,0,0,34,0,0,0,0,0,0
2,0,Farkas,64,242.000000,244.000000,243.486510,275.404940,305.000000,314.000000,2.423591,6.742936,1643.878798,3602.427981,80079,15840637,3600.000000,64,7,0,GUROBI,1,30,0,0,0,0,0,0,0,0,0
3,0,Farkas,64,242.000000,244.000000,243.486510,277.359685,307.000000,314.000000,2.324813,6.983824,2236.293015,3602.329435,77842,11767509,3600.000000,64,7,0,GUROBI,1,30,0,0,1,0,0,0,0,0,0
