instanceIndex,seedIndex,vpcGenerator,terms,lpBound,disjunctiveDualBound,lpBoundPostVpc,rootDualBound,dualBound,primalBound,vpcGenerationTime,rootDualBoundTime,bestSolutionTime,terminationTime,nodes,iterations,maxTime,actualTerms,numCuts,cutLimit,mipSolver,providePrimalBound,infeasibleTerms,feasibleToInfeasibleTerms,infeasibleToFeasibleTerms,termRemainsFeasibleBasisInfeasible,cutsChangedCoefficients,feasibleTermsPrunedByBound,tighten_disjunction,tighten_matrix_perturbation,tighten_infeasible_to_feasible_term,tighten_feasible_to_infeasible_basis
0,0,New,64,242.000000,244.000000,243.406642,276.993257,308.000000,314.000000,751.128976,754.404807,1802.191456,4351.132197,130969,26177395,3600.000000,64,6,748,GUROBI,1,30,0,0,0,0,0,0,0,0,0
1,0,Farkas,64,242.000000,244.000000,243.312023,275.858143,314.000000,314.000000,1.881023,4.006741,2408.518406,2433.361887,103805,18374647,3600.000000,64,6,0,GUROBI,1,30,0,0,32,5,0,0,0,0,0
2,0,Farkas,64,242.000000,244.083333,243.406642,280.297565,317.000000,317.000000,3.408784,6.485050,2538.389209,3421.484929,134729,19416429,3600.000000,64,6,0,GUROBI,1,30,0,0,34,5,0,0,0,0,0
3,0,Farkas,64,239.750000,241.872659,240.937134,276.329082,310.000000,315.000000,6.820574,9.769500,1741.885165,3606.825510,137996,25606680,3600.000000,64,6,0,GUROBI,1,30,0,0,29,5,0,0,0,0,0
