instanceIndex,seedIndex,vpcGenerator,terms,lpBound,disjunctiveDualBound,lpBoundPostVpc,rootDualBound,dualBound,primalBound,vpcGenerationTime,rootDualBoundTime,bestSolutionTime,terminationTime,nodes,iterations,maxTime,actualTerms,numCuts,cutLimit,mipSolver,providePrimalBound,infeasibleTerms,feasibleToInfeasibleTerms,infeasibleToFeasibleTerms,termRemainsFeasibleBasisInfeasible,cutsChangedCoefficients,feasibleTermsPrunedByBound,tighten_disjunction,tighten_matrix_perturbation,tighten_infeasible_to_feasible_term,tighten_feasible_to_infeasible_basis
0,0,New,64,242.000000,244.000000,243.406642,277.179820,308.000000,314.000000,729.685851,732.335068,3911.325658,4329.688163,152098,22649064,3600.000000,64,6,748,GUROBI,1,30,0,0,0,0,0,0,0,0,0
1,0,Disjunction,64,243.942181,245.856322,244.701826,278.823540,314.000000,314.000000,4.988756,7.808827,1598.438627,1795.013119,81942,13116762,3600.000000,64,6,0,GUROBI,1,30,0,0,34,0,0,1,0,0,0
2,0,Disjunction,64,242.000000,244.000000,243.406642,277.063522,308.000000,314.000000,1.999682,5.249805,3083.347697,3602.003176,160845,28992538,3600.000000,64,6,0,GUROBI,1,30,0,0,0,0,0,1,0,0,0
3,0,Disjunction,64,242.000000,244.000000,243.406642,276.345132,309.000000,314.000000,1.403288,3.960173,1707.587135,3601.406905,134733,20192438,3600.000000,64,6,0,GUROBI,1,30,0,0,1,0,0,1,0,0,0
