instanceIndex,seedIndex,vpcGenerator,terms,lpBound,disjunctiveDualBound,lpBoundPostVpc,rootDualBound,dualBound,primalBound,vpcGenerationTime,rootDualBoundTime,bestSolutionTime,terminationTime,nodes,iterations,maxTime,actualTerms,numCuts,cutLimit,mipSolver,providePrimalBound,infeasibleTerms,feasibleToInfeasibleTerms,infeasibleToFeasibleTerms,termRemainsFeasibleBasisInfeasible,cutsChangedCoefficients,feasibleTermsPrunedByBound,tighten_disjunction,tighten_matrix_perturbation,tighten_infeasible_to_feasible_term,tighten_feasible_to_infeasible_basis
0,0,New,64,242.000000,244.000000,243.319290,276.435959,306.000000,314.000000,634.982539,639.090294,3118.383566,4234.987452,83136,12037131,3600.000000,64,5,748,GUROBI,1,30,0,0,0,0,0,0,0,0,0
1,0,Basis,64,240.608413,242.732695,241.610071,276.482002,308.000000,312.000000,10.283758,13.949360,2788.597625,3610.289099,90426,12608285,3600.000000,64,5,0,GUROBI,1,30,0,0,0,0,0,0,0,0,1
2,0,Basis,64,241.246250,242.717172,241.706759,276.134293,306.000000,313.000000,10.611626,14.691430,2099.432458,3610.616356,81358,11596484,3600.000000,64,5,0,GUROBI,1,30,0,0,0,0,0,0,0,0,1
3,0,Basis,64,242.819285,244.677398,243.593289,277.645298,313.000000,313.000000,10.950936,14.564700,3300.898982,3424.288624,70010,10775229,3600.000000,64,5,0,GUROBI,1,30,0,0,0,0,0,0,0,0,1
