instanceIndex,seedIndex,vpcGenerator,terms,lpBound,disjunctiveDualBound,lpBoundPostVpc,rootDualBound,dualBound,primalBound,vpcGenerationTime,rootDualBoundTime,bestSolutionTime,terminationTime,nodes,iterations,maxTime,actualTerms,numCuts,cutLimit,mipSolver,providePrimalBound,infeasibleTerms,feasibleToInfeasibleTerms,infeasibleToFeasibleTerms,termRemainsFeasibleBasisInfeasible,cutsChangedCoefficients,feasibleTermsPrunedByBound,tighten_disjunction,tighten_matrix_perturbation,tighten_infeasible_to_feasible_term,tighten_feasible_to_infeasible_basis
0,0,None,4,29129565.161344,29129565.161344,29129565.161344,29179801.545100,30088407.905972,30090794.000000,0.000003,5.151689,545.230342,545.492579,263593,3187581,3600.000000,0,0,0,GUROBI,1,0,0,0,0,0,0,0,0,0,0
1,0,None,4,29119863.906643,29119863.906643,29119863.906643,29173779.896793,30082476.421310,30083143.000000,0.000003,3.141187,906.155085,906.412857,408535,4360989,3600.000000,0,0,0,GUROBI,1,0,0,0,0,0,0,0,0,0,0
2,0,None,4,29117805.136970,29117805.136970,29117805.136970,30012406.479545,30082614.546956,30084846.000000,0.000003,3.302260,398.159452,398.178684,144582,1856644,3600.000000,0,0,0,GUROBI,1,0,0,0,0,0,0,0,0,0,0
3,0,None,4,29123632.375071,29123632.375071,29123632.375071,29174908.625318,30090043.959210,30091305.000000,0.000003,4.989232,944.731704,944.862136,360460,5327176,3600.000000,0,0,0,GUROBI,1,0,0,0,0,0,0,0,0,0,0
4,0,None,4,29118999.664428,29118999.664428,29118999.664428,29171739.003865,30085529.412154,30087557.000000,0.000003,3.602958,768.196116,768.240020,536451,5236144,3600.000000,0,0,0,GUROBI,1,0,0,0,0,0,0,0,0,0,0
5,0,None,4,29122805.018901,29122805.018901,29122805.018901,29178687.453433,30089711.963181,30090600.000000,0.000003,2.812798,576.445594,576.608731,303430,3559582,3600.000000,0,0,0,GUROBI,1,0,0,0,0,0,0,0,0,0,0
