instanceIndex,seedIndex,vpcGenerator,terms,lpBound,disjunctiveDualBound,lpBoundPostVpc,rootDualBound,dualBound,primalBound,vpcGenerationTime,rootDualBoundTime,bestSolutionTime,terminationTime,nodes,iterations,maxTime,actualTerms,numCuts,cutLimit,mipSolver,providePrimalBound,infeasibleTerms,feasibleToInfeasibleTerms,infeasibleToFeasibleTerms,termRemainsFeasibleBasisInfeasible,cutsChangedCoefficients,feasibleTermsPrunedByBound,tighten_disjunction,tighten_matrix_perturbation,tighten_infeasible_to_feasible_term,tighten_feasible_to_infeasible_basis
0,0,New,4,29129565.161344,29129893.779087,29129870.991927,29171991.915685,30089580.042669,30090893.000000,140.501299,145.760013,926.565607,926.672055,220015,2842993,3600.000000,4,276,276,GUROBI,1,0,0,0,0,0,0,0,0,0,0
1,0,New,4,29128457.320093,29128652.671825,29128513.709948,29169111.317281,30088486.955976,30090976.000000,148.187718,153.979765,629.563185,629.563925,179336,2006661,3600.000000,4,285,285,GUROBI,1,0,0,0,0,0,0,0,0,0,0
2,0,New,4,29128785.073627,29137662.567896,29129033.869122,29179293.431968,30089313.839134,30091028.000000,3624.679606,3630.434947,4469.259097,4469.660168,370360,4019231,3600.000000,4,269,274,GUROBI,1,0,0,0,0,0,0,0,0,0,0
3,0,New,4,29127301.622372,29128218.737767,29127685.246294,29173822.873802,30089290.354150,30090976.000000,68.400249,73.497769,737.242252,737.243022,315078,2951265,3600.000000,4,104,274,GUROBI,1,0,0,0,0,0,0,0,0,0,0
4,0,New,4,29129102.430996,29129562.838133,29129556.085591,29178121.100682,30089025.198973,30091206.000000,96.710762,103.401345,1002.999539,1003.000247,277629,3446376,3600.000000,4,86,277,GUROBI,1,0,0,0,0,0,0,0,0,0,0
