instanceIndex,seedIndex,vpcGenerator,terms,lpBound,disjunctiveDualBound,lpBoundPostVpc,rootDualBound,dualBound,primalBound,vpcGenerationTime,rootDualBoundTime,bestSolutionTime,terminationTime,nodes,iterations,maxTime,actualTerms,numCuts,cutLimit,mipSolver,providePrimalBound,infeasibleTerms,feasibleToInfeasibleTerms,infeasibleToFeasibleTerms,termRemainsFeasibleBasisInfeasible,cutsChangedCoefficients,feasibleTermsPrunedByBound,tighten_disjunction,tighten_matrix_perturbation,tighten_infeasible_to_feasible_term,tighten_feasible_to_infeasible_basis
0,0,New,4,29129565.161344,29129893.779087,29129872.242258,29171615.175505,30089117.603221,30090893.000000,81.908346,84.914980,583.173906,583.309414,304718,3236650,3600.000000,4,276,276,GUROBI,1,0,0,0,0,0,0,0,0,0,0
1,0,Matrix,4,22700369.875641,22701213.240697,22700369.875641,29529825.612581,30398888.965418,30400767.000000,1.158386,2.704313,400.683847,400.752744,346827,2356400,3600.000000,4,276,0,GUROBI,1,2,2,0,2,276,0,0,1,0,0
2,0,Matrix,4,25800821.236918,25801435.140791,25800821.236918,29211487.305264,30109536.907139,30111656.000000,0.867031,4.334957,2213.038764,2213.428514,1330768,11871084,3600.000000,4,276,0,GUROBI,1,0,0,0,4,276,0,0,1,0,0
