instanceIndex,seedIndex,vpcGenerator,terms,lpBound,disjunctiveDualBound,lpBoundPostVpc,rootDualBound,dualBound,primalBound,vpcGenerationTime,rootDualBoundTime,bestSolutionTime,terminationTime,nodes,iterations,maxTime,actualTerms,numCuts,cutLimit,mipSolver,providePrimalBound,infeasibleTerms,feasibleToInfeasibleTerms,infeasibleToFeasibleTerms,termRemainsFeasibleBasisInfeasible,cutsChangedCoefficients,feasibleTermsPrunedByBound,tighten_disjunction,tighten_matrix_perturbation,tighten_infeasible_to_feasible_term,tighten_feasible_to_infeasible_basis
0,0,None,64,21240.526171,21240.526171,21240.526171,21419.605990,21477.000000,21477.000000,0.000017,0.594837,0.621813,0.623560,7,1046,3600.000000,0,0,0,GUROBI,1,0,0,0,0,0,0,0,0,0,0
1,0,None,64,21240.526171,21240.526171,21240.526171,21409.000000,21477.000000,21477.000000,0.000002,0.613474,0.661120,0.661397,9,1857,3600.000000,0,0,0,GUROBI,1,0,0,0,0,0,0,0,0,0,0
2,0,None,64,21240.534629,21240.534629,21240.534629,21407.010697,21477.015625,21477.015625,0.000002,0.412498,0.455034,0.458379,14,1105,3600.000000,0,0,0,GUROBI,1,0,0,0,0,0,0,0,0,0,0
3,0,None,64,21240.526171,21240.526171,21240.526171,21408.999983,21477.000000,21477.000000,0.000002,0.496315,0.539683,0.539798,13,1031,3600.000000,0,0,0,GUROBI,1,0,0,0,0,0,0,0,0,0,0
