instanceIndex,seedIndex,vpcGenerator,terms,lpBound,disjunctiveDualBound,lpBoundPostVpc,rootDualBound,dualBound,primalBound,vpcGenerationTime,rootDualBoundTime,bestSolutionTime,terminationTime,nodes,iterations,maxTime,actualTerms,numCuts,cutLimit,mipSolver,providePrimalBound,infeasibleTerms,feasibleToInfeasibleTerms,infeasibleToFeasibleTerms,termRemainsFeasibleBasisInfeasible,cutsChangedCoefficients,feasibleTermsPrunedByBound,tighten_disjunction,tighten_matrix_perturbation,tighten_infeasible_to_feasible_term,tighten_feasible_to_infeasible_basis
0,0,New,64,7649.866134,7945.859018,7942.998461,7944.003570,8090.000000,8090.000000,171.455476,172.004650,172.404997,173.731743,1150,25803,3600.000000,66,75,75,GUROBI,1,10,0,0,0,0,0,0,0,0,0
1,0,Farkas,64,7170.432227,7302.110780,7170.432227,7530.761202,7601.000000,7601.000000,0.668116,1.376132,1.552119,1.570954,88,2053,3600.000000,66,75,0,GUROBI,1,6,4,8,52,75,0,0,0,0,0
2,0,Farkas,64,5313.000000,5313.000000,5313.000000,5313.000000,5313.000000,5313.000000,0.909774,0.935469,0.909774,0.935469,0,0,3600.000000,66,75,0,GUROBI,1,5,3,8,53,75,0,0,0,0,0
3,0,Farkas,64,5313.000000,5313.000000,5313.000000,5313.000000,5313.000000,5313.000000,0.898872,0.927927,0.898872,0.927927,0,0,3600.000000,66,75,0,GUROBI,1,11,7,6,49,75,0,0,0,0,0
