instanceIndex,seedIndex,vpcGenerator,terms,lpBound,disjunctiveDualBound,lpBoundPostVpc,rootDualBound,dualBound,primalBound,vpcGenerationTime,rootDualBoundTime,bestSolutionTime,terminationTime,nodes,iterations,maxTime,actualTerms,numCuts,cutLimit,mipSolver,providePrimalBound,infeasibleTerms,feasibleToInfeasibleTerms,infeasibleToFeasibleTerms,termRemainsFeasibleBasisInfeasible,cutsChangedCoefficients,feasibleTermsPrunedByBound,tighten_disjunction,tighten_matrix_perturbation,tighten_infeasible_to_feasible_term,tighten_feasible_to_infeasible_basis
0,0,None,64,2879.065687,2879.065687,2879.065687,3193.242085,3284.018015,3311.179984,0.000019,0.548462,3600.003527,3600.003871,526213,17702070,3600.000000,0,0,0,GUROBI,1,0,0,0,0,0,0,0,0,0,0
1,0,None,64,2944.153326,2944.153326,2944.153326,4440.068717,4496.580385,4497.029988,0.000002,0.340283,1088.573834,1118.143628,117321,4176273,3600.000000,0,0,0,GUROBI,1,0,0,0,0,0,0,0,0,0,0
2,0,None,64,2891.051659,2891.051659,2891.051659,3415.298798,3506.677971,3516.689994,0.000001,0.839141,3600.002920,3600.003234,269200,14167731,3600.000000,0,0,0,GUROBI,1,0,0,0,0,0,0,0,0,0,0
3,0,None,64,2909.045270,2909.045270,2909.045270,3633.757535,3729.996956,3730.369989,0.000002,0.468360,2752.217940,3008.901584,383715,15504152,3600.000000,0,0,0,GUROBI,1,0,0,0,0,0,0,0,0,0,0
