instanceIndex,seedIndex,vpcGenerator,terms,lpBound,disjunctiveDualBound,lpBoundPostVpc,rootDualBound,dualBound,primalBound,vpcGenerationTime,rootDualBoundTime,bestSolutionTime,terminationTime,nodes,iterations,maxTime,actualTerms,numCuts,cutLimit,mipSolver,providePrimalBound,infeasibleTerms,feasibleToInfeasibleTerms,infeasibleToFeasibleTerms,termRemainsFeasibleBasisInfeasible,cutsChangedCoefficients,feasibleTermsPrunedByBound,tighten_disjunction,tighten_matrix_perturbation,tighten_infeasible_to_feasible_term,tighten_feasible_to_infeasible_basis
0,0,None,4,2879.065687,2879.065687,2879.065687,3202.744690,3300.869851,3311.179984,0.000012,0.315331,3600.001209,3600.001364,684124,27643511,3600.000000,0,0,0,GUROBI,1,0,0,0,0,0,0,0,0,0,0
1,0,None,4,3103.399714,3103.399714,3103.399714,5237.934754,5313.677566,5316.249987,0.000003,0.275847,3463.456366,3600.003395,624467,26947272,3600.000000,0,0,0,GUROBI,1,0,0,0,0,0,0,0,0,0,0
2,0,None,4,3011.263048,3011.263048,3011.263048,5053.611576,5126.727353,5127.239983,0.000002,0.901576,1170.412151,1302.797308,105538,4940402,3600.000000,0,0,0,GUROBI,1,0,0,0,0,0,0,0,0,0,0
3,0,None,4,3019.322075,3019.322075,3019.322075,4915.584899,4988.567139,4991.989977,0.000002,0.713352,3196.392073,3600.002355,542937,20361632,3600.000000,0,0,0,GUROBI,1,0,0,0,0,0,0,0,0,0,0
