instanceIndex,seedIndex,vpcGenerator,terms,lpBound,disjunctiveDualBound,lpBoundPostVpc,rootDualBound,dualBound,primalBound,vpcGenerationTime,rootDualBoundTime,bestSolutionTime,terminationTime,nodes,iterations,maxTime,actualTerms,numCuts,cutLimit,mipSolver,providePrimalBound,infeasibleTerms,feasibleToInfeasibleTerms,infeasibleToFeasibleTerms,termRemainsFeasibleBasisInfeasible,cutsChangedCoefficients,feasibleTermsPrunedByBound,tighten_disjunction,tighten_matrix_perturbation,tighten_infeasible_to_feasible_term,tighten_feasible_to_infeasible_basis
0,0,None,64,2879.065687,2879.065687,2879.065687,3209.856886,3294.911329,3311.179984,0.000031,0.661512,3600.003191,3600.003485,495352,16960665,3600.000000,0,0,0,GUROBI,1,0,0,0,0,0,0,0,0,0,0
1,0,None,64,2079.747621,2079.747621,2079.747621,2430.445097,2520.030361,2546.919997,0.000001,0.631735,3600.003594,3600.003904,426456,12937034,3600.000000,0,0,0,GUROBI,1,0,0,0,0,0,0,0,0,0,0
2,0,None,64,878.855856,878.855856,878.855856,1070.299244,1100.342638,1100.370000,0.000002,0.564051,20.241019,20.241259,3291,36307,3600.000000,0,0,0,GUROBI,1,0,0,0,0,0,0,0,0,0,0
3,0,None,64,2149.660034,2149.660034,2149.660034,2446.645830,2518.778240,2519.029995,0.000002,0.944046,1694.022997,1694.023977,309892,9069746,3600.000000,0,0,0,GUROBI,1,0,0,0,0,0,0,0,0,0,0
