instanceIndex,seedIndex,vpcGenerator,terms,lpBound,disjunctiveDualBound,lpBoundPostVpc,rootDualBound,dualBound,primalBound,vpcGenerationTime,rootDualBoundTime,bestSolutionTime,terminationTime,nodes,iterations,maxTime,actualTerms,numCuts,cutLimit,mipSolver,providePrimalBound,infeasibleTerms,feasibleToInfeasibleTerms,infeasibleToFeasibleTerms,termRemainsFeasibleBasisInfeasible,cutsChangedCoefficients,feasibleTermsPrunedByBound,tighten_disjunction,tighten_matrix_perturbation,tighten_infeasible_to_feasible_term,tighten_feasible_to_infeasible_basis
0,0,None,4,2879.065687,2879.065687,2879.065687,3193.320564,3297.403513,3311.179984,0.000002,0.550495,3600.002786,3600.003090,358777,17581528,3600.000000,0,0,0,GUROBI,1,0,0,0,0,0,0,0,0,0,0
1,0,None,4,2944.153326,2944.153326,2944.153326,4440.271457,4496.581065,4497.029988,0.000002,0.356592,731.900176,757.057555,89550,3410641,3600.000000,0,0,0,GUROBI,1,0,0,0,0,0,0,0,0,0,0
2,0,None,4,2891.051659,2891.051659,2891.051659,3417.484189,3497.906975,3516.689994,0.000002,0.507916,3600.002691,3600.002996,511157,16062693,3600.000000,0,0,0,GUROBI,1,0,0,0,0,0,0,0,0,0,0
3,0,None,4,2909.045270,2909.045270,2909.045270,3640.148437,3721.698588,3730.369989,0.000002,0.513821,3412.177996,3600.003066,513491,18639410,3600.000000,0,0,0,GUROBI,1,0,0,0,0,0,0,0,0,0,0
