instanceIndex,seedIndex,vpcGenerator,terms,lpBound,disjunctiveDualBound,lpBoundPostVpc,rootDualBound,dualBound,primalBound,vpcGenerationTime,rootDualBoundTime,bestSolutionTime,terminationTime,nodes,iterations,maxTime,actualTerms,numCuts,cutLimit,mipSolver,providePrimalBound,infeasibleTerms,feasibleToInfeasibleTerms,infeasibleToFeasibleTerms,termRemainsFeasibleBasisInfeasible,cutsChangedCoefficients,feasibleTermsPrunedByBound,tighten_disjunction,tighten_matrix_perturbation,tighten_infeasible_to_feasible_term,tighten_feasible_to_infeasible_basis
0,0,None,64,2879.065687,2879.065687,2879.065687,3195.779396,3291.828824,3311.179984,0.000027,0.552447,2795.439529,3600.002948,475278,17282269,3600.000000,0,0,0,GUROBI,1,0,0,0,0,0,0,0,0,0,0
1,0,None,64,-6115623.413210,-6115623.413210,-6115623.413210,-6115478.754816,-6115478.217685,-6115302.994019,0.000002,0.149116,1.264394,1.265746,500,1896,3600.000000,0,0,0,GUROBI,1,0,0,0,0,0,0,0,0,0,0
2,0,None,64,-11215380.802980,-11215380.802980,-11215380.802980,-11215268.847946,-11215267.420890,-11215116.188990,0.000002,0.139451,0.746723,0.748029,285,1352,3600.000000,0,0,0,GUROBI,1,0,0,0,0,0,0,0,0,0,0
3,0,None,64,-8090485.051603,-8090485.051603,-8090485.051603,-8090363.807576,-8090363.299115,-8090144.335744,0.000003,0.145681,0.801605,0.802972,299,1617,3600.000000,0,0,0,GUROBI,1,0,0,0,0,0,0,0,0,0,0
