instanceIndex,seedIndex,vpcGenerator,terms,lpBound,disjunctiveDualBound,lpBoundPostVpc,rootDualBound,dualBound,primalBound,vpcGenerationTime,rootDualBoundTime,bestSolutionTime,terminationTime,nodes,iterations,maxTime,actualTerms,numCuts,cutLimit,mipSolver,providePrimalBound,infeasibleTerms,feasibleToInfeasibleTerms,infeasibleToFeasibleTerms,termRemainsFeasibleBasisInfeasible,cutsChangedCoefficients,feasibleTermsPrunedByBound,tighten_disjunction,tighten_matrix_perturbation,tighten_infeasible_to_feasible_term,tighten_feasible_to_infeasible_basis
0,0,New,64,2879.065687,2956.881654,2905.877731,3207.908043,3300.721045,3311.179984,35.814605,36.472678,954.747182,3635.818248,402061,17350865,3600.000000,64,22,29,GUROBI,1,0,0,0,0,0,0,0,0,0,0
1,0,New,64,2079.747621,2142.254647,2114.051133,2425.125686,2513.093061,2546.919997,82.125558,82.713843,2657.092450,3682.128877,633369,16546212,3600.000000,64,35,35,GUROBI,1,0,0,0,0,0,0,0,0,0,0
2,0,New,64,878.855856,895.355856,887.965306,1070.139168,1100.270508,1100.370000,42.369712,42.769721,58.829277,58.829695,4412,45330,3600.000000,64,21,21,GUROBI,1,0,0,0,0,0,0,0,0,0,0
3,0,New,64,2149.660034,2211.262095,2163.151586,2438.201773,2518.778184,2519.029995,58.168066,58.602128,2128.168474,2128.170108,427390,11415502,3600.000000,64,30,30,GUROBI,1,0,0,0,0,0,0,0,0,0,0
