instanceIndex,seedIndex,vpcGenerator,terms,lpBound,disjunctiveDualBound,lpBoundPostVpc,rootDualBound,dualBound,primalBound,vpcGenerationTime,rootDualBoundTime,bestSolutionTime,terminationTime,nodes,iterations,maxTime,actualTerms,numCuts,cutLimit,mipSolver,providePrimalBound,infeasibleTerms,feasibleToInfeasibleTerms,infeasibleToFeasibleTerms,termRemainsFeasibleBasisInfeasible,cutsChangedCoefficients,feasibleTermsPrunedByBound,tighten_disjunction,tighten_matrix_perturbation,tighten_infeasible_to_feasible_term,tighten_feasible_to_infeasible_basis
0,0,New,64,4649.667605,4985.201862,4771.416618,10751.039149,11502.357957,11503.444125,25.263829,27.741117,1492.332070,1505.981215,47773,4920437,3600.000000,64,4,155,GUROBI,1,0,0,0,0,0,0,0,0,0,0
1,0,All,64,-85175.017064,-84791.762955,-85137.126410,-77131.044267,-76661.814101,-76654.575693,10.777208,12.502779,21.016611,21.016854,947,39378,3600.000000,64,4,0,GUROBI,1,0,0,0,0,0,0,1,1,1,1
2,0,All,64,-41410.799786,-41108.850692,-41368.010046,-34276.428964,-33600.188054,-33596.855134,6.642164,8.535242,41.237901,41.440379,1416,82140,3600.000000,64,4,0,GUROBI,1,0,0,0,0,0,0,1,1,1,1
3,0,All,64,-89726.879215,-89143.320091,-89709.087945,-79930.189380,-79411.963423,-79405.451903,10.846267,12.634999,33.185258,33.185495,887,46235,3600.000000,64,4,0,GUROBI,1,0,0,0,0,0,0,1,1,1,1
