instanceIndex,seedIndex,vpcGenerator,terms,lpBound,disjunctiveDualBound,lpBoundPostVpc,rootDualBound,dualBound,primalBound,vpcGenerationTime,rootDualBoundTime,bestSolutionTime,terminationTime,nodes,iterations,maxTime,actualTerms,numCuts,cutLimit,mipSolver,providePrimalBound,infeasibleTerms,feasibleToInfeasibleTerms,infeasibleToFeasibleTerms,termRemainsFeasibleBasisInfeasible,cutsChangedCoefficients,feasibleTermsPrunedByBound,tighten_disjunction,tighten_matrix_perturbation,tighten_infeasible_to_feasible_term,tighten_feasible_to_infeasible_basis
0,0,None,64,4110.346758,4110.346758,4110.346758,10318.025889,10888.430297,10889.137625,0.000003,3.724805,1124.557523,1124.557893,22748,2417169,3600.000000,0,0,0,GUROBI,1,0,0,0,0,0,0,0,0,0,0
1,0,None,64,3940.472729,3940.472729,3940.472729,8705.338556,9896.871907,9897.799285,0.000002,3.393847,1104.264215,1104.802953,15599,2265093,3600.000000,0,0,0,GUROBI,1,0,0,0,0,0,0,0,0,0,0
2,0,None,64,3533.746636,3533.746636,3533.746636,8748.594187,9844.144563,9844.238539,0.000002,3.112190,2818.741173,2818.741575,30982,5906647,3600.000000,0,0,0,GUROBI,1,0,0,0,0,0,0,0,0,0,0
3,0,None,64,3438.888952,3438.888952,3438.888952,8678.518453,9758.557956,9759.426600,0.000002,3.181308,557.548390,560.337108,8899,1139182,3600.000000,0,0,0,GUROBI,1,0,0,0,0,0,0,0,0,0,0
