instanceIndex,seedIndex,vpcGenerator,terms,lpBound,disjunctiveDualBound,lpBoundPostVpc,rootDualBound,dualBound,primalBound,vpcGenerationTime,rootDualBoundTime,bestSolutionTime,terminationTime,nodes,iterations,maxTime,actualTerms,numCuts,cutLimit,mipSolver,providePrimalBound,infeasibleTerms,feasibleToInfeasibleTerms,infeasibleToFeasibleTerms,termRemainsFeasibleBasisInfeasible,cutsChangedCoefficients,feasibleTermsPrunedByBound,tighten_disjunction,tighten_matrix_perturbation,tighten_infeasible_to_feasible_term,tighten_feasible_to_infeasible_basis
0,0,New,64,1005.681635,1020.592896,1017.830439,1102.054497,1168.000000,1168.000000,55.335343,57.214485,1310.349921,1319.295088,161486,11830340,3600.000000,81,36,36,GUROBI,1,69,0,0,0,0,0,0,0,0,0
1,0,New,64,589.274187,641.640150,596.135468,706.480089,718.000000,718.000000,22.157959,23.135131,28.031874,28.115246,448,18232,3600.000000,203,2,34,GUROBI,1,196,0,0,0,0,0,0,0,0,0
2,0,New,64,675.946279,698.517121,680.054278,734.747842,739.000000,739.000000,52.699768,53.218402,54.341448,54.348151,312,5017,3600.000000,231,21,25,GUROBI,1,216,0,0,0,0,0,0,0,0,0
3,0,New,64,654.082093,678.725039,656.453914,707.523582,712.000000,712.000000,35.653603,36.817439,40.576086,40.578760,423,11156,3600.000000,246,3,29,GUROBI,1,231,0,0,0,0,0,0,0,0,0
