instanceIndex,seedIndex,vpcGenerator,terms,lpBound,disjunctiveDualBound,lpBoundPostVpc,rootDualBound,dualBound,primalBound,vpcGenerationTime,rootDualBoundTime,bestSolutionTime,terminationTime,nodes,iterations,maxTime,actualTerms,numCuts,cutLimit,mipSolver,providePrimalBound,infeasibleTerms,feasibleToInfeasibleTerms,infeasibleToFeasibleTerms,termRemainsFeasibleBasisInfeasible,cutsChangedCoefficients,feasibleTermsPrunedByBound,tighten_disjunction,tighten_matrix_perturbation,tighten_infeasible_to_feasible_term,tighten_feasible_to_infeasible_basis
0,0,New,4,1005.681635,1017.686539,1015.033919,1095.652964,1168.000000,1168.000000,2.149683,3.639540,805.971480,825.584745,71947,6959113,3600.000000,4,8,36,GUROBI,1,0,0,0,0,0,0,0,0,0,0
1,0,New,4,589.274187,641.640150,596.135468,706.160297,718.000000,718.000000,17.725068,18.744149,19.817877,20.067509,144,8545,3600.000000,203,2,34,GUROBI,1,196,0,0,0,0,0,0,0,0,0
2,0,New,4,675.946279,698.517121,680.054278,735.099166,739.000000,739.000000,43.096891,43.538644,45.220266,45.227188,364,5994,3600.000000,231,21,25,GUROBI,1,216,0,0,0,0,0,0,0,0,0
3,0,New,4,654.082093,678.725039,656.453914,707.721739,712.000000,712.000000,26.008010,26.553239,27.763678,27.775114,255,8895,3600.000000,246,3,29,GUROBI,1,231,0,0,0,0,0,0,0,0,0
