instanceIndex,seedIndex,vpcGenerator,terms,lpBound,disjunctiveDualBound,lpBoundPostVpc,rootDualBound,dualBound,primalBound,vpcGenerationTime,rootDualBoundTime,bestSolutionTime,terminationTime,nodes,iterations,maxTime,actualTerms,numCuts,cutLimit,mipSolver,providePrimalBound,infeasibleTerms,feasibleToInfeasibleTerms,infeasibleToFeasibleTerms,termRemainsFeasibleBasisInfeasible,cutsChangedCoefficients,feasibleTermsPrunedByBound,tighten_disjunction,tighten_matrix_perturbation,tighten_infeasible_to_feasible_term,tighten_feasible_to_infeasible_basis
0,0,New,64,983.167425,1004.789309,996.904976,1092.142271,1158.000000,1158.000000,18.989505,19.522019,31.112878,31.133613,3075,102190,3600.000000,102,25,25,GUROBI,1,89,0,0,0,0,0,0,0,0,0
1,0,New,64,853.901261,897.820358,875.463761,1023.270195,1031.000000,1031.000000,2.229849,2.589239,2.863963,2.870450,123,2680,3600.000000,64,1,21,GUROBI,1,58,0,0,0,0,0,0,0,0,0
2,0,New,64,957.837913,994.123179,964.048372,1087.034268,1153.000000,1153.000000,3.347374,3.990916,15.989456,18.912740,3066,121135,3600.000000,89,2,24,GUROBI,1,77,0,0,0,0,0,0,0,0,0
3,0,New,64,869.616381,930.840871,914.340190,1005.485139,1024.000000,1024.000000,5.350354,5.914161,6.116979,6.141604,28,3185,3600.000000,74,7,28,GUROBI,1,65,0,0,0,0,0,0,0,0,0
