instanceIndex,seedIndex,vpcGenerator,terms,lpBound,disjunctiveDualBound,lpBoundPostVpc,rootDualBound,dualBound,primalBound,vpcGenerationTime,rootDualBoundTime,bestSolutionTime,terminationTime,nodes,iterations,maxTime,actualTerms,numCuts,cutLimit,mipSolver,providePrimalBound,infeasibleTerms,feasibleToInfeasibleTerms,infeasibleToFeasibleTerms,termRemainsFeasibleBasisInfeasible,cutsChangedCoefficients,feasibleTermsPrunedByBound,tighten_disjunction,tighten_matrix_perturbation,tighten_infeasible_to_feasible_term,tighten_feasible_to_infeasible_basis
0,0,New,4,2654.736802,2670.678675,2669.135423,2684.899925,2713.000000,2713.000000,121.379269,123.452191,142.064733,143.860265,1469,189855,3600.000000,4,182,182,GUROBI,1,0,0,0,0,0,0,0,0,0,0
1,0,Farkas,4,2654.736802,2670.678675,2669.135423,2683.000000,2713.000000,2713.000000,0.306134,2.770846,30.550329,30.550811,2295,192999,3600.000000,4,182,0,GUROBI,1,0,0,0,0,0,0,0,0,0,0
2,0,Farkas,4,2654.736802,2670.678675,2669.135423,2683.000000,2713.000000,2713.000000,0.297599,2.689726,22.877485,29.853899,1769,200999,3600.000000,4,182,0,GUROBI,1,0,0,0,0,0,0,0,0,0,0
3,0,Farkas,4,2654.736802,2670.678675,2669.135423,2683.000000,2713.000000,2713.000000,0.308065,2.473677,4.132596,6.132476,412,31442,3600.000000,4,182,0,GUROBI,1,0,0,0,0,0,0,0,0,0,0
