instanceIndex,seedIndex,vpcGenerator,terms,lpBound,disjunctiveDualBound,lpBoundPostVpc,rootDualBound,dualBound,primalBound,vpcGenerationTime,rootDualBoundTime,bestSolutionTime,terminationTime,nodes,iterations,maxTime,actualTerms,numCuts,cutLimit,mipSolver,providePrimalBound,infeasibleTerms,feasibleToInfeasibleTerms,infeasibleToFeasibleTerms,termRemainsFeasibleBasisInfeasible,cutsChangedCoefficients,feasibleTermsPrunedByBound,tighten_disjunction,tighten_matrix_perturbation,tighten_infeasible_to_feasible_term,tighten_feasible_to_infeasible_basis
0,0,None,4,212040.357143,212040.357143,212040.357143,212040.357143,212040.357143,212042.500000,0.000004,0.072716,0.224300,0.224756,324,390,3600.000000,0,0,0,GUROBI,1,0,0,0,0,0,0,0,0,0,0
1,0,None,4,212039.595238,212039.595238,212039.595238,212039.642857,212039.642857,212042.532000,0.000002,0.063644,0.462501,0.462947,1711,2117,3600.000000,0,0,0,GUROBI,1,0,0,0,0,0,0,0,0,0,0
2,0,None,4,212036.998382,212036.998382,212036.998382,212037.279929,212037.303840,212039.500000,0.000002,0.058414,0.179889,0.180255,258,293,3600.000000,0,0,0,GUROBI,1,0,0,0,0,0,0,0,0,0,0
3,0,None,4,212037.945434,212037.945434,212037.945434,212038.077135,212038.096271,212043.000000,0.000002,0.061371,0.285162,0.285544,796,1045,3600.000000,0,0,0,GUROBI,1,0,0,0,0,0,0,0,0,0,0
