instanceIndex,seedIndex,vpcGenerator,terms,lpBound,disjunctiveDualBound,lpBoundPostVpc,rootDualBound,dualBound,primalBound,vpcGenerationTime,rootDualBoundTime,bestSolutionTime,terminationTime,nodes,iterations,maxTime,actualTerms,numCuts,cutLimit,mipSolver,providePrimalBound,infeasibleTerms,feasibleToInfeasibleTerms,infeasibleToFeasibleTerms,termRemainsFeasibleBasisInfeasible,cutsChangedCoefficients,feasibleTermsPrunedByBound,tighten_disjunction,tighten_matrix_perturbation,tighten_infeasible_to_feasible_term,tighten_feasible_to_infeasible_basis
0,0,New,4,7579621.830870,7579664.032772,7579664.032747,7580238.395262,7580497.848697,7580832.343178,1.534393,2.259912,12.214406,12.216450,1948,26202,3600.000000,4,8,64,GUROBI,1,0,0,0,0,0,0,0,0,0,0
1,0,Farkas,4,7579212.110997,7579254.326531,7579254.326535,7579913.548813,7580241.304475,7580859.122363,0.075520,0.874038,53.809008,54.605594,10723,107390,3600.000000,4,8,0,GUROBI,1,0,0,0,0,0,0,0,0,0,0
2,0,Farkas,4,7579405.087489,7579447.423522,7579447.423522,7580065.600063,7580340.414583,7580939.861750,0.073891,0.789790,16.430549,16.433641,5342,52038,3600.000000,4,8,0,GUROBI,1,0,0,0,0,0,0,0,0,0,0
3,0,Farkas,4,7579518.388892,7579559.910284,7579559.910284,7580065.189441,7580367.935849,7581125.786629,0.071269,0.689421,15.375601,15.375891,2996,50171,3600.000000,4,8,0,GUROBI,1,0,0,0,0,0,0,0,0,0,0
