instanceIndex,seedIndex,vpcGenerator,terms,lpBound,disjunctiveDualBound,lpBoundPostVpc,rootDualBound,dualBound,primalBound,vpcGenerationTime,rootDualBoundTime,bestSolutionTime,terminationTime,nodes,iterations,maxTime,actualTerms,numCuts,cutLimit,mipSolver,providePrimalBound,infeasibleTerms,feasibleToInfeasibleTerms,infeasibleToFeasibleTerms,termRemainsFeasibleBasisInfeasible,cutsChangedCoefficients,feasibleTermsPrunedByBound,tighten_disjunction,tighten_matrix_perturbation,tighten_infeasible_to_feasible_term,tighten_feasible_to_infeasible_basis
0,0,None,64,7579621.830870,7579621.830870,7579621.830870,7580181.133012,7580507.253578,7581073.760854,0.000001,0.679617,30.149584,30.153767,7425,114448,3600.000000,0,0,0,GUROBI,1,0,0,0,0,0,0,0,0,0,0
1,0,None,64,7579212.110997,7579212.110997,7579212.110997,7579869.302777,7580323.355487,7580859.122363,0.000003,0.820542,28.454603,28.457599,9304,88805,3600.000000,0,0,0,GUROBI,1,0,0,0,0,0,0,0,0,0,0
2,0,None,64,7579405.087489,7579405.087489,7579405.087489,7580060.407910,7580405.958761,7581026.537716,0.000002,0.698197,25.402380,50.778788,10413,119737,3600.000000,0,0,0,GUROBI,1,0,0,0,0,0,0,0,0,0,0
3,0,None,64,7579518.388892,7579518.388892,7579518.388892,7580155.833102,7580466.240570,7580824.148046,0.000003,0.696752,25.186817,25.189852,6779,84713,3600.000000,0,0,0,GUROBI,1,0,0,0,0,0,0,0,0,0,0
