instanceIndex,seedIndex,vpcGenerator,terms,lpBound,disjunctiveDualBound,lpBoundPostVpc,rootDualBound,dualBound,primalBound,vpcGenerationTime,rootDualBoundTime,bestSolutionTime,terminationTime,nodes,iterations,maxTime,actualTerms,numCuts,cutLimit,mipSolver,providePrimalBound,infeasibleTerms,feasibleToInfeasibleTerms,infeasibleToFeasibleTerms,termRemainsFeasibleBasisInfeasible,cutsChangedCoefficients,feasibleTermsPrunedByBound,tighten_disjunction,tighten_matrix_perturbation,tighten_infeasible_to_feasible_term,tighten_feasible_to_infeasible_basis
0,0,New,4,183.362555,184.417405,184.417405,191.899123,210.000000,212.000000,3.167617,3.832079,27.104268,3603.169012,969731,19679927,3600.000000,4,63,114,GUROBI,1,0,0,0,0,0,0,0,0,0,0
1,0,All,4,183.407883,184.432277,184.432277,191.702395,207.000000,212.000000,0.062740,0.727093,20.871936,3600.064028,1026663,20343238,3600.000000,4,63,0,GUROBI,1,0,0,0,0,0,0,1,1,1,1
2,0,All,4,181.613001,182.567405,182.567405,189.036529,209.500000,209.500000,0.045301,0.703404,21.321077,2674.638068,1799482,23421346,3600.000000,4,63,0,GUROBI,1,0,0,0,0,0,0,1,1,1,1
3,0,All,4,183.381058,184.397149,184.395982,190.809474,206.500000,211.750000,0.050460,0.623136,10.627613,3600.052645,912489,19696239,3600.000000,4,63,0,GUROBI,1,0,0,0,0,0,0,1,1,1,1
