instanceIndex,seedIndex,vpcGenerator,terms,lpBound,disjunctiveDualBound,lpBoundPostVpc,rootDualBound,dualBound,primalBound,vpcGenerationTime,rootDualBoundTime,bestSolutionTime,terminationTime,nodes,iterations,maxTime,actualTerms,numCuts,cutLimit,mipSolver,providePrimalBound,infeasibleTerms,feasibleToInfeasibleTerms,infeasibleToFeasibleTerms,termRemainsFeasibleBasisInfeasible,cutsChangedCoefficients,feasibleTermsPrunedByBound,tighten_disjunction,tighten_matrix_perturbation,tighten_infeasible_to_feasible_term,tighten_feasible_to_infeasible_basis
0,0,New,64,183.362555,185.385817,185.363696,190.941002,212.000000,212.000000,96.970790,97.624903,105.483887,2003.786412,1175747,18112955,3600.000000,70,114,114,GUROBI,1,52,0,0,0,0,0,0,0,0,0
1,0,New,64,179.036475,181.641877,181.471570,182.897084,203.000000,203.000000,50.376458,51.340539,63.867368,1444.376160,837140,12412013,3600.000000,64,98,98,GUROBI,1,37,0,0,0,0,0,0,0,0,0
2,0,New,64,182.447757,184.320535,184.315349,188.860824,206.000000,208.000000,67.776064,68.409060,254.500457,3667.777365,1101877,24919783,3600.000000,64,112,112,GUROBI,1,48,0,0,0,0,0,0,0,0,0
3,0,New,64,182.650294,185.625488,185.300593,189.686280,204.000000,209.000000,127.486772,128.238964,787.751800,3727.488387,967254,25494575,3600.000000,64,111,111,GUROBI,1,43,0,0,0,0,0,0,0,0,0
