instanceIndex,seedIndex,vpcGenerator,terms,lpBound,disjunctiveDualBound,lpBoundPostVpc,rootDualBound,dualBound,primalBound,vpcGenerationTime,rootDualBoundTime,bestSolutionTime,terminationTime,nodes,iterations,maxTime,actualTerms,numCuts,cutLimit,mipSolver,providePrimalBound,infeasibleTerms,feasibleToInfeasibleTerms,infeasibleToFeasibleTerms,termRemainsFeasibleBasisInfeasible,cutsChangedCoefficients,feasibleTermsPrunedByBound,tighten_disjunction,tighten_matrix_perturbation,tighten_infeasible_to_feasible_term,tighten_feasible_to_infeasible_basis
0,0,New,4,183.362555,184.417405,184.417405,191.597322,208.000000,212.000000,2.000707,2.734815,13.569277,3602.001823,1069682,20639637,3600.000000,4,63,114,GUROBI,1,0,0,0,0,0,0,0,0,0,0
1,0,New,4,183.510625,184.071493,184.070363,186.594602,203.000000,207.000000,2.810100,3.269415,1376.342751,3602.811280,2490609,55763776,3600.000000,4,55,104,GUROBI,1,2,0,0,0,0,0,0,0,0,0
2,0,New,4,183.288208,183.333844,183.333844,185.090084,204.000000,204.000000,1.331293,2.064842,324.050031,3072.900480,1913120,46705700,3600.000000,4,29,97,GUROBI,1,2,0,0,0,0,0,0,0,0,0
3,0,New,4,183.384327,183.820899,183.776857,187.502466,202.500000,207.000000,1.987990,2.488644,75.152421,3601.989158,1341659,34539555,3600.000000,4,38,107,GUROBI,1,2,0,0,0,0,0,0,0,0,0
