instanceIndex,seedIndex,vpcGenerator,terms,lpBound,disjunctiveDualBound,lpBoundPostVpc,rootDualBound,dualBound,primalBound,vpcGenerationTime,rootDualBoundTime,bestSolutionTime,terminationTime,nodes,iterations,maxTime,actualTerms,numCuts,cutLimit,mipSolver,providePrimalBound,infeasibleTerms,feasibleToInfeasibleTerms,infeasibleToFeasibleTerms,termRemainsFeasibleBasisInfeasible,cutsChangedCoefficients,feasibleTermsPrunedByBound,tighten_disjunction,tighten_matrix_perturbation,tighten_infeasible_to_feasible_term,tighten_feasible_to_infeasible_basis
0,0,None,4,183.362555,183.362555,183.362555,192.277049,209.000000,212.000000,0.000003,0.539564,12.689345,3600.001642,1426235,30834060,3600.000000,0,0,0,GUROBI,1,0,0,0,0,0,0,0,0,0,0
1,0,None,4,183.510625,183.510625,183.510625,186.683412,203.000000,207.000000,0.000002,0.310839,768.406852,3600.001090,1558660,42040894,3600.000000,0,0,0,GUROBI,1,0,0,0,0,0,0,0,0,0,0
2,0,None,4,183.288208,183.288208,183.288208,184.967147,204.000000,204.000000,0.000003,0.310509,1236.978220,2231.508684,2353383,52773864,3600.000000,0,0,0,GUROBI,1,0,0,0,0,0,0,0,0,0,0
3,0,None,4,183.384327,183.384327,183.384327,187.556845,203.000000,207.000000,0.000003,0.314916,802.292928,3600.003729,1625437,41889496,3600.000000,0,0,0,GUROBI,1,0,0,0,0,0,0,0,0,0,0
