instanceIndex,seedIndex,vpcGenerator,terms,lpBound,disjunctiveDualBound,lpBoundPostVpc,rootDualBound,dualBound,primalBound,vpcGenerationTime,rootDualBoundTime,bestSolutionTime,terminationTime,nodes,iterations,maxTime,actualTerms,numCuts,cutLimit,mipSolver,providePrimalBound,infeasibleTerms,feasibleToInfeasibleTerms,infeasibleToFeasibleTerms,termRemainsFeasibleBasisInfeasible,cutsChangedCoefficients,feasibleTermsPrunedByBound,tighten_disjunction,tighten_matrix_perturbation,tighten_infeasible_to_feasible_term,tighten_feasible_to_infeasible_basis
0,0,New,64,4592.504859,5338.380602,4597.254859,19583.177134,23997.151156,24544.250000,526.844000,530.633078,4108.230527,4126.846112,52235,12344023,3600.000000,64,1,247,GUROBI,1,0,0,0,0,0,0,0,0,0,0
1,0,New,64,-168415.298966,-167742.883103,-168410.380760,-153998.984656,-151008.889554,-150994.959600,3623.715929,3627.836343,3774.263915,3774.342547,5449,624822,3600.000000,64,39,213,GUROBI,1,2,0,0,0,0,0,0,0,0,0
2,0,New,64,-123006.099468,-122858.157072,-123000.297141,-109002.739196,-106038.751313,-106028.164118,73.296399,76.706743,194.381277,194.381498,3971,490567,3600.000000,64,9,217,GUROBI,1,0,0,0,0,0,0,0,0,0,0
3,0,New,64,-14167.471183,-13658.417449,-14145.611802,481.313952,4074.456441,4074.856267,708.213577,710.826404,1057.115879,1057.458483,14948,1438570,3600.000000,64,50,232,GUROBI,1,0,0,0,0,0,0,0,0,0,0
