instanceIndex,seedIndex,vpcGenerator,terms,lpBound,disjunctiveDualBound,lpBoundPostVpc,rootDualBound,dualBound,primalBound,vpcGenerationTime,rootDualBoundTime,bestSolutionTime,terminationTime,nodes,iterations,maxTime,actualTerms,numCuts,cutLimit,mipSolver,providePrimalBound,infeasibleTerms,feasibleToInfeasibleTerms,infeasibleToFeasibleTerms,termRemainsFeasibleBasisInfeasible,cutsChangedCoefficients,feasibleTermsPrunedByBound,tighten_disjunction,tighten_matrix_perturbation,tighten_infeasible_to_feasible_term,tighten_feasible_to_infeasible_basis
0,0,New,64,237.987805,252.487805,249.536607,746.325485,754.000000,754.000000,177.828736,179.000014,180.850768,182.417401,523,22628,3600.000000,64,124,124,GUROBI,1,0,0,0,0,0,0,0,0,0,0
1,0,New,64,238.036585,256.475610,241.000000,752.446686,758.000000,758.000000,11.377805,12.610289,14.944270,16.876834,535,25505,3600.000000,64,1,126,GUROBI,1,2,0,0,0,0,0,0,0,0,0
2,0,New,64,238.109756,252.487805,248.088457,747.371034,753.000000,753.000000,171.931940,173.149355,174.016860,177.189127,536,24944,3600.000000,64,124,124,GUROBI,1,0,0,0,0,0,0,0,0,0,0
3,0,New,64,238.109756,262.243902,247.914634,741.643133,752.000000,752.000000,11.631711,12.632319,14.600761,16.444178,530,23476,3600.000000,64,1,125,GUROBI,1,1,0,0,0,0,0,0,0,0,0
