instanceIndex,seedIndex,vpcGenerator,terms,lpBound,disjunctiveDualBound,lpBoundPostVpc,rootDualBound,dualBound,primalBound,vpcGenerationTime,rootDualBoundTime,bestSolutionTime,terminationTime,nodes,iterations,maxTime,actualTerms,numCuts,cutLimit,mipSolver,providePrimalBound,infeasibleTerms,feasibleToInfeasibleTerms,infeasibleToFeasibleTerms,termRemainsFeasibleBasisInfeasible,cutsChangedCoefficients,feasibleTermsPrunedByBound,tighten_disjunction,tighten_matrix_perturbation,tighten_infeasible_to_feasible_term,tighten_feasible_to_infeasible_basis
0,0,New,4,329598.623481,331709.911996,330087.391085,381642.825882,383285.000000,383285.000000,0.787696,0.957940,0.964197,0.964695,18,445,3600.000000,6,2,40,GUROBI,1,2,0,0,0,0,0,0,0,0,0
1,0,Farkas,4,273250.342493,275207.796423,273400.123183,353464.492858,359302.000000,359302.000000,0.023651,0.190715,0.191571,0.192462,3,456,3600.000000,6,2,0,GUROBI,1,2,0,0,0,0,0,0,0,0,0
2,0,Farkas,4,-563135.978882,-560631.773014,-563135.978882,-139266.689274,29697.300000,29697.300000,0.027848,0.206468,0.312153,0.325987,174,1860,3600.000000,6,2,0,GUROBI,1,2,0,0,0,0,0,0,0,0,0
3,0,Farkas,4,83287.069404,84257.658735,83518.487781,238700.730892,282222.600000,282222.600000,0.023845,0.262616,0.338502,0.341434,91,1187,3600.000000,6,2,0,GUROBI,1,2,0,0,0,0,0,0,0,0,0
