instanceIndex,seedIndex,vpcGenerator,terms,lpBound,disjunctiveDualBound,lpBoundPostVpc,rootDualBound,dualBound,primalBound,vpcGenerationTime,rootDualBoundTime,bestSolutionTime,terminationTime,nodes,iterations,maxTime,actualTerms,numCuts,cutLimit,mipSolver,providePrimalBound,infeasibleTerms,feasibleToInfeasibleTerms,infeasibleToFeasibleTerms,termRemainsFeasibleBasisInfeasible,cutsChangedCoefficients,feasibleTermsPrunedByBound,tighten_disjunction,tighten_matrix_perturbation,tighten_infeasible_to_feasible_term,tighten_feasible_to_infeasible_basis
0,0,New,64,2277.076833,2281.729704,2279.412103,2332.259023,2342.188461,2342.315488,510.249374,515.292964,517.762976,517.763962,198,4657,3600.000000,184,44,45,GUROBI,1,176,0,0,0,0,0,0,0,0,0
1,0,Farkas,64,2234.516191,2235.913957,2234.579212,2292.518038,2311.906091,2312.122512,13.946130,18.931891,24.349764,24.802337,644,13777,3600.000000,184,44,0,GUROBI,1,176,0,0,8,44,0,0,0,0,0
2,0,Farkas,64,2259.881333,2263.506639,2259.881333,2318.885091,2329.158027,2329.200264,11.429163,17.584884,18.856886,18.858141,68,2694,3600.000000,184,44,0,GUROBI,1,176,0,0,3,44,0,0,0,0,0
3,0,Farkas,64,2218.035433,2218.446474,2218.190787,2292.520054,2300.856366,2300.856366,16.795043,21.838734,23.789727,23.844205,108,3310,3600.000000,184,44,0,GUROBI,1,176,0,0,6,44,0,0,0,0,0
