instanceIndex,seedIndex,vpcGenerator,terms,lpBound,disjunctiveDualBound,lpBoundPostVpc,rootDualBound,dualBound,primalBound,vpcGenerationTime,rootDualBoundTime,bestSolutionTime,terminationTime,nodes,iterations,maxTime,actualTerms,numCuts,cutLimit,mipSolver,providePrimalBound,infeasibleTerms,feasibleToInfeasibleTerms,infeasibleToFeasibleTerms,termRemainsFeasibleBasisInfeasible,cutsChangedCoefficients,feasibleTermsPrunedByBound,tighten_disjunction,tighten_matrix_perturbation,tighten_infeasible_to_feasible_term,tighten_feasible_to_infeasible_basis
0,0,New,64,2277.076833,2281.729704,2278.859288,2329.859092,2342.214977,2342.315488,346.270374,352.327743,356.058203,356.120674,316,6116,3600.000000,184,45,45,GUROBI,1,176,0,0,0,0,0,0,0,0,0
1,0,Farkas,64,2277.076833,2281.729704,2278.859288,2332.828458,2342.173559,2342.315488,10.131168,14.695513,18.708285,18.805473,373,6931,3600.000000,184,45,0,GUROBI,1,176,0,0,0,0,0,0,0,0,0
2,0,Farkas,64,2277.076833,2281.729704,2278.859288,2330.860548,2342.166772,2342.315488,9.905109,14.583557,18.876674,18.889563,397,8059,3600.000000,184,45,0,GUROBI,1,176,0,0,0,0,0,0,0,0,0
3,0,Farkas,64,2277.076833,2281.729704,2278.859288,2332.524673,2342.168377,2342.315488,10.095421,14.621759,18.193520,18.217091,254,4413,3600.000000,184,45,0,GUROBI,1,176,0,0,0,0,0,0,0,0,0
