instanceIndex,seedIndex,vpcGenerator,terms,lpBound,disjunctiveDualBound,lpBoundPostVpc,rootDualBound,dualBound,primalBound,vpcGenerationTime,rootDualBoundTime,bestSolutionTime,terminationTime,nodes,iterations,maxTime,actualTerms,numCuts,cutLimit,mipSolver,providePrimalBound,infeasibleTerms,feasibleToInfeasibleTerms,infeasibleToFeasibleTerms,termRemainsFeasibleBasisInfeasible,cutsChangedCoefficients,feasibleTermsPrunedByBound,tighten_disjunction,tighten_matrix_perturbation,tighten_infeasible_to_feasible_term,tighten_feasible_to_infeasible_basis
0,0,New,4,444.436047,445.058824,444.436047,445.000000,456.000000,472.000000,2.513313,3.025442,53.423099,3602.514765,492497,25687019,3600.000000,4,24,30,GUROBI,1,0,0,0,0,0,0,0,0,0,0
1,0,New,4,444.436047,444.436047,444.436047,444.999982,471.953125,472.000000,1.502472,2.046938,114.516236,977.673065,151166,6076792,3600.000000,4,26,26,GUROBI,1,0,0,0,0,0,0,0,0,0,0
2,0,New,4,444.436047,445.058824,444.436047,446.000000,472.000000,472.000000,1.844143,2.498961,105.004495,125.966865,12236,782965,3600.000000,4,23,30,GUROBI,1,0,0,0,0,0,0,0,0,0,0
3,0,New,4,444.436047,444.436047,444.436047,445.000000,471.968750,472.000000,1.434324,1.843863,42.122651,60.282906,17353,466616,3600.000000,4,13,26,GUROBI,1,0,0,0,0,0,0,0,0,0,0
