instanceIndex,seedIndex,vpcGenerator,terms,lpBound,disjunctiveDualBound,lpBoundPostVpc,rootDualBound,dualBound,primalBound,vpcGenerationTime,rootDualBoundTime,bestSolutionTime,terminationTime,nodes,iterations,maxTime,actualTerms,numCuts,cutLimit,mipSolver,providePrimalBound,infeasibleTerms,feasibleToInfeasibleTerms,infeasibleToFeasibleTerms,termRemainsFeasibleBasisInfeasible,cutsChangedCoefficients,feasibleTermsPrunedByBound,tighten_disjunction,tighten_matrix_perturbation,tighten_infeasible_to_feasible_term,tighten_feasible_to_infeasible_basis
0,0,New,64,0.466074,7.749426,1.680156,7.548625,35.764434,35.767842,2758.580297,2759.990953,4099.822657,4099.822987,200534,11135858,3600.000000,81,56,202,GUROBI,1,49,0,0,0,0,0,0,0,0,0
1,0,All,64,0.539461,5.222856,0.761676,4.912855,42.634681,46.767842,2.336055,3.633788,3584.039367,3602.338143,563774,26883503,3600.000000,81,56,0,GUROBI,1,25,0,24,32,56,0,1,1,1,1
2,0,All,64,0.657435,0.772005,0.657435,9.262916,52.775477,58.045684,2.425192,4.129293,3353.770272,3602.427911,340617,22139349,3600.000000,81,56,0,GUROBI,1,31,1,19,31,56,0,1,1,1,1
3,0,All,64,0.866479,4.950239,1.302810,8.405402,46.088289,60.839737,2.289772,3.943541,371.359374,3602.291917,333733,24154170,3600.000000,81,56,0,GUROBI,1,32,1,18,31,56,0,1,1,1,1
