instanceIndex,seedIndex,vpcGenerator,terms,lpBound,disjunctiveDualBound,lpBoundPostVpc,rootDualBound,dualBound,primalBound,vpcGenerationTime,rootDualBoundTime,bestSolutionTime,terminationTime,nodes,iterations,maxTime,actualTerms,numCuts,cutLimit,mipSolver,providePrimalBound,infeasibleTerms,feasibleToInfeasibleTerms,infeasibleToFeasibleTerms,termRemainsFeasibleBasisInfeasible,cutsChangedCoefficients,feasibleTermsPrunedByBound,tighten_disjunction,tighten_matrix_perturbation,tighten_infeasible_to_feasible_term,tighten_feasible_to_infeasible_basis
0,0,New,64,0.466074,7.749426,1.606279,8.853380,35.765233,35.767842,2806.804608,2808.114413,3066.929744,3430.121471,104597,5390630,3600.000000,81,55,202,GUROBI,1,49,0,0,0,0,0,0,0,0,0
1,0,Farkas,64,0.539461,5.222856,0.776739,6.840017,40.029416,46.767842,2.339021,3.743460,719.457084,3602.342900,518345,25688406,3600.000000,81,55,0,GUROBI,1,25,0,24,32,55,0,0,0,0,0
2,0,Farkas,64,0.657435,0.772005,0.657435,9.262916,52.766990,58.045684,2.410675,4.111640,3356.142474,3602.413890,340419,22124978,3600.000000,81,55,0,GUROBI,1,31,1,19,31,55,0,0,0,0,0
3,0,Farkas,64,0.866479,4.950239,1.393353,12.276418,51.120372,60.839737,2.281957,4.948413,3602.283612,3602.382659,511914,25475347,3600.000000,81,55,0,GUROBI,1,32,1,18,31,55,0,0,0,0,0
