instanceIndex,seedIndex,vpcGenerator,terms,lpBound,disjunctiveDualBound,lpBoundPostVpc,rootDualBound,dualBound,primalBound,vpcGenerationTime,rootDualBoundTime,bestSolutionTime,terminationTime,nodes,iterations,maxTime,actualTerms,numCuts,cutLimit,mipSolver,providePrimalBound,infeasibleTerms,feasibleToInfeasibleTerms,infeasibleToFeasibleTerms,termRemainsFeasibleBasisInfeasible,cutsChangedCoefficients,feasibleTermsPrunedByBound,tighten_disjunction,tighten_matrix_perturbation,tighten_infeasible_to_feasible_term,tighten_feasible_to_infeasible_basis
0,0,New,4,-2451537.325024,-2451451.740777,-2451453.736606,-2451451.906380,-2451431.671897,-2451297.000000,6.723091,8.405536,31.362538,31.364342,5563,21123,3600.000000,4,2,2,GUROBI,1,0,0,0,0,0,0,0,0,0,0
1,0,All,4,-2321253.839274,-2320451.516026,-2321253.839274,-2152942.667688,-2152915.806683,-2152848.000000,0.256210,0.832533,15.264752,15.270157,2531,3721,3600.000000,4,2,0,GUROBI,1,2,2,0,2,2,0,1,1,1,1
2,0,All,4,-2393985.899917,-2393628.752610,-2393985.899917,-2255024.132282,-2254987.690183,-2254855.000000,0.273778,0.757722,39.105463,39.108114,6729,31201,3600.000000,4,2,0,GUROBI,1,2,2,0,2,2,0,1,1,1,1
3,0,All,4,-2327851.690356,-2327851.690356,-2327851.690356,-2184659.610829,-2184623.375497,-2184522.000000,0.203178,1.807587,48.491826,48.499868,8885,51120,3600.000000,4,2,0,GUROBI,1,0,0,0,4,2,0,1,1,1,1
