instanceIndex,seedIndex,vpcGenerator,terms,lpBound,disjunctiveDualBound,lpBoundPostVpc,rootDualBound,dualBound,primalBound,vpcGenerationTime,rootDualBoundTime,bestSolutionTime,terminationTime,nodes,iterations,maxTime,actualTerms,numCuts,cutLimit,mipSolver,providePrimalBound,infeasibleTerms,feasibleToInfeasibleTerms,infeasibleToFeasibleTerms,termRemainsFeasibleBasisInfeasible,cutsChangedCoefficients,feasibleTermsPrunedByBound,tighten_disjunction,tighten_matrix_perturbation,tighten_infeasible_to_feasible_term,tighten_feasible_to_infeasible_basis
0,0,None,4,20161515.663929,20161515.663929,20161515.663929,22001084.099310,24850992.330315,25148940.560000,0.000002,1.784858,2704.574752,3600.004173,66219,9550930,3600.000000,0,0,0,GUROBI,1,0,0,0,0,0,0,0,0,0,0
1,0,None,4,20058119.421882,20058119.421882,20058119.421882,21861250.634257,24702302.297930,24992469.660000,0.000003,1.838165,643.972143,3600.007122,41602,7407649,3600.000000,0,0,0,GUROBI,1,0,0,0,0,0,0,0,0,0,0
2,0,None,4,19983656.112193,19983656.112193,19983656.112193,21833442.970346,24516343.246318,24948034.860000,0.000002,2.111433,1734.812682,3600.006476,49593,8430234,3600.000000,0,0,0,GUROBI,1,0,0,0,0,0,0,0,0,0,0
3,0,None,4,20227133.635007,20227133.635007,20227133.635007,21996468.381017,24754539.140820,25123736.380000,0.000003,1.752601,2708.608417,3600.003911,56496,7670291,3600.000000,0,0,0,GUROBI,1,0,0,0,0,0,0,0,0,0,0
