instanceIndex,seedIndex,vpcGenerator,terms,lpBound,disjunctiveDualBound,lpBoundPostVpc,rootDualBound,dualBound,primalBound,vpcGenerationTime,rootDualBoundTime,bestSolutionTime,terminationTime,nodes,iterations,maxTime,actualTerms,numCuts,cutLimit,mipSolver,providePrimalBound,infeasibleTerms,feasibleToInfeasibleTerms,infeasibleToFeasibleTerms,termRemainsFeasibleBasisInfeasible,cutsChangedCoefficients,feasibleTermsPrunedByBound,tighten_disjunction,tighten_matrix_perturbation,tighten_infeasible_to_feasible_term,tighten_feasible_to_infeasible_basis
0,0,New,64,20161515.663929,20910113.385893,20391392.743619,22066463.449834,24742355.974431,25148940.560000,106.137837,108.418660,664.643381,3706.142404,56460,9138384,3600.000000,64,56,56,GUROBI,1,37,0,0,0,0,0,0,0,0,0
1,0,Farkas,64,16089113.041372,16381189.470995,16089113.041372,17705993.162033,19557606.566371,19559532.700000,3.696343,5.378485,414.846383,414.911545,13508,947192,3600.000000,64,56,0,GUROBI,1,37,0,0,0,0,0,0,0,0,0
2,0,Farkas,64,19449171.015506,20054860.400489,19494988.387431,21182432.751827,23859011.218241,24171862.600000,2.621096,4.470028,3399.416709,3602.624655,87676,10193883,3600.000000,64,56,0,GUROBI,1,37,0,0,0,0,0,0,0,0,0
3,0,Farkas,64,18431646.325175,18874092.316062,18431646.325175,20036416.842615,22628376.963744,22630247.860000,2.966833,4.786012,398.200020,1053.050357,19976,2338812,3600.000000,64,56,0,GUROBI,1,37,0,0,0,0,0,0,0,0,0
