instanceIndex,seedIndex,vpcGenerator,terms,lpBound,disjunctiveDualBound,lpBoundPostVpc,rootDualBound,dualBound,primalBound,vpcGenerationTime,rootDualBoundTime,bestSolutionTime,terminationTime,nodes,iterations,maxTime,actualTerms,numCuts,cutLimit,mipSolver,providePrimalBound,infeasibleTerms,feasibleToInfeasibleTerms,infeasibleToFeasibleTerms,termRemainsFeasibleBasisInfeasible,cutsChangedCoefficients,feasibleTermsPrunedByBound,tighten_disjunction,tighten_matrix_perturbation,tighten_infeasible_to_feasible_term,tighten_feasible_to_infeasible_basis
0,0,New,4,20161515.663929,20498792.338571,20300729.059825,22055327.042244,24712197.469535,25148940.560000,8.901883,10.833889,567.666378,3608.905669,52223,9119681,3600.000000,4,49,56,GUROBI,1,0,0,0,0,0,0,0,0,0,0
1,0,Farkas,4,20058119.421882,20409808.309173,20181586.241808,21876789.153651,24521304.327040,24992469.660000,0.141142,1.711424,1311.173713,3600.144928,47671,7188949,3600.000000,4,49,0,GUROBI,1,0,0,0,0,0,0,0,0,0,0
2,0,Farkas,4,19983656.112193,20289460.088419,20102718.255219,21751118.109782,24373277.498256,24948034.860000,0.144886,2.235680,2562.448093,3600.157997,48174,8212456,3600.000000,4,49,0,GUROBI,1,0,0,0,0,0,0,0,0,0,0
3,0,Farkas,4,20227133.635007,20523254.153902,20329597.604753,22053389.463261,24754388.744703,25123736.380000,0.131225,2.094662,2530.779773,3600.142569,59340,8938973,3600.000000,4,49,0,GUROBI,1,0,0,0,0,0,0,0,0,0,0
