instanceIndex,seedIndex,vpcGenerator,terms,lpBound,disjunctiveDualBound,lpBoundPostVpc,rootDualBound,dualBound,primalBound,vpcGenerationTime,rootDualBoundTime,bestSolutionTime,terminationTime,nodes,iterations,maxTime,actualTerms,numCuts,cutLimit,mipSolver,providePrimalBound,infeasibleTerms,feasibleToInfeasibleTerms,infeasibleToFeasibleTerms,termRemainsFeasibleBasisInfeasible,cutsChangedCoefficients,feasibleTermsPrunedByBound,tighten_disjunction,tighten_matrix_perturbation,tighten_infeasible_to_feasible_term,tighten_feasible_to_infeasible_basis
0,0,New,4,20161515.663929,20498792.338571,20300729.059825,22072178.511765,24893264.814779,25148940.560000,8.863295,10.908720,3027.312229,3608.867014,51097,7069187,3600.000000,4,49,56,GUROBI,1,0,0,0,0,0,0,0,0,0,0
1,0,All,4,18580534.516066,18865914.929114,18580534.516066,21209419.199955,23252017.895348,23813772.600451,0.254312,2.566679,2362.017033,3600.258388,49718,7629818,3600.000000,4,49,0,GUROBI,1,0,0,0,4,49,0,1,1,1,1
2,0,All,4,14141286.307078,14243655.704843,14141286.307078,15645767.060889,17185594.050327,17187306.597889,0.504370,2.076378,1017.563144,1017.563792,44784,2844352,3600.000000,4,49,0,GUROBI,1,1,1,0,3,49,0,1,1,1,1
3,0,All,4,20119087.098479,20286137.917663,20133512.071689,21795848.410803,24012656.575727,24603528.519162,0.312111,2.597822,2078.445558,3600.316159,39889,8257526,3600.000000,4,49,0,GUROBI,1,0,0,0,4,49,0,1,1,1,1
