instanceIndex,seedIndex,vpcGenerator,terms,lpBound,disjunctiveDualBound,lpBoundPostVpc,rootDualBound,dualBound,primalBound,vpcGenerationTime,rootDualBoundTime,bestSolutionTime,terminationTime,nodes,iterations,maxTime,actualTerms,numCuts,cutLimit,mipSolver,providePrimalBound,infeasibleTerms,feasibleToInfeasibleTerms,infeasibleToFeasibleTerms,termRemainsFeasibleBasisInfeasible,cutsChangedCoefficients,feasibleTermsPrunedByBound,tighten_disjunction,tighten_matrix_perturbation,tighten_infeasible_to_feasible_term,tighten_feasible_to_infeasible_basis
0,0,New,4,20161515.663929,20498792.338571,20300729.059825,22076261.725169,25146426.826806,25148940.560000,6.103931,7.658717,2606.329752,2990.033096,92382,11734467,3600.000000,4,49,56,GUROBI,1,0,0,0,0,0,0,0,0,0,0
1,0,Farkas,4,18580534.516066,18865914.929114,18580534.516066,21209419.199955,23416915.886334,23813772.600451,0.156545,1.969950,3600.158365,3600.158668,79374,13254456,3600.000000,4,49,0,GUROBI,1,0,0,0,4,49,0,0,0,0,0
2,0,Farkas,4,14141286.307078,14243655.704843,14141286.307078,15605763.288059,17185662.799035,17187306.597889,0.424166,1.437730,955.508376,955.508780,49507,3548935,3600.000000,4,49,0,GUROBI,1,1,1,0,3,49,0,0,0,0,0
3,0,Farkas,4,20119087.098479,20286137.917663,20133512.071689,21791809.498435,24277383.992884,24603528.519162,0.251930,2.104362,1018.924895,3600.254969,76912,15299953,3600.000000,4,49,0,GUROBI,1,0,0,0,4,49,0,0,0,0,0
