instanceIndex,seedIndex,vpcGenerator,terms,lpBound,disjunctiveDualBound,lpBoundPostVpc,rootDualBound,dualBound,primalBound,vpcGenerationTime,rootDualBoundTime,bestSolutionTime,terminationTime,nodes,iterations,maxTime,actualTerms,numCuts,cutLimit,mipSolver,providePrimalBound,infeasibleTerms,feasibleToInfeasibleTerms,infeasibleToFeasibleTerms,termRemainsFeasibleBasisInfeasible,cutsChangedCoefficients,feasibleTermsPrunedByBound,tighten_disjunction,tighten_matrix_perturbation,tighten_infeasible_to_feasible_term,tighten_feasible_to_infeasible_basis
0,0,New,64,20161515.663929,20910113.385893,20391392.743619,22032164.241547,24752891.930457,25148940.560000,109.567032,111.271786,3443.082120,3709.571366,62736,9618180,3600.000000,64,56,56,GUROBI,1,37,0,0,0,0,0,0,0,0,0
1,0,All,64,18580534.516066,19066035.479709,18580534.516066,21209419.199955,23266988.871023,23813772.600451,5.600144,8.024021,3605.604464,3605.605097,52088,8606831,3600.000000,64,56,0,GUROBI,1,51,14,0,13,56,0,1,1,1,1
2,0,All,64,14141286.307078,14457620.316145,14141286.307078,15645767.060889,17185611.775000,17187306.597889,8.883813,10.526954,1483.448206,1483.449003,49740,3721144,3600.000000,64,56,0,GUROBI,1,43,13,7,14,56,0,1,1,1,1
3,0,All,64,20119087.098479,20642839.483248,20119087.098479,21806705.990096,24004568.185422,24603528.519162,4.235587,6.717585,1001.652897,3604.239723,38010,8093353,3600.000000,64,56,0,GUROBI,1,41,4,0,23,56,0,1,1,1,1
