instanceIndex,seedIndex,vpcGenerator,terms,lpBound,disjunctiveDualBound,lpBoundPostVpc,rootDualBound,dualBound,primalBound,vpcGenerationTime,rootDualBoundTime,bestSolutionTime,terminationTime,nodes,iterations,maxTime,actualTerms,numCuts,cutLimit,mipSolver,providePrimalBound,infeasibleTerms,feasibleToInfeasibleTerms,infeasibleToFeasibleTerms,termRemainsFeasibleBasisInfeasible,cutsChangedCoefficients,feasibleTermsPrunedByBound,tighten_disjunction,tighten_matrix_perturbation,tighten_infeasible_to_feasible_term,tighten_feasible_to_infeasible_basis
0,0,New,64,332.422727,334.043750,333.919115,358.967811,408.000000,408.000000,294.851679,296.490075,2382.885604,2722.634183,68464,11023247,3600.000000,64,124,124,GUROBI,1,57,0,0,0,0,0,0,0,0,0
1,0,Farkas,64,332.422727,334.043750,333.919115,355.076141,408.000000,408.000000,0.986999,2.180605,2437.458283,2719.899040,79289,13048838,3600.000000,64,124,0,GUROBI,1,57,0,0,0,0,0,0,0,0,0
2,0,Farkas,64,332.422727,334.043750,333.919115,355.076141,408.000000,408.000000,0.958070,2.195236,2534.686655,2534.687280,71045,12151720,3600.000000,64,124,0,GUROBI,1,57,0,0,0,0,0,0,0,0,0
3,0,Farkas,64,332.422727,334.043750,333.919115,359.192492,408.000000,408.000000,1.333455,3.017972,1257.691861,1433.859511,38661,6211694,3600.000000,64,124,0,GUROBI,1,57,0,0,0,0,0,0,0,0,0
