instanceIndex,seedIndex,vpcGenerator,terms,lpBound,disjunctiveDualBound,lpBoundPostVpc,rootDualBound,dualBound,primalBound,vpcGenerationTime,rootDualBoundTime,bestSolutionTime,terminationTime,nodes,iterations,maxTime,actualTerms,numCuts,cutLimit,mipSolver,providePrimalBound,infeasibleTerms,feasibleToInfeasibleTerms,infeasibleToFeasibleTerms,termRemainsFeasibleBasisInfeasible,cutsChangedCoefficients,feasibleTermsPrunedByBound,tighten_disjunction,tighten_matrix_perturbation,tighten_infeasible_to_feasible_term,tighten_feasible_to_infeasible_basis
0,0,New,4,269.251587,271.600000,271.064823,300.751347,351.000000,351.000000,14.676692,15.713910,660.825183,665.628785,41265,4008505,3600.000000,4,136,136,GUROBI,1,0,0,0,0,0,0,0,0,0,0
1,0,Farkas,4,244.251587,246.600000,246.069255,273.812703,326.000000,326.000000,0.111994,0.948859,1039.871223,1039.871481,37555,3312695,3600.000000,4,136,0,GUROBI,1,0,0,0,0,0,0,0,0,0,0
2,0,Farkas,4,269.251587,271.600000,271.064823,299.165809,351.000000,351.000000,0.087548,2.248078,1086.934651,1086.934997,33882,3132743,3600.000000,4,136,0,GUROBI,1,0,0,0,0,0,0,0,0,0,0
3,0,Farkas,4,269.251587,271.600000,271.064823,301.668078,351.000000,351.000000,0.092955,2.386307,1417.497701,1440.144477,35957,4103732,3600.000000,4,136,0,GUROBI,1,0,0,0,0,0,0,0,0,0,0
