instanceIndex,seedIndex,vpcGenerator,terms,lpBound,disjunctiveDualBound,lpBoundPostVpc,rootDualBound,dualBound,primalBound,vpcGenerationTime,rootDualBoundTime,bestSolutionTime,terminationTime,nodes,iterations,maxTime,actualTerms,numCuts,cutLimit,mipSolver,providePrimalBound,infeasibleTerms,feasibleToInfeasibleTerms,infeasibleToFeasibleTerms,termRemainsFeasibleBasisInfeasible,cutsChangedCoefficients,feasibleTermsPrunedByBound,tighten_disjunction,tighten_matrix_perturbation,tighten_infeasible_to_feasible_term,tighten_feasible_to_infeasible_basis
0,0,New,64,269.251587,273.531313,272.039907,300.534932,351.000000,351.000000,378.042378,379.795593,2185.899987,2198.727581,56850,6940453,3600.000000,105,136,136,GUROBI,1,93,0,0,0,0,0,0,0,0,0
1,0,Farkas,64,174.949474,175.237329,174.949474,386.453851,407.000000,407.000000,12.122362,13.165579,80.189443,81.870653,10707,289463,3600.000000,105,136,0,GUROBI,1,93,0,0,12,136,0,0,0,0,0
2,0,Farkas,64,212.867284,214.914028,212.867284,365.487324,414.000000,414.000000,13.746996,15.164223,98.512195,99.357627,15861,360922,3600.000000,105,136,0,GUROBI,1,93,0,0,12,136,0,0,0,0,0
3,0,Farkas,64,86.130556,86.400758,86.130556,132.902758,151.000000,151.000000,13.223324,14.437581,65.140218,76.440231,12667,283658,3600.000000,105,136,0,GUROBI,1,93,0,0,12,136,0,0,0,0,0
