instanceIndex,seedIndex,vpcGenerator,terms,lpBound,disjunctiveDualBound,lpBoundPostVpc,rootDualBound,dualBound,primalBound,vpcGenerationTime,rootDualBoundTime,bestSolutionTime,terminationTime,nodes,iterations,maxTime,actualTerms,numCuts,cutLimit,mipSolver,providePrimalBound,infeasibleTerms,feasibleToInfeasibleTerms,infeasibleToFeasibleTerms,termRemainsFeasibleBasisInfeasible,cutsChangedCoefficients,feasibleTermsPrunedByBound,tighten_disjunction,tighten_matrix_perturbation,tighten_infeasible_to_feasible_term,tighten_feasible_to_infeasible_basis
0,0,None,64,332.422727,332.422727,332.422727,358.833271,408.000000,408.000000,0.000003,0.824138,581.776881,739.265297,44801,7258493,3600.000000,0,0,0,GUROBI,1,0,0,0,0,0,0,0,0,0,0
1,0,None,64,332.422727,332.422727,332.422727,359.777575,408.000000,408.000000,0.000003,0.987715,1183.225970,1248.489806,72662,12160831,3600.000000,0,0,0,GUROBI,1,0,0,0,0,0,0,0,0,0,0
2,0,None,64,332.422727,332.422727,332.422727,358.154003,408.000000,408.000000,0.000002,0.775318,850.878178,855.344095,48394,7566405,3600.000000,0,0,0,GUROBI,1,0,0,0,0,0,0,0,0,0,0
3,0,None,64,332.422727,332.422727,332.422727,358.490123,408.000000,408.000000,0.000002,1.295700,1097.425289,1128.958388,64164,10144934,3600.000000,0,0,0,GUROBI,1,0,0,0,0,0,0,0,0,0,0
