instanceIndex,seedIndex,vpcGenerator,terms,lpBound,disjunctiveDualBound,lpBoundPostVpc,rootDualBound,dualBound,primalBound,vpcGenerationTime,rootDualBoundTime,bestSolutionTime,terminationTime,nodes,iterations,maxTime,actualTerms,numCuts,cutLimit,mipSolver,providePrimalBound,infeasibleTerms,feasibleToInfeasibleTerms,infeasibleToFeasibleTerms,termRemainsFeasibleBasisInfeasible,cutsChangedCoefficients,feasibleTermsPrunedByBound,tighten_disjunction,tighten_matrix_perturbation,tighten_infeasible_to_feasible_term,tighten_feasible_to_infeasible_basis
0,0,New,64,185321.356786,186029.682440,185605.770564,187574.806671,188168.189450,188186.500000,7.670211,7.948349,7.988513,8.024017,34,1542,3600.000000,64,15,46,GUROBI,1,19,0,0,0,0,0,0,0,0,0
1,0,All,64,186145.200428,186673.665841,186332.387623,188404.399552,189276.000000,189276.000000,0.351604,0.559334,0.686544,0.737172,126,2273,3600.000000,64,15,0,GUROBI,1,19,0,0,0,0,8,1,1,1,1
2,0,All,64,183863.778712,184713.777347,183983.677047,186684.044459,187115.709091,187122.400000,0.416808,0.633013,0.725674,0.725805,55,1533,3600.000000,64,15,0,GUROBI,1,19,0,0,0,0,8,1,1,1,1
3,0,All,64,185119.346963,185900.091338,185356.035418,187577.418408,187896.300000,187896.300000,0.397860,0.629983,0.716119,0.723389,40,1471,3600.000000,64,15,0,GUROBI,1,19,0,0,0,0,8,1,1,1,1
