instanceIndex,seedIndex,vpcGenerator,terms,lpBound,disjunctiveDualBound,lpBoundPostVpc,rootDualBound,dualBound,primalBound,vpcGenerationTime,rootDualBoundTime,bestSolutionTime,terminationTime,nodes,iterations,maxTime,actualTerms,numCuts,cutLimit,mipSolver,providePrimalBound,infeasibleTerms,feasibleToInfeasibleTerms,infeasibleToFeasibleTerms,termRemainsFeasibleBasisInfeasible,cutsChangedCoefficients,feasibleTermsPrunedByBound,tighten_disjunction,tighten_matrix_perturbation,tighten_infeasible_to_feasible_term,tighten_feasible_to_infeasible_basis
0,0,None,64,185321.356786,185321.356786,185321.356786,187610.288735,188164.371580,188182.000000,0.000015,0.265120,0.386681,0.387192,61,1773,3600.000000,0,0,0,GUROBI,1,0,0,0,0,0,0,0,0,0,0
1,0,None,64,180466.655476,180466.655476,180466.655476,183232.534697,184042.600000,184042.600000,0.000001,0.184900,0.303033,0.315184,98,1779,3600.000000,0,0,0,GUROBI,1,0,0,0,0,0,0,0,0,0,0
2,0,None,64,181588.812677,181588.812677,181588.812677,184909.836510,184994.602459,185001.600000,0.000002,0.180592,0.190606,0.192432,10,799,3600.000000,0,0,0,GUROBI,1,0,0,0,0,0,0,0,0,0,0
3,0,None,64,176197.376472,176197.376472,176197.376472,179662.147472,181110.650591,181123.600000,0.000002,0.215050,0.291216,0.317544,79,1725,3600.000000,0,0,0,GUROBI,1,0,0,0,0,0,0,0,0,0,0
