instanceIndex,seedIndex,vpcGenerator,terms,lpBound,disjunctiveDualBound,lpBoundPostVpc,rootDualBound,dualBound,primalBound,vpcGenerationTime,rootDualBoundTime,bestSolutionTime,terminationTime,nodes,iterations,maxTime,actualTerms,numCuts,cutLimit,mipSolver,providePrimalBound,infeasibleTerms,feasibleToInfeasibleTerms,infeasibleToFeasibleTerms,termRemainsFeasibleBasisInfeasible,cutsChangedCoefficients,feasibleTermsPrunedByBound,tighten_disjunction,tighten_matrix_perturbation,tighten_infeasible_to_feasible_term,tighten_feasible_to_infeasible_basis
0,0,None,4,28427.048405,28427.048405,28427.048405,57905.466156,65887.000000,65887.000000,0.000030,0.755876,8.826197,8.827536,651,18761,3600.000000,0,0,0,GUROBI,1,0,0,0,0,0,0,0,0,0,0
1,0,None,4,28685.952578,28685.952578,28685.952578,72892.651791,80391.000000,80391.000000,0.000002,0.739858,5.689776,5.690902,603,14094,3600.000000,0,0,0,GUROBI,1,0,0,0,0,0,0,0,0,0,0
2,0,None,4,28483.501066,28483.501066,28483.501066,70462.110983,76287.000000,76287.000000,0.000002,0.840098,7.536952,7.542094,644,15547,3600.000000,0,0,0,GUROBI,1,0,0,0,0,0,0,0,0,0,0
3,0,None,4,28465.786313,28465.786313,28465.786313,60017.615776,66392.000000,66392.000000,0.000001,0.841106,1.738071,9.304763,641,17745,3600.000000,0,0,0,GUROBI,1,0,0,0,0,0,0,0,0,0,0
