instanceIndex,seedIndex,vpcGenerator,terms,lpBound,disjunctiveDualBound,lpBoundPostVpc,rootDualBound,dualBound,primalBound,vpcGenerationTime,rootDualBoundTime,bestSolutionTime,terminationTime,nodes,iterations,maxTime,actualTerms,numCuts,cutLimit,mipSolver,providePrimalBound,infeasibleTerms,feasibleToInfeasibleTerms,infeasibleToFeasibleTerms,termRemainsFeasibleBasisInfeasible,cutsChangedCoefficients,feasibleTermsPrunedByBound,tighten_disjunction,tighten_matrix_perturbation,tighten_infeasible_to_feasible_term,tighten_feasible_to_infeasible_basis
0,0,New,4,28427.048405,29521.945883,28721.228958,57899.209839,65886.781669,65887.000000,0.402634,1.167152,1.956805,10.126403,648,19831,3600.000000,4,4,134,GUROBI,1,0,0,0,0,0,0,0,0,0,0
1,0,New,4,-256057.196750,-252684.106612,-255839.196750,-218952.831928,-208083.764981,-208063.000000,0.392480,0.889978,20.253122,20.253304,6353,103068,3600.000000,4,2,87,GUROBI,1,0,0,0,0,0,0,0,0,0,0
2,0,New,4,-36383.008363,-35550.434313,-35926.478673,-5261.433682,3879.000000,3879.000000,0.408869,1.110582,9.909926,9.913828,759,18522,3600.000000,4,4,87,GUROBI,1,0,0,0,0,0,0,0,0,0,0
3,0,New,4,-96130.875775,-94430.510012,-95990.120566,-67593.218890,-59501.751755,-59497.000000,0.393290,0.888775,6.403666,6.403828,700,12447,3600.000000,4,2,85,GUROBI,1,0,0,0,0,0,0,0,0,0,0
