instanceIndex,seedIndex,vpcGenerator,terms,lpBound,disjunctiveDualBound,lpBoundPostVpc,rootDualBound,dualBound,primalBound,vpcGenerationTime,rootDualBoundTime,bestSolutionTime,terminationTime,nodes,iterations,maxTime,actualTerms,numCuts,cutLimit,mipSolver,providePrimalBound,infeasibleTerms,feasibleToInfeasibleTerms,infeasibleToFeasibleTerms,termRemainsFeasibleBasisInfeasible,cutsChangedCoefficients,feasibleTermsPrunedByBound,tighten_disjunction,tighten_matrix_perturbation,tighten_infeasible_to_feasible_term,tighten_feasible_to_infeasible_basis
0,0,New,64,76429.862296,76431.911016,76431.419968,76451.662762,76453.000000,76453.000000,59.535334,59.623009,59.535334,59.625770,1,337,3600.000000,64,16,16,GUROBI,1,0,0,0,0,0,0,0,0,0,0
1,0,All,64,76381.678165,76382.689922,76381.678165,76457.016247,76490.000000,76497.000000,0.201151,0.391570,90.134735,90.138413,36710,1262161,3600.000000,64,16,0,GUROBI,1,0,0,0,64,16,0,1,1,1,1
2,0,All,64,76438.528091,76438.690029,76438.528091,76514.146806,76569.000000,76576.000000,0.230006,0.467858,89.422312,96.353569,49626,1395134,3600.000000,64,16,0,GUROBI,1,0,0,0,64,16,0,1,1,1,1
3,0,All,64,76405.851877,76406.227350,76405.851877,76472.259404,76508.000000,76514.000000,0.209740,0.454399,6.351448,25.414093,11570,440352,3600.000000,64,16,0,GUROBI,1,0,0,0,64,16,0,1,1,1,1
