instanceIndex,seedIndex,vpcGenerator,terms,lpBound,disjunctiveDualBound,lpBoundPostVpc,rootDualBound,dualBound,primalBound,vpcGenerationTime,rootDualBoundTime,bestSolutionTime,terminationTime,nodes,iterations,maxTime,actualTerms,numCuts,cutLimit,mipSolver,providePrimalBound,infeasibleTerms,feasibleToInfeasibleTerms,infeasibleToFeasibleTerms,termRemainsFeasibleBasisInfeasible,cutsChangedCoefficients,feasibleTermsPrunedByBound,tighten_disjunction,tighten_matrix_perturbation,tighten_infeasible_to_feasible_term,tighten_feasible_to_infeasible_basis
0,0,New,4,76429.862296,76431.542606,76430.236199,76451.666028,76453.000000,76453.000000,1.939778,1.998487,1.939778,2.000533,1,322,3600.000000,4,16,16,GUROBI,1,0,0,0,0,0,0,0,0,0,0
1,0,New,4,76444.779242,76445.308559,76445.308559,76500.387861,76543.000000,76548.000000,1.480838,1.659900,105.242239,105.490756,80799,1601232,3600.000000,4,19,19,GUROBI,1,0,0,0,0,0,0,0,0,0,0
2,0,New,4,76408.931378,76412.209207,76411.415488,76454.779134,76494.000000,76501.000000,1.617627,1.738051,136.446905,161.085866,81195,2213770,3600.000000,4,18,20,GUROBI,1,0,0,0,0,0,0,0,0,0,0
3,0,New,4,76446.088410,76446.379431,76446.370228,76521.218350,76578.000000,76585.000000,1.669385,1.971903,307.547629,384.941398,262480,6728140,3600.000000,4,19,19,GUROBI,1,0,0,0,0,0,0,0,0,0,0
