instanceIndex,seedIndex,vpcGenerator,terms,lpBound,disjunctiveDualBound,lpBoundPostVpc,rootDualBound,dualBound,primalBound,vpcGenerationTime,rootDualBoundTime,bestSolutionTime,terminationTime,nodes,iterations,maxTime,actualTerms,numCuts,cutLimit,mipSolver,providePrimalBound,infeasibleTerms,feasibleToInfeasibleTerms,infeasibleToFeasibleTerms,termRemainsFeasibleBasisInfeasible,cutsChangedCoefficients,feasibleTermsPrunedByBound,tighten_disjunction,tighten_matrix_perturbation,tighten_infeasible_to_feasible_term,tighten_feasible_to_infeasible_basis
0,0,New,4,76429.862296,76431.542606,76430.236199,76451.666028,76453.000000,76453.000000,1.881174,1.978957,1.881174,1.982605,1,322,3600.000000,4,16,16,GUROBI,1,0,0,0,0,0,0,0,0,0,0
1,0,All,4,76436.857024,76437.422665,76436.857024,76455.491744,76459.000000,76464.000000,0.019686,0.089341,0.542628,0.542725,395,2237,3600.000000,4,16,0,GUROBI,1,0,0,0,0,0,0,1,1,1,1
2,0,All,4,76444.517577,76446.230627,76444.882548,76465.318709,76467.000000,76468.000000,0.019235,0.099474,0.145042,0.145857,15,554,3600.000000,4,16,0,GUROBI,1,0,0,0,0,0,0,1,1,1,1
3,0,All,4,76457.059846,76458.027989,76457.067450,76476.602069,76478.000000,76480.000000,0.014428,0.129524,0.346278,0.347219,121,1024,3600.000000,4,16,0,GUROBI,1,0,0,0,0,0,0,1,1,1,1
