instanceIndex,seedIndex,vpcGenerator,terms,lpBound,disjunctiveDualBound,lpBoundPostVpc,rootDualBound,dualBound,primalBound,vpcGenerationTime,rootDualBoundTime,bestSolutionTime,terminationTime,nodes,iterations,maxTime,actualTerms,numCuts,cutLimit,mipSolver,providePrimalBound,infeasibleTerms,feasibleToInfeasibleTerms,infeasibleToFeasibleTerms,termRemainsFeasibleBasisInfeasible,cutsChangedCoefficients,feasibleTermsPrunedByBound,tighten_disjunction,tighten_matrix_perturbation,tighten_infeasible_to_feasible_term,tighten_feasible_to_infeasible_basis
0,0,New,64,76429.862296,76431.911016,76431.419968,76451.662762,76453.000000,76453.000000,58.685449,58.780271,58.685449,58.783218,1,337,3600.000000,64,16,16,GUROBI,1,0,0,0,0,0,0,0,0,0,0
1,0,New,64,76145.615570,76149.452391,76149.237356,76197.547128,76202.000000,76209.000000,53.386687,53.590109,53.845847,54.108334,275,7150,3600.000000,64,18,18,GUROBI,1,0,0,0,0,0,0,0,0,0,0
2,0,New,64,76394.061962,76396.697578,76396.356873,76448.403813,76455.000000,76461.000000,93.247042,93.413601,94.008600,94.334001,521,10700,3600.000000,64,20,20,GUROBI,1,0,0,0,0,0,0,0,0,0,0
3,0,New,64,76371.219642,76373.733389,76371.918332,76404.478328,76405.000270,76407.000000,56.955237,57.122793,57.242078,57.243208,24,1177,3600.000000,64,18,18,GUROBI,1,0,0,0,0,0,0,0,0,0,0
