instanceIndex,seedIndex,vpcGenerator,terms,lpBound,disjunctiveDualBound,lpBoundPostVpc,rootDualBound,dualBound,primalBound,vpcGenerationTime,rootDualBoundTime,bestSolutionTime,terminationTime,nodes,iterations,maxTime,actualTerms,numCuts,cutLimit,mipSolver,providePrimalBound,infeasibleTerms,feasibleToInfeasibleTerms,infeasibleToFeasibleTerms,termRemainsFeasibleBasisInfeasible,cutsChangedCoefficients,feasibleTermsPrunedByBound,tighten_disjunction,tighten_matrix_perturbation,tighten_infeasible_to_feasible_term,tighten_feasible_to_infeasible_basis
0,0,None,64,76429.862296,76429.862296,76429.862296,76450.624028,76452.000000,76453.000000,0.000030,0.092479,0.197469,0.197570,83,735,3600.000000,0,0,0,GUROBI,1,0,0,0,0,0,0,0,0,0,0
1,0,None,64,76145.615570,76145.615570,76145.615570,76192.912978,76207.000000,76209.000000,0.000002,0.183011,2.115052,2.116113,616,11674,3600.000000,0,0,0,GUROBI,1,0,0,0,0,0,0,0,0,0,0
2,0,None,64,76394.061962,76394.061962,76394.061962,76442.130725,76459.000000,76461.000000,0.000002,0.135099,2.478477,2.479606,665,14597,3600.000000,0,0,0,GUROBI,1,0,0,0,0,0,0,0,0,0,0
3,0,None,64,76371.219642,76371.219642,76371.219642,76403.450461,76405.000000,76407.000000,0.000002,0.194522,0.396974,0.397078,99,1296,3600.000000,0,0,0,GUROBI,1,0,0,0,0,0,0,0,0,0,0
