instanceIndex,seedIndex,vpcGenerator,terms,lpBound,disjunctiveDualBound,lpBoundPostVpc,rootDualBound,dualBound,primalBound,vpcGenerationTime,rootDualBoundTime,bestSolutionTime,terminationTime,nodes,iterations,maxTime,actualTerms,numCuts,cutLimit,mipSolver,providePrimalBound,infeasibleTerms,feasibleToInfeasibleTerms,infeasibleToFeasibleTerms,termRemainsFeasibleBasisInfeasible,cutsChangedCoefficients,feasibleTermsPrunedByBound,tighten_disjunction,tighten_matrix_perturbation,tighten_infeasible_to_feasible_term,tighten_feasible_to_infeasible_basis
0,0,New,4,76429.862296,76431.542606,76430.236199,76451.666028,76453.000000,76453.000000,1.939810,2.016882,1.939810,2.019194,1,322,3600.000000,4,16,16,GUROBI,1,0,0,0,0,0,0,0,0,0,0
1,0,Farkas,4,76381.678165,76382.689922,76381.678165,76441.996418,76493.000000,76496.000000,0.014697,0.160904,168.688559,168.697539,55105,2393446,3600.000000,4,16,0,GUROBI,1,0,0,0,4,16,0,0,0,0,0
2,0,Farkas,4,76438.528091,76438.690029,76438.528091,76516.315745,76570.000000,76576.000000,0.020501,0.260369,452.034606,452.172347,280110,7450186,3600.000000,4,16,0,GUROBI,1,0,0,0,4,16,0,0,0,0,0
3,0,Farkas,4,76405.851877,76406.227350,76405.851877,76462.778281,76507.000000,76514.000000,0.023167,0.206477,41.172135,41.172273,16646,424879,3600.000000,4,16,0,GUROBI,1,0,0,0,4,16,0,0,0,0,0
