instanceIndex,seedIndex,vpcGenerator,terms,lpBound,disjunctiveDualBound,lpBoundPostVpc,rootDualBound,dualBound,primalBound,vpcGenerationTime,rootDualBoundTime,bestSolutionTime,terminationTime,nodes,iterations,maxTime,actualTerms,numCuts,cutLimit,mipSolver,providePrimalBound,infeasibleTerms,feasibleToInfeasibleTerms,infeasibleToFeasibleTerms,termRemainsFeasibleBasisInfeasible,cutsChangedCoefficients,feasibleTermsPrunedByBound,tighten_disjunction,tighten_matrix_perturbation,tighten_infeasible_to_feasible_term,tighten_feasible_to_infeasible_basis
0,0,None,4,197818.254988,197818.254988,197818.254988,389594.309535,405935.180000,405935.180000,0.000016,0.222048,0.428296,0.435922,133,1444,3600.000000,0,0,0,GUROBI,1,0,0,0,0,0,0,0,0,0,0
1,0,None,4,197809.010268,197809.010268,197809.010268,387523.173536,405909.137208,405925.180000,0.000002,0.188459,0.593354,0.616534,314,2413,3600.000000,0,0,0,GUROBI,1,0,0,0,0,0,0,0,0,0,0
2,0,None,4,197820.568714,197820.568714,197820.568714,385395.166803,405936.180000,405936.180000,0.000002,0.160750,0.586792,0.591102,336,2135,3600.000000,0,0,0,GUROBI,1,0,0,0,0,0,0,0,0,0,0
3,0,None,4,197808.470922,197808.470922,197808.470922,386714.717898,405931.180000,405931.180000,0.000002,0.135952,0.551787,0.594352,309,2187,3600.000000,0,0,0,GUROBI,1,0,0,0,0,0,0,0,0,0,0
