instanceIndex,seedIndex,vpcGenerator,terms,lpBound,disjunctiveDualBound,lpBoundPostVpc,rootDualBound,dualBound,primalBound,vpcGenerationTime,rootDualBoundTime,bestSolutionTime,terminationTime,nodes,iterations,maxTime,actualTerms,numCuts,cutLimit,mipSolver,providePrimalBound,infeasibleTerms,feasibleToInfeasibleTerms,infeasibleToFeasibleTerms,termRemainsFeasibleBasisInfeasible,cutsChangedCoefficients,feasibleTermsPrunedByBound,tighten_disjunction,tighten_matrix_perturbation,tighten_infeasible_to_feasible_term,tighten_feasible_to_infeasible_basis
0,0,New,4,197818.254988,200384.335637,199097.188785,389214.968756,405935.180000,405935.180000,1.901695,2.107233,2.257712,2.274386,72,1083,3600.000000,4,21,38,GUROBI,1,0,0,0,0,0,0,0,0,0,0
1,0,Farkas,4,197957.665739,198063.265739,198063.265739,950158.336467,968627.430000,968627.430000,0.041654,0.274125,0.563987,0.564169,266,3592,3600.000000,4,21,0,GUROBI,1,0,0,0,4,21,0,0,0,0,0
2,0,Farkas,4,130112.040023,130222.045336,130112.040023,820399.342502,965475.445994,965558.840000,0.035403,0.328616,0.772615,0.783366,395,4337,3600.000000,4,21,0,GUROBI,1,1,1,0,3,21,0,0,0,0,0
3,0,Farkas,4,186190.902822,186190.902822,186190.902822,1747050.798073,2075686.800000,2075686.800000,0.035344,0.317155,8.618492,8.633076,2026,65021,3600.000000,4,21,0,GUROBI,1,0,0,0,4,21,0,0,0,0,0
