instanceIndex,seedIndex,vpcGenerator,terms,lpBound,disjunctiveDualBound,lpBoundPostVpc,rootDualBound,dualBound,primalBound,vpcGenerationTime,rootDualBoundTime,bestSolutionTime,terminationTime,nodes,iterations,maxTime,actualTerms,numCuts,cutLimit,mipSolver,providePrimalBound,infeasibleTerms,feasibleToInfeasibleTerms,infeasibleToFeasibleTerms,termRemainsFeasibleBasisInfeasible,cutsChangedCoefficients,feasibleTermsPrunedByBound,tighten_disjunction,tighten_matrix_perturbation,tighten_infeasible_to_feasible_term,tighten_feasible_to_infeasible_basis
0,0,None,64,197818.254988,197818.254988,197818.254988,395084.952876,405935.180000,405935.180000,0.000011,0.174411,0.665103,0.678886,341,2332,3600.000000,0,0,0,GUROBI,1,0,0,0,0,0,0,0,0,0,0
1,0,None,64,196651.484732,196651.484732,196651.484732,394746.371651,410871.980000,410871.980000,0.000003,0.296754,0.814091,0.817081,300,2394,3600.000000,0,0,0,GUROBI,1,0,0,0,0,0,0,0,0,0,0
2,0,None,64,227353.911612,227353.911612,227353.911612,468342.188049,473613.360000,473613.360000,0.000002,0.173841,0.252997,0.253174,23,730,3600.000000,0,0,0,GUROBI,1,0,0,0,0,0,0,0,0,0,0
3,0,None,64,207539.396849,207539.396849,207539.396849,439941.778896,445367.100000,445367.100000,0.000001,0.246755,0.496821,0.496988,74,1340,3600.000000,0,0,0,GUROBI,1,0,0,0,0,0,0,0,0,0,0
