instanceIndex,seedIndex,vpcGenerator,terms,lpBound,disjunctiveDualBound,lpBoundPostVpc,rootDualBound,dualBound,primalBound,vpcGenerationTime,rootDualBoundTime,bestSolutionTime,terminationTime,nodes,iterations,maxTime,actualTerms,numCuts,cutLimit,mipSolver,providePrimalBound,infeasibleTerms,feasibleToInfeasibleTerms,infeasibleToFeasibleTerms,termRemainsFeasibleBasisInfeasible,cutsChangedCoefficients,feasibleTermsPrunedByBound,tighten_disjunction,tighten_matrix_perturbation,tighten_infeasible_to_feasible_term,tighten_feasible_to_infeasible_basis
0,0,New,64,197818.254988,211936.778148,206211.962374,387623.489872,405935.180000,405935.180000,20.414689,20.599674,21.269229,21.289918,417,3010,3600.000000,64,38,38,GUROBI,1,14,0,0,0,0,0,0,0,0,0
1,0,New,64,196651.484732,216393.153241,198514.833598,391609.502470,410845.467996,410871.980000,12.124711,12.272291,12.976306,12.992325,311,3074,3600.000000,65,21,47,GUROBI,1,28,0,0,0,0,0,0,0,0,0
2,0,New,64,227353.911612,258380.597870,228352.303478,470429.158630,473613.360000,473613.360000,8.287997,8.478427,8.508819,8.511703,12,676,3600.000000,64,8,42,GUROBI,1,21,0,0,0,0,0,0,0,0,0
3,0,New,64,207539.396849,228561.478248,210528.589937,430546.543680,445367.100000,445367.100000,7.040329,7.207516,7.481278,7.481506,122,1422,3600.000000,78,20,56,GUROBI,1,51,0,0,0,0,0,0,0,0,0
