instanceIndex,seedIndex,vpcGenerator,terms,lpBound,disjunctiveDualBound,lpBoundPostVpc,rootDualBound,dualBound,primalBound,vpcGenerationTime,rootDualBoundTime,bestSolutionTime,terminationTime,nodes,iterations,maxTime,actualTerms,numCuts,cutLimit,mipSolver,providePrimalBound,infeasibleTerms,feasibleToInfeasibleTerms,infeasibleToFeasibleTerms,termRemainsFeasibleBasisInfeasible,cutsChangedCoefficients,feasibleTermsPrunedByBound,tighten_disjunction,tighten_matrix_perturbation,tighten_infeasible_to_feasible_term,tighten_feasible_to_infeasible_basis
0,0,New,64,34077.542667,35213.200000,34378.785140,43708.560309,44311.682826,44316.000000,14.294254,14.921544,52.126111,56.642406,6583,241212,3600.000000,64,27,160,GUROBI,1,0,0,0,0,0,0,0,0,0,0
1,0,Farkas,64,33948.572000,35091.190000,34224.208349,58496.863846,59069.348097,59075.000000,0.341947,0.925693,6.791442,8.236704,1572,39649,3600.000000,64,27,0,GUROBI,1,36,36,0,28,0,0,0,0,0,0
2,0,Farkas,64,33612.368667,34730.192667,33908.856600,57537.530914,58152.267372,58158.000000,0.474233,0.903762,9.052476,9.052784,1073,22056,3600.000000,64,27,0,GUROBI,1,38,38,0,26,0,0,0,0,0,0
3,0,Farkas,64,34570.662667,35687.591333,34866.809312,57033.995469,57653.323554,57659.000000,0.413113,0.933086,17.158364,27.391719,9316,166364,3600.000000,64,27,0,GUROBI,1,31,31,0,33,0,0,0,0,0,0
