instanceIndex,seedIndex,vpcGenerator,terms,lpBound,disjunctiveDualBound,lpBoundPostVpc,rootDualBound,dualBound,primalBound,vpcGenerationTime,rootDualBoundTime,bestSolutionTime,terminationTime,nodes,iterations,maxTime,actualTerms,numCuts,cutLimit,mipSolver,providePrimalBound,infeasibleTerms,feasibleToInfeasibleTerms,infeasibleToFeasibleTerms,termRemainsFeasibleBasisInfeasible,cutsChangedCoefficients,feasibleTermsPrunedByBound,tighten_disjunction,tighten_matrix_perturbation,tighten_infeasible_to_feasible_term,tighten_feasible_to_infeasible_basis
0,0,New,64,34077.542667,35213.200000,34378.785140,43708.560309,44311.682826,44316.000000,22.794664,23.598664,77.124498,84.334750,6583,241212,3600.000000,64,27,160,GUROBI,1,0,0,0,0,0,0,0,0,0,0
1,0,New,64,4866.018350,4916.018350,4916.018350,10264.435506,10557.337444,10557.768027,35.805890,36.247564,41.967710,43.500846,928,17945,3600.000000,210,2,110,GUROBI,1,0,0,0,0,0,0,0,0,0,0
2,0,New,64,4769.316820,4813.859374,4813.859374,9437.720911,9685.211702,9685.986720,49.802014,50.289611,65.028888,65.029196,2191,42564,3600.000000,264,7,98,GUROBI,1,0,0,0,0,0,0,0,0,0,0
3,0,New,64,5845.421131,5895.421131,5895.421131,10521.541661,10752.198554,10753.260891,49.055108,49.472771,53.952358,54.016815,705,9531,3600.000000,264,6,104,GUROBI,1,0,0,0,0,0,0,0,0,0,0
