instanceIndex,seedIndex,vpcGenerator,terms,lpBound,disjunctiveDualBound,lpBoundPostVpc,rootDualBound,dualBound,primalBound,vpcGenerationTime,rootDualBoundTime,bestSolutionTime,terminationTime,nodes,iterations,maxTime,actualTerms,numCuts,cutLimit,mipSolver,providePrimalBound,infeasibleTerms,feasibleToInfeasibleTerms,infeasibleToFeasibleTerms,termRemainsFeasibleBasisInfeasible,cutsChangedCoefficients,feasibleTermsPrunedByBound,tighten_disjunction,tighten_matrix_perturbation,tighten_infeasible_to_feasible_term,tighten_feasible_to_infeasible_basis
0,0,New,64,34077.542667,35213.200000,34378.785140,43737.550034,44311.716804,44316.000000,22.461306,23.241621,73.461408,74.749042,5180,171988,3600.000000,64,27,160,GUROBI,1,0,0,0,0,0,0,0,0,0,0
1,0,New,64,14750.717476,14801.717476,14801.717476,23369.707859,24045.949066,24048.316667,60.936079,61.554279,430.855769,430.856433,33939,1573516,3600.000000,64,150,150,GUROBI,1,2,0,0,0,0,0,0,0,0,0
2,0,New,64,21071.800938,21130.800938,21130.800938,30283.558794,30744.191598,30747.250000,70.938243,71.634043,520.952979,567.993157,37313,2060124,3600.000000,64,149,149,GUROBI,1,0,0,0,0,0,0,0,0,0,0
3,0,New,64,11255.338596,11305.338596,11305.338596,19529.281794,19994.266501,19996.246564,11.338794,12.065035,576.762553,764.351266,68483,3214298,3600.000000,64,3,144,GUROBI,1,0,0,0,0,0,0,0,0,0,0
