instanceIndex,seedIndex,vpcGenerator,terms,lpBound,disjunctiveDualBound,lpBoundPostVpc,rootDualBound,dualBound,primalBound,vpcGenerationTime,rootDualBoundTime,bestSolutionTime,terminationTime,nodes,iterations,maxTime,actualTerms,numCuts,cutLimit,mipSolver,providePrimalBound,infeasibleTerms,feasibleToInfeasibleTerms,infeasibleToFeasibleTerms,termRemainsFeasibleBasisInfeasible,cutsChangedCoefficients,feasibleTermsPrunedByBound,tighten_disjunction,tighten_matrix_perturbation,tighten_infeasible_to_feasible_term,tighten_feasible_to_infeasible_basis
0,0,New,4,34077.542667,34193.616667,34193.616667,43602.999110,44311.841661,44316.000000,0.996895,1.480455,24.656736,28.077922,4603,130800,3600.000000,4,10,160,GUROBI,1,0,0,0,0,0,0,0,0,0,0
1,0,New,4,33948.572000,52865.550000,34023.522000,58473.497267,59069.340647,59075.000000,7.691777,8.247036,14.933643,14.933836,2120,41352,3600.000000,253,1,371,GUROBI,1,251,0,0,0,0,0,0,0,0,0
2,0,New,4,33612.368667,51838.088667,33799.682000,57692.715126,58152.369454,58158.000000,8.646997,9.067754,12.085618,13.371075,1113,21191,3600.000000,246,2,360,GUROBI,1,244,0,0,0,0,0,0,0,0,0
3,0,New,4,34570.662667,51507.598667,34636.618667,57098.619615,57653.314733,57659.000000,6.369903,6.957439,36.600686,37.196286,13028,220140,3600.000000,235,1,349,GUROBI,1,233,0,0,0,0,0,0,0,0,0
