instanceIndex,seedIndex,vpcGenerator,terms,lpBound,disjunctiveDualBound,lpBoundPostVpc,rootDualBound,dualBound,primalBound,vpcGenerationTime,rootDualBoundTime,bestSolutionTime,terminationTime,nodes,iterations,maxTime,actualTerms,numCuts,cutLimit,mipSolver,providePrimalBound,infeasibleTerms,feasibleToInfeasibleTerms,infeasibleToFeasibleTerms,termRemainsFeasibleBasisInfeasible,cutsChangedCoefficients,feasibleTermsPrunedByBound,tighten_disjunction,tighten_matrix_perturbation,tighten_infeasible_to_feasible_term,tighten_feasible_to_infeasible_basis
0,0,New,64,34077.542667,35213.200000,34378.785140,43720.946836,44312.237150,44316.000000,13.152084,13.796028,31.291909,39.611097,4016,122585,3600.000000,64,27,160,GUROBI,1,0,0,0,0,0,0,0,0,0,0
1,0,New,64,27727.796000,28853.794000,27984.891287,37612.798840,38209.179961,38213.000000,10.190767,10.918682,110.175986,114.754828,11901,545812,3600.000000,64,11,159,GUROBI,1,0,0,0,0,0,0,0,0,0,0
2,0,New,64,-48001.660667,-46783.830667,-47865.668072,-39550.989287,-38805.874855,-38803.000001,9.002168,9.641538,28.550923,28.552471,3995,105998,3600.000000,64,7,164,GUROBI,1,0,0,0,0,0,0,0,0,0,0
3,0,New,64,1704.692000,3246.868000,2010.300740,10724.975371,11280.912328,11282.000000,13.940137,14.659335,28.772144,29.077620,1913,62447,3600.000000,64,29,152,GUROBI,1,0,0,0,0,0,0,0,0,0,0
