instanceIndex,seedIndex,vpcGenerator,terms,lpBound,disjunctiveDualBound,lpBoundPostVpc,rootDualBound,dualBound,primalBound,vpcGenerationTime,rootDualBoundTime,bestSolutionTime,terminationTime,nodes,iterations,maxTime,actualTerms,numCuts,cutLimit,mipSolver,providePrimalBound,infeasibleTerms,feasibleToInfeasibleTerms,infeasibleToFeasibleTerms,termRemainsFeasibleBasisInfeasible,cutsChangedCoefficients,feasibleTermsPrunedByBound,tighten_disjunction,tighten_matrix_perturbation,tighten_infeasible_to_feasible_term,tighten_feasible_to_infeasible_basis
0,0,None,4,34077.542667,34077.542667,34077.542667,43677.212374,44311.570721,44316.000000,0.000013,0.549700,23.949032,34.844957,5696,182228,3600.000000,0,0,0,GUROBI,1,0,0,0,0,0,0,0,0,0,0
1,0,None,4,33948.572000,33948.572000,33948.572000,58523.663149,59069.270508,59075.000000,0.000002,0.560991,9.839610,10.330551,1649,48338,3600.000000,0,0,0,GUROBI,1,0,0,0,0,0,0,0,0,0,0
2,0,None,4,33612.368667,33612.368667,33612.368667,57663.057298,58152.192939,58158.000000,0.000002,0.411671,7.359160,7.584062,1627,30508,3600.000000,0,0,0,GUROBI,1,0,0,0,0,0,0,0,0,0,0
3,0,None,4,34570.662667,34570.662667,34570.662667,57091.566403,57653.347289,57659.000000,0.000001,0.426264,15.265225,15.345481,5927,104982,3600.000000,0,0,0,GUROBI,1,0,0,0,0,0,0,0,0,0,0
