instanceIndex,seedIndex,vpcGenerator,terms,lpBound,disjunctiveDualBound,lpBoundPostVpc,rootDualBound,dualBound,primalBound,vpcGenerationTime,rootDualBoundTime,bestSolutionTime,terminationTime,nodes,iterations,maxTime,actualTerms,numCuts,cutLimit,mipSolver,providePrimalBound,infeasibleTerms,feasibleToInfeasibleTerms,infeasibleToFeasibleTerms,termRemainsFeasibleBasisInfeasible,cutsChangedCoefficients,feasibleTermsPrunedByBound,tighten_disjunction,tighten_matrix_perturbation,tighten_infeasible_to_feasible_term,tighten_feasible_to_infeasible_basis
0,0,New,4,34077.542667,34193.616667,34193.616667,43573.564860,44311.641848,44316.000000,1.774309,2.407253,31.083211,38.209382,4643,145495,3600.000000,4,10,160,GUROBI,1,0,0,0,0,0,0,0,0,0,0
1,0,Farkas,4,14750.717476,14817.258676,14750.717476,23464.229351,24045.914169,24048.316667,0.071343,0.632605,730.616183,736.867138,77916,3194050,3600.000000,4,10,0,GUROBI,1,0,0,0,4,10,0,0,0,0,0
2,0,Farkas,4,21071.800938,21192.759479,21131.187970,30335.782414,30744.196928,30747.250000,0.071854,0.826725,421.858142,421.858486,38301,1586130,3600.000000,4,10,0,GUROBI,1,0,0,0,4,10,0,0,0,0,0
3,0,Farkas,4,11255.338596,11325.597041,11255.338596,19495.127123,19994.248029,19996.246564,0.070152,0.676402,691.077290,781.559393,64348,3137005,3600.000000,4,10,0,GUROBI,1,0,0,0,4,10,0,0,0,0,0
