instanceIndex,seedIndex,vpcGenerator,terms,lpBound,disjunctiveDualBound,lpBoundPostVpc,rootDualBound,dualBound,primalBound,vpcGenerationTime,rootDualBoundTime,bestSolutionTime,terminationTime,nodes,iterations,maxTime,actualTerms,numCuts,cutLimit,mipSolver,providePrimalBound,infeasibleTerms,feasibleToInfeasibleTerms,infeasibleToFeasibleTerms,termRemainsFeasibleBasisInfeasible,cutsChangedCoefficients,feasibleTermsPrunedByBound,tighten_disjunction,tighten_matrix_perturbation,tighten_infeasible_to_feasible_term,tighten_feasible_to_infeasible_basis
0,0,New,4,34077.542667,34193.616667,34193.616667,43778.950497,44311.573158,44316.000000,0.981022,1.899004,53.673842,59.632953,7622,243378,3600.000000,4,10,160,GUROBI,1,0,0,0,0,0,0,0,0,0,0
1,0,All,4,34927.459333,35043.445333,35043.445333,44736.546447,45330.477439,45335.000000,0.036813,1.022725,50.652490,52.264795,5185,178190,3600.000000,4,10,0,GUROBI,1,0,0,0,0,0,0,1,1,1,1
2,0,All,4,33928.262667,34043.368667,34043.368667,43597.301969,44172.849680,44177.000000,0.036880,0.660164,18.761378,18.875647,1902,58212,3600.000000,4,10,0,GUROBI,1,0,0,0,0,0,0,1,1,1,1
3,0,All,4,31086.050667,31210.316000,31183.684586,40909.295948,41217.928242,41218.000000,0.042964,0.926892,1.863925,2.638948,301,9526,3600.000000,4,10,0,GUROBI,1,0,0,0,0,0,0,1,1,1,1
