instanceIndex,seedIndex,vpcGenerator,terms,lpBound,disjunctiveDualBound,lpBoundPostVpc,rootDualBound,dualBound,primalBound,vpcGenerationTime,rootDualBoundTime,bestSolutionTime,terminationTime,nodes,iterations,maxTime,actualTerms,numCuts,cutLimit,mipSolver,providePrimalBound,infeasibleTerms,feasibleToInfeasibleTerms,infeasibleToFeasibleTerms,termRemainsFeasibleBasisInfeasible,cutsChangedCoefficients,feasibleTermsPrunedByBound,tighten_disjunction,tighten_matrix_perturbation,tighten_infeasible_to_feasible_term,tighten_feasible_to_infeasible_basis
0,0,New,64,6766.249840,6771.975779,6771.850862,6771.707891,6828.172494,6840.965642,2.380915,2.422071,2107.244930,3602.381580,17978468,53067189,3600.000000,64,21,21,GUROBI,1,1,0,0,0,0,0,0,0,0,0
1,0,All,64,6765.789163,6770.958620,6769.677626,6769.952724,6826.784771,6840.965642,0.070809,0.108960,1940.405553,3600.071438,17429480,53574583,3600.000000,64,21,0,GUROBI,1,1,0,0,0,0,0,1,1,1,1
2,0,All,64,6778.097128,6783.359441,6781.438016,6781.535633,6838.891647,6853.618386,0.074971,0.107418,2830.732315,3600.082757,17970631,52699110,3600.000000,64,21,0,GUROBI,1,1,0,0,0,0,0,1,1,1,1
3,0,All,64,6757.240447,6758.293703,6757.760967,6759.093863,6822.216505,6836.965642,0.071081,0.172053,3593.325406,3600.071730,20728330,62261394,3600.000000,64,21,0,GUROBI,1,1,0,0,0,0,0,1,1,1,1
