instanceIndex,seedIndex,vpcGenerator,terms,lpBound,disjunctiveDualBound,lpBoundPostVpc,rootDualBound,dualBound,primalBound,vpcGenerationTime,rootDualBoundTime,bestSolutionTime,terminationTime,nodes,iterations,maxTime,actualTerms,numCuts,cutLimit,mipSolver,providePrimalBound,infeasibleTerms,feasibleToInfeasibleTerms,infeasibleToFeasibleTerms,termRemainsFeasibleBasisInfeasible,cutsChangedCoefficients,feasibleTermsPrunedByBound,tighten_disjunction,tighten_matrix_perturbation,tighten_infeasible_to_feasible_term,tighten_feasible_to_infeasible_basis
0,0,New,4,-4840.541961,-4839.625710,-4839.640858,-4838.891800,-4784.211733,-4783.733392,0.339885,0.453789,51.757419,924.398177,4092939,21566269,3600.000000,4,18,18,GUROBI,1,0,0,0,0,0,0,0,0,0,0
1,0,Farkas,4,-4840.466470,-4839.075464,-4839.468273,-4838.189961,-4784.211763,-4783.733392,0.005018,0.082949,312.216487,1020.726051,4619206,24349812,3600.000000,4,18,0,GUROBI,1,0,0,0,1,18,0,0,0,0,0
2,0,Farkas,4,-4839.523467,-4839.510978,-4839.523467,-4838.350558,-4787.643383,-4777.893669,0.005773,0.082155,1269.951105,3600.006207,16539005,83298648,3600.000000,4,18,0,GUROBI,1,0,0,0,2,18,0,0,0,0,0
3,0,Farkas,4,-4843.361513,-4843.356196,-4843.361513,-4840.994823,-4784.211735,-4783.733392,0.005466,0.090903,875.182168,1643.235506,7269498,37555352,3600.000000,4,18,0,GUROBI,1,0,0,0,1,18,0,0,0,0,0
