instanceIndex,seedIndex,vpcGenerator,terms,lpBound,disjunctiveDualBound,lpBoundPostVpc,rootDualBound,dualBound,primalBound,vpcGenerationTime,rootDualBoundTime,bestSolutionTime,terminationTime,nodes,iterations,maxTime,actualTerms,numCuts,cutLimit,mipSolver,providePrimalBound,infeasibleTerms,feasibleToInfeasibleTerms,infeasibleToFeasibleTerms,termRemainsFeasibleBasisInfeasible,cutsChangedCoefficients,feasibleTermsPrunedByBound,tighten_disjunction,tighten_matrix_perturbation,tighten_infeasible_to_feasible_term,tighten_feasible_to_infeasible_basis
0,0,New,64,-4632.298153,-4629.688960,-4629.739257,-4629.820010,-4607.140188,-4606.679610,2.100099,2.201492,130.550066,386.481797,1444182,5519822,3600.000000,88,17,17,GUROBI,1,75,0,0,0,0,0,0,0,0,0
1,0,Farkas,64,-4635.281340,-4632.684076,-4635.281340,-4634.887278,-4611.777451,-4611.316382,0.104133,0.219743,10.046403,129.685951,494954,1944647,3600.000000,88,17,0,GUROBI,1,75,0,0,12,17,0,0,0,0,0
2,0,Farkas,64,-4639.993366,-4639.993366,-4639.993366,-4639.704040,-4615.755377,-4615.293990,0.105419,0.210190,27.738998,187.925691,693942,2841698,3600.000000,88,17,0,GUROBI,1,75,0,0,13,17,0,0,0,0,0
3,0,Farkas,64,-4634.624175,-4634.128763,-4634.624175,-4633.430805,-4607.140205,-4606.679610,0.103860,0.206358,42.516662,529.663132,2029406,7757841,3600.000000,88,17,0,GUROBI,1,75,0,0,12,17,0,0,0,0,0
