instanceIndex,seedIndex,vpcGenerator,terms,lpBound,disjunctiveDualBound,lpBoundPostVpc,rootDualBound,dualBound,primalBound,vpcGenerationTime,rootDualBoundTime,bestSolutionTime,terminationTime,nodes,iterations,maxTime,actualTerms,numCuts,cutLimit,mipSolver,providePrimalBound,infeasibleTerms,feasibleToInfeasibleTerms,infeasibleToFeasibleTerms,termRemainsFeasibleBasisInfeasible,cutsChangedCoefficients,feasibleTermsPrunedByBound,tighten_disjunction,tighten_matrix_perturbation,tighten_infeasible_to_feasible_term,tighten_feasible_to_infeasible_basis
0,0,New,64,-4632.298153,-4629.688960,-4629.739257,-4629.820010,-4607.140245,-4606.679610,2.857741,2.958860,12.875334,373.039732,1250893,5624026,3600.000000,88,17,17,GUROBI,1,75,0,0,0,0,0,0,0,0,0
1,0,New,64,-4523.691348,-4521.993049,-4521.993049,-4522.752658,-4502.551739,-4502.104750,0.927932,0.968807,10.872336,25.241804,121271,368371,3600.000000,78,13,13,GUROBI,1,70,0,0,0,0,0,0,0,0,0
2,0,New,64,-4618.274345,-4615.702938,-4615.790145,-4615.833750,-4595.801796,-4595.342867,1.202855,1.277026,5.522103,64.234119,254626,926738,3600.000000,66,19,19,GUROBI,1,54,0,0,0,0,0,0,0,0,0
3,0,New,64,-4619.730866,-4618.165467,-4618.279226,-4618.342201,-4595.468379,-4595.008917,1.137643,1.212180,25.528772,76.735495,305192,1145778,3600.000000,69,20,20,GUROBI,1,58,0,0,0,0,0,0,0,0,0
