instanceIndex,seedIndex,vpcGenerator,terms,lpBound,disjunctiveDualBound,lpBoundPostVpc,rootDualBound,dualBound,primalBound,vpcGenerationTime,rootDualBoundTime,bestSolutionTime,terminationTime,nodes,iterations,maxTime,actualTerms,numCuts,cutLimit,mipSolver,providePrimalBound,infeasibleTerms,feasibleToInfeasibleTerms,infeasibleToFeasibleTerms,termRemainsFeasibleBasisInfeasible,cutsChangedCoefficients,feasibleTermsPrunedByBound,tighten_disjunction,tighten_matrix_perturbation,tighten_infeasible_to_feasible_term,tighten_feasible_to_infeasible_basis
0,0,None,64,-4632.298153,-4632.298153,-4632.298153,-4631.571278,-4607.140275,-4606.679610,0.000025,0.158236,59.976286,368.183564,1359064,5280853,3600.000000,0,0,0,GUROBI,1,0,0,0,0,0,0,0,0,0,0
1,0,None,64,-4621.257658,-4621.257658,-4621.257658,-4620.545091,-4598.207333,-4597.747589,0.000002,0.115195,159.649482,350.887374,1253037,5297230,3600.000000,0,0,0,GUROBI,1,0,0,0,0,0,0,0,0,0,0
2,0,None,64,-4625.200181,-4625.200181,-4625.200181,-4625.004305,-4601.139397,-4600.679610,0.000003,0.105798,8.863941,198.137467,730189,3037169,3600.000000,0,0,0,GUROBI,1,0,0,0,0,0,0,0,0,0,0
3,0,None,64,-4644.285707,-4644.285707,-4644.285707,-4643.844968,-4617.106127,-4616.644797,0.000002,0.072722,43.880372,181.480052,728397,2720280,3600.000000,0,0,0,GUROBI,1,0,0,0,0,0,0,0,0,0,0
