instanceIndex,seedIndex,vpcGenerator,terms,lpBound,disjunctiveDualBound,lpBoundPostVpc,rootDualBound,dualBound,primalBound,vpcGenerationTime,rootDualBoundTime,bestSolutionTime,terminationTime,nodes,iterations,maxTime,actualTerms,numCuts,cutLimit,mipSolver,providePrimalBound,infeasibleTerms,feasibleToInfeasibleTerms,infeasibleToFeasibleTerms,termRemainsFeasibleBasisInfeasible,cutsChangedCoefficients,feasibleTermsPrunedByBound,tighten_disjunction,tighten_matrix_perturbation,tighten_infeasible_to_feasible_term,tighten_feasible_to_infeasible_basis
0,0,New,4,-4840.541961,-4839.625710,-4839.640858,-4838.891800,-4784.211624,-4783.733392,0.314376,0.393317,88.467708,1013.302945,4496008,23399861,3600.000000,4,18,18,GUROBI,1,0,0,0,0,0,0,0,0,0,0
1,0,New,4,-4840.466470,-4838.536004,-4838.536004,-4837.994648,-4784.211574,-4783.733392,0.113596,0.209114,34.042455,885.272572,3906271,20631287,3600.000000,4,22,22,GUROBI,1,0,0,0,0,0,0,0,0,0,0
2,0,New,4,-4839.523467,-4838.430307,-4838.430307,-4838.035748,-4787.211647,-4777.893669,0.121498,0.208062,1263.904034,3600.122128,16817608,84471441,3600.000000,4,24,24,GUROBI,1,0,0,0,0,0,0,0,0,0,0
3,0,New,4,-4843.361513,-4841.662708,-4841.772554,-4840.928175,-4784.211721,-4783.733392,0.118408,0.217603,53.133600,1392.331728,6317558,32674054,3600.000000,4,23,23,GUROBI,1,0,0,0,0,0,0,0,0,0,0
