instanceIndex,seedIndex,vpcGenerator,terms,lpBound,disjunctiveDualBound,lpBoundPostVpc,rootDualBound,dualBound,primalBound,vpcGenerationTime,rootDualBoundTime,bestSolutionTime,terminationTime,nodes,iterations,maxTime,actualTerms,numCuts,cutLimit,mipSolver,providePrimalBound,infeasibleTerms,feasibleToInfeasibleTerms,infeasibleToFeasibleTerms,termRemainsFeasibleBasisInfeasible,cutsChangedCoefficients,feasibleTermsPrunedByBound,tighten_disjunction,tighten_matrix_perturbation,tighten_infeasible_to_feasible_term,tighten_feasible_to_infeasible_basis
0,0,None,64,-4840.541961,-4840.541961,-4840.541961,-4838.470061,-4784.211762,-4783.733392,0.000010,0.174101,2044.726365,2755.224386,8261475,42733572,3600.000000,0,0,0,GUROBI,1,0,0,0,0,0,0,0,0,0,0
1,0,None,64,-4825.334838,-4825.334838,-4825.334838,-4822.787432,-4768.657386,-4768.180714,0.000004,0.095309,92.546342,580.417574,1840399,9116808,3600.000000,0,0,0,GUROBI,1,0,0,0,0,0,0,0,0,0,0
2,0,None,64,-4898.630984,-4898.630984,-4898.630984,-4895.505394,-4839.021752,-4838.537968,0.000003,0.125555,91.669609,867.689197,2703603,13020488,3600.000000,0,0,0,GUROBI,1,0,0,0,0,0,0,0,0,0,0
3,0,None,64,-4914.829124,-4914.829124,-4914.829124,-4913.148541,-4856.193092,-4855.707584,0.000002,0.093594,3.346957,187.256969,607793,3076303,3600.000000,0,0,0,GUROBI,1,0,0,0,0,0,0,0,0,0,0
