instanceIndex,seedIndex,vpcGenerator,terms,lpBound,disjunctiveDualBound,lpBoundPostVpc,rootDualBound,dualBound,primalBound,vpcGenerationTime,rootDualBoundTime,bestSolutionTime,terminationTime,nodes,iterations,maxTime,actualTerms,numCuts,cutLimit,mipSolver,providePrimalBound,infeasibleTerms,feasibleToInfeasibleTerms,infeasibleToFeasibleTerms,termRemainsFeasibleBasisInfeasible,cutsChangedCoefficients,feasibleTermsPrunedByBound,tighten_disjunction,tighten_matrix_perturbation,tighten_infeasible_to_feasible_term,tighten_feasible_to_infeasible_basis
0,0,New,4,2327.842584,2328.643181,2328.484863,2328.641073,2361.218330,2361.454195,0.920114,0.943076,27.037042,260.031979,1806225,7513340,3600.000000,4,15,20,GUROBI,1,0,0,0,0,0,0,0,0,0,0
1,0,New,4,2336.454991,2338.651684,2338.385807,2338.627668,2368.857149,2369.094052,0.096196,0.128742,142.424895,194.626360,1349971,5444983,3600.000000,4,20,20,GUROBI,1,0,0,0,0,0,0,0,0,0,0
2,0,New,4,2303.529486,2304.984876,2304.984876,2305.493070,2336.980910,2337.214434,0.092250,0.123284,19.237561,73.816499,539123,2075969,3600.000000,4,19,19,GUROBI,1,0,0,0,0,0,0,0,0,0,0
3,0,New,4,2329.113253,2330.573979,2330.207395,2330.638749,2357.367507,2357.603260,0.093417,0.121441,178.302675,232.645896,1293887,5504115,3600.000000,4,20,20,GUROBI,1,0,0,0,0,0,0,0,0,0,0
