instanceIndex,seedIndex,vpcGenerator,terms,lpBound,disjunctiveDualBound,lpBoundPostVpc,rootDualBound,dualBound,primalBound,vpcGenerationTime,rootDualBoundTime,bestSolutionTime,terminationTime,nodes,iterations,maxTime,actualTerms,numCuts,cutLimit,mipSolver,providePrimalBound,infeasibleTerms,feasibleToInfeasibleTerms,infeasibleToFeasibleTerms,termRemainsFeasibleBasisInfeasible,cutsChangedCoefficients,feasibleTermsPrunedByBound,tighten_disjunction,tighten_matrix_perturbation,tighten_infeasible_to_feasible_term,tighten_feasible_to_infeasible_basis
0,0,New,64,2327.842584,2333.137151,2332.951458,2333.000052,2361.218072,2361.454195,2.940563,2.982528,97.289121,453.412423,1807591,7051597,3600.000000,64,15,20,GUROBI,1,0,0,0,0,0,0,0,0,0,0
1,0,All,64,2329.041670,2332.831720,2332.038264,2332.420014,2363.257819,2363.494144,0.085801,0.126894,279.862013,451.703595,1673248,6956913,3600.000000,64,15,0,GUROBI,1,0,0,0,0,0,0,1,1,1,1
2,0,All,64,2322.112968,2325.447312,2323.221557,2324.091403,2352.250816,2352.486039,0.098785,0.136458,237.203777,316.682401,1133273,5053926,3600.000000,64,15,0,GUROBI,1,0,0,0,0,0,0,1,1,1,1
3,0,All,64,2332.731743,2336.334202,2334.331808,2334.896763,2364.218456,2364.454195,0.082440,0.127602,42.994301,291.167785,1192992,4823090,3600.000000,64,15,0,GUROBI,1,0,0,0,0,0,0,1,1,1,1
