instanceIndex,seedIndex,vpcGenerator,terms,lpBound,disjunctiveDualBound,lpBoundPostVpc,rootDualBound,dualBound,primalBound,vpcGenerationTime,rootDualBoundTime,bestSolutionTime,terminationTime,nodes,iterations,maxTime,actualTerms,numCuts,cutLimit,mipSolver,providePrimalBound,infeasibleTerms,feasibleToInfeasibleTerms,infeasibleToFeasibleTerms,termRemainsFeasibleBasisInfeasible,cutsChangedCoefficients,feasibleTermsPrunedByBound,tighten_disjunction,tighten_matrix_perturbation,tighten_infeasible_to_feasible_term,tighten_feasible_to_infeasible_basis
0,0,New,64,2327.842584,2333.137151,2332.951458,2333.000052,2361.218388,2361.454195,2.612711,2.651802,39.550456,481.405380,1808609,7661111,3600.000000,64,15,20,GUROBI,1,0,0,0,0,0,0,0,0,0,0
1,0,Farkas,64,2328.632375,2333.033548,2330.275273,2330.478797,2360.485406,2360.721229,0.083989,0.134960,137.182605,373.464062,1424241,6103079,3600.000000,64,15,0,GUROBI,1,0,0,0,43,15,0,0,0,0,0
2,0,Farkas,64,2331.248454,2334.996518,2333.698812,2333.705826,2361.915215,2362.151386,0.083476,0.122186,194.805614,408.092337,1415659,6248576,3600.000000,64,15,0,GUROBI,1,0,0,0,43,15,0,0,0,0,0
3,0,Farkas,64,2327.518039,2332.059501,2328.866808,2329.114204,2360.542621,2360.778687,0.081391,0.125400,92.174454,432.684574,1612263,6564455,3600.000000,64,15,0,GUROBI,1,0,0,0,36,15,0,0,0,0,0
