instanceIndex,seedIndex,vpcGenerator,terms,lpBound,disjunctiveDualBound,lpBoundPostVpc,rootDualBound,dualBound,primalBound,vpcGenerationTime,rootDualBoundTime,bestSolutionTime,terminationTime,nodes,iterations,maxTime,actualTerms,numCuts,cutLimit,mipSolver,providePrimalBound,infeasibleTerms,feasibleToInfeasibleTerms,infeasibleToFeasibleTerms,termRemainsFeasibleBasisInfeasible,cutsChangedCoefficients,feasibleTermsPrunedByBound,tighten_disjunction,tighten_matrix_perturbation,tighten_infeasible_to_feasible_term,tighten_feasible_to_infeasible_basis
0,0,New,64,-4632.298153,-4629.688960,-4629.739257,-4629.820010,-4607.140188,-4606.679610,2.280942,2.375530,131.043994,387.077090,1444182,5519822,3600.000000,88,17,17,GUROBI,1,75,0,0,0,0,0,0,0,0,0
1,0,All,64,-4635.281340,-4632.684076,-4633.469830,-4633.488567,-4611.777411,-4611.316382,0.347249,0.449581,68.748478,192.042445,672997,2939171,3600.000000,88,17,0,GUROBI,1,75,0,0,12,17,0,1,1,1,1
2,0,All,64,-4639.993366,-4639.993366,-4639.993366,-4639.704040,-4615.755377,-4615.293990,0.101299,0.205802,27.694340,188.017338,693942,2841698,3600.000000,88,17,0,GUROBI,1,75,0,0,13,17,0,1,1,1,1
3,0,All,64,-4634.624175,-4634.128763,-4634.569061,-4633.430805,-4607.140182,-4606.679610,0.343747,0.446859,24.299038,577.515628,1968501,8782803,3600.000000,88,17,0,GUROBI,1,75,0,0,12,17,0,1,1,1,1
