instanceIndex,seedIndex,vpcGenerator,terms,lpBound,disjunctiveDualBound,lpBoundPostVpc,rootDualBound,dualBound,primalBound,vpcGenerationTime,rootDualBoundTime,bestSolutionTime,terminationTime,nodes,iterations,maxTime,actualTerms,numCuts,cutLimit,mipSolver,providePrimalBound,infeasibleTerms,feasibleToInfeasibleTerms,infeasibleToFeasibleTerms,termRemainsFeasibleBasisInfeasible,cutsChangedCoefficients,feasibleTermsPrunedByBound,tighten_disjunction,tighten_matrix_perturbation,tighten_infeasible_to_feasible_term,tighten_feasible_to_infeasible_basis
0,0,New,64,2327.842584,2333.137151,2332.951458,2333.000052,2361.218052,2361.454195,3.026818,3.066473,47.079080,449.105925,1829605,7127899,3600.000000,64,15,20,GUROBI,1,0,0,0,0,0,0,0,0,0,0
1,0,Farkas,64,2332.377247,2333.800487,2332.377247,2333.484882,2361.219695,2361.455795,0.086147,0.132748,138.141274,221.560167,836031,3677646,3600.000000,64,15,0,GUROBI,1,0,0,0,64,0,0,0,0,0,0
2,0,Farkas,64,2333.926945,2336.824994,2333.926945,2335.519938,2366.753180,2366.989714,0.097304,0.141657,197.106401,345.630969,1369729,5882246,3600.000000,64,15,0,GUROBI,1,0,0,0,64,0,0,0,0,0,0
3,0,Farkas,64,2326.831859,2329.682240,2328.794501,2328.859756,2355.764965,2356.000400,0.091349,0.132135,68.345481,255.874482,1015759,4286603,3600.000000,64,15,0,GUROBI,1,0,0,0,60,0,0,0,0,0,0
