instanceIndex,seedIndex,vpcGenerator,terms,lpBound,disjunctiveDualBound,lpBoundPostVpc,rootDualBound,dualBound,primalBound,vpcGenerationTime,rootDualBoundTime,bestSolutionTime,terminationTime,nodes,iterations,maxTime,actualTerms,numCuts,cutLimit,mipSolver,providePrimalBound,infeasibleTerms,feasibleToInfeasibleTerms,infeasibleToFeasibleTerms,termRemainsFeasibleBasisInfeasible,cutsChangedCoefficients,feasibleTermsPrunedByBound,tighten_disjunction,tighten_matrix_perturbation,tighten_infeasible_to_feasible_term,tighten_feasible_to_infeasible_basis
0,0,New,4,2327.842584,2328.643181,2328.484863,2328.641073,2361.218108,2361.454195,0.898049,0.938852,83.361542,428.766645,1860381,7114331,3600.000000,4,15,20,GUROBI,1,0,0,0,0,0,0,0,0,0,0
1,0,New,4,2317.422744,2320.116996,2320.116996,2320.876692,2354.111031,2354.346405,0.090763,0.140381,31.284368,66.851966,282054,1166487,3600.000000,4,18,18,GUROBI,1,0,0,0,0,0,0,0,0,0,0
2,0,New,4,2357.414698,2359.712420,2359.674080,2360.091908,2390.011562,2390.250261,0.094697,0.140782,10.354505,75.901740,336999,1285890,3600.000000,4,17,17,GUROBI,1,0,0,0,0,0,0,0,0,0,0
3,0,New,4,2375.558161,2377.113071,2377.113071,2377.298385,2403.364700,2403.603875,0.103800,0.155977,2.070561,23.761760,96232,420843,3600.000000,4,17,17,GUROBI,1,0,0,0,0,0,0,0,0,0,0
