instanceIndex,seedIndex,vpcGenerator,terms,lpBound,disjunctiveDualBound,lpBoundPostVpc,rootDualBound,dualBound,primalBound,vpcGenerationTime,rootDualBoundTime,bestSolutionTime,terminationTime,nodes,iterations,maxTime,actualTerms,numCuts,cutLimit,mipSolver,providePrimalBound,infeasibleTerms,feasibleToInfeasibleTerms,infeasibleToFeasibleTerms,termRemainsFeasibleBasisInfeasible,cutsChangedCoefficients,feasibleTermsPrunedByBound,tighten_disjunction,tighten_matrix_perturbation,tighten_infeasible_to_feasible_term,tighten_feasible_to_infeasible_basis
0,0,None,64,-2608070.315743,-2608070.315743,-2608070.315743,-2608070.306588,-2608043.888783,-2607811.728600,0.000031,0.316710,1248.475586,3600.002931,2870998,23708925,3600.000000,0,0,0,GUROBI,1,0,0,0,0,0,0,0,0,0,0
1,0,None,64,-2713154.480669,-2713154.480669,-2713154.480669,-2675572.426744,-2675252.146239,-2675135.464100,0.000002,0.387074,63.873811,63.874053,29957,357099,3600.000000,0,0,0,GUROBI,1,0,0,0,0,0,0,0,0,0,0
2,0,None,64,-3551301.488188,-3551301.488188,-3551301.488188,-3232565.503691,-3226915.278500,-3226915.278500,0.000002,0.284495,0.547700,0.548389,346,2688,3600.000000,0,0,0,GUROBI,1,0,0,0,0,0,0,0,0,0,0
3,0,None,64,-2216561.121101,-2216561.121101,-2216561.121101,-2066456.841638,-2065594.038575,-2065414.402800,0.000002,0.267469,0.323107,0.330252,82,1029,3600.000000,0,0,0,GUROBI,1,0,0,0,0,0,0,0,0,0,0
