instanceIndex,seedIndex,vpcGenerator,terms,lpBound,disjunctiveDualBound,lpBoundPostVpc,rootDualBound,dualBound,primalBound,vpcGenerationTime,rootDualBoundTime,bestSolutionTime,terminationTime,nodes,iterations,maxTime,actualTerms,numCuts,cutLimit,mipSolver,providePrimalBound,infeasibleTerms,feasibleToInfeasibleTerms,infeasibleToFeasibleTerms,termRemainsFeasibleBasisInfeasible,cutsChangedCoefficients,feasibleTermsPrunedByBound,tighten_disjunction,tighten_matrix_perturbation,tighten_infeasible_to_feasible_term,tighten_feasible_to_infeasible_basis
0,0,New,4,-2608070.315743,-2608070.315092,-2608070.315347,-2608070.307296,-2608045.393369,-2607811.728600,1.791841,2.101019,3304.302783,3601.794307,4048816,32392217,3600.000000,4,17,17,GUROBI,1,0,0,0,0,0,0,0,0,0,0
1,0,All,4,-2209931.589671,-2209931.589671,-2209931.589671,-2209931.579336,-2209726.539700,-2209597.110300,0.058231,0.202824,223.839148,223.839454,186026,1860684,3600.000000,4,17,0,GUROBI,1,2,2,0,2,0,0,1,1,1,1
2,0,All,4,-2509302.008104,-2509302.008104,-2509302.008104,-2509297.403946,-2509274.344523,-2509022.339800,0.034727,0.295031,3600.037780,3600.038089,3083942,29152857,3600.000000,4,17,0,GUROBI,1,1,1,0,3,0,0,1,1,1,1
3,0,All,4,-2608929.852789,-2608929.852723,-2608929.852789,-2608929.847570,-2608906.602033,-2608681.494500,0.031670,0.319219,357.174963,3600.034403,5687226,35845490,3600.000000,4,17,0,GUROBI,1,0,0,0,4,0,0,1,1,1,1
