instanceIndex,seedIndex,vpcGenerator,terms,lpBound,disjunctiveDualBound,lpBoundPostVpc,rootDualBound,dualBound,primalBound,vpcGenerationTime,rootDualBoundTime,bestSolutionTime,terminationTime,nodes,iterations,maxTime,actualTerms,numCuts,cutLimit,mipSolver,providePrimalBound,infeasibleTerms,feasibleToInfeasibleTerms,infeasibleToFeasibleTerms,termRemainsFeasibleBasisInfeasible,cutsChangedCoefficients,feasibleTermsPrunedByBound,tighten_disjunction,tighten_matrix_perturbation,tighten_infeasible_to_feasible_term,tighten_feasible_to_infeasible_basis
0,0,None,4,-2608070.315743,-2608070.315743,-2608070.315743,-2608070.312169,-2608048.392861,-2607790.912400,0.000003,0.195869,2412.027860,3600.002614,4116653,30448989,3600.000000,0,0,0,GUROBI,1,0,0,0,0,0,0,0,0,0,0
1,0,None,4,-2621721.514118,-2621721.514118,-2621721.514118,-2621718.564035,-2621691.642690,-2621460.771100,0.000002,0.221651,2458.036801,3600.002532,4152581,30036504,3600.000000,0,0,0,GUROBI,1,0,0,0,0,0,0,0,0,0,0
2,0,None,4,-2615872.504124,-2615872.504124,-2615872.504124,-2615868.411173,-2615834.427392,-2615629.184300,0.000002,0.339649,1661.554573,3600.002634,4291357,30987557,3600.000000,0,0,0,GUROBI,1,0,0,0,0,0,0,0,0,0,0
3,0,None,4,-2611639.741144,-2611639.741144,-2611639.741144,-2611632.125817,-2611585.748626,-2611385.216300,0.000002,0.327519,3537.003771,3600.002521,3173044,28026299,3600.000000,0,0,0,GUROBI,1,0,0,0,0,0,0,0,0,0,0
