instanceIndex,seedIndex,vpcGenerator,terms,lpBound,disjunctiveDualBound,lpBoundPostVpc,rootDualBound,dualBound,primalBound,vpcGenerationTime,rootDualBoundTime,bestSolutionTime,terminationTime,nodes,iterations,maxTime,actualTerms,numCuts,cutLimit,mipSolver,providePrimalBound,infeasibleTerms,feasibleToInfeasibleTerms,infeasibleToFeasibleTerms,termRemainsFeasibleBasisInfeasible,cutsChangedCoefficients,feasibleTermsPrunedByBound,tighten_disjunction,tighten_matrix_perturbation,tighten_infeasible_to_feasible_term,tighten_feasible_to_infeasible_basis
0,0,New,4,4310.000000,4310.000000,4310.000000,4502.000000,7118.145371,7118.500000,0.307614,0.507828,60.704237,60.704334,30049,767648,3600.000000,4,10,66,GUROBI,1,0,0,0,0,0,0,0,0,0,0
1,0,New,4,4647.585057,4835.946489,4766.477674,10430.000000,10430.000000,10430.000000,1.102829,1.107546,1.102829,1.107810,1,27,3600.000000,45,6,70,GUROBI,1,40,0,0,0,0,0,0,0,0,0
2,0,New,4,4468.181139,4577.094942,4480.221113,8889.258845,9924.750000,9924.750000,0.985858,1.124618,1.147027,1.148184,41,753,3600.000000,49,4,67,GUROBI,1,47,0,0,0,0,0,0,0,0,0
3,0,New,4,4518.744129,4625.740392,4518.744129,10556.723140,10557.500000,10557.500000,0.579666,0.634130,0.579666,0.634540,1,117,3600.000000,41,1,65,GUROBI,1,39,0,0,0,0,0,0,0,0,0
