instanceIndex,seedIndex,vpcGenerator,terms,lpBound,disjunctiveDualBound,lpBoundPostVpc,rootDualBound,dualBound,primalBound,vpcGenerationTime,rootDualBoundTime,bestSolutionTime,terminationTime,nodes,iterations,maxTime,actualTerms,numCuts,cutLimit,mipSolver,providePrimalBound,infeasibleTerms,feasibleToInfeasibleTerms,infeasibleToFeasibleTerms,termRemainsFeasibleBasisInfeasible,cutsChangedCoefficients,feasibleTermsPrunedByBound,tighten_disjunction,tighten_matrix_perturbation,tighten_infeasible_to_feasible_term,tighten_feasible_to_infeasible_basis
0,0,New,4,4310.000000,4310.000000,4310.000000,4502.000000,7117.946081,7118.500000,0.465199,0.852075,79.924197,100.046003,31025,775848,3600.000000,4,10,66,GUROBI,1,0,0,0,0,0,0,0,0,0,0
1,0,All,4,4338.444444,4338.444444,4338.444444,4542.000000,7117.500000,7117.500000,0.013502,0.421992,85.748625,86.901582,64060,926800,3600.000000,4,10,0,GUROBI,1,0,0,0,4,0,0,1,1,1,1
2,0,All,4,4448.322581,4448.322581,4448.322581,5122.444444,7241.951613,7242.500000,0.015404,0.407191,42.739441,42.739918,16072,382310,3600.000000,4,10,0,GUROBI,1,0,0,0,4,0,0,1,1,1,1
3,0,All,4,4310.000000,4310.000000,4310.000000,4632.504762,6658.356413,6658.500000,0.014199,0.470937,32.107977,32.108088,16221,316556,3600.000000,4,10,0,GUROBI,1,0,0,0,4,0,0,1,1,1,1
