instanceIndex,seedIndex,vpcGenerator,terms,lpBound,disjunctiveDualBound,lpBoundPostVpc,rootDualBound,dualBound,primalBound,vpcGenerationTime,rootDualBoundTime,bestSolutionTime,terminationTime,nodes,iterations,maxTime,actualTerms,numCuts,cutLimit,mipSolver,providePrimalBound,infeasibleTerms,feasibleToInfeasibleTerms,infeasibleToFeasibleTerms,termRemainsFeasibleBasisInfeasible,cutsChangedCoefficients,feasibleTermsPrunedByBound,tighten_disjunction,tighten_matrix_perturbation,tighten_infeasible_to_feasible_term,tighten_feasible_to_infeasible_basis
0,0,None,4,4310.000000,4310.000000,4310.000000,4502.000000,7117.921429,7118.500000,0.000002,0.333660,65.620556,77.961932,31026,836547,3600.000000,0,0,0,GUROBI,1,0,0,0,0,0,0,0,0,0,0
1,0,None,4,3329.887097,3329.887097,3329.887097,3540.537014,6079.533408,6080.000000,0.000002,0.357124,65.003951,65.607208,52181,842215,3600.000000,0,0,0,GUROBI,1,0,0,0,0,0,0,0,0,0,0
2,0,None,4,4022.967742,4022.967742,4022.967742,4237.207098,6746.330645,6747.000000,0.000003,0.266178,49.963715,50.018201,42742,570728,3600.000000,0,0,0,GUROBI,1,0,0,0,0,0,0,0,0,0,0
3,0,None,4,3459.774194,3459.774194,3459.774194,3675.025312,6326.400922,6327.000000,0.000002,0.290540,69.236098,69.927950,51344,865820,3600.000000,0,0,0,GUROBI,1,0,0,0,0,0,0,0,0,0,0
