instanceIndex,seedIndex,vpcGenerator,terms,lpBound,disjunctiveDualBound,lpBoundPostVpc,rootDualBound,dualBound,primalBound,vpcGenerationTime,rootDualBoundTime,bestSolutionTime,terminationTime,nodes,iterations,maxTime,actualTerms,numCuts,cutLimit,mipSolver,providePrimalBound,infeasibleTerms,feasibleToInfeasibleTerms,infeasibleToFeasibleTerms,termRemainsFeasibleBasisInfeasible,cutsChangedCoefficients,feasibleTermsPrunedByBound,tighten_disjunction,tighten_matrix_perturbation,tighten_infeasible_to_feasible_term,tighten_feasible_to_infeasible_basis
0,0,None,64,12672.000000,12672.000000,12672.000000,13016.000000,19684.075083,19686.000000,0.000023,0.535419,577.205330,580.743934,106968,5006880,3600.000000,0,0,0,GUROBI,1,0,0,0,0,0,0,0,0,0,0
1,0,None,64,12792.501976,12792.501976,12792.501976,13287.281389,19773.097802,19775.000000,0.000002,0.456839,622.476588,622.476796,139448,5548731,3600.000000,0,0,0,GUROBI,1,0,0,0,0,0,0,0,0,0,0
2,0,None,64,13872.036522,13872.036522,13872.036522,14393.849303,21502.859725,21505.000000,0.000002,0.526305,1253.373438,1253.373653,163275,7585675,3600.000000,0,0,0,GUROBI,1,0,0,0,0,0,0,0,0,0,0
3,0,None,64,13618.000000,13618.000000,13618.000000,13963.968533,19602.152188,19604.000000,0.000002,0.593467,386.924669,570.077042,97515,4424801,3600.000000,0,0,0,GUROBI,1,0,0,0,0,0,0,0,0,0,0
