instanceIndex,seedIndex,vpcGenerator,terms,lpBound,disjunctiveDualBound,lpBoundPostVpc,rootDualBound,dualBound,primalBound,vpcGenerationTime,rootDualBoundTime,bestSolutionTime,terminationTime,nodes,iterations,maxTime,actualTerms,numCuts,cutLimit,mipSolver,providePrimalBound,infeasibleTerms,feasibleToInfeasibleTerms,infeasibleToFeasibleTerms,termRemainsFeasibleBasisInfeasible,cutsChangedCoefficients,feasibleTermsPrunedByBound,tighten_disjunction,tighten_matrix_perturbation,tighten_infeasible_to_feasible_term,tighten_feasible_to_infeasible_basis
0,0,New,64,4310.000000,4310.000000,4310.000000,4502.000000,7118.500000,7118.500000,10.898890,11.346643,96.736645,106.034131,30607,792216,3600.000000,64,66,66,GUROBI,1,41,0,0,0,0,0,0,0,0,0
1,0,Farkas,64,3329.887097,3332.177419,3329.887097,3538.482543,6079.430481,6080.000000,0.387906,0.837725,73.347410,81.995570,59185,888528,3600.000000,64,66,0,GUROBI,1,41,0,0,0,0,0,0,0,0,0
2,0,Farkas,64,4022.967742,4023.032258,4022.967742,4237.667846,6746.610753,6747.000000,0.400144,0.749160,63.310797,63.701589,48159,773883,3600.000000,64,66,0,GUROBI,1,41,0,0,0,0,0,0,0,0,0
3,0,Farkas,64,3459.774194,3459.967742,3459.774194,3668.810647,6326.575461,6327.000000,0.388008,0.988924,51.461714,74.274115,61083,957686,3600.000000,64,66,0,GUROBI,1,41,0,0,0,0,0,0,0,0,0
