instanceIndex,seedIndex,vpcGenerator,terms,lpBound,disjunctiveDualBound,lpBoundPostVpc,rootDualBound,dualBound,primalBound,vpcGenerationTime,rootDualBoundTime,bestSolutionTime,terminationTime,nodes,iterations,maxTime,actualTerms,numCuts,cutLimit,mipSolver,providePrimalBound,infeasibleTerms,feasibleToInfeasibleTerms,infeasibleToFeasibleTerms,termRemainsFeasibleBasisInfeasible,cutsChangedCoefficients,feasibleTermsPrunedByBound,tighten_disjunction,tighten_matrix_perturbation,tighten_infeasible_to_feasible_term,tighten_feasible_to_infeasible_basis
0,0,New,64,4310.000000,4310.000000,4310.000000,4502.000000,7117.939919,7118.500000,8.521383,8.735747,112.275039,138.558838,41212,1031467,3600.000000,64,66,66,GUROBI,1,41,0,0,0,0,0,0,0,0,0
1,0,New,64,4647.585057,4835.946489,4766.477674,10430.000000,10430.000000,10430.000000,1.699239,1.706152,1.699239,1.706516,1,19,3600.000000,73,4,70,GUROBI,1,64,0,0,0,0,0,0,0,0,0
2,0,New,64,4468.181139,5934.063014,4528.108327,8943.699300,9924.750000,9924.750000,1.263259,1.730378,1.811686,1.842286,34,660,3600.000000,70,2,67,GUROBI,1,64,0,0,0,0,0,0,0,0,0
3,0,New,64,4518.744129,4723.774960,4518.744129,10507.743243,10557.500000,10557.500000,1.045776,1.174330,1.174816,1.174889,2,103,3600.000000,66,1,65,GUROBI,1,57,0,0,0,0,0,0,0,0,0
