instanceIndex,seedIndex,vpcGenerator,terms,lpBound,disjunctiveDualBound,lpBoundPostVpc,rootDualBound,dualBound,primalBound,vpcGenerationTime,rootDualBoundTime,bestSolutionTime,terminationTime,nodes,iterations,maxTime,actualTerms,numCuts,cutLimit,mipSolver,providePrimalBound,infeasibleTerms,feasibleToInfeasibleTerms,infeasibleToFeasibleTerms,termRemainsFeasibleBasisInfeasible,cutsChangedCoefficients,feasibleTermsPrunedByBound,tighten_disjunction,tighten_matrix_perturbation,tighten_infeasible_to_feasible_term,tighten_feasible_to_infeasible_basis
0,0,None,4,12672.000000,12672.000000,12672.000000,13016.000000,19684.181297,19686.000000,0.000002,0.774909,365.376087,557.479203,116003,4968639,3600.000000,0,0,0,GUROBI,1,0,0,0,0,0,0,0,0,0,0
1,0,None,4,9764.309524,9764.309524,9764.309524,10184.003880,16886.859324,16888.500000,0.000002,0.554491,517.798233,631.965108,150624,5329021,3600.000000,0,0,0,GUROBI,1,0,0,0,0,0,0,0,0,0,0
2,0,None,4,7754.714286,7754.714286,7754.714286,8179.338204,14906.539910,14908.000000,0.000002,0.583162,883.984298,884.021791,175624,6904864,3600.000000,0,0,0,GUROBI,1,0,0,0,0,0,0,0,0,0,0
3,0,None,4,9452.904762,9452.904762,9452.904762,9883.114870,16470.417049,16472.000000,0.000002,0.501241,631.617371,746.675000,153717,5969414,3600.000000,0,0,0,GUROBI,1,0,0,0,0,0,0,0,0,0,0
