instanceIndex,seedIndex,vpcGenerator,terms,lpBound,disjunctiveDualBound,lpBoundPostVpc,rootDualBound,dualBound,primalBound,vpcGenerationTime,rootDualBoundTime,bestSolutionTime,terminationTime,nodes,iterations,maxTime,actualTerms,numCuts,cutLimit,mipSolver,providePrimalBound,infeasibleTerms,feasibleToInfeasibleTerms,infeasibleToFeasibleTerms,termRemainsFeasibleBasisInfeasible,cutsChangedCoefficients,feasibleTermsPrunedByBound,tighten_disjunction,tighten_matrix_perturbation,tighten_infeasible_to_feasible_term,tighten_feasible_to_infeasible_basis
0,0,None,4,20146.761297,20146.761297,20146.761297,20872.311111,21166.000000,21166.000000,0.000017,0.057233,0.000017,0.057388,1,210,3600.000000,0,0,0,GUROBI,1,0,0,0,0,0,0,0,0,0,0
1,0,None,4,19758.445976,19758.445976,19758.445976,20882.733333,21330.000000,21330.000000,0.000002,0.027758,0.103261,0.142827,517,1883,3600.000000,0,0,0,GUROBI,1,0,0,0,0,0,0,0,0,0,0
2,0,None,4,27513.370611,27513.370611,27513.370611,29463.164412,29489.000000,29489.000000,0.000003,0.015636,0.063397,0.064489,345,843,3600.000000,0,0,0,GUROBI,1,0,0,0,0,0,0,0,0,0,0
3,0,None,4,22273.813333,22273.813333,22273.813333,23623.000000,24322.000000,24322.000000,0.000002,0.029970,0.312903,0.452736,1390,6509,3600.000000,0,0,0,GUROBI,1,0,0,0,0,0,0,0,0,0,0
