instanceIndex,seedIndex,vpcGenerator,terms,lpBound,disjunctiveDualBound,lpBoundPostVpc,rootDualBound,dualBound,primalBound,vpcGenerationTime,rootDualBoundTime,bestSolutionTime,terminationTime,nodes,iterations,maxTime,actualTerms,numCuts,cutLimit,mipSolver,providePrimalBound,infeasibleTerms,feasibleToInfeasibleTerms,infeasibleToFeasibleTerms,termRemainsFeasibleBasisInfeasible,cutsChangedCoefficients,feasibleTermsPrunedByBound,tighten_disjunction,tighten_matrix_perturbation,tighten_infeasible_to_feasible_term,tighten_feasible_to_infeasible_basis
0,0,None,4,22640.366278,22640.366278,22640.366278,32135.940668,32906.881005,32906.880834,0.000002,2.509764,14.651415,14.660333,670,18469,3600.000000,0,0,0,GUROBI,1,0,0,0,0,0,0,0,0,0,0
1,0,None,4,16761.080027,16761.080027,16761.080027,22866.922526,23144.451526,23144.757573,0.000002,0.509518,1.142296,1.181892,195,887,3600.000000,0,0,0,GUROBI,1,0,0,0,0,0,0,0,0,0,0
2,0,None,4,16716.959066,16716.959066,16716.959066,25502.556192,25591.038908,25591.038720,0.000002,0.605856,1.142297,1.146989,147,893,3600.000000,0,0,0,GUROBI,1,0,0,0,0,0,0,0,0,0,0
3,0,None,4,12234.610741,12234.610741,12234.610741,16013.369688,16049.331484,16049.331334,0.000002,0.400478,0.556941,0.557438,53,348,3600.000000,0,0,0,GUROBI,1,0,0,0,0,0,0,0,0,0,0
