instanceIndex,seedIndex,vpcGenerator,terms,lpBound,disjunctiveDualBound,lpBoundPostVpc,rootDualBound,dualBound,primalBound,vpcGenerationTime,rootDualBoundTime,bestSolutionTime,terminationTime,nodes,iterations,maxTime,actualTerms,numCuts,cutLimit,mipSolver,providePrimalBound,infeasibleTerms,feasibleToInfeasibleTerms,infeasibleToFeasibleTerms,termRemainsFeasibleBasisInfeasible,cutsChangedCoefficients,feasibleTermsPrunedByBound,tighten_disjunction,tighten_matrix_perturbation,tighten_infeasible_to_feasible_term,tighten_feasible_to_infeasible_basis
0,0,None,64,3666028.211736,3666028.211736,3666028.211736,3673280.681685,3673280.681685,3673280.681685,0.000028,0.116548,0.000028,0.132340,1,705,3600.000000,0,0,0,GUROBI,1,0,0,0,0,0,0,0,0,0,0
1,0,None,64,3790290.073263,3790290.073263,3790290.073263,3796142.993865,3796142.993865,3796173.397643,0.000001,0.044418,0.000001,0.046726,1,575,3600.000000,0,0,0,GUROBI,1,0,0,0,0,0,0,0,0,0,0
2,0,None,64,3802302.202831,3802302.202831,3802302.202831,3809919.885286,3810051.965103,3810052.412129,0.000002,0.070472,0.000002,0.071931,1,602,3600.000000,0,0,0,GUROBI,1,0,0,0,0,0,0,0,0,0,0
3,0,None,64,3791098.709202,3791098.709202,3791098.709202,3801799.961684,3803213.787259,3803213.787259,0.000001,0.081884,0.083481,0.084310,1,650,3600.000000,0,0,0,GUROBI,1,0,0,0,0,0,0,0,0,0,0
