instanceIndex,seedIndex,vpcGenerator,terms,lpBound,disjunctiveDualBound,lpBoundPostVpc,rootDualBound,dualBound,primalBound,vpcGenerationTime,rootDualBoundTime,bestSolutionTime,terminationTime,nodes,iterations,maxTime,actualTerms,numCuts,cutLimit,mipSolver,providePrimalBound,infeasibleTerms,feasibleToInfeasibleTerms,infeasibleToFeasibleTerms,termRemainsFeasibleBasisInfeasible,cutsChangedCoefficients,feasibleTermsPrunedByBound,tighten_disjunction,tighten_matrix_perturbation,tighten_infeasible_to_feasible_term,tighten_feasible_to_infeasible_basis
0,0,None,4,3666028.211736,3666028.211736,3666028.211736,3673280.681685,3673280.681685,3673280.681685,0.000002,0.057790,0.000002,0.062168,1,705,3600.000000,0,0,0,GUROBI,1,0,0,0,0,0,0,0,0,0,0
1,0,None,4,2339445.965445,2339445.965445,2339445.965445,2356940.202678,2358624.003920,2358840.326831,0.000001,0.162842,2.402044,2.402721,1483,8769,3600.000000,0,0,0,GUROBI,1,0,0,0,0,0,0,0,0,0,0
2,0,None,4,2634253.670512,2634253.670512,2634253.670512,2645341.052962,2647458.669719,2647617.210413,0.000002,0.192982,0.637238,0.637425,396,2735,3600.000000,0,0,0,GUROBI,1,0,0,0,0,0,0,0,0,0,0
3,0,None,4,1018644.124753,1018644.124753,1018644.124753,1031504.725781,1032543.300346,1032626.007415,0.000002,0.125287,0.224943,0.225104,203,714,3600.000000,0,0,0,GUROBI,1,0,0,0,0,0,0,0,0,0,0
