instanceIndex,seedIndex,vpcGenerator,terms,lpBound,disjunctiveDualBound,lpBoundPostVpc,rootDualBound,dualBound,primalBound,vpcGenerationTime,rootDualBoundTime,bestSolutionTime,terminationTime,nodes,iterations,maxTime,actualTerms,numCuts,cutLimit,mipSolver,providePrimalBound,infeasibleTerms,feasibleToInfeasibleTerms,infeasibleToFeasibleTerms,termRemainsFeasibleBasisInfeasible,cutsChangedCoefficients,feasibleTermsPrunedByBound,tighten_disjunction,tighten_matrix_perturbation,tighten_infeasible_to_feasible_term,tighten_feasible_to_infeasible_basis
0,0,New,4,3666028.211736,3666030.091606,3666029.531667,3673280.681685,3673280.681685,3673280.681685,3.255832,3.315491,3.255832,3.326707,1,705,3600.000000,4,35,254,GUROBI,1,0,0,0,0,0,0,0,0,0,0
1,0,Farkas,4,878781.497738,878781.497738,878781.497738,891556.834067,892751.778953,892804.574824,0.149078,0.286545,0.355758,0.356349,120,619,3600.000000,4,35,0,GUROBI,1,3,3,0,1,33,0,0,0,0,0
2,0,Farkas,4,-47025.282758,-47025.282758,-47025.282758,-33781.510428,-32679.146610,-32677.164282,0.176289,0.272394,0.421788,0.421977,630,1613,3600.000000,4,35,0,GUROBI,1,3,3,0,1,33,0,0,0,0,0
3,0,Farkas,4,359850.059758,359850.059758,359850.059758,379504.564808,380457.107419,380478.285249,0.180817,0.293545,0.323145,0.323311,74,308,3600.000000,4,35,0,GUROBI,1,3,3,0,1,33,0,0,0,0,0
