instanceIndex,seedIndex,vpcGenerator,terms,lpBound,disjunctiveDualBound,lpBoundPostVpc,rootDualBound,dualBound,primalBound,vpcGenerationTime,rootDualBoundTime,bestSolutionTime,terminationTime,nodes,iterations,maxTime,actualTerms,numCuts,cutLimit,mipSolver,providePrimalBound,infeasibleTerms,feasibleToInfeasibleTerms,infeasibleToFeasibleTerms,termRemainsFeasibleBasisInfeasible,cutsChangedCoefficients,feasibleTermsPrunedByBound,tighten_disjunction,tighten_matrix_perturbation,tighten_infeasible_to_feasible_term,tighten_feasible_to_infeasible_basis
0,0,New,64,3666028.211736,3666032.674298,3666032.674298,3673280.681685,3673280.681685,3673280.681685,39.224775,39.285632,39.224775,39.317620,1,705,3600.000000,77,110,254,GUROBI,1,66,0,0,0,0,0,0,0,0,0
1,0,Farkas,64,3666121.009518,3666136.993303,3666130.736807,3673409.681685,3673409.681685,3673409.681685,0.748272,0.904628,0.748272,0.968684,1,703,3600.000000,77,110,0,GUROBI,1,66,0,0,0,0,0,0,0,0,0
2,0,Farkas,64,3666245.646842,3666245.646842,3666245.646842,3673424.288861,3673424.288861,3673424.288861,0.737108,0.805812,0.737108,0.839965,1,752,3600.000000,77,110,0,GUROBI,1,66,0,0,0,0,0,0,0,0,0
3,0,Farkas,64,3666220.402454,3666221.313875,3666220.884845,3673360.760589,3673360.760589,3673360.760589,0.715829,0.782871,0.715829,0.818434,1,729,3600.000000,77,110,0,GUROBI,1,66,0,0,0,0,0,0,0,0,0
