instanceIndex,seedIndex,vpcGenerator,terms,lpBound,disjunctiveDualBound,lpBoundPostVpc,rootDualBound,dualBound,primalBound,vpcGenerationTime,rootDualBoundTime,bestSolutionTime,terminationTime,nodes,iterations,maxTime,actualTerms,numCuts,cutLimit,mipSolver,providePrimalBound,infeasibleTerms,feasibleToInfeasibleTerms,infeasibleToFeasibleTerms,termRemainsFeasibleBasisInfeasible,cutsChangedCoefficients,feasibleTermsPrunedByBound,tighten_disjunction,tighten_matrix_perturbation,tighten_infeasible_to_feasible_term,tighten_feasible_to_infeasible_basis
0,0,New,4,3666028.211736,3666030.091606,3666029.531667,3673280.681685,3673280.681685,3673280.681685,3.025646,3.087516,3.025646,3.098971,1,705,3600.000000,4,35,254,GUROBI,1,0,0,0,0,0,0,0,0,0,0
1,0,All,4,3666121.009518,3666127.515697,3666126.089061,3673409.681685,3673409.681685,3673409.681685,0.033973,0.094909,0.033973,0.105898,1,703,3600.000000,4,35,0,GUROBI,1,0,0,0,0,0,0,1,1,1,1
2,0,All,4,3666245.646842,3666245.646842,3666245.646842,3673424.288861,3673424.288861,3673424.288861,0.036024,0.105323,0.036024,0.117892,1,752,3600.000000,4,35,0,GUROBI,1,0,0,0,0,0,0,1,1,1,1
3,0,All,4,3666220.402454,3666220.402454,3666220.402454,3673360.760589,3673360.760589,3673360.760589,0.035706,0.100466,0.035706,0.112311,1,729,3600.000000,4,35,0,GUROBI,1,0,0,0,0,0,0,1,1,1,1
