instanceIndex,seedIndex,vpcGenerator,terms,lpBound,disjunctiveDualBound,lpBoundPostVpc,rootDualBound,dualBound,primalBound,vpcGenerationTime,rootDualBoundTime,bestSolutionTime,terminationTime,nodes,iterations,maxTime,actualTerms,numCuts,cutLimit,mipSolver,providePrimalBound,infeasibleTerms,feasibleToInfeasibleTerms,infeasibleToFeasibleTerms,termRemainsFeasibleBasisInfeasible,cutsChangedCoefficients,feasibleTermsPrunedByBound,tighten_disjunction,tighten_matrix_perturbation,tighten_infeasible_to_feasible_term,tighten_feasible_to_infeasible_basis
0,0,New,64,3868.000000,3868.000000,3868.000000,3906.711101,3937.481326,3942.000000,4.266756,4.940526,789.048819,3604.268712,500826,18997846,3600.000000,65,2,293,GUROBI,1,14,0,0,0,0,0,0,0,0,0
1,0,New,64,2602.516592,2657.683259,2653.699925,3326.704421,3461.671496,3462.000000,3.739685,4.279564,41.663345,51.198190,10391,336080,3600.000000,64,3,299,GUROBI,1,5,0,0,0,0,0,0,0,0,0
2,0,New,64,2362.438333,2375.566111,2372.071667,2917.468566,3233.678949,3234.000000,5.525500,6.254074,149.219369,160.007225,28348,1429426,3600.000000,65,5,289,GUROBI,1,7,0,0,0,0,0,0,0,0,0
3,0,New,64,3191.726667,3217.826667,3210.643333,3469.266109,3607.661301,3608.000000,5.086474,5.692904,34.206147,39.898150,7552,347290,3600.000000,64,3,282,GUROBI,1,11,0,0,0,0,0,0,0,0,0
