instanceIndex,seedIndex,vpcGenerator,terms,lpBound,disjunctiveDualBound,lpBoundPostVpc,rootDualBound,dualBound,primalBound,vpcGenerationTime,rootDualBoundTime,bestSolutionTime,terminationTime,nodes,iterations,maxTime,actualTerms,numCuts,cutLimit,mipSolver,providePrimalBound,infeasibleTerms,feasibleToInfeasibleTerms,infeasibleToFeasibleTerms,termRemainsFeasibleBasisInfeasible,cutsChangedCoefficients,feasibleTermsPrunedByBound,tighten_disjunction,tighten_matrix_perturbation,tighten_infeasible_to_feasible_term,tighten_feasible_to_infeasible_basis
0,0,New,64,3892.000000,3892.000000,3892.000000,3934.488140,3941.690764,3942.000000,2.216229,2.417935,5.620236,7.880334,3095,71080,3600.000000,64,3,119,GUROBI,1,0,0,0,0,0,0,0,0,0,0
1,0,New,64,3893.000000,3893.000000,3893.000000,3933.712957,3938.791667,3939.000000,1.564521,1.697315,4.401698,5.131302,2137,50630,3600.000000,64,3,119,GUROBI,1,1,0,0,0,0,0,0,0,0,0
2,0,New,64,3892.000000,3892.000000,3892.000000,3931.864573,3939.610212,3940.000000,2.059996,2.196987,7.107599,7.111613,4710,74543,3600.000000,64,6,117,GUROBI,1,6,0,0,0,0,0,0,0,0,0
3,0,New,64,3895.000000,3895.000000,3895.000000,3933.333333,3937.700612,3938.000000,1.757506,1.984137,4.140481,4.654375,3145,41028,3600.000000,64,2,121,GUROBI,1,0,0,0,0,0,0,0,0,0,0
