instanceIndex,seedIndex,vpcGenerator,terms,lpBound,disjunctiveDualBound,lpBoundPostVpc,rootDualBound,dualBound,primalBound,vpcGenerationTime,rootDualBoundTime,bestSolutionTime,terminationTime,nodes,iterations,maxTime,actualTerms,numCuts,cutLimit,mipSolver,providePrimalBound,infeasibleTerms,feasibleToInfeasibleTerms,infeasibleToFeasibleTerms,termRemainsFeasibleBasisInfeasible,cutsChangedCoefficients,feasibleTermsPrunedByBound,tighten_disjunction,tighten_matrix_perturbation,tighten_infeasible_to_feasible_term,tighten_feasible_to_infeasible_basis
0,0,None,4,6302.000000,6302.000000,6302.000000,6357.614035,6374.364081,6375.000000,0.000003,1.421949,325.737355,376.920235,48669,1465657,3600.000000,0,0,0,GUROBI,1,0,0,0,0,0,0,0,0,0,0
1,0,None,4,6343.000000,6343.000000,6343.000000,6405.091118,6428.515324,6437.333333,0.000002,1.336998,3015.758597,3600.004163,519314,14178768,3600.000000,0,0,0,GUROBI,1,0,0,0,0,0,0,0,0,0,0
2,0,None,4,6347.000000,6347.000000,6347.000000,6395.000000,6413.642527,6424.000000,0.000002,1.365840,3572.762348,3600.006753,611397,12841692,3600.000000,0,0,0,GUROBI,1,0,0,0,0,0,0,0,0,0,0
3,0,None,4,6319.000000,6319.000000,6319.000000,6377.865963,6402.859903,6403.500000,0.000002,1.759287,2098.259738,2651.230204,360427,7712079,3600.000000,0,0,0,GUROBI,1,0,0,0,0,0,0,0,0,0,0
