instanceIndex,seedIndex,vpcGenerator,terms,lpBound,disjunctiveDualBound,lpBoundPostVpc,rootDualBound,dualBound,primalBound,vpcGenerationTime,rootDualBoundTime,bestSolutionTime,terminationTime,nodes,iterations,maxTime,actualTerms,numCuts,cutLimit,mipSolver,providePrimalBound,infeasibleTerms,feasibleToInfeasibleTerms,infeasibleToFeasibleTerms,termRemainsFeasibleBasisInfeasible,cutsChangedCoefficients,feasibleTermsPrunedByBound,tighten_disjunction,tighten_matrix_perturbation,tighten_infeasible_to_feasible_term,tighten_feasible_to_infeasible_basis
0,0,None,4,6302.000000,6302.000000,6302.000000,6356.171015,6374.362712,6375.000000,0.000002,1.410747,350.597187,569.835048,75179,2336765,3600.000000,0,0,0,GUROBI,1,0,0,0,0,0,0,0,0,0,0
1,0,None,4,6308.000000,6308.000000,6308.000000,6349.076923,6373.200000,6383.000000,0.000002,1.201464,896.945105,3600.014419,480709,12060162,3600.000000,0,0,0,GUROBI,1,0,0,0,0,0,0,0,0,0,0
2,0,None,4,6345.000000,6345.000000,6345.000000,6381.769231,6395.843833,6403.000000,0.000001,1.150796,2103.299201,3600.004874,625873,12460320,3600.000000,0,0,0,GUROBI,1,0,0,0,0,0,0,0,0,0,0
3,0,None,4,6335.000000,6335.000000,6335.000000,6363.000000,6385.362021,6386.000000,0.000002,1.093338,3163.102677,3429.193827,549488,12147939,3600.000000,0,0,0,GUROBI,1,0,0,0,0,0,0,0,0,0,0
