instanceIndex,seedIndex,vpcGenerator,terms,lpBound,disjunctiveDualBound,lpBoundPostVpc,rootDualBound,dualBound,primalBound,vpcGenerationTime,rootDualBoundTime,bestSolutionTime,terminationTime,nodes,iterations,maxTime,actualTerms,numCuts,cutLimit,mipSolver,providePrimalBound,infeasibleTerms,feasibleToInfeasibleTerms,infeasibleToFeasibleTerms,termRemainsFeasibleBasisInfeasible,cutsChangedCoefficients,feasibleTermsPrunedByBound,tighten_disjunction,tighten_matrix_perturbation,tighten_infeasible_to_feasible_term,tighten_feasible_to_infeasible_basis
0,0,New,64,6302.000000,6302.000000,6302.000000,6356.870483,6374.363889,6375.000000,15.255016,16.936961,429.575083,586.452036,84605,2173271,3600.000000,65,4,668,GUROBI,1,4,0,0,0,0,0,0,0,0,0
1,0,Farkas,64,6301.000000,6301.000000,6301.000000,6355.996950,6373.365079,6374.000000,0.672933,2.314741,343.661347,394.638048,57019,1404353,3600.000000,65,4,0,GUROBI,1,4,0,0,0,0,0,0,0,0,0
2,0,Farkas,64,6299.500000,6299.500000,6299.500000,6354.594312,6372.363636,6373.000000,0.722720,2.442871,747.445032,905.593159,133008,3529172,3600.000000,65,4,0,GUROBI,1,4,0,0,0,0,0,0,0,0,0
3,0,Farkas,64,6307.000000,6307.000000,6307.000000,6362.638132,6383.950000,6384.000000,0.570921,2.174144,279.380641,287.736657,34531,865306,3600.000000,65,4,0,GUROBI,1,4,0,0,0,0,0,0,0,0,0
