instanceIndex,seedIndex,vpcGenerator,terms,lpBound,disjunctiveDualBound,lpBoundPostVpc,rootDualBound,dualBound,primalBound,vpcGenerationTime,rootDualBoundTime,bestSolutionTime,terminationTime,nodes,iterations,maxTime,actualTerms,numCuts,cutLimit,mipSolver,providePrimalBound,infeasibleTerms,feasibleToInfeasibleTerms,infeasibleToFeasibleTerms,termRemainsFeasibleBasisInfeasible,cutsChangedCoefficients,feasibleTermsPrunedByBound,tighten_disjunction,tighten_matrix_perturbation,tighten_infeasible_to_feasible_term,tighten_feasible_to_infeasible_basis
0,0,New,64,3320.771000,5011.751000,4728.538449,9978.747841,11391.911442,11393.000000,3.058825,3.365971,88.319635,213.911425,73312,3412841,3600.000000,64,15,15,GUROBI,1,0,0,0,0,0,0,0,0,0,0
1,0,Farkas,64,2562.107390,2697.038241,2562.107390,5388.882725,6029.866282,6029.888889,0.132516,0.307020,3.325582,3.325667,789,17382,3600.000000,64,15,0,GUROBI,1,0,0,0,64,15,0,0,0,0,0
2,0,Farkas,64,1648.034345,2379.091547,1648.034345,4264.788367,4292.822222,4292.822222,0.135591,0.167493,0.135591,0.168385,1,189,3600.000000,64,15,0,GUROBI,1,0,0,0,64,15,0,0,0,0,0
3,0,Farkas,64,2488.839980,3035.438969,2488.839980,6128.887692,6375.500000,6375.500000,0.104298,0.208073,0.236866,0.243354,27,1188,3600.000000,64,15,0,GUROBI,1,0,0,0,64,15,0,0,0,0,0
