instanceIndex,seedIndex,vpcGenerator,terms,lpBound,disjunctiveDualBound,lpBoundPostVpc,rootDualBound,dualBound,primalBound,vpcGenerationTime,rootDualBoundTime,bestSolutionTime,terminationTime,nodes,iterations,maxTime,actualTerms,numCuts,cutLimit,mipSolver,providePrimalBound,infeasibleTerms,feasibleToInfeasibleTerms,infeasibleToFeasibleTerms,termRemainsFeasibleBasisInfeasible,cutsChangedCoefficients,feasibleTermsPrunedByBound,tighten_disjunction,tighten_matrix_perturbation,tighten_infeasible_to_feasible_term,tighten_feasible_to_infeasible_basis
0,0,New,64,3320.771000,5011.751000,4728.538449,9942.683247,11392.101028,11393.000000,5.626330,5.965282,401.393505,401.393735,68678,2602777,3600.000000,64,15,15,GUROBI,1,0,0,0,0,0,0,0,0,0,0
1,0,All,64,2562.107390,2697.038241,2562.107390,5418.310200,6029.563556,6029.888889,0.208313,0.555243,1.743103,2.071214,982,18063,3600.000000,64,15,0,GUROBI,1,0,0,0,64,15,0,1,1,1,1
2,0,All,64,1648.034345,2379.091547,1648.034345,4292.154466,4292.822222,4292.822222,0.208774,0.296168,0.208774,0.301040,3,210,3600.000000,64,15,0,GUROBI,1,0,0,0,64,15,0,1,1,1,1
3,0,All,64,2488.839980,3035.438969,2488.839980,6219.875254,6375.500000,6375.500000,0.195800,0.393578,0.588709,0.590398,144,2471,3600.000000,64,15,0,GUROBI,1,0,0,0,64,15,0,1,1,1,1
