instanceIndex,seedIndex,vpcGenerator,terms,lpBound,disjunctiveDualBound,lpBoundPostVpc,rootDualBound,dualBound,primalBound,vpcGenerationTime,rootDualBoundTime,bestSolutionTime,terminationTime,nodes,iterations,maxTime,actualTerms,numCuts,cutLimit,mipSolver,providePrimalBound,infeasibleTerms,feasibleToInfeasibleTerms,infeasibleToFeasibleTerms,termRemainsFeasibleBasisInfeasible,cutsChangedCoefficients,feasibleTermsPrunedByBound,tighten_disjunction,tighten_matrix_perturbation,tighten_infeasible_to_feasible_term,tighten_feasible_to_infeasible_basis
0,0,New,4,3320.771000,3939.428000,3891.698182,9959.903880,11391.875040,11393.000000,1.581321,1.966261,399.852072,399.852248,69275,2650299,3600.000000,4,14,15,GUROBI,1,0,0,0,0,0,0,0,0,0,0
1,0,All,4,3341.547000,3958.755000,3911.333640,22262.624584,22317.000000,22317.000000,0.012762,0.373771,0.422223,0.427481,30,1987,3600.000000,4,14,0,GUROBI,1,0,0,0,4,0,0,1,1,1,1
2,0,All,4,3354.734000,4225.972000,3922.019769,37909.342798,37942.000000,37942.000000,0.011968,0.155485,0.159553,0.161435,9,479,3600.000000,4,14,0,GUROBI,1,2,2,0,2,0,0,1,1,1,1
3,0,All,4,3339.914000,4209.111000,3907.114471,30873.144384,30976.000000,30976.000000,0.011836,0.183383,0.219293,0.222149,26,799,3600.000000,4,14,0,GUROBI,1,2,2,0,2,0,0,1,1,1,1
