instanceIndex,seedIndex,vpcGenerator,terms,lpBound,disjunctiveDualBound,lpBoundPostVpc,rootDualBound,dualBound,primalBound,vpcGenerationTime,rootDualBoundTime,bestSolutionTime,terminationTime,nodes,iterations,maxTime,actualTerms,numCuts,cutLimit,mipSolver,providePrimalBound,infeasibleTerms,feasibleToInfeasibleTerms,infeasibleToFeasibleTerms,termRemainsFeasibleBasisInfeasible,cutsChangedCoefficients,feasibleTermsPrunedByBound,tighten_disjunction,tighten_matrix_perturbation,tighten_infeasible_to_feasible_term,tighten_feasible_to_infeasible_basis
0,0,New,64,95919464.000000,102291675.000000,99328762.662651,106929683.664870,106940226.000000,106940226.000000,7.836255,7.943054,7.947755,7.948637,7,360,3600.000000,64,3,19,GUROBI,1,0,0,0,0,0,0,0,0,0,0
1,0,All,64,28190928.834598,28190928.834598,28190928.834598,28885703.648503,28887283.561749,28887283.561749,0.840962,0.873413,0.840962,0.874448,1,120,3600.000000,64,3,0,GUROBI,1,0,0,0,64,3,0,1,1,1,1
2,0,All,64,65041470.240984,66140593.133065,65041470.240984,67164864.781669,67186680.705517,67186942.647265,0.827928,0.917075,0.827928,0.918113,2,221,3600.000000,64,3,0,GUROBI,1,0,0,0,64,3,0,1,1,1,1
3,0,All,64,47996002.898844,48612791.692689,47996002.898844,48770479.265047,48776507.647061,48776507.647061,0.675878,0.710084,0.675878,0.710678,1,107,3600.000000,64,3,0,GUROBI,1,0,0,0,64,3,0,1,1,1,1
