instanceIndex,seedIndex,vpcGenerator,terms,lpBound,disjunctiveDualBound,lpBoundPostVpc,rootDualBound,dualBound,primalBound,vpcGenerationTime,rootDualBoundTime,bestSolutionTime,terminationTime,nodes,iterations,maxTime,actualTerms,numCuts,cutLimit,mipSolver,providePrimalBound,infeasibleTerms,feasibleToInfeasibleTerms,infeasibleToFeasibleTerms,termRemainsFeasibleBasisInfeasible,cutsChangedCoefficients,feasibleTermsPrunedByBound,tighten_disjunction,tighten_matrix_perturbation,tighten_infeasible_to_feasible_term,tighten_feasible_to_infeasible_basis
0,0,New,64,95919464.000000,102291675.000000,99328762.662651,106929683.664870,106940226.000000,106940226.000000,7.574266,7.677434,7.682358,7.683295,7,359,3600.000000,64,3,19,GUROBI,1,0,0,0,0,0,0,0,0,0,0
1,0,All,64,95928429.000000,103170604.000000,99329615.236745,110329739.870808,110412905.429269,110413009.000000,0.178997,0.234779,0.178997,0.235617,2,145,3600.000000,64,3,0,GUROBI,1,61,61,0,3,0,0,1,1,1,1
2,0,All,64,95989967.000000,103778582.000000,99389354.637239,116168255.224119,116267105.000000,116267105.000000,0.152718,0.210091,0.152718,0.211431,3,158,3600.000000,64,3,0,GUROBI,1,62,62,0,2,0,0,1,1,1,1
3,0,All,64,95951478.000000,103013280.000000,99342459.583445,113124044.176344,113129305.028590,113130188.000000,0.145795,0.217095,0.145795,0.218270,1,150,3600.000000,64,3,0,GUROBI,1,48,48,0,16,0,0,1,1,1,1
