instanceIndex,seedIndex,vpcGenerator,terms,lpBound,disjunctiveDualBound,lpBoundPostVpc,rootDualBound,dualBound,primalBound,vpcGenerationTime,rootDualBoundTime,bestSolutionTime,terminationTime,nodes,iterations,maxTime,actualTerms,numCuts,cutLimit,mipSolver,providePrimalBound,infeasibleTerms,feasibleToInfeasibleTerms,infeasibleToFeasibleTerms,termRemainsFeasibleBasisInfeasible,cutsChangedCoefficients,feasibleTermsPrunedByBound,tighten_disjunction,tighten_matrix_perturbation,tighten_infeasible_to_feasible_term,tighten_feasible_to_infeasible_basis
0,0,New,64,95919464.000000,102291675.000000,99328762.662651,106929683.664870,106940226.000000,106940226.000000,10.899788,11.030332,11.036583,11.037591,7,359,3600.000000,64,3,19,GUROBI,1,0,0,0,0,0,0,0,0,0,0
1,0,All,64,88146184.949734,89104902.603206,88174707.284704,96101068.593384,96569558.043478,96569558.043478,0.330949,0.481016,0.532846,0.543053,49,898,3600.000000,64,3,0,GUROBI,1,0,0,0,64,3,0,1,1,1,1
2,0,All,64,89280963.096908,92303204.625573,89663869.905382,94749179.775063,94796726.911216,94801096.151515,0.321862,0.442841,0.447672,0.449832,4,341,3600.000000,64,3,0,GUROBI,1,0,0,0,64,3,0,1,1,1,1
3,0,All,64,92766559.498244,94006689.829099,93085380.276022,99518152.759118,99530311.416667,99530311.416667,0.366129,0.539978,0.547938,0.548952,6,541,3600.000000,64,3,0,GUROBI,1,0,0,0,64,3,0,1,1,1,1
