instanceIndex,seedIndex,vpcGenerator,terms,lpBound,disjunctiveDualBound,lpBoundPostVpc,rootDualBound,dualBound,primalBound,vpcGenerationTime,rootDualBoundTime,bestSolutionTime,terminationTime,nodes,iterations,maxTime,actualTerms,numCuts,cutLimit,mipSolver,providePrimalBound,infeasibleTerms,feasibleToInfeasibleTerms,infeasibleToFeasibleTerms,termRemainsFeasibleBasisInfeasible,cutsChangedCoefficients,feasibleTermsPrunedByBound,tighten_disjunction,tighten_matrix_perturbation,tighten_infeasible_to_feasible_term,tighten_feasible_to_infeasible_basis
0,0,New,4,95919464.000000,97834834.000000,97308834.000000,106930063.482196,106940226.000000,106940226.000000,0.878790,1.013828,1.020636,1.021605,6,344,3600.000000,4,14,19,GUROBI,1,0,0,0,0,0,0,0,0,0,0
1,0,All,4,95928429.000000,97842238.000000,97316422.026000,110330194.258144,110413009.000000,110413009.000000,0.015391,0.095412,0.096336,0.097247,2,148,3600.000000,4,14,0,GUROBI,1,3,3,0,1,0,0,1,1,1,1
2,0,All,4,95989967.000000,97903007.000000,97375111.044623,116166179.487582,116267105.000000,116267105.000000,0.017233,0.084977,0.017233,0.087038,3,158,3600.000000,4,14,0,GUROBI,1,3,3,0,1,0,0,1,1,1,1
3,0,All,4,95951478.000000,97870376.000000,97336466.156180,113124044.176344,113129305.028590,113130188.000000,0.017244,0.107670,0.017244,0.108902,1,150,3600.000000,4,14,0,GUROBI,1,1,1,0,3,0,0,1,1,1,1
