instanceIndex,seedIndex,vpcGenerator,terms,lpBound,disjunctiveDualBound,lpBoundPostVpc,rootDualBound,dualBound,primalBound,vpcGenerationTime,rootDualBoundTime,bestSolutionTime,terminationTime,nodes,iterations,maxTime,actualTerms,numCuts,cutLimit,mipSolver,providePrimalBound,infeasibleTerms,feasibleToInfeasibleTerms,infeasibleToFeasibleTerms,termRemainsFeasibleBasisInfeasible,cutsChangedCoefficients,feasibleTermsPrunedByBound,tighten_disjunction,tighten_matrix_perturbation,tighten_infeasible_to_feasible_term,tighten_feasible_to_infeasible_basis
0,0,None,4,95919464.000000,95919464.000000,95919464.000000,106929683.664870,106940226.000000,106940226.000000,0.000007,0.110442,0.114915,0.116014,7,358,3600.000000,0,0,0,GUROBI,1,0,0,0,0,0,0,0,0,0,0
1,0,None,4,95913196.174000,95913196.174000,95913196.174000,106921742.966522,106925083.129458,106932585.000000,0.000003,0.114831,0.120335,0.121210,6,377,3600.000000,0,0,0,GUROBI,1,0,0,0,0,0,0,0,0,0,0
2,0,None,4,95866862.371400,95866862.371400,95866862.371400,106866051.088693,106872068.000000,106872068.000000,0.000002,0.120488,0.127367,0.128232,6,392,3600.000000,0,0,0,GUROBI,1,0,0,0,0,0,0,0,0,0,0
3,0,None,4,95937224.579800,95937224.579800,95937224.579800,106941629.791924,106951839.000000,106951839.000000,0.000002,0.104709,0.000002,0.108387,5,323,3600.000000,0,0,0,GUROBI,1,0,0,0,0,0,0,0,0,0,0
