instanceIndex,seedIndex,vpcGenerator,terms,lpBound,disjunctiveDualBound,lpBoundPostVpc,rootDualBound,dualBound,primalBound,vpcGenerationTime,rootDualBoundTime,bestSolutionTime,terminationTime,nodes,iterations,maxTime,actualTerms,numCuts,cutLimit,mipSolver,providePrimalBound,infeasibleTerms,feasibleToInfeasibleTerms,infeasibleToFeasibleTerms,termRemainsFeasibleBasisInfeasible,cutsChangedCoefficients,feasibleTermsPrunedByBound,tighten_disjunction,tighten_matrix_perturbation,tighten_infeasible_to_feasible_term,tighten_feasible_to_infeasible_basis
0,0,None,64,38893.903641,38893.903641,38893.903641,39029.457292,40001.056456,40005.053810,0.000009,0.124713,1.469917,54.573498,365650,1875716,3600.000000,0,0,0,GUROBI,1,0,0,0,0,0,0,0,0,0,0
1,0,None,64,51687.948536,51687.948536,51687.948536,51793.169643,52660.858108,52666.123829,0.000001,0.114810,10.511278,92.564213,573196,3108421,3600.000000,0,0,0,GUROBI,1,0,0,0,0,0,0,0,0,0,0
2,0,None,64,38893.724324,38893.724324,38893.724324,39028.677338,40001.061337,40005.053810,0.000002,0.110876,20.074307,51.025773,314805,1620338,3600.000000,0,0,0,GUROBI,1,0,0,0,0,0,0,0,0,0,0
3,0,None,64,45253.054950,45253.054950,45253.054950,45366.837135,46316.699739,46321.323010,0.000003,0.136728,23.989157,69.542344,485401,2410870,3600.000000,0,0,0,GUROBI,1,0,0,0,0,0,0,0,0,0,0
