instanceIndex,seedIndex,vpcGenerator,terms,lpBound,disjunctiveDualBound,lpBoundPostVpc,rootDualBound,dualBound,primalBound,vpcGenerationTime,rootDualBoundTime,bestSolutionTime,terminationTime,nodes,iterations,maxTime,actualTerms,numCuts,cutLimit,mipSolver,providePrimalBound,infeasibleTerms,feasibleToInfeasibleTerms,infeasibleToFeasibleTerms,termRemainsFeasibleBasisInfeasible,cutsChangedCoefficients,feasibleTermsPrunedByBound,tighten_disjunction,tighten_matrix_perturbation,tighten_infeasible_to_feasible_term,tighten_feasible_to_infeasible_basis
0,0,New,4,10482.795280,10573.334266,10542.265672,10598.589630,11800.007229,11801.185350,1.338172,1.714987,21.718775,733.279399,2873453,17315460,3600.000000,4,12,12,GUROBI,1,0,0,0,0,0,0,0,0,0,0
1,0,Farkas,4,10482.803636,10573.334266,10542.280850,10599.278830,11800.010521,11801.185350,0.006349,0.450929,1777.602704,1777.602859,7418833,41881689,3600.000000,4,12,0,GUROBI,1,0,0,0,0,0,0,0,0,0,0
2,0,Farkas,4,10482.810905,10573.349891,10542.278186,10598.605252,11800.023330,11801.200975,0.005462,0.389776,4.032026,802.230501,3562109,17779307,3600.000000,4,12,0,GUROBI,1,0,0,0,0,0,0,0,0,0,0
3,0,Farkas,4,10482.780071,10573.318641,10542.255440,10599.211318,11800.008289,11801.185350,0.005350,0.413688,1213.933457,1213.933642,5023154,29101333,3600.000000,4,12,0,GUROBI,1,0,0,0,0,0,0,0,0,0,0
