instanceIndex,seedIndex,vpcGenerator,terms,lpBound,disjunctiveDualBound,lpBoundPostVpc,rootDualBound,dualBound,primalBound,vpcGenerationTime,rootDualBoundTime,bestSolutionTime,terminationTime,nodes,iterations,maxTime,actualTerms,numCuts,cutLimit,mipSolver,providePrimalBound,infeasibleTerms,feasibleToInfeasibleTerms,infeasibleToFeasibleTerms,termRemainsFeasibleBasisInfeasible,cutsChangedCoefficients,feasibleTermsPrunedByBound,tighten_disjunction,tighten_matrix_perturbation,tighten_infeasible_to_feasible_term,tighten_feasible_to_infeasible_basis
0,0,New,64,38893.903641,39041.736508,39028.895865,39034.615583,40001.057172,40005.053810,5.515494,5.599447,7.316537,69.989127,363796,1805717,3600.000000,64,11,11,GUROBI,1,0,0,0,0,0,0,0,0,0,0
1,0,All,64,51687.948536,51688.739258,51687.948536,51811.592350,52660.862620,52666.123829,0.110446,0.359245,102.277983,115.600591,724760,3343663,3600.000000,64,11,0,GUROBI,1,0,0,0,64,0,0,1,1,1,1
2,0,All,64,38893.724324,39041.582227,39028.709443,39034.417140,40001.054077,40005.053810,0.085278,0.178945,1.721252,216.237468,308231,2129365,3600.000000,64,11,0,GUROBI,1,0,0,0,0,0,0,1,1,1,1
3,0,All,64,45253.054950,45265.784701,45253.054950,45370.844858,46316.692599,46321.323010,0.096174,0.356965,124.007420,136.628440,730120,3555808,3600.000000,64,11,0,GUROBI,1,0,0,0,64,0,0,1,1,1,1
