instanceIndex,seedIndex,vpcGenerator,terms,lpBound,disjunctiveDualBound,lpBoundPostVpc,rootDualBound,dualBound,primalBound,vpcGenerationTime,rootDualBoundTime,bestSolutionTime,terminationTime,nodes,iterations,maxTime,actualTerms,numCuts,cutLimit,mipSolver,providePrimalBound,infeasibleTerms,feasibleToInfeasibleTerms,infeasibleToFeasibleTerms,termRemainsFeasibleBasisInfeasible,cutsChangedCoefficients,feasibleTermsPrunedByBound,tighten_disjunction,tighten_matrix_perturbation,tighten_infeasible_to_feasible_term,tighten_feasible_to_infeasible_basis
0,0,New,64,38893.903641,39041.736508,39028.895865,39034.629721,40001.056151,40005.053810,5.429529,5.522226,6.299687,78.701930,408094,2088067,3600.000000,64,11,11,GUROBI,1,0,0,0,0,0,0,0,0,0,0
1,0,All,64,38893.903641,39041.736508,39028.895865,39034.629704,40001.056115,40005.053810,0.091223,0.173972,55.383625,55.383803,313650,1543667,3600.000000,64,11,0,GUROBI,1,0,0,0,0,0,0,1,1,1,1
2,0,All,64,38893.903641,39041.736508,39028.895865,39034.629704,40001.074920,40005.053810,0.079125,0.165221,108.909266,108.909441,534401,2740794,3600.000000,64,11,0,GUROBI,1,0,0,0,0,0,0,1,1,1,1
3,0,All,64,38893.901425,39041.736508,39028.895865,39034.629704,40001.054809,40005.053810,0.083283,0.179593,3.617486,45.279491,209158,1109406,3600.000000,64,11,0,GUROBI,1,0,0,0,0,0,0,1,1,1,1
