instanceIndex,seedIndex,vpcGenerator,terms,lpBound,disjunctiveDualBound,lpBoundPostVpc,rootDualBound,dualBound,primalBound,vpcGenerationTime,rootDualBoundTime,bestSolutionTime,terminationTime,nodes,iterations,maxTime,actualTerms,numCuts,cutLimit,mipSolver,providePrimalBound,infeasibleTerms,feasibleToInfeasibleTerms,infeasibleToFeasibleTerms,termRemainsFeasibleBasisInfeasible,cutsChangedCoefficients,feasibleTermsPrunedByBound,tighten_disjunction,tighten_matrix_perturbation,tighten_infeasible_to_feasible_term,tighten_feasible_to_infeasible_basis
0,0,None,64,38893.903641,38893.903641,38893.903641,39029.029173,40001.055804,40005.053810,0.000016,0.136756,0.595898,37.757107,258281,1262710,3600.000000,0,0,0,GUROBI,1,0,0,0,0,0,0,0,0,0,0
1,0,None,64,17947.610756,17947.610756,17947.610756,17947.610756,17947.610330,17947.611020,0.000002,0.003238,0.000002,0.003238,0,0,3600.000000,0,0,0,GUROBI,1,0,0,0,0,0,0,0,0,0,0
2,0,None,64,17947.610669,17947.610669,17947.610669,17947.610669,17947.610330,17947.610850,0.000002,0.003285,0.000002,0.003285,0,0,3600.000000,0,0,0,GUROBI,1,0,0,0,0,0,0,0,0,0,0
3,0,None,64,17947.610546,17947.610546,17947.610546,17947.610546,17947.610330,17947.610690,0.000002,0.004808,0.000002,0.004808,0,0,3600.000000,0,0,0,GUROBI,1,0,0,0,0,0,0,0,0,0,0
