instanceIndex,seedIndex,vpcGenerator,terms,lpBound,disjunctiveDualBound,lpBoundPostVpc,rootDualBound,dualBound,primalBound,vpcGenerationTime,rootDualBoundTime,bestSolutionTime,terminationTime,nodes,iterations,maxTime,actualTerms,numCuts,cutLimit,mipSolver,providePrimalBound,infeasibleTerms,feasibleToInfeasibleTerms,infeasibleToFeasibleTerms,termRemainsFeasibleBasisInfeasible,cutsChangedCoefficients,feasibleTermsPrunedByBound,tighten_disjunction,tighten_matrix_perturbation,tighten_infeasible_to_feasible_term,tighten_feasible_to_infeasible_basis
0,0,New,4,608.844340,631.665094,612.735098,11503.890408,11689.000000,11689.000000,4.328873,9.382631,39.870341,39.870795,613,46835,3600.000000,4,21,363,GUROBI,1,0,0,0,0,0,0,0,0,0,0
1,0,New,4,221.653222,223.653222,223.653222,3751.538286,3754.000000,3754.000000,352.939970,353.407767,352.939970,353.457935,10,1979,3600.000000,509,3,102,GUROBI,1,1,0,0,0,0,0,0,0,0,0
2,0,New,4,52.780928,56.780928,56.780928,3392.536697,3444.000000,3444.000000,436.380892,437.169383,437.514230,437.514706,56,2533,3600.000000,603,5,93,GUROBI,1,3,0,0,0,0,0,0,0,0,0
3,0,New,4,245.288067,245.403263,245.403263,6337.664034,6494.000000,6494.000000,197.699532,198.919341,213.107176,213.130730,1178,35299,3600.000000,282,2,205,GUROBI,1,0,0,0,0,0,0,0,0,0,0
