instanceIndex,seedIndex,vpcGenerator,terms,lpBound,disjunctiveDualBound,lpBoundPostVpc,rootDualBound,dualBound,primalBound,vpcGenerationTime,rootDualBoundTime,bestSolutionTime,terminationTime,nodes,iterations,maxTime,actualTerms,numCuts,cutLimit,mipSolver,providePrimalBound,infeasibleTerms,feasibleToInfeasibleTerms,infeasibleToFeasibleTerms,termRemainsFeasibleBasisInfeasible,cutsChangedCoefficients,feasibleTermsPrunedByBound,tighten_disjunction,tighten_matrix_perturbation,tighten_infeasible_to_feasible_term,tighten_feasible_to_infeasible_basis
0,0,New,4,608.844340,631.665094,612.735098,11385.991870,11689.000000,11689.000000,2.696516,4.785963,22.456098,22.456342,614,49023,3600.000000,4,21,363,GUROBI,1,0,0,0,0,0,0,0,0,0,0
1,0,All,4,611.273585,633.839623,615.121027,11652.878402,12122.000000,12123.000000,0.037060,2.107949,23.399530,23.399719,846,54703,3600.000000,4,21,0,GUROBI,1,0,0,0,4,0,0,1,1,1,1
2,0,All,4,607.948113,630.495283,611.793991,11306.464362,11781.000000,11782.000000,0.045318,1.636750,25.142231,25.142550,876,53072,3600.000000,4,21,0,GUROBI,1,0,0,0,4,0,0,1,1,1,1
3,0,All,4,607.051887,629.811321,610.845274,11483.980797,11957.000000,11957.000000,0.042625,2.014090,31.854477,33.320078,1165,63033,3600.000000,4,21,0,GUROBI,1,0,0,0,4,0,0,1,1,1,1
