instanceIndex,seedIndex,vpcGenerator,terms,lpBound,disjunctiveDualBound,lpBoundPostVpc,rootDualBound,dualBound,primalBound,vpcGenerationTime,rootDualBoundTime,bestSolutionTime,terminationTime,nodes,iterations,maxTime,actualTerms,numCuts,cutLimit,mipSolver,providePrimalBound,infeasibleTerms,feasibleToInfeasibleTerms,infeasibleToFeasibleTerms,termRemainsFeasibleBasisInfeasible,cutsChangedCoefficients,feasibleTermsPrunedByBound,tighten_disjunction,tighten_matrix_perturbation,tighten_infeasible_to_feasible_term,tighten_feasible_to_infeasible_basis
0,0,New,64,91.764706,104.240642,96.366361,1521.326225,1566.000000,1566.000000,358.348914,361.450585,415.675503,415.676479,938,89944,3600.000000,64,363,363,GUROBI,1,0,0,0,0,0,0,0,0,0,0
1,0,All,64,92.090909,104.577540,96.658417,1531.528537,1591.000000,1591.000000,5.184191,7.800700,66.406726,68.544113,2219,146431,3600.000000,64,363,0,GUROBI,1,0,0,0,64,0,0,1,1,1,1
2,0,All,64,92.144385,104.588235,96.684303,1574.972004,1608.000000,1608.000000,5.174938,8.050022,12.845395,28.327446,579,57013,3600.000000,64,363,0,GUROBI,1,0,0,0,64,0,0,1,1,1,1
3,0,All,64,92.160428,104.631016,96.660913,1577.470596,1629.000000,1629.000000,5.212392,8.106043,42.244569,42.245375,744,69365,3600.000000,64,363,0,GUROBI,1,0,0,0,64,0,0,1,1,1,1
