instanceIndex,seedIndex,vpcGenerator,terms,lpBound,disjunctiveDualBound,lpBoundPostVpc,rootDualBound,dualBound,primalBound,vpcGenerationTime,rootDualBoundTime,bestSolutionTime,terminationTime,nodes,iterations,maxTime,actualTerms,numCuts,cutLimit,mipSolver,providePrimalBound,infeasibleTerms,feasibleToInfeasibleTerms,infeasibleToFeasibleTerms,termRemainsFeasibleBasisInfeasible,cutsChangedCoefficients,feasibleTermsPrunedByBound,tighten_disjunction,tighten_matrix_perturbation,tighten_infeasible_to_feasible_term,tighten_feasible_to_infeasible_basis
0,0,None,4,193774.753707,193774.753707,193774.753707,193870.605316,211893.000000,211913.000000,0.000003,1.998153,92.235249,109.649474,18558,1424853,3600.000000,0,0,0,GUROBI,1,0,0,0,0,0,0,0,0,0,0
1,0,None,4,193758.474957,193758.474957,193758.474957,193817.624770,211869.000000,211869.000000,0.000002,1.979721,100.962801,129.705148,18015,1509886,3600.000000,0,0,0,GUROBI,1,0,0,0,0,0,0,0,0,0,0
2,0,None,4,193772.001187,193772.001187,193772.001187,193848.434556,211866.000000,211887.000000,0.000002,1.706638,95.597652,139.921802,22338,1469370,3600.000000,0,0,0,GUROBI,1,0,0,0,0,0,0,0,0,0,0
3,0,None,4,193765.194492,193765.194492,193765.194492,193847.134172,211917.000000,211938.000000,0.000002,2.471330,110.266300,115.304512,16960,1216627,3600.000000,0,0,0,GUROBI,1,0,0,0,0,0,0,0,0,0,0
