instanceIndex,seedIndex,vpcGenerator,terms,lpBound,disjunctiveDualBound,lpBoundPostVpc,rootDualBound,dualBound,primalBound,vpcGenerationTime,rootDualBoundTime,bestSolutionTime,terminationTime,nodes,iterations,maxTime,actualTerms,numCuts,cutLimit,mipSolver,providePrimalBound,infeasibleTerms,feasibleToInfeasibleTerms,infeasibleToFeasibleTerms,termRemainsFeasibleBasisInfeasible,cutsChangedCoefficients,feasibleTermsPrunedByBound,tighten_disjunction,tighten_matrix_perturbation,tighten_infeasible_to_feasible_term,tighten_feasible_to_infeasible_basis
0,0,None,4,193774.753707,193774.753707,193774.753707,193830.437081,211893.000000,211913.000000,0.000003,1.721707,104.058710,120.723793,21106,1583482,3600.000000,0,0,0,GUROBI,1,0,0,0,0,0,0,0,0,0,0
1,0,None,4,193609.099072,193609.099072,193609.099072,193754.785035,211890.000000,211890.000000,0.000002,1.483282,4.627701,84.547308,15190,1182548,3600.000000,0,0,0,GUROBI,1,0,0,0,0,0,0,0,0,0,0
2,0,None,4,193668.667413,193668.667413,193668.667413,193834.047287,211827.000000,211838.000000,0.000002,1.560075,154.712350,155.252972,20501,1575345,3600.000000,0,0,0,GUROBI,1,0,0,0,0,0,0,0,0,0,0
3,0,None,4,193729.852098,193729.852098,193729.852098,193835.674040,211813.000000,211830.000000,0.000003,2.317321,58.694048,84.356557,15121,1176822,3600.000000,0,0,0,GUROBI,1,0,0,0,0,0,0,0,0,0,0
