instanceIndex,seedIndex,vpcGenerator,terms,lpBound,disjunctiveDualBound,lpBoundPostVpc,rootDualBound,dualBound,primalBound,vpcGenerationTime,rootDualBoundTime,bestSolutionTime,terminationTime,nodes,iterations,maxTime,actualTerms,numCuts,cutLimit,mipSolver,providePrimalBound,infeasibleTerms,feasibleToInfeasibleTerms,infeasibleToFeasibleTerms,termRemainsFeasibleBasisInfeasible,cutsChangedCoefficients,feasibleTermsPrunedByBound,tighten_disjunction,tighten_matrix_perturbation,tighten_infeasible_to_feasible_term,tighten_feasible_to_infeasible_basis
0,0,None,64,193774.753707,193774.753707,193774.753707,193830.437081,211894.166667,211913.000000,0.000002,1.421446,117.027085,122.935012,17443,1457833,3600.000000,0,0,0,GUROBI,1,0,0,0,0,0,0,0,0,0,0
1,0,None,64,193775.014868,193775.014868,193775.014868,196444.389122,213825.000000,213842.000000,0.000003,1.578657,30.130571,52.285747,8281,614930,3600.000000,0,0,0,GUROBI,1,0,0,0,0,0,0,0,0,0,0
2,0,None,64,193525.090125,193525.090125,193525.090125,198307.440784,213812.000000,213812.000000,0.000002,1.302305,3.397365,19.523397,3203,194323,3600.000000,0,0,0,GUROBI,1,0,0,0,0,0,0,0,0,0,0
3,0,None,64,194025.039381,194025.039381,194025.039381,199416.674895,213865.000000,213876.000000,0.000003,2.045835,17.960378,18.738960,3094,203089,3600.000000,0,0,0,GUROBI,1,0,0,0,0,0,0,0,0,0,0
