instanceIndex,seedIndex,vpcGenerator,terms,lpBound,disjunctiveDualBound,lpBoundPostVpc,rootDualBound,dualBound,primalBound,vpcGenerationTime,rootDualBoundTime,bestSolutionTime,terminationTime,nodes,iterations,maxTime,actualTerms,numCuts,cutLimit,mipSolver,providePrimalBound,infeasibleTerms,feasibleToInfeasibleTerms,infeasibleToFeasibleTerms,termRemainsFeasibleBasisInfeasible,cutsChangedCoefficients,feasibleTermsPrunedByBound,tighten_disjunction,tighten_matrix_perturbation,tighten_infeasible_to_feasible_term,tighten_feasible_to_infeasible_basis
0,0,New,64,-61651.227098,-60529.131542,-61011.603209,-54650.637337,-52303.957337,-52301.000000,12.976922,13.162676,15.404661,15.902960,1359,21143,3600.000000,124,37,75,GUROBI,1,104,0,0,0,0,0,0,0,0,0
1,0,Farkas,64,-64746.206395,-64377.679251,-64746.206395,-60288.022245,-59799.777778,-59799.777778,0.873032,1.269322,1.387517,1.401940,257,2005,3600.000000,124,37,0,GUROBI,1,103,2,3,0,37,0,0,0,0,0
2,0,Farkas,64,-61653.230119,-60521.385668,-61653.230119,-54113.065716,-51944.000000,-51944.000000,0.539260,0.855135,1.795076,1.795241,737,6809,3600.000000,124,37,0,GUROBI,1,100,0,4,2,37,0,0,0,0,0
3,0,Farkas,64,-61648.208813,-60517.739420,-61648.208813,-55362.667168,-53405.000000,-53405.000000,0.769131,0.979583,2.477966,2.478135,781,8210,3600.000000,124,37,0,GUROBI,1,92,0,12,2,37,0,0,0,0,0
