instanceIndex,seedIndex,vpcGenerator,terms,lpBound,disjunctiveDualBound,lpBoundPostVpc,rootDualBound,dualBound,primalBound,vpcGenerationTime,rootDualBoundTime,bestSolutionTime,terminationTime,nodes,iterations,maxTime,actualTerms,numCuts,cutLimit,mipSolver,providePrimalBound,infeasibleTerms,feasibleToInfeasibleTerms,infeasibleToFeasibleTerms,termRemainsFeasibleBasisInfeasible,cutsChangedCoefficients,feasibleTermsPrunedByBound,tighten_disjunction,tighten_matrix_perturbation,tighten_infeasible_to_feasible_term,tighten_feasible_to_infeasible_basis
0,0,New,64,-60527.437212,-59897.192833,-60004.560480,-53531.236405,-51532.000000,-51532.000000,5.518003,5.635590,6.663179,6.665771,796,6988,3600.000000,108,27,75,GUROBI,1,98,0,0,0,0,0,0,0,0,0
1,0,Farkas,64,-60521.653848,-59882.707116,-59990.512998,-53600.998854,-51596.000000,-51596.000000,0.370283,0.483096,0.515894,1.255035,616,4392,3600.000000,108,27,0,GUROBI,1,98,0,0,0,0,0,0,0,0,0
2,0,Farkas,64,-60522.219735,-59891.860062,-59991.777709,-53601.185963,-51610.000000,-51610.000000,0.367223,0.479359,0.510802,1.345277,634,4641,3600.000000,108,27,0,GUROBI,1,98,0,0,0,0,0,0,0,0,0
3,0,Farkas,64,-60531.416270,-59886.774995,-60000.716172,-53534.959826,-51545.000000,-51545.000000,0.739502,0.848378,0.988034,1.698354,631,4496,3600.000000,108,27,0,GUROBI,1,98,0,0,0,0,0,0,0,0,0
