instanceIndex,seedIndex,vpcGenerator,terms,lpBound,disjunctiveDualBound,lpBoundPostVpc,rootDualBound,dualBound,primalBound,vpcGenerationTime,rootDualBoundTime,bestSolutionTime,terminationTime,nodes,iterations,maxTime,actualTerms,numCuts,cutLimit,mipSolver,providePrimalBound,infeasibleTerms,feasibleToInfeasibleTerms,infeasibleToFeasibleTerms,termRemainsFeasibleBasisInfeasible,cutsChangedCoefficients,feasibleTermsPrunedByBound,tighten_disjunction,tighten_matrix_perturbation,tighten_infeasible_to_feasible_term,tighten_feasible_to_infeasible_basis
0,0,New,64,-59156.757374,-57938.650609,-58519.097962,-51651.622818,-49716.000000,-49716.000000,23.860252,24.023756,25.814910,25.851686,683,4926,3600.000000,64,75,75,GUROBI,1,26,0,0,0,0,0,0,0,0,0
1,0,Farkas,64,-59147.225445,-57903.398484,-58496.270543,-50713.441736,-49074.000000,-49074.000000,0.293204,0.630437,3.017914,3.176439,868,9572,3600.000000,64,75,0,GUROBI,1,26,0,0,0,0,0,0,0,0,0
2,0,Farkas,64,-59148.117883,-58041.151641,-58614.647523,-51310.151125,-49967.000000,-49967.000000,0.278244,0.631060,2.225801,2.226356,675,6359,3600.000000,64,75,0,GUROBI,1,26,0,0,0,0,0,0,0,0,0
3,0,Farkas,64,-59256.610615,-58165.797510,-58591.553393,-51321.607592,-49597.000000,-49597.000000,0.316643,0.550624,0.717753,1.752003,634,4850,3600.000000,64,75,0,GUROBI,1,26,0,0,0,0,0,0,0,0,0
