instanceIndex,seedIndex,vpcGenerator,terms,lpBound,disjunctiveDualBound,lpBoundPostVpc,rootDualBound,dualBound,primalBound,vpcGenerationTime,rootDualBoundTime,bestSolutionTime,terminationTime,nodes,iterations,maxTime,actualTerms,numCuts,cutLimit,mipSolver,providePrimalBound,infeasibleTerms,feasibleToInfeasibleTerms,infeasibleToFeasibleTerms,termRemainsFeasibleBasisInfeasible,cutsChangedCoefficients,feasibleTermsPrunedByBound,tighten_disjunction,tighten_matrix_perturbation,tighten_infeasible_to_feasible_term,tighten_feasible_to_infeasible_basis
0,0,New,64,-61651.227098,-60529.131542,-61011.603209,-54642.896578,-52301.000000,-52301.000000,11.921633,12.109527,13.713100,14.045836,1181,17378,3600.000000,124,37,75,GUROBI,1,104,0,0,0,0,0,0,0,0,0
1,0,New,64,-61657.456055,-60536.954944,-61017.426611,-54534.224227,-52333.000000,-52333.000000,12.689742,12.916452,14.468993,14.691797,988,12416,3600.000000,124,40,75,GUROBI,1,104,0,0,0,0,0,0,0,0,0
2,0,New,64,-61539.831537,-60494.642289,-60811.818760,-54473.716353,-52201.000000,-52201.000000,22.205575,22.396289,24.715238,25.138101,1185,22033,3600.000000,124,75,75,GUROBI,1,104,0,0,0,0,0,0,0,0,0
3,0,New,64,-61539.831088,-60417.271088,-60856.569617,-54385.421188,-52244.000000,-52244.000000,12.761302,13.093996,15.434248,15.487336,1053,12167,3600.000000,124,41,75,GUROBI,1,104,0,0,0,0,0,0,0,0,0
