instanceIndex,seedIndex,vpcGenerator,terms,lpBound,disjunctiveDualBound,lpBoundPostVpc,rootDualBound,dualBound,primalBound,vpcGenerationTime,rootDualBoundTime,bestSolutionTime,terminationTime,nodes,iterations,maxTime,actualTerms,numCuts,cutLimit,mipSolver,providePrimalBound,infeasibleTerms,feasibleToInfeasibleTerms,infeasibleToFeasibleTerms,termRemainsFeasibleBasisInfeasible,cutsChangedCoefficients,feasibleTermsPrunedByBound,tighten_disjunction,tighten_matrix_perturbation,tighten_infeasible_to_feasible_term,tighten_feasible_to_infeasible_basis
0,0,New,64,-61651.227098,-60529.131542,-61011.603209,-54642.573297,-52304.133204,-52301.000000,12.709822,12.906221,14.131198,14.537088,1030,14606,3600.000000,124,37,75,GUROBI,1,104,0,0,0,0,0,0,0,0,0
1,0,All,64,-61679.062908,-60560.627353,-61033.021242,-54532.276569,-51990.622084,-51990.000000,1.018615,1.164547,4.187404,4.187568,1862,32710,3600.000000,124,37,0,GUROBI,1,104,0,0,0,0,0,1,1,1,1
2,0,All,64,-61727.202521,-60661.401345,-61139.852521,-54322.762371,-52010.386732,-52007.000000,0.987132,1.207724,3.563964,3.564138,1427,21754,3600.000000,124,37,0,GUROBI,1,104,0,0,0,0,0,1,1,1,1
3,0,All,64,-61693.184242,-60567.820909,-61082.710353,-54792.895995,-52669.000000,-52669.000000,1.011186,1.294858,3.502414,4.041192,1392,21946,3600.000000,124,37,0,GUROBI,1,104,0,0,0,0,0,1,1,1,1
