instanceIndex,seedIndex,vpcGenerator,terms,lpBound,disjunctiveDualBound,lpBoundPostVpc,rootDualBound,dualBound,primalBound,vpcGenerationTime,rootDualBoundTime,bestSolutionTime,terminationTime,nodes,iterations,maxTime,actualTerms,numCuts,cutLimit,mipSolver,providePrimalBound,infeasibleTerms,feasibleToInfeasibleTerms,infeasibleToFeasibleTerms,termRemainsFeasibleBasisInfeasible,cutsChangedCoefficients,feasibleTermsPrunedByBound,tighten_disjunction,tighten_matrix_perturbation,tighten_infeasible_to_feasible_term,tighten_feasible_to_infeasible_basis
0,0,New,64,-60670.366638,-59180.426083,-60275.053697,-53981.580570,-52242.000000,-52242.000000,8.379775,8.568268,8.629711,9.387981,642,5167,3600.000000,64,23,75,GUROBI,1,19,0,0,0,0,0,0,0,0,0
1,0,New,64,-60669.631012,-59186.916012,-60273.863071,-54061.513502,-52229.000000,-52229.000000,8.168694,8.370697,9.409385,9.409538,769,7140,3600.000000,64,23,75,GUROBI,1,19,0,0,0,0,0,0,0,0,0
2,0,New,64,-60659.463076,-59168.146377,-60256.415135,-54138.301136,-52294.000000,-52294.000000,8.468553,8.668705,8.720059,9.434578,617,5224,3600.000000,64,22,75,GUROBI,1,19,0,0,0,0,0,0,0,0,0
3,0,New,64,-60665.562522,-59213.251444,-60270.249581,-53963.908011,-52257.000000,-52257.000000,9.547920,9.754106,9.906072,10.630057,693,6470,3600.000000,65,32,75,GUROBI,1,21,0,0,0,0,0,0,0,0,0
