instanceIndex,seedIndex,vpcGenerator,terms,lpBound,disjunctiveDualBound,lpBoundPostVpc,rootDualBound,dualBound,primalBound,vpcGenerationTime,rootDualBoundTime,bestSolutionTime,terminationTime,nodes,iterations,maxTime,actualTerms,numCuts,cutLimit,mipSolver,providePrimalBound,infeasibleTerms,feasibleToInfeasibleTerms,infeasibleToFeasibleTerms,termRemainsFeasibleBasisInfeasible,cutsChangedCoefficients,feasibleTermsPrunedByBound,tighten_disjunction,tighten_matrix_perturbation,tighten_infeasible_to_feasible_term,tighten_feasible_to_infeasible_basis
0,0,New,64,-61651.227098,-60529.131542,-61011.603209,-54650.637337,-52303.957337,-52301.000000,12.723818,12.907392,15.147760,15.643861,1359,21143,3600.000000,124,37,75,GUROBI,1,104,0,0,0,0,0,0,0,0,0
1,0,New,64,-64746.206395,-63374.029150,-64170.987623,-60292.141532,-59799.777778,-59799.777778,4.775494,5.172896,5.254335,5.276805,203,1824,3600.000000,64,15,57,GUROBI,1,22,0,0,0,0,0,0,0,0,0
2,0,New,64,-61653.230119,-60521.385668,-61004.857335,-54113.065716,-51944.000000,-51944.000000,13.539549,13.862267,14.793000,14.793170,756,6819,3600.000000,124,40,75,GUROBI,1,104,0,0,0,0,0,0,0,0,0
3,0,New,64,-61648.208813,-60435.290294,-60991.974979,-55324.432339,-53405.000000,-53405.000000,13.645637,13.881770,15.389432,15.465315,742,6962,3600.000000,139,33,75,GUROBI,1,115,0,0,0,0,0,0,0,0,0
