instanceIndex,seedIndex,vpcGenerator,terms,lpBound,disjunctiveDualBound,lpBoundPostVpc,rootDualBound,dualBound,primalBound,vpcGenerationTime,rootDualBoundTime,bestSolutionTime,terminationTime,nodes,iterations,maxTime,actualTerms,numCuts,cutLimit,mipSolver,providePrimalBound,infeasibleTerms,feasibleToInfeasibleTerms,infeasibleToFeasibleTerms,termRemainsFeasibleBasisInfeasible,cutsChangedCoefficients,feasibleTermsPrunedByBound,tighten_disjunction,tighten_matrix_perturbation,tighten_infeasible_to_feasible_term,tighten_feasible_to_infeasible_basis
0,0,New,64,-60527.437212,-59897.192833,-60004.560480,-53531.236405,-51532.000000,-51532.000000,5.931418,6.016508,6.756633,6.767213,751,5740,3600.000000,108,27,75,GUROBI,1,98,0,0,0,0,0,0,0,0,0
1,0,New,64,-60562.797659,-59982.263410,-60005.238542,-53494.411913,-51345.000000,-51345.000000,11.905180,12.039976,13.017719,13.026789,725,6042,3600.000000,108,62,75,GUROBI,1,98,0,0,0,0,0,0,0,0,0
2,0,New,64,-60623.656351,-59992.103868,-60099.183279,-53576.607573,-51671.000000,-51671.000000,6.739301,6.851002,6.917862,7.504017,625,4726,3600.000000,108,27,75,GUROBI,1,98,0,0,0,0,0,0,0,0,0
3,0,New,64,-60288.697441,-59625.587375,-59760.689206,-53080.204339,-51058.000000,-51058.000000,3.405848,3.575106,4.616645,4.656534,667,5654,3600.000000,108,17,75,GUROBI,1,98,0,0,0,0,0,0,0,0,0
