instanceIndex,seedIndex,vpcGenerator,terms,lpBound,disjunctiveDualBound,lpBoundPostVpc,rootDualBound,dualBound,primalBound,vpcGenerationTime,rootDualBoundTime,bestSolutionTime,terminationTime,nodes,iterations,maxTime,actualTerms,numCuts,cutLimit,mipSolver,providePrimalBound,infeasibleTerms,feasibleToInfeasibleTerms,infeasibleToFeasibleTerms,termRemainsFeasibleBasisInfeasible,cutsChangedCoefficients,feasibleTermsPrunedByBound,tighten_disjunction,tighten_matrix_perturbation,tighten_infeasible_to_feasible_term,tighten_feasible_to_infeasible_basis
0,0,New,64,-60670.366638,-59180.426083,-60275.053697,-53999.533294,-52245.878964,-52242.000000,8.628656,8.838012,8.922742,9.836380,660,5082,3600.000000,64,23,75,GUROBI,1,19,0,0,0,0,0,0,0,0,0
1,0,All,64,-60669.631012,-59186.916012,-60273.863071,-53988.079156,-52229.000000,-52229.000000,0.163630,0.346295,0.417348,1.288929,644,5169,3600.000000,64,23,0,GUROBI,1,19,0,0,0,0,0,1,1,1,1
2,0,All,64,-60659.463076,-59168.146377,-60256.415135,-54166.222946,-52294.000000,-52294.000000,0.171485,0.374916,1.454671,1.455324,642,4929,3600.000000,64,23,0,GUROBI,1,19,0,0,0,0,0,1,1,1,1
3,0,All,64,-60665.562522,-59201.499091,-60270.249581,-54016.379692,-52257.000000,-52257.000000,0.155767,0.360092,0.440878,1.136223,684,5766,3600.000000,64,23,0,GUROBI,1,19,0,0,0,0,0,1,1,1,1
