instanceIndex,seedIndex,vpcGenerator,terms,lpBound,disjunctiveDualBound,lpBoundPostVpc,rootDualBound,dualBound,primalBound,vpcGenerationTime,rootDualBoundTime,bestSolutionTime,terminationTime,nodes,iterations,maxTime,actualTerms,numCuts,cutLimit,mipSolver,providePrimalBound,infeasibleTerms,feasibleToInfeasibleTerms,infeasibleToFeasibleTerms,termRemainsFeasibleBasisInfeasible,cutsChangedCoefficients,feasibleTermsPrunedByBound,tighten_disjunction,tighten_matrix_perturbation,tighten_infeasible_to_feasible_term,tighten_feasible_to_infeasible_basis
0,0,New,4,-60670.366638,-60412.463697,-60412.463697,-54105.527430,-52242.000000,-52242.000000,0.600449,0.789868,0.914957,1.598822,629,5084,3600.000000,4,24,75,GUROBI,1,0,0,0,0,0,0,0,0,0,0
1,0,New,4,-60669.631012,-60411.728071,-60411.728071,-54094.505666,-52229.000000,-52229.000000,0.527346,0.713130,0.782336,1.505626,680,6001,3600.000000,4,25,75,GUROBI,1,0,0,0,0,0,0,0,0,0,0
2,0,New,4,-60659.463076,-60401.560135,-60401.560135,-54172.072095,-52294.000000,-52294.000000,0.511590,0.697337,1.380147,1.401352,624,4626,3600.000000,4,24,75,GUROBI,1,0,0,0,0,0,0,0,0,0,0
3,0,New,4,-60665.562522,-60407.659581,-60407.659581,-54092.174705,-52257.000000,-52257.000000,0.443391,0.630242,0.693344,1.474149,728,6870,3600.000000,4,25,75,GUROBI,1,0,0,0,0,0,0,0,0,0,0
