instanceIndex,seedIndex,vpcGenerator,terms,lpBound,disjunctiveDualBound,lpBoundPostVpc,rootDualBound,dualBound,primalBound,vpcGenerationTime,rootDualBoundTime,bestSolutionTime,terminationTime,nodes,iterations,maxTime,actualTerms,numCuts,cutLimit,mipSolver,providePrimalBound,infeasibleTerms,feasibleToInfeasibleTerms,infeasibleToFeasibleTerms,termRemainsFeasibleBasisInfeasible,cutsChangedCoefficients,feasibleTermsPrunedByBound,tighten_disjunction,tighten_matrix_perturbation,tighten_infeasible_to_feasible_term,tighten_feasible_to_infeasible_basis
0,0,New,64,-60670.366638,-59180.426083,-60275.053697,-53981.580570,-52242.000000,-52242.000000,7.889110,8.271024,8.347059,9.838029,633,5033,3600.000000,64,23,75,GUROBI,1,19,0,0,0,0,0,0,0,0,0
1,0,New,64,-60766.383007,-59732.381537,-60123.456904,-54069.471244,-52342.000000,-52342.000000,9.042095,9.199933,10.063322,10.063413,666,5657,3600.000000,128,34,75,GUROBI,1,108,0,0,0,0,0,0,0,0,0
2,0,New,64,-60826.777870,-59332.803066,-60430.680745,-54311.609517,-52450.000000,-52450.000000,7.936322,8.113484,9.080018,9.096124,678,5472,3600.000000,66,22,75,GUROBI,1,21,0,0,0,0,0,0,0,0,0
3,0,New,64,-60825.124939,-59769.412390,-59970.410037,-54525.331618,-52422.000000,-52422.000000,18.821366,18.935278,19.914957,19.915105,874,10000,3600.000000,128,75,75,GUROBI,1,108,0,0,0,0,0,0,0,0,0
