instanceIndex,seedIndex,vpcGenerator,terms,lpBound,disjunctiveDualBound,lpBoundPostVpc,rootDualBound,dualBound,primalBound,vpcGenerationTime,rootDualBoundTime,bestSolutionTime,terminationTime,nodes,iterations,maxTime,actualTerms,numCuts,cutLimit,mipSolver,providePrimalBound,infeasibleTerms,feasibleToInfeasibleTerms,infeasibleToFeasibleTerms,termRemainsFeasibleBasisInfeasible,cutsChangedCoefficients,feasibleTermsPrunedByBound,tighten_disjunction,tighten_matrix_perturbation,tighten_infeasible_to_feasible_term,tighten_feasible_to_infeasible_basis
0,0,New,64,-59156.757374,-57938.650609,-58519.097962,-51651.622818,-49716.000000,-49716.000000,23.650333,23.802705,25.327023,25.391400,686,5063,3600.000000,64,75,75,GUROBI,1,26,0,0,0,0,0,0,0,0,0
1,0,All,64,-59159.957436,-57865.637371,-58462.133842,-51107.689505,-49584.000000,-49584.000000,0.328654,0.621341,1.870059,1.925481,637,6189,3600.000000,64,75,0,GUROBI,1,26,0,0,0,0,0,1,1,1,1
2,0,All,64,-59167.831475,-57938.699187,-58513.085952,-51661.161705,-49730.000000,-49730.000000,0.323370,0.476691,2.433334,2.443073,665,4918,3600.000000,64,75,0,GUROBI,1,26,0,0,0,0,0,1,1,1,1
3,0,All,64,-59163.554386,-57954.844125,-58540.903831,-51218.542556,-49727.659094,-49724.000000,0.311691,0.598034,1.828843,1.834875,850,8466,3600.000000,64,75,0,GUROBI,1,26,0,0,0,0,0,1,1,1,1
