instanceIndex,seedIndex,vpcGenerator,terms,lpBound,disjunctiveDualBound,lpBoundPostVpc,rootDualBound,dualBound,primalBound,vpcGenerationTime,rootDualBoundTime,bestSolutionTime,terminationTime,nodes,iterations,maxTime,actualTerms,numCuts,cutLimit,mipSolver,providePrimalBound,infeasibleTerms,feasibleToInfeasibleTerms,infeasibleToFeasibleTerms,termRemainsFeasibleBasisInfeasible,cutsChangedCoefficients,feasibleTermsPrunedByBound,tighten_disjunction,tighten_matrix_perturbation,tighten_infeasible_to_feasible_term,tighten_feasible_to_infeasible_basis
0,0,New,64,-59987.196374,-59334.903498,-59391.176871,-52402.244063,-50772.533918,-50768.000000,6.196796,6.335234,7.180665,7.180773,640,5532,3600.000000,111,29,75,GUROBI,1,101,0,0,0,0,0,0,0,0,0
1,0,All,64,-59999.183263,-59364.094831,-59428.439480,-52227.200464,-50782.000000,-50782.000000,0.487881,0.639208,1.573835,1.585253,672,5931,3600.000000,111,29,0,GUROBI,1,101,0,0,0,0,0,1,1,1,1
2,0,All,64,-59983.326237,-59338.616139,-59386.859512,-52111.237905,-50753.000000,-50753.000000,0.362172,0.532036,1.546577,1.563243,661,6524,3600.000000,111,29,0,GUROBI,1,101,0,0,0,0,0,1,1,1,1
3,0,All,64,-59991.225473,-59347.443153,-59403.633974,-52209.029324,-50755.000000,-50755.000000,0.380940,0.607879,1.157496,1.168150,625,5185,3600.000000,111,29,0,GUROBI,1,101,0,0,0,0,0,1,1,1,1
