instanceIndex,seedIndex,vpcGenerator,terms,lpBound,disjunctiveDualBound,lpBoundPostVpc,rootDualBound,dualBound,primalBound,vpcGenerationTime,rootDualBoundTime,bestSolutionTime,terminationTime,nodes,iterations,maxTime,actualTerms,numCuts,cutLimit,mipSolver,providePrimalBound,infeasibleTerms,feasibleToInfeasibleTerms,infeasibleToFeasibleTerms,termRemainsFeasibleBasisInfeasible,cutsChangedCoefficients,feasibleTermsPrunedByBound,tighten_disjunction,tighten_matrix_perturbation,tighten_infeasible_to_feasible_term,tighten_feasible_to_infeasible_basis
0,0,New,64,-60670.366638,-59180.426083,-60275.053697,-53977.888670,-52242.000000,-52242.000000,11.786939,12.046508,12.125908,13.146235,628,4884,3600.000000,64,23,75,GUROBI,1,19,0,0,0,0,0,0,0,0,0
1,0,All,64,-61036.308311,-59757.398409,-60590.968017,-53703.962165,-52381.000000,-52381.000000,0.237692,0.641837,2.642978,2.700314,726,8063,3600.000000,64,23,0,GUROBI,1,19,0,0,0,0,0,1,1,1,1
2,0,All,64,-60731.863781,-59267.854990,-60353.485546,-54162.521664,-52430.000000,-52430.000000,0.216937,0.463127,1.868740,1.895423,662,5656,3600.000000,64,23,0,GUROBI,1,19,0,0,0,0,0,1,1,1,1
3,0,All,64,-60662.756202,-59242.481496,-60307.706790,-54018.546665,-52205.000000,-52205.000000,0.255632,0.518414,1.867058,1.919497,704,6497,3600.000000,64,23,0,GUROBI,1,19,0,0,0,0,0,1,1,1,1
