instanceIndex,seedIndex,vpcGenerator,terms,lpBound,disjunctiveDualBound,lpBoundPostVpc,rootDualBound,dualBound,primalBound,vpcGenerationTime,rootDualBoundTime,bestSolutionTime,terminationTime,nodes,iterations,maxTime,actualTerms,numCuts,cutLimit,mipSolver,providePrimalBound,infeasibleTerms,feasibleToInfeasibleTerms,infeasibleToFeasibleTerms,termRemainsFeasibleBasisInfeasible,cutsChangedCoefficients,feasibleTermsPrunedByBound,tighten_disjunction,tighten_matrix_perturbation,tighten_infeasible_to_feasible_term,tighten_feasible_to_infeasible_basis
0,0,None,4,1415.000000,1415.000000,1415.000000,1525.555556,2810.000000,2810.000000,0.000038,0.344347,2.999477,5.770385,7955,87604,3600.000000,0,0,0,GUROBI,1,0,0,0,0,0,0,0,0,0,0
1,0,None,4,1415.000000,1415.000000,1415.000000,1519.444444,2810.000000,2810.000000,0.000002,0.315829,2.863981,20.015347,22083,303371,3600.000000,0,0,0,GUROBI,1,0,0,0,0,0,0,0,0,0,0
2,0,None,4,1415.000000,1415.000000,1415.000000,1518.000000,2810.000000,2810.000000,0.000003,0.291861,2.196144,17.245722,27592,293450,3600.000000,0,0,0,GUROBI,1,0,0,0,0,0,0,0,0,0,0
3,0,None,4,1415.000000,1415.000000,1415.000000,1519.000000,2810.000000,2810.000000,0.000002,0.266206,2.382544,20.210096,31089,337327,3600.000000,0,0,0,GUROBI,1,0,0,0,0,0,0,0,0,0,0
