instanceIndex,seedIndex,vpcGenerator,terms,lpBound,disjunctiveDualBound,lpBoundPostVpc,rootDualBound,dualBound,primalBound,vpcGenerationTime,rootDualBoundTime,bestSolutionTime,terminationTime,nodes,iterations,maxTime,actualTerms,numCuts,cutLimit,mipSolver,providePrimalBound,infeasibleTerms,feasibleToInfeasibleTerms,infeasibleToFeasibleTerms,termRemainsFeasibleBasisInfeasible,cutsChangedCoefficients,feasibleTermsPrunedByBound,tighten_disjunction,tighten_matrix_perturbation,tighten_infeasible_to_feasible_term,tighten_feasible_to_infeasible_basis
0,0,None,64,115155.000000,115155.000000,115155.000000,115155.000000,115155.000000,115155.000000,0.000002,0.000002,0.113997,0.125600,1,2809,3600.000000,0,0,0,GUROBI,1,0,0,0,0,0,0,0,0,0,0
1,0,None,64,115144.732051,115144.732051,115144.732051,115148.583333,115150.000000,115150.000000,0.000002,0.201324,0.207466,0.211909,1,1949,3600.000000,0,0,0,GUROBI,1,0,0,0,0,0,0,0,0,0,0
2,0,None,64,115152.039021,115152.039021,115152.039021,115159.000000,115159.000000,115159.000000,0.000003,0.224479,0.231710,0.235494,1,1927,3600.000000,0,0,0,GUROBI,1,0,0,0,0,0,0,0,0,0,0
3,0,None,64,115149.650000,115149.650000,115149.650000,115152.000000,115152.000000,115152.000000,0.000003,0.143109,0.000003,0.148261,1,2017,3600.000000,0,0,0,GUROBI,1,0,0,0,0,0,0,0,0,0,0
