instanceIndex,seedIndex,vpcGenerator,terms,lpBound,disjunctiveDualBound,lpBoundPostVpc,rootDualBound,dualBound,primalBound,vpcGenerationTime,rootDualBoundTime,bestSolutionTime,terminationTime,nodes,iterations,maxTime,actualTerms,numCuts,cutLimit,mipSolver,providePrimalBound,infeasibleTerms,feasibleToInfeasibleTerms,infeasibleToFeasibleTerms,termRemainsFeasibleBasisInfeasible,cutsChangedCoefficients,feasibleTermsPrunedByBound,tighten_disjunction,tighten_matrix_perturbation,tighten_infeasible_to_feasible_term,tighten_feasible_to_infeasible_basis
0,0,None,4,39794.745138,39794.745138,39794.745138,52021.177076,52148.000000,52148.000000,0.000002,0.716241,0.785018,0.790042,16,1102,3600.000000,0,0,0,GUROBI,1,0,0,0,0,0,0,0,0,0,0
1,0,None,4,-137740.142713,-137740.142713,-137740.142713,-126096.506854,-94676.000000,-94676.000000,0.000002,1.031705,77.288491,77.452060,10652,354690,3600.000000,0,0,0,GUROBI,1,0,0,0,0,0,0,0,0,0,0
2,0,None,4,-119746.482950,-119746.482950,-119746.482950,-106238.382108,-65471.213539,-62428.000000,0.000001,1.125086,1138.074811,3600.002731,501207,15157954,3600.000000,0,0,0,GUROBI,1,0,0,0,0,0,0,0,0,0,0
3,0,None,4,-84536.003284,-84536.003284,-84536.003284,-71342.223065,-51525.458071,-51523.000000,0.000003,1.015317,50.924369,51.065183,5220,227075,3600.000000,0,0,0,GUROBI,1,0,0,0,0,0,0,0,0,0,0
