instanceIndex,seedIndex,vpcGenerator,terms,lpBound,disjunctiveDualBound,lpBoundPostVpc,rootDualBound,dualBound,primalBound,vpcGenerationTime,rootDualBoundTime,bestSolutionTime,terminationTime,nodes,iterations,maxTime,actualTerms,numCuts,cutLimit,mipSolver,providePrimalBound,infeasibleTerms,feasibleToInfeasibleTerms,infeasibleToFeasibleTerms,termRemainsFeasibleBasisInfeasible,cutsChangedCoefficients,feasibleTermsPrunedByBound,tighten_disjunction,tighten_matrix_perturbation,tighten_infeasible_to_feasible_term,tighten_feasible_to_infeasible_basis
0,0,New,64,39794.745138,40473.153827,39929.165698,52112.431119,52147.655101,52148.000000,29.771998,30.678818,29.771998,30.732288,6,1186,3600.000000,65,68,125,GUROBI,1,49,0,0,0,0,0,0,0,0,0
1,0,Farkas,64,22346.755494,22476.109624,22355.784355,35894.265545,36203.000000,36203.000000,0.945516,1.939194,2.375685,2.381142,87,1988,3600.000000,65,68,0,GUROBI,1,49,0,0,0,0,0,0,0,0,0
2,0,Farkas,64,31297.616570,32027.627431,31364.882713,44440.973742,44626.000000,44626.000000,0.895040,1.892496,1.939445,1.986813,17,1453,3600.000000,65,68,0,GUROBI,1,49,0,0,0,0,0,0,0,0,0
3,0,Farkas,64,35384.198030,36065.760040,35523.407426,47690.422401,47770.000000,47770.000000,0.844641,1.689166,1.726594,1.741055,10,1262,3600.000000,65,68,0,GUROBI,1,49,0,0,0,0,0,0,0,0,0
