instanceIndex,seedIndex,vpcGenerator,terms,lpBound,disjunctiveDualBound,lpBoundPostVpc,rootDualBound,dualBound,primalBound,vpcGenerationTime,rootDualBoundTime,bestSolutionTime,terminationTime,nodes,iterations,maxTime,actualTerms,numCuts,cutLimit,mipSolver,providePrimalBound,infeasibleTerms,feasibleToInfeasibleTerms,infeasibleToFeasibleTerms,termRemainsFeasibleBasisInfeasible,cutsChangedCoefficients,feasibleTermsPrunedByBound,tighten_disjunction,tighten_matrix_perturbation,tighten_infeasible_to_feasible_term,tighten_feasible_to_infeasible_basis
0,0,New,64,39794.745138,40473.153827,39929.165698,52091.289439,52148.000000,52148.000000,29.770568,30.565780,30.616256,30.629363,15,1138,3600.000000,65,68,125,GUROBI,1,49,0,0,0,0,0,0,0,0,0
1,0,All,64,30474.322213,30631.351892,30474.322213,46002.008877,47929.830642,47934.494792,1.363007,2.481948,79.486009,92.269567,12853,370430,3600.000000,65,68,0,GUROBI,1,30,3,22,13,68,0,1,1,1,1
2,0,All,64,18509.880379,21088.940523,18509.880379,32844.507486,34334.467811,34337.569063,1.881171,2.790664,20.869537,21.232392,2625,75114,3600.000000,65,68,0,GUROBI,1,46,11,14,5,68,0,1,1,1,1
3,0,All,64,24225.986920,24717.285101,24225.986920,37399.802804,39202.505491,39203.967803,1.491209,2.319140,47.156082,47.157993,1508,46192,3600.000000,65,68,0,GUROBI,1,15,4,38,12,68,0,1,1,1,1
