instanceIndex,seedIndex,vpcGenerator,terms,lpBound,disjunctiveDualBound,lpBoundPostVpc,rootDualBound,dualBound,primalBound,vpcGenerationTime,rootDualBoundTime,bestSolutionTime,terminationTime,nodes,iterations,maxTime,actualTerms,numCuts,cutLimit,mipSolver,providePrimalBound,infeasibleTerms,feasibleToInfeasibleTerms,infeasibleToFeasibleTerms,termRemainsFeasibleBasisInfeasible,cutsChangedCoefficients,feasibleTermsPrunedByBound,tighten_disjunction,tighten_matrix_perturbation,tighten_infeasible_to_feasible_term,tighten_feasible_to_infeasible_basis
0,0,None,4,52000.000000,52000.000000,52000.000000,52000.000000,52200.000000,52200.000000,0.000001,0.292039,1.968141,2.025063,624,2553,3600.000000,0,0,0,GUROBI,1,0,0,0,0,0,0,0,0,0,0
1,0,None,4,48340.000000,48340.000000,48340.000000,48546.369697,48800.000000,48800.000000,0.000004,0.175901,0.000004,0.181016,1,387,3600.000000,0,0,0,GUROBI,1,0,0,0,0,0,0,0,0,0,0
2,0,None,4,48911.084434,48911.084434,48911.084434,49396.825397,49600.000000,49600.000000,0.000003,0.604891,0.000003,0.606151,1,1406,3600.000000,0,0,0,GUROBI,1,0,0,0,0,0,0,0,0,0,0
3,0,None,4,48221.481481,48221.481481,48221.481481,49000.000000,49200.000000,49200.000000,0.000003,0.420326,1.606888,2.094561,514,2876,3600.000000,0,0,0,GUROBI,1,0,0,0,0,0,0,0,0,0,0
