instanceIndex,seedIndex,vpcGenerator,terms,lpBound,disjunctiveDualBound,lpBoundPostVpc,rootDualBound,dualBound,primalBound,vpcGenerationTime,rootDualBoundTime,bestSolutionTime,terminationTime,nodes,iterations,maxTime,actualTerms,numCuts,cutLimit,mipSolver,providePrimalBound,infeasibleTerms,feasibleToInfeasibleTerms,infeasibleToFeasibleTerms,termRemainsFeasibleBasisInfeasible,cutsChangedCoefficients,feasibleTermsPrunedByBound,tighten_disjunction,tighten_matrix_perturbation,tighten_infeasible_to_feasible_term,tighten_feasible_to_infeasible_basis
0,0,None,4,52000.000000,52000.000000,52000.000000,52000.000000,52200.000000,52200.000000,0.000003,0.172071,1.681462,1.830183,726,2494,3600.000000,0,0,0,GUROBI,1,0,0,0,0,0,0,0,0,0,0
1,0,None,4,51800.000000,51800.000000,51800.000000,51800.000000,52000.000000,52000.000000,0.000002,0.160181,1.529642,1.568196,616,1989,3600.000000,0,0,0,GUROBI,1,0,0,0,0,0,0,0,0,0,0
2,0,None,4,51600.000000,51600.000000,51600.000000,51600.000000,51800.000000,51800.000000,0.000002,0.205539,1.260946,1.303309,456,2278,3600.000000,0,0,0,GUROBI,1,0,0,0,0,0,0,0,0,0,0
3,0,None,4,52000.000000,52000.000000,52000.000000,52000.000000,52200.000000,52200.000000,0.000003,0.153799,0.000003,0.156484,1,1206,3600.000000,0,0,0,GUROBI,1,0,0,0,0,0,0,0,0,0,0
