instanceIndex,seedIndex,vpcGenerator,terms,lpBound,disjunctiveDualBound,lpBoundPostVpc,rootDualBound,dualBound,primalBound,vpcGenerationTime,rootDualBoundTime,bestSolutionTime,terminationTime,nodes,iterations,maxTime,actualTerms,numCuts,cutLimit,mipSolver,providePrimalBound,infeasibleTerms,feasibleToInfeasibleTerms,infeasibleToFeasibleTerms,termRemainsFeasibleBasisInfeasible,cutsChangedCoefficients,feasibleTermsPrunedByBound,tighten_disjunction,tighten_matrix_perturbation,tighten_infeasible_to_feasible_term,tighten_feasible_to_infeasible_basis
0,0,None,4,52000.000000,52000.000000,52000.000000,52000.000000,52200.000000,52200.000000,0.000003,0.108714,0.000003,0.112055,1,562,3600.000000,0,0,0,GUROBI,1,0,0,0,0,0,0,0,0,0,0
1,0,None,4,51861.188745,51861.188745,51861.188745,52063.731254,52065.000000,52067.000000,0.000003,0.373328,0.850337,0.854248,93,1061,3600.000000,0,0,0,GUROBI,1,0,0,0,0,0,0,0,0,0,0
2,0,None,4,51136.185914,51136.185914,51136.185914,51150.529015,51349.000000,51349.000000,0.000004,0.344450,1.069063,2.526857,544,3288,3600.000000,0,0,0,GUROBI,1,0,0,0,0,0,0,0,0,0,0
3,0,None,4,51668.617521,51668.617521,51668.617521,51875.644367,51879.000000,51883.000000,0.000003,0.355278,1.294254,1.514150,484,4797,3600.000000,0,0,0,GUROBI,1,0,0,0,0,0,0,0,0,0,0
