instanceIndex,seedIndex,vpcGenerator,terms,lpBound,disjunctiveDualBound,lpBoundPostVpc,rootDualBound,dualBound,primalBound,vpcGenerationTime,rootDualBoundTime,bestSolutionTime,terminationTime,nodes,iterations,maxTime,actualTerms,numCuts,cutLimit,mipSolver,providePrimalBound,infeasibleTerms,feasibleToInfeasibleTerms,infeasibleToFeasibleTerms,termRemainsFeasibleBasisInfeasible,cutsChangedCoefficients,feasibleTermsPrunedByBound,tighten_disjunction,tighten_matrix_perturbation,tighten_infeasible_to_feasible_term,tighten_feasible_to_infeasible_basis
0,0,New,4,52000.000000,52000.000000,52000.000000,52000.000000,52200.000000,52200.000000,7.021500,7.159898,7.021500,7.162690,1,891,3600.000000,4,24,24,GUROBI,1,0,0,0,0,0,0,0,0,0,0
1,0,All,4,51861.188745,51861.188745,51861.188745,52063.579214,52064.000000,52067.000000,0.134167,0.504793,0.985057,0.989155,87,918,3600.000000,4,24,0,GUROBI,1,0,0,0,0,0,0,1,1,1,1
2,0,All,4,51136.185914,51136.185914,51136.185914,51151.230921,51349.000000,51349.000000,0.140045,0.505142,1.147155,2.226789,535,3486,3600.000000,4,24,0,GUROBI,1,0,0,0,0,0,0,1,1,1,1
3,0,All,4,51668.617521,51668.617521,51668.617521,51875.425755,51879.000000,51882.000000,0.131091,0.514245,4.205519,4.206751,617,6544,3600.000000,4,24,0,GUROBI,1,0,0,0,0,0,1,1,1,1,1
