instanceIndex,seedIndex,vpcGenerator,terms,lpBound,disjunctiveDualBound,lpBoundPostVpc,rootDualBound,dualBound,primalBound,vpcGenerationTime,rootDualBoundTime,bestSolutionTime,terminationTime,nodes,iterations,maxTime,actualTerms,numCuts,cutLimit,mipSolver,providePrimalBound,infeasibleTerms,feasibleToInfeasibleTerms,infeasibleToFeasibleTerms,termRemainsFeasibleBasisInfeasible,cutsChangedCoefficients,feasibleTermsPrunedByBound,tighten_disjunction,tighten_matrix_perturbation,tighten_infeasible_to_feasible_term,tighten_feasible_to_infeasible_basis
0,0,None,4,3801.470588,3801.470588,3801.470588,7534.971617,8105.000000,8105.000000,0.000002,1.830338,33.074119,33.074367,2055,160230,3600.000000,0,0,0,GUROBI,1,0,0,0,0,0,0,0,0,0,0
1,0,None,4,-26449894.833017,-26449894.833017,-26449894.833017,-26449218.467085,-26449179.442206,-26449154.000000,0.000002,0.414316,0.478089,0.480512,12,868,3600.000000,0,0,0,GUROBI,1,0,0,0,0,0,0,0,0,0,0
2,0,None,4,-15344534.077799,-15344534.077799,-15344534.077799,-15343512.083825,-15343465.686351,-15343082.000000,0.000002,0.287427,0.376844,0.377055,18,1394,3600.000000,0,0,0,GUROBI,1,0,0,0,0,0,0,0,0,0,0
3,0,None,4,-60853605.299178,-60853605.299178,-60853605.299178,-60853007.233286,-60852950.911087,-60852938.000000,0.000002,0.220366,13.480229,13.485055,6634,73588,3600.000000,0,0,0,GUROBI,1,0,0,0,0,0,0,0,0,0,0
