instanceIndex,seedIndex,vpcGenerator,terms,lpBound,disjunctiveDualBound,lpBoundPostVpc,rootDualBound,dualBound,primalBound,vpcGenerationTime,rootDualBoundTime,bestSolutionTime,terminationTime,nodes,iterations,maxTime,actualTerms,numCuts,cutLimit,mipSolver,providePrimalBound,infeasibleTerms,feasibleToInfeasibleTerms,infeasibleToFeasibleTerms,termRemainsFeasibleBasisInfeasible,cutsChangedCoefficients,feasibleTermsPrunedByBound,tighten_disjunction,tighten_matrix_perturbation,tighten_infeasible_to_feasible_term,tighten_feasible_to_infeasible_basis
0,0,New,4,3801.470588,4248.529412,4126.476355,7532.480961,8105.000000,8105.000000,1.931485,3.252013,9.623059,21.234425,958,87556,3600.000000,4,11,35,GUROBI,1,0,0,0,0,0,0,0,0,0,0
1,0,Farkas,4,5086.468600,5427.746851,5090.740520,8232.148654,10505.373758,10506.333320,0.270528,1.993120,2125.538986,2125.539378,63712,7815865,3600.000000,4,11,0,GUROBI,1,0,0,0,4,11,0,0,0,0,0
2,0,Farkas,4,4989.692197,5313.131741,5089.184227,8509.293791,10496.789984,10497.812037,0.341023,1.611777,2265.419995,2265.420465,121207,8048979,3600.000000,4,11,0,GUROBI,1,0,0,0,4,11,0,0,0,0,0
3,0,Farkas,4,4401.259755,4771.521843,4530.063881,7400.407535,9497.203916,9897.555556,0.241725,1.984566,3107.964361,3600.244014,87371,13128576,3600.000000,4,11,0,GUROBI,1,0,0,0,4,11,0,0,0,0,0
