instanceIndex,seedIndex,vpcGenerator,terms,lpBound,disjunctiveDualBound,lpBoundPostVpc,rootDualBound,dualBound,primalBound,vpcGenerationTime,rootDualBoundTime,bestSolutionTime,terminationTime,nodes,iterations,maxTime,actualTerms,numCuts,cutLimit,mipSolver,providePrimalBound,infeasibleTerms,feasibleToInfeasibleTerms,infeasibleToFeasibleTerms,termRemainsFeasibleBasisInfeasible,cutsChangedCoefficients,feasibleTermsPrunedByBound,tighten_disjunction,tighten_matrix_perturbation,tighten_infeasible_to_feasible_term,tighten_feasible_to_infeasible_basis
0,0,New,4,3801.470588,4248.529412,4126.476355,7624.490310,8104.432414,8105.000000,2.210084,3.941316,25.844725,26.253961,1559,107696,3600.000000,4,11,35,GUROBI,1,0,0,0,0,0,0,0,0,0,0
1,0,All,4,-26449894.833017,-26449695.473118,-26449894.833017,-26449233.882021,-26449209.276108,-26449154.000000,0.141254,0.472680,0.529222,0.531659,16,951,3600.000000,4,11,0,GUROBI,1,0,0,0,0,0,0,1,1,1,1
2,0,All,4,-15344534.077799,-15344311.293485,-15344534.077799,-15343514.853654,-15343467.090930,-15343286.000000,0.115688,0.456485,0.545237,0.545457,18,1251,3600.000000,4,11,0,GUROBI,1,0,0,0,0,0,0,1,1,1,1
3,0,All,4,-60853605.299178,-60853605.299178,-60853605.299178,-60853004.537173,-60852953.184332,-60852938.000000,0.168092,0.412201,12.469660,12.475032,6628,38189,3600.000000,4,11,0,GUROBI,1,0,0,0,0,0,0,1,1,1,1
