instanceIndex,seedIndex,vpcGenerator,terms,lpBound,disjunctiveDualBound,lpBoundPostVpc,rootDualBound,dualBound,primalBound,vpcGenerationTime,rootDualBoundTime,bestSolutionTime,terminationTime,nodes,iterations,maxTime,actualTerms,numCuts,cutLimit,mipSolver,providePrimalBound,infeasibleTerms,feasibleToInfeasibleTerms,infeasibleToFeasibleTerms,termRemainsFeasibleBasisInfeasible,cutsChangedCoefficients,feasibleTermsPrunedByBound,tighten_disjunction,tighten_matrix_perturbation,tighten_infeasible_to_feasible_term,tighten_feasible_to_infeasible_basis
0,0,New,4,3801.470588,4248.529412,4126.476355,7580.707898,8105.000000,8105.000000,2.207533,3.704086,33.571693,33.572000,1320,113447,3600.000000,4,11,35,GUROBI,1,0,0,0,0,0,0,0,0,0,0
1,0,All,4,3841.631845,3862.135662,3841.631845,5084.857778,5428.287407,5428.287407,0.619049,1.494579,4.967585,5.530788,366,21865,3600.000000,4,11,0,GUROBI,1,0,0,0,4,11,0,1,1,1,1
2,0,All,4,3572.764302,3572.764302,3572.764302,4695.369407,5152.229290,5152.477719,0.605316,1.360715,8.938881,9.355993,782,44466,3600.000000,4,11,0,GUROBI,1,0,0,0,4,11,0,1,1,1,1
3,0,All,4,4288.469649,4655.964344,4288.469649,6120.734677,7040.204313,7040.296728,0.605352,1.534292,37.709106,37.943880,3062,170267,3600.000000,4,11,0,GUROBI,1,0,0,0,4,11,0,1,1,1,1
