instanceIndex,seedIndex,vpcGenerator,terms,lpBound,disjunctiveDualBound,lpBoundPostVpc,rootDualBound,dualBound,primalBound,vpcGenerationTime,rootDualBoundTime,bestSolutionTime,terminationTime,nodes,iterations,maxTime,actualTerms,numCuts,cutLimit,mipSolver,providePrimalBound,infeasibleTerms,feasibleToInfeasibleTerms,infeasibleToFeasibleTerms,termRemainsFeasibleBasisInfeasible,cutsChangedCoefficients,feasibleTermsPrunedByBound,tighten_disjunction,tighten_matrix_perturbation,tighten_infeasible_to_feasible_term,tighten_feasible_to_infeasible_basis
0,0,None,64,3801.470588,3801.470588,3801.470588,7620.761851,8105.000000,8105.000000,0.000007,1.433659,4.865499,16.975293,1049,79669,3600.000000,0,0,0,GUROBI,1,0,0,0,0,0,0,0,0,0,0
1,0,None,64,3833.392157,3833.392157,3833.392157,6619.508098,7313.844364,7314.000000,0.000002,1.004456,27.136693,27.136925,1945,101445,3600.000000,0,0,0,GUROBI,1,0,0,0,0,0,0,0,0,0,0
2,0,None,64,3898.666667,3898.666667,3898.666667,7640.174832,8215.199226,8216.000000,0.000002,1.405490,16.729534,16.729758,1285,71053,3600.000000,0,0,0,GUROBI,1,0,0,0,0,0,0,0,0,0,0
3,0,None,64,3803.274510,3803.274510,3803.274510,7340.251390,7963.489292,7964.000000,0.000002,1.640722,11.482688,24.502296,1754,109562,3600.000000,0,0,0,GUROBI,1,0,0,0,0,0,0,0,0,0,0
