instanceIndex,seedIndex,vpcGenerator,terms,lpBound,disjunctiveDualBound,lpBoundPostVpc,rootDualBound,dualBound,primalBound,vpcGenerationTime,rootDualBoundTime,bestSolutionTime,terminationTime,nodes,iterations,maxTime,actualTerms,numCuts,cutLimit,mipSolver,providePrimalBound,infeasibleTerms,feasibleToInfeasibleTerms,infeasibleToFeasibleTerms,termRemainsFeasibleBasisInfeasible,cutsChangedCoefficients,feasibleTermsPrunedByBound,tighten_disjunction,tighten_matrix_perturbation,tighten_infeasible_to_feasible_term,tighten_feasible_to_infeasible_basis
0,0,New,4,3801.470588,4248.529412,4126.476355,7511.368735,8105.000000,8105.000000,1.458665,2.716625,27.553734,34.888212,1375,100539,3600.000000,4,11,35,GUROBI,1,0,0,0,0,0,0,0,0,0,0
1,0,New,4,3833.392157,4209.862745,4052.647059,6664.094201,7314.000000,7314.000000,1.418424,3.080232,58.166191,60.762613,3580,164608,3600.000000,4,8,33,GUROBI,1,0,0,0,0,0,0,0,0,0,0
2,0,New,4,3898.666667,4345.725490,4221.088710,7523.600667,8216.000000,8216.000000,1.100459,3.901477,35.949568,54.349755,975,94779,3600.000000,4,3,34,GUROBI,1,0,0,0,0,0,0,0,0,0,0
3,0,New,4,3803.274510,4251.058824,4157.014247,7354.667455,7964.000000,7964.000000,1.471609,4.770867,33.886529,49.365982,1091,89151,3600.000000,4,7,34,GUROBI,1,0,0,0,0,0,0,0,0,0,0
