instanceIndex,seedIndex,vpcGenerator,terms,lpBound,disjunctiveDualBound,lpBoundPostVpc,rootDualBound,dualBound,primalBound,vpcGenerationTime,rootDualBoundTime,bestSolutionTime,terminationTime,nodes,iterations,maxTime,actualTerms,numCuts,cutLimit,mipSolver,providePrimalBound,infeasibleTerms,feasibleToInfeasibleTerms,infeasibleToFeasibleTerms,termRemainsFeasibleBasisInfeasible,cutsChangedCoefficients,feasibleTermsPrunedByBound,tighten_disjunction,tighten_matrix_perturbation,tighten_infeasible_to_feasible_term,tighten_feasible_to_infeasible_basis
0,0,New,4,9388.235294,9747.058824,9583.691684,14909.568521,15175.000000,15175.000000,9.553278,12.414468,16.204678,20.143137,681,29249,3600.000000,4,15,38,GUROBI,1,0,0,0,0,0,0,0,0,0,0
1,0,Farkas,4,-1160664.509804,-1160498.470588,-1160514.862745,-1157309.932736,-1157176.892434,-1157073.000000,0.236365,1.672373,3.204710,3.724295,161,8475,3600.000000,4,15,0,GUROBI,1,0,0,0,0,0,0,0,0,0,0
2,0,Farkas,4,9477.901961,9836.725490,9679.956582,14703.082600,15010.228814,15011.000000,0.170135,2.466016,13.934149,21.316520,816,51689,3600.000000,4,15,0,GUROBI,1,0,0,0,0,0,0,0,0,0,0
3,0,Farkas,4,-487327.843137,-486940.705882,-487156.816993,-483222.440091,-483071.912729,-483040.000000,0.221877,1.775463,2.366725,2.395952,35,4128,3600.000000,4,15,0,GUROBI,1,0,0,0,0,0,0,0,0,0,0
