instanceIndex,seedIndex,vpcGenerator,terms,lpBound,disjunctiveDualBound,lpBoundPostVpc,rootDualBound,dualBound,primalBound,vpcGenerationTime,rootDualBoundTime,bestSolutionTime,terminationTime,nodes,iterations,maxTime,actualTerms,numCuts,cutLimit,mipSolver,providePrimalBound,infeasibleTerms,feasibleToInfeasibleTerms,infeasibleToFeasibleTerms,termRemainsFeasibleBasisInfeasible,cutsChangedCoefficients,feasibleTermsPrunedByBound,tighten_disjunction,tighten_matrix_perturbation,tighten_infeasible_to_feasible_term,tighten_feasible_to_infeasible_basis
0,0,New,4,12462.941176,12786.470588,12501.875817,15038.461147,15426.000000,15426.000000,2.061351,3.229423,10.173377,10.173538,607,52960,3600.000000,4,13,30,GUROBI,1,0,0,0,0,0,0,0,0,0,0
1,0,Farkas,4,-13934045.259962,-13934045.259962,-13934045.259962,-13933462.606523,-13933390.372656,-13933348.000000,0.110766,0.319186,0.359998,0.361497,19,1263,3600.000000,4,13,0,GUROBI,1,0,0,0,0,0,0,0,0,0,0
2,0,Farkas,4,-15048301.110057,-15048301.110057,-15048301.110057,-15047149.100426,-15047121.005443,-15046890.000000,0.100437,0.363239,0.451449,0.453096,48,1609,3600.000000,4,13,0,GUROBI,1,0,0,0,0,0,0,0,0,0,0
3,0,Farkas,4,-17072535.278937,-17072535.278937,-17072535.278937,-17071829.554381,-17071825.679438,-17071797.500000,0.104745,0.269030,0.310978,0.311212,15,1251,3600.000000,4,13,0,GUROBI,1,0,0,0,0,0,0,0,0,0,0
