instanceIndex,seedIndex,vpcGenerator,terms,lpBound,disjunctiveDualBound,lpBoundPostVpc,rootDualBound,dualBound,primalBound,vpcGenerationTime,rootDualBoundTime,bestSolutionTime,terminationTime,nodes,iterations,maxTime,actualTerms,numCuts,cutLimit,mipSolver,providePrimalBound,infeasibleTerms,feasibleToInfeasibleTerms,infeasibleToFeasibleTerms,termRemainsFeasibleBasisInfeasible,cutsChangedCoefficients,feasibleTermsPrunedByBound,tighten_disjunction,tighten_matrix_perturbation,tighten_infeasible_to_feasible_term,tighten_feasible_to_infeasible_basis
0,0,New,4,12462.941176,12786.470588,12501.875817,15062.570095,15425.060838,15426.000000,3.965508,5.733412,14.856782,16.612417,590,47595,3600.000000,4,13,30,GUROBI,1,0,0,0,0,0,0,0,0,0,0
1,0,New,4,-318498.666667,-318248.196078,-318326.198366,-316584.126615,-316270.139817,-316239.000000,7.115297,8.505180,23.424052,23.787129,1071,69068,3600.000000,4,30,30,GUROBI,1,0,0,0,0,0,0,0,0,0,0
2,0,New,4,-406972.921569,-406712.745098,-406824.071037,-404822.718281,-404581.567159,-404546.000000,6.455953,8.050862,18.830467,18.830805,538,47800,3600.000000,4,19,26,GUROBI,1,0,0,0,0,0,0,0,0,0,0
3,0,New,4,12704.294118,12962.647059,12851.477687,15029.907824,15431.561745,15432.000000,6.562052,8.222774,39.511277,39.642168,1364,134244,3600.000000,4,31,31,GUROBI,1,0,0,0,0,0,0,0,0,0,0
