instanceIndex,seedIndex,vpcGenerator,terms,lpBound,disjunctiveDualBound,lpBoundPostVpc,rootDualBound,dualBound,primalBound,vpcGenerationTime,rootDualBoundTime,bestSolutionTime,terminationTime,nodes,iterations,maxTime,actualTerms,numCuts,cutLimit,mipSolver,providePrimalBound,infeasibleTerms,feasibleToInfeasibleTerms,infeasibleToFeasibleTerms,termRemainsFeasibleBasisInfeasible,cutsChangedCoefficients,feasibleTermsPrunedByBound,tighten_disjunction,tighten_matrix_perturbation,tighten_infeasible_to_feasible_term,tighten_feasible_to_infeasible_basis
0,0,New,4,12462.941176,12786.470588,12501.875817,15042.858848,15425.751999,15426.000000,3.784511,5.353164,15.717809,18.452157,688,57351,3600.000000,4,13,30,GUROBI,1,0,0,0,0,0,0,0,0,0,0
1,0,All,4,13586.862358,13647.060578,13586.862358,14510.511739,15523.057076,15524.348178,0.753161,1.884166,6.026979,56.179197,3852,205228,3600.000000,4,13,0,GUROBI,1,0,0,0,4,13,0,1,1,1,1
2,0,All,4,13557.603388,13577.453343,13557.603388,14726.461635,15553.002107,15553.002107,0.773110,1.692182,12.763079,12.763454,688,49435,3600.000000,4,13,0,GUROBI,1,0,0,0,4,13,0,1,1,1,1
3,0,All,4,12547.973100,12623.048812,12547.973100,13530.450144,14453.484745,14453.484745,0.736517,1.560251,3.947560,13.484211,871,49958,3600.000000,4,13,0,GUROBI,1,0,0,0,4,13,0,1,1,1,1
