instanceIndex,seedIndex,vpcGenerator,terms,lpBound,disjunctiveDualBound,lpBoundPostVpc,rootDualBound,dualBound,primalBound,vpcGenerationTime,rootDualBoundTime,bestSolutionTime,terminationTime,nodes,iterations,maxTime,actualTerms,numCuts,cutLimit,mipSolver,providePrimalBound,infeasibleTerms,feasibleToInfeasibleTerms,infeasibleToFeasibleTerms,termRemainsFeasibleBasisInfeasible,cutsChangedCoefficients,feasibleTermsPrunedByBound,tighten_disjunction,tighten_matrix_perturbation,tighten_infeasible_to_feasible_term,tighten_feasible_to_infeasible_basis
0,0,None,4,12462.941176,12462.941176,12462.941176,15047.575119,15426.000000,15426.000000,0.000002,1.509501,26.087151,26.585579,875,83238,3600.000000,0,0,0,GUROBI,1,0,0,0,0,0,0,0,0,0,0
1,0,None,4,13085.270182,13085.270182,13085.270182,15513.888962,16511.345371,16512.944444,0.000003,1.779635,116.757324,136.393572,4443,467218,3600.000000,0,0,0,GUROBI,1,0,0,0,0,0,0,0,0,0,0
2,0,None,4,15415.294029,15415.294029,15415.294029,17867.447566,19347.005996,19348.500000,0.000003,1.306665,387.992126,743.058975,27661,2877536,3600.000000,0,0,0,GUROBI,1,0,0,0,0,0,0,0,0,0,0
3,0,None,4,14367.057852,14367.057852,14367.057852,16602.413477,18002.189499,18002.500000,0.000002,2.023460,289.733338,289.735978,10613,1094655,3600.000000,0,0,0,GUROBI,1,0,0,0,0,0,0,0,0,0,0
