instanceIndex,seedIndex,vpcGenerator,terms,lpBound,disjunctiveDualBound,lpBoundPostVpc,rootDualBound,dualBound,primalBound,vpcGenerationTime,rootDualBoundTime,bestSolutionTime,terminationTime,nodes,iterations,maxTime,actualTerms,numCuts,cutLimit,mipSolver,providePrimalBound,infeasibleTerms,feasibleToInfeasibleTerms,infeasibleToFeasibleTerms,termRemainsFeasibleBasisInfeasible,cutsChangedCoefficients,feasibleTermsPrunedByBound,tighten_disjunction,tighten_matrix_perturbation,tighten_infeasible_to_feasible_term,tighten_feasible_to_infeasible_basis
0,0,New,64,-1216923.270104,-935556.416491,-946430.863686,-602550.107069,-53702.074610,12940.219678,51.313143,51.542143,318.455356,3651.314707,1590684,36502418,3600.000000,64,41,41,GUROBI,1,0,0,0,0,0,0,0,0,0,0
1,0,All,64,-614302.049295,-555923.225538,-614302.049295,14180.306878,14967.265470,14967.265470,0.919845,1.241341,1.387146,1.387277,166,2598,3600.000000,64,41,0,GUROBI,1,15,15,0,49,41,0,1,1,1,1
2,0,All,64,14344.886814,14746.726037,14344.886814,18913.958219,18957.807347,18957.807349,0.917559,0.936307,0.917559,0.936756,1,59,3600.000000,64,41,0,GUROBI,1,31,31,0,33,41,0,1,1,1,1
3,0,All,64,-23755.130753,-23495.757975,-23755.130753,-22058.884537,-22058.884537,-22058.884738,1.179759,1.194400,1.198266,1.198653,1,60,3600.000000,64,41,0,GUROBI,1,47,47,0,17,41,0,1,1,1,1
