instanceIndex,seedIndex,vpcGenerator,terms,lpBound,disjunctiveDualBound,lpBoundPostVpc,rootDualBound,dualBound,primalBound,vpcGenerationTime,rootDualBoundTime,bestSolutionTime,terminationTime,nodes,iterations,maxTime,actualTerms,numCuts,cutLimit,mipSolver,providePrimalBound,infeasibleTerms,feasibleToInfeasibleTerms,infeasibleToFeasibleTerms,termRemainsFeasibleBasisInfeasible,cutsChangedCoefficients,feasibleTermsPrunedByBound,tighten_disjunction,tighten_matrix_perturbation,tighten_infeasible_to_feasible_term,tighten_feasible_to_infeasible_basis
0,0,None,4,-14653654.824261,-14653654.824261,-14653654.824261,-14624170.684263,-14612192.060923,-14610731.000000,0.000010,1.044705,202.556527,494.525637,272446,2639870,3600.000000,0,0,0,GUROBI,1,0,0,0,0,0,0,0,0,0,0
1,0,None,4,-13651184.409255,-13651184.409255,-13651184.409255,-13580665.308935,-13480874.054768,-13479597.758732,0.000002,0.294259,11.618208,20.659811,20206,255360,3600.000000,0,0,0,GUROBI,1,0,0,0,0,0,0,0,0,0,0
2,0,None,4,-14352928.678751,-14352928.678751,-14352928.678751,-14297229.368123,-14259389.812964,-14257978.679999,0.000002,0.359104,7.144677,7.207457,3729,89849,3600.000000,0,0,0,GUROBI,1,0,0,0,0,0,0,0,0,0,0
3,0,None,4,-13242918.599747,-13242918.599747,-13242918.599747,-13166741.204153,-13036553.247343,-13035288.449325,0.000002,0.298781,13.271614,19.311169,10768,246747,3600.000000,0,0,0,GUROBI,1,0,0,0,0,0,0,0,0,0,0
