instanceIndex,seedIndex,vpcGenerator,terms,lpBound,disjunctiveDualBound,lpBoundPostVpc,rootDualBound,dualBound,primalBound,vpcGenerationTime,rootDualBoundTime,bestSolutionTime,terminationTime,nodes,iterations,maxTime,actualTerms,numCuts,cutLimit,mipSolver,providePrimalBound,infeasibleTerms,feasibleToInfeasibleTerms,infeasibleToFeasibleTerms,termRemainsFeasibleBasisInfeasible,cutsChangedCoefficients,feasibleTermsPrunedByBound,tighten_disjunction,tighten_matrix_perturbation,tighten_infeasible_to_feasible_term,tighten_feasible_to_infeasible_basis
0,0,None,64,1512800.000000,1512800.000000,1512800.000000,1512800.000000,1512800.000000,1512800.000000,0.000003,0.000003,0.000003,0.189666,1,4340,3600.000000,0,0,0,GUROBI,1,0,0,0,0,0,0,0,0,0,0
1,0,None,64,1509585.550000,1509585.550000,1509585.550000,1510213.122249,1510402.000000,1510492.000000,0.000002,1.181498,3600.002999,3600.003233,132804,12335977,3600.000000,0,0,0,GUROBI,1,0,0,0,0,0,0,0,0,0,0
2,0,None,64,1511647.222222,1511647.222222,1511647.222222,1511864.254880,1511941.460761,1512056.000000,0.000002,1.000779,3551.500126,3551.522393,122040,12356873,3600.000000,0,0,0,GUROBI,1,0,0,0,0,0,0,0,0,0,0
3,0,None,64,1510515.700000,1510515.700000,1510515.700000,1510950.143001,1511084.751548,1511212.000000,0.000003,1.558041,1963.374790,3600.004444,70962,11476965,3600.000000,0,0,0,GUROBI,1,0,0,0,0,0,0,0,0,0,0
