instanceIndex,seedIndex,vpcGenerator,terms,lpBound,disjunctiveDualBound,lpBoundPostVpc,rootDualBound,dualBound,primalBound,vpcGenerationTime,rootDualBoundTime,bestSolutionTime,terminationTime,nodes,iterations,maxTime,actualTerms,numCuts,cutLimit,mipSolver,providePrimalBound,infeasibleTerms,feasibleToInfeasibleTerms,infeasibleToFeasibleTerms,termRemainsFeasibleBasisInfeasible,cutsChangedCoefficients,feasibleTermsPrunedByBound,tighten_disjunction,tighten_matrix_perturbation,tighten_infeasible_to_feasible_term,tighten_feasible_to_infeasible_basis
0,0,New,4,31235.742857,31235.742857,31235.742857,31875.600000,32075.600000,32075.600000,98.630109,98.982753,98.630109,98.989974,1,325,3600.000000,4,4,60,GUROBI,1,0,0,0,0,0,0,0,0,0,0
1,0,New,4,30608.433333,31201.933333,31201.933333,32050.600000,32075.600000,32075.600000,7.241352,7.812980,7.241352,7.820395,1,362,3600.000000,7,1,52,GUROBI,1,5,0,0,0,0,0,0,0,0,0
2,0,New,4,31235.742857,31235.742857,31235.742857,31875.600000,32075.600000,32075.600000,28.008654,28.371072,28.008654,28.377499,1,359,3600.000000,10,2,72,GUROBI,1,8,0,0,0,0,0,0,0,0,0
3,0,New,4,30701.742857,31235.742857,31235.742857,31669.600000,31681.600000,31681.600000,16.285201,16.634294,16.285201,16.640745,1,358,3600.000000,13,2,68,GUROBI,1,11,0,0,0,0,0,0,0,0,0
