instanceIndex,seedIndex,vpcGenerator,terms,lpBound,disjunctiveDualBound,lpBoundPostVpc,rootDualBound,dualBound,primalBound,vpcGenerationTime,rootDualBoundTime,bestSolutionTime,terminationTime,nodes,iterations,maxTime,actualTerms,numCuts,cutLimit,mipSolver,providePrimalBound,infeasibleTerms,feasibleToInfeasibleTerms,infeasibleToFeasibleTerms,termRemainsFeasibleBasisInfeasible,cutsChangedCoefficients,feasibleTermsPrunedByBound,tighten_disjunction,tighten_matrix_perturbation,tighten_infeasible_to_feasible_term,tighten_feasible_to_infeasible_basis
0,0,New,4,-14653654.824261,-14653590.409652,-14653590.409652,-14624243.537940,-14612191.954034,-14610731.000000,0.435036,0.626914,136.826831,457.424789,262767,2431281,3600.000000,4,4,43,GUROBI,1,1,0,0,0,0,0,0,0,0,0
1,0,New,4,-14725928.434216,-14725842.785180,-14725919.829077,-14698443.601700,-14683681.352941,-14682213.500000,0.604441,0.898247,53.048846,84.056424,66518,799872,3600.000000,4,9,43,GUROBI,1,0,0,0,0,0,0,0,0,0,0
2,0,New,4,-14623790.212493,-14623692.886598,-14623728.119687,-14602093.492911,-14593954.521273,-14592496.411765,3.182554,3.454866,18.599808,21.590686,15386,231820,3600.000000,18,22,38,GUROBI,1,16,0,0,0,0,0,0,0,0,0
3,0,New,4,-14931769.158955,-14931444.918680,-14931472.307077,-14906290.153883,-14894390.267151,-14893348.500000,1.752123,2.036421,89.820995,89.821322,70624,974051,3600.000000,17,9,46,GUROBI,1,15,0,0,0,0,0,0,0,0,0
