instanceIndex,seedIndex,vpcGenerator,terms,lpBound,disjunctiveDualBound,lpBoundPostVpc,rootDualBound,dualBound,primalBound,vpcGenerationTime,rootDualBoundTime,bestSolutionTime,terminationTime,nodes,iterations,maxTime,actualTerms,numCuts,cutLimit,mipSolver,providePrimalBound,infeasibleTerms,feasibleToInfeasibleTerms,infeasibleToFeasibleTerms,termRemainsFeasibleBasisInfeasible,cutsChangedCoefficients,feasibleTermsPrunedByBound,tighten_disjunction,tighten_matrix_perturbation,tighten_infeasible_to_feasible_term,tighten_feasible_to_infeasible_basis
0,0,None,64,1160625.000000,1160625.000000,1160625.000000,1210625.000000,1210625.000000,1210625.000000,0.000004,0.061229,0.000004,0.066506,1,1975,3600.000000,0,0,0,GUROBI,1,0,0,0,0,0,0,0,0,0,0
1,0,None,64,1160362.000000,1160362.000000,1160362.000000,1210355.133333,1210355.133333,1210362.000000,0.000002,0.060281,0.000002,0.063578,1,1487,3600.000000,0,0,0,GUROBI,1,0,0,0,0,0,0,0,0,0,0
2,0,None,64,1159979.250000,1159979.250000,1159979.250000,1209948.916667,1209948.916667,1209961.000000,0.000002,0.061000,0.000002,0.065709,1,1417,3600.000000,0,0,0,GUROBI,1,0,0,0,0,0,0,0,0,0,0
3,0,None,64,1160225.805556,1160225.805556,1160225.805556,1210205.933333,1210208.566667,1210219.000000,0.000002,0.087797,0.000002,0.089587,1,1505,3600.000000,0,0,0,GUROBI,1,0,0,0,0,0,0,0,0,0,0
