instanceIndex,seedIndex,vpcGenerator,terms,lpBound,disjunctiveDualBound,lpBoundPostVpc,rootDualBound,dualBound,primalBound,vpcGenerationTime,rootDualBoundTime,bestSolutionTime,terminationTime,nodes,iterations,maxTime,actualTerms,numCuts,cutLimit,mipSolver,providePrimalBound,infeasibleTerms,feasibleToInfeasibleTerms,infeasibleToFeasibleTerms,termRemainsFeasibleBasisInfeasible,cutsChangedCoefficients,feasibleTermsPrunedByBound,tighten_disjunction,tighten_matrix_perturbation,tighten_infeasible_to_feasible_term,tighten_feasible_to_infeasible_basis
0,0,None,4,4970975.847015,4970975.847015,4970975.847015,6013388.028027,6021720.000000,6021720.000000,0.000003,0.398081,0.000003,0.414105,1,1422,3600.000000,0,0,0,GUROBI,1,0,0,0,0,0,0,0,0,0,0
1,0,None,4,4682451.109370,4682451.109370,4682451.109370,5126106.789778,5309784.000000,5309784.000000,0.000002,0.114761,0.000002,0.124778,1,346,3600.000000,0,0,0,GUROBI,1,0,0,0,0,0,0,0,0,0,0
2,0,None,4,4622580.000000,4622580.000000,4622580.000000,4622580.000000,4622580.000000,4622580.000000,0.000002,0.024742,0.000002,0.024742,0,0,3600.000000,0,0,0,GUROBI,1,0,0,0,0,0,0,0,0,0,0
3,0,None,4,4666622.943379,4666622.943379,4666622.943379,5000237.797286,5309784.000000,5309784.000000,0.000002,0.109707,0.000002,0.112690,1,526,3600.000000,0,0,0,GUROBI,1,0,0,0,0,0,0,0,0,0,0
