instanceIndex,seedIndex,vpcGenerator,terms,lpBound,disjunctiveDualBound,lpBoundPostVpc,rootDualBound,dualBound,primalBound,vpcGenerationTime,rootDualBoundTime,bestSolutionTime,terminationTime,nodes,iterations,maxTime,actualTerms,numCuts,cutLimit,mipSolver,providePrimalBound,infeasibleTerms,feasibleToInfeasibleTerms,infeasibleToFeasibleTerms,termRemainsFeasibleBasisInfeasible,cutsChangedCoefficients,feasibleTermsPrunedByBound,tighten_disjunction,tighten_matrix_perturbation,tighten_infeasible_to_feasible_term,tighten_feasible_to_infeasible_basis
0,0,New,4,7345804.855333,7672580.083937,7510781.209948,9560211.364825,15465800.718000,15465800.718000,11.115002,18.800766,383.985862,1197.169097,12274,2758572,3600.000000,4,18,265,GUROBI,1,0,0,0,0,0,0,0,0,0,0
1,0,All,4,973829.340691,1116784.786690,1037519.401082,5049383.214305,8401699.541406,10785459.561250,1.478249,8.877462,3601.485305,3601.486038,1525315,15202657,3600.000000,4,18,0,GUROBI,1,0,0,0,4,18,0,1,1,1,1
2,0,All,4,-14266299.674655,-14078689.598533,-14264229.284413,25168.130476,4863541.777852,5597935.331500,1.847477,5.867997,2923.521452,3601.855033,2494075,12554970,3600.000000,4,18,0,GUROBI,1,0,0,0,4,18,0,1,1,1,1
3,0,All,4,-7599895.869723,-6941199.971287,-7599895.869723,2358091.364774,7116651.336267,7683659.448500,1.856455,6.159997,1.856455,3601.857041,3093099,16742152,3600.000000,4,18,0,GUROBI,1,2,2,0,2,18,0,1,1,1,1
