instanceIndex,seedIndex,vpcGenerator,terms,lpBound,disjunctiveDualBound,lpBoundPostVpc,rootDualBound,dualBound,primalBound,vpcGenerationTime,rootDualBoundTime,bestSolutionTime,terminationTime,nodes,iterations,maxTime,actualTerms,numCuts,cutLimit,mipSolver,providePrimalBound,infeasibleTerms,feasibleToInfeasibleTerms,infeasibleToFeasibleTerms,termRemainsFeasibleBasisInfeasible,cutsChangedCoefficients,feasibleTermsPrunedByBound,tighten_disjunction,tighten_matrix_perturbation,tighten_infeasible_to_feasible_term,tighten_feasible_to_infeasible_basis
0,0,None,4,5711620.957128,5711620.957128,5711620.957128,5743820.051997,5761158.871617,5761665.217720,0.000001,1.280451,7.557829,13.292039,5121,16122,3600.000000,0,0,0,GUROBI,1,0,0,0,0,0,0,0,0,0,0
1,0,None,4,5362307.908234,5362307.908234,5362307.908234,5438014.516143,5449863.689374,5450405.996235,0.000001,1.547075,3.896790,5.353426,2167,9845,3600.000000,0,0,0,GUROBI,1,0,0,0,0,0,0,0,0,0,0
2,0,None,4,5443500.801537,5443500.801537,5443500.801537,5489860.810608,5496409.268788,5496956.860230,0.000001,1.453832,9.267611,12.062057,5765,18412,3600.000000,0,0,0,GUROBI,1,0,0,0,0,0,0,0,0,0,0
3,0,None,4,5043467.445671,5043467.445671,5043467.445671,5134115.062748,5140763.169480,5141200.775010,0.000002,1.802149,2.571259,2.941108,464,3554,3600.000000,0,0,0,GUROBI,1,0,0,0,0,0,0,0,0,0,0
