instanceIndex,seedIndex,vpcGenerator,terms,lpBound,disjunctiveDualBound,lpBoundPostVpc,rootDualBound,dualBound,primalBound,vpcGenerationTime,rootDualBoundTime,bestSolutionTime,terminationTime,nodes,iterations,maxTime,actualTerms,numCuts,cutLimit,mipSolver,providePrimalBound,infeasibleTerms,feasibleToInfeasibleTerms,infeasibleToFeasibleTerms,termRemainsFeasibleBasisInfeasible,cutsChangedCoefficients,feasibleTermsPrunedByBound,tighten_disjunction,tighten_matrix_perturbation,tighten_infeasible_to_feasible_term,tighten_feasible_to_infeasible_basis
0,0,None,4,8877.000000,8877.000000,8877.000000,10596.500000,14392.000000,14393.000000,0.000010,0.107412,1.034282,1776.396364,4195358,27241216,3600.000000,0,0,0,GUROBI,1,0,0,0,0,0,0,0,0,0,0
1,0,None,4,8754.071429,8754.071429,8754.071429,9912.362625,13668.000000,14512.000000,0.000002,0.062042,2430.408777,3600.001510,3106529,20850544,3600.000000,0,0,0,GUROBI,1,0,0,0,0,0,0,0,0,0,0
2,0,None,4,8668.457143,8668.457143,8668.457143,9819.083333,14016.285714,14354.000000,0.000003,0.065439,23.435102,3600.000778,3848912,21984966,3600.000000,0,0,0,GUROBI,1,0,0,0,0,0,0,0,0,0,0
3,0,None,4,8815.500000,8815.500000,8815.500000,10054.512897,14111.664835,14455.000000,0.000001,0.141210,7.318589,3600.003088,3732266,24377560,3600.000000,0,0,0,GUROBI,1,0,0,0,0,0,0,0,0,0,0
