instanceIndex,seedIndex,vpcGenerator,terms,lpBound,disjunctiveDualBound,lpBoundPostVpc,rootDualBound,dualBound,primalBound,vpcGenerationTime,rootDualBoundTime,bestSolutionTime,terminationTime,nodes,iterations,maxTime,actualTerms,numCuts,cutLimit,mipSolver,providePrimalBound,infeasibleTerms,feasibleToInfeasibleTerms,infeasibleToFeasibleTerms,termRemainsFeasibleBasisInfeasible,cutsChangedCoefficients,feasibleTermsPrunedByBound,tighten_disjunction,tighten_matrix_perturbation,tighten_infeasible_to_feasible_term,tighten_feasible_to_infeasible_basis
0,0,None,64,4970975.847015,4970975.847015,4970975.847015,6013388.028027,6021720.000000,6021720.000000,0.000002,0.224706,0.000002,0.228576,1,1422,3600.000000,0,0,0,GUROBI,1,0,0,0,0,0,0,0,0,0,0
1,0,None,64,4682451.109370,4682451.109370,4682451.109370,5126106.789778,5309784.000000,5309784.000000,0.000002,0.063994,0.000002,0.066481,1,346,3600.000000,0,0,0,GUROBI,1,0,0,0,0,0,0,0,0,0,0
2,0,None,64,4622580.000000,4622580.000000,4622580.000000,4622580.000000,4622580.000000,4622580.000000,0.000001,0.026585,0.000001,0.026585,0,0,3600.000000,0,0,0,GUROBI,1,0,0,0,0,0,0,0,0,0,0
3,0,None,64,4666622.943379,4666622.943379,4666622.943379,5000237.797286,5309784.000000,5309784.000000,0.000002,0.103739,0.000002,0.106631,1,526,3600.000000,0,0,0,GUROBI,1,0,0,0,0,0,0,0,0,0,0
