instanceIndex,seedIndex,vpcGenerator,terms,lpBound,disjunctiveDualBound,lpBoundPostVpc,rootDualBound,dualBound,primalBound,vpcGenerationTime,rootDualBoundTime,bestSolutionTime,terminationTime,nodes,iterations,maxTime,actualTerms,numCuts,cutLimit,mipSolver,providePrimalBound,infeasibleTerms,feasibleToInfeasibleTerms,infeasibleToFeasibleTerms,termRemainsFeasibleBasisInfeasible,cutsChangedCoefficients,feasibleTermsPrunedByBound,tighten_disjunction,tighten_matrix_perturbation,tighten_infeasible_to_feasible_term,tighten_feasible_to_infeasible_basis
0,0,None,64,10593526.000000,10593526.000000,10593526.000000,11461176.277183,11806518.866703,11807698.000000,0.000009,0.649371,149.435443,156.071005,49844,881591,3600.000000,0,0,0,GUROBI,1,0,0,0,0,0,0,0,0,0,0
1,0,None,64,10574317.000000,10574317.000000,10574317.000000,11435791.615108,11791216.439781,11791607.625000,0.000002,0.629902,61.259638,61.260546,16902,266365,3600.000000,0,0,0,GUROBI,1,0,0,0,0,0,0,0,0,0,0
2,0,None,64,10572694.875000,10572694.875000,10572694.875000,11460474.300607,11785528.119305,11786705.500000,0.000003,0.627091,159.214978,159.215292,54148,938542,3600.000000,0,0,0,GUROBI,1,0,0,0,0,0,0,0,0,0,0
3,0,None,64,10571975.125000,10571975.125000,10571975.125000,11474420.202799,11805520.845136,11806697.500000,0.000004,0.738307,153.503003,185.802114,59311,1067683,3600.000000,0,0,0,GUROBI,1,0,0,0,0,0,0,0,0,0,0
