instanceIndex,seedIndex,vpcGenerator,terms,lpBound,disjunctiveDualBound,lpBoundPostVpc,rootDualBound,dualBound,primalBound,vpcGenerationTime,rootDualBoundTime,bestSolutionTime,terminationTime,nodes,iterations,maxTime,actualTerms,numCuts,cutLimit,mipSolver,providePrimalBound,infeasibleTerms,feasibleToInfeasibleTerms,infeasibleToFeasibleTerms,termRemainsFeasibleBasisInfeasible,cutsChangedCoefficients,feasibleTermsPrunedByBound,tighten_disjunction,tighten_matrix_perturbation,tighten_infeasible_to_feasible_term,tighten_feasible_to_infeasible_basis
0,0,None,4,1286800.000000,1286800.000000,1286800.000000,1286800.000000,1286800.000000,1286800.000000,0.000003,0.000003,0.000003,0.275465,1,5588,3600.000000,0,0,0,GUROBI,1,0,0,0,0,0,0,0,0,0,0
1,0,None,4,1285862.500000,1285862.500000,1285862.500000,1286800.000000,1286800.000000,1286800.000000,0.000003,0.000003,0.000003,0.279526,1,5525,3600.000000,0,0,0,GUROBI,1,0,0,0,0,0,0,0,0,0,0
2,0,None,4,1284925.000000,1284925.000000,1284925.000000,1284925.000000,1286800.000000,1286800.000000,0.000003,1.572819,9.907206,9.908684,659,22125,3600.000000,0,0,0,GUROBI,1,0,0,0,0,0,0,0,0,0,0
3,0,None,4,1283050.000000,1283050.000000,1283050.000000,1283050.000000,1286800.000000,1286800.000000,0.000003,1.389173,9.535420,9.538336,625,19235,3600.000000,0,0,0,GUROBI,1,0,0,0,0,0,0,0,0,0,0
