instanceIndex,seedIndex,vpcGenerator,terms,lpBound,disjunctiveDualBound,lpBoundPostVpc,rootDualBound,dualBound,primalBound,vpcGenerationTime,rootDualBoundTime,bestSolutionTime,terminationTime,nodes,iterations,maxTime,actualTerms,numCuts,cutLimit,mipSolver,providePrimalBound,infeasibleTerms,feasibleToInfeasibleTerms,infeasibleToFeasibleTerms,termRemainsFeasibleBasisInfeasible,cutsChangedCoefficients,feasibleTermsPrunedByBound,tighten_disjunction,tighten_matrix_perturbation,tighten_infeasible_to_feasible_term,tighten_feasible_to_infeasible_basis
0,0,None,64,1209900.000000,1209900.000000,1209900.000000,1231200.000000,1232700.000000,1232700.000000,0.000002,1.681737,0.000002,1.682725,1,10361,3600.000000,0,0,0,GUROBI,1,0,0,0,0,0,0,0,0,0,0
1,0,None,64,1189768.750000,1189768.750000,1189768.750000,1210166.666667,1214900.000000,1218500.000000,0.000002,0.839747,2.036105,3600.006877,523543,17612080,3600.000000,0,0,0,GUROBI,1,0,0,0,0,0,0,0,0,0,0
2,0,None,64,1189550.000000,1189550.000000,1189550.000000,1213600.000000,1214800.000000,1214900.000000,0.000003,1.367002,3.736675,21.937387,2705,75537,3600.000000,0,0,0,GUROBI,1,0,0,0,0,0,0,0,0,0,0
3,0,None,64,1179543.750000,1179543.750000,1179543.750000,1200100.000000,1200600.000000,1200600.000000,0.000002,0.821022,0.000002,0.821974,1,5412,3600.000000,0,0,0,GUROBI,1,0,0,0,0,0,0,0,0,0,0
