instanceIndex,seedIndex,vpcGenerator,terms,lpBound,disjunctiveDualBound,lpBoundPostVpc,rootDualBound,dualBound,primalBound,vpcGenerationTime,rootDualBoundTime,bestSolutionTime,terminationTime,nodes,iterations,maxTime,actualTerms,numCuts,cutLimit,mipSolver,providePrimalBound,infeasibleTerms,feasibleToInfeasibleTerms,infeasibleToFeasibleTerms,termRemainsFeasibleBasisInfeasible,cutsChangedCoefficients,feasibleTermsPrunedByBound,tighten_disjunction,tighten_matrix_perturbation,tighten_infeasible_to_feasible_term,tighten_feasible_to_infeasible_basis
0,0,New,64,4970975.847015,4996784.416595,4996784.416595,5954060.028027,6021720.000000,6021720.000000,79.111340,79.489713,79.111340,79.502533,1,2077,3600.000000,64,8,8,GUROBI,1,16,0,0,0,0,0,0,0,0,0
1,0,Farkas,64,4682451.109370,4682451.109370,4682451.109370,5148037.813746,5309784.000000,5309784.000000,1.283292,1.428298,1.283292,1.430720,1,377,3600.000000,64,8,0,GUROBI,1,26,10,0,37,8,0,0,0,0,0
2,0,Farkas,64,4622580.000000,4622580.000000,4622580.000000,4622580.000000,4622580.000000,4622580.000000,1.253863,1.305800,1.253863,1.305800,0,0,3600.000000,64,8,0,GUROBI,1,16,0,0,48,8,0,0,0,0,0
3,0,Farkas,64,4666622.943379,4675211.131182,4666622.943379,5000237.797286,5309784.000000,5309784.000000,1.311353,1.490176,1.311353,1.493312,1,535,3600.000000,64,8,0,GUROBI,1,24,8,0,17,8,0,0,0,0,0
