instanceIndex,seedIndex,vpcGenerator,terms,lpBound,disjunctiveDualBound,lpBoundPostVpc,rootDualBound,dualBound,primalBound,vpcGenerationTime,rootDualBoundTime,bestSolutionTime,terminationTime,nodes,iterations,maxTime,actualTerms,numCuts,cutLimit,mipSolver,providePrimalBound,infeasibleTerms,feasibleToInfeasibleTerms,infeasibleToFeasibleTerms,termRemainsFeasibleBasisInfeasible,cutsChangedCoefficients,feasibleTermsPrunedByBound,tighten_disjunction,tighten_matrix_perturbation,tighten_infeasible_to_feasible_term,tighten_feasible_to_infeasible_basis
0,0,None,64,1209900.000000,1209900.000000,1209900.000000,1231200.000000,1232700.000000,1232700.000000,0.000003,1.351002,0.000003,1.351970,1,6313,3600.000000,0,0,0,GUROBI,1,0,0,0,0,0,0,0,0,0,0
1,0,None,64,1209900.000000,1209900.000000,1209900.000000,1231200.000000,1232700.000000,1232700.000000,0.000002,1.610018,0.000002,1.610932,1,10474,3600.000000,0,0,0,GUROBI,1,0,0,0,0,0,0,0,0,0,0
2,0,None,64,1206900.000000,1206900.000000,1206900.000000,1228700.000000,1232000.000000,1232000.000000,0.000003,1.902933,2.325563,6.878155,533,23539,3600.000000,0,0,0,GUROBI,1,0,0,0,0,0,0,0,0,0,0
3,0,None,64,1208400.000000,1208400.000000,1208400.000000,1231200.000000,1232700.000000,1232700.000000,0.000003,1.607075,0.000003,1.607995,1,10213,3600.000000,0,0,0,GUROBI,1,0,0,0,0,0,0,0,0,0,0
