instanceIndex,seedIndex,vpcGenerator,terms,lpBound,disjunctiveDualBound,lpBoundPostVpc,rootDualBound,dualBound,primalBound,vpcGenerationTime,rootDualBoundTime,bestSolutionTime,terminationTime,nodes,iterations,maxTime,actualTerms,numCuts,cutLimit,mipSolver,providePrimalBound,infeasibleTerms,feasibleToInfeasibleTerms,infeasibleToFeasibleTerms,termRemainsFeasibleBasisInfeasible,cutsChangedCoefficients,feasibleTermsPrunedByBound,tighten_disjunction,tighten_matrix_perturbation,tighten_infeasible_to_feasible_term,tighten_feasible_to_infeasible_basis
0,0,New,4,60224.082818,60326.823134,60324.687590,64728.308064,64825.156961,64829.590000,4.211705,5.564677,7.218366,7.218806,254,7653,3600.000000,4,10,47,GUROBI,1,0,0,0,0,0,0,0,0,0,0
1,0,Farkas,4,54949.938596,55077.524295,55010.232111,60750.459873,60978.561667,60978.561667,0.097081,2.980450,19.195171,19.196799,624,50422,3600.000000,4,10,0,GUROBI,1,0,0,0,0,0,0,0,0,0,0
2,0,Farkas,4,59116.886419,59268.112614,59193.270997,64245.396818,64360.489558,64361.010000,0.077022,2.447544,7.504210,9.722704,546,30658,3600.000000,4,10,0,GUROBI,1,0,0,0,0,0,0,0,0,0,0
3,0,Farkas,4,59189.122091,59260.578924,59228.393426,64661.423496,64721.010042,64725.083333,0.091455,2.953346,4.777045,5.107617,117,11508,3600.000000,4,10,0,GUROBI,1,0,0,0,0,0,0,0,0,0,0
