instanceIndex,seedIndex,vpcGenerator,terms,lpBound,disjunctiveDualBound,lpBoundPostVpc,rootDualBound,dualBound,primalBound,vpcGenerationTime,rootDualBoundTime,bestSolutionTime,terminationTime,nodes,iterations,maxTime,actualTerms,numCuts,cutLimit,mipSolver,providePrimalBound,infeasibleTerms,feasibleToInfeasibleTerms,infeasibleToFeasibleTerms,termRemainsFeasibleBasisInfeasible,cutsChangedCoefficients,feasibleTermsPrunedByBound,tighten_disjunction,tighten_matrix_perturbation,tighten_infeasible_to_feasible_term,tighten_feasible_to_infeasible_basis
0,0,New,4,248.325000,248.325000,248.325000,3049.071537,3274.810000,3274.810000,152.196671,156.516527,261.135662,275.409839,1817,257094,3600.000000,4,2,184,GUROBI,1,0,0,0,0,0,0,0,0,0,0
1,0,All,4,227.780188,228.312882,227.835255,3035.127027,3270.810000,3270.810000,0.362781,4.198711,96.979947,114.704871,1735,218937,3600.000000,4,2,0,GUROBI,1,0,0,0,0,0,0,1,1,1,1
2,0,All,4,219.618750,221.481603,221.289360,3050.080502,3273.810000,3273.809872,0.374335,4.340473,52.321714,98.469653,1351,189740,3600.000000,4,2,0,GUROBI,1,0,0,0,0,0,0,1,1,1,1
3,0,All,4,177.073991,177.073991,177.073991,3052.292597,3262.528468,3262.810000,0.423789,4.650477,162.941360,163.759073,3103,355347,3600.000000,4,2,0,GUROBI,1,0,0,0,0,0,0,1,1,1,1
