instanceIndex,seedIndex,vpcGenerator,terms,lpBound,disjunctiveDualBound,lpBoundPostVpc,rootDualBound,dualBound,primalBound,vpcGenerationTime,rootDualBoundTime,bestSolutionTime,terminationTime,nodes,iterations,maxTime,actualTerms,numCuts,cutLimit,mipSolver,providePrimalBound,infeasibleTerms,feasibleToInfeasibleTerms,infeasibleToFeasibleTerms,termRemainsFeasibleBasisInfeasible,cutsChangedCoefficients,feasibleTermsPrunedByBound,tighten_disjunction,tighten_matrix_perturbation,tighten_infeasible_to_feasible_term,tighten_feasible_to_infeasible_basis
0,0,New,4,5136.205301,5441.169355,5333.672787,5406.791503,6730.000000,6730.000000,204.183793,207.950428,307.764549,324.082957,8501,236672,3600.000000,4,96,96,GUROBI,1,0,0,0,0,0,0,0,0,0,0
1,0,New,4,4962.037145,5259.193057,5139.782090,5160.973200,6543.000000,6543.000000,223.957806,227.144181,350.463593,350.737204,9902,246188,3600.000000,4,116,116,GUROBI,1,0,0,0,0,0,0,0,0,0,0
2,0,New,4,5018.326738,5316.811866,5188.887101,5255.080985,6615.000000,6615.000000,244.394836,247.857106,307.744267,329.005942,6264,153463,3600.000000,4,115,115,GUROBI,1,0,0,0,0,0,0,0,0,0,0
3,0,New,4,5004.022766,5304.293315,5180.127633,5229.474581,6591.000000,6591.000000,233.522924,237.806344,350.191235,362.429085,9948,226650,3600.000000,4,114,114,GUROBI,1,0,0,0,0,0,0,0,0,0,0
