instanceIndex,seedIndex,vpcGenerator,terms,lpBound,disjunctiveDualBound,lpBoundPostVpc,rootDualBound,dualBound,primalBound,vpcGenerationTime,rootDualBoundTime,bestSolutionTime,terminationTime,nodes,iterations,maxTime,actualTerms,numCuts,cutLimit,mipSolver,providePrimalBound,infeasibleTerms,feasibleToInfeasibleTerms,infeasibleToFeasibleTerms,termRemainsFeasibleBasisInfeasible,cutsChangedCoefficients,feasibleTermsPrunedByBound,tighten_disjunction,tighten_matrix_perturbation,tighten_infeasible_to_feasible_term,tighten_feasible_to_infeasible_basis
0,0,New,64,8877.000000,9066.285714,9061.492126,10488.000000,14392.000000,14393.000000,4.406136,4.522960,833.922212,2564.008418,4206278,27378196,3600.000000,82,24,24,GUROBI,1,69,0,0,0,0,0,0,0,0,0
1,0,New,64,8818.285714,9007.357143,8978.308278,10236.246914,14361.571429,14363.000000,4.273278,4.384654,1475.797399,3059.761470,4175139,28025895,3600.000000,80,24,24,GUROBI,1,73,0,0,0,0,0,0,0,0,0
2,0,New,64,8837.035714,9084.321429,9038.836368,10611.644042,13422.714286,14386.000000,4.201246,4.342690,1792.550865,3604.202635,2856786,17798387,3600.000000,81,28,28,GUROBI,1,72,0,0,0,0,0,0,0,0,0
3,0,New,64,8769.249487,8874.571429,8817.346999,9878.243650,14363.571429,14365.000000,4.432763,4.518876,24.505264,3174.797291,4256526,28725374,3600.000000,80,28,28,GUROBI,1,71,0,0,0,0,0,0,0,0,0
