instanceIndex,seedIndex,vpcGenerator,terms,lpBound,disjunctiveDualBound,lpBoundPostVpc,rootDualBound,dualBound,primalBound,vpcGenerationTime,rootDualBoundTime,bestSolutionTime,terminationTime,nodes,iterations,maxTime,actualTerms,numCuts,cutLimit,mipSolver,providePrimalBound,infeasibleTerms,feasibleToInfeasibleTerms,infeasibleToFeasibleTerms,termRemainsFeasibleBasisInfeasible,cutsChangedCoefficients,feasibleTermsPrunedByBound,tighten_disjunction,tighten_matrix_perturbation,tighten_infeasible_to_feasible_term,tighten_feasible_to_infeasible_basis
0,0,New,4,248.325000,248.325000,248.325000,3066.314272,3274.810000,3274.810000,122.448956,127.068729,247.251276,247.251688,2158,270857,3600.000000,4,1,184,GUROBI,1,0,0,0,0,0,0,0,0,0,0
1,0,Farkas,4,227.780188,228.312882,227.835255,3045.501371,3270.810000,3270.810000,0.359406,4.413288,104.839499,104.839953,1514,198345,3600.000000,4,1,0,GUROBI,1,0,0,0,0,0,0,0,0,0,0
2,0,Farkas,4,219.618750,221.481603,221.161352,3057.007334,3273.585218,3273.809872,0.374176,4.213348,95.859664,127.924547,2153,285102,3600.000000,4,1,0,GUROBI,1,0,0,0,0,0,0,0,0,0,0
3,0,Farkas,4,177.073991,177.073991,177.073991,3052.473454,3262.710000,3262.810000,0.418055,4.500058,146.164308,146.164791,2719,335572,3600.000000,4,1,0,GUROBI,1,0,0,0,0,0,0,0,0,0,0
