instanceIndex,seedIndex,vpcGenerator,terms,lpBound,disjunctiveDualBound,lpBoundPostVpc,rootDualBound,dualBound,primalBound,vpcGenerationTime,rootDualBoundTime,bestSolutionTime,terminationTime,nodes,iterations,maxTime,actualTerms,numCuts,cutLimit,mipSolver,providePrimalBound,infeasibleTerms,feasibleToInfeasibleTerms,infeasibleToFeasibleTerms,termRemainsFeasibleBasisInfeasible,cutsChangedCoefficients,feasibleTermsPrunedByBound,tighten_disjunction,tighten_matrix_perturbation,tighten_infeasible_to_feasible_term,tighten_feasible_to_infeasible_basis
0,0,New,64,5711620.957128,5713349.828543,5712898.160758,5741513.268157,5761158.871617,5761665.217720,24.140756,25.458897,31.129505,35.634089,5115,14937,3600.000000,64,26,44,GUROBI,1,30,0,0,0,0,0,0,0,0,0
1,0,Farkas,64,4469915.004481,4482779.618433,4469915.004481,5149694.392226,5153415.843754,5153656.144734,6.412921,6.613411,6.638131,6.641903,43,276,3600.000000,64,26,0,GUROBI,1,40,10,0,24,26,0,0,0,0,0
2,0,Farkas,64,4832464.176498,4834856.009759,4832464.176498,4963133.217912,5010550.275128,5011037.417687,4.901164,6.198425,6.865570,60.648192,129533,286000,3600.000000,64,26,0,GUROBI,1,30,0,0,34,26,0,0,0,0,0
3,0,Farkas,64,4074624.660191,4081735.289893,4074624.660191,4611100.350738,4642764.927829,4643109.878509,6.312254,6.844059,7.079384,7.137812,221,1897,3600.000000,64,26,0,GUROBI,1,52,22,0,12,26,0,0,0,0,0
