instanceIndex,seedIndex,vpcGenerator,terms,lpBound,disjunctiveDualBound,lpBoundPostVpc,rootDualBound,dualBound,primalBound,vpcGenerationTime,rootDualBoundTime,bestSolutionTime,terminationTime,nodes,iterations,maxTime,actualTerms,numCuts,cutLimit,mipSolver,providePrimalBound,infeasibleTerms,feasibleToInfeasibleTerms,infeasibleToFeasibleTerms,termRemainsFeasibleBasisInfeasible,cutsChangedCoefficients,feasibleTermsPrunedByBound,tighten_disjunction,tighten_matrix_perturbation,tighten_infeasible_to_feasible_term,tighten_feasible_to_infeasible_basis
0,0,None,4,-11670000.000000,-11670000.000000,-11670000.000000,-11670000.000000,-11670000.000000,-11670000.000000,0.000015,0.000015,0.001613,0.001795,1,18,3600.000000,0,0,0,GUROBI,1,0,0,0,0,0,0,0,0,0,0
1,0,None,4,-12730669.600000,-12730669.600000,-12730669.600000,-12730669.600000,-12730669.600000,-12730669.600000,0.000002,0.000002,0.001053,0.001192,1,6,3600.000000,0,0,0,GUROBI,1,0,0,0,0,0,0,0,0,0,0
2,0,None,4,-11619984.000000,-11619984.000000,-11619984.000000,-11619984.000000,-11619984.000000,-11619984.000000,0.000002,0.000002,0.001210,0.001368,1,18,3600.000000,0,0,0,GUROBI,1,0,0,0,0,0,0,0,0,0,0
3,0,None,4,-11181994.000000,-11181994.000000,-11181994.000000,-11181994.000000,-11181994.000000,-11181994.000000,0.000001,0.000001,0.001367,0.001511,1,6,3600.000000,0,0,0,GUROBI,1,0,0,0,0,0,0,0,0,0,0
