instanceIndex,seedIndex,vpcGenerator,terms,lpBound,disjunctiveDualBound,lpBoundPostVpc,rootDualBound,dualBound,primalBound,vpcGenerationTime,rootDualBoundTime,bestSolutionTime,terminationTime,nodes,iterations,maxTime,actualTerms,numCuts,cutLimit,mipSolver,providePrimalBound,infeasibleTerms,feasibleToInfeasibleTerms,infeasibleToFeasibleTerms,termRemainsFeasibleBasisInfeasible,cutsChangedCoefficients,feasibleTermsPrunedByBound,tighten_disjunction,tighten_matrix_perturbation,tighten_infeasible_to_feasible_term,tighten_feasible_to_infeasible_basis
0,0,None,64,58939.682617,58939.682617,58939.682617,59800.992726,71320.000000,71320.000000,0.000003,21.456679,713.656801,715.211412,1121,1440966,3600.000000,0,0,0,GUROBI,1,0,0,0,0,0,0,0,0,0,0
1,0,None,64,58690.805379,58690.805379,58690.805379,59193.084490,71115.000000,71115.000000,0.000003,20.123245,657.482884,657.483635,874,896087,3600.000000,0,0,0,GUROBI,1,0,0,0,0,0,0,0,0,0,0
2,0,None,64,58792.600860,58792.600860,58792.600860,59409.426768,71475.000000,71475.000000,0.000003,21.065470,546.530995,546.531742,855,756780,3600.000000,0,0,0,GUROBI,1,0,0,0,0,0,0,0,0,0,0
3,0,None,64,58934.339907,58934.339907,58934.339907,59513.692852,71407.000000,71413.000000,0.000003,21.481348,669.445202,671.324021,1016,1003903,3600.000000,0,0,0,GUROBI,1,0,0,0,0,0,0,0,0,0,0
