instanceIndex,seedIndex,vpcGenerator,terms,lpBound,disjunctiveDualBound,lpBoundPostVpc,rootDualBound,dualBound,primalBound,vpcGenerationTime,rootDualBoundTime,bestSolutionTime,terminationTime,nodes,iterations,maxTime,actualTerms,numCuts,cutLimit,mipSolver,providePrimalBound,infeasibleTerms,feasibleToInfeasibleTerms,infeasibleToFeasibleTerms,termRemainsFeasibleBasisInfeasible,cutsChangedCoefficients,feasibleTermsPrunedByBound,tighten_disjunction,tighten_matrix_perturbation,tighten_infeasible_to_feasible_term,tighten_feasible_to_infeasible_basis
0,0,New,64,128.750000,129.000000,128.750000,133.162896,134.500000,134.500000,164.518562,166.163222,184.135094,188.162406,1800,141592,3600.000000,106,21,124,GUROBI,1,98,0,0,0,0,0,0,0,0,0
1,0,New,64,128.312500,128.403409,128.312500,131.398681,134.000000,134.000000,1859.046329,1861.076511,1913.873806,1914.911727,2444,372146,3600.000000,157,45,126,GUROBI,1,143,0,0,0,0,0,0,0,0,0
2,0,New,64,128.687500,128.687500,128.687500,132.526890,134.437500,134.437500,161.221107,163.058147,189.828562,192.395940,1234,162816,3600.000000,68,7,136,GUROBI,1,58,0,0,0,0,0,0,0,0,0
3,0,New,64,128.250000,128.340909,128.250000,131.830606,134.000000,134.000000,522.984866,525.406633,553.600795,556.764294,1137,130735,3600.000000,143,95,128,GUROBI,1,135,0,0,0,0,0,0,0,0,0
