instanceIndex,seedIndex,vpcGenerator,terms,lpBound,disjunctiveDualBound,lpBoundPostVpc,rootDualBound,dualBound,primalBound,vpcGenerationTime,rootDualBoundTime,bestSolutionTime,terminationTime,nodes,iterations,maxTime,actualTerms,numCuts,cutLimit,mipSolver,providePrimalBound,infeasibleTerms,feasibleToInfeasibleTerms,infeasibleToFeasibleTerms,termRemainsFeasibleBasisInfeasible,cutsChangedCoefficients,feasibleTermsPrunedByBound,tighten_disjunction,tighten_matrix_perturbation,tighten_infeasible_to_feasible_term,tighten_feasible_to_infeasible_basis
0,0,New,4,-14653654.824261,-14653590.409652,-14653590.409652,-14624030.000000,-14612192.046893,-14610731.000000,0.275022,0.953379,1051.436729,1459.266782,296708,2903657,3600.000000,4,4,43,GUROBI,1,1,0,0,0,0,0,0,0,0,0
1,0,New,4,-13651184.409255,-13610251.763818,-13646942.644785,-13569426.904866,-13480941.831363,-13479597.758732,1.981597,2.913045,39.849355,50.090446,11675,169736,3600.000000,20,5,47,GUROBI,1,18,0,0,0,0,0,0,0,0,0
2,0,New,4,-14352928.678751,-14325909.971666,-14326926.018060,-14300215.466998,-14259352.764194,-14257978.679999,0.680927,1.608794,15.861138,19.394627,2582,63107,3600.000000,17,1,43,GUROBI,1,15,0,0,0,0,0,0,0,0,0
3,0,New,4,-13242918.599747,-13184446.569654,-13228458.946652,-13166737.793967,-13036550.475071,-13035288.449325,0.762430,1.620575,37.055734,101.914499,14269,327336,3600.000000,21,1,35,GUROBI,1,19,0,0,0,0,0,0,0,0,0
