instanceIndex,seedIndex,vpcGenerator,terms,lpBound,disjunctiveDualBound,lpBoundPostVpc,rootDualBound,dualBound,primalBound,vpcGenerationTime,rootDualBoundTime,bestSolutionTime,terminationTime,nodes,iterations,maxTime,actualTerms,numCuts,cutLimit,mipSolver,providePrimalBound,infeasibleTerms,feasibleToInfeasibleTerms,infeasibleToFeasibleTerms,termRemainsFeasibleBasisInfeasible,cutsChangedCoefficients,feasibleTermsPrunedByBound,tighten_disjunction,tighten_matrix_perturbation,tighten_infeasible_to_feasible_term,tighten_feasible_to_infeasible_basis
0,0,New,64,6290575.552807,6292070.197386,6292070.197386,6305280.182105,6307857.019302,6307995.999842,258.536649,259.068956,263.605108,263.605526,595,9150,3600.000000,191,29,29,GUROBI,1,184,0,0,0,0,0,0,0,0,0
1,0,All,64,2362414.268911,2362414.268911,2362414.268911,2510169.135621,2841632.289040,3084554.000000,21.602833,22.271376,1177.553512,3621.607225,491860,19164861,3600.000000,191,29,0,GUROBI,1,114,0,70,7,29,0,1,1,1,1
2,0,All,64,2259533.982343,2262184.226073,2259533.982343,2473807.993687,2754193.543094,2930425.000000,21.342452,22.462123,3039.281050,3621.348855,470169,19255320,3600.000000,191,29,0,GUROBI,1,117,0,67,7,29,0,1,1,1,1
3,0,All,64,2695384.276396,2695384.276396,2695384.276396,2746151.015114,2986601.198693,3223390.000000,20.297035,20.816600,2746.716855,3620.301992,710553,19912859,3600.000000,191,29,0,GUROBI,1,102,0,82,7,29,0,1,1,1,1
