instanceIndex,seedIndex,vpcGenerator,terms,lpBound,disjunctiveDualBound,lpBoundPostVpc,rootDualBound,dualBound,primalBound,vpcGenerationTime,rootDualBoundTime,bestSolutionTime,terminationTime,nodes,iterations,maxTime,actualTerms,numCuts,cutLimit,mipSolver,providePrimalBound,infeasibleTerms,feasibleToInfeasibleTerms,infeasibleToFeasibleTerms,termRemainsFeasibleBasisInfeasible,cutsChangedCoefficients,feasibleTermsPrunedByBound,tighten_disjunction,tighten_matrix_perturbation,tighten_infeasible_to_feasible_term,tighten_feasible_to_infeasible_basis
0,0,New,4,6290575.552807,6291985.411942,6291914.142665,6305263.453827,6307940.757753,6307996.000000,6.232652,6.826795,10.444843,10.445165,714,9346,3600.000000,4,29,29,GUROBI,1,0,0,0,0,0,0,0,0,0,0
1,0,Farkas,4,6290707.552149,6292110.754807,6292041.661643,6304286.183434,6308103.048711,6308136.000000,0.063337,0.525848,4.447904,4.448223,685,8760,3600.000000,4,29,0,GUROBI,1,0,0,0,0,0,0,0,0,0,0
2,0,Farkas,4,6290669.025232,6292076.672213,6291999.151849,6304270.940086,6307958.126069,6308032.999191,0.064184,0.505968,5.164556,5.164876,591,9064,3600.000000,4,29,0,GUROBI,1,0,0,0,0,0,0,0,0,0,0
3,0,Farkas,4,6290589.053850,6291998.128055,6291927.806216,6306135.713192,6307954.414087,6308017.000000,0.061437,0.661853,2.776287,2.778372,663,7946,3600.000000,4,29,0,GUROBI,1,0,0,0,0,0,0,0,0,0,0
