instanceIndex,seedIndex,vpcGenerator,terms,lpBound,disjunctiveDualBound,lpBoundPostVpc,rootDualBound,dualBound,primalBound,vpcGenerationTime,rootDualBoundTime,bestSolutionTime,terminationTime,nodes,iterations,maxTime,actualTerms,numCuts,cutLimit,mipSolver,providePrimalBound,infeasibleTerms,feasibleToInfeasibleTerms,infeasibleToFeasibleTerms,termRemainsFeasibleBasisInfeasible,cutsChangedCoefficients,feasibleTermsPrunedByBound,tighten_disjunction,tighten_matrix_perturbation,tighten_infeasible_to_feasible_term,tighten_feasible_to_infeasible_basis
0,0,New,64,6290575.552807,6292070.197386,6292070.197386,6304453.176839,6307606.978980,6307996.000000,259.039343,259.518293,265.047431,265.050308,694,9545,3600.000000,191,29,29,GUROBI,1,184,0,0,0,0,0,0,0,0,0
1,0,New,64,6290707.552149,6292237.767420,6291701.545289,6306073.770359,6308023.807228,6308135.999451,147.288805,147.881510,149.800439,149.800899,452,5638,3600.000000,162,29,29,GUROBI,1,155,0,0,0,0,0,0,0,0,0
2,0,New,64,6290669.025232,6291765.800768,6291765.800768,6305941.402527,6307566.242604,6308032.998962,157.989812,158.498243,160.709629,160.710394,410,5489,3600.000000,128,29,29,GUROBI,1,123,0,0,0,0,0,0,0,0,0
3,0,New,64,6290589.053850,6292198.778101,6291741.501760,6307011.706154,6307660.886139,6308017.000000,58.235548,58.879872,60.129764,60.131657,228,3315,3600.000000,65,29,29,GUROBI,1,58,0,0,0,0,0,0,0,0,0
