instanceIndex,seedIndex,vpcGenerator,terms,lpBound,disjunctiveDualBound,lpBoundPostVpc,rootDualBound,dualBound,primalBound,vpcGenerationTime,rootDualBoundTime,bestSolutionTime,terminationTime,nodes,iterations,maxTime,actualTerms,numCuts,cutLimit,mipSolver,providePrimalBound,infeasibleTerms,feasibleToInfeasibleTerms,infeasibleToFeasibleTerms,termRemainsFeasibleBasisInfeasible,cutsChangedCoefficients,feasibleTermsPrunedByBound,tighten_disjunction,tighten_matrix_perturbation,tighten_infeasible_to_feasible_term,tighten_feasible_to_infeasible_basis
0,0,New,4,26069.000000,26069.000000,26069.000000,27467.464497,27672.000000,27674.000000,47.117000,52.714969,3006.833777,3006.834325,61489,13724740,3600.000000,4,45,180,GUROBI,1,0,0,0,0,0,0,0,0,0,0
1,0,New,4,26195.500000,26224.500000,26224.500000,27486.083759,27753.000000,27998.000000,97.544937,102.701284,3697.549160,3697.549716,103501,16267657,3600.000000,76,16,203,GUROBI,1,74,0,0,0,0,0,0,0,0,0
2,0,New,4,26008.000000,26008.000000,26008.000000,27441.312500,27672.000000,27673.999957,23.243079,29.708845,981.073468,1035.257193,19583,3992255,3600.000000,4,37,201,GUROBI,1,1,0,0,0,0,0,0,0,0,0
3,0,New,4,26069.000000,26069.000000,26069.000000,27507.333333,27791.000000,27793.000000,17.045320,23.130088,1825.748933,1889.248372,44683,8051233,3600.000000,4,2,190,GUROBI,1,1,0,0,0,0,0,0,0,0,0
