instanceIndex,seedIndex,vpcGenerator,terms,lpBound,disjunctiveDualBound,lpBoundPostVpc,rootDualBound,dualBound,primalBound,vpcGenerationTime,rootDualBoundTime,bestSolutionTime,terminationTime,nodes,iterations,maxTime,actualTerms,numCuts,cutLimit,mipSolver,providePrimalBound,infeasibleTerms,feasibleToInfeasibleTerms,infeasibleToFeasibleTerms,termRemainsFeasibleBasisInfeasible,cutsChangedCoefficients,feasibleTermsPrunedByBound,tighten_disjunction,tighten_matrix_perturbation,tighten_infeasible_to_feasible_term,tighten_feasible_to_infeasible_basis
0,0,New,4,10593526.000000,10593526.000000,10593526.000000,11483540.665337,11806535.123156,11807698.000000,0.316991,0.916550,36.406771,81.955187,41117,771979,3600.000000,4,3,142,GUROBI,1,0,0,0,0,0,0,0,0,0,0
1,0,All,4,11550485.696068,11550485.696068,11550485.696068,14531195.952534,16503798.981846,16504258.000000,0.027673,0.213729,3.124811,3.124888,3477,38138,3600.000000,4,3,0,GUROBI,1,0,0,0,4,3,0,1,1,1,1
2,0,All,4,10565042.965678,10576381.716732,10565318.395990,11677919.665852,12780710.639385,12781940.611109,0.011398,0.180940,0.450783,9.218612,9958,98056,3600.000000,4,3,0,GUROBI,1,0,0,0,4,3,0,1,1,1,1
3,0,All,4,11822075.590786,11822075.590786,11822075.590786,13724562.705834,15912158.011902,15913231.490811,0.031327,0.178781,7.336283,10.228687,12175,131428,3600.000000,4,3,0,GUROBI,1,0,0,0,4,2,0,1,1,1,1
