instanceIndex,seedIndex,vpcGenerator,terms,lpBound,disjunctiveDualBound,lpBoundPostVpc,rootDualBound,dualBound,primalBound,vpcGenerationTime,rootDualBoundTime,bestSolutionTime,terminationTime,nodes,iterations,maxTime,actualTerms,numCuts,cutLimit,mipSolver,providePrimalBound,infeasibleTerms,feasibleToInfeasibleTerms,infeasibleToFeasibleTerms,termRemainsFeasibleBasisInfeasible,cutsChangedCoefficients,feasibleTermsPrunedByBound,tighten_disjunction,tighten_matrix_perturbation,tighten_infeasible_to_feasible_term,tighten_feasible_to_infeasible_basis
0,0,New,4,6290575.552807,6291985.411942,6291914.142665,6305280.182105,6307953.182729,6307996.000000,6.242888,6.746635,9.971742,9.972093,559,7614,3600.000000,4,29,29,GUROBI,1,0,0,0,0,0,0,0,0,0,0
1,0,New,4,6290579.663124,6291347.053238,6291347.053238,6304591.264352,6307737.701027,6307997.998643,6.026495,6.555582,15.576693,15.577029,2152,27647,3600.000000,4,29,29,GUROBI,1,0,0,0,0,0,0,0,0,0,0
2,0,New,4,6290550.128369,6291316.503622,6291316.503622,6304516.234934,6307423.177348,6307978.000000,8.037838,8.504546,10.402033,10.531388,424,6465,3600.000000,4,29,29,GUROBI,1,0,0,0,0,0,0,0,0,0,0
3,0,New,4,6290532.842291,6291413.968641,6291377.059713,6305338.822756,6307344.628942,6307961.000000,6.905508,7.476320,10.018681,10.020375,823,11333,3600.000000,4,29,29,GUROBI,1,0,0,0,0,0,0,0,0,0,0
