instanceIndex,seedIndex,vpcGenerator,terms,lpBound,disjunctiveDualBound,lpBoundPostVpc,rootDualBound,dualBound,primalBound,vpcGenerationTime,rootDualBoundTime,bestSolutionTime,terminationTime,nodes,iterations,maxTime,actualTerms,numCuts,cutLimit,mipSolver,providePrimalBound,infeasibleTerms,feasibleToInfeasibleTerms,infeasibleToFeasibleTerms,termRemainsFeasibleBasisInfeasible,cutsChangedCoefficients,feasibleTermsPrunedByBound,tighten_disjunction,tighten_matrix_perturbation,tighten_infeasible_to_feasible_term,tighten_feasible_to_infeasible_basis
0,0,None,64,-48603440750.590454,-48603440750.590454,-48603440750.590454,-48603438723.112579,-48603438723.112579,-48603440750.590408,0.000003,0.000003,0.136827,0.137987,1,563,3600.000000,0,0,0,GUROBI,1,0,0,0,0,0,0,0,0,0,0
1,0,None,64,-107049656011.101807,-107049656011.101807,-107049656011.101807,-106997287589.986725,-106977604618.764053,-106977606703.902985,0.000002,0.274383,0.279565,0.283511,1,1567,3600.000000,0,0,0,GUROBI,1,0,0,0,0,0,0,0,0,0,0
2,0,None,64,-79540866442.259521,-79540866442.259521,-79540866442.259521,-79540864413.616135,-79471920455.501678,-79471922484.109558,0.000003,0.336700,0.510233,0.512172,18,2611,3600.000000,0,0,0,GUROBI,1,0,0,0,0,0,0,0,0,0,0
3,0,None,64,-87491490722.721909,-87491490722.721909,-87491490722.721909,-87490442592.494614,-87488144913.137970,-87488147141.003052,0.000002,0.275128,0.402428,0.406806,4,1203,3600.000000,0,0,0,GUROBI,1,0,0,0,0,0,0,0,0,0,0
