instanceIndex,seedIndex,vpcGenerator,terms,lpBound,disjunctiveDualBound,lpBoundPostVpc,rootDualBound,dualBound,primalBound,vpcGenerationTime,rootDualBoundTime,bestSolutionTime,terminationTime,nodes,iterations,maxTime,actualTerms,numCuts,cutLimit,mipSolver,providePrimalBound,infeasibleTerms,feasibleToInfeasibleTerms,infeasibleToFeasibleTerms,termRemainsFeasibleBasisInfeasible,cutsChangedCoefficients,feasibleTermsPrunedByBound,tighten_disjunction,tighten_matrix_perturbation,tighten_infeasible_to_feasible_term,tighten_feasible_to_infeasible_basis
0,0,New,4,618.670516,620.801339,620.762846,1921.407811,2999.823480,3000.047222,544.028442,546.884188,584.095154,585.807942,1349,247423,3600.000000,4,69,69,GUROBI,1,0,0,0,0,0,0,0,0,0,0
1,0,New,4,521.361282,586.776875,536.751777,2022.513088,3000.039195,3000.047806,785.999157,788.550877,877.369420,881.746885,3225,524284,3600.000000,9,78,78,GUROBI,1,7,0,0,0,0,0,0,0,0,0
2,0,New,4,919.815410,1038.245071,936.322619,2256.404750,42526.584901,42526.584901,814.807706,817.314649,911.631700,914.246797,2503,549494,3600.000000,22,75,75,GUROBI,1,20,0,0,0,0,0,0,0,0,0
3,0,New,4,676.033743,712.477353,704.606289,2063.298328,3000.043759,3000.047602,135.281749,137.682438,176.629912,179.617323,1111,206670,3600.000000,8,42,70,GUROBI,1,6,0,0,0,0,0,0,0,0,0
