instanceIndex,seedIndex,vpcGenerator,terms,lpBound,disjunctiveDualBound,lpBoundPostVpc,rootDualBound,dualBound,primalBound,vpcGenerationTime,rootDualBoundTime,bestSolutionTime,terminationTime,nodes,iterations,maxTime,actualTerms,numCuts,cutLimit,mipSolver,providePrimalBound,infeasibleTerms,feasibleToInfeasibleTerms,infeasibleToFeasibleTerms,termRemainsFeasibleBasisInfeasible,cutsChangedCoefficients,feasibleTermsPrunedByBound,tighten_disjunction,tighten_matrix_perturbation,tighten_infeasible_to_feasible_term,tighten_feasible_to_infeasible_basis
0,0,None,64,1286800.000000,1286800.000000,1286800.000000,1286800.000000,1286800.000000,1286800.000000,0.000002,0.000002,0.000002,0.213938,1,4780,3600.000000,0,0,0,GUROBI,1,0,0,0,0,0,0,0,0,0,0
1,0,None,64,1284812.500000,1284812.500000,1284812.500000,1286800.000000,1286800.000000,1286800.000000,0.000004,0.000004,0.000004,0.221228,1,4780,3600.000000,0,0,0,GUROBI,1,0,0,0,0,0,0,0,0,0,0
2,0,None,64,1285862.500000,1285862.500000,1285862.500000,1286800.000000,1286800.000000,1286800.000000,0.000002,0.000002,0.000002,0.242908,1,5221,3600.000000,0,0,0,GUROBI,1,0,0,0,0,0,0,0,0,0,0
3,0,None,64,1288675.000000,1288675.000000,1288675.000000,1290550.000000,1301800.000000,1301800.000000,0.000002,1.344563,6.470915,8.439605,619,18735,3600.000000,0,0,0,GUROBI,1,0,0,0,0,0,0,0,0,0,0
