instanceIndex,seedIndex,vpcGenerator,terms,lpBound,disjunctiveDualBound,lpBoundPostVpc,rootDualBound,dualBound,primalBound,vpcGenerationTime,rootDualBoundTime,bestSolutionTime,terminationTime,nodes,iterations,maxTime,actualTerms,numCuts,cutLimit,mipSolver,providePrimalBound,infeasibleTerms,feasibleToInfeasibleTerms,infeasibleToFeasibleTerms,termRemainsFeasibleBasisInfeasible,cutsChangedCoefficients,feasibleTermsPrunedByBound,tighten_disjunction,tighten_matrix_perturbation,tighten_infeasible_to_feasible_term,tighten_feasible_to_infeasible_basis
0,0,None,64,21687686014.015366,21687686014.015366,21687686014.015366,21689275977.029926,22146149576.244987,27449084632.000000,0.000027,0.406540,0.000027,3600.001058,5445051,13139442,3600.000000,0,0,0,GUROBI,1,0,0,0,0,0,0,0,0,0,0
1,0,None,64,21687982085.249763,21687982085.249763,21687982085.249763,21691163100.722755,27447634419.585632,27449296980.000000,0.000002,0.401069,2719.507161,2722.509951,5274775,21085511,3600.000000,0,0,0,GUROBI,1,0,0,0,0,0,0,0,0,0,0
2,0,None,64,21687725276.677288,21687725276.677288,21687725276.677288,21691196356.184544,27385985127.875202,27448965535.000000,0.000002,0.442232,3482.517833,3600.026938,8385841,27772799,3600.000000,0,0,0,GUROBI,1,0,0,0,0,0,0,0,0,0,0
3,0,None,64,21687115350.508591,21687115350.508591,21687115350.508591,21689962117.382793,23522673172.500149,27449161410.000000,0.000002,1.711153,0.000002,3600.015762,1015166,4753511,3600.000000,0,0,0,GUROBI,1,0,0,0,0,0,0,0,0,0,0
