instanceIndex,seedIndex,vpcGenerator,terms,lpBound,disjunctiveDualBound,lpBoundPostVpc,rootDualBound,dualBound,primalBound,vpcGenerationTime,rootDualBoundTime,bestSolutionTime,terminationTime,nodes,iterations,maxTime,actualTerms,numCuts,cutLimit,mipSolver,providePrimalBound,infeasibleTerms,feasibleToInfeasibleTerms,infeasibleToFeasibleTerms,termRemainsFeasibleBasisInfeasible,cutsChangedCoefficients,feasibleTermsPrunedByBound,tighten_disjunction,tighten_matrix_perturbation,tighten_infeasible_to_feasible_term,tighten_feasible_to_infeasible_basis
0,0,None,4,-18902.810023,-18902.810023,-18902.810023,-18123.481078,-17905.000000,-17905.000000,0.000004,10.908612,11.408670,13.388352,41,17721,3600.000000,0,0,0,GUROBI,1,0,0,0,0,0,0,0,0,0,0
1,0,None,4,-18792.206550,-18792.206550,-18792.206550,-17936.854463,-17141.000000,-17140.000000,0.000002,9.847310,435.411888,435.412394,7174,1307200,3600.000000,0,0,0,GUROBI,1,0,0,0,0,0,0,0,0,0,0
2,0,None,4,-18820.297967,-18820.297967,-18820.297967,-18093.300018,-17868.000000,-17868.000000,0.000003,11.991153,12.690214,16.626012,83,23588,3600.000000,0,0,0,GUROBI,1,0,0,0,0,0,0,0,0,0,0
3,0,None,4,-18651.483261,-18651.483261,-18651.483261,-17870.574401,-17744.000000,-17744.000000,0.000003,10.422057,12.749495,12.749971,72,17687,3600.000000,0,0,0,GUROBI,1,0,0,0,0,0,0,0,0,0,0
