instanceIndex,seedIndex,vpcGenerator,terms,lpBound,disjunctiveDualBound,lpBoundPostVpc,rootDualBound,dualBound,primalBound,vpcGenerationTime,rootDualBoundTime,bestSolutionTime,terminationTime,nodes,iterations,maxTime,actualTerms,numCuts,cutLimit,mipSolver,providePrimalBound,infeasibleTerms,feasibleToInfeasibleTerms,infeasibleToFeasibleTerms,termRemainsFeasibleBasisInfeasible,cutsChangedCoefficients,feasibleTermsPrunedByBound,tighten_disjunction,tighten_matrix_perturbation,tighten_infeasible_to_feasible_term,tighten_feasible_to_infeasible_basis
0,0,None,4,6519541.944917,6519541.944917,6519541.944917,11486166.666304,11490666.666274,11490666.666634,0.000002,0.784801,7.619801,28.132401,10211,206688,3600.000000,0,0,0,GUROBI,1,0,0,0,0,0,0,0,0,0,0
1,0,None,4,7583117.399037,7583117.399037,7583117.399037,12036111.994254,12045839.999566,12046435.999964,0.000002,0.710563,3031.868153,3031.868445,782931,23677882,3600.000000,0,0,0,GUROBI,1,0,0,0,0,0,0,0,0,0,0
2,0,None,4,7752420.909803,7752420.909803,7752420.909803,11938477.580364,11966800.665677,11967168.666637,0.000002,0.587255,345.550381,345.555574,96245,3108681,3600.000000,0,0,0,GUROBI,1,0,0,0,0,0,0,0,0,0,0
3,0,None,4,9525735.270631,9525735.270631,9525735.270631,12954770.308411,13227577.332934,13228097.332934,0.000001,0.392548,1.270657,1.874084,524,12013,3600.000000,0,0,0,GUROBI,1,0,0,0,0,0,0,0,0,0,0
