instanceIndex,seedIndex,vpcGenerator,terms,lpBound,disjunctiveDualBound,lpBoundPostVpc,rootDualBound,dualBound,primalBound,vpcGenerationTime,rootDualBoundTime,bestSolutionTime,terminationTime,nodes,iterations,maxTime,actualTerms,numCuts,cutLimit,mipSolver,providePrimalBound,infeasibleTerms,feasibleToInfeasibleTerms,infeasibleToFeasibleTerms,termRemainsFeasibleBasisInfeasible,cutsChangedCoefficients,feasibleTermsPrunedByBound,tighten_disjunction,tighten_matrix_perturbation,tighten_infeasible_to_feasible_term,tighten_feasible_to_infeasible_basis
0,0,New,64,1286800.000000,1286800.000000,1286800.000000,1286800.000000,1286800.000000,1286800.000000,131.402427,131.402427,131.402427,131.640091,1,4888,3600.000000,66,7,434,GUROBI,1,29,0,0,0,0,0,0,0,0,0
1,0,New,64,1284812.500000,1284812.500000,1284812.500000,1286800.000000,1286800.000000,1286800.000000,73.365209,73.365209,73.365209,73.585775,1,4888,3600.000000,67,2,509,GUROBI,1,26,0,0,0,0,0,0,0,0,0
2,0,New,64,1285862.500000,1285862.500000,1285862.500000,1286800.000000,1286800.000000,1286800.000000,59.112690,59.112690,59.112690,59.366544,1,5654,3600.000000,68,1,462,GUROBI,1,39,0,0,0,0,0,0,0,0,0
3,0,New,64,1288675.000000,1288675.000000,1288675.000000,1290550.000000,1301800.000000,1301800.000000,78.395161,79.786167,85.915435,87.286640,653,20827,3600.000000,66,2,439,GUROBI,1,28,0,0,0,0,0,0,0,0,0
