instanceIndex,seedIndex,vpcGenerator,terms,lpBound,disjunctiveDualBound,lpBoundPostVpc,rootDualBound,dualBound,primalBound,vpcGenerationTime,rootDualBoundTime,bestSolutionTime,terminationTime,nodes,iterations,maxTime,actualTerms,numCuts,cutLimit,mipSolver,providePrimalBound,infeasibleTerms,feasibleToInfeasibleTerms,infeasibleToFeasibleTerms,termRemainsFeasibleBasisInfeasible,cutsChangedCoefficients,feasibleTermsPrunedByBound,tighten_disjunction,tighten_matrix_perturbation,tighten_infeasible_to_feasible_term,tighten_feasible_to_infeasible_basis
0,0,New,64,-1216923.270104,-935556.416491,-946430.863686,-598852.176802,-66024.651953,12940.219678,51.581505,51.927583,2276.924531,3651.582514,2037822,37109792,3600.000000,64,41,41,GUROBI,1,0,0,0,0,0,0,0,0,0,0
1,0,All,64,-4317208.732641,-4136637.891823,-4317208.732641,-3760371.328659,-3041128.413382,-3040844.754937,0.449864,1.057439,7.303995,17.301835,13630,152839,3600.000000,64,41,0,GUROBI,1,0,0,0,0,0,0,1,1,1,1
2,0,All,64,-1474805.249963,-1241928.249893,-1474805.249963,-893672.710123,-79286.975608,-45777.768381,0.475597,0.913187,3561.465752,3600.476645,3387477,35236002,3600.000000,64,41,0,GUROBI,1,0,0,0,0,0,0,1,1,1,1
3,0,All,64,-4564860.499716,-4443587.857209,-4564860.499716,-3625547.063985,-2626126.856017,-2625902.587939,0.567865,1.068649,46.263578,46.263718,24349,409382,3600.000000,64,41,0,GUROBI,1,0,0,0,0,0,0,1,1,1,1
