instanceIndex,seedIndex,vpcGenerator,terms,lpBound,disjunctiveDualBound,lpBoundPostVpc,rootDualBound,dualBound,primalBound,vpcGenerationTime,rootDualBoundTime,bestSolutionTime,terminationTime,nodes,iterations,maxTime,actualTerms,numCuts,cutLimit,mipSolver,providePrimalBound,infeasibleTerms,feasibleToInfeasibleTerms,infeasibleToFeasibleTerms,termRemainsFeasibleBasisInfeasible,cutsChangedCoefficients,feasibleTermsPrunedByBound,tighten_disjunction,tighten_matrix_perturbation,tighten_infeasible_to_feasible_term,tighten_feasible_to_infeasible_basis
0,0,New,64,-632.858549,-620.053765,-628.654265,12.686461,59.885000,59.885000,12.532426,13.068563,44.536031,75.613054,10273,180287,3600.000000,64,9,83,GUROBI,1,27,0,0,0,0,0,0,0,0,0
1,0,All,64,-15158.637511,-15144.603012,-15158.637511,-14498.100794,-14464.386113,-14463.080000,2.314545,3.192396,17.526060,17.526374,2126,35383,3600.000000,64,9,0,GUROBI,1,27,0,0,0,0,0,1,1,1,1
2,0,All,64,-10091.248669,-10086.182131,-10091.248669,-9498.452720,-9467.767574,-9466.840000,2.319962,3.208131,9.286292,9.288540,598,10335,3600.000000,64,9,0,GUROBI,1,27,0,0,0,0,0,1,1,1,1
3,0,All,64,-12243.822301,-12237.954891,-12243.822301,-11589.106078,-11492.274445,-11491.135000,2.367579,3.193071,36.046767,37.305165,7752,191231,3600.000000,64,9,0,GUROBI,1,27,0,0,0,0,0,1,1,1,1
