instanceIndex,seedIndex,vpcGenerator,terms,lpBound,disjunctiveDualBound,lpBoundPostVpc,rootDualBound,dualBound,primalBound,vpcGenerationTime,rootDualBoundTime,bestSolutionTime,terminationTime,nodes,iterations,maxTime,actualTerms,numCuts,cutLimit,mipSolver,providePrimalBound,infeasibleTerms,feasibleToInfeasibleTerms,infeasibleToFeasibleTerms,termRemainsFeasibleBasisInfeasible,cutsChangedCoefficients,feasibleTermsPrunedByBound,tighten_disjunction,tighten_matrix_perturbation,tighten_infeasible_to_feasible_term,tighten_feasible_to_infeasible_basis
0,0,New,64,8877.000000,9066.285714,9061.492126,10488.000000,14392.000000,14393.000000,4.401161,4.484916,371.088852,2534.322729,4196352,27199934,3600.000000,82,24,24,GUROBI,1,69,0,0,0,0,0,0,0,0,0
1,0,New,64,8519.877551,12761.357143,11009.000000,13150.192077,14037.000000,14037.000000,0.736399,0.852661,2.191410,2.204848,1637,11566,3600.000000,79,1,24,GUROBI,1,70,0,0,0,0,0,0,0,0,0
2,0,New,64,8723.564815,10018.571429,9483.500000,10145.333333,10148.000000,10148.000000,0.666487,0.744224,0.666487,0.744453,1,95,3600.000000,74,1,21,GUROBI,1,64,0,0,0,0,0,0,0,0,0
3,0,New,64,8504.690476,10391.285714,9398.370370,11198.709111,11402.000000,11402.000000,2.723217,2.840118,2.916521,2.917837,110,632,3600.000000,118,11,15,GUROBI,1,109,0,0,0,0,0,0,0,0,0
