instanceIndex,seedIndex,vpcGenerator,terms,lpBound,disjunctiveDualBound,lpBoundPostVpc,rootDualBound,dualBound,primalBound,vpcGenerationTime,rootDualBoundTime,bestSolutionTime,terminationTime,nodes,iterations,maxTime,actualTerms,numCuts,cutLimit,mipSolver,providePrimalBound,infeasibleTerms,feasibleToInfeasibleTerms,infeasibleToFeasibleTerms,termRemainsFeasibleBasisInfeasible,cutsChangedCoefficients,feasibleTermsPrunedByBound,tighten_disjunction,tighten_matrix_perturbation,tighten_infeasible_to_feasible_term,tighten_feasible_to_infeasible_basis
0,0,New,64,253.833333,253.833333,253.833333,255.000000,255.000000,255.000000,14.024735,14.113851,14.024735,14.119061,1,1374,3600.000000,77,4,24,GUROBI,1,62,0,0,0,0,0,0,0,0,0
1,0,New,64,132.834148,133.589569,133.289002,136.530272,139.000000,139.000000,17.812707,18.284263,109.900375,147.088210,55272,851394,3600.000000,69,27,27,GUROBI,1,54,0,0,0,0,0,0,0,0,0
2,0,New,64,138.081122,138.466667,138.425364,141.285684,143.000000,143.000000,14.324831,14.933277,75.979950,83.205658,32639,394503,3600.000000,71,27,27,GUROBI,1,54,0,0,0,0,0,0,0,0,0
3,0,New,64,123.830706,124.556190,124.309300,127.120791,130.000000,130.000000,17.730985,18.145093,558.222110,676.005410,217747,4560235,3600.000000,71,23,27,GUROBI,1,54,0,0,0,0,0,0,0,0,0
