instanceIndex,seedIndex,vpcGenerator,terms,lpBound,disjunctiveDualBound,lpBoundPostVpc,rootDualBound,dualBound,primalBound,vpcGenerationTime,rootDualBoundTime,bestSolutionTime,terminationTime,nodes,iterations,maxTime,actualTerms,numCuts,cutLimit,mipSolver,providePrimalBound,infeasibleTerms,feasibleToInfeasibleTerms,infeasibleToFeasibleTerms,termRemainsFeasibleBasisInfeasible,cutsChangedCoefficients,feasibleTermsPrunedByBound,tighten_disjunction,tighten_matrix_perturbation,tighten_infeasible_to_feasible_term,tighten_feasible_to_infeasible_basis
0,0,None,64,36590350.000000,36590350.000000,36590350.000000,42976300.000000,44265669.706875,44269807.528174,0.000034,0.265251,0.528086,17.032502,10011,101671,3600.000000,0,0,0,GUROBI,1,0,0,0,0,0,0,0,0,0,0
1,0,None,64,36545655.209942,36545655.209942,36545655.209942,42936194.150310,44229345.067776,44233761.368466,0.000002,0.286758,71.500813,202.966657,93413,1253216,3600.000000,0,0,0,GUROBI,1,0,0,0,0,0,0,0,0,0,0
2,0,None,64,36373790.886971,36373790.886971,36373790.886971,42785875.652470,44054731.961549,44059097.549205,0.000002,0.296209,25.720867,37.855252,12351,220724,3600.000000,0,0,0,GUROBI,1,0,0,0,0,0,0,0,0,0,0
3,0,None,64,36558023.593707,36558023.593707,36558023.593707,42949925.035841,44228408.156740,44232818.547570,0.000002,0.249489,20.724849,92.730392,40120,595930,3600.000000,0,0,0,GUROBI,1,0,0,0,0,0,0,0,0,0,0
