instanceIndex,seedIndex,vpcGenerator,terms,lpBound,disjunctiveDualBound,lpBoundPostVpc,rootDualBound,dualBound,primalBound,vpcGenerationTime,rootDualBoundTime,bestSolutionTime,terminationTime,nodes,iterations,maxTime,actualTerms,numCuts,cutLimit,mipSolver,providePrimalBound,infeasibleTerms,feasibleToInfeasibleTerms,infeasibleToFeasibleTerms,termRemainsFeasibleBasisInfeasible,cutsChangedCoefficients,feasibleTermsPrunedByBound,tighten_disjunction,tighten_matrix_perturbation,tighten_infeasible_to_feasible_term,tighten_feasible_to_infeasible_basis
0,0,New,64,1209900.000000,1213800.000000,1209900.000000,1231200.000000,1232700.000000,1232700.000000,94.324670,95.921004,94.324670,95.922219,1,10902,3600.000000,64,15,126,GUROBI,1,42,0,0,0,0,0,0,0,0,0
1,0,Farkas,64,1211900.000000,1212800.000000,1211900.000000,1224700.000000,1225200.000000,1225199.998478,1.431225,2.493159,2.640991,2.641254,36,9109,3600.000000,64,15,0,GUROBI,1,52,10,0,12,0,0,0,0,0,0
2,0,Farkas,64,1202462.500000,1203200.000000,1202462.500000,1211100.000000,1215600.000000,1215600.000000,1.830967,3.018201,3.336874,5.775513,515,18442,3600.000000,64,15,0,GUROBI,1,40,0,2,22,0,0,0,0,0,0
3,0,Farkas,64,1225825.000000,1228400.000000,1225825.000000,1235008.333333,1242200.000000,1242300.000000,1.210800,2.118327,2.496954,1610.242782,527105,4972675,3600.000000,64,15,0,GUROBI,1,45,3,0,19,0,0,0,0,0,0
