instanceIndex,seedIndex,vpcGenerator,terms,lpBound,disjunctiveDualBound,lpBoundPostVpc,rootDualBound,dualBound,primalBound,vpcGenerationTime,rootDualBoundTime,bestSolutionTime,terminationTime,nodes,iterations,maxTime,actualTerms,numCuts,cutLimit,mipSolver,providePrimalBound,infeasibleTerms,feasibleToInfeasibleTerms,infeasibleToFeasibleTerms,termRemainsFeasibleBasisInfeasible,cutsChangedCoefficients,feasibleTermsPrunedByBound,tighten_disjunction,tighten_matrix_perturbation,tighten_infeasible_to_feasible_term,tighten_feasible_to_infeasible_basis
0,0,New,64,192.000000,192.000000,192.000000,1555.538866,1600.000000,1600.000000,2.387868,2.487762,70.880486,70.880637,30609,481527,3600.000000,65,6,87,GUROBI,1,28,0,0,0,0,0,0,0,0,0
1,0,All,64,191.312500,191.312500,191.312500,1546.976153,1591.062500,1591.187500,0.138825,0.250922,137.776360,154.106826,71476,1045566,3600.000000,65,6,0,GUROBI,1,28,0,0,0,0,0,1,1,1,1
2,0,All,64,193.937894,193.937894,193.937894,1559.635144,1604.312500,1604.437500,0.112406,0.218919,77.912609,80.313564,40490,593306,3600.000000,65,6,0,GUROBI,1,28,0,0,0,0,0,1,1,1,1
3,0,All,64,192.000612,192.062712,192.062713,1555.788653,1600.000000,1600.125000,0.110643,0.225123,62.023656,62.023781,27461,394635,3600.000000,65,6,0,GUROBI,1,28,0,0,0,0,0,1,1,1,1
