instanceIndex,seedIndex,vpcGenerator,terms,lpBound,disjunctiveDualBound,lpBoundPostVpc,rootDualBound,dualBound,primalBound,vpcGenerationTime,rootDualBoundTime,bestSolutionTime,terminationTime,nodes,iterations,maxTime,actualTerms,numCuts,cutLimit,mipSolver,providePrimalBound,infeasibleTerms,feasibleToInfeasibleTerms,infeasibleToFeasibleTerms,termRemainsFeasibleBasisInfeasible,cutsChangedCoefficients,feasibleTermsPrunedByBound,tighten_disjunction,tighten_matrix_perturbation,tighten_infeasible_to_feasible_term,tighten_feasible_to_infeasible_basis
0,0,New,4,-18902.810023,-18809.259984,-18833.131264,-18121.865017,-17905.000000,-17905.000000,4173.642406,4185.275288,4185.800204,4190.177857,124,24587,3600.000000,4,218,850,GUROBI,1,0,0,0,0,0,0,0,0,0,0
1,0,New,4,-18917.499854,-18770.729965,-18880.563162,-18049.186015,-17850.000000,-17850.000000,19962.527263,19971.001793,19973.176847,19973.177684,55,15122,3600.000000,48,110,876,GUROBI,1,46,0,0,0,0,0,0,0,0,0
2,0,New,4,-18878.363677,-18635.000979,-18811.560859,-17751.342410,-17233.000000,-17233.000000,18075.624829,18084.206257,18299.901754,18299.902608,2953,523794,3600.000000,42,50,838,GUROBI,1,40,0,0,0,0,0,0,0,0,0
3,0,New,4,-18905.594727,-18752.118850,-18881.313350,-17905.596269,-17015.000000,-17014.000000,43336.800011,43345.634245,44188.193749,44193.010085,15495,2785079,3600.000000,53,146,869,GUROBI,1,51,0,0,0,0,0,0,0,0,0
