instanceIndex,seedIndex,vpcGenerator,terms,lpBound,disjunctiveDualBound,lpBoundPostVpc,rootDualBound,dualBound,primalBound,vpcGenerationTime,rootDualBoundTime,bestSolutionTime,terminationTime,nodes,iterations,maxTime,actualTerms,numCuts,cutLimit,mipSolver,providePrimalBound,infeasibleTerms,feasibleToInfeasibleTerms,infeasibleToFeasibleTerms,termRemainsFeasibleBasisInfeasible,cutsChangedCoefficients,feasibleTermsPrunedByBound,tighten_disjunction,tighten_matrix_perturbation,tighten_infeasible_to_feasible_term,tighten_feasible_to_infeasible_basis
0,0,New,64,5711620.957128,5713349.828543,5712898.160758,5741768.980984,5760256.027267,5761665.207072,24.109969,25.574041,37.187994,3624.113169,8904092,23544153,3600.000000,64,26,44,GUROBI,1,30,0,0,0,0,0,0,0,0,0
1,0,All,64,5362307.908234,5362307.908234,5362307.908234,5436308.218052,5449878.939439,5450405.996235,2.682527,4.211643,7.115019,7.133462,635,5131,3600.000000,64,26,0,GUROBI,1,30,0,0,0,0,0,1,1,1,1
2,0,All,64,5443500.801537,5444465.682422,5443625.904478,5488196.394912,5496457.908942,5496956.860230,2.222563,3.654768,15.423187,15.949404,7268,29880,3600.000000,64,26,0,GUROBI,1,30,0,0,0,0,0,1,1,1,1
3,0,All,64,5043467.445671,5049996.379692,5043467.445671,5133191.158825,5140738.772003,5141200.775010,2.685571,4.208257,9.677726,9.685990,648,5217,3600.000000,64,26,0,GUROBI,1,30,0,0,0,0,0,1,1,1,1
