instanceIndex,seedIndex,vpcGenerator,terms,lpBound,disjunctiveDualBound,lpBoundPostVpc,rootDualBound,dualBound,primalBound,vpcGenerationTime,rootDualBoundTime,bestSolutionTime,terminationTime,nodes,iterations,maxTime,actualTerms,numCuts,cutLimit,mipSolver,providePrimalBound,infeasibleTerms,feasibleToInfeasibleTerms,infeasibleToFeasibleTerms,termRemainsFeasibleBasisInfeasible,cutsChangedCoefficients,feasibleTermsPrunedByBound,tighten_disjunction,tighten_matrix_perturbation,tighten_infeasible_to_feasible_term,tighten_feasible_to_infeasible_basis
0,0,New,64,60224.082818,60612.960210,60326.823134,64727.378162,64824.849271,64829.590000,167.142928,168.369085,168.995491,169.245649,156,5550,3600.000000,64,2,47,GUROBI,1,0,0,0,0,0,0,0,0,0,0
1,0,Farkas,64,60050.291539,60372.745067,60154.549083,64631.000239,64753.951597,64757.197500,0.900740,2.320248,4.305084,4.918783,404,13087,3600.000000,64,2,0,GUROBI,1,0,0,0,0,0,0,0,0,0,0
2,0,Farkas,64,60227.228955,60538.038647,60329.969270,64893.033559,65055.390683,65058.017500,0.948193,2.372698,4.168802,4.373336,277,10426,3600.000000,64,2,0,GUROBI,1,0,0,0,0,0,0,0,0,0,0
3,0,Farkas,64,60252.622180,60631.316422,60355.362496,64805.685084,64918.224021,64924.633750,0.851265,2.373099,3.949357,5.199501,427,13464,3600.000000,64,2,0,GUROBI,1,0,0,0,0,0,0,0,0,0,0
