instanceIndex,seedIndex,vpcGenerator,terms,lpBound,disjunctiveDualBound,lpBoundPostVpc,rootDualBound,dualBound,primalBound,vpcGenerationTime,rootDualBoundTime,bestSolutionTime,terminationTime,nodes,iterations,maxTime,actualTerms,numCuts,cutLimit,mipSolver,providePrimalBound,infeasibleTerms,feasibleToInfeasibleTerms,infeasibleToFeasibleTerms,termRemainsFeasibleBasisInfeasible,cutsChangedCoefficients,feasibleTermsPrunedByBound,tighten_disjunction,tighten_matrix_perturbation,tighten_infeasible_to_feasible_term,tighten_feasible_to_infeasible_basis
0,0,New,4,248.325000,248.325000,248.325000,3038.416146,3274.570000,3274.810000,125.578791,129.637011,296.200812,300.668536,3053,369474,3600.000000,4,2,184,GUROBI,1,0,0,0,0,0,0,0,0,0,0
1,0,New,4,227.780188,229.571599,229.015842,3044.752883,3270.810000,3270.810000,10.598719,14.363675,108.125292,122.649575,1623,213745,3600.000000,4,3,194,GUROBI,1,0,0,0,0,0,0,0,0,0,0
2,0,New,4,219.618750,221.077500,220.090473,3057.782887,3273.490796,3273.809872,22.679640,26.723663,157.270475,157.270994,2299,290822,3600.000000,4,2,197,GUROBI,1,0,0,0,0,0,0,0,0,0,0
3,0,New,4,177.073991,184.107113,184.023145,3037.525889,3262.510281,3262.810000,35.164905,39.369920,290.020250,290.287134,5100,569556,3600.000000,4,2,162,GUROBI,1,0,0,0,0,0,0,0,0,0,0
