instanceIndex,seedIndex,vpcGenerator,terms,lpBound,disjunctiveDualBound,lpBoundPostVpc,rootDualBound,dualBound,primalBound,vpcGenerationTime,rootDualBoundTime,bestSolutionTime,terminationTime,nodes,iterations,maxTime,actualTerms,numCuts,cutLimit,mipSolver,providePrimalBound,infeasibleTerms,feasibleToInfeasibleTerms,infeasibleToFeasibleTerms,termRemainsFeasibleBasisInfeasible,cutsChangedCoefficients,feasibleTermsPrunedByBound,tighten_disjunction,tighten_matrix_perturbation,tighten_infeasible_to_feasible_term,tighten_feasible_to_infeasible_basis
0,0,New,64,5711620.957128,5713349.828543,5712898.160758,5742225.326708,5760633.736653,5761665.170298,24.102548,25.673229,3624.105187,3624.105509,9917364,31756715,3600.000000,64,26,44,GUROBI,1,30,0,0,0,0,0,0,0,0,0
1,0,New,64,4666047.792397,4693464.279069,4690721.319653,4858887.965562,4916865.148851,4917340.549971,7.454313,9.234082,90.722212,91.066202,47303,273244,3600.000000,66,2,43,GUROBI,1,33,0,0,0,0,0,0,0,0,0
2,0,New,64,4947781.250159,4968625.368281,4965829.111065,5164230.801666,5176397.010027,5176886.241890,47.261138,48.739846,53.380043,53.490231,1283,8940,3600.000000,64,47,47,GUROBI,1,29,0,0,0,0,0,0,0,0,0
3,0,New,64,4092927.784788,4115465.686183,4102965.827479,4220708.409212,4232795.693120,4233217.360133,14.893044,16.298059,32.723761,32.724090,5032,44725,3600.000000,67,11,49,GUROBI,1,32,0,0,0,0,0,0,0,0,0
