instanceIndex,seedIndex,vpcGenerator,terms,lpBound,disjunctiveDualBound,lpBoundPostVpc,rootDualBound,dualBound,primalBound,vpcGenerationTime,rootDualBoundTime,bestSolutionTime,terminationTime,nodes,iterations,maxTime,actualTerms,numCuts,cutLimit,mipSolver,providePrimalBound,infeasibleTerms,feasibleToInfeasibleTerms,infeasibleToFeasibleTerms,termRemainsFeasibleBasisInfeasible,cutsChangedCoefficients,feasibleTermsPrunedByBound,tighten_disjunction,tighten_matrix_perturbation,tighten_infeasible_to_feasible_term,tighten_feasible_to_infeasible_basis
0,0,New,64,384.328979,390.556576,384.328979,393.193046,461.179717,461.179717,20.679957,23.329392,25.627925,27.198100,1125,32272,3600.000000,67,16,16,GUROBI,1,58,0,0,0,0,0,0,0,0,0
1,0,New,64,384.328979,390.556576,384.328979,393.193046,461.179717,461.179717,19.664103,22.115990,25.591593,25.840622,1159,30270,3600.000000,67,16,16,GUROBI,1,58,0,0,0,0,0,0,0,0,0
2,0,New,64,384.328979,390.556576,384.328979,393.193046,461.179717,461.179717,18.450807,20.820195,24.069779,24.151620,1138,30576,3600.000000,67,16,16,GUROBI,1,58,0,0,0,0,0,0,0,0,0
3,0,New,64,384.328979,390.556576,384.328979,393.193046,461.179717,461.179717,19.377004,22.392382,24.795443,26.050689,1125,32271,3600.000000,67,16,16,GUROBI,1,58,0,0,0,0,0,0,0,0,0
