instanceIndex,seedIndex,vpcGenerator,terms,lpBound,disjunctiveDualBound,lpBoundPostVpc,rootDualBound,dualBound,primalBound,vpcGenerationTime,rootDualBoundTime,bestSolutionTime,terminationTime,nodes,iterations,maxTime,actualTerms,numCuts,cutLimit,mipSolver,providePrimalBound,infeasibleTerms,feasibleToInfeasibleTerms,infeasibleToFeasibleTerms,termRemainsFeasibleBasisInfeasible,cutsChangedCoefficients,feasibleTermsPrunedByBound,tighten_disjunction,tighten_matrix_perturbation,tighten_infeasible_to_feasible_term,tighten_feasible_to_infeasible_basis
0,0,New,4,26069.000000,26069.000000,26069.000000,27392.250000,27574.000000,27674.000000,46.630526,51.495486,2933.507456,3646.635503,71276,13817769,3600.000000,4,45,180,GUROBI,1,0,0,0,0,0,0,0,0,0,0
1,0,New,4,25885.583333,25885.583333,25885.583333,27085.184137,27375.000000,27377.000000,21.736177,26.767050,1913.988746,2025.538007,51168,10467943,3600.000000,63,2,188,GUROBI,1,61,0,0,0,0,0,0,0,0,0
2,0,New,4,25021.750000,26069.000000,25021.750000,27383.184211,27591.000000,27593.000000,18.052447,22.064142,1402.198637,1870.640614,37563,7762859,3600.000000,72,1,207,GUROBI,1,70,0,0,0,0,0,0,0,0,0
3,0,New,4,25684.750000,25954.500000,25815.083333,27161.852941,27435.000000,27437.000000,31.160017,35.636007,1406.802836,1469.439078,41949,7884806,3600.000000,49,5,189,GUROBI,1,47,0,0,0,0,0,0,0,0,0
