instanceIndex,seedIndex,vpcGenerator,terms,lpBound,disjunctiveDualBound,lpBoundPostVpc,rootDualBound,dualBound,primalBound,vpcGenerationTime,rootDualBoundTime,bestSolutionTime,terminationTime,nodes,iterations,maxTime,actualTerms,numCuts,cutLimit,mipSolver,providePrimalBound,infeasibleTerms,feasibleToInfeasibleTerms,infeasibleToFeasibleTerms,termRemainsFeasibleBasisInfeasible,cutsChangedCoefficients,feasibleTermsPrunedByBound,tighten_disjunction,tighten_matrix_perturbation,tighten_infeasible_to_feasible_term,tighten_feasible_to_infeasible_basis
0,0,New,4,-14653654.824261,-14653590.409652,-14653590.409652,-14624030.000000,-14612191.977914,-14610731.000000,0.268612,0.525233,148.643508,266.432157,186144,1833465,3600.000000,4,4,43,GUROBI,1,1,0,0,0,0,0,0,0,0,0
1,0,New,4,-14664439.154844,-14663757.086034,-14664068.745437,-14640367.425484,-14622952.718005,-14621490.699231,0.257350,0.521697,84.249142,356.798908,261176,2813741,3600.000000,4,6,47,GUROBI,1,0,0,0,0,0,0,0,0,0,0
2,0,New,4,-14677768.695420,-14677543.190803,-14677562.810174,-14659631.232104,-14637268.226138,-14635804.673077,0.881336,1.077802,93.450799,477.559233,335409,3893434,3600.000000,4,41,41,GUROBI,1,0,0,0,0,0,0,0,0,0,0
3,0,New,4,-14659455.930854,-14658815.328093,-14658917.434789,-14634329.347440,-14618223.356438,-14616761.698462,1.104287,1.399850,293.564431,305.865359,237536,2684752,3600.000000,4,47,47,GUROBI,1,0,0,0,0,0,0,0,0,0,0
