instanceIndex,seedIndex,vpcGenerator,terms,lpBound,disjunctiveDualBound,lpBoundPostVpc,rootDualBound,dualBound,primalBound,vpcGenerationTime,rootDualBoundTime,bestSolutionTime,terminationTime,nodes,iterations,maxTime,actualTerms,numCuts,cutLimit,mipSolver,providePrimalBound,infeasibleTerms,feasibleToInfeasibleTerms,infeasibleToFeasibleTerms,termRemainsFeasibleBasisInfeasible,cutsChangedCoefficients,feasibleTermsPrunedByBound,tighten_disjunction,tighten_matrix_perturbation,tighten_infeasible_to_feasible_term,tighten_feasible_to_infeasible_basis
0,0,None,4,689000000.000000,689000000.000000,689000000.000000,689000000.000000,689000000.000000,689000000.000000,0.000002,0.000002,0.000002,0.035908,1,0,3600.000000,0,0,0,GUROBI,1,0,0,0,0,0,0,0,0,0,0
1,0,None,4,689000000.000000,689000000.000000,689000000.000000,689000000.000000,689000000.000000,689000000.000000,0.000002,0.000002,0.000002,0.035193,1,0,3600.000000,0,0,0,GUROBI,1,0,0,0,0,0,0,0,0,0,0
2,0,None,4,689468505.248625,689468505.248625,689468505.248625,690875000.000000,690875000.000000,690875000.000000,0.000002,0.000002,0.000002,0.054286,1,2,3600.000000,0,0,0,GUROBI,1,0,0,0,0,0,0,0,0,0,0
3,0,None,4,689000000.000000,689000000.000000,689000000.000000,689000000.000000,689000000.000000,689000000.000000,0.000002,0.000002,0.000002,0.043107,1,0,3600.000000,0,0,0,GUROBI,1,0,0,0,0,0,0,0,0,0,0
