instanceIndex,seedIndex,vpcGenerator,terms,lpBound,disjunctiveDualBound,lpBoundPostVpc,rootDualBound,dualBound,primalBound,vpcGenerationTime,rootDualBoundTime,bestSolutionTime,terminationTime,nodes,iterations,maxTime,actualTerms,numCuts,cutLimit,mipSolver,providePrimalBound,infeasibleTerms,feasibleToInfeasibleTerms,infeasibleToFeasibleTerms,termRemainsFeasibleBasisInfeasible,cutsChangedCoefficients,feasibleTermsPrunedByBound,tighten_disjunction,tighten_matrix_perturbation,tighten_infeasible_to_feasible_term,tighten_feasible_to_infeasible_basis
0,0,New,64,-17360.166667,-17082.250000,-17260.355758,-17051.450000,-17041.000000,-17041.000000,51.145189,51.932355,51.937816,51.938105,1,1859,3600.000000,112,21,175,GUROBI,1,0,0,0,0,0,0,0,0,0,0
1,0,Farkas,64,-17260.500000,-16976.500000,-17170.294001,-16946.333333,-16944.000000,-16944.000000,1.370312,2.258569,2.262386,2.264937,1,2029,3600.000000,112,21,0,GUROBI,1,0,0,0,0,0,0,0,0,0,0
2,0,Farkas,64,-17409.750000,-17139.500000,-17310.207309,-17091.100000,-17089.000000,-17089.000000,1.411967,2.163132,2.166316,2.168598,1,1923,3600.000000,112,21,0,GUROBI,1,0,0,0,0,0,0,0,0,0,0
3,0,Farkas,64,-17332.500000,-17082.500000,-17236.978623,-17027.224765,-17018.000000,-17018.000000,1.399400,2.254649,2.269983,2.272579,1,1991,3600.000000,112,21,0,GUROBI,1,0,0,0,0,0,0,0,0,0,0
