instanceIndex,seedIndex,vpcGenerator,terms,lpBound,disjunctiveDualBound,lpBoundPostVpc,rootDualBound,dualBound,primalBound,vpcGenerationTime,rootDualBoundTime,bestSolutionTime,terminationTime,nodes,iterations,maxTime,actualTerms,numCuts,cutLimit,mipSolver,providePrimalBound,infeasibleTerms,feasibleToInfeasibleTerms,infeasibleToFeasibleTerms,termRemainsFeasibleBasisInfeasible,cutsChangedCoefficients,feasibleTermsPrunedByBound,tighten_disjunction,tighten_matrix_perturbation,tighten_infeasible_to_feasible_term,tighten_feasible_to_infeasible_basis
0,0,None,4,1209900.000000,1209900.000000,1209900.000000,1231200.000000,1232700.000000,1232700.000000,0.000002,1.778596,0.000002,1.779483,1,10742,3600.000000,0,0,0,GUROBI,1,0,0,0,0,0,0,0,0,0,0
1,0,None,4,1208868.400000,1208868.400000,1208868.400000,1226680.586239,1231494.998876,1231516.993848,0.000003,0.819217,6.563200,6.563658,514,12995,3600.000000,0,0,0,GUROBI,1,0,0,0,0,0,0,0,0,0,0
2,0,None,4,1207798.200000,1207798.200000,1207798.200000,1228503.100000,1230149.333333,1230166.000000,0.000002,0.918398,6.570282,6.571654,446,10187,3600.000000,0,0,0,GUROBI,1,0,0,0,0,0,0,0,0,0,0
3,0,None,4,1209253.600000,1209253.600000,1209253.600000,1229846.200000,1231873.499743,1231937.000000,0.000002,0.812195,68.887008,102.259602,15338,126383,3600.000000,0,0,0,GUROBI,1,0,0,0,0,0,0,0,0,0,0
