instanceIndex,seedIndex,vpcGenerator,terms,lpBound,disjunctiveDualBound,lpBoundPostVpc,rootDualBound,dualBound,primalBound,vpcGenerationTime,rootDualBoundTime,bestSolutionTime,terminationTime,nodes,iterations,maxTime,actualTerms,numCuts,cutLimit,mipSolver,providePrimalBound,infeasibleTerms,feasibleToInfeasibleTerms,infeasibleToFeasibleTerms,termRemainsFeasibleBasisInfeasible,cutsChangedCoefficients,feasibleTermsPrunedByBound,tighten_disjunction,tighten_matrix_perturbation,tighten_infeasible_to_feasible_term,tighten_feasible_to_infeasible_basis
0,0,New,64,1286800.000000,1286800.000000,1286800.000000,1286800.000000,1286800.000000,1286800.000000,137.146329,137.146329,137.146329,137.328359,1,5012,3600.000000,66,7,434,GUROBI,1,29,0,0,0,0,0,0,0,0,0
1,0,Farkas,64,1284783.125000,1284785.125000,1284785.125000,1285142.539346,1285246.553205,1285372.000000,6.096067,7.192947,104.121796,104.131782,14335,518875,3600.000000,66,7,0,GUROBI,1,29,0,0,0,0,0,0,0,0,0
2,0,Farkas,64,1284364.130952,1284364.130952,1284364.130952,1284881.414583,1284987.341658,1285074.000000,5.762348,6.929209,73.181935,73.196209,13326,456691,3600.000000,66,7,0,GUROBI,1,29,0,0,0,0,0,0,0,0,0
3,0,Farkas,64,1285208.125000,1285208.125000,1285208.125000,1285505.181489,1285578.707225,1285675.000000,6.025791,7.045902,45.719763,45.721793,1495,67425,3600.000000,66,7,0,GUROBI,1,29,0,0,0,0,0,0,0,0,0
