instanceIndex,seedIndex,vpcGenerator,terms,lpBound,disjunctiveDualBound,lpBoundPostVpc,rootDualBound,dualBound,primalBound,vpcGenerationTime,rootDualBoundTime,bestSolutionTime,terminationTime,nodes,iterations,maxTime,actualTerms,numCuts,cutLimit,mipSolver,providePrimalBound,infeasibleTerms,feasibleToInfeasibleTerms,infeasibleToFeasibleTerms,termRemainsFeasibleBasisInfeasible,cutsChangedCoefficients,feasibleTermsPrunedByBound,tighten_disjunction,tighten_matrix_perturbation,tighten_infeasible_to_feasible_term,tighten_feasible_to_infeasible_basis
0,0,New,4,7345804.855333,7672580.083937,7510781.209948,9556189.296795,15464409.388788,15465800.717999,11.044672,18.957013,1312.329457,1312.330100,20991,4132766,3600.000000,4,18,265,GUROBI,1,0,0,0,0,0,0,0,0,0,0
1,0,Farkas,4,-6469191.247795,-5900101.793463,-6384708.360486,-511034.817572,6061050.590000,6061050.590000,0.634221,6.382994,214.490874,215.294755,2349,528528,3600.000000,4,18,0,GUROBI,1,0,0,0,0,0,0,0,0,0,0
2,0,Farkas,4,-11269264.624514,-10338916.205811,-11269264.624514,-3645364.588180,2974516.190592,2974547.444000,0.626125,6.201725,157.787819,157.788486,1595,360768,3600.000000,4,18,0,GUROBI,1,0,0,0,0,0,0,0,0,0,0
3,0,Farkas,4,-1946268.247621,-1637057.058785,-1946268.247621,2662829.148741,8989333.345712,8989860.362000,0.642441,6.554823,235.065220,235.065798,2687,582877,3600.000000,4,18,0,GUROBI,1,0,0,0,0,0,0,0,0,0,0
