instanceIndex,seedIndex,vpcGenerator,terms,lpBound,disjunctiveDualBound,lpBoundPostVpc,rootDualBound,dualBound,primalBound,vpcGenerationTime,rootDualBoundTime,bestSolutionTime,terminationTime,nodes,iterations,maxTime,actualTerms,numCuts,cutLimit,mipSolver,providePrimalBound,infeasibleTerms,feasibleToInfeasibleTerms,infeasibleToFeasibleTerms,termRemainsFeasibleBasisInfeasible,cutsChangedCoefficients,feasibleTermsPrunedByBound,tighten_disjunction,tighten_matrix_perturbation,tighten_infeasible_to_feasible_term,tighten_feasible_to_infeasible_basis
0,0,None,64,248.325000,248.325000,248.325000,3060.557379,3274.501980,3274.810000,0.000002,3.159104,133.220749,133.221027,3396,392926,3600.000000,0,0,0,GUROBI,1,0,0,0,0,0,0,0,0,0,0
1,0,None,64,227.780188,227.780188,227.780188,3061.927726,3270.539675,3270.810000,0.000003,3.173281,124.468656,124.468963,2929,354051,3600.000000,0,0,0,GUROBI,1,0,0,0,0,0,0,0,0,0,0
2,0,None,64,219.618750,219.618750,219.618750,3050.918450,3273.676069,3273.809872,0.000003,3.544298,118.560302,118.846832,2879,345778,3600.000000,0,0,0,GUROBI,1,0,0,0,0,0,0,0,0,0,0
3,0,None,64,177.073991,177.073991,177.073991,3037.294429,3262.744007,3262.810000,0.000003,2.707450,104.313286,104.313583,2777,337038,3600.000000,0,0,0,GUROBI,1,0,0,0,0,0,0,0,0,0,0
