instanceIndex,seedIndex,vpcGenerator,terms,lpBound,disjunctiveDualBound,lpBoundPostVpc,rootDualBound,dualBound,primalBound,vpcGenerationTime,rootDualBoundTime,bestSolutionTime,terminationTime,nodes,iterations,maxTime,actualTerms,numCuts,cutLimit,mipSolver,providePrimalBound,infeasibleTerms,feasibleToInfeasibleTerms,infeasibleToFeasibleTerms,termRemainsFeasibleBasisInfeasible,cutsChangedCoefficients,feasibleTermsPrunedByBound,tighten_disjunction,tighten_matrix_perturbation,tighten_infeasible_to_feasible_term,tighten_feasible_to_infeasible_basis
0,0,New,4,8877.000000,8894.285714,8891.018746,10644.200000,14392.000000,14393.000000,1.618345,1.739230,15.092076,2605.789478,4238392,26917369,3600.000000,4,24,24,GUROBI,1,0,0,0,0,0,0,0,0,0,0
1,0,All,4,10845.500000,10845.500000,10845.500000,11715.000000,11794.000000,11794.000000,0.012102,0.046590,0.073167,0.075536,57,290,3600.000000,4,24,0,GUROBI,1,1,1,0,3,0,0,1,1,1,1
2,0,All,4,14951.285714,14951.285714,14951.285714,15158.500000,15310.000000,15310.000000,0.012349,0.075867,0.077453,0.077654,5,127,3600.000000,4,24,0,GUROBI,1,2,2,0,2,0,0,1,1,1,1
3,0,All,4,12579.642857,12590.142857,12579.642857,13721.000000,13721.000000,13721.000000,0.009103,0.041113,0.041566,0.041797,1,86,3600.000000,4,24,0,GUROBI,1,1,1,0,3,0,0,1,1,1,1
