instanceIndex,seedIndex,vpcGenerator,terms,lpBound,disjunctiveDualBound,lpBoundPostVpc,rootDualBound,dualBound,primalBound,vpcGenerationTime,rootDualBoundTime,bestSolutionTime,terminationTime,nodes,iterations,maxTime,actualTerms,numCuts,cutLimit,mipSolver,providePrimalBound,infeasibleTerms,feasibleToInfeasibleTerms,infeasibleToFeasibleTerms,termRemainsFeasibleBasisInfeasible,cutsChangedCoefficients,feasibleTermsPrunedByBound,tighten_disjunction,tighten_matrix_perturbation,tighten_infeasible_to_feasible_term,tighten_feasible_to_infeasible_basis
0,0,New,4,-18902.810023,-18796.898852,-18827.458912,-18120.076095,-17905.000000,-17905.000000,3980.504694,3996.907998,4001.331989,4001.332392,50,18664,3600.000000,4,175,850,GUROBI,1,0,0,0,0,0,0,0,0,0,0
1,0,Farkas,4,-18903.209966,-18799.145406,-18831.233513,-18123.949778,-17906.000000,-17905.000000,0.405648,14.344032,40.352308,40.352698,415,85235,3600.000000,4,175,0,GUROBI,1,0,0,0,0,175,0,0,0,0,0
2,0,Farkas,4,-18907.142929,-18800.959818,-18834.387293,-18135.962258,-17905.000000,-17905.000000,0.290040,12.241326,12.440105,15.905128,80,19047,3600.000000,4,175,0,GUROBI,1,0,0,0,3,175,0,0,0,0,0
3,0,Farkas,4,-18908.347864,-18803.231316,-18833.674959,-18139.807714,-17905.000000,-17905.000000,0.296455,12.426761,16.800190,16.800577,58,19327,3600.000000,4,175,0,GUROBI,1,0,0,0,0,0,0,0,0,0,0
