instanceIndex,seedIndex,vpcGenerator,terms,lpBound,disjunctiveDualBound,lpBoundPostVpc,rootDualBound,dualBound,primalBound,vpcGenerationTime,rootDualBoundTime,bestSolutionTime,terminationTime,nodes,iterations,maxTime,actualTerms,numCuts,cutLimit,mipSolver,providePrimalBound,infeasibleTerms,feasibleToInfeasibleTerms,infeasibleToFeasibleTerms,termRemainsFeasibleBasisInfeasible,cutsChangedCoefficients,feasibleTermsPrunedByBound,tighten_disjunction,tighten_matrix_perturbation,tighten_infeasible_to_feasible_term,tighten_feasible_to_infeasible_basis
0,0,New,64,2035.362225,2226.320351,2107.555005,2731.447894,3201.000000,3201.000000,2440.211734,2444.609354,2494.514036,2504.179872,1300,158227,3600.000000,223,97,97,GUROBI,1,218,0,0,0,0,0,0,0,0,0
1,0,New,64,1900.954158,2086.371668,2029.844475,2589.980640,3189.000000,3189.000000,1912.045185,1916.585857,1962.105896,1962.106823,1088,127149,3600.000000,64,46,108,GUROBI,1,57,0,0,0,0,0,0,0,0,0
2,0,New,64,2052.346969,2207.045631,2124.979768,2703.351601,3231.000000,3231.000000,3836.626175,3840.941590,3886.752600,3887.338856,1015,157940,3600.000000,99,64,92,GUROBI,1,92,0,0,0,0,0,0,0,0,0
3,0,New,64,1965.482570,2143.623264,1994.892107,2692.642092,3286.000000,3286.000000,1972.929849,1976.767633,1995.860148,2009.298243,1350,147498,3600.000000,99,68,68,GUROBI,1,93,0,0,0,0,0,0,0,0,0
