instanceIndex,seedIndex,vpcGenerator,terms,lpBound,disjunctiveDualBound,lpBoundPostVpc,rootDualBound,dualBound,primalBound,vpcGenerationTime,rootDualBoundTime,bestSolutionTime,terminationTime,nodes,iterations,maxTime,actualTerms,numCuts,cutLimit,mipSolver,providePrimalBound,infeasibleTerms,feasibleToInfeasibleTerms,infeasibleToFeasibleTerms,termRemainsFeasibleBasisInfeasible,cutsChangedCoefficients,feasibleTermsPrunedByBound,tighten_disjunction,tighten_matrix_perturbation,tighten_infeasible_to_feasible_term,tighten_feasible_to_infeasible_basis
0,0,New,4,60224.082818,60326.823134,60324.687590,64724.924483,64825.660691,64829.590000,4.013812,5.288461,5.808608,6.209683,124,5346,3600.000000,4,10,47,GUROBI,1,0,0,0,0,0,0,0,0,0,0
1,0,All,4,54949.938596,55077.524295,55010.232111,60799.409871,60975.145985,60978.561667,0.110080,3.340648,5.452773,13.690541,466,45704,3600.000000,4,10,0,GUROBI,1,0,0,0,0,0,0,1,1,1,1
2,0,All,4,59116.886419,59268.112614,59193.270997,64229.209147,64354.983226,64361.010000,0.089810,2.622127,9.052199,10.461519,570,29660,3600.000000,4,10,0,GUROBI,1,0,0,0,0,0,0,1,1,1,1
3,0,All,4,59189.122091,59260.578924,59228.393426,64605.893564,64724.630975,64725.083333,0.092703,2.391053,8.704702,13.261116,545,36233,3600.000000,4,10,0,GUROBI,1,0,0,0,0,0,0,1,1,1,1
