instanceIndex,seedIndex,vpcGenerator,terms,lpBound,disjunctiveDualBound,lpBoundPostVpc,rootDualBound,dualBound,primalBound,vpcGenerationTime,rootDualBoundTime,bestSolutionTime,terminationTime,nodes,iterations,maxTime,actualTerms,numCuts,cutLimit,mipSolver,providePrimalBound,infeasibleTerms,feasibleToInfeasibleTerms,infeasibleToFeasibleTerms,termRemainsFeasibleBasisInfeasible,cutsChangedCoefficients,feasibleTermsPrunedByBound,tighten_disjunction,tighten_matrix_perturbation,tighten_infeasible_to_feasible_term,tighten_feasible_to_infeasible_basis
0,0,New,4,6519541.944917,6519892.961004,6519541.944917,11486166.666274,11490169.283856,11490666.666274,0.616793,1.464904,11.630126,11.630940,788,59402,3600.000000,4,5,202,GUROBI,1,0,0,0,0,0,0,0,0,0,0
1,0,Farkas,4,6299538.627935,6300025.816171,6299670.257429,11198453.130603,11208270.911996,11209378.212170,0.097683,1.441256,1522.417984,1522.418301,121382,5688348,3600.000000,4,5,0,GUROBI,1,0,0,0,0,0,0,0,0,0,0
2,0,Farkas,4,6290690.477304,6290691.819805,6290691.819805,11195730.738763,11201531.536184,11201959.027970,0.090693,1.292828,1541.745919,1541.823393,122826,4745468,3600.000000,4,5,0,GUROBI,1,0,0,0,0,0,0,0,0,0,0
3,0,Farkas,4,6454779.778716,6455124.967555,6454780.056431,11365586.032641,11377908.713307,11378818.999968,0.083318,1.159848,3553.331714,3600.097797,302226,14515679,3600.000000,4,5,0,GUROBI,1,0,0,0,0,0,0,0,0,0,0
