instanceIndex,seedIndex,vpcGenerator,terms,lpBound,disjunctiveDualBound,lpBoundPostVpc,rootDualBound,dualBound,primalBound,vpcGenerationTime,rootDualBoundTime,bestSolutionTime,terminationTime,nodes,iterations,maxTime,actualTerms,numCuts,cutLimit,mipSolver,providePrimalBound,infeasibleTerms,feasibleToInfeasibleTerms,infeasibleToFeasibleTerms,termRemainsFeasibleBasisInfeasible,cutsChangedCoefficients,feasibleTermsPrunedByBound,tighten_disjunction,tighten_matrix_perturbation,tighten_infeasible_to_feasible_term,tighten_feasible_to_infeasible_basis
0,0,New,4,777191.428571,777191.428571,777191.428571,779673.328125,779715.000000,779715.000000,5.129695,5.339417,5.129695,5.347372,1,1877,3600.000000,4,66,66,GUROBI,1,0,0,0,0,0,0,0,0,0,0
1,0,All,4,519631.305476,519631.305476,519631.305476,543976.621702,544255.527619,544282.146667,0.323972,0.781715,0.928984,1.021873,61,1812,3600.000000,4,66,0,GUROBI,1,0,0,0,0,0,0,1,1,1,1
2,0,All,4,644661.598010,644661.598010,644661.598010,659787.821190,659866.078333,659895.328333,0.326729,0.644287,0.665910,0.668590,6,1307,3600.000000,4,66,0,GUROBI,1,0,0,0,0,0,0,1,1,1,1
3,0,All,4,572155.290595,572155.290595,572155.290595,595112.043535,595512.115427,595556.780833,0.332945,0.895040,1.243819,1.245612,82,2015,3600.000000,4,66,0,GUROBI,1,0,0,0,0,0,0,1,1,1,1
