instanceIndex,seedIndex,vpcGenerator,terms,lpBound,disjunctiveDualBound,lpBoundPostVpc,rootDualBound,dualBound,primalBound,vpcGenerationTime,rootDualBoundTime,bestSolutionTime,terminationTime,nodes,iterations,maxTime,actualTerms,numCuts,cutLimit,mipSolver,providePrimalBound,infeasibleTerms,feasibleToInfeasibleTerms,infeasibleToFeasibleTerms,termRemainsFeasibleBasisInfeasible,cutsChangedCoefficients,feasibleTermsPrunedByBound,tighten_disjunction,tighten_matrix_perturbation,tighten_infeasible_to_feasible_term,tighten_feasible_to_infeasible_basis
0,0,None,64,5136.205301,5136.205301,5136.205301,5304.943839,6730.000000,6730.000000,0.000005,3.191198,59.135152,66.242302,6291,146618,3600.000000,0,0,0,GUROBI,1,0,0,0,0,0,0,0,0,0,0
1,0,None,64,4653.264433,4653.264433,4653.264433,5910.795687,7830.000000,7830.000000,0.000002,2.592916,57.882604,74.226631,4960,124531,3600.000000,0,0,0,GUROBI,1,0,0,0,0,0,0,0,0,0,0
2,0,None,64,4525.041451,4525.041451,4525.041451,6122.426486,7890.000000,7890.000000,0.000003,2.322030,60.285004,61.942915,4076,114952,3600.000000,0,0,0,GUROBI,1,0,0,0,0,0,0,0,0,0,0
3,0,None,64,4816.198521,4816.198521,4816.198521,6115.375002,7850.000000,7850.000000,0.000003,1.742146,37.926321,39.485192,2640,68450,3600.000000,0,0,0,GUROBI,1,0,0,0,0,0,0,0,0,0,0
