instanceIndex,seedIndex,vpcGenerator,terms,lpBound,disjunctiveDualBound,lpBoundPostVpc,rootDualBound,dualBound,primalBound,vpcGenerationTime,rootDualBoundTime,bestSolutionTime,terminationTime,nodes,iterations,maxTime,actualTerms,numCuts,cutLimit,mipSolver,providePrimalBound,infeasibleTerms,feasibleToInfeasibleTerms,infeasibleToFeasibleTerms,termRemainsFeasibleBasisInfeasible,cutsChangedCoefficients,feasibleTermsPrunedByBound,tighten_disjunction,tighten_matrix_perturbation,tighten_infeasible_to_feasible_term,tighten_feasible_to_infeasible_basis
0,0,None,4,58939.682617,58939.682617,58939.682617,59529.999807,71320.000000,71320.000000,0.000003,23.651653,584.060890,584.061592,1329,1280537,3600.000000,0,0,0,GUROBI,1,0,0,0,0,0,0,0,0,0,0
1,0,None,4,58939.682617,58939.682617,58939.682617,59883.770342,71320.000000,71320.000000,0.000003,27.865440,972.934819,973.770230,1544,2067135,3600.000000,0,0,0,GUROBI,1,0,0,0,0,0,0,0,0,0,0
2,0,None,4,58936.824415,58936.824415,58936.824415,59311.045911,71320.000000,71320.000000,0.000003,24.863358,521.042396,559.887402,793,1067895,3600.000000,0,0,0,GUROBI,1,0,0,0,0,0,0,0,0,0,0
3,0,None,4,58851.945029,58851.945029,58851.945029,59775.513579,71320.000000,71320.000000,0.000003,20.564947,535.827084,536.893266,814,1095436,3600.000000,0,0,0,GUROBI,1,0,0,0,0,0,0,0,0,0,0
