instanceIndex,seedIndex,vpcGenerator,terms,lpBound,disjunctiveDualBound,lpBoundPostVpc,rootDualBound,dualBound,primalBound,vpcGenerationTime,rootDualBoundTime,bestSolutionTime,terminationTime,nodes,iterations,maxTime,actualTerms,numCuts,cutLimit,mipSolver,providePrimalBound,infeasibleTerms,feasibleToInfeasibleTerms,infeasibleToFeasibleTerms,termRemainsFeasibleBasisInfeasible,cutsChangedCoefficients,feasibleTermsPrunedByBound,tighten_disjunction,tighten_matrix_perturbation,tighten_infeasible_to_feasible_term,tighten_feasible_to_infeasible_basis
0,0,New,4,-18902.810023,-18809.259984,-18834.579313,-18135.235523,-17905.000000,-17905.000000,4146.743114,4163.369860,4164.232828,4173.725094,117,26918,3600.000000,4,181,850,GUROBI,1,0,0,0,0,0,0,0,0,0,0
1,0,All,4,-18903.209966,-18809.259984,-18837.207237,-18133.644858,-17905.000000,-17905.000000,493.244232,508.727790,513.535183,513.535994,63,18842,3600.000000,4,181,0,GUROBI,1,0,0,0,0,181,0,1,1,1,1
2,0,All,4,-18907.142929,-18811.315578,-18839.331532,-18132.564480,-17905.000000,-17905.000000,417.682533,433.144590,433.735401,437.142155,68,18427,3600.000000,4,181,0,GUROBI,1,0,0,0,3,181,0,1,1,1,1
3,0,All,4,-18908.347864,-18816.128823,-18842.431912,-18118.464512,-17905.000000,-17905.000000,120.734415,136.822983,137.483794,141.303370,61,18623,3600.000000,4,181,0,GUROBI,1,0,0,0,1,0,0,1,1,1,1
