instanceIndex,seedIndex,vpcGenerator,terms,lpBound,disjunctiveDualBound,lpBoundPostVpc,rootDualBound,dualBound,primalBound,vpcGenerationTime,rootDualBoundTime,bestSolutionTime,terminationTime,nodes,iterations,maxTime,actualTerms,numCuts,cutLimit,mipSolver,providePrimalBound,infeasibleTerms,feasibleToInfeasibleTerms,infeasibleToFeasibleTerms,termRemainsFeasibleBasisInfeasible,cutsChangedCoefficients,feasibleTermsPrunedByBound,tighten_disjunction,tighten_matrix_perturbation,tighten_infeasible_to_feasible_term,tighten_feasible_to_infeasible_basis
0,0,None,4,603955.746492,603955.746492,603955.746492,603955.745550,607110.849731,607171.506084,0.000002,2.587868,33.275949,268.703874,207213,2457461,3600.000000,0,0,0,GUROBI,1,0,0,0,0,0,0,0,0,0,0
1,0,None,4,-2384810.673954,-2384810.673954,-2384810.673954,-2070553.922400,-1912764.204040,-1912572.992481,0.000003,4.305389,2177.189375,2683.020735,329091,11547452,3600.000000,0,0,0,GUROBI,1,0,0,0,0,0,0,0,0,0,0
2,0,None,4,-2231599.235828,-2231599.235828,-2231599.235828,-2012364.556478,-1641845.720860,-1637816.956558,0.000002,3.217476,1294.199452,3600.005532,367223,15291880,3600.000000,0,0,0,GUROBI,1,0,0,0,0,0,0,0,0,0,0
3,0,None,4,-1929749.065166,-1929749.065166,-1929749.065166,-1646890.881516,-1362719.803609,-1362206.887754,0.000003,3.269481,3600.008323,3600.009190,539897,14096310,3600.000000,0,0,0,GUROBI,1,0,0,0,0,0,0,0,0,0,0
