instanceIndex,seedIndex,vpcGenerator,terms,lpBound,disjunctiveDualBound,lpBoundPostVpc,rootDualBound,dualBound,primalBound,vpcGenerationTime,rootDualBoundTime,bestSolutionTime,terminationTime,nodes,iterations,maxTime,actualTerms,numCuts,cutLimit,mipSolver,providePrimalBound,infeasibleTerms,feasibleToInfeasibleTerms,infeasibleToFeasibleTerms,termRemainsFeasibleBasisInfeasible,cutsChangedCoefficients,feasibleTermsPrunedByBound,tighten_disjunction,tighten_matrix_perturbation,tighten_infeasible_to_feasible_term,tighten_feasible_to_infeasible_basis
0,0,None,64,618.670516,618.670516,618.670516,1921.407811,2999.933263,3000.047222,0.000002,2.377315,30.224749,79.336609,3727,764848,3600.000000,0,0,0,GUROBI,1,0,0,0,0,0,0,0,0,0,0
1,0,None,64,357.981181,357.981181,357.981181,1638.223397,2728.145247,2728.416994,0.000003,1.332122,1117.074400,1174.205449,78770,9510454,3600.000000,0,0,0,GUROBI,1,0,0,0,0,0,0,0,0,0,0
2,0,None,64,481.956140,481.956140,481.956140,1804.576139,2870.972766,2871.252242,0.000002,2.577903,534.187377,579.496710,59099,6242265,3600.000000,0,0,0,GUROBI,1,0,0,0,0,0,0,0,0,0,0
3,0,None,64,453.515291,453.515291,453.515291,1762.757060,2861.830760,2862.111560,0.000002,1.469271,985.598055,985.598215,114769,11746010,3600.000000,0,0,0,GUROBI,1,0,0,0,0,0,0,0,0,0,0
