instanceIndex,seedIndex,vpcGenerator,terms,lpBound,disjunctiveDualBound,lpBoundPostVpc,rootDualBound,dualBound,primalBound,vpcGenerationTime,rootDualBoundTime,bestSolutionTime,terminationTime,nodes,iterations,maxTime,actualTerms,numCuts,cutLimit,mipSolver,providePrimalBound,infeasibleTerms,feasibleToInfeasibleTerms,infeasibleToFeasibleTerms,termRemainsFeasibleBasisInfeasible,cutsChangedCoefficients,feasibleTermsPrunedByBound,tighten_disjunction,tighten_matrix_perturbation,tighten_infeasible_to_feasible_term,tighten_feasible_to_infeasible_basis
0,0,New,4,286.534383,286.534383,286.534383,315.521667,2270.850000,2270.850000,117.636199,118.909736,1130.633001,1130.633244,167357,6435417,3600.000000,4,144,160,GUROBI,1,0,0,0,0,0,0,0,0,0,0
1,0,Farkas,4,270.736545,270.736545,270.736545,301.280303,2268.850000,2268.850000,0.151300,1.210034,1203.144844,1203.145126,118541,4734454,3600.000000,4,144,0,GUROBI,1,0,0,0,0,0,0,0,0,0,0
2,0,Farkas,4,269.167960,269.167960,269.167960,297.255700,2283.638333,2283.850000,0.146759,1.615446,725.468218,1416.203871,119077,5850450,3600.000000,4,144,0,GUROBI,1,0,0,0,0,0,0,0,0,0,0
3,0,Farkas,4,236.288542,236.437592,236.288542,273.681250,2255.790000,2255.850000,0.112394,0.788999,12.919440,691.103580,123944,4958888,3600.000000,4,144,0,GUROBI,1,0,0,0,0,0,0,0,0,0,0
