instanceIndex,seedIndex,vpcGenerator,terms,lpBound,disjunctiveDualBound,lpBoundPostVpc,rootDualBound,dualBound,primalBound,vpcGenerationTime,rootDualBoundTime,bestSolutionTime,terminationTime,nodes,iterations,maxTime,actualTerms,numCuts,cutLimit,mipSolver,providePrimalBound,infeasibleTerms,feasibleToInfeasibleTerms,infeasibleToFeasibleTerms,termRemainsFeasibleBasisInfeasible,cutsChangedCoefficients,feasibleTermsPrunedByBound,tighten_disjunction,tighten_matrix_perturbation,tighten_infeasible_to_feasible_term,tighten_feasible_to_infeasible_basis
0,0,New,64,-18525.765543,-18393.769495,-18401.055526,-17890.850100,-17380.000000,-17380.000000,48862.964332,48880.518142,48904.865513,48981.128310,959,147446,3600.000000,71,61,857,GUROBI,1,62,0,0,0,0,0,0,0,0,0
1,0,All,64,-18525.765543,-18393.769495,-18401.165075,-17892.027595,-17381.000000,-17380.000000,198.054421,213.943185,790.103661,790.104560,8404,1157001,3600.000000,71,61,0,GUROBI,1,62,0,0,0,56,0,1,1,1,1
2,0,All,64,-18530.953651,-18396.696433,-18406.379984,-17852.301229,-17381.000000,-17380.000000,180.032824,190.272659,649.698362,649.699242,4628,803924,3600.000000,71,61,0,GUROBI,1,62,0,0,3,0,0,1,1,1,1
3,0,All,64,-18525.765543,-18393.769495,-18401.164923,-17884.082734,-17381.000000,-17380.000000,220.992317,234.111814,387.337915,387.338844,1722,310486,3600.000000,71,61,0,GUROBI,1,62,0,0,5,61,0,1,1,1,1
