instanceIndex,seedIndex,vpcGenerator,terms,lpBound,disjunctiveDualBound,lpBoundPostVpc,rootDualBound,dualBound,primalBound,vpcGenerationTime,rootDualBoundTime,bestSolutionTime,terminationTime,nodes,iterations,maxTime,actualTerms,numCuts,cutLimit,mipSolver,providePrimalBound,infeasibleTerms,feasibleToInfeasibleTerms,infeasibleToFeasibleTerms,termRemainsFeasibleBasisInfeasible,cutsChangedCoefficients,feasibleTermsPrunedByBound,tighten_disjunction,tighten_matrix_perturbation,tighten_infeasible_to_feasible_term,tighten_feasible_to_infeasible_basis
0,0,New,4,618.670516,620.801339,620.754423,1921.407811,2999.786606,3000.047222,479.530248,481.343683,501.825839,523.539360,2093,430436,3600.000000,4,69,69,GUROBI,1,0,0,0,0,0,0,0,0,0,0
1,0,Farkas,4,521.361282,522.902688,522.108461,2020.960626,3000.039788,3000.047806,0.601463,1.932738,41.808419,59.101584,2883,463289,3600.000000,4,69,0,GUROBI,1,0,0,0,4,68,0,0,0,0,0
2,0,Farkas,4,919.815410,923.361140,919.815410,2258.046481,42526.584901,42526.584901,2.221561,4.139527,29.179652,70.730539,3681,572291,3600.000000,4,69,0,GUROBI,1,2,2,0,2,67,0,0,0,0,0
3,0,Farkas,4,676.033743,679.236238,676.170606,2065.406494,3000.043386,3000.047602,0.847024,2.682182,0.847024,10.150792,305,56176,3600.000000,4,69,0,GUROBI,1,0,0,0,4,68,0,0,0,0,0
