instanceIndex,seedIndex,vpcGenerator,terms,lpBound,disjunctiveDualBound,lpBoundPostVpc,rootDualBound,dualBound,primalBound,vpcGenerationTime,rootDualBoundTime,bestSolutionTime,terminationTime,nodes,iterations,maxTime,actualTerms,numCuts,cutLimit,mipSolver,providePrimalBound,infeasibleTerms,feasibleToInfeasibleTerms,infeasibleToFeasibleTerms,termRemainsFeasibleBasisInfeasible,cutsChangedCoefficients,feasibleTermsPrunedByBound,tighten_disjunction,tighten_matrix_perturbation,tighten_infeasible_to_feasible_term,tighten_feasible_to_infeasible_basis
0,0,None,4,8877.000000,8877.000000,8877.000000,10087.571429,14392.000000,14393.000000,0.000027,0.118424,15.862034,2375.272786,4605801,27730580,3600.000000,0,0,0,GUROBI,1,0,0,0,0,0,0,0,0,0,0
1,0,None,4,10845.500000,10845.500000,10845.500000,11715.000000,11794.000000,11794.000000,0.000003,0.035746,0.094729,0.096429,129,548,3600.000000,0,0,0,GUROBI,1,0,0,0,0,0,0,0,0,0,0
2,0,None,4,14951.285714,14951.285714,14951.285714,14983.000000,15310.000000,15310.000000,0.000002,0.035408,0.069952,0.070271,59,287,3600.000000,0,0,0,GUROBI,1,0,0,0,0,0,0,0,0,0,0
3,0,None,4,12579.642857,12579.642857,12579.642857,13721.000000,13721.000000,13721.000000,0.000003,0.028267,0.028777,0.029014,1,87,3600.000000,0,0,0,GUROBI,1,0,0,0,0,0,0,0,0,0,0
