instanceIndex,seedIndex,vpcGenerator,terms,lpBound,disjunctiveDualBound,lpBoundPostVpc,rootDualBound,dualBound,primalBound,vpcGenerationTime,rootDualBoundTime,bestSolutionTime,terminationTime,nodes,iterations,maxTime,actualTerms,numCuts,cutLimit,mipSolver,providePrimalBound,infeasibleTerms,feasibleToInfeasibleTerms,infeasibleToFeasibleTerms,termRemainsFeasibleBasisInfeasible,cutsChangedCoefficients,feasibleTermsPrunedByBound,tighten_disjunction,tighten_matrix_perturbation,tighten_infeasible_to_feasible_term,tighten_feasible_to_infeasible_basis
0,0,None,64,26069.000000,26069.000000,26069.000000,27488.416667,27672.000000,27674.000000,0.000002,6.175856,2901.556197,2901.556704,60953,14517812,3600.000000,0,0,0,GUROBI,1,0,0,0,0,0,0,0,0,0,0
1,0,None,64,26195.500000,26195.500000,26195.500000,27496.431818,27830.000000,27998.000000,0.000003,5.792727,3221.860827,3600.004830,99503,19359592,3600.000000,0,0,0,GUROBI,1,0,0,0,0,0,0,0,0,0,0
2,0,None,64,26008.000000,26008.000000,26008.000000,27476.411765,27672.000000,27673.999957,0.000004,5.627373,321.620933,424.975899,10176,2144026,3600.000000,0,0,0,GUROBI,1,0,0,0,0,0,0,0,0,0,0
3,0,None,64,26069.000000,26069.000000,26069.000000,27471.597222,27791.000000,27793.000000,0.000002,4.556303,1180.078538,1252.961244,31205,5696477,3600.000000,0,0,0,GUROBI,1,0,0,0,0,0,0,0,0,0,0
