instanceIndex,seedIndex,vpcGenerator,terms,lpBound,disjunctiveDualBound,lpBoundPostVpc,rootDualBound,dualBound,primalBound,vpcGenerationTime,rootDualBoundTime,bestSolutionTime,terminationTime,nodes,iterations,maxTime,actualTerms,numCuts,cutLimit,mipSolver,providePrimalBound,infeasibleTerms,feasibleToInfeasibleTerms,infeasibleToFeasibleTerms,termRemainsFeasibleBasisInfeasible,cutsChangedCoefficients,feasibleTermsPrunedByBound,tighten_disjunction,tighten_matrix_perturbation,tighten_infeasible_to_feasible_term,tighten_feasible_to_infeasible_basis
0,0,New,4,8877.000000,8894.285714,8891.018746,9975.285714,14392.000000,14393.000000,1.529742,1.613713,22.216064,2069.822774,4307192,25172317,3600.000000,4,24,24,GUROBI,1,0,0,0,0,0,0,0,0,0,0
1,0,New,4,11524.000000,11526.785714,11526.785714,12964.500000,13347.000000,13347.000000,0.320153,0.413125,0.922336,0.978451,613,3426,3600.000000,5,24,24,GUROBI,1,3,0,0,0,0,0,0,0,0,0
2,0,New,4,8877.000000,8890.785714,8889.918367,10586.500000,14392.000000,14393.000000,0.264343,0.376065,4.209385,2360.890422,3794012,24350930,3600.000000,5,24,24,GUROBI,1,3,0,0,0,0,0,0,0,0,0
3,0,New,4,8877.000000,8894.285714,8894.285714,10644.200000,13181.000000,13182.000000,0.202113,0.326259,131.295614,379.762650,392342,2886284,3600.000000,4,16,24,GUROBI,1,0,0,0,0,0,0,0,0,0,0
