instanceIndex,seedIndex,vpcGenerator,terms,lpBound,disjunctiveDualBound,lpBoundPostVpc,rootDualBound,dualBound,primalBound,vpcGenerationTime,rootDualBoundTime,bestSolutionTime,terminationTime,nodes,iterations,maxTime,actualTerms,numCuts,cutLimit,mipSolver,providePrimalBound,infeasibleTerms,feasibleToInfeasibleTerms,infeasibleToFeasibleTerms,termRemainsFeasibleBasisInfeasible,cutsChangedCoefficients,feasibleTermsPrunedByBound,tighten_disjunction,tighten_matrix_perturbation,tighten_infeasible_to_feasible_term,tighten_feasible_to_infeasible_basis
0,0,New,64,192.000000,192.000000,192.000000,1552.730431,1600.000000,1600.000000,1.512039,1.558590,17.364161,27.212231,22193,344107,3600.000000,65,6,87,GUROBI,1,28,0,0,0,0,0,0,0,0,0
1,0,All,64,194.000000,194.000000,194.000000,461.366462,858.000000,973.000000,0.086666,0.214540,3600.087266,3600.087351,1542831,26320254,3600.000000,65,6,0,GUROBI,1,28,0,0,37,0,0,1,1,1,1
2,0,All,64,197.000000,197.000000,197.000000,394.057500,895.000000,895.000000,0.086156,0.253971,884.469391,972.541890,498458,7562923,3600.000000,65,6,0,GUROBI,1,28,0,0,37,0,0,1,1,1,1
3,0,All,64,201.000000,201.000000,201.000000,420.299274,805.000000,805.000000,0.077852,0.203092,184.054951,184.055068,91631,2075860,3600.000000,65,6,0,GUROBI,1,28,0,0,37,0,0,1,1,1,1
