instanceIndex,seedIndex,vpcGenerator,terms,lpBound,disjunctiveDualBound,lpBoundPostVpc,rootDualBound,dualBound,primalBound,vpcGenerationTime,rootDualBoundTime,bestSolutionTime,terminationTime,nodes,iterations,maxTime,actualTerms,numCuts,cutLimit,mipSolver,providePrimalBound,infeasibleTerms,feasibleToInfeasibleTerms,infeasibleToFeasibleTerms,termRemainsFeasibleBasisInfeasible,cutsChangedCoefficients,feasibleTermsPrunedByBound,tighten_disjunction,tighten_matrix_perturbation,tighten_infeasible_to_feasible_term,tighten_feasible_to_infeasible_basis
0,0,New,4,192.000000,192.000000,192.000000,1554.946559,1600.000000,1600.000000,1.339489,1.434884,47.355248,68.509255,28680,477607,3600.000000,4,2,87,GUROBI,1,0,0,0,0,0,0,0,0,0,0
1,0,All,4,194.000000,194.000000,194.000000,463.775934,973.000000,973.000000,0.007693,0.277427,2447.558363,3326.326905,846675,13918247,3600.000000,4,2,0,GUROBI,1,0,0,0,4,0,0,1,1,1,1
2,0,All,4,197.000000,197.000000,197.000000,398.184709,895.000000,895.000000,0.005896,0.221999,2175.313079,2175.313236,675133,10911008,3600.000000,4,2,0,GUROBI,1,0,0,0,4,0,0,1,1,1,1
3,0,All,4,201.000000,201.000000,201.000000,421.854163,805.000000,805.000000,0.013061,0.241260,275.852053,275.852212,76121,1497199,3600.000000,4,2,0,GUROBI,1,0,0,0,4,0,0,1,1,1,1
