instanceIndex,seedIndex,vpcGenerator,terms,lpBound,disjunctiveDualBound,lpBoundPostVpc,rootDualBound,dualBound,primalBound,vpcGenerationTime,rootDualBoundTime,bestSolutionTime,terminationTime,nodes,iterations,maxTime,actualTerms,numCuts,cutLimit,mipSolver,providePrimalBound,infeasibleTerms,feasibleToInfeasibleTerms,infeasibleToFeasibleTerms,termRemainsFeasibleBasisInfeasible,cutsChangedCoefficients,feasibleTermsPrunedByBound,tighten_disjunction,tighten_matrix_perturbation,tighten_infeasible_to_feasible_term,tighten_feasible_to_infeasible_basis
0,0,New,4,4970975.847015,4983757.925306,4983757.925306,5971858.543951,6021720.000000,6021720.000000,4.122057,4.348008,4.122057,4.356305,1,1319,3600.000000,4,7,8,GUROBI,1,0,0,0,0,0,0,0,0,0,0
1,0,New,4,4970844.671420,4983627.651604,4983627.651604,6017041.140702,6017167.000000,6017167.000000,3.415116,3.604350,3.415116,3.608127,1,1081,3600.000000,4,8,8,GUROBI,1,0,0,0,0,0,0,0,0,0,0
2,0,New,4,4970955.176361,4983737.254652,4983737.254652,6001395.981348,6019885.000000,6019885.000000,3.345624,3.558359,3.345624,3.565722,1,1361,3600.000000,4,6,8,GUROBI,1,0,0,0,0,0,0,0,0,0,0
3,0,New,4,4971163.934957,4983946.464195,4983946.464195,6016496.440500,6016586.600000,6016586.600000,3.730928,4.055175,3.730928,4.058654,1,1585,3600.000000,4,8,8,GUROBI,1,0,0,0,0,0,0,0,0,0,0
