instanceIndex,seedIndex,vpcGenerator,terms,lpBound,disjunctiveDualBound,lpBoundPostVpc,rootDualBound,dualBound,primalBound,vpcGenerationTime,rootDualBoundTime,bestSolutionTime,terminationTime,nodes,iterations,maxTime,actualTerms,numCuts,cutLimit,mipSolver,providePrimalBound,infeasibleTerms,feasibleToInfeasibleTerms,infeasibleToFeasibleTerms,termRemainsFeasibleBasisInfeasible,cutsChangedCoefficients,feasibleTermsPrunedByBound,tighten_disjunction,tighten_matrix_perturbation,tighten_infeasible_to_feasible_term,tighten_feasible_to_infeasible_basis
0,0,New,4,4970975.847015,4983757.925306,4983757.925306,5983265.874190,6021720.000000,6021720.000000,4.311201,4.906093,4.912296,4.957455,17,1330,3600.000000,4,7,8,GUROBI,1,0,0,0,0,0,0,0,0,0,0
1,0,All,4,4622580.000000,4622580.000000,4622580.000000,4622580.000000,4622580.000000,4622580.000000,0.137962,0.157013,0.137962,0.157013,0,0,3600.000000,4,7,0,GUROBI,1,3,3,0,1,7,0,1,1,1,1
2,0,All,4,4622580.000000,4622580.000000,4622580.000000,4622580.000000,4622580.000000,4622580.000000,0.088111,0.094442,0.088111,0.094442,0,0,3600.000000,4,7,0,GUROBI,1,0,0,0,4,7,0,1,1,1,1
3,0,All,4,4622580.000000,4622580.000000,4622580.000000,4622580.000000,4622580.000000,4622580.000000,0.119689,0.124762,0.119689,0.124762,0,0,3600.000000,4,7,0,GUROBI,1,2,2,0,2,7,0,1,1,1,1
