instanceIndex,seedIndex,vpcGenerator,terms,lpBound,disjunctiveDualBound,lpBoundPostVpc,rootDualBound,dualBound,primalBound,vpcGenerationTime,rootDualBoundTime,bestSolutionTime,terminationTime,nodes,iterations,maxTime,actualTerms,numCuts,cutLimit,mipSolver,providePrimalBound,infeasibleTerms,feasibleToInfeasibleTerms,infeasibleToFeasibleTerms,termRemainsFeasibleBasisInfeasible,cutsChangedCoefficients,feasibleTermsPrunedByBound,tighten_disjunction,tighten_matrix_perturbation,tighten_infeasible_to_feasible_term,tighten_feasible_to_infeasible_basis
0,0,New,64,954341.026667,954591.152725,954435.712645,971370.829364,988404.148408,988585.620000,440.624923,442.807047,752.170987,4040.626001,1755352,28146624,3600.000000,64,152,152,GUROBI,1,0,0,0,0,0,0,0,0,0,0
1,0,All,64,424636.484496,424636.484496,424636.484496,485811.519846,488040.350000,488040.350000,2.220541,2.465868,2.520502,2.520687,48,1539,3600.000000,64,152,0,GUROBI,1,0,0,0,0,0,0,1,1,1,1
2,0,All,64,708040.091611,708224.866056,708040.091611,746952.398982,748617.318379,748691.880000,2.089119,2.393133,3.169429,4.468216,2056,10877,3600.000000,64,152,0,GUROBI,1,0,0,0,0,0,0,1,1,1,1
3,0,All,64,285336.181889,285356.218222,285336.181889,348460.802151,348972.507210,348978.610000,2.233702,2.521016,2.591286,2.592366,54,1347,3600.000000,64,152,0,GUROBI,1,0,0,0,0,0,0,1,1,1,1
