instanceIndex,seedIndex,vpcGenerator,terms,lpBound,disjunctiveDualBound,lpBoundPostVpc,rootDualBound,dualBound,primalBound,vpcGenerationTime,rootDualBoundTime,bestSolutionTime,terminationTime,nodes,iterations,maxTime,actualTerms,numCuts,cutLimit,mipSolver,providePrimalBound,infeasibleTerms,feasibleToInfeasibleTerms,infeasibleToFeasibleTerms,termRemainsFeasibleBasisInfeasible,cutsChangedCoefficients,feasibleTermsPrunedByBound,tighten_disjunction,tighten_matrix_perturbation,tighten_infeasible_to_feasible_term,tighten_feasible_to_infeasible_basis
0,0,New,4,-18525.765543,-18442.043263,-18458.758402,-17871.906764,-17381.000000,-17380.000000,4525.345254,4536.380942,4681.334885,4700.616571,2299,448230,3600.000000,4,209,857,GUROBI,1,0,0,0,0,0,0,0,0,0,0
1,0,All,4,-18524.483764,-18442.640587,-18465.418710,-17886.475196,-17378.000000,-17378.000000,0.701077,9.493474,97.860891,155.981876,1720,345513,3600.000000,4,209,0,GUROBI,1,0,0,0,0,0,0,1,1,1,1
2,0,All,4,-18496.685362,-18414.901495,-18428.793278,-17853.615436,-17350.000000,-17350.000000,0.674314,10.868927,45.250568,45.251239,717,130604,3600.000000,4,209,0,GUROBI,1,0,0,0,0,0,0,1,1,1,1
3,0,All,4,-18527.950614,-18447.283634,-18469.744768,-17878.175100,-17400.000000,-17400.000000,0.718935,10.034761,27.593674,116.519594,1367,220341,3600.000000,4,209,0,GUROBI,1,0,0,0,0,0,0,1,1,1,1
