instanceIndex,seedIndex,vpcGenerator,terms,lpBound,disjunctiveDualBound,lpBoundPostVpc,rootDualBound,dualBound,primalBound,vpcGenerationTime,rootDualBoundTime,bestSolutionTime,terminationTime,nodes,iterations,maxTime,actualTerms,numCuts,cutLimit,mipSolver,providePrimalBound,infeasibleTerms,feasibleToInfeasibleTerms,infeasibleToFeasibleTerms,termRemainsFeasibleBasisInfeasible,cutsChangedCoefficients,feasibleTermsPrunedByBound,tighten_disjunction,tighten_matrix_perturbation,tighten_infeasible_to_feasible_term,tighten_feasible_to_infeasible_basis
0,0,New,4,26069.000000,26069.000000,26069.000000,27389.687500,27630.000000,27674.000000,33.032237,37.943499,3569.420641,3633.034697,118939,27758416,3600.000000,4,44,180,GUROBI,1,0,0,0,0,0,0,0,0,0,0
1,0,Farkas,4,25885.583333,25885.583333,25885.583333,27050.950217,27375.000000,27377.000000,0.250591,3.291522,407.326585,407.326815,17575,3050227,3600.000000,4,44,0,GUROBI,1,0,0,0,4,43,0,0,0,0,0
2,0,Farkas,4,25021.750000,25021.750000,25021.750000,27390.568149,27591.000000,27592.999998,0.344472,3.312489,426.492991,426.493218,19126,3706424,3600.000000,4,44,0,GUROBI,1,0,0,0,4,43,0,0,0,0,0
3,0,Farkas,4,25684.750000,25684.750000,25684.750000,27131.579545,27435.000000,27437.000000,0.249341,2.820551,636.398261,802.603666,32224,6080029,3600.000000,4,44,0,GUROBI,1,0,0,0,4,44,0,0,0,0,0
