instanceIndex,seedIndex,vpcGenerator,terms,lpBound,disjunctiveDualBound,lpBoundPostVpc,rootDualBound,dualBound,primalBound,vpcGenerationTime,rootDualBoundTime,bestSolutionTime,terminationTime,nodes,iterations,maxTime,actualTerms,numCuts,cutLimit,mipSolver,providePrimalBound,infeasibleTerms,feasibleToInfeasibleTerms,infeasibleToFeasibleTerms,termRemainsFeasibleBasisInfeasible,cutsChangedCoefficients,feasibleTermsPrunedByBound,tighten_disjunction,tighten_matrix_perturbation,tighten_infeasible_to_feasible_term,tighten_feasible_to_infeasible_basis
0,0,None,4,5136.205301,5136.205301,5136.205301,5304.943839,6730.000000,6730.000000,0.000003,1.444289,26.916694,32.680071,4628,98079,3600.000000,0,0,0,GUROBI,1,0,0,0,0,0,0,0,0,0,0
1,0,None,4,3882.917761,3882.917761,3882.917761,9324.469016,11790.000000,11790.000000,0.000002,2.750853,87.775921,88.365840,5947,359214,3600.000000,0,0,0,GUROBI,1,0,0,0,0,0,0,0,0,0,0
2,0,None,4,4140.715621,4140.715621,4140.715621,7603.124188,9810.000000,9810.000000,0.000002,2.760271,53.606616,55.852098,3692,196121,3600.000000,0,0,0,GUROBI,1,0,0,0,0,0,0,0,0,0,0
3,0,None,4,4089.065990,4089.065990,4089.065990,8498.641030,10940.000000,10940.000000,0.000001,1.937411,24.556636,29.861075,1603,83883,3600.000000,0,0,0,GUROBI,1,0,0,0,0,0,0,0,0,0,0
