instanceIndex,seedIndex,vpcGenerator,terms,lpBound,disjunctiveDualBound,lpBoundPostVpc,rootDualBound,dualBound,primalBound,vpcGenerationTime,rootDualBoundTime,bestSolutionTime,terminationTime,nodes,iterations,maxTime,actualTerms,numCuts,cutLimit,mipSolver,providePrimalBound,infeasibleTerms,feasibleToInfeasibleTerms,infeasibleToFeasibleTerms,termRemainsFeasibleBasisInfeasible,cutsChangedCoefficients,feasibleTermsPrunedByBound,tighten_disjunction,tighten_matrix_perturbation,tighten_infeasible_to_feasible_term,tighten_feasible_to_infeasible_basis
0,0,None,4,286.534383,286.534383,286.534383,315.521667,2270.850000,2270.850000,0.000002,1.736676,892.201054,973.359114,102559,5139717,3600.000000,0,0,0,GUROBI,1,0,0,0,0,0,0,0,0,0,0
1,0,None,4,286.534383,286.534383,286.534383,347.611705,2329.890000,2329.890000,0.000002,1.311140,473.165720,675.940792,83520,3850662,3600.000000,0,0,0,GUROBI,1,0,0,0,0,0,0,0,0,0,0
2,0,None,4,286.534383,286.534383,286.534383,318.841667,2270.850000,2270.850000,0.000004,1.451521,411.539001,743.842960,81263,3431393,3600.000000,0,0,0,GUROBI,1,0,0,0,0,0,0,0,0,0,0
3,0,None,4,286.534383,286.534383,286.534383,327.579242,2281.610000,2281.770000,0.000003,1.511526,204.467557,712.176973,81014,3247186,3600.000000,0,0,0,GUROBI,1,0,0,0,0,0,0,0,0,0,0
