instanceIndex,seedIndex,vpcGenerator,terms,lpBound,disjunctiveDualBound,lpBoundPostVpc,rootDualBound,dualBound,primalBound,vpcGenerationTime,rootDualBoundTime,bestSolutionTime,terminationTime,nodes,iterations,maxTime,actualTerms,numCuts,cutLimit,mipSolver,providePrimalBound,infeasibleTerms,feasibleToInfeasibleTerms,infeasibleToFeasibleTerms,termRemainsFeasibleBasisInfeasible,cutsChangedCoefficients,feasibleTermsPrunedByBound,tighten_disjunction,tighten_matrix_perturbation,tighten_infeasible_to_feasible_term,tighten_feasible_to_infeasible_basis
0,0,New,4,1209900.000000,1213800.000000,1209900.000000,1231200.000000,1232700.000000,1232700.000000,10.536987,12.159960,10.536987,12.161713,1,6647,3600.000000,4,71,126,GUROBI,1,0,0,0,0,0,0,0,0,0,0
1,0,Farkas,4,1208868.400000,1212620.700000,1208868.400000,1226210.889549,1231495.000000,1231516.993848,0.312698,1.146988,6.458624,6.459140,515,13176,3600.000000,4,71,0,GUROBI,1,0,0,0,0,0,0,0,0,0,0
2,0,Farkas,4,1207798.200000,1211334.666667,1207798.200000,1225380.516667,1229282.712652,1230166.000000,0.315801,1.133877,17.866927,3600.323225,1295358,12996546,3600.000000,4,71,0,GUROBI,1,0,0,0,0,0,0,0,0,0,0
3,0,Farkas,4,1209253.600000,1213066.866667,1209253.600000,1230209.650000,1231869.950000,1231938.000000,0.328602,1.121640,3.102152,3.130074,103,5779,3600.000000,4,71,0,GUROBI,1,0,0,0,0,0,0,0,0,0,0
