instanceIndex,seedIndex,vpcGenerator,terms,lpBound,disjunctiveDualBound,lpBoundPostVpc,rootDualBound,dualBound,primalBound,vpcGenerationTime,rootDualBoundTime,bestSolutionTime,terminationTime,nodes,iterations,maxTime,actualTerms,numCuts,cutLimit,mipSolver,providePrimalBound,infeasibleTerms,feasibleToInfeasibleTerms,infeasibleToFeasibleTerms,termRemainsFeasibleBasisInfeasible,cutsChangedCoefficients,feasibleTermsPrunedByBound,tighten_disjunction,tighten_matrix_perturbation,tighten_infeasible_to_feasible_term,tighten_feasible_to_infeasible_basis
0,0,New,4,1209900.000000,1213800.000000,1209900.000000,1231200.000000,1232700.000000,1232700.000000,10.587313,12.616025,10.587313,12.617033,1,10700,3600.000000,4,71,126,GUROBI,1,0,0,0,0,0,0,0,0,0,0
1,0,Farkas,4,1189768.750000,1190093.750000,1189768.750000,1206136.362303,1215000.000000,1218500.000000,0.301900,2.640039,3600.307739,3600.308275,527021,7032203,3600.000000,4,71,0,GUROBI,1,0,0,0,4,71,0,0,0,0,0
2,0,Farkas,4,1189550.000000,1192218.750000,1189550.000000,1213600.000000,1214900.000000,1214900.000000,0.269050,1.427814,2.715971,23.660559,2964,75492,3600.000000,4,71,0,GUROBI,1,0,0,0,4,71,0,0,0,0,0
3,0,Farkas,4,1179543.750000,1180337.500000,1179543.750000,1200100.000000,1200600.000000,1200600.000000,0.318065,1.770334,0.318065,1.771345,1,10199,3600.000000,4,71,0,GUROBI,1,0,0,0,4,71,0,0,0,0,0
