instanceIndex,seedIndex,vpcGenerator,terms,lpBound,disjunctiveDualBound,lpBoundPostVpc,rootDualBound,dualBound,primalBound,vpcGenerationTime,rootDualBoundTime,bestSolutionTime,terminationTime,nodes,iterations,maxTime,actualTerms,numCuts,cutLimit,mipSolver,providePrimalBound,infeasibleTerms,feasibleToInfeasibleTerms,infeasibleToFeasibleTerms,termRemainsFeasibleBasisInfeasible,cutsChangedCoefficients,feasibleTermsPrunedByBound,tighten_disjunction,tighten_matrix_perturbation,tighten_infeasible_to_feasible_term,tighten_feasible_to_infeasible_basis
0,0,New,64,6519541.944917,6528425.806386,6519541.944917,11486166.666275,11490666.666274,11490666.666634,9.174062,9.717135,18.628204,19.154601,4244,117033,3600.000000,64,2,202,GUROBI,1,37,0,0,0,0,0,0,0,0,0
1,0,All,64,7583117.399037,7583117.399037,7583117.399037,12033483.001761,12045351.539285,12046435.999964,0.435279,0.853544,1805.149031,3600.447516,801885,38292331,3600.000000,64,2,0,GUROBI,1,35,2,4,25,0,0,1,1,1,1
2,0,All,64,7752420.909803,7752596.417846,7752420.909803,11946024.876872,11966800.651361,11967168.666637,0.321162,0.810809,280.983848,280.991067,99606,3086774,3600.000000,64,2,0,GUROBI,1,44,18,11,9,0,0,1,1,1,1
3,0,All,64,9525735.270631,9534735.270631,9525735.270631,13096116.548620,13226585.059911,13227577.332934,0.447295,1.148029,1.592146,2.422422,520,12400,3600.000000,64,2,0,GUROBI,1,36,3,4,24,0,0,1,1,1,1
