instanceIndex,seedIndex,vpcGenerator,terms,lpBound,disjunctiveDualBound,lpBoundPostVpc,rootDualBound,dualBound,primalBound,vpcGenerationTime,rootDualBoundTime,bestSolutionTime,terminationTime,nodes,iterations,maxTime,actualTerms,numCuts,cutLimit,mipSolver,providePrimalBound,infeasibleTerms,feasibleToInfeasibleTerms,infeasibleToFeasibleTerms,termRemainsFeasibleBasisInfeasible,cutsChangedCoefficients,feasibleTermsPrunedByBound,tighten_disjunction,tighten_matrix_perturbation,tighten_infeasible_to_feasible_term,tighten_feasible_to_infeasible_basis
0,0,None,64,26069.000000,26069.000000,26069.000000,27461.375000,27672.000000,27674.000000,0.000002,5.811760,3300.887630,3300.888105,77244,13540816,3600.000000,0,0,0,GUROBI,1,0,0,0,0,0,0,0,0,0,0
1,0,None,64,25871.906250,25871.906250,25871.906250,27314.142617,27483.000000,27642.000000,0.000003,5.694520,3510.795444,3600.004785,88556,13009239,3600.000000,0,0,0,GUROBI,1,0,0,0,0,0,0,0,0,0,0
2,0,None,64,25984.625000,25984.625000,25984.625000,27419.509024,27614.000000,27702.000000,0.000002,6.487968,3600.004376,3600.004779,82754,11089216,3600.000000,0,0,0,GUROBI,1,0,0,0,0,0,0,0,0,0,0
3,0,None,64,25865.500000,25865.500000,25865.500000,27347.484699,27680.000000,27682.000000,0.000002,6.020615,3450.810202,3450.810702,84863,10666388,3600.000000,0,0,0,GUROBI,1,0,0,0,0,0,0,0,0,0,0
