instanceIndex,seedIndex,vpcGenerator,terms,lpBound,disjunctiveDualBound,lpBoundPostVpc,rootDualBound,dualBound,primalBound,vpcGenerationTime,rootDualBoundTime,bestSolutionTime,terminationTime,nodes,iterations,maxTime,actualTerms,numCuts,cutLimit,mipSolver,providePrimalBound,infeasibleTerms,feasibleToInfeasibleTerms,infeasibleToFeasibleTerms,termRemainsFeasibleBasisInfeasible,cutsChangedCoefficients,feasibleTermsPrunedByBound,tighten_disjunction,tighten_matrix_perturbation,tighten_infeasible_to_feasible_term,tighten_feasible_to_infeasible_basis
0,0,New,4,11.724138,13.500000,13.500000,17.330996,60.054100,65.666667,227.268540,229.158936,726.778194,3827.270021,304562,22567536,3600.000000,4,39,52,GUROBI,1,0,0,0,0,0,0,0,0,0,0
1,0,New,4,10.548562,11.310693,10.895946,21.208609,59.420405,59.421348,801.286750,802.643683,862.907566,866.205759,15005,706908,3600.000000,4,41,56,GUROBI,1,1,0,0,0,0,0,0,0,0,0
2,0,New,4,11.115958,11.982268,11.460786,19.292468,55.391566,55.391566,517.120709,518.077850,566.261764,668.446902,19503,1112422,3600.000000,4,6,53,GUROBI,1,1,0,0,0,0,0,0,0,0,0
3,0,New,4,11.106495,11.229867,11.131282,16.625947,52.945595,52.950000,1215.649885,1216.673903,1407.573040,1461.351265,31647,2240460,3600.000000,4,8,52,GUROBI,1,0,0,0,0,0,0,0,0,0,0
