instanceIndex,seedIndex,vpcGenerator,terms,lpBound,disjunctiveDualBound,lpBoundPostVpc,rootDualBound,dualBound,primalBound,vpcGenerationTime,rootDualBoundTime,bestSolutionTime,terminationTime,nodes,iterations,maxTime,actualTerms,numCuts,cutLimit,mipSolver,providePrimalBound,infeasibleTerms,feasibleToInfeasibleTerms,infeasibleToFeasibleTerms,termRemainsFeasibleBasisInfeasible,cutsChangedCoefficients,feasibleTermsPrunedByBound,tighten_disjunction,tighten_matrix_perturbation,tighten_infeasible_to_feasible_term,tighten_feasible_to_infeasible_basis
0,0,None,64,1394.000000,1394.000000,1394.000000,1402.000000,1418.000000,1418.000000,0.000011,1.163598,1.924559,6.096985,527,31749,3600.000000,0,0,0,GUROBI,1,0,0,0,0,0,0,0,0,0,0
1,0,None,64,1396.000000,1396.000000,1396.000000,1417.000000,1418.915809,1419.000000,0.000002,1.589614,28.767886,28.769511,1080,107182,3600.000000,0,0,0,GUROBI,1,0,0,0,0,0,0,0,0,0,0
2,0,None,64,1388.000000,1388.000000,1388.000000,1412.731397,1417.862945,1418.000000,0.000002,1.993154,69.581226,78.577470,5754,323987,3600.000000,0,0,0,GUROBI,1,0,0,0,0,0,0,0,0,0,0
3,0,None,64,1397.000000,1397.000000,1397.000000,1416.000000,1418.000000,1418.000000,0.000001,1.453952,1.967488,11.363404,547,51345,3600.000000,0,0,0,GUROBI,1,0,0,0,0,0,0,0,0,0,0
