instanceIndex,seedIndex,vpcGenerator,terms,lpBound,disjunctiveDualBound,lpBoundPostVpc,rootDualBound,dualBound,primalBound,vpcGenerationTime,rootDualBoundTime,bestSolutionTime,terminationTime,nodes,iterations,maxTime,actualTerms,numCuts,cutLimit,mipSolver,providePrimalBound,infeasibleTerms,feasibleToInfeasibleTerms,infeasibleToFeasibleTerms,termRemainsFeasibleBasisInfeasible,cutsChangedCoefficients,feasibleTermsPrunedByBound,tighten_disjunction,tighten_matrix_perturbation,tighten_infeasible_to_feasible_term,tighten_feasible_to_infeasible_basis
0,0,New,64,7297.333333,8878.500000,8380.666667,12279.958098,20621.999250,20622.000000,620.631735,625.749969,791.632014,809.799715,8647,937619,3600.000000,66,3,228,GUROBI,1,54,0,0,0,0,0,0,0,0,0
1,0,All,64,7380.666667,8878.500000,8380.666667,12027.200000,24122.000000,24122.000000,22.587735,26.762233,190.749397,209.209382,7810,678592,3600.000000,66,3,0,GUROBI,1,54,0,0,12,1,0,1,1,1,1
2,0,All,64,7297.333333,8878.500000,8118.545455,12138.643678,22622.000000,22622.000000,22.223445,25.988513,151.555382,158.339976,5589,524215,3600.000000,66,3,0,GUROBI,1,54,0,0,12,1,0,1,1,1,1
3,0,All,64,7622.000000,8878.500000,8503.500000,12622.000000,22622.000000,22622.000000,25.581646,29.622078,109.826118,112.357942,3624,391199,3600.000000,66,3,0,GUROBI,1,57,3,0,9,3,0,1,1,1,1
