instanceIndex,seedIndex,vpcGenerator,terms,lpBound,disjunctiveDualBound,lpBoundPostVpc,rootDualBound,dualBound,primalBound,vpcGenerationTime,rootDualBoundTime,bestSolutionTime,terminationTime,nodes,iterations,maxTime,actualTerms,numCuts,cutLimit,mipSolver,providePrimalBound,infeasibleTerms,feasibleToInfeasibleTerms,infeasibleToFeasibleTerms,termRemainsFeasibleBasisInfeasible,cutsChangedCoefficients,feasibleTermsPrunedByBound,tighten_disjunction,tighten_matrix_perturbation,tighten_infeasible_to_feasible_term,tighten_feasible_to_infeasible_basis
0,0,None,4,7297.333333,7297.333333,7297.333333,12197.142857,20622.000000,20622.000000,0.000002,3.597940,128.418684,150.380101,6084,742623,3600.000000,0,0,0,GUROBI,1,0,0,0,0,0,0,0,0,0,0
1,0,None,4,7250.310897,7250.310897,7250.310897,12433.552694,20630.666667,20632.000000,0.000002,3.416011,151.568944,158.131301,7856,650321,3600.000000,0,0,0,GUROBI,1,0,0,0,0,0,0,0,0,0,0
2,0,None,4,7273.027132,7273.027132,7273.027132,11752.188210,20620.333333,20622.000000,0.000003,3.144163,222.442007,503.725261,5028,558752,3600.000000,0,0,0,GUROBI,1,0,0,0,0,0,0,0,0,0,0
3,0,None,4,7278.958333,7278.958333,7278.958333,12004.912527,20616.425000,20618.000000,0.000003,3.665686,102.980057,131.776392,4338,438295,3600.000000,0,0,0,GUROBI,1,0,0,0,0,0,0,0,0,0,0
