instanceIndex,seedIndex,vpcGenerator,terms,lpBound,disjunctiveDualBound,lpBoundPostVpc,rootDualBound,dualBound,primalBound,vpcGenerationTime,rootDualBoundTime,bestSolutionTime,terminationTime,nodes,iterations,maxTime,actualTerms,numCuts,cutLimit,mipSolver,providePrimalBound,infeasibleTerms,feasibleToInfeasibleTerms,infeasibleToFeasibleTerms,termRemainsFeasibleBasisInfeasible,cutsChangedCoefficients,feasibleTermsPrunedByBound,tighten_disjunction,tighten_matrix_perturbation,tighten_infeasible_to_feasible_term,tighten_feasible_to_infeasible_basis
0,0,New,64,7297.333333,8878.500000,8597.773743,11626.333333,20622.000000,20622.000000,650.169868,652.270104,816.464222,819.867401,7359,641712,3600.000000,66,5,228,GUROBI,1,54,0,0,0,0,0,0,0,0,0
1,0,All,64,7250.310897,8835.132663,8552.197324,11879.406383,20631.583333,20632.000000,23.967018,26.920732,208.807694,214.074919,8772,823391,3600.000000,66,5,0,GUROBI,1,54,0,0,0,0,0,1,1,1,1
2,0,All,64,7273.027132,8856.583333,8576.203713,12156.566185,20620.750000,20622.000000,23.854963,27.188362,128.480244,134.134380,5256,472001,3600.000000,66,5,0,GUROBI,1,54,0,0,0,0,0,1,1,1,1
3,0,All,64,7278.958333,8861.696254,8580.065943,11930.399930,20616.750000,20618.000000,23.979675,27.369654,138.599869,160.040548,6337,595799,3600.000000,66,5,0,GUROBI,1,54,0,0,0,0,0,1,1,1,1
