instanceIndex,seedIndex,vpcGenerator,terms,lpBound,disjunctiveDualBound,lpBoundPostVpc,rootDualBound,dualBound,primalBound,vpcGenerationTime,rootDualBoundTime,bestSolutionTime,terminationTime,nodes,iterations,maxTime,actualTerms,numCuts,cutLimit,mipSolver,providePrimalBound,infeasibleTerms,feasibleToInfeasibleTerms,infeasibleToFeasibleTerms,termRemainsFeasibleBasisInfeasible,cutsChangedCoefficients,feasibleTermsPrunedByBound,tighten_disjunction,tighten_matrix_perturbation,tighten_infeasible_to_feasible_term,tighten_feasible_to_infeasible_basis
0,0,None,4,7297.333333,7297.333333,7297.333333,11741.196721,20622.000000,20622.000000,0.000003,3.291967,26.972473,89.095972,3372,422892,3600.000000,0,0,0,GUROBI,1,0,0,0,0,0,0,0,0,0,0
1,0,None,4,7380.666667,7380.666667,7380.666667,12649.352941,24120.500000,24122.000000,0.000003,4.138757,179.345026,180.156566,9330,820103,3600.000000,0,0,0,GUROBI,1,0,0,0,0,0,0,0,0,0,0
2,0,None,4,7297.333333,7297.333333,7297.333333,11832.704453,22622.000000,22622.000000,0.000002,4.384672,95.477853,126.160537,5594,583108,3600.000000,0,0,0,GUROBI,1,0,0,0,0,0,0,0,0,0,0
3,0,None,4,7622.000000,7622.000000,7622.000000,12379.575758,22622.000000,22622.000000,0.000002,3.185572,55.167678,82.290027,3001,354011,3600.000000,0,0,0,GUROBI,1,0,0,0,0,0,0,0,0,0,0
