instanceIndex,seedIndex,vpcGenerator,terms,lpBound,disjunctiveDualBound,lpBoundPostVpc,rootDualBound,dualBound,primalBound,vpcGenerationTime,rootDualBoundTime,bestSolutionTime,terminationTime,nodes,iterations,maxTime,actualTerms,numCuts,cutLimit,mipSolver,providePrimalBound,infeasibleTerms,feasibleToInfeasibleTerms,infeasibleToFeasibleTerms,termRemainsFeasibleBasisInfeasible,cutsChangedCoefficients,feasibleTermsPrunedByBound,tighten_disjunction,tighten_matrix_perturbation,tighten_infeasible_to_feasible_term,tighten_feasible_to_infeasible_basis
0,0,New,4,29291.750000,29311.000000,29300.500000,29313.000000,29314.000000,29314.000000,0.490317,0.645363,0.645994,0.646571,1,187,3600.000000,4,7,9,GUROBI,1,0,0,0,0,0,0,0,0,0,0
1,0,All,4,28978.903646,28978.903646,28978.903646,28991.383090,29017.548868,29020.344660,0.016232,0.216394,0.886200,0.941698,586,4289,3600.000000,4,7,0,GUROBI,1,0,0,0,4,7,0,1,1,1,1
2,0,All,4,29256.187500,29256.187500,29256.187500,29270.929625,29285.431864,29288.129630,0.018271,0.139007,0.181359,0.181829,48,516,3600.000000,4,7,0,GUROBI,1,0,0,0,4,7,0,1,1,1,1
3,0,All,4,29318.933645,29326.265414,29326.265414,29336.809278,29343.684831,29345.733672,0.016610,0.213055,0.302977,0.303522,70,635,3600.000000,4,7,0,GUROBI,1,0,0,0,4,7,0,1,1,1,1
