instanceIndex,seedIndex,vpcGenerator,terms,lpBound,disjunctiveDualBound,lpBoundPostVpc,rootDualBound,dualBound,primalBound,vpcGenerationTime,rootDualBoundTime,bestSolutionTime,terminationTime,nodes,iterations,maxTime,actualTerms,numCuts,cutLimit,mipSolver,providePrimalBound,infeasibleTerms,feasibleToInfeasibleTerms,infeasibleToFeasibleTerms,termRemainsFeasibleBasisInfeasible,cutsChangedCoefficients,feasibleTermsPrunedByBound,tighten_disjunction,tighten_matrix_perturbation,tighten_infeasible_to_feasible_term,tighten_feasible_to_infeasible_basis
0,0,New,64,49882.002525,49983.842593,49916.132716,50681.505277,51200.000000,51200.000000,48.145877,51.783382,166.823198,170.233045,14813,467306,3600.000000,72,3,70,GUROBI,1,52,0,0,0,0,0,0,0,0,0
1,0,New,64,49846.325394,49956.850874,49930.054437,50686.794450,51129.000000,51133.000000,190.955970,195.669187,402.207850,498.240519,50034,1858738,3600.000000,64,35,69,GUROBI,1,47,0,0,0,0,0,0,0,0,0
2,0,New,64,49863.657203,49992.362158,49936.071267,50634.543061,51168.000000,51173.000000,221.691533,224.890646,597.771641,918.715022,99668,4060287,3600.000000,64,67,67,GUROBI,1,46,0,0,0,0,0,0,0,0,0
3,0,New,64,49852.424815,49979.406433,49898.735013,50640.128140,51134.000000,51136.000000,105.851556,109.505701,446.819127,446.820089,38239,1573782,3600.000000,68,8,68,GUROBI,1,47,0,0,0,0,0,0,0,0,0
