instanceIndex,seedIndex,vpcGenerator,terms,lpBound,disjunctiveDualBound,lpBoundPostVpc,rootDualBound,dualBound,primalBound,vpcGenerationTime,rootDualBoundTime,bestSolutionTime,terminationTime,nodes,iterations,maxTime,actualTerms,numCuts,cutLimit,mipSolver,providePrimalBound,infeasibleTerms,feasibleToInfeasibleTerms,infeasibleToFeasibleTerms,termRemainsFeasibleBasisInfeasible,cutsChangedCoefficients,feasibleTermsPrunedByBound,tighten_disjunction,tighten_matrix_perturbation,tighten_infeasible_to_feasible_term,tighten_feasible_to_infeasible_basis
0,0,New,4,49882.002525,49934.835859,49934.835859,50677.488695,51200.000000,51200.000000,17.220959,21.612402,129.609387,129.610377,8247,319675,3600.000000,4,25,70,GUROBI,1,0,0,0,0,0,0,0,0,0,0
1,0,Farkas,4,49673.445286,49727.445286,49724.314851,50415.747105,50880.000000,50880.000000,0.124589,3.759883,86.527833,86.618438,6355,217330,3600.000000,4,25,0,GUROBI,1,0,0,0,4,0,0,0,0,0,0
2,0,Farkas,4,49890.203947,49943.524717,49942.814651,50736.537538,51200.000000,51200.000000,0.119446,4.801754,36.470290,40.452929,3811,125426,3600.000000,4,25,0,GUROBI,1,0,0,0,4,0,0,0,0,0,0
3,0,Farkas,4,51183.066498,51235.955387,51235.955387,52057.071492,52640.000000,52640.000000,0.144827,4.781571,110.620070,183.948787,15302,641990,3600.000000,4,25,0,GUROBI,1,0,0,0,4,0,0,0,0,0,0
