instanceIndex,seedIndex,vpcGenerator,terms,lpBound,disjunctiveDualBound,lpBoundPostVpc,rootDualBound,dualBound,primalBound,vpcGenerationTime,rootDualBoundTime,bestSolutionTime,terminationTime,nodes,iterations,maxTime,actualTerms,numCuts,cutLimit,mipSolver,providePrimalBound,infeasibleTerms,feasibleToInfeasibleTerms,infeasibleToFeasibleTerms,termRemainsFeasibleBasisInfeasible,cutsChangedCoefficients,feasibleTermsPrunedByBound,tighten_disjunction,tighten_matrix_perturbation,tighten_infeasible_to_feasible_term,tighten_feasible_to_infeasible_basis
0,0,New,4,40585.000000,41085.000000,40672.500000,41573.000000,42215.000000,42215.000000,1.663838,1.917610,2.025495,2.030975,42,1623,3600.000000,4,2,16,GUROBI,1,0,0,0,0,0,0,0,0,0,0
1,0,New,4,40565.900000,41080.666667,40689.250000,41519.810227,42201.000000,42201.000000,0.788050,1.019045,1.085987,1.098628,45,1449,3600.000000,4,3,18,GUROBI,1,0,0,0,0,0,0,0,0,0,0
2,0,New,4,40584.791667,41075.833333,40788.815823,41522.838542,42218.000000,42218.000000,1.047803,1.294813,1.393362,1.436055,70,1805,3600.000000,4,12,18,GUROBI,1,0,0,0,0,0,0,0,0,0,0
3,0,New,4,40569.637500,41087.500000,40657.625000,41565.572480,42208.000000,42208.000000,0.792929,1.019575,1.103880,1.120268,57,1786,3600.000000,4,3,16,GUROBI,1,0,0,0,0,0,0,0,0,0,0
