instanceIndex,seedIndex,vpcGenerator,terms,lpBound,disjunctiveDualBound,lpBoundPostVpc,rootDualBound,dualBound,primalBound,vpcGenerationTime,rootDualBoundTime,bestSolutionTime,terminationTime,nodes,iterations,maxTime,actualTerms,numCuts,cutLimit,mipSolver,providePrimalBound,infeasibleTerms,feasibleToInfeasibleTerms,infeasibleToFeasibleTerms,termRemainsFeasibleBasisInfeasible,cutsChangedCoefficients,feasibleTermsPrunedByBound,tighten_disjunction,tighten_matrix_perturbation,tighten_infeasible_to_feasible_term,tighten_feasible_to_infeasible_basis
0,0,New,4,40585.000000,41085.000000,40672.500000,41573.000000,42215.000000,42215.000000,1.564179,1.819334,1.968052,1.973644,68,1642,3600.000000,4,2,16,GUROBI,1,0,0,0,0,0,0,0,0,0,0
1,0,New,4,40547.500000,40710.000000,40585.000000,41374.063358,42230.000000,42230.000000,0.644827,1.019402,1.239798,1.243757,176,3545,3600.000000,4,5,23,GUROBI,1,1,0,0,0,0,0,0,0,0,0
2,0,New,4,40560.000000,41000.000000,40690.345084,41825.192308,42235.000000,42235.000000,0.976037,1.308259,1.406393,1.408979,39,1702,3600.000000,4,16,16,GUROBI,1,1,0,0,0,0,0,0,0,0,0
3,0,New,4,40540.000000,40960.000000,40627.500000,41483.013722,42225.000000,42225.000000,0.743822,1.109437,1.148096,1.247526,96,2476,3600.000000,4,8,16,GUROBI,1,1,0,0,0,0,0,0,0,0,0
