instanceIndex,seedIndex,vpcGenerator,terms,lpBound,disjunctiveDualBound,lpBoundPostVpc,rootDualBound,dualBound,primalBound,vpcGenerationTime,rootDualBoundTime,bestSolutionTime,terminationTime,nodes,iterations,maxTime,actualTerms,numCuts,cutLimit,mipSolver,providePrimalBound,infeasibleTerms,feasibleToInfeasibleTerms,infeasibleToFeasibleTerms,termRemainsFeasibleBasisInfeasible,cutsChangedCoefficients,feasibleTermsPrunedByBound,tighten_disjunction,tighten_matrix_perturbation,tighten_infeasible_to_feasible_term,tighten_feasible_to_infeasible_basis
0,0,New,64,40585.000000,41165.000000,40707.500000,41571.607143,42215.000000,42215.000000,4.973491,5.229786,5.380085,5.385330,72,1383,3600.000000,105,3,16,GUROBI,1,100,0,0,0,0,0,0,0,0,0
1,0,Farkas,64,40555.000000,41160.000000,40677.500000,41514.333333,41580.000000,41580.000000,0.989806,1.248752,1.255574,1.258023,7,888,3600.000000,105,3,0,GUROBI,1,100,0,0,0,0,0,0,0,0,0
2,0,Farkas,64,40585.000000,41165.000000,40707.500000,41520.000000,42215.000000,42215.000000,0.747546,1.016159,1.081827,1.095700,34,1521,3600.000000,105,3,0,GUROBI,1,100,0,0,3,2,0,0,0,0,0
3,0,Farkas,64,40585.000000,41165.000000,40707.500000,41572.076271,42215.000000,42215.000000,0.746249,0.989466,1.106700,1.109095,50,1460,3600.000000,105,3,0,GUROBI,1,100,0,0,0,0,0,0,0,0,0
