instanceIndex,seedIndex,vpcGenerator,terms,lpBound,disjunctiveDualBound,lpBoundPostVpc,rootDualBound,dualBound,primalBound,vpcGenerationTime,rootDualBoundTime,bestSolutionTime,terminationTime,nodes,iterations,maxTime,actualTerms,numCuts,cutLimit,mipSolver,providePrimalBound,infeasibleTerms,feasibleToInfeasibleTerms,infeasibleToFeasibleTerms,termRemainsFeasibleBasisInfeasible,cutsChangedCoefficients,feasibleTermsPrunedByBound,tighten_disjunction,tighten_matrix_perturbation,tighten_infeasible_to_feasible_term,tighten_feasible_to_infeasible_basis
0,0,New,64,40585.000000,41165.000000,40707.500000,41571.666667,42215.000000,42215.000000,4.892091,5.176395,5.318905,5.324647,54,1706,3600.000000,105,3,16,GUROBI,1,100,0,0,0,0,0,0,0,0,0
1,0,All,64,40547.500000,41177.500000,40648.125000,41340.073381,42230.000000,42230.000000,1.021818,1.328122,1.546061,1.553724,124,2565,3600.000000,105,3,0,GUROBI,1,100,0,0,5,3,0,1,1,1,1
2,0,All,64,40560.000000,41225.000000,40677.659574,41572.193182,42235.000000,42235.000000,0.896368,1.251564,1.361725,1.363218,43,1892,3600.000000,105,3,0,GUROBI,1,100,0,0,5,3,0,1,1,1,1
3,0,All,64,40540.000000,41155.000000,40662.500000,41413.130111,42225.000000,42225.000000,1.012850,1.368011,1.435778,1.561094,108,3059,3600.000000,105,3,0,GUROBI,1,100,0,0,5,3,0,1,1,1,1
