instanceIndex,seedIndex,vpcGenerator,terms,lpBound,disjunctiveDualBound,lpBoundPostVpc,rootDualBound,dualBound,primalBound,vpcGenerationTime,rootDualBoundTime,bestSolutionTime,terminationTime,nodes,iterations,maxTime,actualTerms,numCuts,cutLimit,mipSolver,providePrimalBound,infeasibleTerms,feasibleToInfeasibleTerms,infeasibleToFeasibleTerms,termRemainsFeasibleBasisInfeasible,cutsChangedCoefficients,feasibleTermsPrunedByBound,tighten_disjunction,tighten_matrix_perturbation,tighten_infeasible_to_feasible_term,tighten_feasible_to_infeasible_basis
0,0,None,64,53555.000000,53555.000000,53555.000000,53721.353135,53905.000000,53905.000000,0.000011,0.398597,0.603356,0.669024,93,1933,3600.000000,0,0,0,GUROBI,1,0,0,0,0,0,0,0,0,0,0
1,0,None,64,53616.800000,53616.800000,53616.800000,53777.097956,53969.000000,53969.000000,0.000002,0.425721,0.593452,0.632066,93,2141,3600.000000,0,0,0,GUROBI,1,0,0,0,0,0,0,0,0,0,0
2,0,None,64,53530.000000,53530.000000,53530.000000,53703.358110,53888.000000,53888.000000,0.000002,0.350485,0.624759,0.657123,141,2780,3600.000000,0,0,0,GUROBI,1,0,0,0,0,0,0,0,0,0,0
3,0,None,64,53540.600000,53540.600000,53540.600000,53699.125926,53885.000000,53887.000000,0.000001,0.351239,0.669779,0.691300,141,2957,3600.000000,0,0,0,GUROBI,1,0,0,0,0,0,0,0,0,0,0
