instanceIndex,seedIndex,vpcGenerator,terms,lpBound,disjunctiveDualBound,lpBoundPostVpc,rootDualBound,dualBound,primalBound,vpcGenerationTime,rootDualBoundTime,bestSolutionTime,terminationTime,nodes,iterations,maxTime,actualTerms,numCuts,cutLimit,mipSolver,providePrimalBound,infeasibleTerms,feasibleToInfeasibleTerms,infeasibleToFeasibleTerms,termRemainsFeasibleBasisInfeasible,cutsChangedCoefficients,feasibleTermsPrunedByBound,tighten_disjunction,tighten_matrix_perturbation,tighten_infeasible_to_feasible_term,tighten_feasible_to_infeasible_basis
0,0,None,4,53555.000000,53555.000000,53555.000000,53721.616719,53905.000000,53905.000000,0.000002,0.122394,0.250659,0.320387,152,2184,3600.000000,0,0,0,GUROBI,1,0,0,0,0,0,0,0,0,0,0
1,0,None,4,53616.800000,53616.800000,53616.800000,53777.097956,53969.000000,53969.000000,0.000003,0.193701,0.340958,0.363186,93,2155,3600.000000,0,0,0,GUROBI,1,0,0,0,0,0,0,0,0,0,0
2,0,None,4,53530.000000,53530.000000,53530.000000,53703.358110,53888.000000,53888.000000,0.000003,0.193005,0.411229,0.423288,136,2681,3600.000000,0,0,0,GUROBI,1,0,0,0,0,0,0,0,0,0,0
3,0,None,4,53540.600000,53540.600000,53540.600000,53699.125926,53885.000000,53887.000000,0.000002,0.227316,0.476791,0.493594,143,2958,3600.000000,0,0,0,GUROBI,1,0,0,0,0,0,0,0,0,0,0
