instanceIndex,seedIndex,vpcGenerator,terms,lpBound,disjunctiveDualBound,lpBoundPostVpc,rootDualBound,dualBound,primalBound,vpcGenerationTime,rootDualBoundTime,bestSolutionTime,terminationTime,nodes,iterations,maxTime,actualTerms,numCuts,cutLimit,mipSolver,providePrimalBound,infeasibleTerms,feasibleToInfeasibleTerms,infeasibleToFeasibleTerms,termRemainsFeasibleBasisInfeasible,cutsChangedCoefficients,feasibleTermsPrunedByBound,tighten_disjunction,tighten_matrix_perturbation,tighten_infeasible_to_feasible_term,tighten_feasible_to_infeasible_basis
0,0,New,64,53555.000000,53695.000000,53620.250000,53725.518282,53905.000000,53905.000000,8.124871,8.286366,8.444494,8.532595,114,2535,3600.000000,65,11,11,GUROBI,1,34,0,0,0,0,0,0,0,0,0
1,0,New,64,53616.800000,53737.650000,53628.800000,53776.698630,53967.000000,53969.000000,5.708804,5.900796,6.033395,6.067504,94,2174,3600.000000,175,5,8,GUROBI,1,166,0,0,0,0,0,0,0,0,0
2,0,New,64,53530.000000,53631.000000,53555.123529,53702.394807,53888.000000,53888.000000,11.005232,11.192445,11.304289,11.344321,91,2025,3600.000000,201,8,12,GUROBI,1,176,0,0,0,0,0,0,0,0,0
3,0,New,64,53540.600000,53644.200000,53574.111111,53698.142857,53887.000000,53887.000000,7.985732,8.187464,8.348865,8.375435,111,2353,3600.000000,175,8,8,GUROBI,1,166,0,0,0,0,0,0,0,0,0
