instanceIndex,seedIndex,vpcGenerator,terms,lpBound,disjunctiveDualBound,lpBoundPostVpc,rootDualBound,dualBound,primalBound,vpcGenerationTime,rootDualBoundTime,bestSolutionTime,terminationTime,nodes,iterations,maxTime,actualTerms,numCuts,cutLimit,mipSolver,providePrimalBound,infeasibleTerms,feasibleToInfeasibleTerms,infeasibleToFeasibleTerms,termRemainsFeasibleBasisInfeasible,cutsChangedCoefficients,feasibleTermsPrunedByBound,tighten_disjunction,tighten_matrix_perturbation,tighten_infeasible_to_feasible_term,tighten_feasible_to_infeasible_basis
0,0,New,4,-16646.586017,-16604.076548,-16632.927170,-14367.393674,-14340.582798,-14339.353447,2.761323,3.774625,67.539189,86.336122,11758,355342,3600.000000,4,5,88,GUROBI,1,0,0,0,0,0,0,0,0,0,0
1,0,All,4,-16653.099750,-16610.376535,-16645.990265,-14384.988050,-14380.149254,-14378.868739,0.032432,1.125771,7.659905,7.794379,587,21599,3600.000000,4,5,0,GUROBI,1,0,0,0,4,5,0,1,1,1,1
2,0,All,4,-16648.554871,-16606.113352,-16642.460670,-14401.598325,-14390.864912,-14389.430148,0.031619,1.036907,35.897783,36.778726,2742,134075,3600.000000,4,5,0,GUROBI,1,0,0,0,4,5,0,1,1,1,1
3,0,All,4,-16643.298359,-16600.210097,-16634.045238,-14367.369020,-14356.323962,-14354.892096,0.032551,1.131019,49.267133,50.137185,4660,182526,3600.000000,4,5,0,GUROBI,1,0,0,0,4,5,0,1,1,1,1
