instanceIndex,seedIndex,vpcGenerator,terms,lpBound,disjunctiveDualBound,lpBoundPostVpc,rootDualBound,dualBound,primalBound,vpcGenerationTime,rootDualBoundTime,bestSolutionTime,terminationTime,nodes,iterations,maxTime,actualTerms,numCuts,cutLimit,mipSolver,providePrimalBound,infeasibleTerms,feasibleToInfeasibleTerms,infeasibleToFeasibleTerms,termRemainsFeasibleBasisInfeasible,cutsChangedCoefficients,feasibleTermsPrunedByBound,tighten_disjunction,tighten_matrix_perturbation,tighten_infeasible_to_feasible_term,tighten_feasible_to_infeasible_basis
0,0,New,64,-16646.586017,-16491.988398,-16628.624437,-14367.388629,-14340.767692,-14339.353447,30.044315,30.791440,81.607143,84.815448,8701,285541,3600.000000,64,3,88,GUROBI,1,0,0,0,0,0,0,0,0,0,0
1,0,All,64,-16733.640342,-16581.616609,-16715.939141,-14405.794110,-14382.588154,-14381.151361,0.464744,1.217958,58.836274,64.967440,11776,364054,3600.000000,64,3,0,GUROBI,1,0,0,0,0,0,0,1,1,1,1
2,0,All,64,-16727.746938,-16570.356529,-16715.158026,-14412.687257,-14383.389219,-14381.951416,0.702047,1.562732,101.158463,101.523194,13062,484420,3600.000000,64,3,0,GUROBI,1,0,0,0,0,0,0,1,1,1,1
3,0,All,64,-16711.715995,-16566.919831,-16694.944579,-14377.929647,-14342.161930,-14340.742234,0.422506,1.244409,60.808294,69.875816,11563,418608,3600.000000,64,3,0,GUROBI,1,0,0,0,0,0,0,1,1,1,1
