instanceIndex,seedIndex,vpcGenerator,terms,lpBound,disjunctiveDualBound,lpBoundPostVpc,rootDualBound,dualBound,primalBound,vpcGenerationTime,rootDualBoundTime,bestSolutionTime,terminationTime,nodes,iterations,maxTime,actualTerms,numCuts,cutLimit,mipSolver,providePrimalBound,infeasibleTerms,feasibleToInfeasibleTerms,infeasibleToFeasibleTerms,termRemainsFeasibleBasisInfeasible,cutsChangedCoefficients,feasibleTermsPrunedByBound,tighten_disjunction,tighten_matrix_perturbation,tighten_infeasible_to_feasible_term,tighten_feasible_to_infeasible_basis
0,0,None,64,-16646.586017,-16646.586017,-16646.586017,-14367.515289,-14340.786648,-14339.353447,0.000002,1.035435,65.695400,72.598755,9149,308025,3600.000000,0,0,0,GUROBI,1,0,0,0,0,0,0,0,0,0,0
1,0,None,64,-16796.290525,-16796.290525,-16796.290525,-14742.663007,-14740.686774,-14739.382204,0.000002,0.902468,1.983070,1.983335,75,5127,3600.000000,0,0,0,GUROBI,1,0,0,0,0,0,0,0,0,0,0
2,0,None,64,-16680.872744,-16680.872744,-16680.872744,-14472.217799,-14455.414774,-14453.980100,0.000002,0.840957,52.404948,52.405265,4150,188779,3600.000000,0,0,0,GUROBI,1,0,0,0,0,0,0,0,0,0,0
3,0,None,64,-16730.388508,-16730.388508,-16730.388508,-14625.223982,-14621.986456,-14620.652569,0.000003,0.788135,1.303210,1.305642,39,3160,3600.000000,0,0,0,GUROBI,1,0,0,0,0,0,0,0,0,0,0
