instanceIndex,seedIndex,vpcGenerator,terms,lpBound,disjunctiveDualBound,lpBoundPostVpc,rootDualBound,dualBound,primalBound,vpcGenerationTime,rootDualBoundTime,bestSolutionTime,terminationTime,nodes,iterations,maxTime,actualTerms,numCuts,cutLimit,mipSolver,providePrimalBound,infeasibleTerms,feasibleToInfeasibleTerms,infeasibleToFeasibleTerms,termRemainsFeasibleBasisInfeasible,cutsChangedCoefficients,feasibleTermsPrunedByBound,tighten_disjunction,tighten_matrix_perturbation,tighten_infeasible_to_feasible_term,tighten_feasible_to_infeasible_basis
0,0,New,4,-16646.586017,-16604.076548,-16632.927170,-14367.093763,-14340.771245,-14339.353447,2.673088,3.698018,64.495304,66.202243,8121,266237,3600.000000,4,5,88,GUROBI,1,0,0,0,0,0,0,0,0,0,0
1,0,All,4,-16796.290525,-16750.607161,-16796.234057,-14743.628686,-14740.376020,-14739.382204,0.040388,0.984587,2.413767,2.415640,106,6600,3600.000000,4,5,0,GUROBI,1,0,0,0,4,5,0,1,1,1,1
2,0,All,4,-16680.872744,-16641.960137,-16680.685861,-14471.878259,-14455.420468,-14453.980100,0.035042,0.919410,52.413486,52.413802,4311,187466,3600.000000,4,5,0,GUROBI,1,0,0,0,4,5,0,1,1,1,1
3,0,All,4,-16730.388508,-16688.567587,-16727.650966,-14625.223982,-14622.090538,-14620.652569,0.033471,0.858603,1.361087,1.363379,39,3183,3600.000000,4,5,0,GUROBI,1,0,0,0,4,5,0,1,1,1,1
