instanceIndex,seedIndex,vpcGenerator,terms,lpBound,disjunctiveDualBound,lpBoundPostVpc,rootDualBound,dualBound,primalBound,vpcGenerationTime,rootDualBoundTime,bestSolutionTime,terminationTime,nodes,iterations,maxTime,actualTerms,numCuts,cutLimit,mipSolver,providePrimalBound,infeasibleTerms,feasibleToInfeasibleTerms,infeasibleToFeasibleTerms,termRemainsFeasibleBasisInfeasible,cutsChangedCoefficients,feasibleTermsPrunedByBound,tighten_disjunction,tighten_matrix_perturbation,tighten_infeasible_to_feasible_term,tighten_feasible_to_infeasible_basis
0,0,New,64,-11824.657382,-11535.368027,-11800.213600,-9169.857186,-8675.208947,-8674.342607,38.918120,39.468978,53.141894,54.135572,2033,76357,3600.000000,64,2,93,GUROBI,1,0,0,0,0,0,0,0,0,0,0
1,0,Farkas,64,-15713.027249,-15425.776052,-15688.938944,-12928.658415,-12400.650888,-12399.946936,0.434115,0.879218,1.665470,14.492076,1591,68944,3600.000000,64,2,0,GUROBI,1,0,0,0,0,0,0,0,0,0,0
2,0,Farkas,64,-15327.277240,-15059.391086,-15303.726018,-12645.892300,-12141.341506,-12140.249262,0.446450,0.944010,9.094506,9.133270,605,32535,3600.000000,64,2,0,GUROBI,1,0,0,0,0,0,0,0,0,0,0
3,0,Farkas,64,-17738.320217,-17449.770066,-17713.865890,-14939.648470,-14471.711962,-14470.336212,0.428204,0.921837,10.616656,10.784536,1272,49551,3600.000000,64,2,0,GUROBI,1,0,0,0,0,0,0,0,0,0,0
