instanceIndex,seedIndex,vpcGenerator,terms,lpBound,disjunctiveDualBound,lpBoundPostVpc,rootDualBound,dualBound,primalBound,vpcGenerationTime,rootDualBoundTime,bestSolutionTime,terminationTime,nodes,iterations,maxTime,actualTerms,numCuts,cutLimit,mipSolver,providePrimalBound,infeasibleTerms,feasibleToInfeasibleTerms,infeasibleToFeasibleTerms,termRemainsFeasibleBasisInfeasible,cutsChangedCoefficients,feasibleTermsPrunedByBound,tighten_disjunction,tighten_matrix_perturbation,tighten_infeasible_to_feasible_term,tighten_feasible_to_infeasible_basis
0,0,New,4,29915.333333,29926.205128,29915.333333,29948.000000,29948.000000,29948.000000,7.492594,8.564751,7.492594,8.634826,1,4802,3600.000000,4,18,1183,GUROBI,1,0,0,0,0,0,0,0,0,0,0
1,0,Farkas,4,31771.935386,31790.555840,31771.935386,31954.457711,31956.999999,31956.999999,0.278955,2.835885,2.918162,2.926200,3,4084,3600.000000,4,18,0,GUROBI,1,0,0,0,0,0,0,0,0,0,0
2,0,Farkas,4,30406.464537,30422.251222,30407.092085,30656.126677,30658.000000,30658.000000,0.269047,2.626701,0.269047,2.717644,2,4052,3600.000000,4,18,0,GUROBI,1,0,0,0,0,0,0,0,0,0,0
3,0,Farkas,4,30079.462241,30091.069679,30079.462241,30166.000000,30166.000000,30166.000000,0.263752,2.381377,2.398569,2.399410,1,4179,3600.000000,4,18,0,GUROBI,1,0,0,0,0,0,0,0,0,0,0
