instanceIndex,seedIndex,vpcGenerator,terms,lpBound,disjunctiveDualBound,lpBoundPostVpc,rootDualBound,dualBound,primalBound,vpcGenerationTime,rootDualBoundTime,bestSolutionTime,terminationTime,nodes,iterations,maxTime,actualTerms,numCuts,cutLimit,mipSolver,providePrimalBound,infeasibleTerms,feasibleToInfeasibleTerms,infeasibleToFeasibleTerms,termRemainsFeasibleBasisInfeasible,cutsChangedCoefficients,feasibleTermsPrunedByBound,tighten_disjunction,tighten_matrix_perturbation,tighten_infeasible_to_feasible_term,tighten_feasible_to_infeasible_basis
0,0,None,4,74832.000000,74832.000000,74832.000000,74932.277778,74982.000000,74982.000000,0.000003,2.476215,0.000003,2.503090,1,3810,3600.000000,0,0,0,GUROBI,1,0,0,0,0,0,0,0,0,0,0
1,0,None,4,76355.146589,76355.146589,76355.146589,78067.759838,78126.000000,78129.000000,0.000003,9.246792,9.525333,9.526210,30,6543,3600.000000,0,0,0,GUROBI,1,0,0,0,0,0,0,0,0,0,0
2,0,None,4,72162.665855,72162.665855,72162.665855,74263.728580,74469.000000,74469.000000,0.000003,9.169918,11.437092,11.460985,115,9690,3600.000000,0,0,0,GUROBI,1,0,0,0,0,0,0,0,0,0,0
3,0,None,4,73751.806920,73751.806920,73751.806920,75875.192564,75884.000000,75884.000000,0.000003,12.703584,12.886708,12.887360,10,6219,3600.000000,0,0,0,GUROBI,1,0,0,0,0,0,0,0,0,0,0
