instanceIndex,seedIndex,vpcGenerator,terms,lpBound,disjunctiveDualBound,lpBoundPostVpc,rootDualBound,dualBound,primalBound,vpcGenerationTime,rootDualBoundTime,bestSolutionTime,terminationTime,nodes,iterations,maxTime,actualTerms,numCuts,cutLimit,mipSolver,providePrimalBound,infeasibleTerms,feasibleToInfeasibleTerms,infeasibleToFeasibleTerms,termRemainsFeasibleBasisInfeasible,cutsChangedCoefficients,feasibleTermsPrunedByBound,tighten_disjunction,tighten_matrix_perturbation,tighten_infeasible_to_feasible_term,tighten_feasible_to_infeasible_basis
0,0,New,4,14274.102667,14279.427542,14277.756365,15609.813180,16029.692681,16029.692681,4.813590,5.851580,6.019607,6.033455,28,4396,3600.000000,4,47,47,GUROBI,1,0,0,0,0,0,0,0,0,0,0
1,0,All,4,13753.308365,13773.057830,13753.308365,16151.127488,16371.703636,16371.703636,0.138448,0.812217,1.091904,1.234161,42,3318,3600.000000,4,47,0,GUROBI,1,0,0,0,4,47,0,1,1,1,1
2,0,All,4,14187.513819,14187.513819,14187.513819,16103.435412,16148.487954,16148.487954,0.123065,0.690516,0.719325,0.719547,6,2002,3600.000000,4,47,0,GUROBI,1,0,0,0,4,47,0,1,1,1,1
3,0,All,4,13865.446773,13865.446773,13865.446773,15989.020056,16131.642319,16131.642319,0.141199,1.134129,1.441161,1.441385,37,4648,3600.000000,4,47,0,GUROBI,1,0,0,0,4,47,0,1,1,1,1
