instanceIndex,seedIndex,vpcGenerator,terms,lpBound,disjunctiveDualBound,lpBoundPostVpc,rootDualBound,dualBound,primalBound,vpcGenerationTime,rootDualBoundTime,bestSolutionTime,terminationTime,nodes,iterations,maxTime,actualTerms,numCuts,cutLimit,mipSolver,providePrimalBound,infeasibleTerms,feasibleToInfeasibleTerms,infeasibleToFeasibleTerms,termRemainsFeasibleBasisInfeasible,cutsChangedCoefficients,feasibleTermsPrunedByBound,tighten_disjunction,tighten_matrix_perturbation,tighten_infeasible_to_feasible_term,tighten_feasible_to_infeasible_basis
0,0,New,64,14274.102667,14429.857863,14283.468268,15677.546150,16029.692681,16029.692681,40.203157,40.612768,40.672918,40.697313,21,2891,3600.000000,65,47,47,GUROBI,1,45,0,0,0,0,0,0,0,0,0
1,0,All,64,14273.217842,14417.726309,14280.244469,15668.576825,16036.692681,16036.692681,0.498463,0.827885,0.882677,0.882826,41,2672,3600.000000,65,47,0,GUROBI,1,45,0,0,0,0,1,1,1,1,1
2,0,All,64,14229.901533,14388.773308,14237.048064,15644.307666,15937.592681,15937.592681,0.449566,0.966539,1.034137,1.034336,27,3510,3600.000000,65,47,0,GUROBI,1,45,0,0,0,0,1,1,1,1,1
3,0,All,64,14250.245323,14411.857561,14265.928509,15600.271120,16009.992681,16009.992681,0.471493,0.904824,1.038400,1.042918,44,3042,3600.000000,65,47,0,GUROBI,1,45,0,0,0,0,1,1,1,1,1
