instanceIndex,seedIndex,vpcGenerator,terms,lpBound,disjunctiveDualBound,lpBoundPostVpc,rootDualBound,dualBound,primalBound,vpcGenerationTime,rootDualBoundTime,bestSolutionTime,terminationTime,nodes,iterations,maxTime,actualTerms,numCuts,cutLimit,mipSolver,providePrimalBound,infeasibleTerms,feasibleToInfeasibleTerms,infeasibleToFeasibleTerms,termRemainsFeasibleBasisInfeasible,cutsChangedCoefficients,feasibleTermsPrunedByBound,tighten_disjunction,tighten_matrix_perturbation,tighten_infeasible_to_feasible_term,tighten_feasible_to_infeasible_basis
0,0,None,4,14274.102667,14274.102667,14274.102667,15633.952886,16029.692681,16029.692681,0.000002,0.421879,0.605747,0.605877,46,4131,3600.000000,0,0,0,GUROBI,1,0,0,0,0,0,0,0,0,0,0
1,0,None,4,14273.217842,14273.217842,14273.217842,15544.446691,16036.692681,16036.692681,0.000002,0.433945,0.499165,0.509337,47,3547,3600.000000,0,0,0,GUROBI,1,0,0,0,0,0,0,0,0,0,0
2,0,None,4,14229.901533,14229.901533,14229.901533,15630.462314,15937.592681,15937.592681,0.000002,0.384330,0.434051,0.434148,24,2597,3600.000000,0,0,0,GUROBI,1,0,0,0,0,0,0,0,0,0,0
3,0,None,4,14250.245323,14250.245323,14250.245323,15534.879410,16009.992681,16009.992681,0.000002,0.362263,0.461429,0.461531,52,3421,3600.000000,0,0,0,GUROBI,1,0,0,0,0,0,0,0,0,0,0
