instanceIndex,seedIndex,vpcGenerator,terms,lpBound,disjunctiveDualBound,lpBoundPostVpc,rootDualBound,dualBound,primalBound,vpcGenerationTime,rootDualBoundTime,bestSolutionTime,terminationTime,nodes,iterations,maxTime,actualTerms,numCuts,cutLimit,mipSolver,providePrimalBound,infeasibleTerms,feasibleToInfeasibleTerms,infeasibleToFeasibleTerms,termRemainsFeasibleBasisInfeasible,cutsChangedCoefficients,feasibleTermsPrunedByBound,tighten_disjunction,tighten_matrix_perturbation,tighten_infeasible_to_feasible_term,tighten_feasible_to_infeasible_basis
0,0,None,64,14274.102667,14274.102667,14274.102667,15736.350720,16029.692681,16029.692681,0.000044,0.400270,0.495231,0.500597,37,3574,3600.000000,0,0,0,GUROBI,1,0,0,0,0,0,0,0,0,0,0
1,0,None,64,14273.217842,14273.217842,14273.217842,15442.243266,16036.692681,16036.692681,0.000003,0.360526,0.497397,0.497499,70,4405,3600.000000,0,0,0,GUROBI,1,0,0,0,0,0,0,0,0,0,0
2,0,None,64,14229.901533,14229.901533,14229.901533,15640.483524,15937.592681,15937.592681,0.000002,0.430560,0.477107,0.477218,32,2724,3600.000000,0,0,0,GUROBI,1,0,0,0,0,0,0,0,0,0,0
3,0,None,64,14250.245323,14250.245323,14250.245323,15534.879410,16009.992681,16009.992681,0.000003,0.401549,0.512624,0.512743,52,3388,3600.000000,0,0,0,GUROBI,1,0,0,0,0,0,0,0,0,0,0
