instanceIndex,seedIndex,vpcGenerator,terms,lpBound,disjunctiveDualBound,lpBoundPostVpc,rootDualBound,dualBound,primalBound,vpcGenerationTime,rootDualBoundTime,bestSolutionTime,terminationTime,nodes,iterations,maxTime,actualTerms,numCuts,cutLimit,mipSolver,providePrimalBound,infeasibleTerms,feasibleToInfeasibleTerms,infeasibleToFeasibleTerms,termRemainsFeasibleBasisInfeasible,cutsChangedCoefficients,feasibleTermsPrunedByBound,tighten_disjunction,tighten_matrix_perturbation,tighten_infeasible_to_feasible_term,tighten_feasible_to_infeasible_basis
0,0,New,64,14274.102667,14429.857863,14283.468268,15641.096091,16029.692681,16029.692681,39.894633,40.330861,40.427701,40.427875,29,3565,3600.000000,65,47,47,GUROBI,1,45,0,0,0,0,0,0,0,0,0
1,0,Farkas,64,14274.102667,14429.857863,14283.190110,15661.973425,16029.692681,16029.692681,0.273843,0.736068,0.823760,0.836310,38,3488,3600.000000,65,47,0,GUROBI,1,45,0,0,7,0,0,0,0,0,0
2,0,Farkas,64,14181.911192,14339.238605,14195.582189,15562.574462,15832.352681,15832.352681,0.272444,0.854508,0.924095,0.924221,22,4001,3600.000000,65,47,0,GUROBI,1,45,0,0,19,0,0,0,0,0,0
3,0,Farkas,64,14705.287390,14816.201162,14705.287390,15631.124559,16470.752681,16470.752681,0.266625,0.601911,0.796842,0.860439,86,4933,3600.000000,65,47,0,GUROBI,1,45,0,0,20,0,0,0,0,0,0
