instanceIndex,seedIndex,vpcGenerator,terms,lpBound,disjunctiveDualBound,lpBoundPostVpc,rootDualBound,dualBound,primalBound,vpcGenerationTime,rootDualBoundTime,bestSolutionTime,terminationTime,nodes,iterations,maxTime,actualTerms,numCuts,cutLimit,mipSolver,providePrimalBound,infeasibleTerms,feasibleToInfeasibleTerms,infeasibleToFeasibleTerms,termRemainsFeasibleBasisInfeasible,cutsChangedCoefficients,feasibleTermsPrunedByBound,tighten_disjunction,tighten_matrix_perturbation,tighten_infeasible_to_feasible_term,tighten_feasible_to_infeasible_basis
0,0,New,4,12907.779167,13557.342500,13453.620591,15388.931208,16029.692681,16029.692681,2.134878,2.524646,2.669889,2.691390,42,3416,3600.000000,4,10,10,GUROBI,1,0,0,0,0,0,0,0,0,0,0
1,0,New,4,12906.654167,13554.550833,13314.038333,15402.655992,16025.992681,16025.992681,1.303044,1.752970,1.917292,1.969218,70,3688,3600.000000,4,10,10,GUROBI,1,0,0,0,0,0,0,0,0,0,0
2,0,New,4,12906.465833,13550.737500,13384.389569,15558.101552,15995.992681,15995.992681,1.080980,1.451569,1.537167,1.537385,29,1946,3600.000000,4,10,10,GUROBI,1,0,0,0,0,0,0,0,0,0,0
3,0,New,4,12907.527500,13554.799167,13084.260894,15303.016862,16057.692681,16057.692681,1.852610,2.196893,2.444306,2.462623,129,3658,3600.000000,4,10,10,GUROBI,1,0,0,0,0,0,0,0,0,0,0
