instanceIndex,seedIndex,vpcGenerator,terms,lpBound,disjunctiveDualBound,lpBoundPostVpc,rootDualBound,dualBound,primalBound,vpcGenerationTime,rootDualBoundTime,bestSolutionTime,terminationTime,nodes,iterations,maxTime,actualTerms,numCuts,cutLimit,mipSolver,providePrimalBound,infeasibleTerms,feasibleToInfeasibleTerms,infeasibleToFeasibleTerms,termRemainsFeasibleBasisInfeasible,cutsChangedCoefficients,feasibleTermsPrunedByBound,tighten_disjunction,tighten_matrix_perturbation,tighten_infeasible_to_feasible_term,tighten_feasible_to_infeasible_basis
0,0,None,64,14274.102667,14274.102667,14274.102667,15702.334665,16029.692681,16029.692681,0.000026,0.466932,0.558432,0.565537,30,3884,3600.000000,0,0,0,GUROBI,1,0,0,0,0,0,0,0,0,0,0
1,0,None,64,14257.176970,14257.176970,14257.176970,15709.201553,16029.692681,16029.692681,0.000002,0.539465,0.609182,0.613847,24,4549,3600.000000,0,0,0,GUROBI,1,0,0,0,0,0,0,0,0,0,0
2,0,None,64,14270.006219,14270.006219,14270.006219,15724.744861,16126.352681,16126.352681,0.000002,0.405002,0.550057,0.550180,43,3898,3600.000000,0,0,0,GUROBI,1,0,0,0,0,0,0,0,0,0,0
3,0,None,64,14286.305170,14286.305170,14286.305170,15669.087391,16029.692681,16029.692681,0.000001,0.401656,0.513791,0.513908,42,3337,3600.000000,0,0,0,GUROBI,1,0,0,0,0,0,0,0,0,0,0
