instanceIndex,seedIndex,vpcGenerator,terms,lpBound,disjunctiveDualBound,lpBoundPostVpc,rootDualBound,dualBound,primalBound,vpcGenerationTime,rootDualBoundTime,bestSolutionTime,terminationTime,nodes,iterations,maxTime,actualTerms,numCuts,cutLimit,mipSolver,providePrimalBound,infeasibleTerms,feasibleToInfeasibleTerms,infeasibleToFeasibleTerms,termRemainsFeasibleBasisInfeasible,cutsChangedCoefficients,feasibleTermsPrunedByBound,tighten_disjunction,tighten_matrix_perturbation,tighten_infeasible_to_feasible_term,tighten_feasible_to_infeasible_basis
0,0,New,64,12907.779167,14174.326667,13170.662500,15519.311746,16029.692681,16029.692681,9.721310,10.121826,10.224156,10.249869,44,2982,3600.000000,65,10,10,GUROBI,1,50,0,0,0,0,0,0,0,0,0
1,0,All,64,12908.507500,14175.590000,13171.765833,15674.495266,16011.592681,16011.592681,0.379777,0.844273,1.002032,1.002278,57,3053,3600.000000,65,10,0,GUROBI,1,50,0,0,0,0,4,1,1,1,1
2,0,All,64,12903.562500,14174.076667,13166.279167,15645.558151,16007.192681,16007.992681,0.387986,0.863239,0.946069,0.967010,45,2324,3600.000000,65,10,0,GUROBI,1,50,0,0,0,0,4,1,1,1,1
3,0,All,64,12904.645833,14173.185000,13168.529167,15467.832786,16027.692681,16027.692681,0.372069,0.767949,0.897565,0.940909,59,3280,3600.000000,65,10,0,GUROBI,1,50,0,0,0,0,4,1,1,1,1
