instanceIndex,seedIndex,vpcGenerator,terms,lpBound,disjunctiveDualBound,lpBoundPostVpc,rootDualBound,dualBound,primalBound,vpcGenerationTime,rootDualBoundTime,bestSolutionTime,terminationTime,nodes,iterations,maxTime,actualTerms,numCuts,cutLimit,mipSolver,providePrimalBound,infeasibleTerms,feasibleToInfeasibleTerms,infeasibleToFeasibleTerms,termRemainsFeasibleBasisInfeasible,cutsChangedCoefficients,feasibleTermsPrunedByBound,tighten_disjunction,tighten_matrix_perturbation,tighten_infeasible_to_feasible_term,tighten_feasible_to_infeasible_basis
0,0,New,64,12907.779167,14174.326667,13170.662500,15592.170870,16029.692681,16029.692681,5.496554,5.755695,5.840617,5.852014,35,2768,3600.000000,65,10,10,GUROBI,1,50,0,0,0,0,0,0,0,0,0
1,0,New,64,16369.704539,17953.482443,16648.834889,19343.117583,19634.073408,19634.073408,3.387542,3.817801,3.964211,4.040756,72,4733,3600.000000,64,3,37,GUROBI,1,49,0,0,0,0,0,0,0,0,0
2,0,New,64,12623.064464,13680.561971,12638.790298,14891.605046,15355.520365,15355.520365,3.325184,3.547720,3.869770,3.878489,112,3408,3600.000000,64,1,50,GUROBI,1,48,0,0,0,0,0,0,0,0,0
3,0,New,64,12404.578425,14503.391417,12530.166758,16538.530911,16895.017273,16895.017273,1.854144,2.323624,2.445402,2.445529,74,4288,3600.000000,70,1,44,GUROBI,1,59,0,0,0,0,0,0,0,0,0
