instanceIndex,seedIndex,vpcGenerator,terms,lpBound,disjunctiveDualBound,lpBoundPostVpc,rootDualBound,dualBound,primalBound,vpcGenerationTime,rootDualBoundTime,bestSolutionTime,terminationTime,nodes,iterations,maxTime,actualTerms,numCuts,cutLimit,mipSolver,providePrimalBound,infeasibleTerms,feasibleToInfeasibleTerms,infeasibleToFeasibleTerms,termRemainsFeasibleBasisInfeasible,cutsChangedCoefficients,feasibleTermsPrunedByBound,tighten_disjunction,tighten_matrix_perturbation,tighten_infeasible_to_feasible_term,tighten_feasible_to_infeasible_basis
0,0,None,64,17561.353680,17561.353680,17561.353680,17564.300000,17566.000000,17567.000000,0.000002,7.608903,772.610671,772.615702,23615,2633837,3600.000000,0,0,0,GUROBI,1,0,0,0,0,0,0,0,0,0,0
1,0,None,64,16355.704487,16355.704487,16355.704487,16587.577493,16592.000000,16592.000000,0.000002,2.761551,332.316637,561.055980,10514,1663966,3600.000000,0,0,0,GUROBI,1,0,0,0,0,0,0,0,0,0,0
2,0,None,64,17183.087446,17183.087446,17183.087446,17295.685417,17567.000000,17567.000000,0.000003,3.007253,99.341721,131.772711,15309,548473,3600.000000,0,0,0,GUROBI,1,0,0,0,0,0,0,0,0,0,0
3,0,None,64,17561.157552,17561.157552,17561.157552,17564.687500,17567.000000,17567.000000,0.000002,5.195130,737.841506,737.848152,20112,1880047,3600.000000,0,0,0,GUROBI,1,0,0,0,0,0,0,0,0,0,0
