instanceIndex,seedIndex,vpcGenerator,terms,lpBound,disjunctiveDualBound,lpBoundPostVpc,rootDualBound,dualBound,primalBound,vpcGenerationTime,rootDualBoundTime,bestSolutionTime,terminationTime,nodes,iterations,maxTime,actualTerms,numCuts,cutLimit,mipSolver,providePrimalBound,infeasibleTerms,feasibleToInfeasibleTerms,infeasibleToFeasibleTerms,termRemainsFeasibleBasisInfeasible,cutsChangedCoefficients,feasibleTermsPrunedByBound,tighten_disjunction,tighten_matrix_perturbation,tighten_infeasible_to_feasible_term,tighten_feasible_to_infeasible_basis
0,0,New,4,17561.353680,17561.353680,17561.353680,17564.131579,17566.000000,17567.000000,7.530739,13.729205,2011.511545,2011.537574,59017,7168327,3600.000000,4,17,774,GUROBI,1,0,0,0,0,0,0,0,0,0,0
1,0,Farkas,4,17147.286122,17147.286122,17147.286122,17173.053195,17183.000000,17184.000000,1.880239,4.578302,497.029603,582.974609,37403,1113470,3600.000000,4,17,0,GUROBI,1,0,0,0,0,0,0,0,0,0,0
2,0,Farkas,4,17247.297569,17247.297569,17247.297569,17270.047131,17281.000000,17282.000000,1.640282,3.890433,274.746335,476.544198,32551,875578,3600.000000,4,17,0,GUROBI,1,0,0,0,0,0,0,0,0,0,0
3,0,Farkas,4,17246.076032,17246.076032,17246.076032,17266.822286,17276.000000,17276.000000,1.779569,4.101188,328.693895,371.605128,26869,986801,3600.000000,4,17,0,GUROBI,1,0,0,0,0,0,0,0,0,0,0
