instanceIndex,seedIndex,vpcGenerator,terms,lpBound,disjunctiveDualBound,lpBoundPostVpc,rootDualBound,dualBound,primalBound,vpcGenerationTime,rootDualBoundTime,bestSolutionTime,terminationTime,nodes,iterations,maxTime,actualTerms,numCuts,cutLimit,mipSolver,providePrimalBound,infeasibleTerms,feasibleToInfeasibleTerms,infeasibleToFeasibleTerms,termRemainsFeasibleBasisInfeasible,cutsChangedCoefficients,feasibleTermsPrunedByBound,tighten_disjunction,tighten_matrix_perturbation,tighten_infeasible_to_feasible_term,tighten_feasible_to_infeasible_basis
0,0,New,4,17561.353680,17561.353680,17561.353680,17564.120482,17566.000000,17567.000000,3.270808,5.673827,828.593139,828.620898,32929,4053185,3600.000000,4,17,774,GUROBI,1,0,0,0,0,0,0,0,0,0,0
1,0,New,4,16355.704487,16438.292088,16438.192088,16587.406749,16592.000000,16592.000000,14.806634,16.401131,192.519607,324.234756,10737,1245509,3600.000000,96,2,907,GUROBI,1,94,0,0,0,0,0,0,0,0,0
2,0,New,4,17183.087446,17183.316234,17183.120779,17241.607143,17567.000000,17567.000000,14.215085,19.358339,105.818535,240.126588,15310,574171,3600.000000,84,2,798,GUROBI,1,81,0,0,0,0,0,0,0,0,0
3,0,New,4,17561.157552,17561.199351,17561.157552,17564.784483,17567.000000,17568.000000,41.382099,48.602885,688.005973,688.010349,25139,1617861,3600.000000,100,8,821,GUROBI,1,97,0,0,0,0,0,0,0,0,0
