instanceIndex,seedIndex,vpcGenerator,terms,lpBound,disjunctiveDualBound,lpBoundPostVpc,rootDualBound,dualBound,primalBound,vpcGenerationTime,rootDualBoundTime,bestSolutionTime,terminationTime,nodes,iterations,maxTime,actualTerms,numCuts,cutLimit,mipSolver,providePrimalBound,infeasibleTerms,feasibleToInfeasibleTerms,infeasibleToFeasibleTerms,termRemainsFeasibleBasisInfeasible,cutsChangedCoefficients,feasibleTermsPrunedByBound,tighten_disjunction,tighten_matrix_perturbation,tighten_infeasible_to_feasible_term,tighten_feasible_to_infeasible_basis
0,0,None,4,17561.353680,17561.353680,17561.353680,17563.902778,17566.000000,17567.000000,0.000003,4.972640,1880.945924,1880.967992,44879,6283873,3600.000000,0,0,0,GUROBI,1,0,0,0,0,0,0,0,0,0,0
1,0,None,4,16355.704487,16355.704487,16355.704487,16587.499244,16592.000000,16592.000000,0.000002,2.466421,657.590510,776.201981,16976,2277464,3600.000000,0,0,0,GUROBI,1,0,0,0,0,0,0,0,0,0,0
2,0,None,4,17183.087446,17183.087446,17183.087446,17403.218750,17567.000000,17567.000000,0.000003,5.452461,78.140315,177.246153,10629,684404,3600.000000,0,0,0,GUROBI,1,0,0,0,0,0,0,0,0,0,0
3,0,None,4,17561.157552,17561.157552,17561.157552,17564.700000,17567.000000,17568.000000,0.000002,3.972661,540.059975,540.062814,20685,1856954,3600.000000,0,0,0,GUROBI,1,0,0,0,0,0,0,0,0,0,0
