instanceIndex,seedIndex,vpcGenerator,terms,lpBound,disjunctiveDualBound,lpBoundPostVpc,rootDualBound,dualBound,primalBound,vpcGenerationTime,rootDualBoundTime,bestSolutionTime,terminationTime,nodes,iterations,maxTime,actualTerms,numCuts,cutLimit,mipSolver,providePrimalBound,infeasibleTerms,feasibleToInfeasibleTerms,infeasibleToFeasibleTerms,termRemainsFeasibleBasisInfeasible,cutsChangedCoefficients,feasibleTermsPrunedByBound,tighten_disjunction,tighten_matrix_perturbation,tighten_infeasible_to_feasible_term,tighten_feasible_to_infeasible_basis
0,0,None,4,17561.353680,17561.353680,17561.353680,17563.933333,17566.000000,17567.000000,0.000002,5.489241,777.428900,777.471247,71346,3675664,3600.000000,0,0,0,GUROBI,1,0,0,0,0,0,0,0,0,0,0
1,0,None,4,24715.500000,24715.500000,24715.500000,25367.000000,26668.000000,26670.000000,0.000002,2.332531,106.084571,106.087919,4731,452739,3600.000000,0,0,0,GUROBI,1,0,0,0,0,0,0,0,0,0,0
2,0,None,4,27642.200000,27642.200000,27642.200000,28295.500000,28620.000000,28622.000000,0.000003,1.582905,125.351495,125.358618,30015,499415,3600.000000,0,0,0,GUROBI,1,0,0,0,0,0,0,0,0,0,0
3,0,None,4,26504.000000,26504.000000,26504.000000,27782.598408,29598.000000,29598.000000,0.000003,2.153206,39.513476,43.502382,8211,162785,3600.000000,0,0,0,GUROBI,1,0,0,0,0,0,0,0,0,0,0
