instanceIndex,seedIndex,vpcGenerator,terms,lpBound,disjunctiveDualBound,lpBoundPostVpc,rootDualBound,dualBound,primalBound,vpcGenerationTime,rootDualBoundTime,bestSolutionTime,terminationTime,nodes,iterations,maxTime,actualTerms,numCuts,cutLimit,mipSolver,providePrimalBound,infeasibleTerms,feasibleToInfeasibleTerms,infeasibleToFeasibleTerms,termRemainsFeasibleBasisInfeasible,cutsChangedCoefficients,feasibleTermsPrunedByBound,tighten_disjunction,tighten_matrix_perturbation,tighten_infeasible_to_feasible_term,tighten_feasible_to_infeasible_basis
0,0,New,4,2691.439469,2738.395926,2738.395926,3043.649910,3251.863376,3252.000000,0.437875,0.799466,12.707203,17.739238,5680,147629,3600.000000,4,18,18,GUROBI,1,0,0,0,0,0,0,0,0,0,0
1,0,Farkas,4,2696.721810,2741.694963,2740.667024,3051.777100,3251.809662,3252.000000,0.005289,0.468916,14.523705,18.190833,4815,125106,3600.000000,4,18,0,GUROBI,1,0,0,0,2,12,0,0,0,0,0
2,0,Farkas,4,2692.013477,2738.395926,2738.395926,3068.616856,3275.781202,3276.000000,0.005550,0.507639,17.209804,20.875156,7464,191219,3600.000000,4,18,0,GUROBI,1,0,0,0,0,0,0,0,0,0,0
3,0,Farkas,4,2682.270833,2729.745148,2727.767020,3069.842911,3251.686299,3252.000000,0.006993,0.579169,26.255055,29.660534,9300,227661,3600.000000,4,18,0,GUROBI,1,0,0,0,1,16,0,0,0,0,0
