instanceIndex,seedIndex,vpcGenerator,terms,lpBound,disjunctiveDualBound,lpBoundPostVpc,rootDualBound,dualBound,primalBound,vpcGenerationTime,rootDualBoundTime,bestSolutionTime,terminationTime,nodes,iterations,maxTime,actualTerms,numCuts,cutLimit,mipSolver,providePrimalBound,infeasibleTerms,feasibleToInfeasibleTerms,infeasibleToFeasibleTerms,termRemainsFeasibleBasisInfeasible,cutsChangedCoefficients,feasibleTermsPrunedByBound,tighten_disjunction,tighten_matrix_perturbation,tighten_infeasible_to_feasible_term,tighten_feasible_to_infeasible_basis
0,0,New,64,2691.439469,2847.575183,2834.251233,3049.843333,3251.683893,3252.000000,5.267669,5.754254,22.561140,22.561274,7597,190242,3600.000000,64,18,18,GUROBI,1,0,0,0,0,0,0,0,0,0,0
1,0,All,64,2391.115126,2433.418205,2391.115126,2936.276092,3062.000000,3062.000000,0.173385,0.557698,0.813261,2.832939,1140,22215,3600.000000,64,18,0,GUROBI,1,0,0,0,64,18,0,1,1,1,1
2,0,All,64,2611.218307,2664.688566,2611.218307,3074.001992,3382.203743,3382.500000,0.170734,0.396042,67.186315,67.186482,25062,684646,3600.000000,64,18,0,GUROBI,1,0,0,0,64,18,0,1,1,1,1
3,0,All,64,2621.025475,2666.361250,2621.025475,3159.032899,3437.740324,3438.000000,0.176278,0.410667,70.560303,70.560473,23124,616868,3600.000000,64,18,0,GUROBI,1,0,0,0,64,18,0,1,1,1,1
