instanceIndex,seedIndex,vpcGenerator,terms,lpBound,disjunctiveDualBound,lpBoundPostVpc,rootDualBound,dualBound,primalBound,vpcGenerationTime,rootDualBoundTime,bestSolutionTime,terminationTime,nodes,iterations,maxTime,actualTerms,numCuts,cutLimit,mipSolver,providePrimalBound,infeasibleTerms,feasibleToInfeasibleTerms,infeasibleToFeasibleTerms,termRemainsFeasibleBasisInfeasible,cutsChangedCoefficients,feasibleTermsPrunedByBound,tighten_disjunction,tighten_matrix_perturbation,tighten_infeasible_to_feasible_term,tighten_feasible_to_infeasible_basis
0,0,New,4,2691.439469,2738.395926,2738.395926,3047.743243,3251.686740,3252.000000,0.833049,1.101245,34.239957,34.469990,13237,353471,3600.000000,4,18,18,GUROBI,1,0,0,0,0,0,0,0,0,0,0
1,0,Farkas,4,2756.730403,2819.899038,2806.039139,3111.054459,3343.686617,3344.000000,0.010856,0.315126,21.779278,23.043918,9333,252038,3600.000000,4,18,0,GUROBI,1,0,0,0,0,0,0,0,0,0,0
2,0,Farkas,4,2708.983913,2745.469170,2743.210983,3051.426487,3256.682423,3257.000000,0.014408,0.248435,13.077238,13.077346,5556,148250,3600.000000,4,18,0,GUROBI,1,0,0,0,0,0,0,0,0,0,0
3,0,Farkas,4,2671.015659,2736.055678,2723.621413,3043.892522,3252.715080,3253.000000,0.010613,0.303691,17.964860,23.175559,10160,242491,3600.000000,4,18,0,GUROBI,1,0,0,0,0,0,0,0,0,0,0
