instanceIndex,seedIndex,vpcGenerator,terms,lpBound,disjunctiveDualBound,lpBoundPostVpc,rootDualBound,dualBound,primalBound,vpcGenerationTime,rootDualBoundTime,bestSolutionTime,terminationTime,nodes,iterations,maxTime,actualTerms,numCuts,cutLimit,mipSolver,providePrimalBound,infeasibleTerms,feasibleToInfeasibleTerms,infeasibleToFeasibleTerms,termRemainsFeasibleBasisInfeasible,cutsChangedCoefficients,feasibleTermsPrunedByBound,tighten_disjunction,tighten_matrix_perturbation,tighten_infeasible_to_feasible_term,tighten_feasible_to_infeasible_basis
0,0,New,4,3157.377442,3180.305873,3180.305873,3467.173472,3663.638547,3664.000000,0.434628,0.661065,26.627819,27.307701,12634,372239,3600.000000,4,13,17,GUROBI,1,0,0,0,0,0,0,0,0,0,0
1,0,Farkas,4,2815.191191,2818.117116,2815.191191,3412.211794,3572.182481,3572.500000,0.008718,0.183501,12.754879,13.864777,8807,236470,3600.000000,4,13,0,GUROBI,1,0,0,0,4,13,0,0,0,0,0
2,0,Farkas,4,2899.778388,2967.373351,2899.778388,3588.903305,3888.111245,3888.500000,0.008015,0.196383,686.270410,870.061105,302829,9857455,3600.000000,4,13,0,GUROBI,1,0,0,0,4,13,0,0,0,0,0
3,0,Farkas,4,2825.335872,2835.632515,2832.706589,3545.929204,3808.120195,3808.500000,0.009946,0.560371,386.018484,386.018636,106507,3331808,3600.000000,4,13,0,GUROBI,1,0,0,0,4,13,0,0,0,0,0
