instanceIndex,seedIndex,vpcGenerator,terms,lpBound,disjunctiveDualBound,lpBoundPostVpc,rootDualBound,dualBound,primalBound,vpcGenerationTime,rootDualBoundTime,bestSolutionTime,terminationTime,nodes,iterations,maxTime,actualTerms,numCuts,cutLimit,mipSolver,providePrimalBound,infeasibleTerms,feasibleToInfeasibleTerms,infeasibleToFeasibleTerms,termRemainsFeasibleBasisInfeasible,cutsChangedCoefficients,feasibleTermsPrunedByBound,tighten_disjunction,tighten_matrix_perturbation,tighten_infeasible_to_feasible_term,tighten_feasible_to_infeasible_basis
0,0,New,64,3157.377442,3283.617789,3277.894010,3468.075860,3663.687265,3664.000000,6.958364,7.358914,28.129929,40.288529,9402,301603,3600.000000,64,17,17,GUROBI,1,0,0,0,0,0,0,0,0,0,0
1,0,New,64,3220.032111,3734.930634,3359.476556,3958.903529,4093.000000,4093.000000,2.405720,2.745572,9.133437,9.133583,1805,49534,3600.000000,64,1,22,GUROBI,1,3,0,0,0,0,0,0,0,0,0
2,0,New,64,3124.342601,3390.764585,3174.062473,3673.172759,3773.000000,3773.000000,2.400520,2.702521,10.020003,10.020134,1780,60045,3600.000000,64,1,22,GUROBI,1,2,0,0,0,0,0,0,0,0,0
3,0,New,64,3121.107036,3504.824771,3262.544536,3714.286973,3840.645374,3841.000000,2.512662,2.873151,13.255068,13.255219,3197,97186,3600.000000,64,1,21,GUROBI,1,2,0,0,0,0,0,0,0,0,0
