instanceIndex,seedIndex,vpcGenerator,terms,lpBound,disjunctiveDualBound,lpBoundPostVpc,rootDualBound,dualBound,primalBound,vpcGenerationTime,rootDualBoundTime,bestSolutionTime,terminationTime,nodes,iterations,maxTime,actualTerms,numCuts,cutLimit,mipSolver,providePrimalBound,infeasibleTerms,feasibleToInfeasibleTerms,infeasibleToFeasibleTerms,termRemainsFeasibleBasisInfeasible,cutsChangedCoefficients,feasibleTermsPrunedByBound,tighten_disjunction,tighten_matrix_perturbation,tighten_infeasible_to_feasible_term,tighten_feasible_to_infeasible_basis
0,0,New,4,-37831489.264934,-37663194.966394,-37716523.211732,-37470364.062157,-36804283.187025,-36800603.236618,3630.292612,3643.418372,5703.838353,6076.518223,312812,8881377,3600.000000,4,151,814,GUROBI,1,0,0,0,0,0,0,0,0,0,0
1,0,New,4,-39288323.408370,-39161276.758416,-39221323.355970,-38939449.285752,-38312069.640172,-38268143.405789,3630.420609,3645.548774,7230.424562,7230.425083,392360,14061521,3600.000000,4,264,803,GUROBI,1,0,0,0,0,0,0,0,0,0,0
3,0,New,4,-37303424.819346,-37091616.182689,-37138562.036642,-36945260.570319,-36285291.518503,-36281663.593592,3620.108035,3632.052122,6459.927591,6459.928238,354403,10362805,3600.000000,4,36,814,GUROBI,1,0,0,0,0,0,0,0,0,0,0
