instanceIndex,seedIndex,vpcGenerator,terms,lpBound,disjunctiveDualBound,lpBoundPostVpc,rootDualBound,dualBound,primalBound,vpcGenerationTime,rootDualBoundTime,bestSolutionTime,terminationTime,nodes,iterations,maxTime,actualTerms,numCuts,cutLimit,mipSolver,providePrimalBound,infeasibleTerms,feasibleToInfeasibleTerms,infeasibleToFeasibleTerms,termRemainsFeasibleBasisInfeasible,cutsChangedCoefficients,feasibleTermsPrunedByBound,tighten_disjunction,tighten_matrix_perturbation,tighten_infeasible_to_feasible_term,tighten_feasible_to_infeasible_basis
0,0,New,4,28928379.620260,29421385.257225,28928379.620260,29702861.050447,30356781.567930,30356760.984149,18.160791,19.164547,19.346202,19.363188,12,3201,3600.000000,4,10,10,GUROBI,1,0,0,0,0,0,0,0,0,0,0
1,0,All,4,28808747.979630,29299703.324572,28808754.328564,29577269.620818,30236597.689141,30236577.104955,0.105193,1.331867,1.553312,1.567406,14,4538,3600.000000,4,10,0,GUROBI,1,0,0,0,0,0,0,1,1,1,1
2,0,All,4,28991192.222959,29503754.020453,28991193.811578,29782545.059435,30434357.133540,30434336.549157,0.096598,1.399692,1.633494,1.633869,15,4701,3600.000000,4,10,0,GUROBI,1,0,0,0,0,0,0,1,1,1,1
3,0,All,4,28983945.812038,29505068.476861,28983946.606518,29772886.773048,30437545.296918,30437524.710919,0.095810,0.905851,1.051215,1.051594,17,2489,3600.000000,4,10,0,GUROBI,1,0,0,0,0,0,0,1,1,1,1
