instanceIndex,seedIndex,vpcGenerator,terms,lpBound,disjunctiveDualBound,lpBoundPostVpc,rootDualBound,dualBound,primalBound,vpcGenerationTime,rootDualBoundTime,bestSolutionTime,terminationTime,nodes,iterations,maxTime,actualTerms,numCuts,cutLimit,mipSolver,providePrimalBound,infeasibleTerms,feasibleToInfeasibleTerms,infeasibleToFeasibleTerms,termRemainsFeasibleBasisInfeasible,cutsChangedCoefficients,feasibleTermsPrunedByBound,tighten_disjunction,tighten_matrix_perturbation,tighten_infeasible_to_feasible_term,tighten_feasible_to_infeasible_basis
0,0,New,64,7515.271029,7515.572882,7515.427727,10728.518635,11459.000000,11460.000000,25.532176,28.731424,896.579099,909.113304,31764,3302927,3600.000000,100,25,157,GUROBI,1,92,0,0,0,0,0,0,0,0,0
1,0,Farkas,64,7995.108464,7995.108464,7995.108464,14683.029375,16004.000000,16005.000000,3.762620,5.361508,78.812559,92.254119,6112,450368,3600.000000,100,25,0,GUROBI,1,93,1,0,7,25,0,0,0,0,0
2,0,Farkas,64,7625.750836,7625.750836,7625.750836,16556.620721,18390.000000,18391.000000,2.507805,4.992996,456.232420,456.636081,14868,1693618,3600.000000,100,25,0,GUROBI,1,92,0,0,8,25,0,0,0,0,0
3,0,Farkas,64,6374.088173,6374.088173,6374.088173,17902.348778,20143.000000,20145.000000,3.374804,6.590882,811.535689,823.160075,24594,3367832,3600.000000,100,25,0,GUROBI,1,92,0,0,8,25,0,0,0,0,0
