instanceIndex,seedIndex,vpcGenerator,terms,lpBound,disjunctiveDualBound,lpBoundPostVpc,rootDualBound,dualBound,primalBound,vpcGenerationTime,rootDualBoundTime,bestSolutionTime,terminationTime,nodes,iterations,maxTime,actualTerms,numCuts,cutLimit,mipSolver,providePrimalBound,infeasibleTerms,feasibleToInfeasibleTerms,infeasibleToFeasibleTerms,termRemainsFeasibleBasisInfeasible,cutsChangedCoefficients,feasibleTermsPrunedByBound,tighten_disjunction,tighten_matrix_perturbation,tighten_infeasible_to_feasible_term,tighten_feasible_to_infeasible_basis
0,0,New,4,7515.271029,7515.517676,7515.517676,10621.945384,11459.000000,11460.000000,3.351796,5.979611,669.917784,670.713242,22395,2458688,3600.000000,4,20,157,GUROBI,1,0,0,0,0,0,0,0,0,0,0
1,0,Farkas,4,-544779.835871,-544779.835871,-544779.835871,-544743.506638,-544599.000000,-544594.000000,0.471900,0.893252,1.736061,1.737676,203,1917,3600.000000,4,20,0,GUROBI,1,0,0,0,0,0,0,0,0,0,0
2,0,Farkas,4,-229620.651831,-229620.651831,-229620.651831,-229619.001149,-229619.000000,-229619.000000,0.460424,0.562318,0.565103,0.567161,1,968,3600.000000,4,20,0,GUROBI,1,0,0,0,0,0,0,0,0,0,0
3,0,Farkas,4,-197866.671658,-197866.671658,-197866.671658,-197865.000000,-197865.000000,-197865.000000,0.303515,0.417613,0.420557,0.422300,1,562,3600.000000,4,20,0,GUROBI,1,0,0,0,0,0,0,0,0,0,0
