instanceIndex,seedIndex,vpcGenerator,terms,lpBound,disjunctiveDualBound,lpBoundPostVpc,rootDualBound,dualBound,primalBound,vpcGenerationTime,rootDualBoundTime,bestSolutionTime,terminationTime,nodes,iterations,maxTime,actualTerms,numCuts,cutLimit,mipSolver,providePrimalBound,infeasibleTerms,feasibleToInfeasibleTerms,infeasibleToFeasibleTerms,termRemainsFeasibleBasisInfeasible,cutsChangedCoefficients,feasibleTermsPrunedByBound,tighten_disjunction,tighten_matrix_perturbation,tighten_infeasible_to_feasible_term,tighten_feasible_to_infeasible_basis
0,0,None,4,7515.271029,7515.271029,7515.271029,10758.293670,11459.000000,11460.000000,0.000001,3.588566,727.246567,728.632810,22411,2667899,3600.000000,0,0,0,GUROBI,1,0,0,0,0,0,0,0,0,0,0
1,0,None,4,7515.260026,7515.260026,7515.260026,10758.293670,11459.000000,11460.000000,0.000002,3.612667,725.343406,726.693774,22411,2667899,3600.000000,0,0,0,GUROBI,1,0,0,0,0,0,0,0,0,0,0
2,0,None,4,7534.429853,7534.429853,7534.429853,10918.815290,11505.000000,11506.000000,0.000001,3.332539,456.895248,456.895617,19554,1661663,3600.000000,0,0,0,GUROBI,1,0,0,0,0,0,0,0,0,0,0
3,0,None,4,7577.631088,7577.631088,7577.631088,14122.778973,14601.000000,14601.000000,0.000002,1.829900,51.690596,51.690977,3408,235432,3600.000000,0,0,0,GUROBI,1,0,0,0,0,0,0,0,0,0,0
