instanceIndex,seedIndex,vpcGenerator,terms,lpBound,disjunctiveDualBound,lpBoundPostVpc,rootDualBound,dualBound,primalBound,vpcGenerationTime,rootDualBoundTime,bestSolutionTime,terminationTime,nodes,iterations,maxTime,actualTerms,numCuts,cutLimit,mipSolver,providePrimalBound,infeasibleTerms,feasibleToInfeasibleTerms,infeasibleToFeasibleTerms,termRemainsFeasibleBasisInfeasible,cutsChangedCoefficients,feasibleTermsPrunedByBound,tighten_disjunction,tighten_matrix_perturbation,tighten_infeasible_to_feasible_term,tighten_feasible_to_infeasible_basis
0,0,New,64,7515.271029,7515.572882,7515.427727,10711.694411,11459.000000,11460.000000,25.379029,28.091145,855.038092,855.711470,35665,3263954,3600.000000,100,25,157,GUROBI,1,92,0,0,0,0,0,0,0,0,0
1,0,New,64,7515.260026,7515.561879,7515.389862,10684.496947,11459.000000,11460.000000,48.095944,50.816870,769.436239,774.249130,26398,2849574,3600.000000,100,45,157,GUROBI,1,92,0,0,0,0,0,0,0,0,0
2,0,New,64,7534.429853,7598.373794,7598.373794,10914.652727,11505.000000,11506.000000,16.326878,19.503656,388.215383,513.311974,24448,2271086,3600.000000,77,9,157,GUROBI,1,55,0,0,0,0,0,0,0,0,0
3,0,New,64,7577.631088,12182.171059,12181.401059,14132.735549,14600.000000,14601.000000,11.278148,13.322803,79.577887,89.810526,5176,370142,3600.000000,67,8,156,GUROBI,1,58,0,0,0,0,0,0,0,0,0
