instanceIndex,seedIndex,vpcGenerator,terms,lpBound,disjunctiveDualBound,lpBoundPostVpc,rootDualBound,dualBound,primalBound,vpcGenerationTime,rootDualBoundTime,bestSolutionTime,terminationTime,nodes,iterations,maxTime,actualTerms,numCuts,cutLimit,mipSolver,providePrimalBound,infeasibleTerms,feasibleToInfeasibleTerms,infeasibleToFeasibleTerms,termRemainsFeasibleBasisInfeasible,cutsChangedCoefficients,feasibleTermsPrunedByBound,tighten_disjunction,tighten_matrix_perturbation,tighten_infeasible_to_feasible_term,tighten_feasible_to_infeasible_basis
0,0,New,64,11115.630502,11125.780605,11118.808551,12669.677644,12889.000000,12889.999851,31.613836,34.237003,61.711802,67.242338,2190,106158,3600.000000,87,10,195,GUROBI,1,68,0,0,0,0,0,0,0,0,0
1,0,Farkas,64,7910.778005,7942.440168,7910.778005,11520.880341,14180.000000,14180.000000,31.995699,36.107144,79.299064,79.299498,1137,145956,3600.000000,87,10,0,GUROBI,1,66,1,3,18,10,0,0,0,0,0
2,0,Farkas,64,10615.779937,10625.463012,10615.779937,12330.537856,12877.000000,12877.000000,18.570004,22.254972,108.792327,108.793284,4435,332617,3600.000000,87,10,0,GUROBI,1,64,0,4,19,10,0,0,0,0,0
3,0,Farkas,64,7217.973265,7223.583901,7217.973265,8105.113467,10013.000000,10014.000000,41.794879,45.714253,587.297600,587.298025,26970,2142368,3600.000000,87,10,0,GUROBI,1,71,6,3,13,10,0,0,0,0,0
