instanceIndex,seedIndex,vpcGenerator,terms,lpBound,disjunctiveDualBound,lpBoundPostVpc,rootDualBound,dualBound,primalBound,vpcGenerationTime,rootDualBoundTime,bestSolutionTime,terminationTime,nodes,iterations,maxTime,actualTerms,numCuts,cutLimit,mipSolver,providePrimalBound,infeasibleTerms,feasibleToInfeasibleTerms,infeasibleToFeasibleTerms,termRemainsFeasibleBasisInfeasible,cutsChangedCoefficients,feasibleTermsPrunedByBound,tighten_disjunction,tighten_matrix_perturbation,tighten_infeasible_to_feasible_term,tighten_feasible_to_infeasible_basis
0,0,None,64,11115.630502,11115.630502,11115.630502,12654.303331,12889.000000,12890.000000,0.000002,2.611715,32.217244,32.415429,2055,97815,3600.000000,0,0,0,GUROBI,1,0,0,0,0,0,0,0,0,0,0
1,0,None,64,7910.778005,7910.778005,7910.778005,11249.490640,14180.000000,14180.000000,0.000002,4.051420,45.611266,45.649487,1256,142747,3600.000000,0,0,0,GUROBI,1,0,0,0,0,0,0,0,0,0,0
2,0,None,64,10615.779937,10615.779937,10615.779937,12372.643187,12876.000000,12877.000000,0.000002,3.385813,71.050286,79.700390,4834,297975,3600.000000,0,0,0,GUROBI,1,0,0,0,0,0,0,0,0,0,0
3,0,None,64,7217.973265,7217.973265,7217.973265,8049.847255,10013.000000,10014.000000,0.000003,4.093810,533.127203,540.774507,32669,2582261,3600.000000,0,0,0,GUROBI,1,0,0,0,0,0,0,0,0,0,0
