instanceIndex,seedIndex,vpcGenerator,terms,lpBound,disjunctiveDualBound,lpBoundPostVpc,rootDualBound,dualBound,primalBound,vpcGenerationTime,rootDualBoundTime,bestSolutionTime,terminationTime,nodes,iterations,maxTime,actualTerms,numCuts,cutLimit,mipSolver,providePrimalBound,infeasibleTerms,feasibleToInfeasibleTerms,infeasibleToFeasibleTerms,termRemainsFeasibleBasisInfeasible,cutsChangedCoefficients,feasibleTermsPrunedByBound,tighten_disjunction,tighten_matrix_perturbation,tighten_infeasible_to_feasible_term,tighten_feasible_to_infeasible_basis
0,0,New,64,11115.630502,11125.780605,11118.808551,12720.314459,12890.000000,12890.000000,31.726772,35.215173,53.889282,53.889661,1102,53634,3600.000000,87,10,195,GUROBI,1,68,0,0,0,0,0,0,0,0,0
1,0,All,64,11296.083933,11301.639486,11298.886857,12753.370582,12958.000000,12957.999779,8.458316,11.314983,47.617479,47.617911,2151,113621,3600.000000,87,10,0,GUROBI,1,68,0,0,0,0,0,1,1,1,1
2,0,All,64,10573.391849,10586.712517,10574.814319,12137.008123,12317.999978,12318.000000,8.368811,11.077836,30.490885,30.509562,1291,51094,3600.000000,87,10,0,GUROBI,1,68,0,0,0,0,0,1,1,1,1
3,0,All,64,10733.027185,10743.345005,10735.168614,12381.589769,12512.989267,12513.999960,7.874923,10.870333,26.782728,26.783293,797,37786,3600.000000,87,10,0,GUROBI,1,68,0,0,0,0,0,1,1,1,1
