instanceIndex,seedIndex,vpcGenerator,terms,lpBound,disjunctiveDualBound,lpBoundPostVpc,rootDualBound,dualBound,primalBound,vpcGenerationTime,rootDualBoundTime,bestSolutionTime,terminationTime,nodes,iterations,maxTime,actualTerms,numCuts,cutLimit,mipSolver,providePrimalBound,infeasibleTerms,feasibleToInfeasibleTerms,infeasibleToFeasibleTerms,termRemainsFeasibleBasisInfeasible,cutsChangedCoefficients,feasibleTermsPrunedByBound,tighten_disjunction,tighten_matrix_perturbation,tighten_infeasible_to_feasible_term,tighten_feasible_to_infeasible_basis
0,0,None,64,11115.630502,11115.630502,11115.630502,12658.736266,12889.000000,12890.000000,0.000001,2.505206,37.883645,39.293171,3196,128571,3600.000000,0,0,0,GUROBI,1,0,0,0,0,0,0,0,0,0,0
1,0,None,64,8611.132731,8611.132731,8611.132731,10140.611180,10221.299917,10221.300000,0.000002,2.907806,19.584057,19.584383,580,25096,3600.000000,0,0,0,GUROBI,1,0,0,0,0,0,0,0,0,0,0
2,0,None,64,10666.542407,10666.542407,10666.542407,12275.422663,12446.999974,12446.999974,0.000003,3.492914,18.568397,18.568784,617,30528,3600.000000,0,0,0,GUROBI,1,0,0,0,0,0,0,0,0,0,0
3,0,None,64,9373.019007,9373.019007,9373.019007,11222.064483,11458.800000,11458.800000,0.000002,2.890651,19.825869,19.930180,665,31216,3600.000000,0,0,0,GUROBI,1,0,0,0,0,0,0,0,0,0,0
