instanceIndex,seedIndex,vpcGenerator,terms,lpBound,disjunctiveDualBound,lpBoundPostVpc,rootDualBound,dualBound,primalBound,vpcGenerationTime,rootDualBoundTime,bestSolutionTime,terminationTime,nodes,iterations,maxTime,actualTerms,numCuts,cutLimit,mipSolver,providePrimalBound,infeasibleTerms,feasibleToInfeasibleTerms,infeasibleToFeasibleTerms,termRemainsFeasibleBasisInfeasible,cutsChangedCoefficients,feasibleTermsPrunedByBound,tighten_disjunction,tighten_matrix_perturbation,tighten_infeasible_to_feasible_term,tighten_feasible_to_infeasible_basis
0,0,New,64,981.864286,997.570599,997.474301,999.710816,1077.510000,1077.560000,193.994962,194.773410,202.812097,203.997886,2323,70157,3600.000000,66,35,42,GUROBI,1,27,0,0,0,0,0,0,0,0,0
1,0,New,64,637.791004,671.973087,643.268808,700.513531,769.738505,769.770000,23.891160,24.432461,33.717579,34.590244,2481,79427,3600.000000,76,36,36,GUROBI,1,60,0,0,0,0,0,0,0,0,0
2,0,New,64,500.076165,532.614327,519.872328,593.247943,694.758908,694.800000,25.617865,26.256502,48.227848,48.228047,4570,167173,3600.000000,69,37,37,GUROBI,1,56,0,0,0,0,0,0,0,0,0
3,0,New,64,649.944956,678.730163,663.885608,711.728610,813.830000,813.830000,24.714432,25.372080,35.231392,39.433607,3960,124172,3600.000000,79,35,35,GUROBI,1,68,0,0,0,0,0,0,0,0,0
