instanceIndex,seedIndex,vpcGenerator,terms,lpBound,disjunctiveDualBound,lpBoundPostVpc,rootDualBound,dualBound,primalBound,vpcGenerationTime,rootDualBoundTime,bestSolutionTime,terminationTime,nodes,iterations,maxTime,actualTerms,numCuts,cutLimit,mipSolver,providePrimalBound,infeasibleTerms,feasibleToInfeasibleTerms,infeasibleToFeasibleTerms,termRemainsFeasibleBasisInfeasible,cutsChangedCoefficients,feasibleTermsPrunedByBound,tighten_disjunction,tighten_matrix_perturbation,tighten_infeasible_to_feasible_term,tighten_feasible_to_infeasible_basis
0,0,New,64,981.864286,997.570599,997.474301,998.441605,1077.560000,1077.560000,197.066319,197.707078,204.691067,205.273372,2033,68739,3600.000000,66,35,42,GUROBI,1,27,0,0,0,0,0,0,0,0,0
1,0,All,64,481.168686,481.168686,481.168686,648.095508,699.670000,699.670000,1.141363,1.643430,2.469020,2.474262,547,9032,3600.000000,66,35,0,GUROBI,1,17,0,10,39,35,0,1,1,1,1
2,0,All,64,443.817763,445.834695,443.817763,680.235231,784.620000,784.690000,1.425559,1.830060,7.731852,7.732011,3388,47454,3600.000000,66,35,0,GUROBI,1,25,5,7,34,35,0,1,1,1,1
3,0,All,64,340.428148,340.428148,340.428148,578.033046,757.620000,757.620000,1.362851,1.889846,27.613763,27.821662,4553,187879,3600.000000,66,35,0,GUROBI,1,17,2,12,37,35,0,1,1,1,1
