instanceIndex,seedIndex,vpcGenerator,terms,lpBound,disjunctiveDualBound,lpBoundPostVpc,rootDualBound,dualBound,primalBound,vpcGenerationTime,rootDualBoundTime,bestSolutionTime,terminationTime,nodes,iterations,maxTime,actualTerms,numCuts,cutLimit,mipSolver,providePrimalBound,infeasibleTerms,feasibleToInfeasibleTerms,infeasibleToFeasibleTerms,termRemainsFeasibleBasisInfeasible,cutsChangedCoefficients,feasibleTermsPrunedByBound,tighten_disjunction,tighten_matrix_perturbation,tighten_infeasible_to_feasible_term,tighten_feasible_to_infeasible_basis
0,0,None,64,-265650.000000,-265650.000000,-265650.000000,-265650.000000,-265650.000000,-265650.000000,0.000003,0.000003,0.224743,0.225720,1,1231,3600.000000,0,0,0,GUROBI,1,0,0,0,0,0,0,0,0,0,0
1,0,None,64,-267448.709677,-267448.709677,-267448.709677,-267447.000001,-267447.000001,-267447.000001,0.000003,0.874705,1.041730,1.043892,17,1853,3600.000000,0,0,0,GUROBI,1,0,0,0,0,0,0,0,0,0,0
2,0,None,64,-265738.108845,-265738.108845,-265738.108845,-265734.743133,-265734.000000,-265726.000000,0.000003,0.711052,0.930004,0.933303,21,2043,3600.000000,0,0,0,GUROBI,1,0,0,0,0,0,0,0,0,0,0
3,0,None,64,-265661.547683,-265661.547683,-265661.547683,-265660.000000,-265660.000000,-265660.000000,0.000003,0.598149,0.628000,0.629713,1,1946,3600.000000,0,0,0,GUROBI,1,0,0,0,0,0,0,0,0,0,0
