instanceIndex,seedIndex,vpcGenerator,terms,lpBound,disjunctiveDualBound,lpBoundPostVpc,rootDualBound,dualBound,primalBound,vpcGenerationTime,rootDualBoundTime,bestSolutionTime,terminationTime,nodes,iterations,maxTime,actualTerms,numCuts,cutLimit,mipSolver,providePrimalBound,infeasibleTerms,feasibleToInfeasibleTerms,infeasibleToFeasibleTerms,termRemainsFeasibleBasisInfeasible,cutsChangedCoefficients,feasibleTermsPrunedByBound,tighten_disjunction,tighten_matrix_perturbation,tighten_infeasible_to_feasible_term,tighten_feasible_to_infeasible_basis
0,0,New,4,-265650.000000,-265650.000000,-265650.000000,-265650.000000,-265650.000000,-265650.000000,1.651786,2.379980,2.426794,2.428049,9,2697,3600.000000,4,3,224,GUROBI,1,0,0,0,0,0,0,0,0,0,0
1,0,Farkas,4,-267448.709677,-267448.709677,-267448.709677,-267447.000001,-267447.000000,-267447.000000,0.087409,0.747507,0.749970,0.753081,1,1839,3600.000000,4,3,0,GUROBI,1,0,0,0,0,0,0,0,0,0,0
2,0,Farkas,4,-265738.108845,-265738.108845,-265738.108845,-265734.546432,-265732.776317,-265727.000000,0.124244,0.859485,1.234651,1.238676,16,2410,3600.000000,4,3,0,GUROBI,1,0,0,0,0,0,0,0,0,0,0
3,0,Farkas,4,-265661.547683,-265661.547683,-265661.547683,-265660.000000,-265660.000000,-265660.000000,0.109840,1.036035,1.473858,1.476386,38,3236,3600.000000,4,3,0,GUROBI,1,0,0,0,0,0,0,0,0,0,0
