instanceIndex,seedIndex,vpcGenerator,terms,lpBound,disjunctiveDualBound,lpBoundPostVpc,rootDualBound,dualBound,primalBound,vpcGenerationTime,rootDualBoundTime,bestSolutionTime,terminationTime,nodes,iterations,maxTime,actualTerms,numCuts,cutLimit,mipSolver,providePrimalBound,infeasibleTerms,feasibleToInfeasibleTerms,infeasibleToFeasibleTerms,termRemainsFeasibleBasisInfeasible,cutsChangedCoefficients,feasibleTermsPrunedByBound,tighten_disjunction,tighten_matrix_perturbation,tighten_infeasible_to_feasible_term,tighten_feasible_to_infeasible_basis
0,0,None,64,216670237.636667,216670237.636667,216670237.636667,217968452.976468,219675509.351909,219676790.400000,0.000003,3.000660,17.143460,26.781160,1916,98193,3600.000000,0,0,0,GUROBI,1,0,0,0,0,0,0,0,0,0,0
1,0,None,64,223490201.599147,223490201.599147,223490201.599147,233118747.573237,242481856.211724,242504887.200000,0.000003,4.265458,711.735517,711.735885,49945,3859252,3600.000000,0,0,0,GUROBI,1,0,0,0,0,0,0,0,0,0,0
2,0,None,64,207752383.866885,207752383.866885,207752383.866885,214697918.913429,222499119.946405,222521335.200000,0.000002,4.667263,321.616422,351.219180,28420,2380386,3600.000000,0,0,0,GUROBI,1,0,0,0,0,0,0,0,0,0,0
3,0,None,64,202183575.947074,202183575.947074,202183575.947074,206737937.119947,215097314.355318,215118240.000000,0.000003,3.471252,299.730424,299.730721,24660,2130415,3600.000000,0,0,0,GUROBI,1,0,0,0,0,0,0,0,0,0,0
