instanceIndex,seedIndex,vpcGenerator,terms,lpBound,disjunctiveDualBound,lpBoundPostVpc,rootDualBound,dualBound,primalBound,vpcGenerationTime,rootDualBoundTime,bestSolutionTime,terminationTime,nodes,iterations,maxTime,actualTerms,numCuts,cutLimit,mipSolver,providePrimalBound,infeasibleTerms,feasibleToInfeasibleTerms,infeasibleToFeasibleTerms,termRemainsFeasibleBasisInfeasible,cutsChangedCoefficients,feasibleTermsPrunedByBound,tighten_disjunction,tighten_matrix_perturbation,tighten_infeasible_to_feasible_term,tighten_feasible_to_infeasible_basis
0,0,None,64,7383.275519,7383.275519,7383.275519,39018.692911,45591.682024,45592.000000,0.000031,1.215043,1.646359,3.751241,552,11928,3600.000000,0,0,0,GUROBI,1,0,0,0,0,0,0,0,0,0,0
1,0,None,64,10583.806317,10583.806317,10583.806317,39576.766575,43273.197505,43277.500000,0.000001,1.611837,409.989207,774.878655,150765,4043150,3600.000000,0,0,0,GUROBI,1,0,0,0,0,0,0,0,0,0,0
2,0,None,64,10082.129450,10082.129450,10082.129450,38657.780961,43099.284330,43458.583333,0.000002,1.537020,403.778112,3600.002328,986363,16967271,3600.000000,0,0,0,GUROBI,1,0,0,0,0,0,0,0,0,0,0
3,0,None,64,11044.326572,11044.326572,11044.326572,38544.318527,43642.871671,43863.666667,0.000002,1.333199,3600.001532,3600.001750,662031,17655219,3600.000000,0,0,0,GUROBI,1,0,0,0,0,0,0,0,0,0,0
