instanceIndex,seedIndex,vpcGenerator,terms,lpBound,disjunctiveDualBound,lpBoundPostVpc,rootDualBound,dualBound,primalBound,vpcGenerationTime,rootDualBoundTime,bestSolutionTime,terminationTime,nodes,iterations,maxTime,actualTerms,numCuts,cutLimit,mipSolver,providePrimalBound,infeasibleTerms,feasibleToInfeasibleTerms,infeasibleToFeasibleTerms,termRemainsFeasibleBasisInfeasible,cutsChangedCoefficients,feasibleTermsPrunedByBound,tighten_disjunction,tighten_matrix_perturbation,tighten_infeasible_to_feasible_term,tighten_feasible_to_infeasible_basis
0,0,New,64,7383.275519,8463.286008,7859.505346,38044.748563,45591.908260,45592.000000,4.313665,5.019655,5.266449,6.315277,557,12339,3600.000000,64,6,270,GUROBI,1,0,0,0,0,0,0,0,0,0,0
1,0,New,64,7456.965999,61770.417381,7742.054036,71859.197679,72462.294739,72469.000000,2.271649,2.570108,2.776726,2.782308,328,2108,3600.000000,146,2,279,GUROBI,1,144,0,0,0,0,0,0,0,0,0
2,0,New,64,7560.806693,57306.661253,7800.440840,66845.642234,67321.862375,67328.000000,2.232433,2.403781,2.432148,2.452503,83,1173,3600.000000,135,2,274,GUROBI,1,133,0,0,0,0,0,0,0,0,0
3,0,New,64,7515.822610,58493.669250,7698.653431,69110.252099,69440.000000,69440.000000,1.971086,2.211805,2.250877,2.253674,76,1084,3600.000000,138,1,279,GUROBI,1,136,0,0,0,0,0,0,0,0,0
