instanceIndex,seedIndex,vpcGenerator,terms,lpBound,disjunctiveDualBound,lpBoundPostVpc,rootDualBound,dualBound,primalBound,vpcGenerationTime,rootDualBoundTime,bestSolutionTime,terminationTime,nodes,iterations,maxTime,actualTerms,numCuts,cutLimit,mipSolver,providePrimalBound,infeasibleTerms,feasibleToInfeasibleTerms,infeasibleToFeasibleTerms,termRemainsFeasibleBasisInfeasible,cutsChangedCoefficients,feasibleTermsPrunedByBound,tighten_disjunction,tighten_matrix_perturbation,tighten_infeasible_to_feasible_term,tighten_feasible_to_infeasible_basis
0,0,New,64,7383.275519,8463.286008,7859.505346,38740.218698,45592.000000,45592.000000,4.438579,5.125162,6.522230,6.522837,552,12543,3600.000000,64,6,270,GUROBI,1,0,0,0,0,0,0,0,0,0,0
1,0,All,64,7456.965999,8595.793608,7911.512239,72045.116210,72468.951859,72469.000000,0.266101,0.566538,0.714125,0.722946,249,1897,3600.000000,64,6,0,GUROBI,1,52,52,0,12,0,0,1,1,1,1
2,0,All,64,7560.806693,8950.171975,8426.185658,66847.379319,67325.933004,67328.000000,0.248798,0.448526,0.482950,0.504441,86,1134,3600.000000,64,6,0,GUROBI,1,62,62,0,2,0,0,1,1,1,1
3,0,All,64,7515.822610,8919.834223,7992.310755,69110.252099,69440.000000,69440.000000,0.208741,0.451087,0.495382,0.498623,76,1083,3600.000000,64,6,0,GUROBI,1,62,62,0,2,0,0,1,1,1,1
