instanceIndex,seedIndex,vpcGenerator,terms,lpBound,disjunctiveDualBound,lpBoundPostVpc,rootDualBound,dualBound,primalBound,vpcGenerationTime,rootDualBoundTime,bestSolutionTime,terminationTime,nodes,iterations,maxTime,actualTerms,numCuts,cutLimit,mipSolver,providePrimalBound,infeasibleTerms,feasibleToInfeasibleTerms,infeasibleToFeasibleTerms,termRemainsFeasibleBasisInfeasible,cutsChangedCoefficients,feasibleTermsPrunedByBound,tighten_disjunction,tighten_matrix_perturbation,tighten_infeasible_to_feasible_term,tighten_feasible_to_infeasible_basis
0,0,New,64,28694.000000,107128.666667,51563.000000,464919.503265,764697.038474,764772.000000,2.405146,2.806859,217.017991,217.092904,47476,1793833,3600.000000,64,2,128,GUROBI,1,14,0,0,0,0,0,0,0,0,0
1,0,Farkas,64,33052.000000,103479.000000,33052.000000,457956.780723,779824.635452,779891.333333,0.112562,0.448948,337.112178,344.941170,63634,2833091,3600.000000,64,2,0,GUROBI,1,10,0,4,50,0,0,0,0,0,0
2,0,Farkas,64,32782.000000,103712.000000,32782.000000,460357.483469,782852.697187,782921.000000,0.118455,0.429851,202.766048,202.766304,39625,1677482,3600.000000,64,2,0,GUROBI,1,10,0,4,50,0,0,0,0,0,0
3,0,Farkas,64,33628.000000,103629.000000,33628.000000,463637.434232,772587.903209,772661.666667,0.110990,0.495196,157.054240,160.465711,39664,1438934,3600.000000,64,2,0,GUROBI,1,12,0,2,50,0,0,0,0,0,0
