instanceIndex,seedIndex,vpcGenerator,terms,lpBound,disjunctiveDualBound,lpBoundPostVpc,rootDualBound,dualBound,primalBound,vpcGenerationTime,rootDualBoundTime,bestSolutionTime,terminationTime,nodes,iterations,maxTime,actualTerms,numCuts,cutLimit,mipSolver,providePrimalBound,infeasibleTerms,feasibleToInfeasibleTerms,infeasibleToFeasibleTerms,termRemainsFeasibleBasisInfeasible,cutsChangedCoefficients,feasibleTermsPrunedByBound,tighten_disjunction,tighten_matrix_perturbation,tighten_infeasible_to_feasible_term,tighten_feasible_to_infeasible_basis
0,0,None,4,618783.684884,618783.684884,618783.684884,639069.030118,764699.189283,764772.000000,0.000001,1.165885,175.849240,175.892197,35402,1411835,3600.000000,0,0,0,GUROBI,1,0,0,0,0,0,0,0,0,0,0
1,0,None,4,615798.216596,615798.216596,615798.216596,632269.732881,763358.994658,763408.000000,0.000002,0.843469,160.129175,160.131436,23645,1120102,3600.000000,0,0,0,GUROBI,1,0,0,0,0,0,0,0,0,0,0
2,0,None,4,617381.141846,617381.141846,617381.141846,635175.121485,767240.302723,767243.000000,0.000001,0.465846,146.161540,146.166537,21936,1001304,3600.000000,0,0,0,GUROBI,1,0,0,0,0,0,0,0,0,0,0
3,0,None,4,612228.584645,612228.584645,612228.584645,631465.008303,768290.179505,768344.000000,0.000002,0.591532,155.620315,157.829549,22727,1102598,3600.000000,0,0,0,GUROBI,1,0,0,0,0,0,0,0,0,0,0
