instanceIndex,seedIndex,vpcGenerator,terms,lpBound,disjunctiveDualBound,lpBoundPostVpc,rootDualBound,dualBound,primalBound,vpcGenerationTime,rootDualBoundTime,bestSolutionTime,terminationTime,nodes,iterations,maxTime,actualTerms,numCuts,cutLimit,mipSolver,providePrimalBound,infeasibleTerms,feasibleToInfeasibleTerms,infeasibleToFeasibleTerms,termRemainsFeasibleBasisInfeasible,cutsChangedCoefficients,feasibleTermsPrunedByBound,tighten_disjunction,tighten_matrix_perturbation,tighten_infeasible_to_feasible_term,tighten_feasible_to_infeasible_basis
0,0,New,4,28694.000000,54345.666667,48194.000000,513254.824099,764705.836401,764772.000000,1.040590,1.533754,201.138176,201.138417,42378,1690422,3600.000000,4,2,128,GUROBI,1,0,0,0,0,0,0,0,0,0,0
1,0,All,4,25130.133333,50150.766667,44540.633333,495247.356391,765993.347396,766069.000000,0.008405,0.330576,257.955363,257.955534,49791,2102532,3600.000000,4,2,0,GUROBI,1,0,0,0,0,0,0,1,1,1,1
2,0,All,4,25267.833333,50369.183333,44706.833333,468925.060115,766031.164925,766105.000000,0.011615,0.319947,231.896216,231.896436,39738,1887175,3600.000000,4,2,0,GUROBI,1,0,0,0,0,0,0,1,1,1,1
3,0,All,4,23856.316667,48966.483333,43146.816667,456234.753892,763225.855478,763261.000000,0.012479,0.269564,219.125246,219.125410,35911,1732865,3600.000000,4,2,0,GUROBI,1,0,0,0,0,0,0,1,1,1,1
