instanceIndex,seedIndex,vpcGenerator,terms,lpBound,disjunctiveDualBound,lpBoundPostVpc,rootDualBound,dualBound,primalBound,vpcGenerationTime,rootDualBoundTime,bestSolutionTime,terminationTime,nodes,iterations,maxTime,actualTerms,numCuts,cutLimit,mipSolver,providePrimalBound,infeasibleTerms,feasibleToInfeasibleTerms,infeasibleToFeasibleTerms,termRemainsFeasibleBasisInfeasible,cutsChangedCoefficients,feasibleTermsPrunedByBound,tighten_disjunction,tighten_matrix_perturbation,tighten_infeasible_to_feasible_term,tighten_feasible_to_infeasible_basis
0,0,New,64,28694.000000,107128.666667,51563.000000,432964.045721,764702.752505,764772.000000,2.077278,2.465142,179.297249,179.297522,43380,1488155,3600.000000,64,2,128,GUROBI,1,14,0,0,0,0,0,0,0,0,0
1,0,Farkas,64,42306.000000,118385.000000,61221.000000,501444.411886,761071.238095,761143.666667,0.127449,0.514215,98.388642,99.031058,24066,890656,3600.000000,64,2,0,GUROBI,1,14,0,0,50,0,0,0,0,0,0
2,0,Farkas,64,53526.000000,112447.333333,53526.000000,485109.690659,813422.000000,813422.000000,0.131168,0.504450,104.843174,104.845551,24970,922403,3600.000000,64,2,0,GUROBI,1,12,0,2,50,0,0,0,0,0,0
3,0,Farkas,64,32521.000000,110382.666667,53433.000000,451974.308604,752214.000000,752280.000000,0.121058,0.517801,141.545043,143.148531,33599,1240683,3600.000000,64,2,0,GUROBI,1,14,0,0,50,0,0,0,0,0,0
