instanceIndex,seedIndex,vpcGenerator,terms,lpBound,disjunctiveDualBound,lpBoundPostVpc,rootDualBound,dualBound,primalBound,vpcGenerationTime,rootDualBoundTime,bestSolutionTime,terminationTime,nodes,iterations,maxTime,actualTerms,numCuts,cutLimit,mipSolver,providePrimalBound,infeasibleTerms,feasibleToInfeasibleTerms,infeasibleToFeasibleTerms,termRemainsFeasibleBasisInfeasible,cutsChangedCoefficients,feasibleTermsPrunedByBound,tighten_disjunction,tighten_matrix_perturbation,tighten_infeasible_to_feasible_term,tighten_feasible_to_infeasible_basis
0,0,New,4,618783.684884,623532.408286,621265.846618,631896.822559,764744.270545,764772.000000,1.663546,2.474217,240.789939,240.899442,24109,1002043,3600.000000,4,55,122,GUROBI,1,0,0,0,0,0,0,0,0,0,0
1,0,All,4,615798.216596,620675.869482,618383.531285,634270.008765,763349.657540,763408.000000,0.036523,1.073652,474.465665,474.465854,43105,2040389,3600.000000,4,55,0,GUROBI,1,0,0,0,0,0,0,1,1,1,1
2,0,All,4,617381.141846,622260.093980,620151.206745,633976.438023,767202.645620,767242.999584,0.034928,1.121653,275.201404,275.280079,22461,1012907,3600.000000,4,55,0,GUROBI,1,0,0,0,0,0,0,1,1,1,1
3,0,All,4,612228.584645,617498.411417,614800.870402,633820.450703,768294.587573,768344.000000,0.040078,0.641263,291.611400,406.590309,34273,1581479,3600.000000,4,55,0,GUROBI,1,0,0,0,0,0,0,1,1,1,1
