instanceIndex,seedIndex,vpcGenerator,terms,lpBound,disjunctiveDualBound,lpBoundPostVpc,rootDualBound,dualBound,primalBound,vpcGenerationTime,rootDualBoundTime,bestSolutionTime,terminationTime,nodes,iterations,maxTime,actualTerms,numCuts,cutLimit,mipSolver,providePrimalBound,infeasibleTerms,feasibleToInfeasibleTerms,infeasibleToFeasibleTerms,termRemainsFeasibleBasisInfeasible,cutsChangedCoefficients,feasibleTermsPrunedByBound,tighten_disjunction,tighten_matrix_perturbation,tighten_infeasible_to_feasible_term,tighten_feasible_to_infeasible_basis
0,0,New,64,618783.684884,631059.110580,627123.706029,633225.895728,764750.664001,764772.000000,77.854229,78.387424,228.118356,228.194862,31005,1254858,3600.000000,64,122,122,GUROBI,1,9,0,0,0,0,0,0,0,0,0
1,0,All,64,618118.963816,630404.838516,626531.836773,633157.156206,764577.659211,764605.000000,0.715246,1.223709,123.413452,123.422583,28149,1118588,3600.000000,64,122,0,GUROBI,1,9,0,0,0,0,0,1,1,1,1
2,0,All,64,617966.319492,630143.582104,626426.012717,634132.920000,764815.279189,764888.000000,0.716224,1.313190,143.688906,143.709292,26290,1245985,3600.000000,64,122,0,GUROBI,1,9,0,0,0,0,0,1,1,1,1
3,0,All,64,618044.670576,630356.858930,626432.416902,629737.914620,764602.151148,764674.000000,0.710797,1.110648,171.202557,172.234640,33072,1434820,3600.000000,64,122,0,GUROBI,1,9,0,0,0,0,0,1,1,1,1
