instanceIndex,seedIndex,vpcGenerator,terms,lpBound,disjunctiveDualBound,lpBoundPostVpc,rootDualBound,dualBound,primalBound,vpcGenerationTime,rootDualBoundTime,bestSolutionTime,terminationTime,nodes,iterations,maxTime,actualTerms,numCuts,cutLimit,mipSolver,providePrimalBound,infeasibleTerms,feasibleToInfeasibleTerms,infeasibleToFeasibleTerms,termRemainsFeasibleBasisInfeasible,cutsChangedCoefficients,feasibleTermsPrunedByBound,tighten_disjunction,tighten_matrix_perturbation,tighten_infeasible_to_feasible_term,tighten_feasible_to_infeasible_basis
0,0,None,64,618783.684884,618783.684884,618783.684884,632792.456879,764706.858789,764772.000000,0.000003,0.229278,107.546053,107.546234,41127,1800860,3600.000000,0,0,0,GUROBI,1,0,0,0,0,0,0,0,0,0,0
1,0,None,64,618118.963816,618118.963816,618118.963816,633350.992770,764540.865633,764605.000000,0.000003,0.253954,72.621687,72.621801,31156,1263881,3600.000000,0,0,0,GUROBI,1,0,0,0,0,0,0,0,0,0,0
2,0,None,64,617966.319492,617966.319492,617966.319492,632969.697770,764823.521038,764888.000000,0.000002,0.332383,95.590962,96.604765,31941,1439519,3600.000000,0,0,0,GUROBI,1,0,0,0,0,0,0,0,0,0,0
3,0,None,64,618044.670576,618044.670576,618044.670576,631352.906868,764608.089671,764674.000000,0.000002,0.289730,110.889270,118.714935,37426,1733459,3600.000000,0,0,0,GUROBI,1,0,0,0,0,0,0,0,0,0,0
