instanceIndex,seedIndex,vpcGenerator,terms,lpBound,disjunctiveDualBound,lpBoundPostVpc,rootDualBound,dualBound,primalBound,vpcGenerationTime,rootDualBoundTime,bestSolutionTime,terminationTime,nodes,iterations,maxTime,actualTerms,numCuts,cutLimit,mipSolver,providePrimalBound,infeasibleTerms,feasibleToInfeasibleTerms,infeasibleToFeasibleTerms,termRemainsFeasibleBasisInfeasible,cutsChangedCoefficients,feasibleTermsPrunedByBound,tighten_disjunction,tighten_matrix_perturbation,tighten_infeasible_to_feasible_term,tighten_feasible_to_infeasible_basis
0,0,None,4,28694.000000,28694.000000,28694.000000,468819.306391,764730.372865,764772.000000,0.000017,0.379647,227.951802,228.053815,44286,1873069,3600.000000,0,0,0,GUROBI,1,0,0,0,0,0,0,0,0,0,0
1,0,None,4,42306.000000,42306.000000,42306.000000,493489.017916,761090.870748,761143.666667,0.000003,0.342430,100.898053,101.417824,18270,729585,3600.000000,0,0,0,GUROBI,1,0,0,0,0,0,0,0,0,0,0
2,0,None,4,53526.000000,53526.000000,53526.000000,475438.430008,813378.620212,813422.000000,0.000002,0.292114,63.188901,64.690796,20741,651504,3600.000000,0,0,0,GUROBI,1,0,0,0,0,0,0,0,0,0,0
3,0,None,4,32521.000000,32521.000000,32521.000000,414977.528073,752207.003457,752280.000000,0.000001,0.370290,157.632400,159.023321,33933,1163071,3600.000000,0,0,0,GUROBI,1,0,0,0,0,0,0,0,0,0,0
