instanceIndex,seedIndex,vpcGenerator,terms,lpBound,disjunctiveDualBound,lpBoundPostVpc,rootDualBound,dualBound,primalBound,vpcGenerationTime,rootDualBoundTime,bestSolutionTime,terminationTime,nodes,iterations,maxTime,actualTerms,numCuts,cutLimit,mipSolver,providePrimalBound,infeasibleTerms,feasibleToInfeasibleTerms,infeasibleToFeasibleTerms,termRemainsFeasibleBasisInfeasible,cutsChangedCoefficients,feasibleTermsPrunedByBound,tighten_disjunction,tighten_matrix_perturbation,tighten_infeasible_to_feasible_term,tighten_feasible_to_infeasible_basis
0,0,New,64,36.000000,52.000000,51.750000,558.728128,610.000000,610.000000,181.076832,186.297250,1707.968386,2355.523048,13206,6360493,3600.000000,64,217,542,GUROBI,1,18,0,0,0,0,0,0,0,0,0
1,0,Farkas,64,36.000000,52.000000,51.750000,560.333333,610.500000,610.500000,2.965425,8.315145,1452.377466,2062.001383,13164,6773401,3600.000000,64,217,0,GUROBI,1,18,0,0,0,0,0,0,0,0,0
2,0,Farkas,64,36.000000,52.000000,51.750000,558.934682,610.500000,610.500000,2.995034,7.339182,690.458045,1652.490896,9940,4858319,3600.000000,64,217,0,GUROBI,1,18,0,0,0,0,0,0,0,0,0
3,0,Farkas,64,36.000000,52.000000,51.750000,558.369841,607.000000,610.000000,2.913074,7.342900,722.127131,3602.915804,19484,9766085,3600.000000,64,217,0,GUROBI,1,18,0,0,0,0,0,0,0,0,0
