instanceIndex,seedIndex,vpcGenerator,terms,lpBound,disjunctiveDualBound,lpBoundPostVpc,rootDualBound,dualBound,primalBound,vpcGenerationTime,rootDualBoundTime,bestSolutionTime,terminationTime,nodes,iterations,maxTime,actualTerms,numCuts,cutLimit,mipSolver,providePrimalBound,infeasibleTerms,feasibleToInfeasibleTerms,infeasibleToFeasibleTerms,termRemainsFeasibleBasisInfeasible,cutsChangedCoefficients,feasibleTermsPrunedByBound,tighten_disjunction,tighten_matrix_perturbation,tighten_infeasible_to_feasible_term,tighten_feasible_to_infeasible_basis
0,0,New,4,25302.209524,25611.359565,25498.481331,129090.879060,130582.941068,130596.000000,0.826890,1.566865,126.807200,400.337884,119904,1630182,3600.000000,4,2,321,GUROBI,1,0,0,0,0,0,0,0,0,0,0
1,0,Farkas,4,25444.739037,25744.390970,25628.619248,152499.605628,154299.764690,154315.000000,0.022117,0.271704,5.220045,5.220261,3124,20155,3600.000000,4,2,0,GUROBI,1,2,2,0,2,0,0,0,0,0,0
2,0,Farkas,4,25437.953817,25744.682143,25629.396804,151385.116309,153087.697724,153102.999982,0.026839,0.318436,5.513827,5.708040,2693,19549,3600.000000,4,2,0,GUROBI,1,0,0,0,4,0,0,0,0,0,0
3,0,Farkas,4,25611.506721,25927.282544,25799.429275,153206.166618,155003.772394,155019.000000,0.022418,0.261688,1.617553,1.617779,645,3955,3600.000000,4,2,0,GUROBI,1,2,2,0,2,0,0,0,0,0,0
