instanceIndex,seedIndex,vpcGenerator,terms,lpBound,disjunctiveDualBound,lpBoundPostVpc,rootDualBound,dualBound,primalBound,vpcGenerationTime,rootDualBoundTime,bestSolutionTime,terminationTime,nodes,iterations,maxTime,actualTerms,numCuts,cutLimit,mipSolver,providePrimalBound,infeasibleTerms,feasibleToInfeasibleTerms,infeasibleToFeasibleTerms,termRemainsFeasibleBasisInfeasible,cutsChangedCoefficients,feasibleTermsPrunedByBound,tighten_disjunction,tighten_matrix_perturbation,tighten_infeasible_to_feasible_term,tighten_feasible_to_infeasible_basis
0,0,New,64,25302.209524,27137.949884,25805.491566,129123.668982,130582.941929,130596.000000,3.565992,3.916655,102.506994,190.249618,106025,1449982,3600.000000,64,2,321,GUROBI,1,0,0,0,0,0,0,0,0,0,0
1,0,Farkas,64,-50530.565069,-50357.137276,-50530.565069,13641.303820,15459.911538,15460.000000,0.405456,0.615778,6.500998,6.501136,2331,37372,3600.000000,64,2,0,GUROBI,1,0,0,0,0,0,0,0,0,0,0
2,0,Farkas,64,-126391.116400,-126185.696428,-126387.335904,-72040.246277,-69705.773543,-69699.000000,0.460455,0.770154,21.074196,21.074360,8921,162589,3600.000000,64,2,0,GUROBI,1,0,0,0,0,0,0,0,0,0,0
3,0,Farkas,64,-48742.067808,-47511.078634,-47915.174920,17890.242502,19779.027615,19780.999996,0.376579,0.775850,36.845594,36.845757,12009,323496,3600.000000,64,2,0,GUROBI,1,0,0,0,0,0,0,0,0,0,0
