instanceIndex,seedIndex,vpcGenerator,terms,lpBound,disjunctiveDualBound,lpBoundPostVpc,rootDualBound,dualBound,primalBound,vpcGenerationTime,rootDualBoundTime,bestSolutionTime,terminationTime,nodes,iterations,maxTime,actualTerms,numCuts,cutLimit,mipSolver,providePrimalBound,infeasibleTerms,feasibleToInfeasibleTerms,infeasibleToFeasibleTerms,termRemainsFeasibleBasisInfeasible,cutsChangedCoefficients,feasibleTermsPrunedByBound,tighten_disjunction,tighten_matrix_perturbation,tighten_infeasible_to_feasible_term,tighten_feasible_to_infeasible_basis
0,0,New,4,25302.209524,25611.359565,25498.481331,129000.775537,130582.961291,130596.000000,0.975928,1.728757,229.307856,319.546276,80447,1239426,3600.000000,4,2,321,GUROBI,1,0,0,0,0,0,0,0,0,0,0
1,0,New,4,25291.763388,65563.179047,25859.320130,136829.292936,139807.025456,139821.000000,1.817782,2.198597,59.210464,59.210856,30152,233340,3600.000000,78,1,329,GUROBI,1,76,0,0,0,0,0,0,0,0,0
2,0,New,4,25341.105138,95763.771018,25940.704604,147533.082640,151052.905577,151068.000000,3.374764,3.683664,20.460409,20.460676,9187,81564,3600.000000,133,1,337,GUROBI,1,131,0,0,0,0,0,0,0,0,0
3,0,New,4,25304.444021,78454.118578,25904.043487,140145.590281,142297.790399,142312.000000,2.410557,2.717420,14.254639,14.254921,6566,43008,3600.000000,100,1,331,GUROBI,1,98,0,0,0,0,0,0,0,0,0
