instanceIndex,seedIndex,vpcGenerator,terms,lpBound,disjunctiveDualBound,lpBoundPostVpc,rootDualBound,dualBound,primalBound,vpcGenerationTime,rootDualBoundTime,bestSolutionTime,terminationTime,nodes,iterations,maxTime,actualTerms,numCuts,cutLimit,mipSolver,providePrimalBound,infeasibleTerms,feasibleToInfeasibleTerms,infeasibleToFeasibleTerms,termRemainsFeasibleBasisInfeasible,cutsChangedCoefficients,feasibleTermsPrunedByBound,tighten_disjunction,tighten_matrix_perturbation,tighten_infeasible_to_feasible_term,tighten_feasible_to_infeasible_basis
0,0,New,4,25302.209524,25611.359565,25498.481331,129119.530541,130582.942941,130596.000000,1.446801,2.183938,266.796079,370.312010,107253,1496571,3600.000000,4,2,321,GUROBI,1,0,0,0,0,0,0,0,0,0,0
1,0,All,4,25444.739037,25744.390970,25628.619248,152472.902788,154299.575138,154315.000000,0.021832,0.280787,4.067710,4.067943,2323,13811,3600.000000,4,2,0,GUROBI,1,2,2,0,2,0,0,1,1,1,1
2,0,All,4,25437.953817,25744.682143,25629.396804,151453.257356,153087.948734,153103.000000,0.022316,0.335225,4.306457,4.306658,1701,13431,3600.000000,4,2,0,GUROBI,1,0,0,0,4,0,0,1,1,1,1
3,0,All,4,25611.506721,25927.282544,25799.429275,153212.934150,155008.123869,155019.000000,0.024725,0.264112,1.821154,1.821389,556,3981,3600.000000,4,2,0,GUROBI,1,2,2,0,2,0,0,1,1,1,1
