instanceIndex,seedIndex,vpcGenerator,terms,lpBound,disjunctiveDualBound,lpBoundPostVpc,rootDualBound,dualBound,primalBound,vpcGenerationTime,rootDualBoundTime,bestSolutionTime,terminationTime,nodes,iterations,maxTime,actualTerms,numCuts,cutLimit,mipSolver,providePrimalBound,infeasibleTerms,feasibleToInfeasibleTerms,infeasibleToFeasibleTerms,termRemainsFeasibleBasisInfeasible,cutsChangedCoefficients,feasibleTermsPrunedByBound,tighten_disjunction,tighten_matrix_perturbation,tighten_infeasible_to_feasible_term,tighten_feasible_to_infeasible_basis
0,0,None,64,25302.209524,25302.209524,25302.209524,129883.378909,130582.941399,130596.000000,0.000010,0.506576,199.748763,204.938518,112157,1594318,3600.000000,0,0,0,GUROBI,1,0,0,0,0,0,0,0,0,0,0
1,0,None,64,-50530.565069,-50530.565069,-50530.565069,13618.475246,15458.813039,15460.000000,0.000002,0.250556,5.827777,5.827920,2614,36837,3600.000000,0,0,0,GUROBI,1,0,0,0,0,0,0,0,0,0,0
2,0,None,64,-126391.116400,-126391.116400,-126391.116400,-72118.812255,-69705.471055,-69699.000000,0.000003,0.312108,8.219920,19.647827,9794,163778,3600.000000,0,0,0,GUROBI,1,0,0,0,0,0,0,0,0,0,0
3,0,None,64,-48742.067808,-48742.067808,-48742.067808,17562.806414,19779.040312,19780.999996,0.000003,0.392832,56.394360,58.415827,20223,498262,3600.000000,0,0,0,GUROBI,1,0,0,0,0,0,0,0,0,0,0
