instanceIndex,seedIndex,vpcGenerator,terms,lpBound,disjunctiveDualBound,lpBoundPostVpc,rootDualBound,dualBound,primalBound,vpcGenerationTime,rootDualBoundTime,bestSolutionTime,terminationTime,nodes,iterations,maxTime,actualTerms,numCuts,cutLimit,mipSolver,providePrimalBound,infeasibleTerms,feasibleToInfeasibleTerms,infeasibleToFeasibleTerms,termRemainsFeasibleBasisInfeasible,cutsChangedCoefficients,feasibleTermsPrunedByBound,tighten_disjunction,tighten_matrix_perturbation,tighten_infeasible_to_feasible_term,tighten_feasible_to_infeasible_basis
0,0,None,4,242.000000,242.000000,242.000000,276.397842,306.000000,314.000000,0.000003,4.696077,1228.225522,3600.004914,80147,16431817,3600.000000,0,0,0,GUROBI,1,0,0,0,0,0,0,0,0,0,0
1,0,None,4,238.632353,238.632353,238.632353,283.182173,317.000000,317.000000,0.000003,3.223159,1626.824208,2009.647193,54948,9627180,3600.000000,0,0,0,GUROBI,1,0,0,0,0,0,0,0,0,0,0
2,0,None,4,241.763782,241.763782,241.763782,284.798452,314.000000,314.000000,0.000003,2.877049,821.520724,833.644657,23804,3559280,3600.000000,0,0,0,GUROBI,1,0,0,0,0,0,0,0,0,0,0
3,0,None,4,239.786667,239.786667,239.786667,288.117302,318.000000,318.000000,0.000003,2.903874,575.057750,1087.552412,25465,3880036,3600.000000,0,0,0,GUROBI,1,0,0,0,0,0,0,0,0,0,0
