instanceIndex,seedIndex,vpcGenerator,terms,lpBound,disjunctiveDualBound,lpBoundPostVpc,rootDualBound,dualBound,primalBound,vpcGenerationTime,rootDualBoundTime,bestSolutionTime,terminationTime,nodes,iterations,maxTime,actualTerms,numCuts,cutLimit,mipSolver,providePrimalBound,infeasibleTerms,feasibleToInfeasibleTerms,infeasibleToFeasibleTerms,termRemainsFeasibleBasisInfeasible,cutsChangedCoefficients,feasibleTermsPrunedByBound,tighten_disjunction,tighten_matrix_perturbation,tighten_infeasible_to_feasible_term,tighten_feasible_to_infeasible_basis
0,0,New,64,242.000000,244.000000,243.322510,276.679389,307.000000,314.000000,572.946040,576.941658,3477.342429,4172.950440,94836,16204038,3600.000000,64,5,748,GUROBI,1,30,0,0,0,0,0,0,0,0,0
1,0,All,64,242.000000,244.000000,243.322510,277.338767,306.000000,314.000000,2.988803,7.427810,2589.048127,3602.999241,71714,15642175,3600.000000,64,5,0,GUROBI,1,30,0,0,4,0,0,1,1,1,1
2,0,All,64,242.000000,244.000000,243.322510,277.338767,306.000000,314.000000,2.336718,6.768699,2586.564959,3602.341342,71840,15666075,3600.000000,64,5,0,GUROBI,1,30,0,0,0,0,0,1,1,1,1
3,0,All,64,242.000000,244.000000,243.322510,277.338767,306.000000,314.000000,3.144237,7.573573,2584.689653,3603.148570,71866,15673041,3600.000000,64,5,0,GUROBI,1,30,0,0,5,0,0,1,1,1,1
