instanceIndex,seedIndex,vpcGenerator,terms,lpBound,disjunctiveDualBound,lpBoundPostVpc,rootDualBound,dualBound,primalBound,vpcGenerationTime,rootDualBoundTime,bestSolutionTime,terminationTime,nodes,iterations,maxTime,actualTerms,numCuts,cutLimit,mipSolver,providePrimalBound,infeasibleTerms,feasibleToInfeasibleTerms,infeasibleToFeasibleTerms,termRemainsFeasibleBasisInfeasible,cutsChangedCoefficients,feasibleTermsPrunedByBound,tighten_disjunction,tighten_matrix_perturbation,tighten_infeasible_to_feasible_term,tighten_feasible_to_infeasible_basis
0,0,New,4,242.000000,242.666667,242.666667,277.370977,307.000000,314.000000,81.665762,86.089123,1577.457132,3681.669888,92502,16462220,3600.000000,4,4,748,GUROBI,1,0,0,0,0,0,0,0,0,0,0
1,0,New,4,235.322463,238.155647,236.322463,274.006752,305.000000,312.000000,2.616847,5.998873,2215.096813,3602.621049,81058,15339425,3600.000000,4,1,757,GUROBI,1,0,0,0,0,0,0,0,0,0,0
2,0,New,4,241.054852,243.747077,242.054852,280.038666,313.000000,317.000000,28.883962,32.767932,1196.109264,3628.888250,90284,16086466,3600.000000,4,1,735,GUROBI,1,0,0,0,0,0,0,0,0,0,0
3,0,New,4,234.941162,237.401405,235.229967,271.758333,303.000000,308.000000,35.815369,39.374595,2670.396454,3635.819634,81131,15829601,3600.000000,4,2,758,GUROBI,1,0,0,0,0,0,0,0,0,0,0
