instanceIndex,seedIndex,vpcGenerator,terms,lpBound,disjunctiveDualBound,lpBoundPostVpc,rootDualBound,dualBound,primalBound,vpcGenerationTime,rootDualBoundTime,bestSolutionTime,terminationTime,nodes,iterations,maxTime,actualTerms,numCuts,cutLimit,mipSolver,providePrimalBound,infeasibleTerms,feasibleToInfeasibleTerms,infeasibleToFeasibleTerms,termRemainsFeasibleBasisInfeasible,cutsChangedCoefficients,feasibleTermsPrunedByBound,tighten_disjunction,tighten_matrix_perturbation,tighten_infeasible_to_feasible_term,tighten_feasible_to_infeasible_basis
0,0,New,4,242.000000,242.666667,242.666667,277.556256,305.000000,314.000000,138.880851,143.182890,2509.109271,3738.884997,71064,12306378,3600.000000,4,4,748,GUROBI,1,0,0,0,0,0,0,0,0,0,0
1,0,New,4,242.500000,245.534014,243.032136,278.415467,307.000000,314.000000,624.995346,628.880859,1863.272010,4224.999607,82855,12395361,3600.000000,4,18,782,GUROBI,1,1,0,0,0,0,0,0,0,0,0
2,0,New,4,242.000000,242.666667,242.666667,277.556256,305.000000,314.000000,125.584589,129.873812,2516.196150,3725.588887,70583,12238243,3600.000000,4,4,748,GUROBI,1,0,0,0,0,0,0,0,0,0,0
3,0,New,4,242.000000,242.666667,242.666667,276.524644,307.000000,314.000000,93.479756,97.799719,3492.404812,3693.485446,94072,17898481,3600.000000,4,3,748,GUROBI,1,0,0,0,0,0,0,0,0,0,0
