instanceIndex,seedIndex,vpcGenerator,terms,lpBound,disjunctiveDualBound,lpBoundPostVpc,rootDualBound,dualBound,primalBound,vpcGenerationTime,rootDualBoundTime,bestSolutionTime,terminationTime,nodes,iterations,maxTime,actualTerms,numCuts,cutLimit,mipSolver,providePrimalBound,infeasibleTerms,feasibleToInfeasibleTerms,infeasibleToFeasibleTerms,termRemainsFeasibleBasisInfeasible,cutsChangedCoefficients,feasibleTermsPrunedByBound,tighten_disjunction,tighten_matrix_perturbation,tighten_infeasible_to_feasible_term,tighten_feasible_to_infeasible_basis
0,0,New,64,242.000000,244.000000,243.356257,275.886401,306.000000,314.000000,649.558666,653.527821,953.964639,4249.575730,71192,10543899,3600.000000,64,6,748,GUROBI,1,30,0,0,0,0,0,0,0,0,0
1,0,Farkas,64,242.000000,244.000000,243.356257,275.886401,306.000000,314.000000,2.638118,7.158283,312.519164,3602.644222,82188,12091698,3600.000000,64,6,0,GUROBI,1,30,0,0,4,0,0,0,0,0,0
2,0,Farkas,64,242.000000,244.000000,243.356257,275.886401,306.000000,314.000000,2.337394,6.339604,309.743352,3602.341844,82009,12064200,3600.000000,64,6,0,GUROBI,1,30,0,0,0,0,0,0,0,0,0
3,0,Farkas,64,242.000000,244.000000,243.356257,275.886401,306.000000,314.000000,2.484427,6.516038,308.734884,3602.488863,82281,12108953,3600.000000,64,6,0,GUROBI,1,30,0,0,5,0,0,0,0,0,0
