instanceIndex,seedIndex,vpcGenerator,terms,lpBound,disjunctiveDualBound,lpBoundPostVpc,rootDualBound,dualBound,primalBound,vpcGenerationTime,rootDualBoundTime,bestSolutionTime,terminationTime,nodes,iterations,maxTime,actualTerms,numCuts,cutLimit,mipSolver,providePrimalBound,infeasibleTerms,feasibleToInfeasibleTerms,infeasibleToFeasibleTerms,termRemainsFeasibleBasisInfeasible,cutsChangedCoefficients,feasibleTermsPrunedByBound,tighten_disjunction,tighten_matrix_perturbation,tighten_infeasible_to_feasible_term,tighten_feasible_to_infeasible_basis
0,0,New,64,242.000000,244.000000,243.406642,276.426406,307.000000,314.000000,719.628465,722.108200,3864.523531,4319.632007,139029,21846007,3600.000000,64,6,748,GUROBI,1,30,0,0,0,0,0,0,0,0,0
1,0,Farkas,64,242.500000,244.000000,243.412890,277.786359,309.000000,314.000000,1.656339,4.216805,3171.349295,3601.658419,160375,21807805,3600.000000,64,6,0,GUROBI,1,30,0,0,3,0,0,0,0,0,0
2,0,Farkas,64,242.000000,244.000000,243.406642,276.123235,308.000000,314.000000,1.430200,4.300297,3421.305021,3601.434526,153617,27416612,3600.000000,64,6,0,GUROBI,1,30,0,0,0,0,0,0,0,0,0
3,0,Farkas,64,242.000000,244.000000,243.406642,276.123235,308.000000,314.000000,1.974366,4.478250,3230.232668,3601.977167,164879,29511235,3600.000000,64,6,0,GUROBI,1,30,0,0,0,0,0,0,0,0,0
