instanceIndex,seedIndex,vpcGenerator,terms,lpBound,disjunctiveDualBound,lpBoundPostVpc,rootDualBound,dualBound,primalBound,vpcGenerationTime,rootDualBoundTime,bestSolutionTime,terminationTime,nodes,iterations,maxTime,actualTerms,numCuts,cutLimit,mipSolver,providePrimalBound,infeasibleTerms,feasibleToInfeasibleTerms,infeasibleToFeasibleTerms,termRemainsFeasibleBasisInfeasible,cutsChangedCoefficients,feasibleTermsPrunedByBound,tighten_disjunction,tighten_matrix_perturbation,tighten_infeasible_to_feasible_term,tighten_feasible_to_infeasible_basis
0,0,New,4,242.000000,242.666667,242.666667,277.662229,306.000000,314.000000,135.910310,139.228428,2071.221981,3735.913993,133178,25494235,3600.000000,4,4,748,GUROBI,1,0,0,0,0,0,0,0,0,0,0
1,0,Farkas,4,242.500000,242.670194,242.670194,276.925279,308.000000,314.000000,0.158716,3.005039,3336.095613,3600.170792,159849,29315119,3600.000000,4,4,0,GUROBI,1,0,0,0,3,0,0,0,0,0,0
2,0,Farkas,4,242.000000,242.666667,242.666667,276.176444,308.000000,314.000000,0.038093,3.917997,2143.418471,3600.041494,147167,25535990,3600.000000,4,4,0,GUROBI,1,0,0,0,0,0,0,0,0,0,0
3,0,Farkas,4,242.000000,242.666667,242.666667,276.176444,308.000000,314.000000,0.039055,2.631449,3439.279595,3600.042717,170990,29631464,3600.000000,4,4,0,GUROBI,1,0,0,0,0,0,0,0,0,0,0
