instanceIndex,seedIndex,vpcGenerator,terms,lpBound,disjunctiveDualBound,lpBoundPostVpc,rootDualBound,dualBound,primalBound,vpcGenerationTime,rootDualBoundTime,bestSolutionTime,terminationTime,nodes,iterations,maxTime,actualTerms,numCuts,cutLimit,mipSolver,providePrimalBound,infeasibleTerms,feasibleToInfeasibleTerms,infeasibleToFeasibleTerms,termRemainsFeasibleBasisInfeasible,cutsChangedCoefficients,feasibleTermsPrunedByBound,tighten_disjunction,tighten_matrix_perturbation,tighten_infeasible_to_feasible_term,tighten_feasible_to_infeasible_basis
0,0,None,64,29129565.161344,29129565.161344,29129565.161344,29180021.424860,30089566.829090,30091451.000000,0.000003,4.114334,927.742753,1003.503379,716438,7676898,3600.000000,0,0,0,GUROBI,1,0,0,0,0,0,0,0,0,0,0
1,0,None,64,30218047.317822,30218047.317822,30218047.317822,31887542.749717,31989931.816631,31990240.000000,0.000002,0.529916,63.073318,63.347617,24753,294079,3600.000000,0,0,0,GUROBI,1,0,0,0,0,0,0,0,0,0,0
2,0,None,64,29838230.584836,29838230.584836,29838230.584836,29946955.001503,29964044.766322,29966731.000000,0.000001,0.488779,433.245142,433.356120,615068,4654607,3600.000000,0,0,0,GUROBI,1,0,0,0,0,0,0,0,0,0,0
3,0,None,64,30724271.585028,30724271.585028,30724271.585028,30779944.178744,30851164.039584,30852725.000000,0.000002,1.201936,2211.647763,2211.648025,1871175,18947038,3600.000000,0,0,0,GUROBI,1,0,0,0,0,0,0,0,0,0,0
