instanceIndex,seedIndex,vpcGenerator,terms,lpBound,disjunctiveDualBound,lpBoundPostVpc,rootDualBound,dualBound,primalBound,vpcGenerationTime,rootDualBoundTime,bestSolutionTime,terminationTime,nodes,iterations,maxTime,actualTerms,numCuts,cutLimit,mipSolver,providePrimalBound,infeasibleTerms,feasibleToInfeasibleTerms,infeasibleToFeasibleTerms,termRemainsFeasibleBasisInfeasible,cutsChangedCoefficients,feasibleTermsPrunedByBound,tighten_disjunction,tighten_matrix_perturbation,tighten_infeasible_to_feasible_term,tighten_feasible_to_infeasible_basis
0,0,New,4,29129565.161344,29129893.779087,29129873.016055,29180401.822027,30088841.235031,30090972.000000,138.289226,146.186649,551.995771,552.025795,122293,1680813,3600.000000,4,276,276,GUROBI,1,0,0,0,0,0,0,0,0,0,0
1,0,All,4,30218047.317822,30218047.317822,30218047.317822,31890410.186173,31989532.897805,31990240.000000,0.633537,1.972202,247.513311,247.526175,58114,605344,3600.000000,4,276,0,GUROBI,1,0,0,0,4,0,0,1,1,1,1
2,0,All,4,29838230.584836,29838934.707975,29838230.584836,29946982.926364,29964163.285341,29966731.000000,0.575126,1.834663,2556.859886,2556.860465,1952546,14078637,3600.000000,4,276,0,GUROBI,1,0,0,0,4,0,0,1,1,1,1
3,0,All,4,30724271.585028,30724272.485028,30724271.585028,30829258.863410,30851029.386853,30853863.000000,0.565486,2.160261,3600.574892,3600.576076,1127301,14468717,3600.000000,4,276,0,GUROBI,1,0,0,0,4,0,0,1,1,1,1
