messed up a farkas cofficient
setting all farkas coefficients to 0
messed up a farkas cofficient
setting all farkas coefficients to 0
messed up a farkas cofficient
setting all farkas coefficients to 0
messed up a farkas cofficient
setting all farkas coefficients to 0
messed up a farkas cofficient
setting all farkas coefficients to 0
messed up a farkas cofficient
setting all farkas coefficients to 0
messed up a farkas cofficient
setting all farkas coefficients to 0
messed up a farkas cofficient
setting all farkas coefficients to 0
messed up a farkas cofficient
setting all farkas coefficients to 0
messed up a farkas cofficient
setting all farkas coefficients to 0
messed up a farkas cofficient
setting all farkas coefficients to 0
messed up a farkas cofficient
setting all farkas coefficients to 0
messed up a farkas cofficient
setting all farkas coefficients to 0
messed up a farkas cofficient
setting all farkas coefficients to 0
messed up a farkas cofficient
setting all farkas coefficients to 0
messed up a farkas cofficient
setting all farkas coefficients to 0
messed up a farkas cofficient
setting all farkas coefficients to 0
messed up a farkas cofficient
setting all farkas coefficients to 0
messed up a farkas cofficient
setting all farkas coefficients to 0
messed up a farkas cofficient
setting all farkas coefficients to 0
messed up a farkas cofficient
setting all farkas coefficients to 0
messed up a farkas cofficient
setting all farkas coefficients to 0
messed up a farkas cofficient
setting all farkas coefficients to 0
messed up a farkas cofficient
setting all farkas coefficients to 0
messed up a farkas cofficient
setting all farkas coefficients to 0
messed up a farkas cofficient
setting all farkas coefficients to 0
messed up a farkas cofficient
setting all farkas coefficients to 0
messed up a farkas cofficient
setting all farkas coefficients to 0
messed up a farkas cofficient
setting all farkas coefficients to 0
messed up a farkas cofficient
setting all farkas coefficients to 0
messed up a farkas cofficient
setting all farkas coefficients to 0
messed up a farkas cofficient
setting all farkas coefficients to 0
messed up a farkas cofficient
setting all farkas coefficients to 0
messed up a farkas cofficient
setting all farkas coefficients to 0
messed up a farkas cofficient
setting all farkas coefficients to 0
messed up a farkas cofficient
setting all farkas coefficients to 0
messed up a farkas cofficient
setting all farkas coefficients to 0
messed up a farkas cofficient
setting all farkas coefficients to 0
messed up a farkas cofficient
setting all farkas coefficients to 0
messed up a farkas cofficient
setting all farkas coefficients to 0
messed up a farkas cofficient
setting all farkas coefficients to 0
messed up a farkas cofficient
setting all farkas coefficients to 0
messed up a farkas cofficient
setting all farkas coefficients to 0
messed up a farkas cofficient
setting all farkas coefficients to 0
messed up a farkas cofficient
setting all farkas coefficients to 0
messed up a farkas cofficient
setting all farkas coefficients to 0
messed up a farkas cofficient
setting all farkas coefficients to 0
messed up a farkas cofficient
setting all farkas coefficients to 0
7: cut: 1.36021e+08	calc: 1.36021e+08	diff: 1.19209e-07
18: cut: 1.36021e+08	calc: 1.36021e+08	diff: 1.19209e-07
*** WARNING (version #43016fc): src/PdcUtility.cpp:298: Number of differences between true and calculated cuts: 2. Total difference: 2.38419e-07. Small enough difference that we will try to continue, but beware of numerical issues.
x:
x[0] = -61.1815
x[1] = 12.6958
x[2] = -8.13154
x[3] = -46.4979
x[4] = -33.882
x[5] = 185.118
x[6] = 757.122
x[7] = -4.84848
x[8] = -128.277
x[9] = -128.277
x[10] = -89.236
x[11] = 35.2973
x[12] = -5.50964
x[13] = -9.6562
x[14] = -31.8144
x[15] = -105.579
x[16] = -4.84848
x[17] = -4.62809
x[18] = -6.60687
x[19] = -145.008
x[20] = -7.825
x[21] = -41.6034
x[22] = 11.3883
x[23] = -5.06886
x[24] = -5.06886
x[25] = -12.1973
x[26] = -39.1562
x[27] = -53.8397
x[28] = -6.60687
x[29] = 27.8562
x[30] = 11.3883
x[31] = 37.2583
x[32] = 28.0042
x[33] = -39.1562
x[34] = -8.63976
x[35] = 14.0679
x[36] = -4.62809
x[37] = -4.84848
x[38] = 14.7378
x[39] = -4.62809
x[40] = 15.4077
x[41] = -5.28925
x[42] = -41.6034
x[43] = -3.0854
x[44] = -139.431
x[45] = -3.52617
x[46] = 514.843
x[47] = 39.2192
x[48] = -8.13154
x[49] = 12.7281
x[50] = -122.699
x[51] = 1209.63
x[52] = 13.7614
x[53] = -550.183
x[54] = -5.73002
x[55] = 8.70872
x[56] = -190.186
x[57] = -180.391
x[58] = -35.2938
x[59] = -145.008
x[60] = -127.002
x[61] = 20.097
x[62] = -175.561
x[63] = -9.91734
x[64] = -24.3946
x[65] = 28.8058
x[66] = -1632.01
x[67] = -1068.71
x[68] = -1.18486
x[69] = -14.7384
x[70] = 1029.22
x[71] = -360.859
x[72] = -1296.01
x[73] = -4333.11
x[74] = 938.832
x[75] = 17.4174
x[76] = -127.002
x[77] = 13.521
x[78] = -107.679
x[79] = -93.3837
x[80] = 1483.96
x[81] = -1124.29
x[82] = -115.021
x[83] = -13.8057
x[84] = -969.293
x[85] = -195.204
x[86] = 13.8389
x[87] = 847.977
x[88] = 16.7475
x[89] = -83.2069
x[90] = -17.7877
x[91] = -145.008
x[92] = -156.885
x[93] = -264.138
x[94] = 18.0873
x[95] = -465.913
x[96] = -22.3617
x[97] = -2256.01
x[98] = -23.3782
x[99] = 1150.83
x[100] = -20.8371
x[101] = -88.1014
x[102] = 19.4271
x[103] = 32.8252
x[104] = -13.722
x[105] = -2.68227e+06
x[106] = -104.59
x[107] = -59.8071
x[108] = 16.7475
x[109] = -89.6483
x[110] = 21.4368
x[111] = -12.1973
x[112] = 15.8227
x[113] = -1440.01
x[114] = 13.398
x[115] = 24.2362
x[116] = -12.7055
x[117] = -13.722
x[118] = -1440.01
x[119] = -17.7877
x[120] = -85.913
x[121] = 30.7792
x[122] = -82.1776
x[123] = 25.4563
x[124] = -1.05321
x[125] = 22.1068
x[126] = -15.7549
x[127] = -104.59
x[128] = -115.796
x[129] = -112.06
x[130] = -127.002
x[131] = -222.486
x[132] = 908.547
x[133] = -18.8042
x[134] = -127.002
x[135] = 726.838
x[136] = 228.445
x[137] = -82.1776
x[138] = -13.0387
x[139] = -229.925
x[140] = -12.1973
x[141] = -6.61156
x[142] = 24.1165
x[143] = -2.83635
x[144] = -3.42772
x[145] = -5.62497
x[146] = -4.24078
x[147] = -2.52419
x[148] = -3.42772
x[149] = -3.42772
x[150] = -1.30902e-11
x[151] = -3.42772
x[152] = -5.59274
x[153] = -34.1317
x[154] = -30.2849
x[155] = -2.3809e-15
x[156] = 7.11513e-32
x[157] = 4.17663e-17
x[158] = 4.73695e-15
x[159] = 0
x[160] = 2.78288e-15
x[161] = 4.14305e-16
x[162] = -94606.5
x[163] = 5.72251e-17
x[164] = 8.06565e-15
x[165] = -0
x[166] = 2.26505e-14
x[167] = -1.85075e-14
x[168] = -7.12096e-14
x[169] = 2.10363e-30
x[170] = -1.29928e-14
x[171] = 1.42109e-13
x[172] = -4.72463e-15
x[173] = 8.34863e-14
x[174] = 1.24291e-14
x[175] = 1.24291e-14
x[176] = -2.00132e-09
x[177] = 1.71675e-15
x[178] = 2.4197e-13
x[179] = 1.69207e-13
x[180] = 6.79515e-13
x[181] = 4.79111e-16
x[182] = -5.68481e-18
x[183] = 9.83974e-17
x[184] = 9.36108e-16
x[185] = -1.51132e-16
x[186] = -2.28706e-15
x[187] = 9.36108e-16
x[188] = -1.05694e-16
x[189] = -1.4801e-16
x[190] = -2.28706e-15
x[191] = 2.08167e-16
x[192] = -3.01603e-15
x[193] = -1.95638e-17
x[194] = -101578
x[195] = -1.08312e-16
x[196] = -8.46092e-15
x[197] = 0
x[198] = 5.33159e-14
x[199] = -0
x[200] = 8.3771e-16
x[201] = -0
x[202] = -0
x[203] = 3.22317e-15
x[204] = -0
x[205] = -1.00009e-16
x[206] = -2.04091e-16
x[207] = -0
x[208] = 2.18137e-15
x[209] = -4.78681e-16
x[210] = -4.78681e-16
x[211] = -1.08412e-15
x[212] = 2.13905e-15
x[213] = -0
x[214] = -0
x[215] = -0
x[216] = -6.43228e-15
x[217] = -0
x[218] = -0
x[219] = 2.13852e-16
x[220] = 1.09769e-16
x[221] = 3.59299e-16
x[222] = 7.10543e-17
x[223] = 7.10543e-17
x[224] = 7.10543e-17
x[225] = -3.00476e-15
x[226] = 7.10543e-17
x[227] = -6.15127e-16
x[228] = -1.17961e-16
x[229] = -9.55671e-16
x[230] = 1.80807e-15
x[231] = -101578
x[232] = 8.73115e-11
x[233] = 1.09798e-10
x[234] = -101578
x[235] = 9.41126e-11
x[236] = -4.11774e-16
x[237] = -4.11774e-16
x[238] = -4.67794e-16
x[239] = -3.21893e-12
x[240] = -3.20925e-12
x[241] = -3.20925e-12
x[242] = -3.20925e-12
x[243] = 4.79111e-16
x[244] = -1.60778e-15
x[245] = 4.79111e-16
x[246] = -0
x[247] = 5.32175e-14
x[248] = -2.43195e-14
x[249] = -1.69207e-13
x[250] = 0
x[251] = 0
x[252] = -4.54747e-13
x[253] = 0
x[254] = 0
x[255] = 6.75016e-14
x[256] = -1.12063e-13
x[257] = -9.64988e+07
x[258] = -3.91185e-13
x[259] = -3.04879e-09
x[260] = 1.43733e-12
x[261] = 0
x[262] = -114.285
x[263] = -1.1957
x[264] = -24.8931
x[265] = -1.1957
x[266] = -17.4274
x[267] = -1.09692e-08
x[268] = -0.797132
x[269] = -8.05559
x[270] = -99.972
x[271] = -192.233
x[272] = -190.487
x[273] = -0.797132
x[274] = -608.23
x[275] = -3000.99
x[276] = -134.748
x[277] = -1.06284
x[278] = -100.335
x[279] = -100.335
x[280] = -69.7986
x[281] = -44.4453
x[282] = -45.3753
x[283] = -153.123
x[284] = -1.1957
x[285] = -20.5972
x[286] = -59.4283
x[287] = -0.664276
x[288] = -91.9044
x[289] = -134.748
x[290] = -3.88933
x[291] = -1.06284
x[292] = -128.623
x[293] = -1.06284
x[294] = -65.9918
x[295] = -14.2575
x[296] = -0.664276
x[297] = -113.423
x[298] = -1.8312
x[299] = -77.714
x[300] = -0.929987
x[301] = -103.533
x[302] = -0.929987
x[303] = -108.221
x[304] = -140.873
x[305] = -1.06284
x[306] = -567.148
x[307] = -140.873
x[308] = -4.24078
x[309] = -104.698
x[310] = -1.1957
x[311] = -73.1426
x[312] = -0.797132
x[313] = -100.571
x[314] = -1.06284
x[315] = -65.8974
x[316] = -14.2575
x[317] = -0.569832
x[318] = -36.496
x[319] = -55.5016
x[320] = -103.533
x[321] = -0.929987
x[322] = -108.221
x[323] = -46.9145
x[324] = -21.7207
x[325] = -2.51166
x[326] = -34.611
x[327] = -4.29591
x[328] = -73.1426
x[329] = -0.797132
x[330] = -86.297
x[331] = -19.0057
x[332] = -0.929987
x[333] = -127.894
x[334] = -1.06284
x[335] = -131.996
x[336] = -128.623
x[337] = -1.06284
x[338] = -134.748
x[339] = -1.06284
x[340] = -133.984
x[341] = -1.06284
x[342] = -137.287
x[343] = -128.623
x[344] = -1.06284
x[345] = -143.684
x[346] = -146.998
x[347] = -1.1957
x[348] = -77.714
x[349] = -0.929987
x[350] = -85.7488
x[351] = -0.797132
x[352] = -109.06
x[353] = -97.9986
x[354] = -0.797132
x[355] = -245.83
x[356] = -1330.85
x[357] = -49.3837
x[358] = -22.8149
x[359] = -81.2207
x[360] = -17.4274
x[361] = -0.797132
x[362] = -204.711
x[363] = -0.929987
x[364] = -118.803
x[365] = -95.973
x[366] = -1218.27
x[367] = -1237.27
x[368] = -13.8615
x[369] = -21.3847
x[370] = -38.0163
x[371] = -0.797132
x[372] = -183.882
x[373] = -159.248
x[374] = -1.1957
x[375] = -572.487
x[376] = -79.1723
x[377] = -0.664277
x[378] = -81.8359
x[379] = -4012.2
x[380] = -65.8679
x[381] = -104.137
x[382] = -113.423
x[383] = -1.46141
x[384] = 1.15961e-11
x[385] = -6.25816
x[386] = -449.973
x[387] = -1.99283
x[388] = -2813.72
x[389] = -187.447
x[390] = -1.85997
x[391] = -3.16504e-10
x[392] = -49.9345
x[393] = -4.58681e+06
x[394] = -99.7314
x[395] = -271.825
x[396] = -12.5371
x[397] = -2.52688e+06
x[398] = -56.2321
x[399] = -1.32855
x[400] = -2.77396e-11
x[401] = -223.999
x[402] = -48.343
x[403] = -1.99283
x[404] = -1083.56
x[405] = -158.345
x[406] = -1.1957
x[407] = -161.061
x[408] = -1.46141
x[409] = -26.7347
x[410] = -201.142
x[411] = -1.1957
x[412] = -1496.66
x[413] = -1712.73
x[414] = -375.758
x[415] = -214.856
x[416] = -4.49024
x[417] = -5.86161
x[418] = -152.684
x[419] = -29.0855
x[420] = -30.4141
x[421] = -2191.98
x[422] = -152.254
x[423] = -1.1957
x[424] = -155.77
x[425] = -155.428
x[426] = -37.242
x[427] = -3.24403e+06
x[428] = -113.423
x[429] = -45.9689
x[430] = -4.18068e+06
x[431] = -164.435
x[432] = -1.1957
x[433] = -166.353
x[434] = -5.11116
x[435] = -45.9689
x[436] = -1.85997
x[437] = -375.758
x[438] = -48.343
x[439] = -1.99283
x[440] = -2974.83
x[441] = -42.7991
x[442] = -1.72712
x[443] = -164.571
x[444] = -176.615
x[445] = -1.32855
x[446] = -179.545
x[447] = -113.647
x[448] = -28.5283
x[449] = -207.054
x[450] = -28.116
x[451] = -250.551
x[452] = -1.32855
x[453] = -3.36911e+06
x[454] = -152.254
x[455] = -1.1957
x[456] = -155.77
x[457] = -1350.39
x[458] = 1.28466e-11
x[459] = -6.67537
x[460] = -21.6847
x[461] = -1.1957
x[462] = -29.5446
x[463] = -30.7403
x[464] = -239.845
x[465] = -121.804
x[466] = -124.094
x[467] = -1.87073e+06
x[468] = -2.55738e+06
x[469] = -74.0755
x[470] = -2.80767e+06
x[471] = -3.55271e-15
x[472] = -2.27662e+06
x[473] = -825.292
x[474] = -207.054
x[475] = -2.63753e-11
x[476] = -77.835
x[477] = -3.45608e-11
x[478] = -47.5505
x[479] = -3.08844e+06
x[480] = 1.54046e-11
x[481] = -7.92701
x[482] = -11.1441
x[483] = -2.15151e+06
x[484] = -200.976
x[485] = -203.32
x[486] = -2.83814e+06
x[487] = -1855.86
x[488] = -2035.45
x[489] = -1406.31
x[490] = -1048.61
x[491] = -271.825
x[492] = -191.906
x[493] = -255.08
x[494] = -193.664
x[495] = -1.46141
x[496] = -1878.84
x[497] = -1.87073e+06
x[498] = -242.167
x[499] = -277.378
x[500] = -4.24078
x[501] = -231.521
x[502] = -32.5031
x[503] = -30.7215
x[504] = -2.15149e+06
x[505] = -8.63507
x[506] = -1.32855
x[507] = -838.888
x[508] = -219.246
x[509] = -221.803
x[510] = -9.50087e-14
x[511] = -1.93887e-13
x[512] = 2.0723e-12
x[513] = -5.75164e-13
x[514] = 2.48685e-12
x[515] = 1.04281e-13
x[516] = 3.41334e-13
x[517] = -0
x[518] = 1.12063e-13
x[519] = -7.95825e-13
x[520] = 1.12063e-13
x[521] = 2.30204e-12
x[522] = -1.43733e-12
x[523] = -1.43733e-12
x[524] = 5.05566e-11
x[525] = -3.98566
x[526] = 1622.85
x[527] = 4039.76
x[528] = 4898.94
x[529] = 709.087
x[530] = 161.125
x[531] = 1406.24
x[532] = 888.112
x[533] = 631.047
x[534] = 856.93
x[535] = 684.295
x[536] = 856.93
x[537] = 1398.19
x[538] = 7571.22
x[539] = -695.805
x[540] = -172.635
x[541] = -8532.93
x[542] = 62.2341
x[543] = 48.476
x[544] = 81.3783
x[545] = 55.6719
x[546] = 48.476
x[547] = 72.7139
x[548] = 131.288
x[549] = 767.6
x[550] = 818.304
x[551] = 104.698
x[552] = 155.872
x[553] = 2.21338
x[554] = 44.9531
x[555] = 21.6847
x[556] = 44.9531
x[557] = 134.187
x[558] = 736.116
x[559] = 714.142
x[560] = 55.3421
x[561] = 103.915
x[562] = 16.7779
x[563] = 15.5123
x[564] = 15.5123
x[565] = 89.4583
x[566] = 505.721
x[567] = 492.69
x[568] = 467.842
x[569] = 546.986
x[570] = 566.523
x[571] = 546.986
x[572] = 546.986
x[573] = 401.193
x[574] = 564.154
x[575] = 99.7792
x[576] = 1147.53
x[577] = 742.593
x[578] = 21.8591
x[579] = 155.872
x[580] = 80.9451
x[581] = 44.9531
x[582] = 21.8591
x[583] = 20.6634
x[584] = 45.1275
x[585] = 134.187
x[586] = 758.581
x[587] = 760.72
x[588] = 70.9664
x[589] = 0
x[590] = -1.25624e-11
x[591] = -2.84217e-14
x[592] = -1.2534e-11
x[593] = 58.317
x[594] = 286.111
x[595] = 238.871
x[596] = 60.0926
x[597] = 57.9834
x[598] = 71.7011
x[599] = 60.0926
x[600] = 68.5828
x[601] = 60.0926
x[602] = 43.1492
x[603] = 68.5828
x[604] = 286.096
x[605] = 28.7593
x[606] = 142.883
x[607] = 31.5034
x[608] = 41.207
x[609] = 28.7593
x[610] = 41.207
x[611] = 123.005
x[612] = 704.248
x[613] = 671.116
x[614] = 170.51
x[615] = 143.684
x[616] = 173.379
x[617] = 170.51
x[618] = 170.51
x[619] = 115.692
x[620] = 170.51
x[621] = 95.8065
x[622] = 876.702
x[623] = 824.829
x[624] = 116.755
x[625] = 143.684
x[626] = 119.624
x[627] = 138.887
x[628] = 116.755
x[629] = 115.692
x[630] = 139.054
x[631] = 95.8065
x[632] = 822.947
x[633] = 332.76
x[634] = 81.2207
x[635] = 99.9544
x[636] = 120.611
x[637] = 96.6167
x[638] = 81.2207
x[639] = 80.4236
x[640] = 96.733
x[641] = 66.648
x[642] = 572.369
x[643] = 573.794
x[644] = 82.0612
x[645] = 19.8014
x[646] = 120.333
x[647] = 3.53787
x[648] = 37.2527
x[649] = 37.2527
x[650] = 92.2825
x[651] = 524.49
x[652] = 509.831
x[653] = 32.6811
x[654] = 162.367
x[655] = 35.7993
x[656] = 46.8262
x[657] = 32.6811
x[658] = 46.8262
x[659] = 139.779
x[660] = 800.281
x[661] = 762.632
x[662] = 65.7187
x[663] = 123.399
x[664] = 144.863
x[665] = 162.03
x[666] = 162.03
x[667] = 40.899
x[668] = 162.03
x[669] = 144.863
x[670] = 745.406
x[671] = 585.069
x[672] = 32.3617
x[673] = 25.2075
x[674] = 42.3167
x[675] = 28.9494
x[676] = 25.2075
x[677] = 37.8112
x[678] = 68.27
x[679] = 399.152
x[680] = 425.518
x[681] = 121.657
x[682] = 121.657
x[683] = 157.649
x[684] = 125.139
x[685] = 121.773
x[686] = 121.657
x[687] = 98.7763
x[688] = 123.24
x[689] = 99.972
x[690] = 858.553
x[691] = 19.8777
x[692] = 142.883
x[693] = 41.207
x[694] = 19.8777
x[695] = 41.207
x[696] = 123.005
x[697] = 715.244
x[698] = 671.116
x[699] = 18.9741
x[700] = 136.388
x[701] = 30.0714
x[702] = 39.334
x[703] = 18.9741
x[704] = 39.334
x[705] = 117.414
x[706] = 663.758
x[707] = 640.611
x[708] = 84.4308
x[709] = 13.6321
x[710] = 12.6037
x[711] = 3.37508e-14
x[712] = 12.6037
x[713] = 72.6849
x[714] = 410.898
x[715] = 400.311
x[716] = 131.984
x[717] = 162.426
x[718] = 195.994
x[719] = 157.002
x[720] = 131.984
x[721] = 130.788
x[722] = 108.303
x[723] = 930.099
x[724] = 932.416
x[725] = 1007.7
x[726] = 1017.15
x[727] = 1086.84
x[728] = 1104.01
x[729] = 1104.01
x[730] = 939.795
x[731] = 1104.01
x[732] = 549.925
x[733] = 1687.39
x[734] = 1282.45
x[735] = 42.3192
x[736] = 32.9637
x[737] = 55.3373
x[738] = 37.8569
x[739] = 32.9637
x[740] = 49.4455
x[741] = 89.2761
x[742] = 521.968
x[743] = 556.447
x[744] = 46.6564
x[745] = 77.714
x[746] = 79.8344
x[747] = 62.354
x[748] = 77.714
x[749] = 96.4837
x[750] = 599.682
x[751] = 503.455
x[752] = 103.585
x[753] = 149.377
x[754] = 106.454
x[755] = 103.585
x[756] = 103.585
x[757] = 103.585
x[758] = 809.778
x[759] = 701.621
x[760] = 301.758
x[761] = 196.616
x[762] = 301.758
x[763] = 301.758
x[764] = 103.036
x[765] = 301.758
x[766] = 128.596
x[767] = 1007.95
x[768] = 701.621
x[769] = -1.24345e-14
x[770] = 121.657
x[771] = 57.6767
x[772] = 23.2684
x[773] = 2.66454e-14
x[774] = 23.2684
x[775] = 99.972
x[776] = 758.581
x[777] = 739.035
x[778] = 39.8298
x[779] = 31.0246
x[780] = 52.0821
x[781] = 35.63
x[782] = 31.0246
x[783] = 46.5369
x[784] = 84.0246
x[785] = 491.264
x[786] = 523.715
x[787] = 54.766
x[788] = 42.6589
x[789] = 71.6129
x[790] = 48.9912
x[791] = 42.6589
x[792] = 63.9882
x[793] = 115.534
x[794] = 675.488
x[795] = 720.107
x[796] = 84.4308
x[797] = 13.7265
x[798] = 12.6037
x[799] = 0.0944449
x[800] = 12.6982
x[801] = 72.6849
x[802] = 410.898
x[803] = 400.311
x[804] = 22.305
x[805] = 108.478
x[806] = 22.305
x[807] = 17.4118
x[808] = 17.4118
x[809] = 17.4118
x[810] = 93.1185
x[811] = 500.832
x[812] = 486.987
x[813] = 46.6564
x[814] = 77.714
x[815] = 79.8344
x[816] = 62.354
x[817] = 77.714
x[818] = 96.4837
x[819] = 503.455
x[820] = 86.3159
x[821] = 20.5972
x[822] = 126.545
x[823] = 3.4301
x[824] = 39.018
x[825] = 39.018
x[826] = 97.4093
x[827] = 553.629
x[828] = 56.7113
x[829] = 11.7459
x[830] = 84.3602
x[831] = 24.3496
x[832] = 24.3496
x[833] = 64.1368
x[834] = 376.287
x[835] = 365.699
x[836] = 39.8298
x[837] = 31.0246
x[838] = 52.0821
x[839] = 35.63
x[840] = 31.0246
x[841] = 46.5369
x[842] = 84.0246
x[843] = 491.264
x[844] = 523.715
x[845] = 110.409
x[846] = 17.8266
x[847] = 16.4818
x[848] = 4.22773e-13
x[849] = 16.4818
x[850] = 95.0494
x[851] = 537.328
x[852] = 523.483
x[853] = 57.6344
x[854] = 95.9996
x[855] = 98.6189
x[856] = 77.0255
x[857] = 95.9996
x[858] = 119.186
x[859] = 740.784
x[860] = 621.915
x[861] = 18.9741
x[862] = 136.388
x[863] = 30.0714
x[864] = 39.334
x[865] = 18.9741
x[866] = 39.334
x[867] = 117.414
x[868] = 663.758
x[869] = 640.611
x[870] = 19.8777
x[871] = 142.883
x[872] = 31.5034
x[873] = 41.207
x[874] = 19.8777
x[875] = 41.207
x[876] = 123.005
x[877] = 695.366
x[878] = 671.116
x[879] = 60.3789
x[880] = 100.571
x[881] = 103.315
x[882] = 80.6934
x[883] = 100.571
x[884] = 124.861
x[885] = 776.059
x[886] = 651.53
x[887] = 18.9741
x[888] = 136.388
x[889] = 30.0714
x[890] = 39.334
x[891] = 18.9741
x[892] = 39.334
x[893] = 117.414
x[894] = 663.758
x[895] = 640.611
x[896] = 31.6236
x[897] = 34.4923
x[898] = 38.2438
x[899] = 31.6236
x[900] = 31.6236
x[901] = 8.26182
x[902] = 31.6236
x[903] = 152.409
x[904] = 737.816
x[905] = 681.145
x[906] = 31.3738
x[907] = 155.872
x[908] = 34.3673
x[909] = 44.9531
x[910] = 31.3738
x[911] = 44.9531
x[912] = 134.187
x[913] = 768.27
x[914] = 732.127
x[915] = 42.3192
x[916] = 32.9637
x[917] = 55.3373
x[918] = 37.8569
x[919] = 32.9637
x[920] = 49.4455
x[921] = 89.2761
x[922] = 521.968
x[923] = 556.447
x[924] = 12.6494
x[925] = 90.9254
x[926] = 20.0476
x[927] = 26.2227
x[928] = 12.6494
x[929] = 26.2227
x[930] = 78.276
x[931] = 442.506
x[932] = 427.074
x[933] = 126.907
x[934] = 156.179
x[935] = 129.844
x[936] = 150.964
x[937] = 126.907
x[938] = 125.712
x[939] = 151.145
x[940] = 104.137
x[941] = 894.326
x[942] = 896.554
x[943] = 14.4565
x[944] = 103.915
x[945] = 22.9115
x[946] = 29.9688
x[947] = 14.4565
x[948] = 29.9688
x[949] = 89.4583
x[950] = 505.721
x[951] = 488.085
x[952] = 40.863
x[953] = 39.4287
x[954] = 48.7567
x[955] = 40.863
x[956] = 46.6363
x[957] = 40.863
x[958] = 29.2245
x[959] = 46.6363
x[960] = 362.312
x[961] = 90.5705
x[962] = 21.3929
x[963] = 133.205
x[964] = 4.24078
x[965] = 40.7833
x[966] = 40.7833
x[967] = 102.536
x[968] = 582.767
x[969] = 566.479
x[970] = 103.915
x[971] = 16.7779
x[972] = 15.5123
x[973] = -1.58096e-13
x[974] = 15.5123
x[975] = 89.4583
x[976] = 505.721
x[977] = 492.69
x[978] = 52.1454
x[979] = 86.8568
x[980] = 89.2267
x[981] = 69.6897
x[982] = 86.8568
x[983] = 107.835
x[984] = 562.685
x[985] = 111.678
x[986] = 137.437
x[987] = 165.841
x[988] = 132.848
x[989] = 111.678
x[990] = 110.616
x[991] = 133.008
x[992] = 91.641
x[993] = 787.167
x[994] = 788.967
x[995] = 8.44345
x[996] = 1.92799
x[997] = 8.44345
x[998] = 3.55025
x[999] = 3.55025
x[1000] = 3.55025
x[1001] = 79.2569
x[1002] = 355.864
x[1003] = 161.318
x[1004] = 76.0354
x[1005] = 2.84217e-14
x[1006] = -1.34719e-11
x[1007] = -1.77636e-15
x[1008] = -1.34488e-11
x[1009] = 62.4825
x[1010] = 452.728
x[1011] = 440.512
x[1012] = 574.406
x[1013] = 670.733
x[1014] = 565.591
x[1015] = 673.602
x[1016] = 649.952
x[1017] = 670.733
x[1018] = 670.733
x[1019] = 670.733
x[1020] = 1376.93
x[1021] = 185.733
x[1022] = 168.862
x[1023] = 188.976
x[1024] = 185.733
x[1025] = 185.733
x[1026] = 185.733
x[1027] = 984.037
x[1028] = 793.137
x[1029] = 35.6785
x[1030] = 59.4283
x[1031] = 61.0498
x[1032] = 47.6825
x[1033] = 59.4283
x[1034] = 73.7817
x[1035] = 384.995
x[1036] = 554.174
x[1037] = 1069.95
x[1038] = 1069.95
x[1039] = 1065.71
x[1040] = 1069.95
x[1041] = 1069.95
x[1042] = 1069.95
x[1043] = 1068.89
x[1044] = 1069.95
x[1045] = 1376.93
x[1046] = 168.194
x[1047] = 199.78
x[1048] = 175.102
x[1049] = 121.657
x[1050] = 168.194
x[1051] = 98.6595
x[1052] = 191.462
x[1053] = 247.694
x[1054] = 858.553
x[1055] = 907.228
x[1056] = 966.957
x[1057] = 852.672
x[1058] = 970.075
x[1059] = 966.957
x[1060] = 966.957
x[1061] = 750.914
x[1062] = 966.957
x[1063] = 237.899
x[1064] = 1734.56
x[1065] = 1201.75
x[1066] = 839.672
x[1067] = 839.672
x[1068] = 842.915
x[1069] = 839.672
x[1070] = 839.672
x[1071] = 616.751
x[1072] = 839.672
x[1073] = 175.057
x[1074] = 1637.98
x[1075] = 1083.85
x[1076] = 2.42579e-10
x[1077] = 109.722
x[1078] = 149.778
x[1079] = 154.469
x[1080] = 119.509
x[1081] = 43.7949
x[1082] = 109.722
x[1083] = 6.90648e-12
x[1084] = 1156.69
x[1085] = 82.3349
x[1086] = 137.142
x[1087] = 140.884
x[1088] = 110.036
x[1089] = 137.142
x[1090] = 888.45
x[1091] = 151.675
x[1092] = 207.047
x[1093] = 213.531
x[1094] = 165.203
x[1095] = 60.54
x[1096] = 151.675
x[1097] = 197.242
x[1098] = 1598.95
x[1099] = 40.6589
x[1100] = 64.4387
x[1101] = 40.6589
x[1102] = 155.204
x[1103] = 1372.74
x[1104] = 166.026
x[1105] = 311.744
x[1106] = 50.3338
x[1107] = 46.5368
x[1108] = -7.10543e-15
x[1109] = 46.5368
x[1110] = 268.375
x[1111] = 1517.16
x[1112] = 118.013
x[1113] = 196.571
x[1114] = 223.564
x[1115] = 179.349
x[1116] = 218.2
x[1117] = 218.2
x[1118] = 244.047
x[1119] = 1538.47
x[1120] = 1442.38
x[1121] = 1614.73
x[1122] = 1654.78
x[1123] = 1659.48
x[1124] = 1624.51
x[1125] = 1548.8
x[1126] = 1647.69
x[1127] = 2035.45
x[1128] = 796.662
x[1129] = 1046.85
x[1130] = 1120.81
x[1131] = 1059.23
x[1132] = 1046.85
x[1133] = 1012.77
x[1134] = 2370.96
x[1135] = 121.918
x[1136] = 28.5283
x[1137] = 179.538
x[1138] = 28.5283
x[1139] = 54.7053
x[1140] = 54.7053
x[1141] = 138.424
x[1142] = 881.932
x[1143] = 100.307
x[1144] = 1.06581e-14
x[1145] = 188.346
x[1146] = 71.6063
x[1147] = 30.41
x[1148] = 121.979
x[1149] = 4.75211e-11
x[1150] = 73.4836
x[1151] = 14.1039
x[1152] = 257.325
x[1153] = 1504.5
x[1154] = 454.743
x[1155] = 159.108
x[1156] = 392.284
x[1157] = 350.721
x[1158] = 392.284
x[1159] = 392.284
x[1160] = 257.193
x[1161] = 1804.67
x[1162] = 1145.42
x[1163] = 1282.28
x[1164] = 1317.82
x[1165] = 1290.06
x[1166] = 1282.28
x[1167] = 665.803
x[1168] = 2.50111e-12
x[1169] = 2113.7
x[1170] = 3485.16
x[1171] = 4519.23
x[1172] = 4514.65
x[1173] = 4525.22
x[1174] = 4322.53
x[1175] = 4519.23
x[1176] = 4519.23
x[1177] = 4470.7
x[1178] = 4519.23
x[1179] = 5786.78
x[1180] = 118.71
x[1181] = 74.5148
x[1182] = 71.8994
x[1183] = 88.9093
x[1184] = 74.5148
x[1185] = 85.0427
x[1186] = 772.292
x[1187] = 71.3569
x[1188] = 118.857
x[1189] = 122.1
x[1190] = 95.3649
x[1191] = 118.857
x[1192] = 769.99
x[1193] = -7.78016e-10
x[1194] = 109.722
x[1195] = 154.469
x[1196] = 119.509
x[1197] = 109.722
x[1198] = -1.01369e-09
x[1199] = 1156.69
x[1200] = 117.663
x[1201] = 173.102
x[1202] = 4.24078
x[1203] = 52.94
x[1204] = 27.7326
x[1205] = 3.04508
x[1206] = 52.94
x[1207] = 133.297
x[1208] = 795.061
x[1209] = 773.886
x[1210] = 109.532
x[1211] = 85.3177
x[1212] = 143.226
x[1213] = 97.9825
x[1214] = 85.3177
x[1215] = 127.976
x[1216] = 231.068
x[1217] = 1350.98
x[1218] = 413.228
x[1219] = 3.9725e-10
x[1220] = 80.6781
x[1221] = 110.131
x[1222] = 113.58
x[1223] = 87.874
x[1224] = 32.2022
x[1225] = 80.6781
x[1226] = 104.916
x[1227] = 850.506
x[1228] = 187.638
x[1229] = 117.782
x[1230] = 113.647
x[1231] = 140.534
x[1232] = 117.782
x[1233] = 134.422
x[1234] = 1220.72
x[1235] = 1173.79
x[1236] = 1370.63
x[1237] = 1155.77
x[1238] = 1376.49
x[1239] = 1328.16
x[1240] = 1370.63
x[1241] = 1370.63
x[1242] = 1370.63
x[1243] = 2813.72
x[1244] = 361.055
x[1245] = 198.487
x[1246] = 152.991
x[1247] = 156.021
x[1248] = 198.487
x[1249] = 244.055
x[1250] = 246.822
x[1251] = 1443.09
x[1252] = 1538.41
x[1253] = 162.557
x[1254] = 239.384
x[1255] = 33.2601
x[1256] = 72.9404
x[1257] = 65.7872
x[1258] = 196.791
x[1259] = 1171.13
x[1260] = 1104.06
x[1261] = 798.243
x[1262] = 995.935
x[1263] = 1016.54
x[1264] = 960.698
x[1265] = 995.935
x[1266] = 918.519
x[1267] = 2.72848e-12
x[1268] = 2150.4
x[1269] = 177.416
x[1270] = 181.782
x[1271] = 177.416
x[1272] = 175.822
x[1273] = 145.792
x[1274] = 1252.06
x[1275] = 74.6809
x[1276] = -1.53699e-09
x[1277] = 184.836
x[1278] = 43.0104
x[1279] = 8.63507
x[1280] = 2.13089
x[1281] = 894.708
x[1282] = 107.222
x[1283] = 67.3037
x[1284] = 64.9414
x[1285] = 80.3052
x[1286] = 67.3037
x[1287] = 76.8128
x[1288] = 596.749
x[1289] = 68.6124
x[1290] = 114.285
x[1291] = 117.404
x[1292] = 91.697
x[1293] = 114.285
x[1294] = 740.375
x[1295] = 84.6383
x[1296] = 65.9273
x[1297] = 110.675
x[1298] = 75.7137
x[1299] = 65.9273
x[1300] = 98.8909
x[1301] = 178.552
x[1302] = 1112.89
x[1303] = 121.061
x[1304] = 227.314
x[1305] = 36.7018
x[1306] = 33.9331
x[1307] = 33.9331
x[1308] = 195.69
x[1309] = 1106.26
x[1310] = 131.984
x[1311] = 162.426
x[1312] = 195.994
x[1313] = 157.002
x[1314] = 131.984
x[1315] = 130.788
x[1316] = 108.303
x[1317] = 708.373
x[1318] = 932.416
x[1319] = 1090.36
x[1320] = 1078.27
x[1321] = 1083.51
x[1322] = 1090.36
x[1323] = 1078.27
x[1324] = 1035.83
x[1325] = -2.24532e-12
x[1326] = 1468.05
x[1327] = 152.191
x[1328] = 241.776
x[1329] = 293.614
x[1330] = 254.441
x[1331] = 281.532
x[1332] = 284.435
x[1333] = 246.01
x[1334] = 1632.51
x[1335] = 74.1014
x[1336] = 123.428
x[1337] = 126.796
x[1338] = 99.0328
x[1339] = 123.428
x[1340] = 424.036
x[1341] = 488.457
x[1342] = 458.64
x[1343] = 488.457
x[1344] = 488.457
x[1345] = 422.574
x[1346] = 488.457
x[1347] = 424.036
x[1348] = 1501.69
x[1349] = 285.766
x[1350] = 42.6588
x[1351] = 39.7553
x[1352] = 246.01
x[1353] = 1390.73
x[1354] = 1354.9
x[1355] = 1993.88
x[1356] = 2232.12
x[1357] = 2287.5
x[1358] = 2293.98
x[1359] = 2245.65
x[1360] = 2140.99
x[1361] = 2277.69
x[1362] = 2813.72
x[1363] = 159.108
x[1364] = 298.755
x[1365] = 350.721
x[1366] = 392.284
x[1367] = 392.284
x[1368] = 392.284
x[1369] = 257.193
x[1370] = 1804.67
x[1371] = 1416.48
x[1372] = 145.515
x[1373] = 91.3408
x[1374] = 88.1347
x[1375] = 108.986
x[1376] = 91.3408
x[1377] = 104.246
x[1378] = 809.874
x[1379] = 141.814
x[1380] = 42.5257
x[1381] = 79.5704
x[1382] = 229.237
x[1383] = 1338.43
x[1384] = 89.617
x[1385] = 69.8054
x[1386] = 117.185
x[1387] = 80.1675
x[1388] = 69.8054
x[1389] = 104.708
x[1390] = 189.055
x[1391] = 1105.34
x[1392] = 1178.36
x[1393] = 79.5904
x[1394] = 132.571
x[1395] = 136.188
x[1396] = 106.369
x[1397] = 132.571
x[1398] = 858.835
x[1399] = 134.48
x[1400] = 223.999
x[1401] = 230.111
x[1402] = 179.726
x[1403] = 223.999
x[1404] = 223.999
x[1405] = 223.999
x[1406] = 278.1
x[1407] = 1728.5
x[1408] = 93.3897
x[1409] = 175.356
x[1410] = 28.3128
x[1411] = 26.177
x[1412] = 26.177
x[1413] = 26.177
x[1414] = 150.961
x[1415] = 855.185
x[1416] = 2.68225e+06
x[1417] = 2.68229e+06
x[1418] = 2.68229e+06
x[1419] = 2.6822e+06
x[1420] = -1.08751e-09
x[1421] = 90.3595
x[1422] = 127.21
x[1423] = 98.4189
x[1424] = 90.3595
x[1425] = -1.28135e-09
x[1426] = 952.567
x[1427] = 251.448
x[1428] = 161.831
x[1429] = 328.275
x[1430] = 88.8906
x[1431] = 129.304
x[1432] = 161.831
x[1433] = 161.831
x[1434] = 68.6124
x[1435] = 114.285
x[1436] = 117.404
x[1437] = 91.697
x[1438] = 114.285
x[1439] = 740.375
x[1440] = 1.67873e-10
x[1441] = 77.451
x[1442] = 109.037
x[1443] = 84.3591
x[1444] = 816.486
x[1445] = 947.68
x[1446] = 83.0131
x[1447] = 59.2604
x[1448] = -3.55271e-15
x[1449] = 134.187
x[1450] = 736.896
x[1451] = 121.918
x[1452] = 4.40389
x[1453] = 28.5283
x[1454] = 138.424
x[1455] = 825.641
x[1456] = 1272.69
x[1457] = 1460.1
x[1458] = 1433.4
x[1459] = 1366.59
x[1460] = 1795.99
x[1461] = 93.9228
x[1462] = 91.4282
x[1463] = 135.465
x[1464] = 31.6981
x[1465] = 31.6981
x[1466] = 979.924
x[1467] = 86.472
x[1468] = 61.7296
x[1469] = 26.2155
x[1470] = 93.3897
x[1471] = 3.55271e-15
x[1472] = 175.356
x[1473] = 66.6679
x[1474] = 28.3128
x[1475] = 26.177
x[1476] = 1795.99
x[1477] = 121.061
x[1478] = 3.55271e-15
x[1479] = 227.314
x[1480] = 86.4214
x[1481] = 36.7018
x[1482] = 33.9331
x[1483] = 1.61478e-10
x[1484] = 74.2239
x[1485] = 104.494
x[1486] = 80.8441
x[1487] = 1.66267e-12
x[1488] = 66.5925
x[1489] = 29.8165
x[1490] = 33.9325
x[1491] = 1.53904e-10
x[1492] = 70.9968
x[1493] = 99.9508
x[1494] = 77.3291
x[1495] = 1125.37
x[1496] = 136.617
x[1497] = 136.617
x[1498] = 136.617
x[1499] = 895.198
x[1500] = 1836.95
x[1501] = 1840.82
x[1502] = 1.95911e-10
x[1503] = 90.3595
x[1504] = 127.21
x[1505] = 98.4189
x[1506] = 2.07478e-12
x[1507] = 2.16502e-10
x[1508] = 100.041
x[1509] = 140.84
x[1510] = 108.964
x[1511] = 1054.63
x[1512] = 2.09809e-10
x[1513] = 96.8138
x[1514] = 105.449
x[1515] = 1.79057e-12
x[1516] = 2.37407e-10
x[1517] = 119.509
x[1518] = 1156.69
x[1519] = 71.9002
x[1520] = 121.632
x[1521] = 747.38
x[1522] = 33.4306
x[1523] = 88.9183
x[1524] = -6.11635e-10
x[1525] = 109.722
x[1526] = 154.469
x[1527] = 119.509
x[1528] = 109.722
x[1529] = -8.47308e-10
x[1530] = 91.9044
x[1531] = 57.6889
x[1532] = 511.499
x[1533] = 31.8995
x[1534] = 2.57652
x[1535] = 5.9442
x[1536] = 10.3481
x[1537] = 2.57652
x[1538] = 2.57652
x[1539] = 1.53904e-10
x[1540] = 70.9968
x[1541] = 99.9508
x[1542] = 77.3291
x[1543] = 1.63425e-12
x[1544] = 153.266
x[1545] = 31.4124
x[1546] = 62.1324
x[1547] = 185.858
x[1548] = 1106.07
x[1549] = 5.86056e-11
x[1550] = 1047.62
x[1551] = 404.171
x[1552] = 378.886
x[1553] = 381.1
x[1554] = 385.014
x[1555] = 130.872
x[1556] = 30.8478
x[1557] = 27.1059
x[1558] = 167.734
x[1559] = 948.226
x[1560] = 98.8019
x[1561] = 164.571
x[1562] = 169.061
x[1563] = 132.044
x[1564] = 164.571
x[1565] = 1066.14
x[1566] = -7.1427e-14
x[1567] = -7.1427e-14
x[1568] = 1.16288e-13
x[1569] = -7.1427e-14
x[1570] = -2.17375e-16
x[1571] = 2.13454e-30
x[1572] = 1.69207e-13
x[1573] = 2.13454e-30
x[1574] = 2.13454e-30
x[1575] = 2.13454e-30
x[1576] = 1.25299e-15
x[1577] = 1.25299e-15
x[1578] = 1.7046e-13
x[1579] = 1.25299e-15
x[1580] = 1.25299e-15
x[1581] = 23.4761
x[1582] = 1.42109e-13
x[1583] = 23.4761
x[1584] = 23.4761
x[1585] = 23.4761
x[1586] = 0
x[1587] = 4.72463e-15
x[1588] = 1.69207e-13
x[1589] = 0
x[1590] = 0
x[1591] = 8.34863e-14
x[1592] = 8.34863e-14
x[1593] = 2.52694e-13
x[1594] = 8.34863e-14
x[1595] = 8.34863e-14
x[1596] = 1.24291e-14
x[1597] = 1.81636e-13
x[1598] = 1.24291e-14
x[1599] = 1.24291e-14
x[1600] = 1.30385e-08
x[1601] = 1.22459e-08
x[1602] = 1.30387e-08
x[1603] = 1.30385e-08
x[1604] = 1.30385e-08
x[1605] = 78.3103
x[1606] = 78.3103
x[1607] = 1.71675e-15
x[1608] = 2.4197e-13
x[1609] = 4.11177e-13
x[1610] = 2.4197e-13
x[1611] = 2.4197e-13
x[1612] = 0
x[1613] = 0
x[1614] = 0
x[1615] = 6.79515e-13
x[1616] = 8.48722e-13
x[1617] = 6.79515e-13
x[1618] = 4.56996e-16
x[1619] = -1.4844e-16
x[1620] = -2.76618e-15
x[1621] = -3.5662e-15
x[1622] = -1.45519e-11
x[1623] = -1.7565e-16
x[1624] = 9.41792e-16
x[1625] = -1.42325e-16
x[1626] = -2.28138e-15
x[1627] = -3.0814e-15
x[1628] = 3.2008e-12
x[1629] = 2.32274e-16
x[1630] = -2.38546e-15
x[1631] = -3.18548e-15
x[1632] = -1.09798e-10
x[1633] = 3.20069e-12
x[1634] = 1.50938e-15
x[1635] = -1.0418e-15
x[1636] = -7.27941e-16
x[1637] = -9.36108e-16
x[1638] = 5.23798e-14
x[1639] = 1.08724e-15
x[1640] = 3.12259e-18
x[1641] = -2.13593e-15
x[1642] = 1.31569e-16
x[1643] = 101578
x[1644] = -8.30979e-15
x[1645] = -3.27979e-16
x[1646] = -2.13507e-11
x[1647] = 2.17875e-15
b:
b[0] = 5555.47
b[1] = 2940.72
b[2] = 5017.4
b[3] = 4359.52
b[4] = 4015.66
b[5] = 4403.53
b[6] = 2492.88
b[7] = 1.36021e+08
b[8] = 4355.96
b[9] = 30933.9
b[10] = 24207.3
b[11] = 5555.47
b[12] = 2940.72
b[13] = 5017.4
b[14] = 4531.6
b[15] = 4015.66
b[16] = 4403.53
b[17] = 2492.88
b[18] = 1.36021e+08
b[19] = 4355.96
b[20] = 30933.9
b[21] = 0
b[22] = 24207.3
b[23] = 0
b[24] = 0
b[25] = 0
b[26] = 0
b[27] = 0
b[28] = 0
b[29] = -69.8561
b[30] = -98.3985
b[31] = -316.091
b[32] = -85.8226
b[33] = -68.6144
b[34] = -146.875
b[35] = -98.3985
b[36] = -3.39096e+06
b[37] = -74.1606
b[38] = -69.7117
b[39] = -146.875
b[40] = 0
b[41] = 49.3213
b[42] = -94.4626
b[43] = 33.5686
b[44] = -86.8695
b[45] = -47.8848
b[46] = -24.6163
b[47] = -47.8848
b[48] = -3.28931e+06
b[49] = -24.6163
b[50] = 12.6574
b[51] = -70.3496
b[52] = 0
b[53] = 1.82897
b[54] = -62.9751
b[55] = 5.78368
b[56] = -93.4114
b[57] = -31.7406
b[58] = -47.4628
b[59] = -62.9751
b[60] = -2.19289e+06
b[61] = -47.4628
b[62] = -8.15713
b[63] = -48.5186
b[64] = 0
b[65] = 367.453
b[66] = 435.362
b[67] = -161.428
b[68] = 439.451
b[69] = 452.529
b[70] = -111.625
b[71] = 435.362
b[72] = -2.59187e+06
b[73] = 452.529
b[74] = -52.9809
b[75] = 452.529
b[76] = 120.682
b[77] = -201.926
b[78] = -94.2882
b[79] = -13.0092
b[80] = -54.7156
b[81] = -94.4626
b[82] = -71.1942
b[83] = -94.2882
b[84] = -3.28934e+06
b[85] = -71.0198
b[86] = -33.9204
b[87] = -94.4626
b[88] = 0
b[89] = 145.409
b[90] = -55.1032
b[91] = 177.334
b[92] = -64.7398
b[93] = 149.779
b[94] = 137.13
b[95] = 137.13
b[96] = -1.98954e+06
b[97] = 137.13
b[98] = 165.136
b[99] = -6.61585
b[100] = 0
b[101] = 77.9836
b[102] = 731.522
b[103] = 674.481
b[104] = 722.804
b[105] = 754.11
b[106] = 740.012
b[107] = 731.522
b[108] = -3.3901e+06
b[109] = 740.012
b[110] = -2383.68
b[111] = 189.925
b[112] = 0
b[113] = -201.996
b[114] = -51.499
b[115] = 14.2849
b[116] = -66.6423
b[117] = -60.3807
b[118] = -39.0513
b[119] = -51.499
b[120] = -2.99157e+06
b[121] = -39.0513
b[122] = -4.88367
b[123] = -51.499
b[124] = 0
b[125] = -193.513
b[126] = -36.6042
b[127] = -113.967
b[128] = -52.4358
b[129] = -286.669
b[130] = -36.6042
b[131] = -36.6042
b[132] = -3.09315e+06
b[133] = -36.6042
b[134] = -161.103
b[135] = -36.6042
b[136] = 0
b[137] = -193.513
b[138] = -90.3595
b[139] = -113.967
b[140] = -106.191
b[141] = -286.669
b[142] = -68.2277
b[143] = -90.3595
b[144] = -3.09315e+06
b[145] = -68.0607
b[146] = -161.103
b[147] = -90.3595
b[148] = -492.069
b[149] = -134.618
b[150] = -62.8588
b[151] = -79.2811
b[152] = -36.4771
b[153] = -199.422
b[154] = -47.4628
b[155] = -62.8588
b[156] = -2.19289e+06
b[157] = -47.3465
b[158] = -112.072
b[159] = -62.9751
b[160] = 0
b[161] = 66.3043
b[162] = -6.60022
b[163] = 54.3813
b[164] = -41.0367
b[165] = -6.60022
b[166] = 10.8511
b[167] = -70.8469
b[168] = -2.49065e+06
b[169] = 10.8511
b[170] = 26.9105
b[171] = -54.5834
b[172] = 0
b[173] = -229.541
b[174] = -58.5216
b[175] = 16.2329
b[176] = -75.7298
b[177] = -68.6144
b[178] = -44.3764
b[179] = -58.5216
b[180] = -3.39091e+06
b[181] = -44.3764
b[182] = -5.54962
b[183] = -58.5216
b[184] = 0
b[185] = 2.1719
b[186] = -74.7829
b[187] = 6.86812
b[188] = -110.828
b[189] = 87.2474
b[190] = 87.2474
b[191] = 87.2474
b[192] = -2.59219e+06
b[193] = 87.2474
b[194] = 28.9449
b[195] = 87.2474
b[196] = 0
b[197] = -36.3252
b[198] = -51.1672
b[199] = -164.367
b[200] = -44.6278
b[201] = -35.6795
b[202] = -76.3747
b[203] = -51.1672
b[204] = -1.79358e+06
b[205] = -38.5635
b[206] = -36.2501
b[207] = -76.3747
b[208] = 0
b[209] = -173.651
b[210] = -66.1876
b[211] = -118.922
b[212] = -49.7091
b[213] = -41.0207
b[214] = -66.0709
b[215] = -66.1876
b[216] = -3.28933e+06
b[217] = -64.604
b[218] = -139.833
b[219] = -66.1876
b[220] = -924.321
b[221] = -201.996
b[222] = -60.3807
b[223] = 14.2849
b[224] = -102.035
b[225] = -60.3807
b[226] = -39.0513
b[227] = -60.3807
b[228] = -2.99157e+06
b[229] = -39.0513
b[230] = -4.88367
b[231] = -40.503
b[232] = 0
b[233] = -192.815
b[234] = -57.6361
b[235] = 13.6356
b[236] = -63.6131
b[237] = -57.6361
b[238] = -37.2762
b[239] = -57.6361
b[240] = -2.88999e+06
b[241] = -37.2762
b[242] = -4.66168
b[243] = -57.6361
b[244] = 0
b[245] = -109.471
b[246] = -51.1672
b[247] = 4.69924
b[248] = -75.9946
b[249] = -25.7893
b[250] = -38.5635
b[251] = -51.1672
b[252] = -1.79355e+06
b[253] = -38.5635
b[254] = -6.62767
b[255] = -39.4213
b[256] = 0
b[257] = -218.754
b[258] = -102.146
b[259] = -128.832
b[260] = -59.2752
b[261] = -324.06
b[262] = -77.127
b[263] = -102.146
b[264] = -3.49249e+06
b[265] = -182.117
b[266] = -102.334
b[267] = 0
b[268] = 945.982
b[269] = -74.7829
b[270] = 902.453
b[271] = -88.3998
b[272] = 1031.06
b[273] = 1031.06
b[274] = 1031.06
b[275] = -2.59129e+06
b[276] = 1031.06
b[277] = 435.838
b[278] = 1031.06
b[279] = 699.21
b[280] = -47.5022
b[281] = -66.911
b[282] = -214.942
b[283] = -58.3594
b[284] = -46.6578
b[285] = -99.8747
b[286] = -66.911
b[287] = -2.38911e+06
b[288] = -50.4292
b[289] = -47.404
b[290] = -99.8747
b[291] = 0
b[292] = 9.82685
b[293] = 30.8311
b[294] = -84.2362
b[295] = 19.1295
b[296] = 30.8311
b[297] = -150.416
b[298] = 30.8311
b[299] = -2.38906e+06
b[300] = -155.104
b[301] = 12.7954
b[302] = 30.8311
b[303] = 0
b[304] = -211.178
b[305] = 19.6791
b[306] = 14.9343
b[307] = 3.84745
b[308] = -63.1252
b[309] = 19.6791
b[310] = 19.6791
b[311] = -3.09315e+06
b[312] = 19.6791
b[313] = -700.85
b[314] = 19.6791
b[315] = 0
b[316] = -211.178
b[317] = 217.852
b[318] = 62.1724
b[319] = -106.848
b[320] = -63.1252
b[321] = 217.852
b[322] = 217.852
b[323] = -3.09304e+06
b[324] = 217.852
b[325] = -5.10565
b[326] = 217.852
b[327] = 0
b[328] = -80.2696
b[329] = -94.4626
b[330] = -25.54
b[331] = -56.2993
b[332] = -177.476
b[333] = -71.1942
b[334] = -94.4626
b[335] = -3.28934e+06
b[336] = -71.1942
b[337] = -46.4512
b[338] = -72.7779
b[339] = 0
b[340] = -44.7079
b[341] = -62.9751
b[342] = -202.298
b[343] = -54.9265
b[344] = -43.9132
b[345] = -93.9997
b[346] = -62.9751
b[347] = -2.19292e+06
b[348] = -47.4628
b[349] = -44.6155
b[350] = -93.9997
b[351] = 0
b[352] = -61.4734
b[353] = -86.5907
b[354] = -278.16
b[355] = -75.5239
b[356] = -60.3807
b[357] = -129.25
b[358] = -86.5907
b[359] = -2.99162e+06
b[360] = -65.2613
b[361] = -61.3463
b[362] = -129.25
b[363] = 0
b[364] = -109.377
b[365] = -51.1672
b[366] = 4.69924
b[367] = -75.9946
b[368] = -25.6948
b[369] = -38.5635
b[370] = -51.0728
b[371] = -1.79355e+06
b[372] = -38.4691
b[373] = -6.62767
b[374] = -39.4213
b[375] = 0
b[376] = 1.94328
b[377] = -66.911
b[378] = 40.7101
b[379] = -99.7387
b[380] = 7.24996
b[381] = -13.0033
b[382] = -13.0033
b[383] = -2.38904e+06
b[384] = -13.0033
b[385] = 25.898
b[386] = -51.551
b[387] = 0
b[388] = 9.82685
b[389] = 30.8311
b[390] = -84.2362
b[391] = 19.1295
b[392] = 30.8311
b[393] = -150.416
b[394] = 30.8311
b[395] = -2.38906e+06
b[396] = -155.104
b[397] = 12.7954
b[398] = 0
b[399] = 69.6836
b[400] = -7.27122
b[401] = 56.9285
b[402] = -43.3165
b[403] = -7.27122
b[404] = 11.1496
b[405] = -74.7829
b[406] = -2.59221e+06
b[407] = 11.1496
b[408] = 28.4055
b[409] = -57.6158
b[410] = 47.843
b[411] = -4.8103
b[412] = 39.2397
b[413] = -29.6376
b[414] = -4.8103
b[415] = 7.79342
b[416] = -51.1672
b[417] = -1.79352e+06
b[418] = 7.79342
b[419] = 19.4353
b[420] = -39.4213
b[421] = 0
b[422] = -44.7079
b[423] = -62.9751
b[424] = -202.298
b[425] = -54.9265
b[426] = -43.9132
b[427] = -93.9997
b[428] = -62.9751
b[429] = -2.19292e+06
b[430] = -47.4628
b[431] = -44.6155
b[432] = -93.9997
b[433] = 0
b[434] = -143.155
b[435] = -66.911
b[436] = 6.14516
b[437] = -99.7387
b[438] = -33.7244
b[439] = -50.4292
b[440] = -66.911
b[441] = -2.38908e+06
b[442] = -50.4292
b[443] = -8.66695
b[444] = -51.551
b[445] = 0
b[446] = 12.1391
b[447] = 38.0855
b[448] = -104.056
b[449] = 23.6305
b[450] = 38.0855
b[451] = -185.808
b[452] = 38.0855
b[453] = -2.88997e+06
b[454] = -189.91
b[455] = 15.8061
b[456] = 38.0855
b[457] = 0
b[458] = -192.815
b[459] = -57.6361
b[460] = 13.6356
b[461] = -63.6131
b[462] = -57.6361
b[463] = -37.2762
b[464] = -57.6361
b[465] = -2.88999e+06
b[466] = -37.2762
b[467] = -4.66168
b[468] = -57.6361
b[469] = 0
b[470] = -201.996
b[471] = -60.3807
b[472] = 14.2849
b[473] = -66.6423
b[474] = -60.3807
b[475] = -39.0513
b[476] = -60.3807
b[477] = -2.99157e+06
b[478] = -39.0513
b[479] = -4.88367
b[480] = -60.3807
b[481] = 0
b[482] = 12.7171
b[483] = 39.8991
b[484] = -109.012
b[485] = 24.7558
b[486] = 39.8991
b[487] = -194.656
b[488] = 39.8991
b[489] = -2.99155e+06
b[490] = -197.959
b[491] = 16.5588
b[492] = 39.8991
b[493] = 0
b[494] = -192.815
b[495] = -57.6361
b[496] = 13.6356
b[497] = -63.6131
b[498] = -57.6361
b[499] = -37.2762
b[500] = -57.6361
b[501] = -2.88999e+06
b[502] = -37.2762
b[503] = -4.66168
b[504] = -57.6361
b[505] = 0
b[506] = -193.513
b[507] = -31.8063
b[508] = -113.967
b[509] = -47.6379
b[510] = -4.40485
b[511] = -31.8063
b[512] = -31.8063
b[513] = -3.09312e+06
b[514] = -31.8063
b[515] = 39.1835
b[516] = -31.8063
b[517] = 0
b[518] = -220.36
b[519] = -56.1807
b[520] = 15.5836
b[521] = -72.7006
b[522] = -65.8698
b[523] = -42.6014
b[524] = -56.1807
b[525] = -3.28933e+06
b[526] = -42.6014
b[527] = -5.32764
b[528] = -56.1807
b[529] = 0
b[530] = -47.5022
b[531] = -66.911
b[532] = -214.942
b[533] = -58.3594
b[534] = -46.6578
b[535] = -99.8747
b[536] = -66.911
b[537] = -2.38911e+06
b[538] = -50.4292
b[539] = -47.404
b[540] = -99.8747
b[541] = 0
b[542] = -128.543
b[543] = -38.4241
b[544] = 9.09042
b[545] = -42.4087
b[546] = -38.4241
b[547] = -24.8508
b[548] = -38.4241
b[549] = -1.98973e+06
b[550] = -24.8508
b[551] = -3.10779
b[552] = -38.4241
b[553] = 0
b[554] = -210.34
b[555] = -98.2169
b[556] = -123.877
b[557] = -115.607
b[558] = -311.596
b[559] = -74.1606
b[560] = -98.2169
b[561] = -3.39091e+06
b[562] = -73.979
b[563] = -175.112
b[564] = -98.3985
b[565] = 0
b[566] = -146.906
b[567] = -43.9132
b[568] = 10.389
b[569] = -48.4671
b[570] = -43.9132
b[571] = -28.4009
b[572] = -43.9132
b[573] = -2.19289e+06
b[574] = -28.4009
b[575] = -3.55176
b[576] = -43.9132
b[577] = 0
b[578] = 220.796
b[579] = 497.435
b[580] = 458.647
b[581] = 491.507
b[582] = 512.795
b[583] = 503.208
b[584] = 497.435
b[585] = -2.38852e+06
b[586] = 503.208
b[587] = -911.081
b[588] = 296.916
b[589] = 0
b[590] = 73.0628
b[591] = -7.94222
b[592] = 59.9247
b[593] = -45.5963
b[594] = -7.02377
b[595] = 11.4481
b[596] = -78.7188
b[597] = -2.69378e+06
b[598] = 11.4481
b[599] = 29.9005
b[600] = -60.6482
b[601] = 0
b[602] = -134.734
b[603] = -62.9751
b[604] = 5.78368
b[605] = -93.4114
b[606] = -31.7406
b[607] = -47.4628
b[608] = -62.9751
b[609] = -2.19289e+06
b[610] = -47.4628
b[611] = -8.15713
b[612] = -48.5186
b[613] = 0
b[614] = 10.983
b[615] = 34.4583
b[616] = -94.1464
b[617] = 21.38
b[618] = 34.4583
b[619] = -257.11
b[620] = 34.4583
b[621] = -2.59221e+06
b[622] = -171.202
b[623] = 14.3008
b[624] = 0
b[625] = -185.099
b[626] = -86.4309
b[627] = -109.012
b[628] = -50.156
b[629] = -274.205
b[630] = -65.2613
b[631] = -86.4309
b[632] = -2.99157e+06
b[633] = -65.1015
b[634] = -154.099
b[635] = -86.4309
b[636] = 0
b[637] = 1169.85
b[638] = -66.911
b[639] = 1115.93
b[640] = -99.7387
b[641] = 1175.16
b[642] = 1154.91
b[643] = 1154.91
b[644] = -2.38787e+06
b[645] = 1154.91
b[646] = 1193.81
b[647] = 985.252
b[648] = 856.103
b[649] = -28.7839
b[650] = -59.0391
b[651] = 5.4222
b[652] = -87.8666
b[653] = -24.1015
b[654] = -37.6544
b[655] = -37.6544
b[656] = -2.09129e+06
b[657] = -37.6544
b[658] = -7.64731
b[659] = -45.4862
b[660] = 0
b[661] = -41.0132
b[662] = 41.7126
b[663] = -113.967
b[664] = 25.881
b[665] = 41.7126
b[666] = 41.7126
b[667] = 41.7126
b[668] = 41.7126
b[669] = -678.816
b[670] = 41.7126
b[671] = -1430.62
b[672] = -238.723
b[673] = 90.8822
b[674] = 16.8822
b[675] = 72.9856
b[676] = -71.359
b[677] = 90.8822
b[678] = 90.8822
b[679] = -3.49249e+06
b[680] = 90.8822
b[681] = -723.628
b[682] = 90.8822
b[683] = 0
b[684] = 7.51465
b[685] = 23.5767
b[686] = -64.4159
b[687] = 14.6284
b[688] = 23.5767
b[689] = -115.024
b[690] = 23.5767
b[691] = -1.79353e+06
b[692] = -117.688
b[693] = 9.78473
b[694] = 0
b[695] = 298.752
b[696] = 800.926
b[697] = 750.389
b[698] = 777.985
b[699] = 821.707
b[700] = 800.926
b[701] = 800.926
b[702] = -3.09226e+06
b[703] = 800.926
b[704] = -318.819
b[705] = 401.71
b[706] = 0
b[707] = -248.463
b[708] = -94.4626
b[709] = -381.258
b[710] = -82.3897
b[711] = -65.8698
b[712] = -141
b[713] = -94.4626
b[714] = -3.2894e+06
b[715] = -71.1942
b[716] = -66.9232
b[717] = -141
b[718] = 0
b[719] = -210.34
b[720] = 845.97
b[721] = 676.754
b[722] = 828.762
b[723] = -98.3985
b[724] = 845.97
b[725] = 845.97
b[726] = -3.39019e+06
b[727] = 845.97
b[728] = 62.7869
b[729] = 845.97
b[730] = 409.329
b[731] = -218.754
b[732] = 605.543
b[733] = 548.414
b[734] = 587.646
b[735] = -324.06
b[736] = 605.543
b[737] = 605.543
b[738] = -3.49201e+06
b[739] = 605.543
b[740] = -115.363
b[741] = 605.543
b[742] = 151.436
b[743] = -223.438
b[744] = -133.822
b[745] = -168.472
b[746] = -116.719
b[747] = -93.3156
b[748] = -199.749
b[749] = -133.822
b[750] = -4.49444e+06
b[751] = -317.155
b[752] = -1287.48
b[753] = 0
b[754] = 17.3415
b[755] = 54.4078
b[756] = -148.652
b[757] = 33.7579
b[758] = 54.4078
b[759] = -82.7345
b[760] = 54.4078
b[761] = -88.9927
b[762] = 0
b[763] = -758.843
b[764] = -184.989
b[765] = -232.888
b[766] = -161.347
b[767] = -128.995
b[768] = -276.124
b[769] = -184.989
b[770] = -6.19343e+06
b[771] = -139.422
b[772] = -3252.14
b[773] = -1779.75
b[774] = 0
b[775] = -325
b[776] = -123.506
b[777] = -136.314
b[778] = -123.506
b[779] = -123.506
b[780] = -5.8955e+06
b[781] = -261.591
b[782] = -1390.64
b[783] = 0
b[784] = 5.48691
b[785] = -188.925
b[786] = 17.351
b[787] = -277.886
b[788] = -95.2219
b[789] = -142.388
b[790] = -188.925
b[791] = -1.08817e+07
b[792] = -142.388
b[793] = -24.4714
b[794] = -145.556
b[795] = 24.8562
b[796] = 77.9845
b[797] = -213.068
b[798] = 70.0161
b[799] = 99.6143
b[800] = 99.6143
b[801] = 99.6143
b[802] = 32.3649
b[803] = 99.6143
b[804] = -1373.18
b[805] = -286.062
b[806] = -133.822
b[807] = -168.472
b[808] = -116.719
b[809] = -93.3156
b[810] = -199.749
b[811] = -100.858
b[812] = -1822.16
b[813] = -757.032
b[814] = -2933.52
b[815] = -394.008
b[816] = -169.245
b[817] = -130.255
b[818] = -118.017
b[819] = -169.245
b[820] = -5.69239e+06
b[821] = -1309.2
b[822] = -2536.37
b[823] = 0
b[824] = 44.1518
b[825] = -65.205
b[826] = 26.4789
b[827] = -115.686
b[828] = -40.8097
b[829] = -39.028
b[830] = -106.27
b[831] = -6.12093e+06
b[832] = -39.028
b[833] = -13.7652
b[834] = -40.8097
b[835] = 3.31501
b[836] = -114.142
b[837] = 10.4829
b[838] = -66.1147
b[839] = -57.5299
b[840] = -170.374
b[841] = -114.142
b[842] = -3.89183e+06
b[843] = -114.142
b[844] = 1012.21
b[845] = 861.258
b[846] = 529.594
b[847] = 894.902
b[848] = 919.635
b[849] = 861.258
b[850] = 861.258
b[851] = 1012.5
b[852] = 861.258
b[853] = 0
b[854] = -332.223
b[855] = -518.534
b[856] = -227.324
b[857] = -604.278
b[858] = -126.25
b[859] = -126.25
b[860] = -126.25
b[861] = -6.09203e+06
b[862] = -360.933
b[863] = -126.25
b[864] = -227.167
b[865] = -106.27
b[866] = -92.6884
b[867] = -74.1035
b[868] = -106.27
b[869] = -3.59469e+06
b[870] = -1447.01
b[871] = -2217.56
b[872] = 0
b[873] = -984.096
b[874] = 21.5893
b[875] = -88.4594
b[876] = -11.4506
b[877] = -131.74
b[878] = 21.5893
b[879] = 21.5893
b[880] = -6.29469e+06
b[881] = 21.5893
b[882] = -4601.56
b[883] = -1931.67
b[884] = 0
b[885] = 969.615
b[886] = 907.087
b[887] = 836.357
b[888] = 896.277
b[889] = 935.097
b[890] = 917.615
b[891] = -318.107
b[892] = 653.04
b[893] = 0
b[894] = 15.0293
b[895] = 47.1534
b[896] = -128.832
b[897] = 29.2568
b[898] = 47.1534
b[899] = -230.048
b[900] = 47.1534
b[901] = -3.49246e+06
b[902] = -232.765
b[903] = 0
b[904] = -223.438
b[905] = -133.822
b[906] = -116.719
b[907] = -93.3156
b[908] = -133.822
b[909] = -4.49444e+06
b[910] = -317.155
b[911] = -1287.48
b[912] = 0
b[913] = 57.4394
b[914] = -102.334
b[915] = 40.374
b[916] = -96.7393
b[917] = -47.8672
b[918] = -22.6597
b[919] = -47.8672
b[920] = -3.49246e+06
b[921] = -22.6597
b[922] = 1.40663
b[923] = -78.8427
b[924] = 0
b[925] = -122.947
b[926] = -173.181
b[927] = -556.32
b[928] = -151.048
b[929] = -120.761
b[930] = -258.499
b[931] = -173.181
b[932] = -130.523
b[933] = -122.693
b[934] = -258.499
b[935] = -1026.99
b[936] = -164.292
b[937] = -98.3985
b[938] = -123.877
b[939] = -85.8226
b[940] = -68.6144
b[941] = -146.875
b[942] = -98.3985
b[943] = -3.391e+06
b[944] = -74.1606
b[945] = -1729.86
b[946] = -946.677
b[947] = 0
b[948] = 1532.62
b[949] = 1433.78
b[950] = 1321.98
b[951] = 1416.7
b[952] = 1478.06
b[953] = 1450.42
b[954] = -502.814
b[955] = 1032.23
b[956] = 0
b[957] = -83.8096
b[958] = 85.2389
b[959] = -232.888
b[960] = 52.8874
b[961] = 85.2389
b[962] = 85.2389
b[963] = 85.2389
b[964] = 85.2389
b[965] = -1387.15
b[966] = 85.2389
b[967] = -2923.43
b[968] = 112.725
b[969] = -77.6368
b[970] = -594.251
b[971] = -161.347
b[972] = -77.6368
b[973] = -276.124
b[974] = -77.6368
b[975] = -32.0695
b[976] = -131.058
b[977] = -276.124
b[978] = 0
b[979] = 46.6432
b[980] = -141.694
b[981] = 23.0793
b[982] = -166.474
b[983] = -71.4164
b[984] = -64.2633
b[985] = -71.4164
b[986] = -4.79209e+06
b[987] = -18.3535
b[988] = -71.4164
b[989] = 0
b[990] = -281.667
b[991] = -107.038
b[992] = -118.139
b[993] = -107.038
b[994] = -107.038
b[995] = -5.19147e+06
b[996] = -1187.41
b[997] = -2300.43
b[998] = 0
b[999] = -294.476
b[1000] = -137.758
b[1001] = -161.849
b[1002] = -436.235
b[1003] = -137.758
b[1004] = -4.69052e+06
b[1005] = -245.157
b[1006] = -137.758
b[1007] = 3.42932
b[1008] = -88.9927
b[1009] = 29.9259
b[1010] = -70.3741
b[1011] = -53.2517
b[1012] = -86.8618
b[1013] = -118.078
b[1014] = -3.99341e+06
b[1015] = -88.9927
b[1016] = 0
b[1017] = 875.781
b[1018] = 819.305
b[1019] = 755.419
b[1020] = 809.54
b[1021] = 844.604
b[1022] = 828.814
b[1023] = -1500.6
b[1024] = 489.038
b[1025] = 0
b[1026] = 14.4513
b[1027] = 45.3398
b[1028] = -123.877
b[1029] = 28.1316
b[1030] = 45.3398
b[1031] = -221.2
b[1032] = 45.3398
b[1033] = -3.39089e+06
b[1034] = -224.716
b[1035] = 0
b[1036] = -95.0044
b[1037] = -133.822
b[1038] = -429.884
b[1039] = -116.719
b[1040] = -93.3156
b[1041] = -199.749
b[1042] = -133.822
b[1043] = -100.858
b[1044] = -94.8079
b[1045] = 0
b[1046] = 4.00087
b[1047] = -137.758
b[1048] = 12.6518
b[1049] = -203.457
b[1050] = -69.4326
b[1051] = -103.825
b[1052] = -137.758
b[1053] = -7.93454e+06
b[1054] = -103.825
b[1055] = -17.8437
b[1056] = -106.134
b[1057] = -218.754
b[1058] = -102.146
b[1059] = -128.832
b[1060] = -59.2752
b[1061] = -324.06
b[1062] = -77.127
b[1063] = -102.146
b[1064] = -3.49249e+06
b[1065] = -182.117
b[1066] = -324.06
b[1067] = 0
b[1068] = 814.352
b[1069] = 777.425
b[1070] = 748.515
b[1071] = 827.463
b[1072] = 777.425
b[1073] = -5.49527e+06
b[1074] = -391.78
b[1075] = -1590.42
b[1076] = 39.2038
b[1077] = -236.747
b[1078] = -173.181
b[1079] = -218.023
b[1080] = -496.701
b[1081] = -120.761
b[1082] = -133.426
b[1083] = -414.958
b[1084] = -9.97485e+06
b[1085] = -130.523
b[1086] = -264.208
b[1087] = -133.426
b[1088] = 15.6074
b[1089] = 48.967
b[1090] = -133.787
b[1091] = 30.3821
b[1092] = 48.967
b[1093] = -238.896
b[1094] = 48.967
b[1095] = -3.59404e+06
b[1096] = -240.814
b[1097] = -135.477
b[1098] = -579.028
b[1099] = -163.08
b[1100] = -610.97
b[1101] = -90.571
b[1102] = -90.571
b[1103] = -90.571
b[1104] = -4.39278e+06
b[1105] = -90.571
b[1106] = -226.438
b[1107] = -90.571
b[1108] = -147.161
b[1109] = -173.181
b[1110] = 15.9051
b[1111] = -254.925
b[1112] = -133.426
b[1113] = -130.523
b[1114] = -133.426
b[1115] = -5.79393e+06
b[1116] = -22.4321
b[1117] = -133.426
b[1118] = 0
b[1119] = -395.439
b[1120] = -184.989
b[1121] = -232.888
b[1122] = -161.347
b[1123] = -128.995
b[1124] = -276.124
b[1125] = -139.422
b[1126] = -2518.87
b[1127] = -1046.48
b[1128] = -4055.16
b[1129] = 5.25828
b[1130] = -181.053
b[1131] = 16.6281
b[1132] = -266.797
b[1133] = 211.23
b[1134] = 211.23
b[1135] = 211.23
b[1136] = -6.0917e+06
b[1137] = 211.23
b[1138] = -23.4517
b[1139] = 211.23
b[1140] = 0
b[1141] = 1188.56
b[1142] = 1111.91
b[1143] = 1025.21
b[1144] = 1098.66
b[1145] = 1146.25
b[1146] = 1124.82
b[1147] = -2036.53
b[1148] = 663.694
b[1149] = 0
b[1150] = 4.68673
b[1151] = -161.374
b[1152] = -237.508
b[1153] = -81.8031
b[1154] = -81.8031
b[1155] = -5.39459e+06
b[1156] = -20.9026
b[1157] = -81.8031
b[1158] = -100.593
b[1159] = -141.694
b[1160] = -455.171
b[1161] = -123.585
b[1162] = -98.8047
b[1163] = -211.499
b[1164] = -141.694
b[1165] = -106.791
b[1166] = -100.385
b[1167] = -211.499
b[1168] = 0
b[1169] = 16.7635
b[1170] = 52.5942
b[1171] = -143.697
b[1172] = 32.6326
b[1173] = 52.5942
b[1174] = -256.592
b[1175] = 52.5942
b[1176] = -3.8918e+06
b[1177] = -259.522
b[1178] = 0
b[1179] = 28.3245
b[1180] = 88.8661
b[1181] = -242.798
b[1182] = 55.1379
b[1183] = 88.8661
b[1184] = 88.8661
b[1185] = 88.8661
b[1186] = 88.8661
b[1187] = 36.8809
b[1188] = 88.8661
b[1189] = -1564.78
b[1190] = 3.08638
b[1191] = -106.27
b[1192] = 9.75995
b[1193] = -156.751
b[1194] = -53.5623
b[1195] = -80.0934
b[1196] = -80.0934
b[1197] = -3.59428e+06
b[1198] = -80.0934
b[1199] = -13.7652
b[1200] = -80.0934
b[1201] = -114.142
b[1202] = -143.697
b[1203] = -99.5543
b[1204] = -170.374
b[1205] = -2.6824e+06
b[1206] = -6.57434e+06
b[1207] = -2.68237e+06
b[1208] = -184.007
b[1209] = -110.206
b[1210] = -96.1214
b[1211] = -76.8481
b[1212] = -110.206
b[1213] = -3.79035e+06
b[1214] = -261.186
b[1215] = -1060.28
b[1216] = 0
b[1217] = 89.5324
b[1218] = -21.3741
b[1219] = 65.9685
b[1220] = -123.585
b[1221] = -21.3741
b[1222] = -21.3741
b[1223] = -183.205
b[1224] = -8.16124e+06
b[1225] = -21.3741
b[1226] = 14.4513
b[1227] = 45.3398
b[1228] = -123.877
b[1229] = 28.1316
b[1230] = 45.3398
b[1231] = -221.2
b[1232] = 45.3398
b[1233] = -3.39089e+06
b[1234] = -224.716
b[1235] = 0
b[1236] = -157.721
b[1237] = -94.4626
b[1238] = -82.3897
b[1239] = -65.8698
b[1240] = -1574.26
b[1241] = -908.81
b[1242] = 0
b[1243] = -158.562
b[1244] = -88.2502
b[1245] = -94.9256
b[1246] = 0
b[1247] = 2.74345
b[1248] = -94.4626
b[1249] = -54.7156
b[1250] = -94.4626
b[1251] = -94.4626
b[1252] = -3.28934e+06
b[1253] = -12.2357
b[1254] = -94.4626
b[1255] = 61.1593
b[1256] = -106.27
b[1257] = -98.6784
b[1258] = -47.9266
b[1259] = -48.1974
b[1260] = -3.59407e+06
b[1261] = 3.24238
b[1262] = -80.0934
b[1263] = -252.408
b[1264] = -148.652
b[1265] = -82.3373
b[1266] = -176.249
b[1267] = -1607.79
b[1268] = -667.969
b[1269] = -2588.4
b[1270] = -99.1014
b[1271] = 22.5053
b[1272] = -176.96
b[1273] = 36.2719
b[1274] = -179.251
b[1275] = 4.76064e+06
b[1276] = 6.34752e+06
b[1277] = 74.6103
b[1278] = -46.8973
b[1279] = -102.987
b[1280] = -19.7913
b[1281] = -152.671
b[1282] = -6.80104e+06
b[1283] = -19.7913
b[1284] = 2.85776
b[1285] = -98.3985
b[1286] = -56.9954
b[1287] = -49.5947
b[1288] = -98.3985
b[1289] = -5.66753e+06
b[1290] = -207.988
b[1291] = 3.08638
b[1292] = -106.27
b[1293] = 9.75995
b[1294] = -61.5551
b[1295] = -53.5623
b[1296] = -80.0934
b[1297] = -106.27
b[1298] = -3.59428e+06
b[1299] = -106.27
b[1300] = -1607.79
b[1301] = -667.969
b[1302] = -2348.55
b[1303] = 4.00087
b[1304] = -137.758
b[1305] = 12.6518
b[1306] = -79.7936
b[1307] = -69.4326
b[1308] = -103.825
b[1309] = -137.758
b[1310] = -4.69059e+06
b[1311] = -137.758
b[1312] = -151.149
b[1313] = -90.5266
b[1314] = -78.9568
b[1315] = -63.1252
b[1316] = -214.546
b[1317] = -870.943
b[1318] = 3.77225
b[1319] = -52.5191
b[1320] = -75.234
b[1321] = -52.5191
b[1322] = -129.886
b[1323] = -7.48114e+06
b[1324] = -144.577
b[1325] = -86.5907
b[1326] = -75.5239
b[1327] = -60.3807
b[1328] = -833.076
b[1329] = -188.293
b[1330] = -104.797
b[1331] = -112.724
b[1332] = 0
b[1333] = 67.4914
b[1334] = -94.4626
b[1335] = -102.832
b[1336] = 74.9832
b[1337] = 53.2985
b[1338] = -5.44083e+06
b[1339] = 74.9832
b[1340] = -163.517
b[1341] = -291.984
b[1342] = -294.328
b[1343] = 1714.94
b[1344] = 1693.6
b[1345] = -122.014
b[1346] = -7.02774e+06
b[1347] = -184.007
b[1348] = -110.206
b[1349] = -96.1214
b[1350] = -76.8481
b[1351] = -261.186
b[1352] = -1060.28
b[1353] = -203.723
b[1354] = -122.014
b[1355] = -106.42
b[1356] = -85.0818
b[1357] = -2145.03
b[1358] = -1173.88
b[1359] = 0
b[1360] = -197.151
b[1361] = -118.078
b[1362] = -82.3373
b[1363] = -279.843
b[1364] = -1136.01
b[1365] = -223.438
b[1366] = -93.3156
b[1367] = -2352.61
b[1368] = -1287.48
b[1369] = 0
b[1370] = -227.167
b[1371] = -315.034
b[1372] = -336.987
b[1373] = -74.1035
b[1374] = -1022.41
b[1375] = -307.845
b[1376] = 631.975
b[1377] = 0
b[1378] = 1111.36
b[1379] = -193.498
b[1380] = -86.7947
b[1381] = -337.536
b[1382] = -145.63
b[1383] = -4.89393e+06
b[1384] = -339.294
b[1385] = -223.438
b[1386] = -133.822
b[1387] = -116.719
b[1388] = -93.3156
b[1389] = -133.822
b[1390] = -4.49444e+06
b[1391] = -317.155
b[1392] = -1287.48
b[1393] = 750.67
b[1394] = 723.946
b[1395] = -1286.23
b[1396] = 419.175
b[1397] = 0
b[1398] = 4.76064e+06
b[1399] = 183.763
b[1400] = 138.473
b[1401] = 76.5705
b[1402] = 119.888
b[1403] = 170.64
b[1404] = 138.473
b[1405] = -106.27
b[1406] = -3.59411e+06
b[1407] = 138.473
b[1408] = -144.577
b[1409] = -86.5907
b[1410] = -75.5239
b[1411] = -60.3807
b[1412] = -205.218
b[1413] = -833.076
b[1414] = 43.791
b[1415] = -133.822
b[1416] = -157.225
b[1417] = -67.4488
b[1418] = -67.4488
b[1419] = -4.49456e+06
b[1420] = -17.3339
b[1421] = -67.4488
b[1422] = -414.302
b[1423] = -322.473
b[1424] = -353.195
b[1425] = 0
b[1426] = 323.901
b[1427] = 284.424
b[1428] = 267.123
b[1429] = 312.236
b[1430] = -94.4626
b[1431] = -5.44083e+06
b[1432] = 39.1703
b[1433] = -118.078
b[1434] = -102.987
b[1435] = -82.3373
b[1436] = -82.3373
b[1437] = -3.9934e+06
b[1438] = -6.65954
b[1439] = -82.3373
b[1440] = -246.276
b[1441] = 20.8098
b[1442] = 65.2894
b[1443] = -178.383
b[1444] = 40.5095
b[1445] = 65.2894
b[1446] = -318.528
b[1447] = 65.2894
b[1448] = -321.085
b[1449] = 0
b[1450] = 0
b[1451] = 0
b[1452] = 0
b[1453] = 0
b[1454] = 0
b[1455] = 0
b[1456] = 0
b[1457] = 0
b[1458] = 0
b[1459] = 0
b[1460] = 0
b[1461] = 0
b[1462] = 0
b[1463] = 0
b[1464] = 0
b[1465] = 0
b[1466] = 0
b[1467] = 0
b[1468] = 23.4761
b[1469] = 0
b[1470] = 23.4761
b[1471] = 0
b[1472] = 23.4761
b[1473] = 23.4761
b[1474] = 0
b[1475] = 0
b[1476] = 0
b[1477] = 0
b[1478] = 0
b[1479] = 0
b[1480] = 0
b[1481] = 0
b[1482] = 0
b[1483] = 0
b[1484] = 0
b[1485] = 0
b[1486] = 0
b[1487] = 0
b[1488] = 0
b[1489] = 0
b[1490] = 0
b[1491] = 0
b[1492] = 2.8382e+06
b[1493] = 2.8382e+06
b[1494] = 2.8382e+06
b[1495] = 2.8382e+06
b[1496] = 2.8382e+06
b[1497] = 2.8382e+06
b[1498] = 78.3103
b[1499] = 78.3103
b[1500] = 0
b[1501] = 0
b[1502] = 0
b[1503] = 0
b[1504] = 0
b[1505] = 0
b[1506] = 0
b[1507] = 0
b[1508] = 0
b[1509] = 0
b[1510] = 0
b[1511] = 0
b[1512] = 0
b[1513] = 0
b[1514] = 0
b[1515] = 0
b[1516] = 0
b[1517] = 0
b[1518] = 0
b[1519] = 0
b[1520] = 0
b[1521] = 0
b[1522] = 0
b[1523] = 0
b[1524] = 0
b[1525] = 0
b[1526] = 0
b[1527] = 0
b[1528] = 0
b[1529] = 0
b[1530] = 0
b[1531] = 0
b[1532] = 0
b[1533] = 0
b[1534] = 0
b[1535] = 0
b[1536] = 0
b[1537] = 0
b[1538] = 0
b[1539] = 0
b[1540] = 0
b[1541] = 0
b[1542] = 0
b[1543] = 0
b[1544] = 0
b[1545] = 0
b[1546] = 0
b[1547] = 0
b[1548] = 0
b[1549] = 0
b[1550] = 0
b[1551] = 0
b[1552] = 0
b[1553] = 0
b[1554] = 0
b[1555] = 0
b[1556] = 0
b[1557] = 0
b[1558] = 0
b[1559] = -9.64988e+07
b[1560] = -9.64988e+07
b[1561] = -9.64988e+07
b[1562] = 0
b[1563] = -9.64988e+07
b[1564] = 0
b[1565] = 0
b[1566] = 0
b[1567] = 0
b[1568] = 0
b[1569] = 0
b[1570] = 0
b[1571] = 0
b[1572] = 0
b[1573] = 0
b[1574] = 0
b[1575] = 0
b[1576] = 0
b[1577] = 0
b[1578] = 0
b[1579] = 0
b[1580] = 0
b[1581] = 0
b[1582] = 0
b[1583] = 0
b[1584] = 0
b[1585] = 0
b[1586] = 0
b[1587] = 0
b[1588] = 0
b[1589] = 0
b[1590] = 0
b[1591] = 0
b[1592] = 0
b[1593] = 0
b[1594] = 0
b[1595] = 0
b[1596] = 0
b[1597] = 0
b[1598] = 0
b[1599] = 0
b[1600] = 0
b[1601] = 101578
b[1602] = 0
b[1603] = 0
b[1604] = 0
b[1605] = 0
b[1606] = 0
b[1607] = 0
b[1608] = 0
b[1609] = 0
b[1610] = 0
b[1611] = 101578
b[1612] = 0
b[1613] = 0
b[1614] = 0
b[1615] = 0
b[1616] = 0
b[1617] = 0
b[1618] = 0
b[1619] = 0
b[1620] = 0
b[1621] = 0
b[1622] = 101578
b[1623] = 0
b[1624] = 0
b[1625] = 0
b[1626] = 0
b[1627] = 0
b[1628] = 0
b[1629] = 0
b[1630] = 0
b[1631] = 0
b[1632] = 0
b[1633] = 0
b[1634] = 101578
b[1635] = 0
b[1636] = 0
b[1637] = 0
b[1638] = 0
b[1639] = 0
b[1640] = 0
b[1641] = 0
b[1642] = 0
b[1643] = 0
b[1644] = 0
b[1645] = 0
b[1646] = 101578
b[1647] = 0
v:
v[0] = -61.1815
v[1] = 12.6958
v[2] = -8.13154
v[3] = -46.4979
v[4] = -33.882
v[5] = 185.118
v[6] = 757.122
v[7] = -4.84848
v[8] = -128.277
v[9] = -128.277
v[10] = -89.236
v[11] = 35.2973
v[12] = -5.50964
v[13] = -9.6562
v[14] = -31.8144
v[15] = -105.579
v[16] = -4.84848
v[17] = -4.62809
v[18] = -6.60687
v[19] = -145.008
v[20] = -7.825
v[21] = -41.6034
v[22] = 11.3883
v[23] = -5.06886
v[24] = -5.06886
v[25] = -12.1973
v[26] = -39.1562
v[27] = -53.8397
v[28] = -6.60687
v[29] = 27.8562
v[30] = 11.3883
v[31] = 37.2583
v[32] = 28.0042
v[33] = -39.1562
v[34] = -8.63976
v[35] = 14.0679
v[36] = -4.62809
v[37] = -4.84848
v[38] = 14.7378
v[39] = -4.62809
v[40] = 15.4077
v[41] = -5.28925
v[42] = -41.6034
v[43] = -3.0854
v[44] = -139.431
v[45] = -3.52617
v[46] = 514.843
v[47] = 39.2192
v[48] = -8.13154
v[49] = 12.7281
v[50] = -122.699
v[51] = 1209.63
v[52] = 13.7614
v[53] = -550.183
v[54] = -5.73002
v[55] = 8.70872
v[56] = -190.186
v[57] = -180.391
v[58] = -35.2938
v[59] = -145.008
v[60] = -127.002
v[61] = 20.097
v[62] = -175.561
v[63] = -9.91734
v[64] = -24.3946
v[65] = 28.8058
v[66] = -1632.01
v[67] = -1068.71
v[68] = -1.18486
v[69] = -14.7384
v[70] = 1029.22
v[71] = -360.859
v[72] = -1296.01
v[73] = -4333.11
v[74] = 938.832
v[75] = 17.4174
v[76] = -127.002
v[77] = 13.521
v[78] = -107.679
v[79] = -93.3837
v[80] = 1483.96
v[81] = -1124.29
v[82] = -115.021
v[83] = -13.8057
v[84] = -969.293
v[85] = -195.204
v[86] = 13.8389
v[87] = 847.977
v[88] = 16.7475
v[89] = -83.2069
v[90] = -17.7877
v[91] = -145.008
v[92] = -156.885
v[93] = -264.138
v[94] = 18.0873
v[95] = -465.913
v[96] = -22.3617
v[97] = -2256.01
v[98] = -23.3782
v[99] = 1150.83
v[100] = -20.8371
v[101] = -88.1014
v[102] = 19.4271
v[103] = 32.8252
v[104] = -13.722
v[105] = -2.68227e+06
v[106] = -104.59
v[107] = -59.8071
v[108] = 16.7475
v[109] = -89.6483
v[110] = 21.4368
v[111] = -12.1973
v[112] = 15.8227
v[113] = -1440.01
v[114] = 13.398
v[115] = 24.2362
v[116] = -12.7055
v[117] = -13.722
v[118] = -1440.01
v[119] = -17.7877
v[120] = -85.913
v[121] = 30.7792
v[122] = -82.1776
v[123] = 25.4563
v[124] = -1.05321
v[125] = 22.1068
v[126] = -15.7549
v[127] = -104.59
v[128] = -115.796
v[129] = -112.06
v[130] = -127.002
v[131] = -222.486
v[132] = 908.547
v[133] = -18.8042
v[134] = -127.002
v[135] = 726.838
v[136] = 228.445
v[137] = -82.1776
v[138] = -13.0387
v[139] = -229.925
v[140] = -12.1973
v[141] = -6.61156
v[142] = 24.1165
v[143] = -2.83635
v[144] = -3.42772
v[145] = -5.62497
v[146] = -4.24078
v[147] = -2.52419
v[148] = -3.42772
v[149] = -3.42772
v[150] = -1.30902e-11
v[151] = -3.42772
v[152] = -5.59274
v[153] = -34.1317
v[154] = -30.2849
v[155] = 0
v[156] = 0
v[157] = 0
v[158] = 0
v[159] = 0
v[160] = 0
v[161] = 0
v[162] = 0
v[163] = 0
v[164] = 0
v[165] = 0
v[166] = 0
v[167] = -2.3809e-15
v[168] = 7.11513e-32
v[169] = 4.17663e-17
v[170] = 4.73695e-15
v[171] = 0
v[172] = 2.78288e-15
v[173] = 4.14305e-16
v[174] = -94606.5
v[175] = 5.72251e-17
v[176] = 8.06565e-15
v[177] = -0
v[178] = 2.26505e-14
v[179] = 0
v[180] = 0
v[181] = -1.85075e-14
v[182] = 0
v[183] = 0
v[184] = -7.12096e-14
v[185] = 0
v[186] = 2.10363e-30
v[187] = 0
v[188] = 0
v[189] = 0
v[190] = 0
v[191] = 0
v[192] = 0
v[193] = 0
v[194] = 0
v[195] = -1.29928e-14
v[196] = 0
v[197] = 0
v[198] = 0
v[199] = 0
v[200] = 1.42109e-13
v[201] = 0
v[202] = 0
v[203] = 0
v[204] = -4.72463e-15
v[205] = 0
v[206] = 0
v[207] = 0
v[208] = 0
v[209] = 0
v[210] = 0
v[211] = 0
v[212] = 0
v[213] = 8.34863e-14
v[214] = 0
v[215] = 1.24291e-14
v[216] = 0
v[217] = 0
v[218] = 0
v[219] = 0
v[220] = 1.24291e-14
v[221] = 0
v[222] = -2.00132e-09
v[223] = 0
v[224] = 0
v[225] = 0
v[226] = 0
v[227] = 0
v[228] = 0
v[229] = 1.71675e-15
v[230] = 0
v[231] = 2.4197e-13
v[232] = 0
v[233] = 0
v[234] = 0
v[235] = 0
v[236] = 0
v[237] = 0
v[238] = 1.69207e-13
v[239] = 0
v[240] = 0
v[241] = 0
v[242] = 0
v[243] = 0
v[244] = 6.79515e-13
v[245] = 4.79111e-16
v[246] = -5.68481e-18
v[247] = 9.83974e-17
v[248] = 9.36108e-16
v[249] = -1.51132e-16
v[250] = -2.28706e-15
v[251] = 9.36108e-16
v[252] = -1.05694e-16
v[253] = -1.4801e-16
v[254] = -2.28706e-15
v[255] = 2.08167e-16
v[256] = -3.01603e-15
v[257] = -1.95638e-17
v[258] = -101578
v[259] = -1.08312e-16
v[260] = -8.46092e-15
v[261] = 0
v[262] = 5.33159e-14
v[263] = -0
v[264] = 0
v[265] = 8.3771e-16
v[266] = -0
v[267] = -0
v[268] = 3.22317e-15
v[269] = -0
v[270] = -1.00009e-16
v[271] = -2.04091e-16
v[272] = 0
v[273] = -0
v[274] = 2.18137e-15
v[275] = -4.78681e-16
v[276] = 0
v[277] = -4.78681e-16
v[278] = -1.08412e-15
v[279] = 0
v[280] = 2.13905e-15
v[281] = -0
v[282] = -0
v[283] = -0
v[284] = -6.43228e-15
v[285] = 0
v[286] = -0
v[287] = -0
v[288] = 2.13852e-16
v[289] = 1.09769e-16
v[290] = 0
v[291] = 3.59299e-16
v[292] = 0
v[293] = 7.10543e-17
v[294] = 7.10543e-17
v[295] = 7.10543e-17
v[296] = 0
v[297] = -3.00476e-15
v[298] = 7.10543e-17
v[299] = -6.15127e-16
v[300] = 0
v[301] = -1.17961e-16
v[302] = -9.55671e-16
v[303] = 0
v[304] = 1.80807e-15
v[305] = -101578
v[306] = 8.73115e-11
v[307] = 1.09798e-10
v[308] = 0
v[309] = -101578
v[310] = 9.41126e-11
v[311] = -4.11774e-16
v[312] = -4.11774e-16
v[313] = -4.67794e-16
v[314] = 0
v[315] = -3.21893e-12
v[316] = -3.20925e-12
v[317] = -3.20925e-12
v[318] = -3.20925e-12
v[319] = 0
v[320] = 0
v[321] = 4.79111e-16
v[322] = -1.60778e-15
v[323] = 0
v[324] = 4.79111e-16
v[325] = -0
v[326] = 5.32175e-14
v[327] = 0
v[328] = -2.43195e-14
v[329] = 0
v[330] = 0
v[331] = -1.69207e-13
v[332] = 0
v[333] = 0
v[334] = 0
v[335] = 0
v[336] = 0
v[337] = 0
v[338] = 0
v[339] = 0
v[340] = 0
v[341] = 0
v[342] = 0
v[343] = 0
v[344] = 0
v[345] = 0
v[346] = 0
v[347] = 0
v[348] = -4.54747e-13
v[349] = 0
v[350] = 0
v[351] = 6.75016e-14
v[352] = -1.12063e-13
v[353] = -9.64988e+07
v[354] = -3.91185e-13
v[355] = -3.04879e-09
v[356] = 1.43733e-12
v[357] = 0
v[358] = 0
v[359] = 0
v[360] = -114.285
v[361] = 0
v[362] = 0
v[363] = 0
v[364] = 0
v[365] = -1.1957
v[366] = 0
v[367] = 0
v[368] = 0
v[369] = 0
v[370] = -24.8931
v[371] = 0
v[372] = 0
v[373] = 0
v[374] = 0
v[375] = 0
v[376] = -1.1957
v[377] = 0
v[378] = 0
v[379] = 0
v[380] = 0
v[381] = 0
v[382] = 0
v[383] = -17.4274
v[384] = 0
v[385] = 0
v[386] = -1.09692e-08
v[387] = -0.797132
v[388] = 0
v[389] = 0
v[390] = 0
v[391] = 0
v[392] = 0
v[393] = -8.05559
v[394] = 0
v[395] = 0
v[396] = 0
v[397] = 0
v[398] = 0
v[399] = 0
v[400] = 0
v[401] = 0
v[402] = -99.972
v[403] = 0
v[404] = 0
v[405] = 0
v[406] = 0
v[407] = 0
v[408] = 0
v[409] = 0
v[410] = 0
v[411] = 0
v[412] = 0
v[413] = 0
v[414] = -192.233
v[415] = 0
v[416] = -190.487
v[417] = 0
v[418] = 0
v[419] = 0
v[420] = -0.797132
v[421] = 0
v[422] = 0
v[423] = 0
v[424] = -608.23
v[425] = 0
v[426] = 0
v[427] = 0
v[428] = 0
v[429] = 0
v[430] = 0
v[431] = 0
v[432] = 0
v[433] = -3000.99
v[434] = 0
v[435] = -134.748
v[436] = 0
v[437] = 0
v[438] = 0
v[439] = 0
v[440] = 0
v[441] = 0
v[442] = -1.06284
v[443] = 0
v[444] = 0
v[445] = 0
v[446] = 0
v[447] = 0
v[448] = 0
v[449] = 0
v[450] = -100.335
v[451] = 0
v[452] = 0
v[453] = 0
v[454] = 0
v[455] = 0
v[456] = 0
v[457] = 0
v[458] = 0
v[459] = 0
v[460] = 0
v[461] = -100.335
v[462] = 0
v[463] = 0
v[464] = 0
v[465] = 0
v[466] = 0
v[467] = 0
v[468] = 0
v[469] = 0
v[470] = 0
v[471] = 0
v[472] = -69.7986
v[473] = 0
v[474] = 0
v[475] = 0
v[476] = 0
v[477] = 0
v[478] = 0
v[479] = 0
v[480] = 0
v[481] = 0
v[482] = 0
v[483] = 0
v[484] = 0
v[485] = -44.4453
v[486] = -45.3753
v[487] = 0
v[488] = 0
v[489] = 0
v[490] = -153.123
v[491] = 0
v[492] = 0
v[493] = 0
v[494] = 0
v[495] = 0
v[496] = 0
v[497] = -1.1957
v[498] = 0
v[499] = 0
v[500] = 0
v[501] = 0
v[502] = 0
v[503] = 0
v[504] = -20.5972
v[505] = 0
v[506] = 0
v[507] = 0
v[508] = 0
v[509] = 0
v[510] = 0
v[511] = 0
v[512] = 0
v[513] = 0
v[514] = -59.4283
v[515] = 0
v[516] = 0
v[517] = 0
v[518] = 0
v[519] = -0.664276
v[520] = 0
v[521] = 0
v[522] = 0
v[523] = 0
v[524] = 0
v[525] = 0
v[526] = 0
v[527] = 0
v[528] = 0
v[529] = 0
v[530] = 0
v[531] = 0
v[532] = 0
v[533] = -91.9044
v[534] = -134.748
v[535] = 0
v[536] = 0
v[537] = -3.88933
v[538] = 0
v[539] = 0
v[540] = 0
v[541] = -1.06284
v[542] = 0
v[543] = 0
v[544] = 0
v[545] = -128.623
v[546] = 0
v[547] = 0
v[548] = 0
v[549] = 0
v[550] = 0
v[551] = 0
v[552] = -1.06284
v[553] = 0
v[554] = 0
v[555] = 0
v[556] = -65.9918
v[557] = 0
v[558] = 0
v[559] = -14.2575
v[560] = 0
v[561] = 0
v[562] = 0
v[563] = -0.664276
v[564] = 0
v[565] = 0
v[566] = 0
v[567] = 0
v[568] = 0
v[569] = 0
v[570] = 0
v[571] = -113.423
v[572] = 0
v[573] = 0
v[574] = 0
v[575] = 0
v[576] = 0
v[577] = 0
v[578] = -1.8312
v[579] = 0
v[580] = 0
v[581] = 0
v[582] = 0
v[583] = 0
v[584] = 0
v[585] = 0
v[586] = 0
v[587] = 0
v[588] = 0
v[589] = 0
v[590] = -77.714
v[591] = 0
v[592] = 0
v[593] = 0
v[594] = 0
v[595] = -0.929987
v[596] = 0
v[597] = 0
v[598] = 0
v[599] = 0
v[600] = 0
v[601] = 0
v[602] = 0
v[603] = 0
v[604] = -103.533
v[605] = 0
v[606] = -0.929987
v[607] = -108.221
v[608] = 0
v[609] = 0
v[610] = -140.873
v[611] = 0
v[612] = 0
v[613] = 0
v[614] = 0
v[615] = 0
v[616] = 0
v[617] = -1.06284
v[618] = 0
v[619] = -567.148
v[620] = 0
v[621] = -140.873
v[622] = 0
v[623] = 0
v[624] = -4.24078
v[625] = 0
v[626] = 0
v[627] = 0
v[628] = 0
v[629] = 0
v[630] = 0
v[631] = 0
v[632] = 0
v[633] = 0
v[634] = 0
v[635] = 0
v[636] = -104.698
v[637] = 0
v[638] = 0
v[639] = -1.1957
v[640] = 0
v[641] = 0
v[642] = 0
v[643] = 0
v[644] = 0
v[645] = -73.1426
v[646] = 0
v[647] = 0
v[648] = 0
v[649] = 0
v[650] = -0.797132
v[651] = 0
v[652] = 0
v[653] = 0
v[654] = 0
v[655] = 0
v[656] = -100.571
v[657] = 0
v[658] = 0
v[659] = 0
v[660] = 0
v[661] = -1.06284
v[662] = 0
v[663] = 0
v[664] = 0
v[665] = -65.8974
v[666] = 0
v[667] = 0
v[668] = -14.2575
v[669] = 0
v[670] = 0
v[671] = 0
v[672] = -0.569832
v[673] = 0
v[674] = 0
v[675] = 0
v[676] = 0
v[677] = -36.496
v[678] = 0
v[679] = -55.5016
v[680] = 0
v[681] = 0
v[682] = 0
v[683] = 0
v[684] = 0
v[685] = 0
v[686] = 0
v[687] = 0
v[688] = 0
v[689] = 0
v[690] = 0
v[691] = 0
v[692] = -103.533
v[693] = 0
v[694] = -0.929987
v[695] = -108.221
v[696] = 0
v[697] = 0
v[698] = 0
v[699] = 0
v[700] = 0
v[701] = 0
v[702] = 0
v[703] = 0
v[704] = -46.9145
v[705] = -21.7207
v[706] = 0
v[707] = 0
v[708] = 0
v[709] = 0
v[710] = 0
v[711] = -2.51166
v[712] = 0
v[713] = 0
v[714] = -34.611
v[715] = -4.29591
v[716] = 0
v[717] = 0
v[718] = 0
v[719] = 0
v[720] = 0
v[721] = -73.1426
v[722] = 0
v[723] = 0
v[724] = 0
v[725] = 0
v[726] = -0.797132
v[727] = 0
v[728] = 0
v[729] = 0
v[730] = -86.297
v[731] = 0
v[732] = 0
v[733] = -19.0057
v[734] = 0
v[735] = 0
v[736] = 0
v[737] = -0.929987
v[738] = 0
v[739] = 0
v[740] = 0
v[741] = 0
v[742] = 0
v[743] = 0
v[744] = 0
v[745] = 0
v[746] = -127.894
v[747] = 0
v[748] = -1.06284
v[749] = -131.996
v[750] = 0
v[751] = 0
v[752] = -128.623
v[753] = 0
v[754] = 0
v[755] = 0
v[756] = 0
v[757] = 0
v[758] = 0
v[759] = -1.06284
v[760] = 0
v[761] = 0
v[762] = 0
v[763] = -134.748
v[764] = 0
v[765] = 0
v[766] = 0
v[767] = 0
v[768] = 0
v[769] = 0
v[770] = -1.06284
v[771] = 0
v[772] = 0
v[773] = 0
v[774] = 0
v[775] = 0
v[776] = 0
v[777] = 0
v[778] = 0
v[779] = -133.984
v[780] = 0
v[781] = -1.06284
v[782] = -137.287
v[783] = 0
v[784] = 0
v[785] = -128.623
v[786] = 0
v[787] = 0
v[788] = 0
v[789] = 0
v[790] = 0
v[791] = 0
v[792] = -1.06284
v[793] = 0
v[794] = 0
v[795] = 0
v[796] = -143.684
v[797] = 0
v[798] = 0
v[799] = 0
v[800] = 0
v[801] = 0
v[802] = 0
v[803] = 0
v[804] = 0
v[805] = 0
v[806] = 0
v[807] = -146.998
v[808] = 0
v[809] = 0
v[810] = 0
v[811] = 0
v[812] = 0
v[813] = 0
v[814] = -1.1957
v[815] = 0
v[816] = 0
v[817] = 0
v[818] = 0
v[819] = 0
v[820] = -77.714
v[821] = 0
v[822] = 0
v[823] = 0
v[824] = 0
v[825] = -0.929987
v[826] = 0
v[827] = 0
v[828] = 0
v[829] = -85.7488
v[830] = 0
v[831] = 0
v[832] = 0
v[833] = 0
v[834] = 0
v[835] = 0
v[836] = -0.797132
v[837] = 0
v[838] = 0
v[839] = 0
v[840] = 0
v[841] = 0
v[842] = 0
v[843] = 0
v[844] = -109.06
v[845] = 0
v[846] = 0
v[847] = 0
v[848] = 0
v[849] = 0
v[850] = 0
v[851] = -97.9986
v[852] = 0
v[853] = 0
v[854] = 0
v[855] = 0
v[856] = 0
v[857] = 0
v[858] = -0.797132
v[859] = 0
v[860] = 0
v[861] = 0
v[862] = -245.83
v[863] = 0
v[864] = 0
v[865] = 0
v[866] = 0
v[867] = 0
v[868] = 0
v[869] = 0
v[870] = 0
v[871] = -1330.85
v[872] = 0
v[873] = 0
v[874] = 0
v[875] = 0
v[876] = 0
v[877] = 0
v[878] = 0
v[879] = -49.3837
v[880] = -22.8149
v[881] = 0
v[882] = 0
v[883] = 0
v[884] = -81.2207
v[885] = 0
v[886] = 0
v[887] = -17.4274
v[888] = 0
v[889] = 0
v[890] = 0
v[891] = -0.797132
v[892] = 0
v[893] = 0
v[894] = 0
v[895] = 0
v[896] = 0
v[897] = 0
v[898] = 0
v[899] = 0
v[900] = -204.711
v[901] = 0
v[902] = -0.929987
v[903] = -118.803
v[904] = 0
v[905] = 0
v[906] = 0
v[907] = 0
v[908] = 0
v[909] = 0
v[910] = -95.973
v[911] = 0
v[912] = 0
v[913] = 0
v[914] = 0
v[915] = 0
v[916] = 0
v[917] = 0
v[918] = -1218.27
v[919] = 0
v[920] = -1237.27
v[921] = 0
v[922] = 0
v[923] = 0
v[924] = -13.8615
v[925] = 0
v[926] = 0
v[927] = 0
v[928] = 0
v[929] = -21.3847
v[930] = 0
v[931] = -38.0163
v[932] = 0
v[933] = 0
v[934] = 0
v[935] = -0.797132
v[936] = 0
v[937] = 0
v[938] = 0
v[939] = 0
v[940] = 0
v[941] = 0
v[942] = 0
v[943] = 0
v[944] = 0
v[945] = 0
v[946] = 0
v[947] = 0
v[948] = -183.882
v[949] = -159.248
v[950] = 0
v[951] = 0
v[952] = 0
v[953] = 0
v[954] = 0
v[955] = 0
v[956] = -1.1957
v[957] = 0
v[958] = -572.487
v[959] = 0
v[960] = 0
v[961] = 0
v[962] = 0
v[963] = 0
v[964] = 0
v[965] = -79.1723
v[966] = 0
v[967] = -0.664277
v[968] = -81.8359
v[969] = 0
v[970] = 0
v[971] = 0
v[972] = 0
v[973] = 0
v[974] = 0
v[975] = 0
v[976] = 0
v[977] = 0
v[978] = 0
v[979] = 0
v[980] = 0
v[981] = -4012.2
v[982] = 0
v[983] = 0
v[984] = -65.8679
v[985] = 0
v[986] = 0
v[987] = 0
v[988] = 0
v[989] = 0
v[990] = 0
v[991] = 0
v[992] = 0
v[993] = -104.137
v[994] = 0
v[995] = 0
v[996] = 0
v[997] = 0
v[998] = 0
v[999] = 0
v[1000] = 0
v[1001] = 0
v[1002] = 0
v[1003] = 0
v[1004] = 0
v[1005] = 0
v[1006] = 0
v[1007] = 0
v[1008] = -113.423
v[1009] = 0
v[1010] = 0
v[1011] = 0
v[1012] = 0
v[1013] = 0
v[1014] = 0
v[1015] = 0
v[1016] = 0
v[1017] = 0
v[1018] = 0
v[1019] = 0
v[1020] = 0
v[1021] = 0
v[1022] = -1.46141
v[1023] = 0
v[1024] = 0
v[1025] = 0
v[1026] = 0
v[1027] = 0
v[1028] = 0
v[1029] = 0
v[1030] = 1.15961e-11
v[1031] = 0
v[1032] = -6.25816
v[1033] = 0
v[1034] = -449.973
v[1035] = 0
v[1036] = 0
v[1037] = 0
v[1038] = 0
v[1039] = 0
v[1040] = 0
v[1041] = -1.99283
v[1042] = 0
v[1043] = -2813.72
v[1044] = 0
v[1045] = -187.447
v[1046] = 0
v[1047] = 0
v[1048] = 0
v[1049] = 0
v[1050] = -1.85997
v[1051] = -3.16504e-10
v[1052] = 0
v[1053] = 0
v[1054] = 0
v[1055] = 0
v[1056] = -49.9345
v[1057] = 0
v[1058] = 0
v[1059] = 0
v[1060] = -4.58681e+06
v[1061] = 0
v[1062] = 0
v[1063] = 0
v[1064] = 0
v[1065] = 0
v[1066] = 0
v[1067] = 0
v[1068] = 0
v[1069] = 0
v[1070] = 0
v[1071] = -99.7314
v[1072] = 0
v[1073] = 0
v[1074] = 0
v[1075] = 0
v[1076] = 0
v[1077] = 0
v[1078] = 0
v[1079] = 0
v[1080] = -271.825
v[1081] = 0
v[1082] = 0
v[1083] = 0
v[1084] = 0
v[1085] = 0
v[1086] = 0
v[1087] = 0
v[1088] = 0
v[1089] = 0
v[1090] = 0
v[1091] = 0
v[1092] = 0
v[1093] = 0
v[1094] = 0
v[1095] = -12.5371
v[1096] = -2.52688e+06
v[1097] = 0
v[1098] = 0
v[1099] = 0
v[1100] = 0
v[1101] = 0
v[1102] = 0
v[1103] = 0
v[1104] = -56.2321
v[1105] = 0
v[1106] = -1.32855
v[1107] = -2.77396e-11
v[1108] = 0
v[1109] = 0
v[1110] = -223.999
v[1111] = 0
v[1112] = 0
v[1113] = 0
v[1114] = 0
v[1115] = 0
v[1116] = 0
v[1117] = 0
v[1118] = 0
v[1119] = 0
v[1120] = -48.343
v[1121] = 0
v[1122] = 0
v[1123] = 0
v[1124] = -1.99283
v[1125] = 0
v[1126] = 0
v[1127] = 0
v[1128] = 0
v[1129] = 0
v[1130] = 0
v[1131] = 0
v[1132] = 0
v[1133] = 0
v[1134] = 0
v[1135] = 0
v[1136] = 0
v[1137] = 0
v[1138] = 0
v[1139] = 0
v[1140] = 0
v[1141] = 0
v[1142] = 0
v[1143] = 0
v[1144] = 0
v[1145] = 0
v[1146] = 0
v[1147] = 0
v[1148] = 0
v[1149] = 0
v[1150] = 0
v[1151] = -1083.56
v[1152] = 0
v[1153] = 0
v[1154] = 0
v[1155] = 0
v[1156] = 0
v[1157] = 0
v[1158] = -158.345
v[1159] = 0
v[1160] = -1.1957
v[1161] = -161.061
v[1162] = 0
v[1163] = 0
v[1164] = 0
v[1165] = 0
v[1166] = 0
v[1167] = 0
v[1168] = -1.46141
v[1169] = 0
v[1170] = 0
v[1171] = 0
v[1172] = -26.7347
v[1173] = 0
v[1174] = 0
v[1175] = 0
v[1176] = 0
v[1177] = 0
v[1178] = 0
v[1179] = 0
v[1180] = 0
v[1181] = 0
v[1182] = 0
v[1183] = 0
v[1184] = -201.142
v[1185] = 0
v[1186] = 0
v[1187] = 0
v[1188] = 0
v[1189] = 0
v[1190] = 0
v[1191] = 0
v[1192] = 0
v[1193] = 0
v[1194] = 0
v[1195] = 0
v[1196] = 0
v[1197] = 0
v[1198] = 0
v[1199] = -1.1957
v[1200] = 0
v[1201] = -1496.66
v[1202] = 0
v[1203] = 0
v[1204] = 0
v[1205] = 0
v[1206] = 0
v[1207] = 0
v[1208] = 0
v[1209] = -1712.73
v[1210] = 0
v[1211] = 0
v[1212] = 0
v[1213] = 0
v[1214] = 0
v[1215] = 0
v[1216] = 0
v[1217] = 0
v[1218] = 0
v[1219] = 0
v[1220] = -375.758
v[1221] = 0
v[1222] = 0
v[1223] = -214.856
v[1224] = 0
v[1225] = 0
v[1226] = 0
v[1227] = 0
v[1228] = 0
v[1229] = 0
v[1230] = 0
v[1231] = 0
v[1232] = -4.49024
v[1233] = 0
v[1234] = 0
v[1235] = 0
v[1236] = 0
v[1237] = 0
v[1238] = -5.86161
v[1239] = 0
v[1240] = 0
v[1241] = 0
v[1242] = 0
v[1243] = 0
v[1244] = 0
v[1245] = 0
v[1246] = 0
v[1247] = 0
v[1248] = 0
v[1249] = 0
v[1250] = 0
v[1251] = 0
v[1252] = -152.684
v[1253] = 0
v[1254] = 0
v[1255] = 0
v[1256] = 0
v[1257] = 0
v[1258] = 0
v[1259] = 0
v[1260] = 0
v[1261] = 0
v[1262] = -29.0855
v[1263] = -30.4141
v[1264] = 0
v[1265] = 0
v[1266] = 0
v[1267] = 0
v[1268] = 0
v[1269] = 0
v[1270] = 0
v[1271] = 0
v[1272] = -2191.98
v[1273] = 0
v[1274] = 0
v[1275] = 0
v[1276] = 0
v[1277] = 0
v[1278] = 0
v[1279] = -152.254
v[1280] = 0
v[1281] = -1.1957
v[1282] = -155.77
v[1283] = 0
v[1284] = 0
v[1285] = 0
v[1286] = -155.428
v[1287] = 0
v[1288] = 0
v[1289] = 0
v[1290] = 0
v[1291] = 0
v[1292] = 0
v[1293] = 0
v[1294] = 0
v[1295] = 0
v[1296] = 0
v[1297] = -37.242
v[1298] = 0
v[1299] = 0
v[1300] = 0
v[1301] = -3.24403e+06
v[1302] = 0
v[1303] = 0
v[1304] = 0
v[1305] = 0
v[1306] = 0
v[1307] = 0
v[1308] = -113.423
v[1309] = 0
v[1310] = 0
v[1311] = 0
v[1312] = 0
v[1313] = 0
v[1314] = 0
v[1315] = 0
v[1316] = 0
v[1317] = 0
v[1318] = 0
v[1319] = 0
v[1320] = 0
v[1321] = 0
v[1322] = 0
v[1323] = 0
v[1324] = 0
v[1325] = -45.9689
v[1326] = 0
v[1327] = 0
v[1328] = 0
v[1329] = -4.18068e+06
v[1330] = 0
v[1331] = 0
v[1332] = 0
v[1333] = 0
v[1334] = 0
v[1335] = 0
v[1336] = 0
v[1337] = -164.435
v[1338] = 0
v[1339] = -1.1957
v[1340] = -166.353
v[1341] = 0
v[1342] = 0
v[1343] = 0
v[1344] = -5.11116
v[1345] = 0
v[1346] = 0
v[1347] = 0
v[1348] = 0
v[1349] = 0
v[1350] = 0
v[1351] = 0
v[1352] = 0
v[1353] = 0
v[1354] = -45.9689
v[1355] = 0
v[1356] = 0
v[1357] = 0
v[1358] = -1.85997
v[1359] = 0
v[1360] = 0
v[1361] = 0
v[1362] = 0
v[1363] = 0
v[1364] = 0
v[1365] = 0
v[1366] = 0
v[1367] = 0
v[1368] = 0
v[1369] = -375.758
v[1370] = 0
v[1371] = 0
v[1372] = 0
v[1373] = -48.343
v[1374] = 0
v[1375] = 0
v[1376] = 0
v[1377] = -1.99283
v[1378] = 0
v[1379] = 0
v[1380] = 0
v[1381] = 0
v[1382] = 0
v[1383] = 0
v[1384] = 0
v[1385] = 0
v[1386] = 0
v[1387] = -2974.83
v[1388] = 0
v[1389] = 0
v[1390] = 0
v[1391] = -42.7991
v[1392] = 0
v[1393] = 0
v[1394] = -1.72712
v[1395] = 0
v[1396] = 0
v[1397] = 0
v[1398] = -164.571
v[1399] = 0
v[1400] = 0
v[1401] = 0
v[1402] = 0
v[1403] = 0
v[1404] = 0
v[1405] = 0
v[1406] = 0
v[1407] = 0
v[1408] = 0
v[1409] = 0
v[1410] = 0
v[1411] = -176.615
v[1412] = 0
v[1413] = -1.32855
v[1414] = -179.545
v[1415] = 0
v[1416] = 0
v[1417] = 0
v[1418] = 0
v[1419] = 0
v[1420] = 0
v[1421] = 0
v[1422] = 0
v[1423] = 0
v[1424] = 0
v[1425] = -113.647
v[1426] = 0
v[1427] = 0
v[1428] = 0
v[1429] = -28.5283
v[1430] = 0
v[1431] = 0
v[1432] = 0
v[1433] = -207.054
v[1434] = 0
v[1435] = 0
v[1436] = 0
v[1437] = 0
v[1438] = 0
v[1439] = 0
v[1440] = -28.116
v[1441] = -250.551
v[1442] = 0
v[1443] = 0
v[1444] = 0
v[1445] = 0
v[1446] = 0
v[1447] = 0
v[1448] = -1.32855
v[1449] = 0
v[1450] = 0
v[1451] = 0
v[1452] = 0
v[1453] = 0
v[1454] = 0
v[1455] = 0
v[1456] = 0
v[1457] = 0
v[1458] = -3.36911e+06
v[1459] = 0
v[1460] = 0
v[1461] = 0
v[1462] = 0
v[1463] = 0
v[1464] = 0
v[1465] = -152.254
v[1466] = 0
v[1467] = -1.1957
v[1468] = -155.77
v[1469] = 0
v[1470] = 0
v[1471] = 0
v[1472] = 0
v[1473] = 0
v[1474] = -1350.39
v[1475] = 0
v[1476] = 0
v[1477] = 1.28466e-11
v[1478] = -6.67537
v[1479] = 0
v[1480] = 0
v[1481] = 0
v[1482] = 0
v[1483] = -21.6847
v[1484] = 0
v[1485] = -1.1957
v[1486] = 0
v[1487] = 0
v[1488] = -29.5446
v[1489] = 0
v[1490] = 0
v[1491] = 0
v[1492] = -30.7403
v[1493] = 0
v[1494] = 0
v[1495] = 0
v[1496] = 0
v[1497] = 0
v[1498] = 0
v[1499] = -239.845
v[1500] = 0
v[1501] = 0
v[1502] = -121.804
v[1503] = 0
v[1504] = -124.094
v[1505] = 0
v[1506] = -1.87073e+06
v[1507] = 0
v[1508] = -2.55738e+06
v[1509] = 0
v[1510] = 0
v[1511] = 0
v[1512] = 0
v[1513] = -74.0755
v[1514] = -2.80767e+06
v[1515] = 0
v[1516] = 0
v[1517] = 0
v[1518] = 0
v[1519] = -3.55271e-15
v[1520] = -2.27662e+06
v[1521] = -825.292
v[1522] = 0
v[1523] = 0
v[1524] = 0
v[1525] = 0
v[1526] = 0
v[1527] = 0
v[1528] = 0
v[1529] = 0
v[1530] = -207.054
v[1531] = -2.63753e-11
v[1532] = 0
v[1533] = 0
v[1534] = 0
v[1535] = 0
v[1536] = 0
v[1537] = 0
v[1538] = 0
v[1539] = 0
v[1540] = 0
v[1541] = -77.835
v[1542] = -3.45608e-11
v[1543] = 0
v[1544] = 0
v[1545] = 0
v[1546] = 0
v[1547] = 0
v[1548] = 0
v[1549] = 0
v[1550] = 0
v[1551] = 0
v[1552] = -47.5505
v[1553] = -3.08844e+06
v[1554] = 0
v[1555] = 0
v[1556] = 0
v[1557] = 0
v[1558] = 0
v[1559] = 1.54046e-11
v[1560] = -7.92701
v[1561] = 0
v[1562] = 0
v[1563] = -11.1441
v[1564] = 0
v[1565] = 0
v[1566] = 0
v[1567] = -2.15151e+06
v[1568] = 0
v[1569] = -200.976
v[1570] = -203.32
v[1571] = 0
v[1572] = 0
v[1573] = 0
v[1574] = -2.83814e+06
v[1575] = 0
v[1576] = 0
v[1577] = 0
v[1578] = 0
v[1579] = 0
v[1580] = 0
v[1581] = 0
v[1582] = 0
v[1583] = 0
v[1584] = -1855.86
v[1585] = 0
v[1586] = 0
v[1587] = 0
v[1588] = 0
v[1589] = 0
v[1590] = 0
v[1591] = 0
v[1592] = -2035.45
v[1593] = 0
v[1594] = 0
v[1595] = 0
v[1596] = 0
v[1597] = -1406.31
v[1598] = -1048.61
v[1599] = 0
v[1600] = 0
v[1601] = -271.825
v[1602] = 0
v[1603] = 0
v[1604] = -191.906
v[1605] = 0
v[1606] = -255.08
v[1607] = -193.664
v[1608] = 0
v[1609] = 0
v[1610] = 0
v[1611] = 0
v[1612] = 0
v[1613] = -1.46141
v[1614] = 0
v[1615] = 0
v[1616] = 0
v[1617] = -1878.84
v[1618] = 0
v[1619] = 0
v[1620] = -1.87073e+06
v[1621] = 0
v[1622] = 0
v[1623] = 0
v[1624] = 0
v[1625] = 0
v[1626] = 0
v[1627] = -242.167
v[1628] = -277.378
v[1629] = 0
v[1630] = 0
v[1631] = 0
v[1632] = 0
v[1633] = 0
v[1634] = 0
v[1635] = 0
v[1636] = -4.24078
v[1637] = 0
v[1638] = 0
v[1639] = 0
v[1640] = -231.521
v[1641] = 0
v[1642] = -32.5031
v[1643] = 0
v[1644] = -30.7215
v[1645] = 0
v[1646] = 0
v[1647] = 0
v[1648] = 0
v[1649] = 0
v[1650] = 0
v[1651] = -2.15149e+06
v[1652] = 0
v[1653] = -8.63507
v[1654] = 0
v[1655] = 0
v[1656] = 0
v[1657] = -1.32855
v[1658] = 0
v[1659] = -838.888
v[1660] = 0
v[1661] = 0
v[1662] = 0
v[1663] = 0
v[1664] = 0
v[1665] = 0
v[1666] = -219.246
v[1667] = 0
v[1668] = -221.803
v[1669] = 0
v[1670] = 0
v[1671] = 0
v[1672] = 0
v[1673] = 0
v[1674] = 0
v[1675] = 0
v[1676] = 0
v[1677] = -9.50087e-14
v[1678] = -1.93887e-13
v[1679] = 0
v[1680] = 0
v[1681] = 2.0723e-12
v[1682] = 0
v[1683] = 0
v[1684] = 0
v[1685] = -5.75164e-13
v[1686] = 0
v[1687] = 2.48685e-12
v[1688] = 0
v[1689] = 0
v[1690] = 0
v[1691] = 0
v[1692] = 0
v[1693] = 0
v[1694] = 0
v[1695] = 0
v[1696] = 1.04281e-13
v[1697] = 0
v[1698] = 3.41334e-13
v[1699] = -0
v[1700] = 0
v[1701] = 0
v[1702] = 0
v[1703] = 0
v[1704] = 0
v[1705] = 0
v[1706] = 0
v[1707] = 1.12063e-13
v[1708] = 0
v[1709] = -7.95825e-13
v[1710] = 1.12063e-13
v[1711] = 2.30204e-12
v[1712] = 0
v[1713] = 0
v[1714] = 0
v[1715] = 0
v[1716] = 0
v[1717] = 0
v[1718] = 0
v[1719] = 0
v[1720] = 0
v[1721] = 0
v[1722] = 0
v[1723] = 0
v[1724] = 0
v[1725] = 0
v[1726] = 0
v[1727] = -1.43733e-12
v[1728] = 0
v[1729] = 0
v[1730] = -1.43733e-12
v[1731] = 0
v[1732] = 0
v[1733] = 5.05566e-11
v[1734] = 0
v[1735] = 0
v[1736] = 0
v[1737] = 0
v[1738] = 0
v[1739] = 0
v[1740] = 0
v[1741] = 0
v[1742] = 0
v[1743] = -3.98566
v[1744] = 0
v[1745] = 0
v[1746] = 0
v[1747] = 0
v[1748] = 0
v[1749] = 1622.85
v[1750] = 4039.76
v[1751] = 4898.94
v[1752] = 709.087
v[1753] = 161.125
v[1754] = 1406.24
v[1755] = 888.112
v[1756] = 631.047
v[1757] = 856.93
v[1758] = 684.295
v[1759] = 0
v[1760] = 856.93
v[1761] = 1398.19
v[1762] = 7571.22
v[1763] = 0
v[1764] = -695.805
v[1765] = 0
v[1766] = 0
v[1767] = 0
v[1768] = 0
v[1769] = -172.635
v[1770] = 0
v[1771] = 0
v[1772] = 0
v[1773] = -8532.93
v[1774] = 0
v[1775] = 0
v[1776] = 0
v[1777] = 0
v[1778] = 0
v[1779] = 0
v[1780] = 0
v[1781] = 62.2341
v[1782] = 48.476
v[1783] = 0
v[1784] = 81.3783
v[1785] = 55.6719
v[1786] = 0
v[1787] = 48.476
v[1788] = 0
v[1789] = 72.7139
v[1790] = 131.288
v[1791] = 767.6
v[1792] = 818.304
v[1793] = 104.698
v[1794] = 0
v[1795] = 155.872
v[1796] = 2.21338
v[1797] = 0
v[1798] = 44.9531
v[1799] = 21.6847
v[1800] = 0
v[1801] = 44.9531
v[1802] = 134.187
v[1803] = 736.116
v[1804] = 714.142
v[1805] = 55.3421
v[1806] = 0
v[1807] = 103.915
v[1808] = 0
v[1809] = 16.7779
v[1810] = 15.5123
v[1811] = 0
v[1812] = 0
v[1813] = 15.5123
v[1814] = 89.4583
v[1815] = 505.721
v[1816] = 492.69
v[1817] = 467.842
v[1818] = 546.986
v[1819] = 0
v[1820] = 566.523
v[1821] = 546.986
v[1822] = 0
v[1823] = 546.986
v[1824] = 401.193
v[1825] = 564.154
v[1826] = 99.7792
v[1827] = 1147.53
v[1828] = 742.593
v[1829] = 0
v[1830] = 21.8591
v[1831] = 155.872
v[1832] = 80.9451
v[1833] = 0
v[1834] = 44.9531
v[1835] = 21.8591
v[1836] = 20.6634
v[1837] = 45.1275
v[1838] = 134.187
v[1839] = 758.581
v[1840] = 760.72
v[1841] = 0
v[1842] = 0
v[1843] = 70.9664
v[1844] = 0
v[1845] = 0
v[1846] = -1.25624e-11
v[1847] = -2.84217e-14
v[1848] = 0
v[1849] = -1.2534e-11
v[1850] = 58.317
v[1851] = 286.111
v[1852] = 238.871
v[1853] = 0
v[1854] = 60.0926
v[1855] = 57.9834
v[1856] = 71.7011
v[1857] = 60.0926
v[1858] = 68.5828
v[1859] = 60.0926
v[1860] = 43.1492
v[1861] = 68.5828
v[1862] = 0
v[1863] = 286.096
v[1864] = 0
v[1865] = 0
v[1866] = 28.7593
v[1867] = 142.883
v[1868] = 31.5034
v[1869] = 0
v[1870] = 41.207
v[1871] = 28.7593
v[1872] = 0
v[1873] = 41.207
v[1874] = 123.005
v[1875] = 704.248
v[1876] = 671.116
v[1877] = 0
v[1878] = 170.51
v[1879] = 143.684
v[1880] = 173.379
v[1881] = 0
v[1882] = 170.51
v[1883] = 170.51
v[1884] = 115.692
v[1885] = 170.51
v[1886] = 95.8065
v[1887] = 876.702
v[1888] = 824.829
v[1889] = 0
v[1890] = 116.755
v[1891] = 143.684
v[1892] = 119.624
v[1893] = 0
v[1894] = 138.887
v[1895] = 116.755
v[1896] = 115.692
v[1897] = 139.054
v[1898] = 95.8065
v[1899] = 822.947
v[1900] = 332.76
v[1901] = 0
v[1902] = 81.2207
v[1903] = 99.9544
v[1904] = 120.611
v[1905] = 0
v[1906] = 96.6167
v[1907] = 81.2207
v[1908] = 80.4236
v[1909] = 96.733
v[1910] = 66.648
v[1911] = 572.369
v[1912] = 573.794
v[1913] = 82.0612
v[1914] = 19.8014
v[1915] = 120.333
v[1916] = 0
v[1917] = 3.53787
v[1918] = 37.2527
v[1919] = 0
v[1920] = 0
v[1921] = 37.2527
v[1922] = 92.2825
v[1923] = 524.49
v[1924] = 509.831
v[1925] = 0
v[1926] = 32.6811
v[1927] = 162.367
v[1928] = 35.7993
v[1929] = 0
v[1930] = 46.8262
v[1931] = 32.6811
v[1932] = 0
v[1933] = 46.8262
v[1934] = 139.779
v[1935] = 800.281
v[1936] = 762.632
v[1937] = 65.7187
v[1938] = 0
v[1939] = 123.399
v[1940] = 0
v[1941] = 144.863
v[1942] = 162.03
v[1943] = 162.03
v[1944] = 40.899
v[1945] = 162.03
v[1946] = 144.863
v[1947] = 745.406
v[1948] = 585.069
v[1949] = 32.3617
v[1950] = 25.2075
v[1951] = 0
v[1952] = 42.3167
v[1953] = 28.9494
v[1954] = 0
v[1955] = 25.2075
v[1956] = 0
v[1957] = 37.8112
v[1958] = 68.27
v[1959] = 399.152
v[1960] = 425.518
v[1961] = 0
v[1962] = 121.657
v[1963] = 121.657
v[1964] = 157.649
v[1965] = 125.139
v[1966] = 121.773
v[1967] = 121.657
v[1968] = 98.7763
v[1969] = 123.24
v[1970] = 99.972
v[1971] = 858.553
v[1972] = 0
v[1973] = 0
v[1974] = 19.8777
v[1975] = 142.883
v[1976] = 0
v[1977] = 0
v[1978] = 41.207
v[1979] = 19.8777
v[1980] = 0
v[1981] = 41.207
v[1982] = 123.005
v[1983] = 715.244
v[1984] = 671.116
v[1985] = 0
v[1986] = 18.9741
v[1987] = 136.388
v[1988] = 30.0714
v[1989] = 0
v[1990] = 39.334
v[1991] = 18.9741
v[1992] = 0
v[1993] = 39.334
v[1994] = 117.414
v[1995] = 663.758
v[1996] = 640.611
v[1997] = 0
v[1998] = 0
v[1999] = 84.4308
v[2000] = 0
v[2001] = 13.6321
v[2002] = 12.6037
v[2003] = 3.37508e-14
v[2004] = 0
v[2005] = 12.6037
v[2006] = 72.6849
v[2007] = 410.898
v[2008] = 400.311
v[2009] = 0
v[2010] = 131.984
v[2011] = 162.426
v[2012] = 195.994
v[2013] = 0
v[2014] = 157.002
v[2015] = 131.984
v[2016] = 130.788
v[2017] = 108.303
v[2018] = 930.099
v[2019] = 932.416
v[2020] = 1007.7
v[2021] = 0
v[2022] = 1017.15
v[2023] = 0
v[2024] = 1086.84
v[2025] = 1104.01
v[2026] = 1104.01
v[2027] = 939.795
v[2028] = 1104.01
v[2029] = 549.925
v[2030] = 1687.39
v[2031] = 1282.45
v[2032] = 42.3192
v[2033] = 32.9637
v[2034] = 0
v[2035] = 55.3373
v[2036] = 37.8569
v[2037] = 0
v[2038] = 32.9637
v[2039] = 0
v[2040] = 49.4455
v[2041] = 89.2761
v[2042] = 521.968
v[2043] = 556.447
v[2044] = 46.6564
v[2045] = 77.714
v[2046] = 0
v[2047] = 79.8344
v[2048] = 62.354
v[2049] = 0
v[2050] = 77.714
v[2051] = 0
v[2052] = 0
v[2053] = 96.4837
v[2054] = 599.682
v[2055] = 503.455
v[2056] = 0
v[2057] = 103.585
v[2058] = 149.377
v[2059] = 106.454
v[2060] = 0
v[2061] = 103.585
v[2062] = 103.585
v[2063] = 0
v[2064] = 103.585
v[2065] = 0
v[2066] = 809.778
v[2067] = 701.621
v[2068] = 0
v[2069] = 301.758
v[2070] = 196.616
v[2071] = 0
v[2072] = 0
v[2073] = 301.758
v[2074] = 301.758
v[2075] = 103.036
v[2076] = 301.758
v[2077] = 128.596
v[2078] = 1007.95
v[2079] = 701.621
v[2080] = 0
v[2081] = -1.24345e-14
v[2082] = 121.657
v[2083] = 57.6767
v[2084] = 0
v[2085] = 23.2684
v[2086] = 2.66454e-14
v[2087] = 0
v[2088] = 23.2684
v[2089] = 99.972
v[2090] = 758.581
v[2091] = 739.035
v[2092] = 39.8298
v[2093] = 31.0246
v[2094] = 0
v[2095] = 52.0821
v[2096] = 35.63
v[2097] = 0
v[2098] = 31.0246
v[2099] = 0
v[2100] = 46.5369
v[2101] = 84.0246
v[2102] = 491.264
v[2103] = 523.715
v[2104] = 54.766
v[2105] = 42.6589
v[2106] = 0
v[2107] = 71.6129
v[2108] = 48.9912
v[2109] = 0
v[2110] = 42.6589
v[2111] = 0
v[2112] = 63.9882
v[2113] = 115.534
v[2114] = 675.488
v[2115] = 720.107
v[2116] = 0
v[2117] = 0
v[2118] = 84.4308
v[2119] = 0
v[2120] = 13.7265
v[2121] = 12.6037
v[2122] = 0.0944449
v[2123] = 0
v[2124] = 12.6982
v[2125] = 72.6849
v[2126] = 410.898
v[2127] = 400.311
v[2128] = 22.305
v[2129] = 0
v[2130] = 108.478
v[2131] = 0
v[2132] = 22.305
v[2133] = 17.4118
v[2134] = 17.4118
v[2135] = 0
v[2136] = 17.4118
v[2137] = 93.1185
v[2138] = 500.832
v[2139] = 486.987
v[2140] = 46.6564
v[2141] = 77.714
v[2142] = 0
v[2143] = 79.8344
v[2144] = 62.354
v[2145] = 0
v[2146] = 77.714
v[2147] = 0
v[2148] = 0
v[2149] = 96.4837
v[2150] = 503.455
v[2151] = 86.3159
v[2152] = 20.5972
v[2153] = 126.545
v[2154] = 0
v[2155] = 3.4301
v[2156] = 39.018
v[2157] = 0
v[2158] = 0
v[2159] = 39.018
v[2160] = 97.4093
v[2161] = 553.629
v[2162] = 56.7113
v[2163] = 11.7459
v[2164] = 84.3602
v[2165] = 0
v[2166] = 0
v[2167] = 24.3496
v[2168] = 0
v[2169] = 0
v[2170] = 24.3496
v[2171] = 64.1368
v[2172] = 376.287
v[2173] = 365.699
v[2174] = 39.8298
v[2175] = 31.0246
v[2176] = 0
v[2177] = 52.0821
v[2178] = 35.63
v[2179] = 0
v[2180] = 31.0246
v[2181] = 0
v[2182] = 46.5369
v[2183] = 84.0246
v[2184] = 491.264
v[2185] = 523.715
v[2186] = 0
v[2187] = 0
v[2188] = 110.409
v[2189] = 0
v[2190] = 17.8266
v[2191] = 16.4818
v[2192] = 4.22773e-13
v[2193] = 0
v[2194] = 16.4818
v[2195] = 95.0494
v[2196] = 537.328
v[2197] = 523.483
v[2198] = 57.6344
v[2199] = 95.9996
v[2200] = 0
v[2201] = 98.6189
v[2202] = 77.0255
v[2203] = 0
v[2204] = 95.9996
v[2205] = 0
v[2206] = 0
v[2207] = 119.186
v[2208] = 740.784
v[2209] = 621.915
v[2210] = 0
v[2211] = 18.9741
v[2212] = 136.388
v[2213] = 30.0714
v[2214] = 0
v[2215] = 39.334
v[2216] = 18.9741
v[2217] = 0
v[2218] = 39.334
v[2219] = 117.414
v[2220] = 663.758
v[2221] = 640.611
v[2222] = 0
v[2223] = 19.8777
v[2224] = 142.883
v[2225] = 31.5034
v[2226] = 0
v[2227] = 41.207
v[2228] = 19.8777
v[2229] = 0
v[2230] = 41.207
v[2231] = 123.005
v[2232] = 695.366
v[2233] = 671.116
v[2234] = 60.3789
v[2235] = 100.571
v[2236] = 0
v[2237] = 103.315
v[2238] = 80.6934
v[2239] = 0
v[2240] = 100.571
v[2241] = 0
v[2242] = 0
v[2243] = 124.861
v[2244] = 776.059
v[2245] = 651.53
v[2246] = 0
v[2247] = 18.9741
v[2248] = 136.388
v[2249] = 30.0714
v[2250] = 0
v[2251] = 39.334
v[2252] = 18.9741
v[2253] = 0
v[2254] = 39.334
v[2255] = 117.414
v[2256] = 663.758
v[2257] = 640.611
v[2258] = 0
v[2259] = 31.6236
v[2260] = 0
v[2261] = 34.4923
v[2262] = 38.2438
v[2263] = 31.6236
v[2264] = 31.6236
v[2265] = 8.26182
v[2266] = 31.6236
v[2267] = 152.409
v[2268] = 737.816
v[2269] = 681.145
v[2270] = 0
v[2271] = 31.3738
v[2272] = 155.872
v[2273] = 34.3673
v[2274] = 0
v[2275] = 44.9531
v[2276] = 31.3738
v[2277] = 0
v[2278] = 44.9531
v[2279] = 134.187
v[2280] = 768.27
v[2281] = 732.127
v[2282] = 42.3192
v[2283] = 32.9637
v[2284] = 0
v[2285] = 55.3373
v[2286] = 37.8569
v[2287] = 0
v[2288] = 32.9637
v[2289] = 0
v[2290] = 49.4455
v[2291] = 89.2761
v[2292] = 521.968
v[2293] = 556.447
v[2294] = 0
v[2295] = 12.6494
v[2296] = 90.9254
v[2297] = 20.0476
v[2298] = 0
v[2299] = 26.2227
v[2300] = 12.6494
v[2301] = 0
v[2302] = 26.2227
v[2303] = 78.276
v[2304] = 442.506
v[2305] = 427.074
v[2306] = 0
v[2307] = 126.907
v[2308] = 156.179
v[2309] = 129.844
v[2310] = 0
v[2311] = 150.964
v[2312] = 126.907
v[2313] = 125.712
v[2314] = 151.145
v[2315] = 104.137
v[2316] = 894.326
v[2317] = 896.554
v[2318] = 0
v[2319] = 14.4565
v[2320] = 103.915
v[2321] = 22.9115
v[2322] = 0
v[2323] = 29.9688
v[2324] = 14.4565
v[2325] = 0
v[2326] = 29.9688
v[2327] = 89.4583
v[2328] = 505.721
v[2329] = 488.085
v[2330] = 0
v[2331] = 40.863
v[2332] = 39.4287
v[2333] = 48.7567
v[2334] = 40.863
v[2335] = 46.6363
v[2336] = 40.863
v[2337] = 29.2245
v[2338] = 46.6363
v[2339] = 0
v[2340] = 362.312
v[2341] = 0
v[2342] = 90.5705
v[2343] = 21.3929
v[2344] = 133.205
v[2345] = 0
v[2346] = 4.24078
v[2347] = 40.7833
v[2348] = 0
v[2349] = 0
v[2350] = 40.7833
v[2351] = 102.536
v[2352] = 582.767
v[2353] = 566.479
v[2354] = 0
v[2355] = 0
v[2356] = 103.915
v[2357] = 0
v[2358] = 16.7779
v[2359] = 15.5123
v[2360] = -1.58096e-13
v[2361] = 0
v[2362] = 15.5123
v[2363] = 89.4583
v[2364] = 505.721
v[2365] = 492.69
v[2366] = 52.1454
v[2367] = 86.8568
v[2368] = 0
v[2369] = 89.2267
v[2370] = 69.6897
v[2371] = 0
v[2372] = 86.8568
v[2373] = 0
v[2374] = 0
v[2375] = 107.835
v[2376] = 562.685
v[2377] = 0
v[2378] = 111.678
v[2379] = 137.437
v[2380] = 165.841
v[2381] = 0
v[2382] = 132.848
v[2383] = 111.678
v[2384] = 110.616
v[2385] = 133.008
v[2386] = 91.641
v[2387] = 787.167
v[2388] = 788.967
v[2389] = 8.44345
v[2390] = 0
v[2391] = 1.92799
v[2392] = 0
v[2393] = 8.44345
v[2394] = 3.55025
v[2395] = 3.55025
v[2396] = 0
v[2397] = 3.55025
v[2398] = 79.2569
v[2399] = 355.864
v[2400] = 161.318
v[2401] = 0
v[2402] = 0
v[2403] = 76.0354
v[2404] = 0
v[2405] = 2.84217e-14
v[2406] = -1.34719e-11
v[2407] = -1.77636e-15
v[2408] = 0
v[2409] = -1.34488e-11
v[2410] = 62.4825
v[2411] = 452.728
v[2412] = 440.512
v[2413] = 574.406
v[2414] = 670.733
v[2415] = 565.591
v[2416] = 673.602
v[2417] = 649.952
v[2418] = 670.733
v[2419] = 670.733
v[2420] = 670.733
v[2421] = 0
v[2422] = 1376.93
v[2423] = 0
v[2424] = 0
v[2425] = 185.733
v[2426] = 168.862
v[2427] = 188.976
v[2428] = 0
v[2429] = 185.733
v[2430] = 185.733
v[2431] = 0
v[2432] = 185.733
v[2433] = 0
v[2434] = 984.037
v[2435] = 793.137
v[2436] = 35.6785
v[2437] = 59.4283
v[2438] = 0
v[2439] = 61.0498
v[2440] = 47.6825
v[2441] = 0
v[2442] = 59.4283
v[2443] = 0
v[2444] = 0
v[2445] = 73.7817
v[2446] = 384.995
v[2447] = 554.174
v[2448] = 1069.95
v[2449] = 1069.95
v[2450] = 1065.71
v[2451] = 1069.95
v[2452] = 1069.95
v[2453] = 1069.95
v[2454] = 1068.89
v[2455] = 1069.95
v[2456] = 0
v[2457] = 1376.93
v[2458] = 0
v[2459] = 0
v[2460] = 168.194
v[2461] = 0
v[2462] = 199.78
v[2463] = 175.102
v[2464] = 121.657
v[2465] = 168.194
v[2466] = 98.6595
v[2467] = 191.462
v[2468] = 247.694
v[2469] = 858.553
v[2470] = 907.228
v[2471] = 0
v[2472] = 966.957
v[2473] = 852.672
v[2474] = 970.075
v[2475] = 0
v[2476] = 966.957
v[2477] = 966.957
v[2478] = 750.914
v[2479] = 966.957
v[2480] = 237.899
v[2481] = 1734.56
v[2482] = 1201.75
v[2483] = 0
v[2484] = 839.672
v[2485] = 839.672
v[2486] = 842.915
v[2487] = 0
v[2488] = 839.672
v[2489] = 839.672
v[2490] = 616.751
v[2491] = 839.672
v[2492] = 175.057
v[2493] = 1637.98
v[2494] = 1083.85
v[2495] = 2.42579e-10
v[2496] = 109.722
v[2497] = 149.778
v[2498] = 154.469
v[2499] = 119.509
v[2500] = 43.7949
v[2501] = 109.722
v[2502] = 0
v[2503] = 6.90648e-12
v[2504] = 0
v[2505] = 1156.69
v[2506] = 82.3349
v[2507] = 137.142
v[2508] = 0
v[2509] = 140.884
v[2510] = 110.036
v[2511] = 0
v[2512] = 137.142
v[2513] = 0
v[2514] = 888.45
v[2515] = 0
v[2516] = 151.675
v[2517] = 207.047
v[2518] = 213.531
v[2519] = 165.203
v[2520] = 60.54
v[2521] = 151.675
v[2522] = 0
v[2523] = 197.242
v[2524] = 0
v[2525] = 0
v[2526] = 1598.95
v[2527] = 0
v[2528] = 40.6589
v[2529] = 64.4387
v[2530] = 0
v[2531] = 40.6589
v[2532] = 0
v[2533] = 0
v[2534] = 155.204
v[2535] = 1372.74
v[2536] = 166.026
v[2537] = 0
v[2538] = 311.744
v[2539] = 0
v[2540] = 50.3338
v[2541] = 46.5368
v[2542] = -7.10543e-15
v[2543] = 0
v[2544] = 46.5368
v[2545] = 268.375
v[2546] = 1517.16
v[2547] = 118.013
v[2548] = 196.571
v[2549] = 0
v[2550] = 223.564
v[2551] = 179.349
v[2552] = 218.2
v[2553] = 218.2
v[2554] = 244.047
v[2555] = 1538.47
v[2556] = 0
v[2557] = 1442.38
v[2558] = 1614.73
v[2559] = 1654.78
v[2560] = 1659.48
v[2561] = 1624.51
v[2562] = 1548.8
v[2563] = 1647.69
v[2564] = 0
v[2565] = 2035.45
v[2566] = 0
v[2567] = 796.662
v[2568] = 1046.85
v[2569] = 1120.81
v[2570] = 1059.23
v[2571] = 1046.85
v[2572] = 1012.77
v[2573] = 0
v[2574] = 0
v[2575] = 2370.96
v[2576] = 121.918
v[2577] = 28.5283
v[2578] = 179.538
v[2579] = 0
v[2580] = 28.5283
v[2581] = 54.7053
v[2582] = 0
v[2583] = 0
v[2584] = 54.7053
v[2585] = 138.424
v[2586] = 881.932
v[2587] = 100.307
v[2588] = 1.06581e-14
v[2589] = 188.346
v[2590] = 71.6063
v[2591] = 30.41
v[2592] = 0
v[2593] = 0
v[2594] = 0
v[2595] = 0
v[2596] = 121.979
v[2597] = 4.75211e-11
v[2598] = 0
v[2599] = 73.4836
v[2600] = 14.1039
v[2601] = 0
v[2602] = 0
v[2603] = 257.325
v[2604] = 1504.5
v[2605] = 454.743
v[2606] = 159.108
v[2607] = 0
v[2608] = 392.284
v[2609] = 0
v[2610] = 350.721
v[2611] = 392.284
v[2612] = 392.284
v[2613] = 0
v[2614] = 257.193
v[2615] = 1804.67
v[2616] = 1145.42
v[2617] = 1282.28
v[2618] = 1317.82
v[2619] = 1290.06
v[2620] = 1282.28
v[2621] = 665.803
v[2622] = 2.50111e-12
v[2623] = 0
v[2624] = 2113.7
v[2625] = 3485.16
v[2626] = 4519.23
v[2627] = 4514.65
v[2628] = 4525.22
v[2629] = 4322.53
v[2630] = 4519.23
v[2631] = 4519.23
v[2632] = 4470.7
v[2633] = 4519.23
v[2634] = 0
v[2635] = 0
v[2636] = 5786.78
v[2637] = 118.71
v[2638] = 74.5148
v[2639] = 71.8994
v[2640] = 88.9093
v[2641] = 74.5148
v[2642] = 85.0427
v[2643] = 0
v[2644] = 772.292
v[2645] = 0
v[2646] = 71.3569
v[2647] = 118.857
v[2648] = 0
v[2649] = 122.1
v[2650] = 95.3649
v[2651] = 0
v[2652] = 118.857
v[2653] = 0
v[2654] = 0
v[2655] = 769.99
v[2656] = -7.78016e-10
v[2657] = 109.722
v[2658] = 154.469
v[2659] = 119.509
v[2660] = 109.722
v[2661] = 0
v[2662] = -1.01369e-09
v[2663] = 0
v[2664] = 1156.69
v[2665] = 117.663
v[2666] = 0
v[2667] = 173.102
v[2668] = 0
v[2669] = 4.24078
v[2670] = 52.94
v[2671] = 27.7326
v[2672] = 3.04508
v[2673] = 52.94
v[2674] = 133.297
v[2675] = 795.061
v[2676] = 773.886
v[2677] = 109.532
v[2678] = 85.3177
v[2679] = 0
v[2680] = 143.226
v[2681] = 97.9825
v[2682] = 0
v[2683] = 85.3177
v[2684] = 127.976
v[2685] = 231.068
v[2686] = 1350.98
v[2687] = 413.228
v[2688] = 3.9725e-10
v[2689] = 80.6781
v[2690] = 110.131
v[2691] = 113.58
v[2692] = 87.874
v[2693] = 32.2022
v[2694] = 80.6781
v[2695] = 0
v[2696] = 104.916
v[2697] = 0
v[2698] = 0
v[2699] = 850.506
v[2700] = 187.638
v[2701] = 117.782
v[2702] = 113.647
v[2703] = 140.534
v[2704] = 117.782
v[2705] = 134.422
v[2706] = 0
v[2707] = 1220.72
v[2708] = 0
v[2709] = 1173.79
v[2710] = 1370.63
v[2711] = 1155.77
v[2712] = 1376.49
v[2713] = 1328.16
v[2714] = 1370.63
v[2715] = 1370.63
v[2716] = 1370.63
v[2717] = 0
v[2718] = 2813.72
v[2719] = 0
v[2720] = 361.055
v[2721] = 198.487
v[2722] = 0
v[2723] = 152.991
v[2724] = 156.021
v[2725] = 0
v[2726] = 198.487
v[2727] = 244.055
v[2728] = 246.822
v[2729] = 1443.09
v[2730] = 1538.41
v[2731] = 162.557
v[2732] = 0
v[2733] = 239.384
v[2734] = 0
v[2735] = 33.2601
v[2736] = 72.9404
v[2737] = 65.7872
v[2738] = 0
v[2739] = 196.791
v[2740] = 1171.13
v[2741] = 1104.06
v[2742] = 798.243
v[2743] = 995.935
v[2744] = 1016.54
v[2745] = 960.698
v[2746] = 995.935
v[2747] = 918.519
v[2748] = 2.72848e-12
v[2749] = 0
v[2750] = 2150.4
v[2751] = 0
v[2752] = 177.416
v[2753] = 181.782
v[2754] = 0
v[2755] = 177.416
v[2756] = 175.822
v[2757] = 145.792
v[2758] = 1252.06
v[2759] = 74.6809
v[2760] = -1.53699e-09
v[2761] = 184.836
v[2762] = 43.0104
v[2763] = 8.63507
v[2764] = 2.13089
v[2765] = 0
v[2766] = 0
v[2767] = 0
v[2768] = 894.708
v[2769] = 107.222
v[2770] = 67.3037
v[2771] = 64.9414
v[2772] = 80.3052
v[2773] = 67.3037
v[2774] = 76.8128
v[2775] = 0
v[2776] = 596.749
v[2777] = 0
v[2778] = 68.6124
v[2779] = 114.285
v[2780] = 0
v[2781] = 117.404
v[2782] = 91.697
v[2783] = 0
v[2784] = 114.285
v[2785] = 0
v[2786] = 0
v[2787] = 740.375
v[2788] = 84.6383
v[2789] = 65.9273
v[2790] = 0
v[2791] = 110.675
v[2792] = 75.7137
v[2793] = 0
v[2794] = 65.9273
v[2795] = 98.8909
v[2796] = 178.552
v[2797] = 1112.89
v[2798] = 121.061
v[2799] = 0
v[2800] = 227.314
v[2801] = 0
v[2802] = 36.7018
v[2803] = 33.9331
v[2804] = 0
v[2805] = 0
v[2806] = 33.9331
v[2807] = 195.69
v[2808] = 1106.26
v[2809] = 0
v[2810] = 131.984
v[2811] = 162.426
v[2812] = 195.994
v[2813] = 0
v[2814] = 157.002
v[2815] = 131.984
v[2816] = 130.788
v[2817] = 108.303
v[2818] = 708.373
v[2819] = 932.416
v[2820] = 1090.36
v[2821] = 1078.27
v[2822] = 1083.51
v[2823] = 1090.36
v[2824] = 1078.27
v[2825] = 1035.83
v[2826] = 0
v[2827] = -2.24532e-12
v[2828] = 1468.05
v[2829] = 152.191
v[2830] = 241.776
v[2831] = 293.614
v[2832] = 0
v[2833] = 254.441
v[2834] = 281.532
v[2835] = 0
v[2836] = 0
v[2837] = 284.435
v[2838] = 246.01
v[2839] = 1632.51
v[2840] = 74.1014
v[2841] = 123.428
v[2842] = 0
v[2843] = 126.796
v[2844] = 99.0328
v[2845] = 0
v[2846] = 123.428
v[2847] = 0
v[2848] = 0
v[2849] = 424.036
v[2850] = 0
v[2851] = 488.457
v[2852] = 0
v[2853] = 458.64
v[2854] = 488.457
v[2855] = 488.457
v[2856] = 422.574
v[2857] = 488.457
v[2858] = 424.036
v[2859] = 1501.69
v[2860] = 0
v[2861] = 0
v[2862] = 285.766
v[2863] = 0
v[2864] = 0
v[2865] = 42.6588
v[2866] = 39.7553
v[2867] = 0
v[2868] = 246.01
v[2869] = 1390.73
v[2870] = 1354.9
v[2871] = 1993.88
v[2872] = 2232.12
v[2873] = 2287.5
v[2874] = 2293.98
v[2875] = 2245.65
v[2876] = 2140.99
v[2877] = 2277.69
v[2878] = 0
v[2879] = 2813.72
v[2880] = 0
v[2881] = 159.108
v[2882] = 0
v[2883] = 298.755
v[2884] = 0
v[2885] = 350.721
v[2886] = 392.284
v[2887] = 392.284
v[2888] = 0
v[2889] = 392.284
v[2890] = 257.193
v[2891] = 1804.67
v[2892] = 1416.48
v[2893] = 145.515
v[2894] = 91.3408
v[2895] = 88.1347
v[2896] = 108.986
v[2897] = 91.3408
v[2898] = 104.246
v[2899] = 0
v[2900] = 809.874
v[2901] = 0
v[2902] = 141.814
v[2903] = 0
v[2904] = 0
v[2905] = 42.5257
v[2906] = 79.5704
v[2907] = 0
v[2908] = 229.237
v[2909] = 1338.43
v[2910] = 89.617
v[2911] = 69.8054
v[2912] = 0
v[2913] = 117.185
v[2914] = 80.1675
v[2915] = 0
v[2916] = 69.8054
v[2917] = 104.708
v[2918] = 189.055
v[2919] = 1105.34
v[2920] = 1178.36
v[2921] = 79.5904
v[2922] = 132.571
v[2923] = 0
v[2924] = 136.188
v[2925] = 106.369
v[2926] = 0
v[2927] = 132.571
v[2928] = 0
v[2929] = 0
v[2930] = 858.835
v[2931] = 134.48
v[2932] = 223.999
v[2933] = 0
v[2934] = 230.111
v[2935] = 179.726
v[2936] = 223.999
v[2937] = 223.999
v[2938] = 223.999
v[2939] = 278.1
v[2940] = 1728.5
v[2941] = 0
v[2942] = 93.3897
v[2943] = 0
v[2944] = 175.356
v[2945] = 0
v[2946] = 28.3128
v[2947] = 26.177
v[2948] = 26.177
v[2949] = 0
v[2950] = 26.177
v[2951] = 150.961
v[2952] = 855.185
v[2953] = 2.68225e+06
v[2954] = 2.68229e+06
v[2955] = 2.68229e+06
v[2956] = 2.6822e+06
v[2957] = 0
v[2958] = 0
v[2959] = 0
v[2960] = -1.08751e-09
v[2961] = 90.3595
v[2962] = 127.21
v[2963] = 98.4189
v[2964] = 90.3595
v[2965] = 0
v[2966] = -1.28135e-09
v[2967] = 0
v[2968] = 952.567
v[2969] = 251.448
v[2970] = 161.831
v[2971] = 328.275
v[2972] = 88.8906
v[2973] = 129.304
v[2974] = 161.831
v[2975] = 0
v[2976] = 0
v[2977] = 161.831
v[2978] = 68.6124
v[2979] = 114.285
v[2980] = 0
v[2981] = 117.404
v[2982] = 91.697
v[2983] = 0
v[2984] = 114.285
v[2985] = 0
v[2986] = 0
v[2987] = 740.375
v[2988] = 1.67873e-10
v[2989] = 77.451
v[2990] = 109.037
v[2991] = 84.3591
v[2992] = 0
v[2993] = 0
v[2994] = 816.486
v[2995] = 0
v[2996] = 0
v[2997] = 0
v[2998] = 947.68
v[2999] = 83.0131
v[3000] = 0
v[3001] = 59.2604
v[3002] = 0
v[3003] = -3.55271e-15
v[3004] = 0
v[3005] = 134.187
v[3006] = 736.896
v[3007] = 121.918
v[3008] = 0
v[3009] = 0
v[3010] = 4.40389
v[3011] = 28.5283
v[3012] = 0
v[3013] = 138.424
v[3014] = 825.641
v[3015] = 1272.69
v[3016] = 1460.1
v[3017] = 1433.4
v[3018] = 1366.59
v[3019] = 0
v[3020] = 1795.99
v[3021] = 0
v[3022] = 0
v[3023] = 93.9228
v[3024] = 0
v[3025] = 91.4282
v[3026] = 0
v[3027] = 0
v[3028] = 0
v[3029] = 135.465
v[3030] = 31.6981
v[3031] = 0
v[3032] = 31.6981
v[3033] = 0
v[3034] = 0
v[3035] = 979.924
v[3036] = 86.472
v[3037] = 0
v[3038] = 61.7296
v[3039] = 26.2155
v[3040] = 0
v[3041] = 0
v[3042] = 0
v[3043] = 93.3897
v[3044] = 3.55271e-15
v[3045] = 175.356
v[3046] = 66.6679
v[3047] = 28.3128
v[3048] = 26.177
v[3049] = 0
v[3050] = 0
v[3051] = 0
v[3052] = 0
v[3053] = 1795.99
v[3054] = 0
v[3055] = 121.061
v[3056] = 3.55271e-15
v[3057] = 227.314
v[3058] = 86.4214
v[3059] = 36.7018
v[3060] = 33.9331
v[3061] = 0
v[3062] = 0
v[3063] = 0
v[3064] = 1.61478e-10
v[3065] = 74.2239
v[3066] = 104.494
v[3067] = 80.8441
v[3068] = 1.66267e-12
v[3069] = 0
v[3070] = 66.5925
v[3071] = 29.8165
v[3072] = 33.9325
v[3073] = 0
v[3074] = 0
v[3075] = 0
v[3076] = 1.53904e-10
v[3077] = 70.9968
v[3078] = 99.9508
v[3079] = 77.3291
v[3080] = 0
v[3081] = 0
v[3082] = 0
v[3083] = 0
v[3084] = 1125.37
v[3085] = 136.617
v[3086] = 0
v[3087] = 0
v[3088] = 136.617
v[3089] = 136.617
v[3090] = 0
v[3091] = 895.198
v[3092] = 0
v[3093] = 0
v[3094] = 0
v[3095] = 1836.95
v[3096] = 1840.82
v[3097] = 0
v[3098] = 0
v[3099] = 1.95911e-10
v[3100] = 90.3595
v[3101] = 127.21
v[3102] = 98.4189
v[3103] = 2.07478e-12
v[3104] = 0
v[3105] = 2.16502e-10
v[3106] = 100.041
v[3107] = 140.84
v[3108] = 108.964
v[3109] = 0
v[3110] = 0
v[3111] = 1054.63
v[3112] = 2.09809e-10
v[3113] = 96.8138
v[3114] = 105.449
v[3115] = 1.79057e-12
v[3116] = 0
v[3117] = 2.37407e-10
v[3118] = 119.509
v[3119] = 0
v[3120] = 0
v[3121] = 1156.69
v[3122] = 71.9002
v[3123] = 0
v[3124] = 0
v[3125] = 0
v[3126] = 121.632
v[3127] = 0
v[3128] = 747.38
v[3129] = 0
v[3130] = 0
v[3131] = 33.4306
v[3132] = 88.9183
v[3133] = 0
v[3134] = 0
v[3135] = 0
v[3136] = 0
v[3137] = -6.11635e-10
v[3138] = 109.722
v[3139] = 154.469
v[3140] = 119.509
v[3141] = 109.722
v[3142] = 0
v[3143] = -8.47308e-10
v[3144] = 0
v[3145] = 91.9044
v[3146] = 57.6889
v[3147] = 0
v[3148] = 511.499
v[3149] = 0
v[3150] = 0
v[3151] = 31.8995
v[3152] = 2.57652
v[3153] = 0
v[3154] = 5.9442
v[3155] = 10.3481
v[3156] = 2.57652
v[3157] = 0
v[3158] = 0
v[3159] = 2.57652
v[3160] = 1.53904e-10
v[3161] = 70.9968
v[3162] = 99.9508
v[3163] = 77.3291
v[3164] = 1.63425e-12
v[3165] = 0
v[3166] = 153.266
v[3167] = 0
v[3168] = 0
v[3169] = 31.4124
v[3170] = 62.1324
v[3171] = 0
v[3172] = 185.858
v[3173] = 1106.07
v[3174] = 0
v[3175] = 5.86056e-11
v[3176] = 0
v[3177] = 1047.62
v[3178] = 404.171
v[3179] = 378.886
v[3180] = 381.1
v[3181] = 385.014
v[3182] = 0
v[3183] = 0
v[3184] = 130.872
v[3185] = 0
v[3186] = 30.8478
v[3187] = 0
v[3188] = 27.1059
v[3189] = 0
v[3190] = 167.734
v[3191] = 948.226
v[3192] = 0
v[3193] = 98.8019
v[3194] = 164.571
v[3195] = 0
v[3196] = 169.061
v[3197] = 132.044
v[3198] = 0
v[3199] = 164.571
v[3200] = 0
v[3201] = 1066.14
v[3202] = -7.1427e-14
v[3203] = -7.1427e-14
v[3204] = 1.16288e-13
v[3205] = 0
v[3206] = -7.1427e-14
v[3207] = -2.17375e-16
v[3208] = 2.13454e-30
v[3209] = 0
v[3210] = 1.69207e-13
v[3211] = 2.13454e-30
v[3212] = 2.13454e-30
v[3213] = 2.13454e-30
v[3214] = 1.25299e-15
v[3215] = 1.25299e-15
v[3216] = 1.7046e-13
v[3217] = 1.25299e-15
v[3218] = 0
v[3219] = 1.25299e-15
v[3220] = 23.4761
v[3221] = 1.42109e-13
v[3222] = 23.4761
v[3223] = 0
v[3224] = 23.4761
v[3225] = 23.4761
v[3226] = 0
v[3227] = 4.72463e-15
v[3228] = 1.69207e-13
v[3229] = 0
v[3230] = 0
v[3231] = 0
v[3232] = 8.34863e-14
v[3233] = 8.34863e-14
v[3234] = 2.52694e-13
v[3235] = 8.34863e-14
v[3236] = 0
v[3237] = 8.34863e-14
v[3238] = 0
v[3239] = 1.24291e-14
v[3240] = 1.81636e-13
v[3241] = 1.24291e-14
v[3242] = 1.24291e-14
v[3243] = 0
v[3244] = 1.30385e-08
v[3245] = 1.22459e-08
v[3246] = 1.30387e-08
v[3247] = 1.30385e-08
v[3248] = 0
v[3249] = 1.30385e-08
v[3250] = 78.3103
v[3251] = 78.3103
v[3252] = 0
v[3253] = 1.71675e-15
v[3254] = 0
v[3255] = 2.4197e-13
v[3256] = 4.11177e-13
v[3257] = 2.4197e-13
v[3258] = 2.4197e-13
v[3259] = 0
v[3260] = 0
v[3261] = 0
v[3262] = 0
v[3263] = 0
v[3264] = 6.79515e-13
v[3265] = 8.48722e-13
v[3266] = 6.79515e-13
v[3267] = 0
v[3268] = 0
v[3269] = 0
v[3270] = 0
v[3271] = 0
v[3272] = 0
v[3273] = 0
v[3274] = 0
v[3275] = 0
v[3276] = 0
v[3277] = 0
v[3278] = 0
v[3279] = 0
v[3280] = 0
v[3281] = 0
v[3282] = 0
v[3283] = 0
v[3284] = 0
v[3285] = 0
v[3286] = 0
v[3287] = 0
v[3288] = 0
v[3289] = 0
v[3290] = 0
v[3291] = 0
v[3292] = 0
v[3293] = 0
v[3294] = 0
v[3295] = 0
v[3296] = 0
v[3297] = 0
v[3298] = 0
v[3299] = 0
v[3300] = 0
v[3301] = 0
v[3302] = 0
v[3303] = 0
v[3304] = 0
v[3305] = 0
v[3306] = 0
v[3307] = 0
v[3308] = 0
v[3309] = 0
v[3310] = 0
v[3311] = 0
v[3312] = 0
v[3313] = 0
v[3314] = 0
v[3315] = 0
v[3316] = 0
v[3317] = 0
v[3318] = 0
v[3319] = 0
v[3320] = 0
v[3321] = 0
v[3322] = 0
v[3323] = 0
v[3324] = 0
v[3325] = 0
v[3326] = 0
v[3327] = 0
v[3328] = 0
v[3329] = 0
v[3330] = 0
v[3331] = 0
v[3332] = 0
v[3333] = 0
v[3334] = 4.56996e-16
v[3335] = 0
v[3336] = -1.4844e-16
v[3337] = -2.76618e-15
v[3338] = 0
v[3339] = -3.5662e-15
v[3340] = 0
v[3341] = -1.45519e-11
v[3342] = -1.7565e-16
v[3343] = 0
v[3344] = 0
v[3345] = 0
v[3346] = 9.41792e-16
v[3347] = 0
v[3348] = -1.42325e-16
v[3349] = -2.28138e-15
v[3350] = 0
v[3351] = -3.0814e-15
v[3352] = 0
v[3353] = 0
v[3354] = 3.2008e-12
v[3355] = 0
v[3356] = 0
v[3357] = 0
v[3358] = 2.32274e-16
v[3359] = -2.38546e-15
v[3360] = 0
v[3361] = -3.18548e-15
v[3362] = 0
v[3363] = -1.09798e-10
v[3364] = 3.20069e-12
v[3365] = 1.50938e-15
v[3366] = 0
v[3367] = 0
v[3368] = -1.0418e-15
v[3369] = 0
v[3370] = 0
v[3371] = -7.27941e-16
v[3372] = 0
v[3373] = 0
v[3374] = 0
v[3375] = 0
v[3376] = 0
v[3377] = -9.36108e-16
v[3378] = 5.23798e-14
v[3379] = 1.08724e-15
v[3380] = 0
v[3381] = 3.12259e-18
v[3382] = -2.13593e-15
v[3383] = 0
v[3384] = 0
v[3385] = 1.31569e-16
v[3386] = 101578
v[3387] = 0
v[3388] = -8.30979e-15
v[3389] = -3.27979e-16
v[3390] = 0
v[3391] = 0
v[3392] = 0
v[3393] = 0
v[3394] = 0
v[3395] = 0
v[3396] = 0
v[3397] = 0
v[3398] = -2.13507e-11
v[3399] = 2.17875e-15
messed up a farkas cofficient
setting all farkas coefficients to 0
messed up a farkas cofficient
setting all farkas coefficients to 0
messed up a farkas cofficient
setting all farkas coefficients to 0
messed up a farkas cofficient
setting all farkas coefficients to 0
messed up a farkas cofficient
setting all farkas coefficients to 0
messed up a farkas cofficient
setting all farkas coefficients to 0
messed up a farkas cofficient
setting all farkas coefficients to 0
messed up a farkas cofficient
setting all farkas coefficients to 0
messed up a farkas cofficient
setting all farkas coefficients to 0
messed up a farkas cofficient
setting all farkas coefficients to 0
messed up a farkas cofficient
setting all farkas coefficients to 0
messed up a farkas cofficient
setting all farkas coefficients to 0
messed up a farkas cofficient
setting all farkas coefficients to 0
messed up a farkas cofficient
setting all farkas coefficients to 0
messed up a farkas cofficient
setting all farkas coefficients to 0
messed up a farkas cofficient
setting all farkas coefficients to 0
messed up a farkas cofficient
setting all farkas coefficients to 0
messed up a farkas cofficient
setting all farkas coefficients to 0
messed up a farkas cofficient
setting all farkas coefficients to 0
messed up a farkas cofficient
setting all farkas coefficients to 0
provided solution objective value does not match computed objective value
Assertion failed
No vpcs were made from a new disjunction in first iteration. Stopping series.
