messed up a farkas cofficient
setting all farkas coefficients to 0
messed up a farkas cofficient
setting all farkas coefficients to 0
7: cut: 3.16674e+08	calc: 3.16674e+08	diff: -1.19209e-07
1053: cut: -1.84727e+07	calc: -1.84727e+07	diff: -1.00583e-07
1084: cut: -2.32228e+07	calc: -2.32228e+07	diff: 1.78814e-07
1197: cut: -8.36887e+06	calc: -8.36887e+06	diff: -1.22935e-07
1275: cut: 1.10833e+07	calc: 1.10833e+07	diff: -1.06171e-07
*** WARNING (version #43016fc): src/PdcUtility.cpp:298: Number of differences between true and calculated cuts: 5. Total difference: 6.27711e-07. Small enough difference that we will try to continue, but beware of numerical issues.
x:
x[0] = 6.84762
x[1] = 53.6442
x[2] = 35.7628
x[3] = 2347.73
x[4] = 94.5588
x[5] = 1450.51
x[6] = 406.929
x[7] = -141.249
x[8] = 90.6189
x[9] = 90.6189
x[10] = 63.0392
x[11] = 1106.74
x[12] = -160.51
x[13] = 42.4683
x[14] = 119.295
x[15] = 15.8449
x[16] = -141.249
x[17] = -134.828
x[18] = 29.0573
x[19] = 102.439
x[20] = 42.4683
x[21] = 79.7125
x[22] = 11.2235
x[23] = -147.669
x[24] = -147.669
x[25] = 53.6442
x[26] = 88.8206
x[27] = 34.1719
x[28] = 51.2194
x[29] = 37.998
x[30] = 11.2235
x[31] = 42.4683
x[32] = 44.5899
x[33] = 88.8206
x[34] = 37.998
x[35] = 13.8643
x[36] = -134.828
x[37] = -141.249
x[38] = 14.5245
x[39] = -134.828
x[40] = 15.1847
x[41] = -154.09
x[42] = 79.7125
x[43] = -89.8856
x[44] = 98.4988
x[45] = -102.726
x[46] = 276.712
x[47] = 66.8505
x[48] = 35.7628
x[49] = 12.5439
x[50] = 86.6789
x[51] = 37.998
x[52] = 33.5276
x[53] = -101.441
x[54] = -166.93
x[55] = 8.58267
x[56] = 374.375
x[57] = 15.9557
x[58] = 98.4988
x[59] = 102.439
x[60] = -346.024
x[61] = 19.8062
x[62] = -478.327
x[63] = -288.918
x[64] = 107.288
x[65] = 28.3888
x[66] = -594.812
x[67] = -276.077
x[68] = 60.3497
x[69] = 64.8201
x[70] = 431.96
x[71] = -2372.31
x[72] = -472.351
x[73] = 571.468
x[74] = 504.592
x[75] = 17.1653
x[76] = -346.024
x[77] = 58.1145
x[78] = -79.1312
x[79] = -254.429
x[80] = 797.582
x[81] = -207.292
x[82] = -187.105
x[83] = 80.4663
x[84] = -250.395
x[85] = 78.2311
x[86] = 67.0552
x[87] = 455.761
x[88] = 16.5051
x[89] = -61.1469
x[90] = 78.2311
x[91] = 102.439
x[92] = -427.441
x[93] = 98.3477
x[94] = 17.8255
x[95] = -1294.69
x[96] = 98.3477
x[97] = -822.241
x[98] = 102.818
x[99] = 618.533
x[100] = 91.6422
x[101] = -64.7437
x[102] = 19.146
x[103] = 32.3501
x[104] = 60.3497
x[105] = -6.24367e+06
x[106] = -284.961
x[107] = -158.45
x[108] = 16.5051
x[109] = -244.252
x[110] = 21.1266
x[111] = 53.6442
x[112] = 60.3497
x[113] = -524.834
x[114] = 13.2041
x[115] = -132.042
x[116] = 55.8794
x[117] = 60.3497
x[118] = -524.834
x[119] = 78.2311
x[120] = -234.075
x[121] = 73.7608
x[122] = -223.898
x[123] = 25.0878
x[124] = 53.6442
x[125] = 21.7868
x[126] = 69.2904
x[127] = -284.961
x[128] = -315.492
x[129] = -305.315
x[130] = -346.024
x[131] = -274.784
x[132] = 488.315
x[133] = 82.7015
x[134] = -346.024
x[135] = 390.652
x[136] = 60.3497
x[137] = -223.898
x[138] = 75.9959
x[139] = -603.518
x[140] = 53.6442
x[141] = 67.0552
x[142] = 23.7674
x[143] = -18.0444
x[144] = -16.3396
x[145] = -7.51918
x[146] = -9.57033
x[147] = -6.52796
x[148] = -18.2888
x[149] = -16.3396
x[150] = -11.2966
x[151] = -9.69533
x[152] = -14.6076
x[153] = -30.2336
x[154] = -28.1902
x[155] = 1.46119e-13
x[156] = 1.18644e-14
x[157] = -2.72921e-13
x[158] = 4.06805e-13
x[159] = 0
x[160] = -2.41243e-15
x[161] = 1.1095e-13
x[162] = -220235
x[163] = -12.7541
x[164] = -1.85234e-13
x[165] = 0
x[166] = 3.41028e-13
x[167] = 4.38357e-12
x[168] = 3.19566e-12
x[169] = 3.55932e-13
x[170] = 3.55932e-13
x[171] = -8.18763e-12
x[172] = -8.18763e-12
x[173] = -8.18763e-12
x[174] = -9.57206e-13
x[175] = 1.22042e-11
x[176] = 1.19379e-12
x[177] = -7.14603e-14
x[178] = -7.14603e-14
x[179] = 3.32849e-12
x[180] = 1.05589e-11
x[181] = -9.4216e-10
x[182] = -0
x[183] = -1.10845e-11
x[184] = -3.85405e-12
x[185] = -5.55702e-12
x[186] = 1.02308e-11
x[187] = 1.02465e-11
x[188] = -0
x[189] = -8.15005e-14
x[190] = -1.66644e-13
x[191] = -2.02726e-14
x[192] = -5.32722e-13
x[193] = 2.66688e-13
x[194] = -1.41333e-13
x[195] = -1.41282e-13
x[196] = 3.01649e-13
x[197] = -5.27466e-13
x[198] = 3.06118e-13
x[199] = -1.6849
x[200] = -1.33139e-13
x[201] = -236463
x[202] = 3.05056e-13
x[203] = 2.22692e-13
x[204] = -0
x[205] = 2.10813e-13
x[206] = -5.79504e-14
x[207] = -5.79504e-14
x[208] = -2.56365e-13
x[209] = -5.79504e-14
x[210] = -5.79504e-14
x[211] = -1.41282e-13
x[212] = -6.07636e-14
x[213] = -1.21009e-13
x[214] = -1.57359e-14
x[215] = -0
x[216] = 3.01649e-13
x[217] = 3.01649e-13
x[218] = 4.68293e-13
x[219] = 3.52655e-14
x[220] = -0
x[221] = -5.52398e-13
x[222] = -0
x[223] = -0
x[224] = -0
x[225] = 4.41653e-13
x[226] = 3.87618e-13
x[227] = 4.41653e-13
x[228] = 4.41653e-13
x[229] = 4.41653e-13
x[230] = -1.6849
x[231] = -1.6849
x[232] = -1.6849
x[233] = -1.6849
x[234] = -1.6849
x[235] = -1.6849
x[236] = -1.33139e-13
x[237] = -0
x[238] = -1.12867e-13
x[239] = 3.99583e-13
x[240] = -236463
x[241] = -2.90223e-11
x[242] = -236463
x[243] = 3.13709e-11
x[244] = -1.10627e-12
x[245] = 8.39786e-13
x[246] = 3.82593e-14
x[247] = 2.24076e-13
x[248] = 3.04193e-13
x[249] = 1.79506e-15
x[250] = 1.79506e-15
x[251] = -0
x[252] = -0
x[253] = 5.61117e-16
x[254] = 3.66718e-13
x[255] = -7.23042e-12
x[256] = -545.669
x[257] = -5.50529e-11
x[258] = 0
x[259] = 0
x[260] = 0
x[261] = 4.1957e-10
x[262] = -1600.66
x[263] = 0
x[264] = -2.2464e+08
x[265] = -1.05095e-09
x[266] = 1.7053e-12
x[267] = 0
x[268] = 3.48382e-10
x[269] = -479.634
x[270] = -3.00008
x[271] = -48.2713
x[272] = -141.655
x[273] = 1.62004e-12
x[274] = -2380
x[275] = -2258.64
x[276] = -3.00008
x[277] = -276.394
x[278] = -1419.22
x[279] = -1513.99
x[280] = -137.601
x[281] = -3.12508
x[282] = 1.13687e-13
x[283] = -2.87508
x[284] = -291.396
x[285] = -155.693
x[286] = -291.396
x[287] = -2.00005
x[288] = -202.711
x[289] = -1066.51
x[290] = -935.229
x[291] = -3.41061e-13
x[292] = -167.9
x[293] = -365.144
x[294] = -2.8884
x[295] = -58.3386
x[296] = -3.00008
x[297] = -224.973
x[298] = 1.81899e-12
x[299] = -3.72188
x[300] = 2.27374e-13
x[301] = 9.09495e-13
x[302] = -115.411
x[303] = -3.25009
x[304] = -329.405
x[305] = -130.568
x[306] = -401.207
x[307] = -2.12506
x[308] = -53.3537
x[309] = -185.913
x[310] = -5.68434e-14
x[311] = -10.0329
x[312] = 1.02318e-12
x[313] = -2.97226
x[314] = -135.935
x[315] = -235.479
x[316] = -391.404
x[317] = -2.00005
x[318] = -13.7971
x[319] = -450.224
x[320] = -2.75007
x[321] = -22.1621
x[322] = -137.573
x[323] = 3.55271e-13
x[324] = -152.088
x[325] = -53.3537
x[326] = -185.913
x[327] = -9.09495e-13
x[328] = -2.8884
x[329] = -15.5326
x[330] = -391.404
x[331] = -2.00005
x[332] = -13.7971
x[333] = 6.82121e-13
x[334] = -152.088
x[335] = -65.9076
x[336] = -235.082
x[337] = -7.38964e-13
x[338] = -2.84217e-13
x[339] = -69.046
x[340] = -251.136
x[341] = 1.13687e-13
x[342] = -134.581
x[343] = -63.2075
x[344] = -1.02318e-12
x[345] = -401.207
x[346] = -2.12506
x[347] = 1.13687e-13
x[348] = -211.851
x[349] = -316.735
x[350] = -6.82121e-13
x[351] = 1.7053e-12
x[352] = -740.71
x[353] = -2.69443
x[354] = -22.147
x[355] = 9.09495e-13
x[356] = -141.655
x[357] = -3351.76
x[358] = -215.73
x[359] = -2.75007
x[360] = -278.727
x[361] = -152.088
x[362] = -8.95284e-13
x[363] = -133.749
x[364] = -464.607
x[365] = -7.95808e-13
x[366] = 2.18279e-11
x[367] = -120.281
x[368] = -144.92
x[369] = -1002.14
x[370] = -469.83
x[371] = -3.12508
x[372] = -287.91
x[373] = -3.25009
x[374] = -329.405
x[375] = -97.6124
x[376] = 8.32188e-11
x[377] = -2143.89
x[378] = -417.51
x[379] = -1.06797e+07
x[380] = -251.608
x[381] = -686.81
x[382] = -152.926
x[383] = -5.88348e+06
x[384] = -203.792
x[385] = -714.914
x[386] = -401.645
x[387] = -585.083
x[388] = -6.00016
x[389] = -2189.5
x[390] = -915.757
x[391] = -81.5998
x[392] = -302.594
x[393] = -2.23821e-12
x[394] = -3.25009
x[395] = -752.972
x[396] = -1140.37
x[397] = -1447.49
x[398] = -949.413
x[399] = -701.733
x[400] = -203.902
x[401] = -277.387
x[402] = -383.762
x[403] = -3.7501
x[404] = -1219.99
x[405] = -78.4614
x[406] = -286.541
x[407] = -581.842
x[408] = -307.037
x[409] = -7.55332e+06
x[410] = -3.25009
x[411] = -329.405
x[412] = -383.33
x[413] = -9.73471e+06
x[414] = -84.7383
x[415] = -318.647
x[416] = -288.69
x[417] = -383.33
x[418] = -380.845
x[419] = -949.413
x[420] = -401.645
x[421] = -1655.71
x[422] = -277.54
x[423] = 1.81899e-12
x[424] = -616.068
x[425] = -91.0152
x[426] = -337.999
x[427] = -286.716
x[428] = -236.227
x[429] = -1997.85
x[430] = -2145.84
x[431] = -7.84439e+06
x[432] = -78.4614
x[433] = -286.541
x[434] = -785.762
x[435] = -216.348
x[436] = -207.734
x[437] = -2.28084e-12
x[438] = -39.3126
x[439] = -606.009
x[440] = -62.7691
x[441] = -231.783
x[442] = -4.3558e+06
x[443] = -5.95456e+06
x[444] = -6.537e+06
x[445] = -5.30084e+06
x[446] = -247.73
x[447] = -1997.85
x[448] = -188.775
x[449] = -143.977
x[450] = -245.742
x[451] = -7.19091e+06
x[452] = -253.621
x[453] = -4.74934
x[454] = -5.00952e+06
x[455] = -103.569
x[456] = -389.458
x[457] = -6.60828e+06
x[458] = -1414.05
x[459] = -1550.9
x[460] = -46.029
x[461] = -236.855
x[462] = -886.217
x[463] = -686.81
x[464] = -4.62512
x[465] = -116.123
x[466] = -136.949
x[467] = -440.916
x[468] = -1045.71
x[469] = -4.3558e+06
x[470] = 1.64766e-09
x[471] = -230.155
x[472] = -2408.13
x[473] = 8.18545e-11
x[474] = -5.00952e+06
x[475] = -169.918
x[476] = -259.667
x[477] = -708.973
x[478] = -112.984
x[479] = -424.863
x[480] = 5.50529e-11
x[481] = -4.27763e-11
x[482] = -1.14959e-10
x[483] = 4.44879e-10
x[484] = -2.86567e-10
x[485] = -4.1957e-10
x[486] = -1.07223e-10
x[487] = 3.79604e-10
x[488] = 4.01238e-10
x[489] = 1.05095e-09
x[490] = 1.50513e-09
x[491] = 9.67823e-10
x[492] = 2.87278e-10
x[493] = 0
x[494] = 0
x[495] = -3.48382e-10
x[496] = 2110.37
x[497] = 4255.19
x[498] = 4511.09
x[499] = 3702.47
x[500] = 2392.58
x[501] = 1631.99
x[502] = 1154.08
x[503] = 2824.15
x[504] = 2423.83
x[505] = 3651.91
x[506] = 7047.54
x[507] = -382.429
x[508] = -1879.8
x[509] = -5397.88
x[510] = -7558.4
x[511] = 177.461
x[512] = 77.1151
x[513] = 24.2508
x[514] = 110.377
x[515] = 77.1151
x[516] = 233.553
x[517] = 77.1151
x[518] = 323.077
x[519] = 427.477
x[520] = 400.082
x[521] = 255.795
x[522] = 248.294
x[523] = 242.776
x[524] = 159.462
x[525] = 334.498
x[526] = 159.462
x[527] = 446.969
x[528] = 492.919
x[529] = 443.876
x[530] = 64.2214
x[531] = 1.76215e-12
x[532] = 120.898
x[533] = 2.34479e-12
x[534] = 70.6826
x[535] = 116.69
x[536] = 191.671
x[537] = 240.801
x[538] = 224.672
x[539] = 1460.25
x[540] = 1405.9
x[541] = 1298.28
x[542] = 1241.44
x[543] = 1405.9
x[544] = 1279.66
x[545] = 1069.79
x[546] = 1691.85
x[547] = 1631.06
x[548] = -6.25278e-13
x[549] = 140.432
x[550] = 96.5796
x[551] = -9.66338e-13
x[552] = 175.035
x[553] = -3.97904e-13
x[554] = 218.846
x[555] = 292.542
x[556] = 296.093
x[557] = 161.23
x[558] = 156.855
x[559] = 154.303
x[560] = 121.178
x[561] = 223.282
x[562] = 105.036
x[563] = 272.748
x[564] = 331.879
x[565] = 287.086
x[566] = 137.23
x[567] = 146.284
x[568] = 196.382
x[569] = 137.23
x[570] = 319.559
x[571] = 81.8846
x[572] = 51.0862
x[573] = 5.68434e-14
x[574] = 215.856
x[575] = 271.852
x[576] = 66.9322
x[577] = 267.91
x[578] = 215.856
x[579] = 350.872
x[580] = 190.423
x[581] = 453.97
x[582] = 521.524
x[583] = 499.347
x[584] = 152.818
x[585] = 134.581
x[586] = 207.238
x[587] = 152.818
x[588] = 167.742
x[589] = 4.9738e-13
x[590] = 183.208
x[591] = 473.548
x[592] = 425.381
x[593] = -1.02318e-12
x[594] = 134.581
x[595] = 82.7825
x[596] = -1.13687e-12
x[597] = 167.742
x[598] = -8.66862e-13
x[599] = 183.208
x[600] = 320.729
x[601] = 283.756
x[602] = -4.83169e-13
x[603] = 93.6215
x[604] = 43.4062
x[605] = -6.25278e-13
x[606] = 116.69
x[607] = -2.77112e-13
x[608] = 127.449
x[609] = 195.028
x[610] = 197.396
x[611] = 851.315
x[612] = 779.066
x[613] = 845.63
x[614] = 619.072
x[615] = 623.265
x[616] = 816.86
x[617] = 779.066
x[618] = 936.652
x[619] = 793.272
x[620] = 758.323
x[621] = 2847.03
x[622] = 2819.4
x[623] = 2677.8
x[624] = 2906.19
x[625] = 2847.03
x[626] = 969.536
x[627] = 2680.93
x[628] = 2377.15
x[629] = 3195.65
x[630] = 3143.3
x[631] = 76.2629
x[632] = 143.566
x[633] = 7.38964e-13
x[634] = 88.8275
x[635] = 43.8722
x[636] = 138.57
x[637] = 2.41585e-13
x[638] = 227.609
x[639] = 307.858
x[640] = 269.033
x[641] = 164.702
x[642] = 112.522
x[643] = 112.522
x[644] = 112.522
x[645] = 112.522
x[646] = 77.2372
x[647] = 106.554
x[648] = 92.3081
x[649] = 68.6603
x[650] = 37.7993
x[651] = -7.3344e-11
x[652] = 96.6904
x[653] = 37.7993
x[654] = 175.035
x[655] = 37.7993
x[656] = 259.834
x[657] = 361.202
x[658] = 190.423
x[659] = 271.852
x[660] = 266.793
x[661] = 190.423
x[662] = 350.872
x[663] = 190.423
x[664] = 453.97
x[665] = 521.524
x[666] = 499.347
x[667] = 206.045
x[668] = 259.495
x[669] = 63.8898
x[670] = 255.732
x[671] = 206.045
x[672] = 334.923
x[673] = 181.767
x[674] = 433.335
x[675] = 497.819
x[676] = 476.649
x[677] = 98.2296
x[678] = 4.54747e-13
x[679] = 57.4297
x[680] = -1.7053e-13
x[681] = 94.8109
x[682] = 1.98952e-13
x[683] = 155.732
x[684] = 195.651
x[685] = 182.546
x[686] = -7.10543e-14
x[687] = -9.80549e-13
x[688] = 152.135
x[689] = 124.174
x[690] = 189.622
x[691] = 207.105
x[692] = 316.92
x[693] = 320.768
x[694] = 4868.71
x[695] = 4432.87
x[696] = 4649.9
x[697] = 4881.28
x[698] = 4836.32
x[699] = 3304.18
x[700] = 4710.08
x[701] = 4233.63
x[702] = 5100.31
x[703] = 5061.48
x[704] = 171.055
x[705] = 102.82
x[706] = -8.66862e-13
x[707] = 102.82
x[708] = 123.983
x[709] = 102.82
x[710] = 144.636
x[711] = 215.628
x[712] = 196.999
x[713] = 389.965
x[714] = 360.984
x[715] = 245.906
x[716] = 194.186
x[717] = 360.984
x[718] = 192.342
x[719] = 243.932
x[720] = 597.182
x[721] = 562.444
x[722] = 719.541
x[723] = 396.837
x[724] = 563.848
x[725] = 773.961
x[726] = 719.541
x[727] = 366.82
x[728] = 566.723
x[729] = 1039.1
x[730] = 992.104
x[731] = 225.668
x[732] = 284.209
x[733] = 280.087
x[734] = 225.668
x[735] = 366.82
x[736] = 199.078
x[737] = 474.605
x[738] = 545.23
x[739] = 522.044
x[740] = 68.6603
x[741] = 181.347
x[742] = 106.024
x[743] = -2.84217e-13
x[744] = 175.035
x[745] = 2.84217e-13
x[746] = 259.834
x[747] = 361.202
x[748] = 337.008
x[749] = 170.255
x[750] = 106.033
x[751] = 106.033
x[752] = 116.69
x[753] = 106.033
x[754] = 122.331
x[755] = 189.147
x[756] = 171.614
x[757] = 175.059
x[758] = 86.7545
x[759] = 68.9854
x[760] = 86.7545
x[761] = 177.381
x[762] = 86.7545
x[763] = 256.162
x[764] = 348.034
x[765] = 323.926
x[766] = 76.0675
x[767] = 7.10543e-14
x[768] = 35.2676
x[769] = -4.83169e-13
x[770] = 94.8109
x[771] = -1.13687e-13
x[772] = 133.57
x[773] = 173.489
x[774] = 160.384
x[775] = 68.2353
x[776] = 128.454
x[777] = 75.1003
x[778] = 19.6008
x[779] = 123.983
x[780] = 8.10019e-13
x[781] = 203.65
x[782] = 255.851
x[783] = 238.714
x[784] = 389.965
x[785] = 360.984
x[786] = 245.906
x[787] = 194.186
x[788] = 360.984
x[789] = 192.342
x[790] = 243.932
x[791] = 562.444
x[792] = 219.853
x[793] = 149.047
x[794] = 213.915
x[795] = 18.48
x[796] = 194.003
x[797] = 143.59
x[798] = 143.59
x[799] = 353.704
x[800] = 285.952
x[801] = 164.702
x[802] = 112.522
x[803] = 160.601
x[804] = 139.823
x[805] = 181.74
x[806] = 112.522
x[807] = 226.475
x[808] = 180.119
x[809] = 167.013
x[810] = 170.255
x[811] = 106.033
x[812] = 106.033
x[813] = 116.69
x[814] = 106.033
x[815] = 122.331
x[816] = 189.147
x[817] = 171.614
x[818] = 128.454
x[819] = 8.10019e-13
x[820] = 75.1003
x[821] = -1.98952e-13
x[822] = 123.983
x[823] = 4.54747e-13
x[824] = 203.65
x[825] = 255.851
x[826] = 238.714
x[827] = 481.722
x[828] = 445.921
x[829] = 303.767
x[830] = 239.877
x[831] = 445.921
x[832] = 237.599
x[833] = 301.328
x[834] = 737.696
x[835] = 694.783
x[836] = 206.045
x[837] = 259.495
x[838] = 63.8898
x[839] = 255.732
x[840] = 206.045
x[841] = 334.923
x[842] = 181.767
x[843] = 433.335
x[844] = 497.819
x[845] = 476.649
x[846] = 4204.82
x[847] = 3737.66
x[848] = 4055.9
x[849] = 4256.87
x[850] = 4204.82
x[851] = 2430.76
x[852] = 4058.65
x[853] = 3506.97
x[854] = 4510.49
x[855] = 4465.53
x[856] = 504.661
x[857] = 467.156
x[858] = 318.232
x[859] = 251.299
x[860] = 467.156
x[861] = 248.914
x[862] = 315.677
x[863] = 772.824
x[864] = 727.868
x[865] = 206.045
x[866] = 259.495
x[867] = 63.8898
x[868] = 255.732
x[869] = 206.045
x[870] = 334.923
x[871] = 181.767
x[872] = 433.335
x[873] = 497.819
x[874] = 476.649
x[875] = 98.5365
x[876] = 7.03153e-11
x[877] = 146.905
x[878] = 98.5365
x[879] = 260.228
x[880] = 89.488
x[881] = 342.59
x[882] = 412.048
x[883] = 365.049
x[884] = 235.479
x[885] = 296.565
x[886] = 73.0169
x[887] = 292.265
x[888] = 235.479
x[889] = 382.769
x[890] = 207.734
x[891] = 495.24
x[892] = 568.936
x[893] = 544.742
x[894] = 171.055
x[895] = 102.82
x[896] = 102.82
x[897] = 123.983
x[898] = 102.82
x[899] = 144.636
x[900] = 215.628
x[901] = 196.999
x[902] = 137.363
x[903] = 172.996
x[904] = 42.5932
x[905] = 170.488
x[906] = 137.363
x[907] = 223.282
x[908] = 121.178
x[909] = 288.89
x[910] = 331.879
x[911] = 317.766
x[912] = -7.95808e-13
x[913] = 146.284
x[914] = 110.377
x[915] = -1.02318e-12
x[916] = 182.329
x[917] = -5.40012e-13
x[918] = 199.14
x[919] = 305.999
x[920] = 308.431
x[921] = 156.986
x[922] = 197.71
x[923] = 48.678
x[924] = 194.843
x[925] = 156.986
x[926] = 255.179
x[927] = 138.489
x[928] = 330.16
x[929] = 379.291
x[930] = 363.161
x[931] = 139.755
x[932] = 99.4729
x[933] = 43.4677
x[934] = 1.25056e-12
x[935] = 198.769
x[936] = 139.755
x[937] = 217.3
x[938] = 55.6816
x[939] = 207.99
x[940] = 253.388
x[941] = 173.111
x[942] = 247.132
x[943] = 215.165
x[944] = 173.111
x[945] = 173.111
x[946] = 350.173
x[947] = 278.855
x[948] = 258.693
x[949] = 120.898
x[950] = 5.82645e-13
x[951] = 70.6826
x[952] = -1.42109e-13
x[953] = 116.69
x[954] = 2.06057e-13
x[955] = 191.671
x[956] = 240.801
x[957] = 224.672
x[958] = 435.843
x[959] = 403.453
x[960] = 274.836
x[961] = 217.031
x[962] = 403.453
x[963] = 214.971
x[964] = 272.63
x[965] = 628.613
x[966] = -6.82121e-13
x[967] = 128.73
x[968] = 68.9854
x[969] = -7.95808e-13
x[970] = 160.449
x[971] = -4.40536e-13
x[972] = 175.243
x[973] = 305.668
x[974] = 271.419
x[975] = 2975.34
x[976] = 2866.82
x[977] = 2779.56
x[978] = 2966.93
x[979] = 2926.7
x[980] = 3012.6
x[981] = 2813.75
x[982] = 3110.75
x[983] = 2975.34
x[984] = 2940.6
x[985] = 60.2076
x[986] = 113.342
x[987] = -4.68958e-13
x[988] = 66.265
x[989] = 17.2949
x[990] = 126.692
x[991] = 179.691
x[992] = 225.751
x[993] = 210.63
x[994] = 644.225
x[995] = 605.015
x[996] = 116.625
x[997] = 449.322
x[998] = 379.348
x[999] = 659.435
x[1000] = 605.015
x[1001] = 452.197
x[1002] = 924.578
x[1003] = 824.736
x[1004] = 459.94
x[1005] = 648.735
x[1006] = 886.254
x[1007] = 824.736
x[1008] = 414.667
x[1009] = 651.985
x[1010] = 1185.98
x[1011] = 1132.85
x[1012] = 298.209
x[1013] = 276.046
x[1014] = 188.046
x[1015] = 148.495
x[1016] = 276.046
x[1017] = 147.085
x[1018] = 186.536
x[1019] = 430.104
x[1020] = 199.078
x[1021] = 134.581
x[1022] = 58.8093
x[1023] = -5.68434e-14
x[1024] = 268.922
x[1025] = 199.078
x[1026] = 366.82
x[1027] = 75.3339
x[1028] = 281.398
x[1029] = 108.454
x[1030] = 46.1078
x[1031] = 13.8987
x[1032] = 96.5796
x[1033] = 46.1078
x[1034] = 214.829
x[1035] = 37.6885
x[1036] = 300.772
x[1037] = 400.996
x[1038] = 374.696
x[1039] = -7.38964e-13
x[1040] = 146.284
x[1041] = 110.377
x[1042] = -1.3074e-12
x[1043] = 182.329
x[1044] = -8.81073e-13
x[1045] = 227.964
x[1046] = 304.731
x[1047] = 308.431
x[1048] = 172.751
x[1049] = 152.135
x[1050] = 234.269
x[1051] = 172.751
x[1052] = 189.622
x[1053] = 207.105
x[1054] = 535.315
x[1055] = 480.866
x[1056] = 479.982
x[1057] = 422.02
x[1058] = 368.471
x[1059] = 229.446
x[1060] = 127.73
x[1061] = 505.449
x[1062] = 422.02
x[1063] = 542.256
x[1064] = 270.83
x[1065] = 899.448
x[1066] = 688.174
x[1067] = 637.03
x[1068] = 433.952
x[1069] = 342.681
x[1070] = 175.228
x[1071] = 637.03
x[1072] = 992.547
x[1073] = 583.38
x[1074] = 509.357
x[1075] = 317.175
x[1076] = 176.568
x[1077] = 698.709
x[1078] = 583.38
x[1079] = 749.59
x[1080] = 583.38
x[1081] = 1243.35
x[1082] = 236.06
x[1083] = 389.501
x[1084] = 136.907
x[1085] = 389.501
x[1086] = 717.692
x[1087] = 358.451
x[1088] = -8.18545e-11
x[1089] = 1021.39
x[1090] = 192.664
x[1091] = 362.694
x[1092] = 1.27898e-12
x[1093] = 427.709
x[1094] = -3.41061e-13
x[1095] = -5.40012e-13
x[1096] = 575.012
x[1097] = 722.404
x[1098] = 1036.09
x[1099] = 913.077
x[1100] = 669.528
x[1101] = 540.887
x[1102] = 1014.82
x[1103] = 627.373
x[1104] = 617.004
x[1105] = 1560.23
x[1106] = 1136.46
x[1107] = 1078.5
x[1108] = 617.259
x[1109] = 848.346
x[1110] = 744.905
x[1111] = 1158.95
x[1112] = 852.596
x[1113] = 1550.9
x[1114] = 162.304
x[1115] = 372.19
x[1116] = 130.822
x[1117] = 372.19
x[1118] = 402.604
x[1119] = 9.61826
x[1120] = -332.902
x[1121] = 975.996
x[1122] = 191.675
x[1123] = 83.3011
x[1124] = 204.015
x[1125] = 1.90425e-12
x[1126] = 150.556
x[1127] = 83.2746
x[1128] = 323.444
x[1129] = 489.653
x[1130] = 116.401
x[1131] = 2.27374e-13
x[1132] = 219.128
x[1133] = 28.2063
x[1134] = 1.80478e-12
x[1135] = 60.9867
x[1136] = 211.501
x[1137] = 535.138
x[1138] = 338.46
x[1139] = 272.7
x[1140] = 123.624
x[1141] = 441.507
x[1142] = 858.399
x[1143] = 1063.02
x[1144] = 365.622
x[1145] = 2606.73
x[1146] = 2475.13
x[1147] = 2076.97
x[1148] = 2637.15
x[1149] = 2528.31
x[1150] = 232.429
x[1151] = 1661.39
x[1152] = 3167.43
x[1153] = 902.486
x[1154] = 856.457
x[1155] = 673.687
x[1156] = 591.542
x[1157] = 856.457
x[1158] = 442.393
x[1159] = -215.071
x[1160] = 1176.42
x[1161] = 318.925
x[1162] = 280.865
x[1163] = 8.60609e-11
x[1164] = 432.496
x[1165] = 318.925
x[1166] = 561.46
x[1167] = 8.39009e-11
x[1168] = 209.837
x[1169] = 379.276
x[1170] = 254.847
x[1171] = 181.392
x[1172] = 79.2647
x[1173] = 1.3074e-12
x[1174] = 362.46
x[1175] = 498.296
x[1176] = 596.417
x[1177] = 552.093
x[1178] = 376.092
x[1179] = 296.99
x[1180] = 552.093
x[1181] = 294.171
x[1182] = 860.208
x[1183] = 479.982
x[1184] = 422.02
x[1185] = 229.446
x[1186] = 127.73
x[1187] = 422.02
x[1188] = 542.256
x[1189] = 270.83
x[1190] = 899.448
x[1191] = 329.405
x[1192] = 321.279
x[1193] = 286.563
x[1194] = 225.045
x[1195] = 414.667
x[1196] = 225.045
x[1197] = 455.477
x[1198] = 533.995
x[1199] = 480.866
x[1200] = 369.523
x[1201] = 192.914
x[1202] = 133.864
x[1203] = 285.446
x[1204] = 192.914
x[1205] = 177.479
x[1206] = 659.799
x[1207] = 843.543
x[1208] = 702.764
x[1209] = 352.928
x[1210] = 310.309
x[1211] = 270.934
x[1212] = 168.71
x[1213] = 93.9194
x[1214] = 371.654
x[1215] = 310.309
x[1216] = 398.718
x[1217] = 310.309
x[1218] = 661.359
x[1219] = 599.5
x[1220] = 402.822
x[1221] = 286.716
x[1222] = 125.289
x[1223] = 602
x[1224] = 787.63
x[1225] = 1316.46
x[1226] = 1236.34
x[1227] = 238.321
x[1228] = 918.18
x[1229] = 775.188
x[1230] = 1347.54
x[1231] = 1236.34
x[1232] = 924.055
x[1233] = 1889.35
x[1234] = 497.296
x[1235] = 308.646
x[1236] = 245.569
x[1237] = 102.578
x[1238] = 407.486
x[1239] = 308.646
x[1240] = 807.363
x[1241] = 1003.63
x[1242] = 952.132
x[1243] = 414.591
x[1244] = 272.02
x[1245] = 1.36424e-12
x[1246] = 438.398
x[1247] = 353.219
x[1248] = 303.153
x[1249] = 431.259
x[1250] = 853.404
x[1251] = 779.84
x[1252] = 449.14
x[1253] = 382.654
x[1254] = 118.653
x[1255] = -3.0326e-11
x[1256] = 382.654
x[1257] = 622
x[1258] = -310.658
x[1259] = 885.205
x[1260] = 59.6672
x[1261] = 255.26
x[1262] = 338.463
x[1263] = 486.291
x[1264] = 330.166
x[1265] = 209.75
x[1266] = 354.052
x[1267] = 65.2764
x[1268] = 272.84
x[1269] = 218.794
x[1270] = 554.845
x[1271] = 342.572
x[1272] = 230.184
x[1273] = 163.838
x[1274] = 71.5939
x[1275] = -5.68434e-13
x[1276] = 327.383
x[1277] = 342.572
x[1278] = 573.478
x[1279] = 530.859
x[1280] = 361.627
x[1281] = 285.568
x[1282] = 530.859
x[1283] = 282.857
x[1284] = 827.123
x[1285] = 285.541
x[1286] = 149.07
x[1287] = 103.441
x[1288] = 220.572
x[1289] = 149.07
x[1290] = 137.143
x[1291] = 509.844
x[1292] = 614.571
x[1293] = 140.484
x[1294] = -5.11591e-13
x[1295] = 264.464
x[1296] = 7.67386e-13
x[1297] = 248.347
x[1298] = -4.9738e-13
x[1299] = 419.28
x[1300] = 526.753
x[1301] = 9.09495e-13
x[1302] = 152.135
x[1303] = 124.174
x[1304] = -1.13687e-13
x[1305] = 189.622
x[1306] = 207.105
x[1307] = 286.942
x[1308] = 320.768
x[1309] = 836.565
x[1310] = 716.409
x[1311] = 450.002
x[1312] = 352.875
x[1313] = 716.409
x[1314] = 1022.72
x[1315] = 334.554
x[1316] = 1111.08
x[1317] = 176.609
x[1318] = 1.98952e-12
x[1319] = 332.469
x[1320] = 2.95586e-12
x[1321] = 372.521
x[1322] = 1.49214e-12
x[1323] = 527.094
x[1324] = 662.204
x[1325] = 619.356
x[1326] = 573.327
x[1327] = 390.557
x[1328] = 308.413
x[1329] = 573.327
x[1330] = 305.485
x[1331] = 1462.86
x[1332] = 1368.45
x[1333] = 1082.82
x[1334] = 1484.68
x[1335] = 1406.6
x[1336] = 1323.49
x[1337] = 1368.45
x[1338] = 1082.82
x[1339] = 1865.11
x[1340] = 125.877
x[1341] = 332.469
x[1342] = 372.521
x[1343] = 50.8671
x[1344] = 320.898
x[1345] = 527.094
x[1346] = 662.204
x[1347] = 617.848
x[1348] = 1570.99
x[1349] = 1490.87
x[1350] = 853.27
x[1351] = 1172.71
x[1352] = 1029.72
x[1353] = 1602.07
x[1354] = 1178.59
x[1355] = 2143.89
x[1356] = 184.637
x[1357] = 347.582
x[1358] = 2.18847e-12
x[1359] = 400.115
x[1360] = 106.217
x[1361] = 335.485
x[1362] = -4.26326e-14
x[1363] = 551.053
x[1364] = 745.342
x[1365] = 651.343
x[1366] = 464.919
x[1367] = 312.393
x[1368] = 222.351
x[1369] = 97.1632
x[1370] = 1.13687e-13
x[1371] = 444.306
x[1372] = 464.919
x[1373] = 519.446
x[1374] = 402.277
x[1375] = 354.878
x[1376] = 491.156
x[1377] = 971.932
x[1378] = 302.337
x[1379] = 157.839
x[1380] = 109.525
x[1381] = 233.547
x[1382] = 157.839
x[1383] = 145.21
x[1384] = 539.835
x[1385] = 690.171
x[1386] = 650.722
x[1387] = 665.235
x[1388] = 615.796
x[1389] = 419.487
x[1390] = 331.258
x[1391] = 615.796
x[1392] = 328.114
x[1393] = 959.462
x[1394] = 1180.66
x[1395] = 1040.48
x[1396] = 762.95
x[1397] = 616.36
x[1398] = 1156.42
x[1399] = 1040.48
x[1400] = 714.914
x[1401] = 703.098
x[1402] = 1777.94
x[1403] = 225.424
x[1404] = 204.015
x[1405] = 8.2423e-13
x[1406] = 243.279
x[1407] = 179.395
x[1408] = 1.23949e-09
x[1409] = 323.444
x[1410] = 554.534
x[1411] = 6.24373e+06
x[1412] = 6.24369e+06
x[1413] = 6.24357e+06
x[1414] = 6.2438e+06
x[1415] = 9.31323e-10
x[1416] = 395.279
x[1417] = 347.546
x[1418] = 188.955
x[1419] = 105.19
x[1420] = 347.546
x[1421] = 446.564
x[1422] = 223.036
x[1423] = 740.722
x[1424] = 827.823
x[1425] = 724.833
x[1426] = 724.833
x[1427] = 35.0147
x[1428] = 485.639
x[1429] = 810.011
x[1430] = 485.639
x[1431] = 573.478
x[1432] = 530.859
x[1433] = 361.627
x[1434] = 285.568
x[1435] = 530.859
x[1436] = 282.857
x[1437] = 827.123
x[1438] = 338.811
x[1439] = 297.896
x[1440] = 161.962
x[1441] = 90.1626
x[1442] = 634.904
x[1443] = 75.7142
x[1444] = 1058.72
x[1445] = 96.3321
x[1446] = 23.3431
x[1447] = -2.84217e-13
x[1448] = 175.035
x[1449] = 287.506
x[1450] = 333.456
x[1451] = 310.943
x[1452] = 233.7
x[1453] = 196.915
x[1454] = 437.058
x[1455] = 518.596
x[1456] = 1002.76
x[1457] = 544.641
x[1458] = 657.269
x[1459] = 1022.6
x[1460] = 1368.44
x[1461] = 289.301
x[1462] = 424.687
x[1463] = 412.069
x[1464] = 291.654
x[1465] = 29.1789
x[1466] = 32.929
x[1467] = 743.156
x[1468] = 100.346
x[1469] = 2.27374e-13
x[1470] = 24.3158
x[1471] = 9.52127e-13
x[1472] = 108.374
x[1473] = 1.7053e-13
x[1474] = 204.015
x[1475] = 26.261
x[1476] = 9.9476e-13
x[1477] = 137.971
x[1478] = 1368.44
x[1479] = 140.484
x[1480] = 1.7053e-13
x[1481] = 264.464
x[1482] = 34.0421
x[1483] = 1.44951e-12
x[1484] = 248.347
x[1485] = 324.694
x[1486] = 285.484
x[1487] = 155.213
x[1488] = 86.4058
x[1489] = 183.208
x[1490] = 311.74
x[1491] = 255.483
x[1492] = 32.0968
x[1493] = 6.53699e-13
x[1494] = 310.577
x[1495] = 273.072
x[1496] = 148.465
x[1497] = 82.649
x[1498] = 89.9107
x[1499] = 1257.23
x[1500] = 304.066
x[1501] = 6.39488e-13
x[1502] = 207.734
x[1503] = 568.936
x[1504] = 3962.11
x[1505] = 3752.26
x[1506] = 395.279
x[1507] = 347.546
x[1508] = 188.955
x[1509] = 105.19
x[1510] = 223.036
x[1511] = 437.631
x[1512] = 384.783
x[1513] = 209.201
x[1514] = 116.46
x[1515] = 820.085
x[1516] = 423.514
x[1517] = 372.37
x[1518] = 112.703
x[1519] = 238.967
x[1520] = 479.982
x[1521] = 127.73
x[1522] = 899.448
x[1523] = 381.162
x[1524] = 101.433
x[1525] = 482.222
x[1526] = -1.12394e-10
x[1527] = 479.982
x[1528] = 422.02
x[1529] = 229.446
x[1530] = 127.73
x[1531] = 422.02
x[1532] = 542.256
x[1533] = 270.83
x[1534] = 293.633
x[1535] = 2.27374e-12
x[1536] = 293.633
x[1537] = 257.925
x[1538] = 179.395
x[1539] = 204.015
x[1540] = 26.261
x[1541] = 1.64866e-09
x[1542] = 243.279
x[1543] = 1.6478e-09
x[1544] = 310.577
x[1545] = 273.072
x[1546] = 148.465
x[1547] = 82.649
x[1548] = 175.243
x[1549] = 391.558
x[1550] = 1.50635e-12
x[1551] = 333.596
x[1552] = 407.3
x[1553] = 805.992
x[1554] = 637.211
x[1555] = 1043
x[1556] = 257.292
x[1557] = 188.632
x[1558] = 23.3431
x[1559] = 1.00897e-12
x[1560] = 120.415
x[1561] = 34.6821
x[1562] = 218.794
x[1563] = 359.383
x[1564] = 451.503
x[1565] = 825.808
x[1566] = 764.436
x[1567] = 520.743
x[1568] = 411.217
x[1569] = 764.436
x[1570] = 1191.06
x[1571] = 4.38357e-12
x[1572] = 4.38357e-12
x[1573] = 4.38357e-12
x[1574] = 4.38357e-12
x[1575] = 1.1614e-11
x[1576] = -2.83973e-12
x[1577] = 3.55932e-13
x[1578] = 3.55932e-13
x[1579] = 7.58635e-12
x[1580] = -8.18763e-12
x[1581] = -8.18763e-12
x[1582] = 75.8012
x[1583] = 75.8012
x[1584] = 1.22042e-11
x[1585] = 75.8012
x[1586] = 75.8012
x[1587] = 0
x[1588] = -1.19379e-12
x[1589] = 0
x[1590] = 0
x[1591] = 7.23042e-12
x[1592] = -7.23729e-14
x[1593] = -7.23729e-14
x[1594] = -7.23729e-14
x[1595] = 7.15805e-12
x[1596] = 3.32849e-12
x[1597] = 3.32849e-12
x[1598] = 3.32849e-12
x[1599] = 3.32849e-12
x[1600] = -1.86265e-09
x[1601] = -3.71445e-09
x[1602] = -1.86265e-09
x[1603] = -1.86265e-09
x[1604] = -1.85541e-09
x[1605] = 92.9754
x[1606] = 92.9754
x[1607] = -5.55702e-12
x[1608] = -5.55702e-12
x[1609] = -5.55702e-12
x[1610] = -5.55702e-12
x[1611] = 0
x[1612] = 0
x[1613] = 0
x[1614] = 0
x[1615] = 1.02308e-11
x[1616] = 1.02308e-11
x[1617] = -8.33826e-14
x[1618] = -5.27466e-13
x[1619] = -1.35535e-13
x[1620] = 8.4488e-13
x[1621] = -1.16415e-10
x[1622] = 8.15005e-14
x[1623] = 8.15005e-14
x[1624] = -3.60822e-13
x[1625] = 1.01408e-12
x[1626] = 3.35044e-14
x[1627] = 3.87541e-13
x[1628] = 1.66644e-13
x[1629] = -5.07194e-13
x[1630] = 8.6775e-13
x[1631] = -1.16395e-10
x[1632] = 2.4117e-13
x[1633] = 2.02726e-14
x[1634] = 2.31086e-13
x[1635] = 8.34372e-13
x[1636] = 3.97187e-13
x[1637] = 236463
x[1638] = 7.55415e-13
x[1639] = 5.32722e-13
x[1640] = 7.43535e-13
x[1641] = -3.50071e-13
x[1642] = -4.0797e-13
x[1643] = -7.94155e-13
x[1644] = -4.02223e-13
x[1645] = 5.80869e-13
x[1646] = -3.99828e-13
x[1647] = -1.18949e-10
b:
b[0] = 11683.9
b[1] = 10908.7
b[2] = 11183.6
b[3] = 13736.2
b[4] = 8366.02
b[5] = 14869.7
b[6] = 7977.12
b[7] = 3.16674e+08
b[8] = 11261.1
b[9] = 27869.5
b[10] = 22164.4
b[11] = 11683.9
b[12] = 10908.7
b[13] = 11183.6
b[14] = 13736.2
b[15] = 8366.02
b[16] = 15186.7
b[17] = 5510.06
b[18] = 3.16674e+08
b[19] = 11261.1
b[20] = 27869.5
b[21] = 0
b[22] = 22164.4
b[23] = 0
b[24] = 0
b[25] = 0
b[26] = 0
b[27] = 0
b[28] = 0
b[29] = -266.801
b[30] = -324.527
b[31] = -660.766
b[32] = -208.16
b[33] = -156.351
b[34] = -382.118
b[35] = -324.527
b[36] = -7.89374e+06
b[37] = -273.207
b[38] = -35.2662
b[39] = -321.516
b[40] = -297.825
b[41] = -123.626
b[42] = -338.506
b[43] = 121.478
b[44] = -179.044
b[45] = -151.298
b[46] = -182.948
b[47] = -179.044
b[48] = -7.65712e+06
b[49] = -134.368
b[50] = 150.029
b[51] = -179.044
b[52] = -179.044
b[53] = -188.726
b[54] = -225.671
b[55] = 36.3538
b[56] = -259.018
b[57] = -68.6845
b[58] = -213.134
b[59] = -225.671
b[60] = -5.10485e+06
b[61] = -195.887
b[62] = -6.28868
b[63] = -207.174
b[64] = -190.608
b[65] = 3465.14
b[66] = 3443.18
b[67] = -175.131
b[68] = 3464.18
b[69] = 3465.14
b[70] = -290.41
b[71] = 3443.18
b[72] = -6.03232e+06
b[73] = 3353.9
b[74] = 3139.98
b[75] = 3465.14
b[76] = 3443.18
b[77] = -338.506
b[78] = -297.592
b[79] = 54.5307
b[80] = -138.129
b[81] = -338.506
b[82] = -288.23
b[83] = -297.592
b[84] = -7.65724e+06
b[85] = -252.916
b[86] = -37.1787
b[87] = -338.506
b[88] = -285.912
b[89] = 1359.12
b[90] = -197.462
b[91] = 1502.1
b[92] = -197.462
b[93] = 1359.12
b[94] = 1325.18
b[95] = 1342.94
b[96] = -4.63038e+06
b[97] = 1343.29
b[98] = 1518.75
b[99] = 1359.12
b[100] = 1342.94
b[101] = -181.781
b[102] = 135.67
b[103] = 365.233
b[104] = 164.546
b[105] = 243.73
b[106] = 103.969
b[107] = 135.67
b[108] = -7.89326e+06
b[109] = 131.644
b[110] = -2068.63
b[111] = -297.825
b[112] = -297.825
b[113] = -538.225
b[114] = -284.864
b[115] = -34.8192
b[116] = -284.864
b[117] = -284.864
b[118] = -312.76
b[119] = -284.864
b[120] = -6.96411e+06
b[121] = -266.156
b[122] = -8.64693
b[123] = -284.864
b[124] = -262.086
b[125] = -324.402
b[126] = -132.374
b[127] = 52.2586
b[128] = -132.374
b[129] = -350.921
b[130] = -161.538
b[131] = -132.374
b[132] = -7.20054e+06
b[133] = -234.407
b[134] = -62.1484
b[135] = -131.207
b[136] = -132.374
b[137] = -324.402
b[138] = -285.192
b[139] = 52.2586
b[140] = -285.192
b[141] = -350.921
b[142] = -285.994
b[143] = -285.192
b[144] = -7.20054e+06
b[145] = -234.407
b[146] = -62.1484
b[147] = -284.025
b[148] = -273.999
b[149] = -225.671
b[150] = -198.394
b[151] = 36.3538
b[152] = -92.0861
b[153] = -244.119
b[154] = -213.134
b[155] = -198.394
b[156] = -5.10483e+06
b[157] = -168.611
b[158] = -43.2337
b[159] = -225.671
b[160] = -190.608
b[161] = 1633.25
b[162] = 1591.69
b[163] = 1817.02
b[164] = 1553.54
b[165] = 1612.5
b[166] = 1564.07
b[167] = -253.88
b[168] = -5.79802e+06
b[169] = 1622.01
b[170] = 1780.45
b[171] = 1355.8
b[172] = 1357.64
b[173] = -611.619
b[174] = 2278.03
b[175] = 2470.91
b[176] = 2278.03
b[177] = -323.709
b[178] = 2246.33
b[179] = 2278.03
b[180] = -7.89317e+06
b[181] = 2163.25
b[182] = 1851.45
b[183] = 2279.3
b[184] = 2278.03
b[185] = -224.112
b[186] = -267.984
b[187] = 43.1701
b[188] = -307.268
b[189] = -81.5629
b[190] = -248.204
b[191] = -224.112
b[192] = -6.03448e+06
b[193] = -231.022
b[194] = -7.46781
b[195] = -224.112
b[196] = -224.112
b[197] = 49.4206
b[198] = 19.4028
b[199] = -343.598
b[200] = -8.00747
b[201] = 34.4318
b[202] = -198.701
b[203] = 19.4028
b[204] = -4.17511e+06
b[205] = 42.0078
b[206] = 6.63313
b[207] = -167.188
b[208] = -154.869
b[209] = -348.56
b[210] = -338.506
b[211] = -164.615
b[212] = -216.843
b[213] = -140.826
b[214] = -366.833
b[215] = -338.506
b[216] = -7.65732e+06
b[217] = -293.831
b[218] = -74.9041
b[219] = -348.56
b[220] = -885.692
b[221] = -538.225
b[222] = -310.297
b[223] = -34.8192
b[224] = -355.518
b[225] = -284.864
b[226] = -313.876
b[227] = -310.297
b[228] = -6.96411e+06
b[229] = -266.156
b[230] = -8.64693
b[231] = -284.864
b[232] = -262.086
b[233] = -513.76
b[234] = -271.915
b[235] = -33.2365
b[236] = -271.915
b[237] = -271.915
b[238] = -298.544
b[239] = -271.915
b[240] = -6.72765e+06
b[241] = -258.696
b[242] = -8.25389
b[243] = -271.915
b[244] = -250.173
b[245] = -205.52
b[246] = -183.358
b[247] = 29.5374
b[248] = -210.768
b[249] = -55.8062
b[250] = -173.171
b[251] = -183.358
b[252] = -4.17522e+06
b[253] = -160.753
b[254] = -5.10955
b[255] = -168.329
b[256] = -154.869
b[257] = -366.715
b[258] = -322.391
b[259] = 59.0749
b[260] = -149.64
b[261] = -396.693
b[262] = -292.704
b[263] = -322.391
b[264] = -8.13017e+06
b[265] = -70.2547
b[266] = -366.715
b[267] = -309.738
b[268] = 4568.34
b[269] = -267.984
b[270] = 4332.47
b[271] = -269.935
b[272] = 4568.34
b[273] = 4544.24
b[274] = 4568.34
b[275] = -6.03132e+06
b[276] = 4479.06
b[277] = 3998.55
b[278] = 4568.34
b[279] = 4568.34
b[280] = -55.9865
b[281] = -95.2405
b[282] = -449.321
b[283] = -85.1082
b[284] = -31.2628
b[285] = -259.84
b[286] = -95.2405
b[287] = -5.56151e+06
b[288] = -71.5667
b[289] = -23.981
b[290] = -218.631
b[291] = -202.521
b[292] = 94.4342
b[293] = 94.4342
b[294] = -116.603
b[295] = 94.4342
b[296] = 94.4342
b[297] = -381.683
b[298] = 94.4342
b[299] = -5.56151e+06
b[300] = -428.789
b[301] = 6.82563
b[302] = 94.4342
b[303] = 94.4342
b[304] = -562.69
b[305] = 196.062
b[306] = 76.2265
b[307] = 196.062
b[308] = -297.812
b[309] = 166.897
b[310] = 196.062
b[311] = -7.20058e+06
b[312] = 94.0287
b[313] = -493.678
b[314] = 196.062
b[315] = 196.062
b[316] = -562.69
b[317] = -297.812
b[318] = -36.4018
b[319] = -370.759
b[320] = -297.812
b[321] = -326.977
b[322] = -297.812
b[323] = -7.20058e+06
b[324] = -273.616
b[325] = -9.03998
b[326] = -297.812
b[327] = -273.999
b[328] = -310.761
b[329] = -338.506
b[330] = 54.5307
b[331] = -311.978
b[332] = -338.506
b[333] = -319.7
b[334] = -338.506
b[335] = -7.65728e+06
b[336] = -293.831
b[337] = -37.1048
b[338] = -310.761
b[339] = -285.912
b[340] = -29.6347
b[341] = -66.5797
b[342] = -422.89
b[343] = -66.3047
b[344] = -15.6267
b[345] = -244.556
b[346] = -66.5797
b[347] = -5.1048e+06
b[348] = -36.796
b[349] = -22.5704
b[350] = -205.77
b[351] = -190.608
b[352] = -187.745
b[353] = -238.545
b[354] = -581.474
b[355] = -179.125
b[356] = -109.443
b[357] = -336.264
b[358] = -238.545
b[359] = -6.96411e+06
b[360] = -194.404
b[361] = -31.0343
b[362] = -282.934
b[363] = -262.086
b[364] = -183.358
b[365] = -183.358
b[366] = 29.5374
b[367] = -210.768
b[368] = -33.6441
b[369] = -173.171
b[370] = -161.195
b[371] = -4.1752e+06
b[372] = -138.59
b[373] = -5.10955
b[374] = -168.329
b[375] = -154.869
b[376] = -200.521
b[377] = -239.775
b[378] = 38.6259
b[379] = -276.786
b[380] = -72.9773
b[381] = -226.454
b[382] = -220.174
b[383] = -5.56155e+06
b[384] = -216.101
b[385] = -6.68172
b[386] = -220.122
b[387] = -202.521
b[388] = 94.4342
b[389] = 94.4342
b[390] = -116.603
b[391] = 94.4342
b[392] = 94.4342
b[393] = -381.683
b[394] = 94.4342
b[395] = -5.56151e+06
b[396] = -428.789
b[397] = 6.82563
b[398] = 94.4342
b[399] = -80.5223
b[400] = -118.937
b[401] = 113.519
b[402] = -120.888
b[403] = -81.5629
b[404] = -143.029
b[405] = -267.984
b[406] = -6.03448e+06
b[407] = -87.4321
b[408] = 118.627
b[409] = -246.019
b[410] = -25.2847
b[411] = -55.3025
b[412] = 107.442
b[413] = -82.7128
b[414] = -40.2736
b[415] = -75.2452
b[416] = -183.358
b[417] = -4.17512e+06
b[418] = -32.6975
b[419] = 81.1658
b[420] = -168.329
b[421] = -154.869
b[422] = -29.6347
b[423] = -66.5797
b[424] = -422.89
b[425] = -66.3047
b[426] = -15.6267
b[427] = -244.556
b[428] = -66.5797
b[429] = -5.1048e+06
b[430] = -36.796
b[431] = -22.5704
b[432] = -205.77
b[433] = -190.608
b[434] = -268.756
b[435] = -239.775
b[436] = 38.6259
b[437] = -276.786
b[438] = -72.9773
b[439] = -226.454
b[440] = -239.775
b[441] = -5.56155e+06
b[442] = -216.101
b[443] = -6.68172
b[444] = -220.122
b[445] = -202.521
b[446] = 116.654
b[447] = 116.654
b[448] = -144.039
b[449] = 116.654
b[450] = 116.654
b[451] = -471.491
b[452] = 116.654
b[453] = -6.7276e+06
b[454] = -526.853
b[455] = 8.43166
b[456] = 116.654
b[457] = 116.654
b[458] = -513.76
b[459] = -271.915
b[460] = -33.2365
b[461] = -271.915
b[462] = -271.915
b[463] = -298.544
b[464] = -271.915
b[465] = -6.72765e+06
b[466] = -258.696
b[467] = -8.25389
b[468] = -271.915
b[469] = -250.173
b[470] = -538.225
b[471] = 3704.1
b[472] = 3430.99
b[473] = 3704.1
b[474] = -284.864
b[475] = 3676.2
b[476] = 3704.1
b[477] = -6.96203e+06
b[478] = 3602.07
b[479] = 3044.35
b[480] = 3704.1
b[481] = 3704.1
b[482] = 122.209
b[483] = 122.209
b[484] = -150.898
b[485] = 122.209
b[486] = 122.209
b[487] = -493.943
b[488] = 122.209
b[489] = -6.96406e+06
b[490] = -551.941
b[491] = 8.83317
b[492] = 122.209
b[493] = 122.209
b[494] = -513.76
b[495] = -271.915
b[496] = -33.2365
b[497] = -271.915
b[498] = -271.915
b[499] = -298.544
b[500] = -271.915
b[501] = -6.72765e+06
b[502] = -258.696
b[503] = -8.25389
b[504] = -271.915
b[505] = -250.173
b[506] = -534.417
b[507] = -262.09
b[508] = -157.757
b[509] = -268.14
b[510] = -134.958
b[511] = -297.305
b[512] = -262.09
b[513] = -7.20052e+06
b[514] = -220.353
b[515] = 21.7988
b[516] = -268.14
b[517] = -268.14
b[518] = -587.155
b[519] = -310.761
b[520] = -37.9845
b[521] = -310.761
b[522] = -310.761
b[523] = -341.193
b[524] = -310.761
b[525] = -7.65728e+06
b[526] = -293.831
b[527] = -9.43302
b[528] = -310.761
b[529] = -285.912
b[530] = -55.9865
b[531] = -95.2405
b[532] = -449.321
b[533] = -85.1082
b[534] = -31.2628
b[535] = -259.84
b[536] = -95.2405
b[537] = -5.56151e+06
b[538] = -71.5667
b[539] = -23.981
b[540] = -218.631
b[541] = -202.521
b[542] = -342.507
b[543] = -181.277
b[544] = -22.1576
b[545] = -181.277
b[546] = -181.277
b[547] = -199.029
b[548] = -181.277
b[549] = -4.63192e+06
b[550] = -180.967
b[551] = -5.50259
b[552] = -181.277
b[553] = -166.782
b[554] = -352.611
b[555] = -309.991
b[556] = 56.8028
b[557] = -352.611
b[558] = -381.435
b[559] = -290.467
b[560] = -309.991
b[561] = -7.8937e+06
b[562] = -258.671
b[563] = -67.5526
b[564] = -351.342
b[565] = -297.825
b[566] = -391.436
b[567] = -207.174
b[568] = -25.323
b[569] = -207.174
b[570] = -207.174
b[571] = -227.462
b[572] = -207.174
b[573] = -5.10485e+06
b[574] = -195.887
b[575] = -6.28868
b[576] = -207.174
b[577] = -190.608
b[578] = -30.0424
b[579] = 138.693
b[580] = 248.359
b[581] = 157.484
b[582] = 165.737
b[583] = 135.928
b[584] = 138.693
b[585] = -5.56122e+06
b[586] = 78.2942
b[587] = -712.328
b[588] = -29.2696
b[589] = -202.521
b[590] = -40.6488
b[591] = -86.83
b[592] = 163.599
b[593] = -127.25
b[594] = -63.7086
b[595] = -117.458
b[596] = -282.089
b[597] = -6.2709e+06
b[598] = -43.2234
b[599] = 124.871
b[600] = -258.967
b[601] = -238.26
b[602] = -252.947
b[603] = -225.671
b[604] = 36.3538
b[605] = -259.018
b[606] = -68.6845
b[607] = -213.134
b[608] = -225.671
b[609] = -5.10485e+06
b[610] = -195.887
b[611] = -6.28868
b[612] = -207.174
b[613] = -190.608
b[614] = 105.544
b[615] = 105.544
b[616] = -130.321
b[617] = 105.544
b[618] = 105.544
b[619] = -3718.71
b[620] = 105.544
b[621] = -6.03444e+06
b[622] = -476.676
b[623] = 7.62865
b[624] = 105.544
b[625] = -310.297
b[626] = -272.792
b[627] = 49.9865
b[628] = -126.618
b[629] = -335.663
b[630] = -283.757
b[631] = -272.792
b[632] = -6.96408e+06
b[633] = -228.651
b[634] = -59.4463
b[635] = -272.792
b[636] = -262.086
b[637] = 2706.58
b[638] = -239.775
b[639] = 2776.99
b[640] = -276.786
b[641] = 2706.58
b[642] = 2665.37
b[643] = 2686.93
b[644] = -5.55866e+06
b[645] = 2597.65
b[646] = 2900.42
b[647] = 2499.36
b[648] = 2499.36
b[649] = -176.93
b[650] = -211.566
b[651] = 34.0817
b[652] = -243.777
b[653] = -64.3917
b[654] = -199.813
b[655] = -194.272
b[656] = -4.86837e+06
b[657] = -188.427
b[658] = -5.89564
b[659] = -194.225
b[660] = -178.695
b[661] = 127.764
b[662] = 127.764
b[663] = -157.757
b[664] = 127.764
b[665] = 127.764
b[666] = 98.5994
b[667] = 127.764
b[668] = 25.7311
b[669] = -437.416
b[670] = 127.764
b[671] = -1214.42
b[672] = -636.084
b[673] = 232.976
b[674] = 97.5107
b[675] = 232.976
b[676] = -336.657
b[677] = 200.008
b[678] = 232.976
b[679] = -8.13021e+06
b[680] = 118.189
b[681] = -546.729
b[682] = 232.976
b[683] = 232.976
b[684] = 72.2144
b[685] = 72.2144
b[686] = -89.1667
b[687] = 72.2144
b[688] = 72.2144
b[689] = -371.356
b[690] = 72.2144
b[691] = -4.17519e+06
b[692] = -326.147
b[693] = 5.2196
b[694] = 72.2144
b[695] = -40.6456
b[696] = 197.642
b[697] = 336.015
b[698] = 213.067
b[699] = 224.232
b[700] = 183.902
b[701] = 197.642
b[702] = -7.20006e+06
b[703] = 124.683
b[704] = -963.738
b[705] = -39.6
b[706] = -273.999
b[707] = -308.655
b[708] = -330.087
b[709] = -634.335
b[710] = -199.833
b[711] = -140.715
b[712] = -366.833
b[713] = -330.087
b[714] = -7.65728e+06
b[715] = -293.831
b[716] = -33.8556
b[717] = -308.655
b[718] = -285.912
b[719] = -352.611
b[720] = -309.991
b[721] = 56.8028
b[722] = -143.885
b[723] = -352.611
b[724] = -290.467
b[725] = -309.991
b[726] = -7.8937e+06
b[727] = -258.671
b[728] = -38.7278
b[729] = -352.611
b[730] = -297.825
b[731] = -366.715
b[732] = -149.64
b[733] = 59.0749
b[734] = -149.64
b[735] = -396.693
b[736] = -182.608
b[737] = -149.64
b[738] = -8.13017e+06
b[739] = -264.427
b[740] = -70.2547
b[741] = -148.321
b[742] = -149.64
b[743] = -479.55
b[744] = -479.55
b[745] = -233.205
b[746] = -441.969
b[747] = -440.244
b[748] = -519.68
b[749] = -479.55
b[750] = -1.04625e+07
b[751] = -571.854
b[752] = -1373.97
b[753] = -405.042
b[754] = 166.649
b[755] = 166.649
b[756] = -205.769
b[757] = 166.649
b[758] = 166.649
b[759] = -404.177
b[760] = 166.649
b[761] = -496.207
b[762] = 166.649
b[763] = -1326.41
b[764] = -662.908
b[765] = -322.372
b[766] = -610.957
b[767] = -608.573
b[768] = -718.382
b[769] = -662.908
b[770] = -1.44176e+07
b[771] = -541.939
b[772] = -3308.77
b[773] = -1899.31
b[774] = -559.911
b[775] = -864.855
b[776] = -634.699
b[777] = -582.676
b[778] = -582.676
b[779] = -634.699
b[780] = -1.37242e+07
b[781] = -587.81
b[782] = -1649.43
b[783] = -536.085
b[784] = -566.177
b[785] = -677.012
b[786] = 109.061
b[787] = -769.597
b[788] = -206.054
b[789] = -423.739
b[790] = -677.012
b[791] = -2.53339e+07
b[792] = -549.399
b[793] = -18.866
b[794] = -621.521
b[795] = 288.574
b[796] = 238.863
b[797] = -294.936
b[798] = 286.392
b[799] = 288.574
b[800] = 184.338
b[801] = 60.3055
b[802] = 17.2648
b[803] = 288.574
b[804] = -1435.4
b[805] = -71.8576
b[806] = -71.8576
b[807] = -233.205
b[808] = -71.8576
b[809] = -71.8576
b[810] = -114.97
b[811] = -212.153
b[812] = -1091.47
b[813] = -71.8576
b[814] = -2240.09
b[815] = -889.681
b[816] = -606.49
b[817] = -556.779
b[818] = -556.779
b[819] = -606.49
b[820] = -1.32516e+07
b[821] = -894.587
b[822] = -1909.02
b[823] = -512.259
b[824] = -235.174
b[825] = -297.518
b[826] = 61.347
b[827] = -350.976
b[828] = -115.905
b[829] = -328.383
b[830] = -380.819
b[831] = -1.42503e+07
b[832] = -232.937
b[833] = -10.6121
b[834] = -266.304
b[835] = -342.066
b[836] = -409.028
b[837] = 65.8912
b[838] = -184.513
b[839] = -124.491
b[840] = -453.43
b[841] = -409.028
b[842] = -9.05984e+06
b[843] = -547.677
b[844] = 82.9236
b[845] = -30.2205
b[846] = -651.394
b[847] = 235.714
b[848] = 235.714
b[849] = -105.244
b[850] = -234.423
b[851] = 574.585
b[852] = 13.5361
b[853] = -583.737
b[854] = -595.624
b[855] = -3123.93
b[856] = -243.064
b[857] = -3214.19
b[858] = -595.624
b[859] = -653.953
b[860] = -595.624
b[861] = -1.41835e+07
b[862] = -1382.87
b[863] = -595.624
b[864] = -57.0634
b[865] = -57.0634
b[866] = -57.0634
b[867] = -57.0634
b[868] = -57.0634
b[869] = -8.36696e+06
b[870] = -866.757
b[871] = -1503.73
b[872] = -57.0634
b[873] = -879.746
b[874] = 106.092
b[875] = 491.411
b[876] = 106.092
b[877] = 258.126
b[878] = 45.2268
b[879] = 106.092
b[880] = -1.46532e+07
b[881] = -85.2197
b[882] = -2319.2
b[883] = -879.746
b[884] = -571.824
b[885] = 324.493
b[886] = 252.912
b[887] = 452.889
b[888] = 287.177
b[889] = 302.226
b[890] = 247.868
b[891] = -864.002
b[892] = 65.6468
b[893] = -369.303
b[894] = 144.429
b[895] = 144.429
b[896] = -178.333
b[897] = 144.429
b[898] = 144.429
b[899] = -583.75
b[900] = 144.429
b[901] = -8.13015e+06
b[902] = -652.294
b[903] = 144.429
b[904] = -479.55
b[905] = -479.55
b[906] = -441.969
b[907] = -440.244
b[908] = -479.55
b[909] = -1.04625e+07
b[910] = -571.854
b[911] = -1373.97
b[912] = -405.042
b[913] = -81.6346
b[914] = -366.715
b[915] = 183.895
b[916] = -193.964
b[917] = -111.612
b[918] = -174.639
b[919] = -141.67
b[920] = -8.12998e+06
b[921] = -83.7061
b[922] = 133.793
b[923] = -193.964
b[924] = -193.964
b[925] = -503.561
b[926] = -605.159
b[927] = -1162.95
b[928] = -366.361
b[929] = -366.361
b[930] = -672.528
b[931] = -605.159
b[932] = -506.804
b[933] = -62.0686
b[934] = -565.868
b[935] = -616.735
b[936] = -352.611
b[937] = -352.611
b[938] = -171.474
b[939] = -324.977
b[940] = -323.709
b[941] = -382.118
b[942] = -352.611
b[943] = -7.89384e+06
b[944] = -301.291
b[945] = -1759.99
b[946] = -1010.27
b[947] = -297.825
b[948] = 512.908
b[949] = 399.764
b[950] = 715.857
b[951] = 453.925
b[952] = 477.712
b[953] = 420.871
b[954] = -1365.68
b[955] = 103.764
b[956] = -583.737
b[957] = 261.083
b[958] = 261.083
b[959] = -322.372
b[960] = 261.083
b[961] = 261.083
b[962] = 201.486
b[963] = 261.083
b[964] = 69.7712
b[965] = -893.851
b[966] = 261.083
b[967] = -2481.64
b[968] = -537.894
b[969] = -646.42
b[970] = -1242.24
b[971] = -391.341
b[972] = -391.341
b[973] = -718.382
b[974] = -646.42
b[975] = -834.097
b[976] = -66.3005
b[977] = -604.45
b[978] = -559.911
b[979] = -154.54
b[980] = -507.759
b[981] = 81.796
b[982] = -467.967
b[983] = -154.54
b[984] = -200.189
b[985] = -154.54
b[986] = -1.11555e+07
b[987] = -14.1495
b[988] = -154.54
b[989] = -154.54
b[990] = -504.986
b[991] = -504.986
b[992] = -504.986
b[993] = -504.986
b[994] = -504.986
b[995] = -1.20852e+07
b[996] = -820.093
b[997] = -1740.16
b[998] = -464.607
b[999] = -493.655
b[1000] = -493.655
b[1001] = -534.117
b[1002] = -534.01
b[1003] = -493.655
b[1004] = -1.09191e+07
b[1005] = -94.5737
b[1006] = -493.655
b[1007] = -144.111
b[1008] = -213.382
b[1009] = 195.532
b[1010] = -223.805
b[1011] = -63.5071
b[1012] = -259.315
b[1013] = -423.133
b[1014] = -9.2963e+06
b[1015] = -351.346
b[1016] = -223.805
b[1017] = 293.09
b[1018] = 228.436
b[1019] = 409.061
b[1020] = 259.386
b[1021] = 272.978
b[1022] = 223.881
b[1023] = -1173.25
b[1024] = -48.2087
b[1025] = -333.564
b[1026] = 138.874
b[1027] = 138.874
b[1028] = -171.474
b[1029] = 138.874
b[1030] = 138.874
b[1031] = -561.299
b[1032] = 138.874
b[1033] = -7.89368e+06
b[1034] = -627.206
b[1035] = 138.874
b[1036] = -389.115
b[1037] = -467.623
b[1038] = -898.641
b[1039] = -283.097
b[1040] = -283.097
b[1041] = -519.68
b[1042] = -467.623
b[1043] = -393.94
b[1044] = -47.9621
b[1045] = -405.042
b[1046] = -412.838
b[1047] = -493.655
b[1048] = 79.5239
b[1049] = -563.768
b[1050] = -150.247
b[1051] = -372.501
b[1052] = -493.655
b[1053] = -1.84727e+07
b[1054] = -414.155
b[1055] = -13.7565
b[1056] = -453.192
b[1057] = -366.715
b[1058] = -322.391
b[1059] = 59.0749
b[1060] = -149.64
b[1061] = -396.693
b[1062] = -292.704
b[1063] = -322.391
b[1064] = -8.13017e+06
b[1065] = -70.2547
b[1066] = -396.693
b[1067] = -309.738
b[1068] = -348.74
b[1069] = -397.295
b[1070] = -379.393
b[1071] = -348.74
b[1072] = -397.295
b[1073] = -1.27944e+07
b[1074] = -706.408
b[1075] = -1697.25
b[1076] = -500.346
b[1077] = -518.996
b[1078] = -620.595
b[1079] = 99.9729
b[1080] = -706.077
b[1081] = -188.882
b[1082] = -407.974
b[1083] = -620.595
b[1084] = -2.32228e+07
b[1085] = -506.804
b[1086] = -17.2939
b[1087] = -569.728
b[1088] = 149.984
b[1089] = 149.984
b[1090] = -185.192
b[1091] = 149.984
b[1092] = 149.984
b[1093] = -606.202
b[1094] = 149.984
b[1095] = -8.36661e+06
b[1096] = -677.382
b[1097] = -427.296
b[1098] = -1833.9
b[1099] = -174.372
b[1100] = -1899.2
b[1101] = -427.296
b[1102] = -469.14
b[1103] = -427.296
b[1104] = -1.02262e+07
b[1105] = -386.48
b[1106] = -693.925
b[1107] = -427.296
b[1108] = -569.728
b[1109] = -620.595
b[1110] = 99.9729
b[1111] = -706.077
b[1112] = -569.728
b[1113] = -407.974
b[1114] = -569.728
b[1115] = -1.34878e+07
b[1116] = -17.2939
b[1117] = -569.728
b[1118] = -524.172
b[1119] = -99.3326
b[1120] = -99.3326
b[1121] = -322.372
b[1122] = -99.3326
b[1123] = -99.3326
b[1124] = -158.93
b[1125] = -290.644
b[1126] = -1508.8
b[1127] = -99.3326
b[1128] = -3096.59
b[1129] = -542.587
b[1130] = -648.804
b[1131] = 104.517
b[1132] = -739.062
b[1133] = -197.468
b[1134] = -415.856
b[1135] = -542.587
b[1136] = -1.41809e+07
b[1137] = -534.479
b[1138] = -18.08
b[1139] = -542.587
b[1140] = -542.587
b[1141] = 397.765
b[1142] = 310.021
b[1143] = 555.155
b[1144] = 352.023
b[1145] = 370.47
b[1146] = 303.839
b[1147] = -1592.26
b[1148] = -65.4261
b[1149] = -452.694
b[1150] = -128.731
b[1151] = -578.281
b[1152] = -578.281
b[1153] = -176.004
b[1154] = -176.004
b[1155] = -1.25581e+07
b[1156] = -16.1147
b[1157] = -176.004
b[1158] = -412.004
b[1159] = -495.13
b[1160] = -951.503
b[1161] = -299.75
b[1162] = -299.75
b[1163] = -550.25
b[1164] = -495.13
b[1165] = -421.615
b[1166] = -50.7834
b[1167] = -462.983
b[1168] = -428.868
b[1169] = 161.094
b[1170] = 161.094
b[1171] = -198.91
b[1172] = 161.094
b[1173] = 161.094
b[1174] = -651.106
b[1175] = 161.094
b[1176] = -9.05977e+06
b[1177] = -727.559
b[1178] = 161.094
b[1179] = 328.84
b[1180] = 272.193
b[1181] = -336.09
b[1182] = 326.354
b[1183] = 328.84
b[1184] = 210.06
b[1185] = 272.193
b[1186] = 80.8811
b[1187] = 19.6739
b[1188] = 328.84
b[1189] = -1635.68
b[1190] = -201.424
b[1191] = -380.819
b[1192] = 61.347
b[1193] = -434.277
b[1194] = -115.905
b[1195] = -235.661
b[1196] = -201.424
b[1197] = -8.36887e+06
b[1198] = -316.211
b[1199] = -10.6121
b[1200] = -201.424
b[1201] = -409.028
b[1202] = -198.91
b[1203] = -376.974
b[1204] = -443.257
b[1205] = -6.24414e+06
b[1206] = -1.53059e+07
b[1207] = -6.24407e+06
b[1208] = -394.924
b[1209] = -394.924
b[1210] = -363.975
b[1211] = -362.554
b[1212] = -394.924
b[1213] = -8.82348e+06
b[1214] = -470.938
b[1215] = -1131.5
b[1216] = -333.564
b[1217] = 19.7756
b[1218] = -21.843
b[1219] = 295.692
b[1220] = -467.967
b[1221] = 92.1825
b[1222] = -67.4917
b[1223] = -746.676
b[1224] = -1.90005e+07
b[1225] = -174.892
b[1226] = 138.874
b[1227] = 138.874
b[1228] = -171.474
b[1229] = 138.874
b[1230] = 138.874
b[1231] = -561.299
b[1232] = 138.874
b[1233] = -7.89368e+06
b[1234] = -627.206
b[1235] = 138.874
b[1236] = -338.506
b[1237] = -338.506
b[1238] = -311.978
b[1239] = -310.761
b[1240] = -1380.6
b[1241] = -969.859
b[1242] = -285.912
b[1243] = -219.487
b[1244] = -542.317
b[1245] = -645.767
b[1246] = 177.758
b[1247] = -283.089
b[1248] = -338.506
b[1249] = -152.701
b[1250] = -310.761
b[1251] = -338.506
b[1252] = -7.65728e+06
b[1253] = -9.43302
b[1254] = -338.506
b[1255] = -115.905
b[1256] = -380.819
b[1257] = -237.362
b[1258] = -115.905
b[1259] = -147.119
b[1260] = -8.36667e+06
b[1261] = 103.002
b[1262] = -237.362
b[1263] = -63.4038
b[1264] = -205.769
b[1265] = -63.4038
b[1266] = -101.444
b[1267] = -963.064
b[1268] = -63.4038
b[1269] = -1976.55
b[1270] = -137.18
b[1271] = 111.099
b[1272] = -449.039
b[1273] = 111.099
b[1274] = -501.765
b[1275] = 1.10833e+07
b[1276] = 1.47777e+07
b[1277] = -261.304
b[1278] = -330.576
b[1279] = -389.973
b[1280] = -294.952
b[1281] = -622.23
b[1282] = -1.58337e+07
b[1283] = -295.894
b[1284] = -294.884
b[1285] = -352.611
b[1286] = -159.063
b[1287] = -107.32
b[1288] = -352.611
b[1289] = -1.31948e+07
b[1290] = 91.8337
b[1291] = -318.475
b[1292] = -380.819
b[1293] = 61.347
b[1294] = -171.788
b[1295] = -115.905
b[1296] = -340.969
b[1297] = -380.819
b[1298] = -8.36887e+06
b[1299] = -504.986
b[1300] = -963.064
b[1301] = -63.4038
b[1302] = -1514.52
b[1303] = -412.838
b[1304] = -493.655
b[1305] = 79.5239
b[1306] = -222.688
b[1307] = -150.247
b[1308] = -372.501
b[1309] = -493.655
b[1310] = -1.09194e+07
b[1311] = -659.897
b[1312] = -324.402
b[1313] = -324.402
b[1314] = -298.979
b[1315] = -297.812
b[1316] = -386.842
b[1317] = -929.448
b[1318] = -209.963
b[1319] = -209.963
b[1320] = -209.963
b[1321] = -141.662
b[1322] = -465.446
b[1323] = -1.74171e+07
b[1324] = -310.297
b[1325] = -310.297
b[1326] = -285.98
b[1327] = -284.864
b[1328] = -889.037
b[1329] = -260.641
b[1330] = -644.002
b[1331] = -750.005
b[1332] = 211.088
b[1333] = -75.355
b[1334] = -338.506
b[1335] = -180.793
b[1336] = -103.027
b[1337] = -130.772
b[1338] = -1.2667e+07
b[1339] = -103.027
b[1340] = -226.346
b[1341] = -740.914
b[1342] = -827.912
b[1343] = 3524.87
b[1344] = 3524.87
b[1345] = -437.237
b[1346] = -1.63615e+07
b[1347] = -394.924
b[1348] = -394.924
b[1349] = -363.975
b[1350] = -362.554
b[1351] = -470.938
b[1352] = -1131.5
b[1353] = -437.237
b[1354] = -437.237
b[1355] = -402.972
b[1356] = -401.399
b[1357] = -2182.38
b[1358] = -1252.73
b[1359] = -369.303
b[1360] = -423.133
b[1361] = -423.133
b[1362] = -388.451
b[1363] = -504.577
b[1364] = -1212.32
b[1365] = -479.55
b[1366] = -440.244
b[1367] = -2393.58
b[1368] = -1373.97
b[1369] = -405.042
b[1370] = -380.819
b[1371] = -761.982
b[1372] = -770.038
b[1373] = -349.606
b[1374] = -1091.09
b[1375] = -836.131
b[1376] = 63.5292
b[1377] = -357.39
b[1378] = 1148.62
b[1379] = -195.508
b[1380] = -276.026
b[1381] = -772.448
b[1382] = -521.864
b[1383] = -1.13924e+07
b[1384] = -869.991
b[1385] = -479.55
b[1386] = -479.55
b[1387] = -441.969
b[1388] = -440.244
b[1389] = -479.55
b[1390] = -1.04625e+07
b[1391] = -571.854
b[1392] = -1373.97
b[1393] = 251.22
b[1394] = 233.981
b[1395] = -1005.64
b[1396] = -41.3217
b[1397] = -285.912
b[1398] = 1.10833e+07
b[1399] = -168.924
b[1400] = -201.424
b[1401] = 61.347
b[1402] = -171.788
b[1403] = -115.905
b[1404] = -235.661
b[1405] = -380.819
b[1406] = -8.36687e+06
b[1407] = -316.211
b[1408] = -310.297
b[1409] = -310.297
b[1410] = -285.98
b[1411] = -284.864
b[1412] = -370.023
b[1413] = -889.037
b[1414] = -145.955
b[1415] = -479.55
b[1416] = -479.55
b[1417] = -145.955
b[1418] = -145.955
b[1419] = -1.04651e+07
b[1420] = -13.3634
b[1421] = -145.955
b[1422] = -806.536
b[1423] = -505.597
b[1424] = -980.079
b[1425] = -321.651
b[1426] = -122.129
b[1427] = -149.874
b[1428] = -152.701
b[1429] = -103.027
b[1430] = -338.506
b[1431] = -1.2667e+07
b[1432] = -353.861
b[1433] = -423.133
b[1434] = -389.973
b[1435] = -388.451
b[1436] = -388.451
b[1437] = -9.2963e+06
b[1438] = -11.7913
b[1439] = -388.451
b[1440] = -382.993
b[1441] = 199.978
b[1442] = 199.978
b[1443] = -246.923
b[1444] = 199.978
b[1445] = 199.978
b[1446] = -808.27
b[1447] = 199.978
b[1448] = -903.177
b[1449] = 199.978
b[1450] = 0
b[1451] = 0
b[1452] = 0
b[1453] = 0
b[1454] = 0
b[1455] = 0
b[1456] = 0
b[1457] = 0
b[1458] = 0
b[1459] = 0
b[1460] = 0
b[1461] = 0
b[1462] = 0
b[1463] = 0
b[1464] = 0
b[1465] = 0
b[1466] = 0
b[1467] = 0
b[1468] = 75.8012
b[1469] = 0
b[1470] = 75.8012
b[1471] = 0
b[1472] = 75.8012
b[1473] = 75.8012
b[1474] = 0
b[1475] = 0
b[1476] = 0
b[1477] = 0
b[1478] = 0
b[1479] = 0
b[1480] = 0
b[1481] = 0
b[1482] = 0
b[1483] = 0
b[1484] = 0
b[1485] = 0
b[1486] = 0
b[1487] = 0
b[1488] = 0
b[1489] = 0
b[1490] = 0
b[1491] = 0
b[1492] = 6.60706e+06
b[1493] = 6.60706e+06
b[1494] = 6.60706e+06
b[1495] = 6.60706e+06
b[1496] = 6.60706e+06
b[1497] = 6.60706e+06
b[1498] = 475.598
b[1499] = 475.598
b[1500] = 382.623
b[1501] = 382.623
b[1502] = 0
b[1503] = 0
b[1504] = 0
b[1505] = 0
b[1506] = 0
b[1507] = 0
b[1508] = 0
b[1509] = 0
b[1510] = 0
b[1511] = 0
b[1512] = 0
b[1513] = 0
b[1514] = 0
b[1515] = 0
b[1516] = 0
b[1517] = 0
b[1518] = 0
b[1519] = 0
b[1520] = 0
b[1521] = 0
b[1522] = 0
b[1523] = 0
b[1524] = 0
b[1525] = 0
b[1526] = 0
b[1527] = 0
b[1528] = 0
b[1529] = 0
b[1530] = 0
b[1531] = 0
b[1532] = 0
b[1533] = 0
b[1534] = 0
b[1535] = 0
b[1536] = 0
b[1537] = 0
b[1538] = 0
b[1539] = 0
b[1540] = 0
b[1541] = 0
b[1542] = 0
b[1543] = 0
b[1544] = 0
b[1545] = 0
b[1546] = 0
b[1547] = 0
b[1548] = 0
b[1549] = 0
b[1550] = 0
b[1551] = 0
b[1552] = 0
b[1553] = 0
b[1554] = 0
b[1555] = 0
b[1556] = 0
b[1557] = 0
b[1558] = 0
b[1559] = -2.2464e+08
b[1560] = -2.2464e+08
b[1561] = -2.2464e+08
b[1562] = 0
b[1563] = -2.2464e+08
b[1564] = 0
b[1565] = 0
b[1566] = 0
b[1567] = 0
b[1568] = 0
b[1569] = 0
b[1570] = 0
b[1571] = 0
b[1572] = 0
b[1573] = 0
b[1574] = 0
b[1575] = 0
b[1576] = 0
b[1577] = 0
b[1578] = 0
b[1579] = 0
b[1580] = 0
b[1581] = 0
b[1582] = 0
b[1583] = 0
b[1584] = 0
b[1585] = 0
b[1586] = 0
b[1587] = 0
b[1588] = 0
b[1589] = 0
b[1590] = 0
b[1591] = 0
b[1592] = 0
b[1593] = 0
b[1594] = 0
b[1595] = 0
b[1596] = 0
b[1597] = 0
b[1598] = 0
b[1599] = 0
b[1600] = 0
b[1601] = 236463
b[1602] = 0
b[1603] = 0
b[1604] = 0
b[1605] = 0
b[1606] = 0
b[1607] = 0
b[1608] = 0
b[1609] = 0
b[1610] = 0
b[1611] = 236463
b[1612] = 0
b[1613] = 0
b[1614] = 0
b[1615] = 0
b[1616] = 0
b[1617] = 0
b[1618] = 0
b[1619] = 0
b[1620] = 0
b[1621] = 0
b[1622] = 236463
b[1623] = 0
b[1624] = 0
b[1625] = 0
b[1626] = 0
b[1627] = 0
b[1628] = 0
b[1629] = 0
b[1630] = 0
b[1631] = 0
b[1632] = 0
b[1633] = 0
b[1634] = 236463
b[1635] = 0
b[1636] = 0
b[1637] = 0
b[1638] = 0
b[1639] = 0
b[1640] = 0
b[1641] = 0
b[1642] = 0
b[1643] = 0
b[1644] = 0
b[1645] = 0
b[1646] = 236463
b[1647] = 0
v:
v[0] = 6.84762
v[1] = 53.6442
v[2] = 35.7628
v[3] = 2347.73
v[4] = 94.5588
v[5] = 1450.51
v[6] = 406.929
v[7] = -141.249
v[8] = 90.6189
v[9] = 90.6189
v[10] = 63.0392
v[11] = 1106.74
v[12] = -160.51
v[13] = 42.4683
v[14] = 119.295
v[15] = 15.8449
v[16] = -141.249
v[17] = -134.828
v[18] = 29.0573
v[19] = 102.439
v[20] = 42.4683
v[21] = 79.7125
v[22] = 11.2235
v[23] = -147.669
v[24] = -147.669
v[25] = 53.6442
v[26] = 88.8206
v[27] = 34.1719
v[28] = 51.2194
v[29] = 37.998
v[30] = 11.2235
v[31] = 42.4683
v[32] = 44.5899
v[33] = 88.8206
v[34] = 37.998
v[35] = 13.8643
v[36] = -134.828
v[37] = -141.249
v[38] = 14.5245
v[39] = -134.828
v[40] = 15.1847
v[41] = -154.09
v[42] = 79.7125
v[43] = -89.8856
v[44] = 98.4988
v[45] = -102.726
v[46] = 276.712
v[47] = 66.8505
v[48] = 35.7628
v[49] = 12.5439
v[50] = 86.6789
v[51] = 37.998
v[52] = 33.5276
v[53] = -101.441
v[54] = -166.93
v[55] = 8.58267
v[56] = 374.375
v[57] = 15.9557
v[58] = 98.4988
v[59] = 102.439
v[60] = -346.024
v[61] = 19.8062
v[62] = -478.327
v[63] = -288.918
v[64] = 107.288
v[65] = 28.3888
v[66] = -594.812
v[67] = -276.077
v[68] = 60.3497
v[69] = 64.8201
v[70] = 431.96
v[71] = -2372.31
v[72] = -472.351
v[73] = 571.468
v[74] = 504.592
v[75] = 17.1653
v[76] = -346.024
v[77] = 58.1145
v[78] = -79.1312
v[79] = -254.429
v[80] = 797.582
v[81] = -207.292
v[82] = -187.105
v[83] = 80.4663
v[84] = -250.395
v[85] = 78.2311
v[86] = 67.0552
v[87] = 455.761
v[88] = 16.5051
v[89] = -61.1469
v[90] = 78.2311
v[91] = 102.439
v[92] = -427.441
v[93] = 98.3477
v[94] = 17.8255
v[95] = -1294.69
v[96] = 98.3477
v[97] = -822.241
v[98] = 102.818
v[99] = 618.533
v[100] = 91.6422
v[101] = -64.7437
v[102] = 19.146
v[103] = 32.3501
v[104] = 60.3497
v[105] = -6.24367e+06
v[106] = -284.961
v[107] = -158.45
v[108] = 16.5051
v[109] = -244.252
v[110] = 21.1266
v[111] = 53.6442
v[112] = 60.3497
v[113] = -524.834
v[114] = 13.2041
v[115] = -132.042
v[116] = 55.8794
v[117] = 60.3497
v[118] = -524.834
v[119] = 78.2311
v[120] = -234.075
v[121] = 73.7608
v[122] = -223.898
v[123] = 25.0878
v[124] = 53.6442
v[125] = 21.7868
v[126] = 69.2904
v[127] = -284.961
v[128] = -315.492
v[129] = -305.315
v[130] = -346.024
v[131] = -274.784
v[132] = 488.315
v[133] = 82.7015
v[134] = -346.024
v[135] = 390.652
v[136] = 60.3497
v[137] = -223.898
v[138] = 75.9959
v[139] = -603.518
v[140] = 53.6442
v[141] = 67.0552
v[142] = 23.7674
v[143] = -18.0444
v[144] = -16.3396
v[145] = -7.51918
v[146] = -9.57033
v[147] = -6.52796
v[148] = -18.2888
v[149] = -16.3396
v[150] = -11.2966
v[151] = -9.69533
v[152] = -14.6076
v[153] = -30.2336
v[154] = -28.1902
v[155] = 0
v[156] = 0
v[157] = 0
v[158] = 0
v[159] = 0
v[160] = 0
v[161] = 0
v[162] = 0
v[163] = 0
v[164] = 0
v[165] = 0
v[166] = 0
v[167] = 1.46119e-13
v[168] = 1.18644e-14
v[169] = -2.72921e-13
v[170] = 4.06805e-13
v[171] = 0
v[172] = -2.41243e-15
v[173] = 1.1095e-13
v[174] = -220235
v[175] = -12.7541
v[176] = -1.85234e-13
v[177] = 0
v[178] = 3.41028e-13
v[179] = 0
v[180] = 0
v[181] = 0
v[182] = 4.38357e-12
v[183] = 0
v[184] = 0
v[185] = 3.19566e-12
v[186] = 3.55932e-13
v[187] = 0
v[188] = 0
v[189] = 3.55932e-13
v[190] = 0
v[191] = -8.18763e-12
v[192] = -8.18763e-12
v[193] = 0
v[194] = 0
v[195] = -8.18763e-12
v[196] = -9.57206e-13
v[197] = 0
v[198] = 1.22042e-11
v[199] = 0
v[200] = 0
v[201] = 0
v[202] = 0
v[203] = 0
v[204] = 1.19379e-12
v[205] = 0
v[206] = 0
v[207] = 0
v[208] = 0
v[209] = -7.14603e-14
v[210] = 0
v[211] = 0
v[212] = 0
v[213] = -7.14603e-14
v[214] = 0
v[215] = 3.32849e-12
v[216] = 0
v[217] = 0
v[218] = 0
v[219] = 0
v[220] = 1.05589e-11
v[221] = 0
v[222] = -9.4216e-10
v[223] = 0
v[224] = -0
v[225] = 0
v[226] = 0
v[227] = 0
v[228] = 0
v[229] = -1.10845e-11
v[230] = -3.85405e-12
v[231] = -5.55702e-12
v[232] = 0
v[233] = 0
v[234] = 0
v[235] = 0
v[236] = 0
v[237] = 0
v[238] = 0
v[239] = 0
v[240] = 0
v[241] = 1.02308e-11
v[242] = 0
v[243] = 0
v[244] = 1.02465e-11
v[245] = -0
v[246] = -8.15005e-14
v[247] = -1.66644e-13
v[248] = -2.02726e-14
v[249] = -5.32722e-13
v[250] = 2.66688e-13
v[251] = -1.41333e-13
v[252] = -1.41282e-13
v[253] = 3.01649e-13
v[254] = -5.27466e-13
v[255] = 3.06118e-13
v[256] = -1.6849
v[257] = -1.33139e-13
v[258] = -236463
v[259] = 3.05056e-13
v[260] = 2.22692e-13
v[261] = -0
v[262] = 2.10813e-13
v[263] = -5.79504e-14
v[264] = -5.79504e-14
v[265] = 0
v[266] = -2.56365e-13
v[267] = -5.79504e-14
v[268] = -5.79504e-14
v[269] = -1.41282e-13
v[270] = -6.07636e-14
v[271] = 0
v[272] = -1.21009e-13
v[273] = -1.57359e-14
v[274] = -0
v[275] = 3.01649e-13
v[276] = 3.01649e-13
v[277] = 4.68293e-13
v[278] = 0
v[279] = 0
v[280] = 3.52655e-14
v[281] = -0
v[282] = -5.52398e-13
v[283] = -0
v[284] = 0
v[285] = -0
v[286] = -0
v[287] = 4.41653e-13
v[288] = 3.87618e-13
v[289] = 4.41653e-13
v[290] = 0
v[291] = 4.41653e-13
v[292] = 4.41653e-13
v[293] = -1.6849
v[294] = -1.6849
v[295] = -1.6849
v[296] = -1.6849
v[297] = -1.6849
v[298] = -1.6849
v[299] = -1.33139e-13
v[300] = -0
v[301] = 0
v[302] = -1.12867e-13
v[303] = 3.99583e-13
v[304] = 0
v[305] = -236463
v[306] = -2.90223e-11
v[307] = 0
v[308] = 0
v[309] = -236463
v[310] = 3.13709e-11
v[311] = -1.10627e-12
v[312] = 0
v[313] = 8.39786e-13
v[314] = 3.82593e-14
v[315] = 2.24076e-13
v[316] = 3.04193e-13
v[317] = 1.79506e-15
v[318] = 1.79506e-15
v[319] = 0
v[320] = -0
v[321] = -0
v[322] = 0
v[323] = 0
v[324] = 0
v[325] = 5.61117e-16
v[326] = 3.66718e-13
v[327] = 0
v[328] = 0
v[329] = 0
v[330] = 0
v[331] = 0
v[332] = 0
v[333] = 0
v[334] = -7.23042e-12
v[335] = 0
v[336] = 0
v[337] = -545.669
v[338] = 0
v[339] = 0
v[340] = 0
v[341] = 0
v[342] = 0
v[343] = 0
v[344] = 0
v[345] = 0
v[346] = -5.50529e-11
v[347] = 0
v[348] = 0
v[349] = 0
v[350] = 4.1957e-10
v[351] = -1600.66
v[352] = 0
v[353] = -2.2464e+08
v[354] = -1.05095e-09
v[355] = 1.7053e-12
v[356] = 0
v[357] = 3.48382e-10
v[358] = 0
v[359] = 0
v[360] = -479.634
v[361] = 0
v[362] = 0
v[363] = 0
v[364] = 0
v[365] = 0
v[366] = 0
v[367] = 0
v[368] = 0
v[369] = 0
v[370] = 0
v[371] = 0
v[372] = -3.00008
v[373] = -48.2713
v[374] = 0
v[375] = 0
v[376] = 0
v[377] = 0
v[378] = 0
v[379] = 0
v[380] = 0
v[381] = 0
v[382] = 0
v[383] = -141.655
v[384] = 0
v[385] = 0
v[386] = 1.62004e-12
v[387] = 0
v[388] = 0
v[389] = 0
v[390] = 0
v[391] = 0
v[392] = 0
v[393] = -2380
v[394] = 0
v[395] = 0
v[396] = -2258.64
v[397] = 0
v[398] = 0
v[399] = 0
v[400] = 0
v[401] = 0
v[402] = 0
v[403] = 0
v[404] = 0
v[405] = -3.00008
v[406] = -276.394
v[407] = 0
v[408] = 0
v[409] = 0
v[410] = 0
v[411] = 0
v[412] = 0
v[413] = 0
v[414] = -1419.22
v[415] = 0
v[416] = -1513.99
v[417] = 0
v[418] = 0
v[419] = 0
v[420] = 0
v[421] = 0
v[422] = 0
v[423] = 0
v[424] = -137.601
v[425] = 0
v[426] = 0
v[427] = -3.12508
v[428] = 0
v[429] = 0
v[430] = 0
v[431] = 0
v[432] = 0
v[433] = 0
v[434] = 0
v[435] = 1.13687e-13
v[436] = 0
v[437] = 0
v[438] = 0
v[439] = 0
v[440] = 0
v[441] = 0
v[442] = 0
v[443] = 0
v[444] = 0
v[445] = 0
v[446] = 0
v[447] = 0
v[448] = 0
v[449] = -2.87508
v[450] = -291.396
v[451] = 0
v[452] = 0
v[453] = 0
v[454] = 0
v[455] = 0
v[456] = 0
v[457] = 0
v[458] = 0
v[459] = 0
v[460] = -155.693
v[461] = -291.396
v[462] = 0
v[463] = 0
v[464] = 0
v[465] = 0
v[466] = 0
v[467] = 0
v[468] = 0
v[469] = 0
v[470] = 0
v[471] = -2.00005
v[472] = -202.711
v[473] = 0
v[474] = 0
v[475] = 0
v[476] = 0
v[477] = 0
v[478] = 0
v[479] = 0
v[480] = 0
v[481] = 0
v[482] = 0
v[483] = 0
v[484] = 0
v[485] = -1066.51
v[486] = -935.229
v[487] = 0
v[488] = 0
v[489] = 0
v[490] = -3.41061e-13
v[491] = 0
v[492] = 0
v[493] = 0
v[494] = 0
v[495] = 0
v[496] = 0
v[497] = 0
v[498] = 0
v[499] = 0
v[500] = 0
v[501] = 0
v[502] = 0
v[503] = 0
v[504] = -167.9
v[505] = 0
v[506] = 0
v[507] = 0
v[508] = 0
v[509] = 0
v[510] = 0
v[511] = 0
v[512] = 0
v[513] = 0
v[514] = -365.144
v[515] = -2.8884
v[516] = 0
v[517] = -58.3386
v[518] = 0
v[519] = 0
v[520] = 0
v[521] = 0
v[522] = 0
v[523] = 0
v[524] = 0
v[525] = 0
v[526] = -3.00008
v[527] = 0
v[528] = 0
v[529] = 0
v[530] = 0
v[531] = 0
v[532] = 0
v[533] = -224.973
v[534] = 1.81899e-12
v[535] = 0
v[536] = 0
v[537] = -3.72188
v[538] = 0
v[539] = 0
v[540] = 0
v[541] = 0
v[542] = 0
v[543] = 0
v[544] = 0
v[545] = 2.27374e-13
v[546] = 0
v[547] = 0
v[548] = 0
v[549] = 0
v[550] = 0
v[551] = 0
v[552] = 0
v[553] = 0
v[554] = 0
v[555] = 0
v[556] = 9.09495e-13
v[557] = 0
v[558] = 0
v[559] = -115.411
v[560] = 0
v[561] = 0
v[562] = 0
v[563] = 0
v[564] = 0
v[565] = 0
v[566] = 0
v[567] = 0
v[568] = 0
v[569] = 0
v[570] = -3.25009
v[571] = -329.405
v[572] = 0
v[573] = 0
v[574] = 0
v[575] = 0
v[576] = 0
v[577] = 0
v[578] = 0
v[579] = 0
v[580] = -130.568
v[581] = 0
v[582] = 0
v[583] = 0
v[584] = 0
v[585] = 0
v[586] = 0
v[587] = 0
v[588] = 0
v[589] = 0
v[590] = -401.207
v[591] = -2.12506
v[592] = 0
v[593] = 0
v[594] = 0
v[595] = 0
v[596] = 0
v[597] = 0
v[598] = 0
v[599] = 0
v[600] = 0
v[601] = 0
v[602] = 0
v[603] = 0
v[604] = -53.3537
v[605] = 0
v[606] = 0
v[607] = -185.913
v[608] = 0
v[609] = 0
v[610] = -5.68434e-14
v[611] = 0
v[612] = 0
v[613] = 0
v[614] = 0
v[615] = 0
v[616] = 0
v[617] = 0
v[618] = 0
v[619] = -10.0329
v[620] = 0
v[621] = 1.02318e-12
v[622] = 0
v[623] = 0
v[624] = -2.97226
v[625] = 0
v[626] = 0
v[627] = 0
v[628] = 0
v[629] = 0
v[630] = 0
v[631] = 0
v[632] = 0
v[633] = 0
v[634] = 0
v[635] = -135.935
v[636] = -235.479
v[637] = 0
v[638] = 0
v[639] = 0
v[640] = 0
v[641] = 0
v[642] = 0
v[643] = 0
v[644] = 0
v[645] = -391.404
v[646] = -2.00005
v[647] = 0
v[648] = -13.7971
v[649] = 0
v[650] = 0
v[651] = 0
v[652] = 0
v[653] = 0
v[654] = 0
v[655] = 0
v[656] = -450.224
v[657] = -2.75007
v[658] = 0
v[659] = 0
v[660] = 0
v[661] = 0
v[662] = 0
v[663] = 0
v[664] = 0
v[665] = 0
v[666] = -22.1621
v[667] = 0
v[668] = -137.573
v[669] = 0
v[670] = 0
v[671] = 0
v[672] = 0
v[673] = 0
v[674] = 0
v[675] = 0
v[676] = 0
v[677] = 3.55271e-13
v[678] = 0
v[679] = -152.088
v[680] = 0
v[681] = 0
v[682] = 0
v[683] = 0
v[684] = 0
v[685] = 0
v[686] = 0
v[687] = 0
v[688] = 0
v[689] = 0
v[690] = 0
v[691] = 0
v[692] = -53.3537
v[693] = 0
v[694] = 0
v[695] = -185.913
v[696] = 0
v[697] = 0
v[698] = 0
v[699] = 0
v[700] = 0
v[701] = 0
v[702] = 0
v[703] = 0
v[704] = -9.09495e-13
v[705] = 0
v[706] = 0
v[707] = 0
v[708] = 0
v[709] = 0
v[710] = 0
v[711] = -2.8884
v[712] = 0
v[713] = 0
v[714] = -15.5326
v[715] = 0
v[716] = 0
v[717] = 0
v[718] = 0
v[719] = 0
v[720] = 0
v[721] = -391.404
v[722] = -2.00005
v[723] = 0
v[724] = -13.7971
v[725] = 0
v[726] = 0
v[727] = 0
v[728] = 0
v[729] = 0
v[730] = 6.82121e-13
v[731] = 0
v[732] = 0
v[733] = -152.088
v[734] = 0
v[735] = 0
v[736] = 0
v[737] = 0
v[738] = 0
v[739] = 0
v[740] = 0
v[741] = 0
v[742] = 0
v[743] = 0
v[744] = 0
v[745] = 0
v[746] = -65.9076
v[747] = 0
v[748] = 0
v[749] = -235.082
v[750] = 0
v[751] = 0
v[752] = -7.38964e-13
v[753] = 0
v[754] = 0
v[755] = 0
v[756] = 0
v[757] = 0
v[758] = 0
v[759] = 0
v[760] = 0
v[761] = 0
v[762] = 0
v[763] = -2.84217e-13
v[764] = 0
v[765] = 0
v[766] = 0
v[767] = 0
v[768] = 0
v[769] = 0
v[770] = 0
v[771] = 0
v[772] = 0
v[773] = 0
v[774] = 0
v[775] = 0
v[776] = 0
v[777] = 0
v[778] = 0
v[779] = -69.046
v[780] = 0
v[781] = 0
v[782] = -251.136
v[783] = 0
v[784] = 0
v[785] = 1.13687e-13
v[786] = 0
v[787] = 0
v[788] = 0
v[789] = 0
v[790] = 0
v[791] = 0
v[792] = 0
v[793] = 0
v[794] = 0
v[795] = 0
v[796] = -134.581
v[797] = 0
v[798] = 0
v[799] = -63.2075
v[800] = 0
v[801] = 0
v[802] = 0
v[803] = 0
v[804] = 0
v[805] = 0
v[806] = 0
v[807] = -1.02318e-12
v[808] = 0
v[809] = 0
v[810] = 0
v[811] = 0
v[812] = 0
v[813] = 0
v[814] = 0
v[815] = 0
v[816] = 0
v[817] = 0
v[818] = 0
v[819] = 0
v[820] = -401.207
v[821] = -2.12506
v[822] = 0
v[823] = 0
v[824] = 0
v[825] = 0
v[826] = 0
v[827] = 0
v[828] = 0
v[829] = 1.13687e-13
v[830] = 0
v[831] = 0
v[832] = 0
v[833] = 0
v[834] = 0
v[835] = 0
v[836] = 0
v[837] = 0
v[838] = 0
v[839] = 0
v[840] = 0
v[841] = 0
v[842] = 0
v[843] = -211.851
v[844] = -316.735
v[845] = 0
v[846] = 0
v[847] = 0
v[848] = 0
v[849] = 0
v[850] = 0
v[851] = -6.82121e-13
v[852] = 0
v[853] = 0
v[854] = 0
v[855] = 0
v[856] = 0
v[857] = 0
v[858] = 0
v[859] = 0
v[860] = 0
v[861] = 0
v[862] = 1.7053e-12
v[863] = 0
v[864] = 0
v[865] = 0
v[866] = 0
v[867] = 0
v[868] = 0
v[869] = 0
v[870] = 0
v[871] = -740.71
v[872] = 0
v[873] = 0
v[874] = 0
v[875] = 0
v[876] = -2.69443
v[877] = 0
v[878] = 0
v[879] = -22.147
v[880] = 0
v[881] = 0
v[882] = 0
v[883] = 0
v[884] = 9.09495e-13
v[885] = 0
v[886] = 0
v[887] = -141.655
v[888] = 0
v[889] = 0
v[890] = 0
v[891] = 0
v[892] = 0
v[893] = 0
v[894] = 0
v[895] = 0
v[896] = 0
v[897] = 0
v[898] = 0
v[899] = 0
v[900] = -3351.76
v[901] = 0
v[902] = 0
v[903] = -215.73
v[904] = 0
v[905] = 0
v[906] = 0
v[907] = 0
v[908] = 0
v[909] = -2.75007
v[910] = -278.727
v[911] = 0
v[912] = 0
v[913] = 0
v[914] = 0
v[915] = 0
v[916] = 0
v[917] = 0
v[918] = 0
v[919] = 0
v[920] = -152.088
v[921] = 0
v[922] = 0
v[923] = 0
v[924] = 0
v[925] = 0
v[926] = 0
v[927] = 0
v[928] = 0
v[929] = -8.95284e-13
v[930] = 0
v[931] = -133.749
v[932] = 0
v[933] = 0
v[934] = 0
v[935] = 0
v[936] = 0
v[937] = 0
v[938] = 0
v[939] = 0
v[940] = 0
v[941] = 0
v[942] = 0
v[943] = 0
v[944] = 0
v[945] = 0
v[946] = 0
v[947] = 0
v[948] = -464.607
v[949] = -7.95808e-13
v[950] = 0
v[951] = 0
v[952] = 0
v[953] = 0
v[954] = 0
v[955] = 0
v[956] = 0
v[957] = 0
v[958] = 2.18279e-11
v[959] = 0
v[960] = 0
v[961] = 0
v[962] = 0
v[963] = 0
v[964] = 0
v[965] = -120.281
v[966] = 0
v[967] = 0
v[968] = -144.92
v[969] = 0
v[970] = 0
v[971] = 0
v[972] = 0
v[973] = 0
v[974] = 0
v[975] = 0
v[976] = 0
v[977] = 0
v[978] = 0
v[979] = 0
v[980] = -1002.14
v[981] = 0
v[982] = 0
v[983] = 0
v[984] = -469.83
v[985] = 0
v[986] = 0
v[987] = 0
v[988] = 0
v[989] = 0
v[990] = 0
v[991] = 0
v[992] = 0
v[993] = 0
v[994] = 0
v[995] = 0
v[996] = -3.12508
v[997] = -287.91
v[998] = 0
v[999] = 0
v[1000] = 0
v[1001] = 0
v[1002] = 0
v[1003] = 0
v[1004] = 0
v[1005] = 0
v[1006] = 0
v[1007] = -3.25009
v[1008] = -329.405
v[1009] = 0
v[1010] = 0
v[1011] = 0
v[1012] = 0
v[1013] = 0
v[1014] = 0
v[1015] = 0
v[1016] = 0
v[1017] = 0
v[1018] = 0
v[1019] = 0
v[1020] = 0
v[1021] = 0
v[1022] = 0
v[1023] = 0
v[1024] = 0
v[1025] = 0
v[1026] = 0
v[1027] = 0
v[1028] = 0
v[1029] = 0
v[1030] = 0
v[1031] = 0
v[1032] = -97.6124
v[1033] = 0
v[1034] = 8.32188e-11
v[1035] = 0
v[1036] = 0
v[1037] = 0
v[1038] = 0
v[1039] = 0
v[1040] = 0
v[1041] = 0
v[1042] = 0
v[1043] = -2143.89
v[1044] = 0
v[1045] = 0
v[1046] = 0
v[1047] = 0
v[1048] = 0
v[1049] = 0
v[1050] = 0
v[1051] = 0
v[1052] = 0
v[1053] = 0
v[1054] = 0
v[1055] = 0
v[1056] = -417.51
v[1057] = 0
v[1058] = 0
v[1059] = 0
v[1060] = -1.06797e+07
v[1061] = 0
v[1062] = 0
v[1063] = 0
v[1064] = 0
v[1065] = 0
v[1066] = 0
v[1067] = 0
v[1068] = 0
v[1069] = 0
v[1070] = 0
v[1071] = -251.608
v[1072] = 0
v[1073] = 0
v[1074] = 0
v[1075] = 0
v[1076] = 0
v[1077] = 0
v[1078] = 0
v[1079] = 0
v[1080] = -686.81
v[1081] = 0
v[1082] = 0
v[1083] = 0
v[1084] = 0
v[1085] = 0
v[1086] = 0
v[1087] = 0
v[1088] = 0
v[1089] = 0
v[1090] = 0
v[1091] = 0
v[1092] = -152.926
v[1093] = 0
v[1094] = 0
v[1095] = 0
v[1096] = -5.88348e+06
v[1097] = 0
v[1098] = 0
v[1099] = 0
v[1100] = 0
v[1101] = 0
v[1102] = 0
v[1103] = 0
v[1104] = 0
v[1105] = 0
v[1106] = 0
v[1107] = -203.792
v[1108] = 0
v[1109] = 0
v[1110] = -714.914
v[1111] = 0
v[1112] = 0
v[1113] = 0
v[1114] = 0
v[1115] = 0
v[1116] = 0
v[1117] = 0
v[1118] = 0
v[1119] = 0
v[1120] = -401.645
v[1121] = 0
v[1122] = 0
v[1123] = 0
v[1124] = 0
v[1125] = 0
v[1126] = 0
v[1127] = 0
v[1128] = 0
v[1129] = 0
v[1130] = 0
v[1131] = 0
v[1132] = 0
v[1133] = 0
v[1134] = -585.083
v[1135] = 0
v[1136] = 0
v[1137] = -6.00016
v[1138] = 0
v[1139] = 0
v[1140] = 0
v[1141] = 0
v[1142] = 0
v[1143] = -2189.5
v[1144] = 0
v[1145] = 0
v[1146] = 0
v[1147] = 0
v[1148] = 0
v[1149] = 0
v[1150] = 0
v[1151] = -915.757
v[1152] = 0
v[1153] = 0
v[1154] = 0
v[1155] = 0
v[1156] = 0
v[1157] = 0
v[1158] = -81.5998
v[1159] = 0
v[1160] = 0
v[1161] = -302.594
v[1162] = 0
v[1163] = 0
v[1164] = 0
v[1165] = 0
v[1166] = 0
v[1167] = 0
v[1168] = 0
v[1169] = 0
v[1170] = 0
v[1171] = 0
v[1172] = -2.23821e-12
v[1173] = 0
v[1174] = -3.25009
v[1175] = 0
v[1176] = 0
v[1177] = 0
v[1178] = 0
v[1179] = 0
v[1180] = 0
v[1181] = 0
v[1182] = 0
v[1183] = 0
v[1184] = -752.972
v[1185] = 0
v[1186] = 0
v[1187] = 0
v[1188] = 0
v[1189] = 0
v[1190] = 0
v[1191] = 0
v[1192] = 0
v[1193] = 0
v[1194] = 0
v[1195] = 0
v[1196] = 0
v[1197] = 0
v[1198] = 0
v[1199] = 0
v[1200] = 0
v[1201] = -1140.37
v[1202] = 0
v[1203] = 0
v[1204] = 0
v[1205] = 0
v[1206] = 0
v[1207] = 0
v[1208] = 0
v[1209] = -1447.49
v[1210] = 0
v[1211] = 0
v[1212] = 0
v[1213] = 0
v[1214] = 0
v[1215] = 0
v[1216] = 0
v[1217] = 0
v[1218] = 0
v[1219] = 0
v[1220] = -949.413
v[1221] = 0
v[1222] = 0
v[1223] = -701.733
v[1224] = 0
v[1225] = 0
v[1226] = 0
v[1227] = 0
v[1228] = 0
v[1229] = 0
v[1230] = 0
v[1231] = 0
v[1232] = 0
v[1233] = 0
v[1234] = -203.902
v[1235] = 0
v[1236] = 0
v[1237] = 0
v[1238] = 0
v[1239] = 0
v[1240] = 0
v[1241] = 0
v[1242] = 0
v[1243] = 0
v[1244] = 0
v[1245] = 0
v[1246] = 0
v[1247] = 0
v[1248] = 0
v[1249] = 0
v[1250] = 0
v[1251] = -277.387
v[1252] = -383.762
v[1253] = 0
v[1254] = 0
v[1255] = 0
v[1256] = 0
v[1257] = 0
v[1258] = 0
v[1259] = -3.7501
v[1260] = 0
v[1261] = 0
v[1262] = 0
v[1263] = 0
v[1264] = 0
v[1265] = 0
v[1266] = 0
v[1267] = 0
v[1268] = 0
v[1269] = 0
v[1270] = 0
v[1271] = 0
v[1272] = -1219.99
v[1273] = 0
v[1274] = 0
v[1275] = 0
v[1276] = 0
v[1277] = 0
v[1278] = 0
v[1279] = -78.4614
v[1280] = 0
v[1281] = 0
v[1282] = -286.541
v[1283] = 0
v[1284] = 0
v[1285] = 0
v[1286] = -581.842
v[1287] = 0
v[1288] = 0
v[1289] = 0
v[1290] = 0
v[1291] = 0
v[1292] = 0
v[1293] = 0
v[1294] = 0
v[1295] = 0
v[1296] = 0
v[1297] = -307.037
v[1298] = 0
v[1299] = 0
v[1300] = 0
v[1301] = -7.55332e+06
v[1302] = 0
v[1303] = 0
v[1304] = 0
v[1305] = 0
v[1306] = 0
v[1307] = -3.25009
v[1308] = -329.405
v[1309] = 0
v[1310] = 0
v[1311] = 0
v[1312] = 0
v[1313] = 0
v[1314] = 0
v[1315] = 0
v[1316] = 0
v[1317] = 0
v[1318] = 0
v[1319] = 0
v[1320] = 0
v[1321] = 0
v[1322] = 0
v[1323] = 0
v[1324] = 0
v[1325] = -383.33
v[1326] = 0
v[1327] = 0
v[1328] = 0
v[1329] = -9.73471e+06
v[1330] = 0
v[1331] = 0
v[1332] = 0
v[1333] = 0
v[1334] = 0
v[1335] = 0
v[1336] = 0
v[1337] = -84.7383
v[1338] = 0
v[1339] = 0
v[1340] = -318.647
v[1341] = 0
v[1342] = 0
v[1343] = 0
v[1344] = -288.69
v[1345] = 0
v[1346] = 0
v[1347] = 0
v[1348] = 0
v[1349] = 0
v[1350] = 0
v[1351] = 0
v[1352] = 0
v[1353] = 0
v[1354] = -383.33
v[1355] = -380.845
v[1356] = 0
v[1357] = 0
v[1358] = 0
v[1359] = 0
v[1360] = 0
v[1361] = 0
v[1362] = 0
v[1363] = 0
v[1364] = 0
v[1365] = 0
v[1366] = 0
v[1367] = 0
v[1368] = 0
v[1369] = -949.413
v[1370] = 0
v[1371] = 0
v[1372] = 0
v[1373] = -401.645
v[1374] = 0
v[1375] = 0
v[1376] = 0
v[1377] = 0
v[1378] = 0
v[1379] = 0
v[1380] = 0
v[1381] = 0
v[1382] = 0
v[1383] = 0
v[1384] = 0
v[1385] = 0
v[1386] = 0
v[1387] = -1655.71
v[1388] = 0
v[1389] = 0
v[1390] = 0
v[1391] = -277.54
v[1392] = 1.81899e-12
v[1393] = 0
v[1394] = 0
v[1395] = 0
v[1396] = 0
v[1397] = 0
v[1398] = -616.068
v[1399] = 0
v[1400] = 0
v[1401] = 0
v[1402] = 0
v[1403] = 0
v[1404] = 0
v[1405] = 0
v[1406] = 0
v[1407] = 0
v[1408] = 0
v[1409] = 0
v[1410] = 0
v[1411] = -91.0152
v[1412] = 0
v[1413] = 0
v[1414] = -337.999
v[1415] = 0
v[1416] = 0
v[1417] = 0
v[1418] = 0
v[1419] = 0
v[1420] = 0
v[1421] = 0
v[1422] = 0
v[1423] = 0
v[1424] = 0
v[1425] = -286.716
v[1426] = 0
v[1427] = 0
v[1428] = 0
v[1429] = -236.227
v[1430] = 0
v[1431] = 0
v[1432] = 0
v[1433] = -1997.85
v[1434] = 0
v[1435] = 0
v[1436] = 0
v[1437] = 0
v[1438] = 0
v[1439] = 0
v[1440] = 0
v[1441] = -2145.84
v[1442] = 0
v[1443] = 0
v[1444] = 0
v[1445] = 0
v[1446] = 0
v[1447] = 0
v[1448] = 0
v[1449] = 0
v[1450] = 0
v[1451] = 0
v[1452] = 0
v[1453] = 0
v[1454] = 0
v[1455] = 0
v[1456] = 0
v[1457] = 0
v[1458] = -7.84439e+06
v[1459] = 0
v[1460] = 0
v[1461] = 0
v[1462] = 0
v[1463] = 0
v[1464] = 0
v[1465] = -78.4614
v[1466] = 0
v[1467] = 0
v[1468] = -286.541
v[1469] = 0
v[1470] = 0
v[1471] = 0
v[1472] = 0
v[1473] = 0
v[1474] = -785.762
v[1475] = 0
v[1476] = 0
v[1477] = 0
v[1478] = -216.348
v[1479] = 0
v[1480] = 0
v[1481] = 0
v[1482] = 0
v[1483] = -207.734
v[1484] = 0
v[1485] = 0
v[1486] = 0
v[1487] = 0
v[1488] = -2.28084e-12
v[1489] = -39.3126
v[1490] = 0
v[1491] = 0
v[1492] = 0
v[1493] = 0
v[1494] = 0
v[1495] = 0
v[1496] = 0
v[1497] = 0
v[1498] = 0
v[1499] = -606.009
v[1500] = 0
v[1501] = 0
v[1502] = -62.7691
v[1503] = 0
v[1504] = -231.783
v[1505] = 0
v[1506] = -4.3558e+06
v[1507] = 0
v[1508] = -5.95456e+06
v[1509] = 0
v[1510] = 0
v[1511] = 0
v[1512] = 0
v[1513] = 0
v[1514] = -6.537e+06
v[1515] = 0
v[1516] = 0
v[1517] = 0
v[1518] = 0
v[1519] = 0
v[1520] = -5.30084e+06
v[1521] = -247.73
v[1522] = 0
v[1523] = 0
v[1524] = 0
v[1525] = 0
v[1526] = 0
v[1527] = 0
v[1528] = 0
v[1529] = 0
v[1530] = -1997.85
v[1531] = -188.775
v[1532] = 0
v[1533] = -143.977
v[1534] = 0
v[1535] = 0
v[1536] = 0
v[1537] = 0
v[1538] = 0
v[1539] = 0
v[1540] = 0
v[1541] = 0
v[1542] = -245.742
v[1543] = 0
v[1544] = 0
v[1545] = 0
v[1546] = 0
v[1547] = 0
v[1548] = 0
v[1549] = 0
v[1550] = 0
v[1551] = 0
v[1552] = 0
v[1553] = -7.19091e+06
v[1554] = 0
v[1555] = 0
v[1556] = 0
v[1557] = 0
v[1558] = 0
v[1559] = 0
v[1560] = -253.621
v[1561] = 0
v[1562] = 0
v[1563] = 0
v[1564] = -4.74934
v[1565] = 0
v[1566] = 0
v[1567] = -5.00952e+06
v[1568] = 0
v[1569] = -103.569
v[1570] = -389.458
v[1571] = 0
v[1572] = 0
v[1573] = 0
v[1574] = -6.60828e+06
v[1575] = 0
v[1576] = 0
v[1577] = 0
v[1578] = 0
v[1579] = 0
v[1580] = 0
v[1581] = 0
v[1582] = 0
v[1583] = 0
v[1584] = -1414.05
v[1585] = 0
v[1586] = 0
v[1587] = 0
v[1588] = 0
v[1589] = 0
v[1590] = 0
v[1591] = 0
v[1592] = -1550.9
v[1593] = 0
v[1594] = 0
v[1595] = -46.029
v[1596] = -236.855
v[1597] = 0
v[1598] = -886.217
v[1599] = 0
v[1600] = 0
v[1601] = -686.81
v[1602] = 0
v[1603] = -4.62512
v[1604] = -116.123
v[1605] = 0
v[1606] = -136.949
v[1607] = -440.916
v[1608] = 0
v[1609] = 0
v[1610] = 0
v[1611] = 0
v[1612] = 0
v[1613] = 0
v[1614] = 0
v[1615] = 0
v[1616] = 0
v[1617] = -1045.71
v[1618] = 0
v[1619] = 0
v[1620] = -4.3558e+06
v[1621] = 0
v[1622] = 0
v[1623] = 0
v[1624] = 0
v[1625] = 0
v[1626] = 0
v[1627] = 1.64766e-09
v[1628] = 0
v[1629] = 0
v[1630] = 0
v[1631] = 0
v[1632] = 0
v[1633] = 0
v[1634] = 0
v[1635] = 0
v[1636] = 0
v[1637] = -230.155
v[1638] = 0
v[1639] = 0
v[1640] = -2408.13
v[1641] = 0
v[1642] = 0
v[1643] = 0
v[1644] = 8.18545e-11
v[1645] = 0
v[1646] = 0
v[1647] = 0
v[1648] = 0
v[1649] = 0
v[1650] = 0
v[1651] = -5.00952e+06
v[1652] = 0
v[1653] = 0
v[1654] = -169.918
v[1655] = -259.667
v[1656] = 0
v[1657] = 0
v[1658] = 0
v[1659] = -708.973
v[1660] = 0
v[1661] = 0
v[1662] = 0
v[1663] = 0
v[1664] = 0
v[1665] = 0
v[1666] = -112.984
v[1667] = 0
v[1668] = -424.863
v[1669] = 0
v[1670] = 0
v[1671] = 0
v[1672] = 5.50529e-11
v[1673] = 0
v[1674] = 0
v[1675] = 0
v[1676] = 0
v[1677] = -4.27763e-11
v[1678] = 0
v[1679] = -1.14959e-10
v[1680] = 0
v[1681] = 0
v[1682] = 0
v[1683] = 0
v[1684] = 4.44879e-10
v[1685] = 0
v[1686] = -2.86567e-10
v[1687] = 0
v[1688] = 0
v[1689] = 0
v[1690] = 0
v[1691] = 0
v[1692] = 0
v[1693] = 0
v[1694] = 0
v[1695] = 0
v[1696] = 0
v[1697] = -4.1957e-10
v[1698] = 0
v[1699] = 0
v[1700] = 0
v[1701] = 0
v[1702] = 0
v[1703] = 0
v[1704] = 0
v[1705] = 0
v[1706] = 0
v[1707] = 0
v[1708] = 0
v[1709] = -1.07223e-10
v[1710] = 3.79604e-10
v[1711] = 4.01238e-10
v[1712] = 0
v[1713] = 0
v[1714] = 0
v[1715] = 0
v[1716] = 0
v[1717] = 0
v[1718] = 0
v[1719] = 1.05095e-09
v[1720] = 1.50513e-09
v[1721] = 9.67823e-10
v[1722] = 0
v[1723] = 2.87278e-10
v[1724] = 0
v[1725] = 0
v[1726] = 0
v[1727] = 0
v[1728] = 0
v[1729] = 0
v[1730] = 0
v[1731] = 0
v[1732] = 0
v[1733] = 0
v[1734] = -3.48382e-10
v[1735] = 0
v[1736] = 0
v[1737] = 0
v[1738] = 0
v[1739] = 0
v[1740] = 0
v[1741] = 0
v[1742] = 0
v[1743] = 0
v[1744] = 0
v[1745] = 0
v[1746] = 0
v[1747] = 0
v[1748] = 0
v[1749] = 0
v[1750] = 2110.37
v[1751] = 4255.19
v[1752] = 4511.09
v[1753] = 3702.47
v[1754] = 0
v[1755] = 2392.58
v[1756] = 1631.99
v[1757] = 0
v[1758] = 1154.08
v[1759] = 2824.15
v[1760] = 2423.83
v[1761] = 3651.91
v[1762] = 7047.54
v[1763] = 0
v[1764] = -382.429
v[1765] = -1879.8
v[1766] = 0
v[1767] = 0
v[1768] = 0
v[1769] = -5397.88
v[1770] = 0
v[1771] = 0
v[1772] = 0
v[1773] = -7558.4
v[1774] = 0
v[1775] = 0
v[1776] = 0
v[1777] = 0
v[1778] = 0
v[1779] = 0
v[1780] = 0
v[1781] = 177.461
v[1782] = 77.1151
v[1783] = 0
v[1784] = 24.2508
v[1785] = 0
v[1786] = 110.377
v[1787] = 77.1151
v[1788] = 233.553
v[1789] = 77.1151
v[1790] = 323.077
v[1791] = 427.477
v[1792] = 400.082
v[1793] = 255.795
v[1794] = 0
v[1795] = 248.294
v[1796] = 0
v[1797] = 0
v[1798] = 242.776
v[1799] = 159.462
v[1800] = 334.498
v[1801] = 159.462
v[1802] = 446.969
v[1803] = 492.919
v[1804] = 443.876
v[1805] = 64.2214
v[1806] = 1.76215e-12
v[1807] = 120.898
v[1808] = 0
v[1809] = 2.34479e-12
v[1810] = 70.6826
v[1811] = 0
v[1812] = 116.69
v[1813] = 0
v[1814] = 191.671
v[1815] = 240.801
v[1816] = 224.672
v[1817] = 1460.25
v[1818] = 1405.9
v[1819] = 0
v[1820] = 1298.28
v[1821] = 1241.44
v[1822] = 0
v[1823] = 1405.9
v[1824] = 0
v[1825] = 1279.66
v[1826] = 1069.79
v[1827] = 1691.85
v[1828] = 1631.06
v[1829] = 0
v[1830] = -6.25278e-13
v[1831] = 140.432
v[1832] = 0
v[1833] = 0
v[1834] = 96.5796
v[1835] = -9.66338e-13
v[1836] = 175.035
v[1837] = -3.97904e-13
v[1838] = 218.846
v[1839] = 292.542
v[1840] = 296.093
v[1841] = 161.23
v[1842] = 0
v[1843] = 156.855
v[1844] = 0
v[1845] = 0
v[1846] = 154.303
v[1847] = 121.178
v[1848] = 223.282
v[1849] = 105.036
v[1850] = 272.748
v[1851] = 331.879
v[1852] = 287.086
v[1853] = 0
v[1854] = 137.23
v[1855] = 146.284
v[1856] = 0
v[1857] = 0
v[1858] = 196.382
v[1859] = 137.23
v[1860] = 319.559
v[1861] = 81.8846
v[1862] = 0
v[1863] = 51.0862
v[1864] = 5.68434e-14
v[1865] = 0
v[1866] = 215.856
v[1867] = 271.852
v[1868] = 66.9322
v[1869] = 0
v[1870] = 267.91
v[1871] = 215.856
v[1872] = 350.872
v[1873] = 190.423
v[1874] = 453.97
v[1875] = 521.524
v[1876] = 499.347
v[1877] = 0
v[1878] = 152.818
v[1879] = 134.581
v[1880] = 0
v[1881] = 0
v[1882] = 207.238
v[1883] = 152.818
v[1884] = 167.742
v[1885] = 4.9738e-13
v[1886] = 183.208
v[1887] = 473.548
v[1888] = 425.381
v[1889] = 0
v[1890] = -1.02318e-12
v[1891] = 134.581
v[1892] = 0
v[1893] = 0
v[1894] = 82.7825
v[1895] = -1.13687e-12
v[1896] = 167.742
v[1897] = -8.66862e-13
v[1898] = 183.208
v[1899] = 320.729
v[1900] = 283.756
v[1901] = 0
v[1902] = -4.83169e-13
v[1903] = 93.6215
v[1904] = 0
v[1905] = 0
v[1906] = 43.4062
v[1907] = -6.25278e-13
v[1908] = 116.69
v[1909] = -2.77112e-13
v[1910] = 127.449
v[1911] = 195.028
v[1912] = 197.396
v[1913] = 851.315
v[1914] = 779.066
v[1915] = 845.63
v[1916] = 619.072
v[1917] = 623.265
v[1918] = 816.86
v[1919] = 0
v[1920] = 0
v[1921] = 779.066
v[1922] = 936.652
v[1923] = 793.272
v[1924] = 758.323
v[1925] = 0
v[1926] = 2847.03
v[1927] = 2819.4
v[1928] = 2677.8
v[1929] = 0
v[1930] = 2906.19
v[1931] = 2847.03
v[1932] = 969.536
v[1933] = 2680.93
v[1934] = 2377.15
v[1935] = 3195.65
v[1936] = 3143.3
v[1937] = 76.2629
v[1938] = 0
v[1939] = 143.566
v[1940] = 0
v[1941] = 7.38964e-13
v[1942] = 88.8275
v[1943] = 43.8722
v[1944] = 138.57
v[1945] = 2.41585e-13
v[1946] = 227.609
v[1947] = 307.858
v[1948] = 269.033
v[1949] = 164.702
v[1950] = 112.522
v[1951] = 0
v[1952] = 0
v[1953] = 0
v[1954] = 0
v[1955] = 112.522
v[1956] = 112.522
v[1957] = 112.522
v[1958] = 77.2372
v[1959] = 106.554
v[1960] = 92.3081
v[1961] = 68.6603
v[1962] = 37.7993
v[1963] = -7.3344e-11
v[1964] = 0
v[1965] = 0
v[1966] = 96.6904
v[1967] = 37.7993
v[1968] = 175.035
v[1969] = 37.7993
v[1970] = 259.834
v[1971] = 361.202
v[1972] = 0
v[1973] = 0
v[1974] = 190.423
v[1975] = 271.852
v[1976] = 0
v[1977] = 0
v[1978] = 266.793
v[1979] = 190.423
v[1980] = 350.872
v[1981] = 190.423
v[1982] = 453.97
v[1983] = 521.524
v[1984] = 499.347
v[1985] = 0
v[1986] = 206.045
v[1987] = 259.495
v[1988] = 63.8898
v[1989] = 0
v[1990] = 255.732
v[1991] = 206.045
v[1992] = 334.923
v[1993] = 181.767
v[1994] = 433.335
v[1995] = 497.819
v[1996] = 476.649
v[1997] = 0
v[1998] = 0
v[1999] = 98.2296
v[2000] = 0
v[2001] = 4.54747e-13
v[2002] = 57.4297
v[2003] = -1.7053e-13
v[2004] = 94.8109
v[2005] = 1.98952e-13
v[2006] = 155.732
v[2007] = 195.651
v[2008] = 182.546
v[2009] = -7.10543e-14
v[2010] = -9.80549e-13
v[2011] = 152.135
v[2012] = 0
v[2013] = 0
v[2014] = 124.174
v[2015] = 0
v[2016] = 189.622
v[2017] = 207.105
v[2018] = 316.92
v[2019] = 320.768
v[2020] = 4868.71
v[2021] = 0
v[2022] = 4432.87
v[2023] = 0
v[2024] = 4649.9
v[2025] = 4881.28
v[2026] = 4836.32
v[2027] = 3304.18
v[2028] = 4710.08
v[2029] = 4233.63
v[2030] = 5100.31
v[2031] = 5061.48
v[2032] = 171.055
v[2033] = 102.82
v[2034] = 0
v[2035] = 0
v[2036] = 0
v[2037] = -8.66862e-13
v[2038] = 102.82
v[2039] = 123.983
v[2040] = 102.82
v[2041] = 144.636
v[2042] = 215.628
v[2043] = 196.999
v[2044] = 389.965
v[2045] = 360.984
v[2046] = 0
v[2047] = 245.906
v[2048] = 194.186
v[2049] = 0
v[2050] = 360.984
v[2051] = 192.342
v[2052] = 0
v[2053] = 243.932
v[2054] = 597.182
v[2055] = 562.444
v[2056] = 0
v[2057] = 719.541
v[2058] = 396.837
v[2059] = 563.848
v[2060] = 0
v[2061] = 773.961
v[2062] = 719.541
v[2063] = 366.82
v[2064] = 566.723
v[2065] = 0
v[2066] = 1039.1
v[2067] = 992.104
v[2068] = 0
v[2069] = 225.668
v[2070] = 284.209
v[2071] = 0
v[2072] = 0
v[2073] = 280.087
v[2074] = 225.668
v[2075] = 366.82
v[2076] = 199.078
v[2077] = 474.605
v[2078] = 545.23
v[2079] = 522.044
v[2080] = 68.6603
v[2081] = 0
v[2082] = 181.347
v[2083] = 0
v[2084] = 0
v[2085] = 106.024
v[2086] = -2.84217e-13
v[2087] = 175.035
v[2088] = 2.84217e-13
v[2089] = 259.834
v[2090] = 361.202
v[2091] = 337.008
v[2092] = 170.255
v[2093] = 106.033
v[2094] = 0
v[2095] = 0
v[2096] = 0
v[2097] = 0
v[2098] = 106.033
v[2099] = 116.69
v[2100] = 106.033
v[2101] = 122.331
v[2102] = 189.147
v[2103] = 171.614
v[2104] = 175.059
v[2105] = 86.7545
v[2106] = 0
v[2107] = 0
v[2108] = 0
v[2109] = 68.9854
v[2110] = 86.7545
v[2111] = 177.381
v[2112] = 86.7545
v[2113] = 256.162
v[2114] = 348.034
v[2115] = 323.926
v[2116] = 0
v[2117] = 0
v[2118] = 76.0675
v[2119] = 0
v[2120] = 7.10543e-14
v[2121] = 35.2676
v[2122] = -4.83169e-13
v[2123] = 94.8109
v[2124] = -1.13687e-13
v[2125] = 133.57
v[2126] = 173.489
v[2127] = 160.384
v[2128] = 68.2353
v[2129] = 0
v[2130] = 128.454
v[2131] = 0
v[2132] = 0
v[2133] = 75.1003
v[2134] = 19.6008
v[2135] = 123.983
v[2136] = 8.10019e-13
v[2137] = 203.65
v[2138] = 255.851
v[2139] = 238.714
v[2140] = 389.965
v[2141] = 360.984
v[2142] = 0
v[2143] = 245.906
v[2144] = 194.186
v[2145] = 0
v[2146] = 360.984
v[2147] = 192.342
v[2148] = 0
v[2149] = 243.932
v[2150] = 562.444
v[2151] = 219.853
v[2152] = 149.047
v[2153] = 213.915
v[2154] = 18.48
v[2155] = 0
v[2156] = 194.003
v[2157] = 0
v[2158] = 143.59
v[2159] = 143.59
v[2160] = 353.704
v[2161] = 285.952
v[2162] = 164.702
v[2163] = 112.522
v[2164] = 160.601
v[2165] = 0
v[2166] = 0
v[2167] = 139.823
v[2168] = 0
v[2169] = 181.74
v[2170] = 112.522
v[2171] = 226.475
v[2172] = 180.119
v[2173] = 167.013
v[2174] = 170.255
v[2175] = 106.033
v[2176] = 0
v[2177] = 0
v[2178] = 0
v[2179] = 0
v[2180] = 106.033
v[2181] = 116.69
v[2182] = 106.033
v[2183] = 122.331
v[2184] = 189.147
v[2185] = 171.614
v[2186] = 0
v[2187] = 0
v[2188] = 128.454
v[2189] = 0
v[2190] = 8.10019e-13
v[2191] = 75.1003
v[2192] = -1.98952e-13
v[2193] = 123.983
v[2194] = 4.54747e-13
v[2195] = 203.65
v[2196] = 255.851
v[2197] = 238.714
v[2198] = 481.722
v[2199] = 445.921
v[2200] = 0
v[2201] = 303.767
v[2202] = 239.877
v[2203] = 0
v[2204] = 445.921
v[2205] = 237.599
v[2206] = 0
v[2207] = 301.328
v[2208] = 737.696
v[2209] = 694.783
v[2210] = 0
v[2211] = 206.045
v[2212] = 259.495
v[2213] = 63.8898
v[2214] = 0
v[2215] = 255.732
v[2216] = 206.045
v[2217] = 334.923
v[2218] = 181.767
v[2219] = 433.335
v[2220] = 497.819
v[2221] = 476.649
v[2222] = 0
v[2223] = 4204.82
v[2224] = 3737.66
v[2225] = 4055.9
v[2226] = 0
v[2227] = 4256.87
v[2228] = 4204.82
v[2229] = 2430.76
v[2230] = 4058.65
v[2231] = 3506.97
v[2232] = 4510.49
v[2233] = 4465.53
v[2234] = 504.661
v[2235] = 467.156
v[2236] = 0
v[2237] = 318.232
v[2238] = 251.299
v[2239] = 0
v[2240] = 467.156
v[2241] = 248.914
v[2242] = 0
v[2243] = 315.677
v[2244] = 772.824
v[2245] = 727.868
v[2246] = 0
v[2247] = 206.045
v[2248] = 259.495
v[2249] = 63.8898
v[2250] = 0
v[2251] = 255.732
v[2252] = 206.045
v[2253] = 334.923
v[2254] = 181.767
v[2255] = 433.335
v[2256] = 497.819
v[2257] = 476.649
v[2258] = 0
v[2259] = 98.5365
v[2260] = 0
v[2261] = 0
v[2262] = 7.03153e-11
v[2263] = 146.905
v[2264] = 98.5365
v[2265] = 260.228
v[2266] = 89.488
v[2267] = 342.59
v[2268] = 412.048
v[2269] = 365.049
v[2270] = 0
v[2271] = 235.479
v[2272] = 296.565
v[2273] = 73.0169
v[2274] = 0
v[2275] = 292.265
v[2276] = 235.479
v[2277] = 382.769
v[2278] = 207.734
v[2279] = 495.24
v[2280] = 568.936
v[2281] = 544.742
v[2282] = 171.055
v[2283] = 102.82
v[2284] = 0
v[2285] = 0
v[2286] = 0
v[2287] = 0
v[2288] = 102.82
v[2289] = 123.983
v[2290] = 102.82
v[2291] = 144.636
v[2292] = 215.628
v[2293] = 196.999
v[2294] = 0
v[2295] = 137.363
v[2296] = 172.996
v[2297] = 42.5932
v[2298] = 0
v[2299] = 170.488
v[2300] = 137.363
v[2301] = 223.282
v[2302] = 121.178
v[2303] = 288.89
v[2304] = 331.879
v[2305] = 317.766
v[2306] = 0
v[2307] = -7.95808e-13
v[2308] = 146.284
v[2309] = 0
v[2310] = 0
v[2311] = 110.377
v[2312] = -1.02318e-12
v[2313] = 182.329
v[2314] = -5.40012e-13
v[2315] = 199.14
v[2316] = 305.999
v[2317] = 308.431
v[2318] = 0
v[2319] = 156.986
v[2320] = 197.71
v[2321] = 48.678
v[2322] = 0
v[2323] = 194.843
v[2324] = 156.986
v[2325] = 255.179
v[2326] = 138.489
v[2327] = 330.16
v[2328] = 379.291
v[2329] = 363.161
v[2330] = 0
v[2331] = 139.755
v[2332] = 99.4729
v[2333] = 43.4677
v[2334] = 1.25056e-12
v[2335] = 198.769
v[2336] = 139.755
v[2337] = 217.3
v[2338] = 55.6816
v[2339] = 0
v[2340] = 207.99
v[2341] = 0
v[2342] = 253.388
v[2343] = 173.111
v[2344] = 247.132
v[2345] = 0
v[2346] = 0
v[2347] = 215.165
v[2348] = 0
v[2349] = 173.111
v[2350] = 173.111
v[2351] = 350.173
v[2352] = 278.855
v[2353] = 258.693
v[2354] = 0
v[2355] = 0
v[2356] = 120.898
v[2357] = 0
v[2358] = 5.82645e-13
v[2359] = 70.6826
v[2360] = -1.42109e-13
v[2361] = 116.69
v[2362] = 2.06057e-13
v[2363] = 191.671
v[2364] = 240.801
v[2365] = 224.672
v[2366] = 435.843
v[2367] = 403.453
v[2368] = 0
v[2369] = 274.836
v[2370] = 217.031
v[2371] = 0
v[2372] = 403.453
v[2373] = 214.971
v[2374] = 0
v[2375] = 272.63
v[2376] = 628.613
v[2377] = 0
v[2378] = -6.82121e-13
v[2379] = 128.73
v[2380] = 0
v[2381] = 0
v[2382] = 68.9854
v[2383] = -7.95808e-13
v[2384] = 160.449
v[2385] = -4.40536e-13
v[2386] = 175.243
v[2387] = 305.668
v[2388] = 271.419
v[2389] = 2975.34
v[2390] = 0
v[2391] = 2866.82
v[2392] = 0
v[2393] = 2779.56
v[2394] = 2966.93
v[2395] = 2926.7
v[2396] = 3012.6
v[2397] = 2813.75
v[2398] = 3110.75
v[2399] = 2975.34
v[2400] = 2940.6
v[2401] = 60.2076
v[2402] = 0
v[2403] = 113.342
v[2404] = 0
v[2405] = -4.68958e-13
v[2406] = 66.265
v[2407] = 17.2949
v[2408] = 126.692
v[2409] = 0
v[2410] = 179.691
v[2411] = 225.751
v[2412] = 210.63
v[2413] = 644.225
v[2414] = 605.015
v[2415] = 116.625
v[2416] = 449.322
v[2417] = 379.348
v[2418] = 659.435
v[2419] = 605.015
v[2420] = 452.197
v[2421] = 0
v[2422] = 924.578
v[2423] = 0
v[2424] = 0
v[2425] = 824.736
v[2426] = 459.94
v[2427] = 648.735
v[2428] = 0
v[2429] = 886.254
v[2430] = 824.736
v[2431] = 414.667
v[2432] = 651.985
v[2433] = 0
v[2434] = 1185.98
v[2435] = 1132.85
v[2436] = 298.209
v[2437] = 276.046
v[2438] = 0
v[2439] = 188.046
v[2440] = 148.495
v[2441] = 0
v[2442] = 276.046
v[2443] = 147.085
v[2444] = 0
v[2445] = 186.536
v[2446] = 430.104
v[2447] = 0
v[2448] = 199.078
v[2449] = 134.581
v[2450] = 58.8093
v[2451] = -5.68434e-14
v[2452] = 268.922
v[2453] = 199.078
v[2454] = 366.82
v[2455] = 75.3339
v[2456] = 0
v[2457] = 281.398
v[2458] = 0
v[2459] = 108.454
v[2460] = 46.1078
v[2461] = 0
v[2462] = 13.8987
v[2463] = 0
v[2464] = 96.5796
v[2465] = 46.1078
v[2466] = 214.829
v[2467] = 37.6885
v[2468] = 300.772
v[2469] = 400.996
v[2470] = 374.696
v[2471] = 0
v[2472] = -7.38964e-13
v[2473] = 146.284
v[2474] = 0
v[2475] = 0
v[2476] = 110.377
v[2477] = -1.3074e-12
v[2478] = 182.329
v[2479] = -8.81073e-13
v[2480] = 227.964
v[2481] = 304.731
v[2482] = 308.431
v[2483] = 0
v[2484] = 172.751
v[2485] = 152.135
v[2486] = 0
v[2487] = 0
v[2488] = 234.269
v[2489] = 172.751
v[2490] = 189.622
v[2491] = 0
v[2492] = 207.105
v[2493] = 535.315
v[2494] = 480.866
v[2495] = 479.982
v[2496] = 422.02
v[2497] = 368.471
v[2498] = 229.446
v[2499] = 127.73
v[2500] = 505.449
v[2501] = 422.02
v[2502] = 542.256
v[2503] = 270.83
v[2504] = 0
v[2505] = 899.448
v[2506] = 688.174
v[2507] = 637.03
v[2508] = 0
v[2509] = 433.952
v[2510] = 342.681
v[2511] = 175.228
v[2512] = 637.03
v[2513] = 0
v[2514] = 992.547
v[2515] = 0
v[2516] = 583.38
v[2517] = 509.357
v[2518] = 317.175
v[2519] = 176.568
v[2520] = 698.709
v[2521] = 583.38
v[2522] = 749.59
v[2523] = 583.38
v[2524] = 0
v[2525] = 0
v[2526] = 1243.35
v[2527] = 236.06
v[2528] = 389.501
v[2529] = 136.907
v[2530] = 0
v[2531] = 389.501
v[2532] = 717.692
v[2533] = 358.451
v[2534] = -8.18545e-11
v[2535] = 1021.39
v[2536] = 192.664
v[2537] = 0
v[2538] = 362.694
v[2539] = 0
v[2540] = 1.27898e-12
v[2541] = 427.709
v[2542] = -3.41061e-13
v[2543] = 0
v[2544] = -5.40012e-13
v[2545] = 575.012
v[2546] = 722.404
v[2547] = 1036.09
v[2548] = 913.077
v[2549] = 0
v[2550] = 669.528
v[2551] = 540.887
v[2552] = 1014.82
v[2553] = 627.373
v[2554] = 617.004
v[2555] = 1560.23
v[2556] = 0
v[2557] = 1136.46
v[2558] = 1078.5
v[2559] = 617.259
v[2560] = 848.346
v[2561] = 744.905
v[2562] = 1158.95
v[2563] = 852.596
v[2564] = 0
v[2565] = 1550.9
v[2566] = 0
v[2567] = 162.304
v[2568] = 372.19
v[2569] = 130.822
v[2570] = 0
v[2571] = 372.19
v[2572] = 402.604
v[2573] = 9.61826
v[2574] = -332.902
v[2575] = 975.996
v[2576] = 191.675
v[2577] = 83.3011
v[2578] = 204.015
v[2579] = 0
v[2580] = 1.90425e-12
v[2581] = 150.556
v[2582] = 0
v[2583] = 0
v[2584] = 83.2746
v[2585] = 323.444
v[2586] = 489.653
v[2587] = 116.401
v[2588] = 2.27374e-13
v[2589] = 219.128
v[2590] = 28.2063
v[2591] = 1.80478e-12
v[2592] = 60.9867
v[2593] = 0
v[2594] = 211.501
v[2595] = 0
v[2596] = 535.138
v[2597] = 338.46
v[2598] = 0
v[2599] = 272.7
v[2600] = 123.624
v[2601] = 441.507
v[2602] = 0
v[2603] = 858.399
v[2604] = 1063.02
v[2605] = 365.622
v[2606] = 2606.73
v[2607] = 0
v[2608] = 2475.13
v[2609] = 0
v[2610] = 2076.97
v[2611] = 2637.15
v[2612] = 2528.31
v[2613] = 232.429
v[2614] = 1661.39
v[2615] = 3167.43
v[2616] = 902.486
v[2617] = 856.457
v[2618] = 673.687
v[2619] = 591.542
v[2620] = 856.457
v[2621] = 442.393
v[2622] = 0
v[2623] = -215.071
v[2624] = 1176.42
v[2625] = 0
v[2626] = 318.925
v[2627] = 280.865
v[2628] = 0
v[2629] = 8.60609e-11
v[2630] = 432.496
v[2631] = 318.925
v[2632] = 561.46
v[2633] = 8.39009e-11
v[2634] = 0
v[2635] = 0
v[2636] = 209.837
v[2637] = 379.276
v[2638] = 254.847
v[2639] = 181.392
v[2640] = 79.2647
v[2641] = 1.3074e-12
v[2642] = 362.46
v[2643] = 0
v[2644] = 498.296
v[2645] = 0
v[2646] = 596.417
v[2647] = 552.093
v[2648] = 0
v[2649] = 376.092
v[2650] = 296.99
v[2651] = 0
v[2652] = 552.093
v[2653] = 294.171
v[2654] = 0
v[2655] = 860.208
v[2656] = 479.982
v[2657] = 422.02
v[2658] = 229.446
v[2659] = 127.73
v[2660] = 422.02
v[2661] = 542.256
v[2662] = 270.83
v[2663] = 0
v[2664] = 899.448
v[2665] = 329.405
v[2666] = 0
v[2667] = 321.279
v[2668] = 0
v[2669] = 0
v[2670] = 286.563
v[2671] = 225.045
v[2672] = 414.667
v[2673] = 225.045
v[2674] = 455.477
v[2675] = 533.995
v[2676] = 480.866
v[2677] = 369.523
v[2678] = 192.914
v[2679] = 0
v[2680] = 133.864
v[2681] = 0
v[2682] = 285.446
v[2683] = 192.914
v[2684] = 177.479
v[2685] = 659.799
v[2686] = 843.543
v[2687] = 702.764
v[2688] = 352.928
v[2689] = 310.309
v[2690] = 270.934
v[2691] = 168.71
v[2692] = 93.9194
v[2693] = 371.654
v[2694] = 310.309
v[2695] = 398.718
v[2696] = 310.309
v[2697] = 0
v[2698] = 0
v[2699] = 661.359
v[2700] = 599.5
v[2701] = 402.822
v[2702] = 286.716
v[2703] = 125.289
v[2704] = 0
v[2705] = 602
v[2706] = 0
v[2707] = 787.63
v[2708] = 0
v[2709] = 1316.46
v[2710] = 1236.34
v[2711] = 238.321
v[2712] = 918.18
v[2713] = 775.188
v[2714] = 1347.54
v[2715] = 1236.34
v[2716] = 924.055
v[2717] = 0
v[2718] = 1889.35
v[2719] = 0
v[2720] = 497.296
v[2721] = 308.646
v[2722] = 0
v[2723] = 245.569
v[2724] = 102.578
v[2725] = 407.486
v[2726] = 308.646
v[2727] = 0
v[2728] = 807.363
v[2729] = 1003.63
v[2730] = 952.132
v[2731] = 414.591
v[2732] = 0
v[2733] = 272.02
v[2734] = 0
v[2735] = 1.36424e-12
v[2736] = 438.398
v[2737] = 353.219
v[2738] = 303.153
v[2739] = 431.259
v[2740] = 853.404
v[2741] = 779.84
v[2742] = 449.14
v[2743] = 382.654
v[2744] = 118.653
v[2745] = -3.0326e-11
v[2746] = 382.654
v[2747] = 622
v[2748] = 0
v[2749] = -310.658
v[2750] = 885.205
v[2751] = 59.6672
v[2752] = 0
v[2753] = 0
v[2754] = 0
v[2755] = 0
v[2756] = 255.26
v[2757] = 338.463
v[2758] = 486.291
v[2759] = 330.166
v[2760] = 209.75
v[2761] = 354.052
v[2762] = 0
v[2763] = 65.2764
v[2764] = 272.84
v[2765] = 0
v[2766] = 218.794
v[2767] = 0
v[2768] = 554.845
v[2769] = 342.572
v[2770] = 230.184
v[2771] = 163.838
v[2772] = 71.5939
v[2773] = -5.68434e-13
v[2774] = 327.383
v[2775] = 0
v[2776] = 342.572
v[2777] = 0
v[2778] = 573.478
v[2779] = 530.859
v[2780] = 0
v[2781] = 361.627
v[2782] = 285.568
v[2783] = 0
v[2784] = 530.859
v[2785] = 282.857
v[2786] = 0
v[2787] = 827.123
v[2788] = 285.541
v[2789] = 149.07
v[2790] = 0
v[2791] = 103.441
v[2792] = 0
v[2793] = 220.572
v[2794] = 149.07
v[2795] = 137.143
v[2796] = 509.844
v[2797] = 614.571
v[2798] = 140.484
v[2799] = -5.11591e-13
v[2800] = 264.464
v[2801] = 0
v[2802] = 7.67386e-13
v[2803] = 248.347
v[2804] = 0
v[2805] = 0
v[2806] = -4.9738e-13
v[2807] = 419.28
v[2808] = 526.753
v[2809] = 9.09495e-13
v[2810] = 0
v[2811] = 152.135
v[2812] = 0
v[2813] = 0
v[2814] = 124.174
v[2815] = -1.13687e-13
v[2816] = 189.622
v[2817] = 207.105
v[2818] = 286.942
v[2819] = 320.768
v[2820] = 836.565
v[2821] = 716.409
v[2822] = 450.002
v[2823] = 352.875
v[2824] = 716.409
v[2825] = 1022.72
v[2826] = 334.554
v[2827] = 0
v[2828] = 1111.08
v[2829] = 176.609
v[2830] = 1.98952e-12
v[2831] = 332.469
v[2832] = 0
v[2833] = 2.95586e-12
v[2834] = 372.521
v[2835] = 0
v[2836] = 0
v[2837] = 1.49214e-12
v[2838] = 527.094
v[2839] = 662.204
v[2840] = 619.356
v[2841] = 573.327
v[2842] = 0
v[2843] = 390.557
v[2844] = 308.413
v[2845] = 0
v[2846] = 573.327
v[2847] = 305.485
v[2848] = 0
v[2849] = 1462.86
v[2850] = 0
v[2851] = 1368.45
v[2852] = 0
v[2853] = 1082.82
v[2854] = 1484.68
v[2855] = 1406.6
v[2856] = 1323.49
v[2857] = 1368.45
v[2858] = 1082.82
v[2859] = 1865.11
v[2860] = 125.877
v[2861] = 0
v[2862] = 332.469
v[2863] = 0
v[2864] = 0
v[2865] = 372.521
v[2866] = 50.8671
v[2867] = 320.898
v[2868] = 527.094
v[2869] = 662.204
v[2870] = 617.848
v[2871] = 1570.99
v[2872] = 1490.87
v[2873] = 853.27
v[2874] = 1172.71
v[2875] = 1029.72
v[2876] = 1602.07
v[2877] = 1178.59
v[2878] = 0
v[2879] = 2143.89
v[2880] = 0
v[2881] = 184.637
v[2882] = 0
v[2883] = 347.582
v[2884] = 0
v[2885] = 2.18847e-12
v[2886] = 400.115
v[2887] = 106.217
v[2888] = 335.485
v[2889] = -4.26326e-14
v[2890] = 551.053
v[2891] = 745.342
v[2892] = 651.343
v[2893] = 464.919
v[2894] = 312.393
v[2895] = 222.351
v[2896] = 97.1632
v[2897] = 1.13687e-13
v[2898] = 444.306
v[2899] = 0
v[2900] = 464.919
v[2901] = 0
v[2902] = 519.446
v[2903] = 0
v[2904] = 0
v[2905] = 0
v[2906] = 402.277
v[2907] = 354.878
v[2908] = 491.156
v[2909] = 971.932
v[2910] = 302.337
v[2911] = 157.839
v[2912] = 0
v[2913] = 109.525
v[2914] = 0
v[2915] = 233.547
v[2916] = 157.839
v[2917] = 145.21
v[2918] = 539.835
v[2919] = 690.171
v[2920] = 650.722
v[2921] = 665.235
v[2922] = 615.796
v[2923] = 0
v[2924] = 419.487
v[2925] = 331.258
v[2926] = 0
v[2927] = 615.796
v[2928] = 328.114
v[2929] = 0
v[2930] = 959.462
v[2931] = 1180.66
v[2932] = 1040.48
v[2933] = 0
v[2934] = 762.95
v[2935] = 616.36
v[2936] = 1156.42
v[2937] = 1040.48
v[2938] = 714.914
v[2939] = 703.098
v[2940] = 1777.94
v[2941] = 0
v[2942] = 225.424
v[2943] = 0
v[2944] = 204.015
v[2945] = 0
v[2946] = 8.2423e-13
v[2947] = 243.279
v[2948] = 179.395
v[2949] = 0
v[2950] = 1.23949e-09
v[2951] = 323.444
v[2952] = 554.534
v[2953] = 6.24373e+06
v[2954] = 6.24369e+06
v[2955] = 6.24357e+06
v[2956] = 6.2438e+06
v[2957] = 0
v[2958] = 0
v[2959] = 9.31323e-10
v[2960] = 395.279
v[2961] = 347.546
v[2962] = 188.955
v[2963] = 105.19
v[2964] = 347.546
v[2965] = 446.564
v[2966] = 223.036
v[2967] = 0
v[2968] = 740.722
v[2969] = 827.823
v[2970] = 724.833
v[2971] = 724.833
v[2972] = 35.0147
v[2973] = 485.639
v[2974] = 810.011
v[2975] = 0
v[2976] = 0
v[2977] = 485.639
v[2978] = 573.478
v[2979] = 530.859
v[2980] = 0
v[2981] = 361.627
v[2982] = 285.568
v[2983] = 0
v[2984] = 530.859
v[2985] = 282.857
v[2986] = 0
v[2987] = 827.123
v[2988] = 338.811
v[2989] = 297.896
v[2990] = 161.962
v[2991] = 90.1626
v[2992] = 0
v[2993] = 0
v[2994] = 634.904
v[2995] = 0
v[2996] = 75.7142
v[2997] = 0
v[2998] = 1058.72
v[2999] = 96.3321
v[3000] = 0
v[3001] = 23.3431
v[3002] = 0
v[3003] = -2.84217e-13
v[3004] = 175.035
v[3005] = 287.506
v[3006] = 333.456
v[3007] = 310.943
v[3008] = 0
v[3009] = 0
v[3010] = 0
v[3011] = 233.7
v[3012] = 196.915
v[3013] = 437.058
v[3014] = 518.596
v[3015] = 1002.76
v[3016] = 544.641
v[3017] = 657.269
v[3018] = 1022.6
v[3019] = 0
v[3020] = 1368.44
v[3021] = 0
v[3022] = 0
v[3023] = 289.301
v[3024] = 0
v[3025] = 424.687
v[3026] = 0
v[3027] = 0
v[3028] = 0
v[3029] = 412.069
v[3030] = 291.654
v[3031] = 29.1789
v[3032] = 32.929
v[3033] = 0
v[3034] = 0
v[3035] = 743.156
v[3036] = 100.346
v[3037] = 2.27374e-13
v[3038] = 24.3158
v[3039] = 9.52127e-13
v[3040] = 0
v[3041] = 0
v[3042] = 0
v[3043] = 108.374
v[3044] = 1.7053e-13
v[3045] = 204.015
v[3046] = 26.261
v[3047] = 9.9476e-13
v[3048] = 137.971
v[3049] = 0
v[3050] = 0
v[3051] = 0
v[3052] = 0
v[3053] = 1368.44
v[3054] = 0
v[3055] = 140.484
v[3056] = 1.7053e-13
v[3057] = 264.464
v[3058] = 34.0421
v[3059] = 1.44951e-12
v[3060] = 248.347
v[3061] = 0
v[3062] = 0
v[3063] = 0
v[3064] = 324.694
v[3065] = 285.484
v[3066] = 155.213
v[3067] = 86.4058
v[3068] = 183.208
v[3069] = 0
v[3070] = 311.74
v[3071] = 255.483
v[3072] = 32.0968
v[3073] = 6.53699e-13
v[3074] = 0
v[3075] = 0
v[3076] = 310.577
v[3077] = 273.072
v[3078] = 148.465
v[3079] = 82.649
v[3080] = 0
v[3081] = 0
v[3082] = 89.9107
v[3083] = 0
v[3084] = 1257.23
v[3085] = 304.066
v[3086] = 0
v[3087] = 0
v[3088] = 6.39488e-13
v[3089] = 207.734
v[3090] = 0
v[3091] = 568.936
v[3092] = 0
v[3093] = 0
v[3094] = 0
v[3095] = 3962.11
v[3096] = 3752.26
v[3097] = 0
v[3098] = 0
v[3099] = 395.279
v[3100] = 347.546
v[3101] = 188.955
v[3102] = 105.19
v[3103] = 223.036
v[3104] = 0
v[3105] = 437.631
v[3106] = 384.783
v[3107] = 209.201
v[3108] = 116.46
v[3109] = 0
v[3110] = 0
v[3111] = 820.085
v[3112] = 423.514
v[3113] = 372.37
v[3114] = 112.703
v[3115] = 238.967
v[3116] = 0
v[3117] = 479.982
v[3118] = 127.73
v[3119] = 0
v[3120] = 0
v[3121] = 899.448
v[3122] = 381.162
v[3123] = 0
v[3124] = 0
v[3125] = 101.433
v[3126] = 0
v[3127] = 0
v[3128] = 482.222
v[3129] = 0
v[3130] = 0
v[3131] = -1.12394e-10
v[3132] = 0
v[3133] = 0
v[3134] = 0
v[3135] = 0
v[3136] = 0
v[3137] = 479.982
v[3138] = 422.02
v[3139] = 229.446
v[3140] = 127.73
v[3141] = 422.02
v[3142] = 542.256
v[3143] = 270.83
v[3144] = 0
v[3145] = 293.633
v[3146] = 2.27374e-12
v[3147] = 0
v[3148] = 293.633
v[3149] = 0
v[3150] = 0
v[3151] = 257.925
v[3152] = 179.395
v[3153] = 204.015
v[3154] = 26.261
v[3155] = 1.64866e-09
v[3156] = 243.279
v[3157] = 0
v[3158] = 0
v[3159] = 1.6478e-09
v[3160] = 310.577
v[3161] = 273.072
v[3162] = 148.465
v[3163] = 82.649
v[3164] = 175.243
v[3165] = 0
v[3166] = 391.558
v[3167] = 0
v[3168] = 0
v[3169] = 1.50635e-12
v[3170] = 333.596
v[3171] = 0
v[3172] = 407.3
v[3173] = 805.992
v[3174] = 0
v[3175] = 637.211
v[3176] = 0
v[3177] = 1043
v[3178] = 257.292
v[3179] = 188.632
v[3180] = 23.3431
v[3181] = 1.00897e-12
v[3182] = 0
v[3183] = 0
v[3184] = 120.415
v[3185] = 0
v[3186] = 0
v[3187] = 0
v[3188] = 34.6821
v[3189] = 218.794
v[3190] = 359.383
v[3191] = 451.503
v[3192] = 0
v[3193] = 825.808
v[3194] = 764.436
v[3195] = 0
v[3196] = 520.743
v[3197] = 411.217
v[3198] = 0
v[3199] = 764.436
v[3200] = 0
v[3201] = 1191.06
v[3202] = 4.38357e-12
v[3203] = 4.38357e-12
v[3204] = 4.38357e-12
v[3205] = 0
v[3206] = 4.38357e-12
v[3207] = 1.1614e-11
v[3208] = -2.83973e-12
v[3209] = 0
v[3210] = 3.55932e-13
v[3211] = 3.55932e-13
v[3212] = 0
v[3213] = 7.58635e-12
v[3214] = 0
v[3215] = 0
v[3216] = -8.18763e-12
v[3217] = -8.18763e-12
v[3218] = 0
v[3219] = 0
v[3220] = 75.8012
v[3221] = 0
v[3222] = 75.8012
v[3223] = 1.22042e-11
v[3224] = 75.8012
v[3225] = 75.8012
v[3226] = 0
v[3227] = -1.19379e-12
v[3228] = 0
v[3229] = 0
v[3230] = 0
v[3231] = 7.23042e-12
v[3232] = 0
v[3233] = -7.23729e-14
v[3234] = -7.23729e-14
v[3235] = -7.23729e-14
v[3236] = 0
v[3237] = 7.15805e-12
v[3238] = 0
v[3239] = 3.32849e-12
v[3240] = 3.32849e-12
v[3241] = 3.32849e-12
v[3242] = 3.32849e-12
v[3243] = 0
v[3244] = -1.86265e-09
v[3245] = -3.71445e-09
v[3246] = -1.86265e-09
v[3247] = 0
v[3248] = -1.86265e-09
v[3249] = -1.85541e-09
v[3250] = 92.9754
v[3251] = 92.9754
v[3252] = 0
v[3253] = 0
v[3254] = 0
v[3255] = -5.55702e-12
v[3256] = -5.55702e-12
v[3257] = -5.55702e-12
v[3258] = -5.55702e-12
v[3259] = 0
v[3260] = 0
v[3261] = 0
v[3262] = 0
v[3263] = 0
v[3264] = 0
v[3265] = 1.02308e-11
v[3266] = 1.02308e-11
v[3267] = 0
v[3268] = 0
v[3269] = 0
v[3270] = 0
v[3271] = 0
v[3272] = 0
v[3273] = 0
v[3274] = 0
v[3275] = 0
v[3276] = 0
v[3277] = 0
v[3278] = 0
v[3279] = 0
v[3280] = 0
v[3281] = 0
v[3282] = 0
v[3283] = 0
v[3284] = 0
v[3285] = 0
v[3286] = 0
v[3287] = 0
v[3288] = 0
v[3289] = 0
v[3290] = 0
v[3291] = 0
v[3292] = 0
v[3293] = 0
v[3294] = 0
v[3295] = 0
v[3296] = 0
v[3297] = 0
v[3298] = 0
v[3299] = 0
v[3300] = 0
v[3301] = 0
v[3302] = 0
v[3303] = 0
v[3304] = 0
v[3305] = 0
v[3306] = 0
v[3307] = 0
v[3308] = 0
v[3309] = 0
v[3310] = 0
v[3311] = 0
v[3312] = 0
v[3313] = 0
v[3314] = 0
v[3315] = 0
v[3316] = 0
v[3317] = 0
v[3318] = 0
v[3319] = 0
v[3320] = 0
v[3321] = 0
v[3322] = 0
v[3323] = 0
v[3324] = 0
v[3325] = 0
v[3326] = 0
v[3327] = 0
v[3328] = 0
v[3329] = 0
v[3330] = 0
v[3331] = 0
v[3332] = 0
v[3333] = 0
v[3334] = -8.33826e-14
v[3335] = 0
v[3336] = 0
v[3337] = -5.27466e-13
v[3338] = -1.35535e-13
v[3339] = 8.4488e-13
v[3340] = 0
v[3341] = -1.16415e-10
v[3342] = 0
v[3343] = 0
v[3344] = 0
v[3345] = 0
v[3346] = 0
v[3347] = 0
v[3348] = 8.15005e-14
v[3349] = 0
v[3350] = 0
v[3351] = 0
v[3352] = 0
v[3353] = 0
v[3354] = 0
v[3355] = 8.15005e-14
v[3356] = 0
v[3357] = 0
v[3358] = 0
v[3359] = -3.60822e-13
v[3360] = 0
v[3361] = 1.01408e-12
v[3362] = 3.35044e-14
v[3363] = 0
v[3364] = 3.87541e-13
v[3365] = 1.66644e-13
v[3366] = 0
v[3367] = 0
v[3368] = 0
v[3369] = 0
v[3370] = -5.07194e-13
v[3371] = 0
v[3372] = 8.6775e-13
v[3373] = 0
v[3374] = -1.16395e-10
v[3375] = 0
v[3376] = 2.4117e-13
v[3377] = 2.02726e-14
v[3378] = 2.31086e-13
v[3379] = 0
v[3380] = 0
v[3381] = 8.34372e-13
v[3382] = 0
v[3383] = 3.97187e-13
v[3384] = 0
v[3385] = 0
v[3386] = 236463
v[3387] = 0
v[3388] = 7.55415e-13
v[3389] = 5.32722e-13
v[3390] = 7.43535e-13
v[3391] = -3.50071e-13
v[3392] = -4.0797e-13
v[3393] = 0
v[3394] = -7.94155e-13
v[3395] = -4.02223e-13
v[3396] = 5.80869e-13
v[3397] = -3.99828e-13
v[3398] = -1.18949e-10
v[3399] = 0
messed up a farkas cofficient
setting all farkas coefficients to 0
messed up a farkas cofficient
setting all farkas coefficients to 0
messed up a farkas cofficient
setting all farkas coefficients to 0
messed up a farkas cofficient
setting all farkas coefficients to 0
messed up a farkas cofficient
setting all farkas coefficients to 0
messed up a farkas cofficient
setting all farkas coefficients to 0
messed up a farkas cofficient
setting all farkas coefficients to 0
messed up a farkas cofficient
setting all farkas coefficients to 0
messed up a farkas cofficient
setting all farkas coefficients to 0
messed up a farkas cofficient
setting all farkas coefficients to 0
messed up a farkas cofficient
setting all farkas coefficients to 0
messed up a farkas cofficient
setting all farkas coefficients to 0
messed up a farkas cofficient
setting all farkas coefficients to 0
messed up a farkas cofficient
setting all farkas coefficients to 0
messed up a farkas cofficient
setting all farkas coefficients to 0
messed up a farkas cofficient
setting all farkas coefficients to 0
messed up a farkas cofficient
setting all farkas coefficients to 0
messed up a farkas cofficient
setting all farkas coefficients to 0
messed up a farkas cofficient
setting all farkas coefficients to 0
messed up a farkas cofficient
setting all farkas coefficients to 0
messed up a farkas cofficient
setting all farkas coefficients to 0
messed up a farkas cofficient
setting all farkas coefficients to 0
messed up a farkas cofficient
setting all farkas coefficients to 0
messed up a farkas cofficient
setting all farkas coefficients to 0
messed up a farkas cofficient
setting all farkas coefficients to 0
messed up a farkas cofficient
setting all farkas coefficients to 0
messed up a farkas cofficient
setting all farkas coefficients to 0
messed up a farkas cofficient
setting all farkas coefficients to 0
messed up a farkas cofficient
setting all farkas coefficients to 0
messed up a farkas cofficient
setting all farkas coefficients to 0
messed up a farkas cofficient
setting all farkas coefficients to 0
messed up a farkas cofficient
setting all farkas coefficients to 0
messed up a farkas cofficient
setting all farkas coefficients to 0
messed up a farkas cofficient
setting all farkas coefficients to 0
messed up a farkas cofficient
setting all farkas coefficients to 0
pdc: /home/sek519/warm_starting/vpc/lib/Cbc-trunk/Clp/src/ClpNonLinearCost.cpp:953: void ClpNonLinearCost::checkInfeasibilities(double): Assertion `fabs(lowerValue) < 1.0e100' failed.
/var/spool/torque/mom_priv/jobs/1923749.polyp1.ie.lehigh.edu.SC: line 4: 721361 Aborted                 ../Release/pdc ${INPUT_FOLDER} ${OUTPUT_FILE} ${MAX_TIME} ${GENERATOR} ${TERMS} ${MIP_SOLVER} ${PROVIDE_PRIMAL_BOUND} ${SEED_INDEX} ${TIGHTEN_DISJUNCTION} ${TIGHTEN_MATRIX_PERTURBATION} ${TIGHTEN_INFEASIBLE_TERM} ${TIGHTEN_INFEASIBLE_BASIS} ${DISJUNCTIVE_WARM_START}
