messed up a farkas cofficient
setting all farkas coefficients to 0
messed up a farkas cofficient
setting all farkas coefficients to 0
7: cut: 4.81046e+08	calc: 4.81046e+08	diff: 1.19209e-07
1206: cut: -2.32506e+07	calc: -2.32506e+07	diff: 1.04308e-07
1282: cut: -2.40523e+07	calc: -2.40523e+07	diff: -1.30385e-07
1431: cut: -1.92419e+07	calc: -1.92419e+07	diff: 1.56462e-07
*** WARNING (version #43016fc): src/PdcUtility.cpp:298: Number of differences between true and calculated cuts: 4. Total difference: 5.10365e-07. Small enough difference that we will try to continue, but beware of numerical issues.
x:
x[0] = -2477.41
x[1] = -4033.61
x[2] = -2689.07
x[3] = -538.947
x[4] = -3625.82
x[5] = -2352.94
x[6] = -12265.6
x[7] = -3706.69
x[8] = -3474.75
x[9] = -3474.75
x[10] = -2417.21
x[11] = -99.2804
x[12] = -4212.15
x[13] = -3193.27
x[14] = 1399.52
x[15] = -4000.9
x[16] = -3706.69
x[17] = -3538.21
x[18] = -2184.87
x[19] = -3927.97
x[20] = -3193.27
x[21] = 107.208
x[22] = -2833.97
x[23] = -3875.18
x[24] = -3875.18
x[25] = -4033.61
x[26] = 430.285
x[27] = -1508.18
x[28] = -1963.99
x[29] = -2857.14
x[30] = -2833.97
x[31] = -43.213
x[32] = -648.419
x[33] = 430.285
x[34] = -2857.14
x[35] = -3500.79
x[36] = -3538.21
x[37] = -3706.69
x[38] = -3667.49
x[39] = -3538.21
x[40] = -3834.2
x[41] = -4043.67
x[42] = 107.208
x[43] = -2358.81
x[44] = -3776.9
x[45] = -2695.78
x[46] = -8340.62
x[47] = -968.783
x[48] = -2689.07
x[49] = -3167.38
x[50] = -3323.67
x[51] = 41243.7
x[52] = -2521.01
x[53] = -3834.2
x[54] = -4380.64
x[55] = -2167.16
x[56] = -11284.4
x[57] = -2154.33
x[58] = -3776.9
x[59] = -3927.97
x[60] = 7077.48
x[61] = -5001.13
x[62] = 9783.58
x[63] = -7581.88
x[64] = -8067.22
x[65] = -7168.28
x[66] = 6640.57
x[67] = -7244.9
x[68] = -4207.04
x[69] = -4873.94
x[70] = -29554.1
x[71] = -10691.2
x[72] = 5273.39
x[73] = 1008.7
x[74] = -15209.4
x[75] = -4334.31
x[76] = 7077.48
x[77] = -4274.71
x[78] = -7394.95
x[79] = 5204.03
x[80] = -24040.6
x[81] = -7835.1
x[82] = -9585.11
x[83] = -6050.41
x[84] = -6570.96
x[85] = -5882.35
x[86] = -5042.01
x[87] = -13737.5
x[88] = -4167.61
x[89] = -5385.11
x[90] = -5882.35
x[91] = -3927.97
x[92] = 8742.77
x[93] = -7394.95
x[94] = -4501.02
x[95] = -7471.94
x[96] = -7394.95
x[97] = 9179.61
x[98] = -7731.08
x[99] = -18643.7
x[100] = -6890.75
x[101] = -6031.26
x[102] = -4834.42
x[103] = -8168.51
x[104] = -4537.81
x[105] = -9.48746e+06
x[106] = 5828.51
x[107] = -5594.3
x[108] = -4167.61
x[109] = 4995.87
x[110] = -5334.54
x[111] = -4033.61
x[112] = -4453.91
x[113] = 5859.33
x[114] = -3334.09
x[115] = -8519.02
x[116] = -4201.68
x[117] = -4537.81
x[118] = 5859.33
x[119] = -5882.35
x[120] = 4787.71
x[121] = -5546.21
x[122] = 4579.55
x[123] = -6334.76
x[124] = -3916.29
x[125] = -5501.24
x[126] = -5210.08
x[127] = 5828.51
x[128] = 6453
x[129] = 6244.84
x[130] = 7077.48
x[131] = 5620.35
x[132] = -14718.7
x[133] = -6218.48
x[134] = 7077.48
x[135] = -11775
x[136] = -3084.68
x[137] = 4579.55
x[138] = -5714.28
x[139] = -1173.41
x[140] = -4033.61
x[141] = -5042.01
x[142] = -6001.35
x[143] = -146.36
x[144] = -129.369
x[145] = -58.4877
x[146] = -119.807
x[147] = -76.8751
x[148] = -159.727
x[149] = -503.363
x[150] = -80.523
x[151] = -9.99172
x[152] = -356.794
x[153] = -411.354
x[154] = -146.36
x[155] = 1.1955e-11
x[156] = 2.32251e-12
x[157] = 1.36424e-12
x[158] = -2.00935e-12
x[159] = 3.2527e-12
x[160] = -0
x[161] = 0
x[162] = -334478
x[163] = -7.45755
x[164] = 4.7571e-12
x[165] = 0
x[166] = 1.12029e-11
x[167] = 3.58649e-10
x[168] = 7.9159e-11
x[169] = 6.96754e-11
x[170] = 4.09273e-11
x[171] = 4.09273e-11
x[172] = -6.02805e-11
x[173] = -0
x[174] = 9.75909e-11
x[175] = 1.21617e-10
x[176] = -69.7057
x[177] = 1.42713e-10
x[178] = 3.36086e-10
x[179] = 2.64701e-12
x[180] = 2.11354e-12
x[181] = 5.25543e-12
x[182] = 1.38973e-11
x[183] = 4.4697e-12
x[184] = 1.03584e-11
x[185] = 161.483
x[186] = 161.483
x[187] = 161.483
x[188] = 161.483
x[189] = 161.483
x[190] = 161.483
x[191] = 671.43
x[192] = -358962
x[193] = 161.483
x[194] = 161.483
x[195] = 161.483
x[196] = 161.483
x[197] = 6.43252e-12
x[198] = 6.43252e-12
x[199] = -9.80108e-12
x[200] = -1.03492e-11
x[201] = -1.43283e-11
x[202] = -1.39091e-11
x[203] = -1.08287e-11
x[204] = -1.08287e-11
x[205] = -2.22849e-11
x[206] = -0
x[207] = 4.35002e-12
x[208] = 1.50785e-12
x[209] = 1.50785e-12
x[210] = -0
x[211] = 2.72848e-12
x[212] = -0
x[213] = -0
x[214] = 4.41727e-12
x[215] = 4.41727e-12
x[216] = 4.41727e-12
x[217] = -1.08751e-12
x[218] = -0
x[219] = -0
x[220] = -0
x[221] = -0
x[222] = -0
x[223] = -6.12712e-14
x[224] = 4.63292e-12
x[225] = 9.26488e-13
x[226] = -1.22542e-13
x[227] = -359123
x[228] = -6.27417e-11
x[229] = -359123
x[230] = -1.25483e-10
x[231] = -0
x[232] = -1.39086e-11
x[233] = -0
x[234] = -5.70852e-12
x[235] = -0
x[236] = -0
x[237] = 2.58054e-12
x[238] = 2.02243e-13
x[239] = 1.2087e-12
x[240] = 6.11089e-09
x[241] = -1.02872e-08
x[242] = 1.43245e-09
x[243] = 0
x[244] = 4.19641e-09
x[245] = 0
x[246] = 484449
x[247] = -3.41167e+08
x[248] = 0
x[249] = 0
x[250] = 484449
x[251] = 1.98734e-08
x[252] = -3906.48
x[253] = -1606.35
x[254] = -10.058
x[255] = -181.497
x[256] = -1.20349e-08
x[257] = -1710.24
x[258] = -2564.71
x[259] = -1667.64
x[260] = -294.588
x[261] = -133.874
x[262] = -2756.19
x[263] = 4.29281e-10
x[264] = -3288.49
x[265] = -219.937
x[266] = -3288.49
x[267] = -282.314
x[268] = -2287.65
x[269] = -196.392
x[270] = -662.823
x[271] = -2925.93
x[272] = -1975.61
x[273] = 4.83851e-10
x[274] = 4.63842e-09
x[275] = -210.184
x[276] = -4719.14
x[277] = -3523.07
x[278] = -7774.1
x[279] = 4.29281e-10
x[280] = -28.4977
x[281] = 4.1473e-10
x[282] = 7.7307e-12
x[283] = -152.81
x[284] = -3717.42
x[285] = -319.137
x[286] = 4.44197e-09
x[287] = -4448.26
x[288] = -2884.17
x[289] = -3074.96
x[290] = -2636.64
x[291] = 4.42924e-10
x[292] = -8.36735e-10
x[293] = 4.51109e-10
x[294] = -14.2488
x[295] = -1773.88
x[296] = -4515.98
x[297] = -3043.89
x[298] = -4109.65
x[299] = -2085.53
x[300] = -220.885
x[301] = -373.694
x[302] = -159.569
x[303] = -219.557
x[304] = -3074.96
x[305] = -2636.64
x[306] = -28.4977
x[307] = -777.053
x[308] = -3150.06
x[309] = -2146.95
x[310] = -481.08
x[311] = -1536.45
x[312] = -4515.98
x[313] = -3043.89
x[314] = -1.45519e-11
x[315] = -219.557
x[316] = -2490.59
x[317] = -3241.15
x[318] = 4.07454e-10
x[319] = 4.16549e-10
x[320] = -2355.17
x[321] = -3386.14
x[322] = 4.1382e-10
x[323] = -61.5632
x[324] = 4.56566e-10
x[325] = -4448.26
x[326] = -2884.17
x[327] = 2.72848e-10
x[328] = -663.84
x[329] = -3574.45
x[330] = -306.863
x[331] = 3.21961e-10
x[332] = 1.09139e-11
x[333] = -3512.25
x[334] = -769.717
x[335] = -2392.56
x[336] = -1336.65
x[337] = -6.82121e-12
x[338] = -181.497
x[339] = -44875.5
x[340] = -2926.62
x[341] = -3145.51
x[342] = -270.039
x[343] = -44100.9
x[344] = -44320.4
x[345] = 3.66299e-09
x[346] = -186.183
x[347] = -7450.17
x[348] = 4.82487e-10
x[349] = -3659.33
x[350] = -2007.59
x[351] = -38493.6
x[352] = -3974.2
x[353] = -1766.08
x[354] = -1737.13
x[355] = -306.863
x[356] = -3717.42
x[357] = -1823.59
x[358] = -3207.15
x[359] = -22165
x[360] = -458.998
x[361] = -1.62244e+07
x[362] = -13928.6
x[363] = -23321.8
x[364] = -246.871
x[365] = -203.418
x[366] = -330.767
x[367] = -8.93844e+06
x[368] = -2143.87
x[369] = -3461.95
x[370] = -2281.16
x[371] = -425.624
x[372] = 2.72848e-12
x[373] = -22636.6
x[374] = -2930.15
x[375] = -2783.39
x[376] = -3990.65
x[377] = -95.0372
x[378] = -14.2488
x[379] = -3840.7
x[380] = -11789.9
x[381] = -4631.53
x[382] = -8385.68
x[383] = -2416.61
x[384] = 7.03039e-10
x[385] = -1713.87
x[386] = -4409.54
x[387] = -5784.89
x[388] = -2676.33
x[389] = -3845.66
x[390] = -3296.99
x[391] = -168.807
x[392] = -348.935
x[393] = -2.6329e-08
x[394] = -1.14749e+07
x[395] = -3717.42
x[396] = -319.137
x[397] = -420.748
x[398] = -1.47888e+07
x[399] = -2890.44
x[400] = -4135.64
x[401] = -53111.7
x[402] = -53125.6
x[403] = -392.251
x[404] = -18.4397
x[405] = -32239
x[406] = -425.624
x[407] = -7850.92
x[408] = -363.563
x[409] = -17.1824
x[410] = -3161.54
x[411] = -3104.55
x[412] = -4450.16
x[413] = -4789.55
x[414] = -258.186
x[415] = -5689.85
x[416] = 3.91155e-08
x[417] = -6111.32
x[418] = -344.249
x[419] = -4613.43
x[420] = -1.19179e+07
x[421] = -2676.33
x[422] = -3845.66
x[423] = -8628.34
x[424] = -1945.17
x[425] = -3429.14
x[426] = -229.499
x[427] = -83.8956
x[428] = -20578.1
x[429] = -2636.68
x[430] = -3071.62
x[431] = -6.61738e+06
x[432] = -9.04616e+06
x[433] = -9.92775e+06
x[434] = -8.05304e+06
x[435] = -48.7121
x[436] = -3311.31
x[437] = -3223.19
x[438] = -5352.56
x[439] = -4291.67
x[440] = -4178.21
x[441] = -1.09244e+07
x[442] = -2309.88
x[443] = -4046.03
x[444] = -117.32
x[445] = -42.7465
x[446] = -7.61062e+06
x[447] = -3532.76
x[448] = -5054.67
x[449] = -1.00393e+07
x[450] = -14619.5
x[451] = -16034.3
x[452] = -458.76
x[453] = -470.076
x[454] = -2835.63
x[455] = -23321.8
x[456] = -3487.47
x[457] = -4538.5
x[458] = -5185.68
x[459] = -4958.47
x[460] = -6.61738e+06
x[461] = -1453.13
x[462] = -3311.31
x[463] = -7.90897e-09
x[464] = -7165
x[465] = -3364.4
x[466] = -7.61051e+06
x[467] = -12.5725
x[468] = -2268.51
x[469] = -3853.92
x[470] = -5514.19
x[471] = -6.1118e-09
x[472] = -6.11089e-09
x[473] = -1.59426e-08
x[474] = 1.02872e-08
x[475] = -1.08835e-08
x[476] = 2.70006e-09
x[477] = -1.45519e-09
x[478] = -4.19641e-09
x[479] = 4.40127e-09
x[480] = 1.40403e-09
x[481] = -5.27507e-11
x[482] = -1.32131e-08
x[483] = -7.94103e-09
x[484] = -484449
x[485] = -7.77633e-09
x[486] = -484449
x[487] = -1.96812e-08
x[488] = -1.98488e-08
x[489] = -7.29819e-09
x[490] = 10169.5
x[491] = 9592.31
x[492] = 26045.8
x[493] = 36590.1
x[494] = 4395.88
x[495] = 13401
x[496] = 29951.7
x[497] = 19218.8
x[498] = 299504
x[499] = 20130.7
x[500] = 2497.93
x[501] = 89198.5
x[502] = 36590.1
x[503] = -42944
x[504] = -1220.93
x[505] = -15783.1
x[506] = -102838
x[507] = 3315.31
x[508] = 241.812
x[509] = 2975.19
x[510] = 201.923
x[511] = 241.812
x[512] = 1532.29
x[513] = 7360.18
x[514] = 7681.44
x[515] = 666.59
x[516] = 3421.41
x[517] = 1598.81
x[518] = 74.5739
x[519] = 113.199
x[520] = 304.073
x[521] = 1267.09
x[522] = 219.441
x[523] = 8721.07
x[524] = 9029.48
x[525] = 1657.59
x[526] = 2134.65
x[527] = 1065.87
x[528] = -3.14685e-10
x[529] = 75.4659
x[530] = 844.728
x[531] = -3.91492e-09
x[532] = 5814.05
x[533] = 6019.65
x[534] = 1105.06
x[535] = 20226.1
x[536] = 18913.9
x[537] = 18972.9
x[538] = 18905.9
x[539] = 18913.9
x[540] = 14909.9
x[541] = 18430.2
x[542] = 25261
x[543] = 20226.1
x[544] = 5.47272e-12
x[545] = 64.2399
x[546] = 2856.18
x[547] = -1.80498e-08
x[548] = 1267.09
x[549] = -5.86789e-09
x[550] = 8313.28
x[551] = 6359.84
x[552] = 8.18545e-12
x[553] = 49859.8
x[554] = 49825.5
x[555] = 48887
x[556] = 48384.8
x[557] = 48892.9
x[558] = 49632
x[559] = 47992
x[560] = 50191.2
x[561] = 51047.8
x[562] = 48881.4
x[563] = 8063.95
x[564] = 8098.02
x[565] = 8141.63
x[566] = 8053.47
x[567] = 8181.86
x[568] = 8063.95
x[569] = 3771.09
x[570] = 8063.95
x[571] = 3868.64
x[572] = 2828.54
x[573] = 1474.8
x[574] = 2618.17
x[575] = 1202.16
x[576] = 2828.54
x[577] = 1170.72
x[578] = 210.374
x[579] = 8003.53
x[580] = 9032.2
x[581] = 3202.34
x[582] = 2957.11
x[583] = 3561.21
x[584] = 2737.17
x[585] = 2163.12
x[586] = 2957.11
x[587] = 1214.3
x[588] = 1117.75
x[589] = 7966.9
x[590] = 10349.1
x[591] = 4254.23
x[592] = 1.14332e-11
x[593] = 604.099
x[594] = -1.72913e-08
x[595] = 1214.3
x[596] = -5.61801e-09
x[597] = 7966.9
x[598] = 8262.45
x[599] = 1297.12
x[600] = 3.80006e-12
x[601] = 42.8266
x[602] = 1904.12
x[603] = -1.20326e-08
x[604] = 844.728
x[605] = -3.91148e-09
x[606] = 5542.19
x[607] = 5747.79
x[608] = -5.91172e-12
x[609] = 2631.09
x[610] = 229.61
x[611] = 1264.14
x[612] = 14.7392
x[613] = 57.4857
x[614] = 229.61
x[615] = 3614.88
x[616] = 3846.18
x[617] = 10499.7
x[618] = 11156.3
x[619] = 10260.6
x[620] = 9636.65
x[621] = 10499.7
x[622] = 4914.55
x[623] = 8500.37
x[624] = 9546.56
x[625] = 18534.4
x[626] = 11909.6
x[627] = 2534.89
x[628] = 1451.9
x[629] = 1214.68
x[630] = 807.458
x[631] = 2212.06
x[632] = 2225.75
x[633] = 6904.18
x[634] = 7569.76
x[635] = 2534.89
x[636] = 1704.29
x[637] = 2.59433e-10
x[638] = 1547.1
x[639] = -9.51104e-09
x[640] = 686.341
x[641] = -2.91357e-09
x[642] = 1139.52
x[643] = 1306.58
x[644] = 2.48519e-10
x[645] = 723.148
x[646] = 315.361
x[647] = 2856.18
x[648] = -5.43196e-09
x[649] = 80.4921
x[650] = 315.361
x[651] = 1267.09
x[652] = -1.08407e-08
x[653] = 8688.36
x[654] = 8996.77
x[655] = 210.374
x[656] = 1474.8
x[657] = 112.985
x[658] = 210.374
x[659] = 1170.72
x[660] = 210.374
x[661] = 8003.53
x[662] = 8286.24
x[663] = 1729.83
x[664] = 1102.37
x[665] = 1407.76
x[666] = 2499.16
x[667] = 107.85
x[668] = 1102.37
x[669] = 1117.51
x[670] = 200.812
x[671] = 7639.74
x[672] = 7909.59
x[673] = 1459.19
x[674] = 866.023
x[675] = -2.47383e-10
x[676] = 61.316
x[677] = -9.77025e-09
x[678] = 686.341
x[679] = -3.17277e-09
x[680] = 4723.91
x[681] = 4890.97
x[682] = 897.859
x[683] = 1.00202e-11
x[684] = 69.5932
x[685] = 3094.2
x[686] = -1.95651e-08
x[687] = 1372.68
x[688] = 9006.06
x[689] = 6889.82
x[690] = -8.18545e-12
x[691] = 51149.6
x[692] = 47674.1
x[693] = 49829.4
x[694] = 49422.2
x[695] = 50826.8
x[696] = 45825.4
x[697] = 48558.6
x[698] = 47224.2
x[699] = 56184.5
x[700] = 51149.6
x[701] = 2241.3
x[702] = 3.37565e-10
x[703] = 2023.13
x[704] = -1.24514e-08
x[705] = 897.523
x[706] = -3.823e-09
x[707] = 3213.08
x[708] = 3431.53
x[709] = 3.17442e-10
x[710] = 3109.69
x[711] = 2820.84
x[712] = 2658.28
x[713] = 1928.44
x[714] = 2820.84
x[715] = 1369.74
x[716] = 6154.26
x[717] = 7614.57
x[718] = 3109.69
x[719] = 4361.07
x[720] = 1541.83
x[721] = 4141.14
x[722] = 2660.77
x[723] = 4361.07
x[724] = 1223.94
x[725] = 1615.39
x[726] = 10846.7
x[727] = 4751.87
x[728] = 1207.36
x[729] = 1541.83
x[730] = 118.121
x[731] = 1207.36
x[732] = 1223.94
x[733] = 219.937
x[734] = 8367.33
x[735] = 8662.89
x[736] = 1598.16
x[737] = 1657.59
x[738] = 1598.81
x[739] = 2846.12
x[740] = 113.199
x[741] = -1.80535e-08
x[742] = 1267.09
x[743] = -5.87306e-09
x[744] = 8721.07
x[745] = 9029.48
x[746] = 1657.59
x[747] = 2107.05
x[748] = 3.10251e-10
x[749] = 1904.12
x[750] = -1.1728e-08
x[751] = 844.728
x[752] = -3.6087e-09
x[753] = 2694.69
x[754] = 2900.29
x[755] = 2.86434e-10
x[756] = 2912.56
x[757] = 4.34738e-10
x[758] = 2618.17
x[759] = -1.61135e-08
x[760] = 1161.5
x[761] = -4.94811e-09
x[762] = 5805.02
x[763] = 6087.73
x[764] = 4.08363e-10
x[765] = 645.138
x[766] = -2.50913e-10
x[767] = -9.77889e-09
x[768] = 686.341
x[769] = -3.1809e-09
x[770] = 4503.03
x[771] = 4670.08
x[772] = 676.974
x[773] = 2268.06
x[774] = 2226.43
x[775] = 1086.81
x[776] = 477.002
x[777] = 1093.94
x[778] = 1991.46
x[779] = -4.15821e-09
x[780] = 6177.42
x[781] = 6395.88
x[782] = 1174.12
x[783] = 3109.69
x[784] = 2820.84
x[785] = 2658.28
x[786] = 1928.44
x[787] = 2820.84
x[788] = 1369.74
x[789] = 6154.26
x[790] = 3109.69
x[791] = 2716.58
x[792] = 181.687
x[793] = 424.838
x[794] = 181.687
x[795] = 3754.12
x[796] = 3998.28
x[797] = 1897.85
x[798] = 163.455
x[799] = 910.613
x[800] = 10.645
x[801] = 39.1427
x[802] = 696.986
x[803] = 163.455
x[804] = 3187.46
x[805] = 3354.51
x[806] = 2107.05
x[807] = 3.10251e-10
x[808] = 1904.12
x[809] = -1.1728e-08
x[810] = 844.728
x[811] = -3.6087e-09
x[812] = 2694.69
x[813] = 2900.29
x[814] = 2.86434e-10
x[815] = 1132.49
x[816] = -3.39242e-10
x[817] = 80.1825
x[818] = -1.27857e-08
x[819] = 897.523
x[820] = -4.15821e-09
x[821] = 6177.42
x[822] = 6395.88
x[823] = 1174.12
x[824] = 3841.38
x[825] = 3484.57
x[826] = 3283.76
x[827] = 2382.19
x[828] = 3484.57
x[829] = 1692.04
x[830] = 7602.32
x[831] = 9406.24
x[832] = 3841.38
x[833] = 1102.37
x[834] = 1407.76
x[835] = 2499.16
x[836] = 107.85
x[837] = 1102.37
x[838] = 1117.51
x[839] = 200.812
x[840] = 7639.74
x[841] = 7909.59
x[842] = 1459.19
x[843] = 41671.5
x[844] = 38021
x[845] = 41461.1
x[846] = 40045.1
x[847] = 41671.5
x[848] = 35880.4
x[849] = 39045.2
x[850] = 37500
x[851] = 47875.1
x[852] = 42045.3
x[853] = 4024.3
x[854] = 3650.5
x[855] = 3440.13
x[856] = 2495.63
x[857] = 3650.5
x[858] = 1772.61
x[859] = 7964.33
x[860] = 9854.16
x[861] = 4024.3
x[862] = 1102.37
x[863] = 1407.76
x[864] = 2499.16
x[865] = 107.85
x[866] = 1102.37
x[867] = 1117.51
x[868] = 200.812
x[869] = 7639.74
x[870] = 7909.59
x[871] = 1459.19
x[872] = 3069.34
x[873] = 2275.17
x[874] = 2289.42
x[875] = 1369.03
x[876] = 3069.34
x[877] = 1853.18
x[878] = 323.657
x[879] = 8326.35
x[880] = 9554.98
x[881] = 3460.13
x[882] = 3085.68
x[883] = 1608.87
x[884] = 2856.18
x[885] = 1311.44
x[886] = 3085.68
x[887] = 1277.15
x[888] = 229.499
x[889] = 8731.13
x[890] = 9853.3
x[891] = 3493.47
x[892] = 2241.3
x[893] = 3.37565e-10
x[894] = 2023.13
x[895] = -1.24514e-08
x[896] = 897.523
x[897] = -3.823e-09
x[898] = 3213.08
x[899] = 3431.53
x[900] = 3.17442e-10
x[901] = 734.916
x[902] = 938.507
x[903] = 1666.11
x[904] = 71.8998
x[905] = 734.916
x[906] = 745.004
x[907] = 133.874
x[908] = 5093.16
x[909] = 5273.06
x[910] = 972.792
x[911] = 231.851
x[912] = -1.8812e-08
x[913] = 1319.89
x[914] = -6.12098e-09
x[915] = 8659.67
x[916] = 8980.93
x[917] = 985.131
x[918] = 839.904
x[919] = 1072.58
x[920] = 1904.12
x[921] = 82.1712
x[922] = 839.904
x[923] = 851.433
x[924] = 152.999
x[925] = 5820.75
x[926] = 6026.36
x[927] = 1111.76
x[928] = 5483.48
x[929] = 5506.65
x[930] = 5536.31
x[931] = 5476.36
x[932] = 5563.67
x[933] = 5483.48
x[934] = 2564.34
x[935] = 5483.48
x[936] = 11879.4
x[937] = 2890.18
x[938] = 221.875
x[939] = 1371.35
x[940] = 16.3769
x[941] = 30.6257
x[942] = 221.875
x[943] = 4875
x[944] = 5132.01
x[945] = 1065.87
x[946] = -3.14685e-10
x[947] = 75.4659
x[948] = -1.20349e-08
x[949] = 844.728
x[950] = -3.91492e-09
x[951] = 5814.05
x[952] = 6019.65
x[953] = 1105.06
x[954] = 3475.54
x[955] = 3152.7
x[956] = 2971.02
x[957] = 2155.32
x[958] = 3152.7
x[959] = 1530.89
x[960] = 6878.29
x[961] = 3475.54
x[962] = 3.70251e-12
x[963] = 58.8865
x[964] = 2618.17
x[965] = -1.65455e-08
x[966] = 1161.5
x[967] = -5.3804e-09
x[968] = 7620.51
x[969] = 7903.22
x[970] = 373.805
x[971] = 2563.73
x[972] = 1594.73
x[973] = 1382.48
x[974] = 772.666
x[975] = 1389.6
x[976] = 2287.13
x[977] = 2966.17
x[978] = 4006.36
x[979] = 1375.68
x[980] = 1035.99
x[981] = 999.257
x[982] = 3.37104e-09
x[983] = 70.7493
x[984] = -7.61884e-09
x[985] = 791.932
x[986] = 5450.67
x[987] = 5643.42
x[988] = 1035.99
x[989] = 4207.23
x[990] = 3816.43
x[991] = 6.08361e-09
x[992] = 3596.49
x[993] = 2609.07
x[994] = 2116.12
x[995] = 3816.43
x[996] = 1070.75
x[997] = 10302.1
x[998] = 4929.91
x[999] = 1742.94
x[1000] = 4681.29
x[1001] = 3007.82
x[1002] = 4929.91
x[1003] = 1383.58
x[1004] = 1826.1
x[1005] = -9.79526e-10
x[1006] = 12261.5
x[1007] = 5371.68
x[1008] = 2378
x[1009] = 2157.11
x[1010] = 2032.8
x[1011] = 1474.69
x[1012] = 2157.11
x[1013] = 1047.45
x[1014] = 4706.2
x[1015] = 2378
x[1016] = 355.62
x[1017] = 11339.3
x[1018] = 11329.6
x[1019] = 11315.4
x[1020] = 11329.6
x[1021] = 10114
x[1022] = 11339.3
x[1023] = 12553.6
x[1024] = 9068.61
x[1025] = 16072.1
x[1026] = 415.945
x[1027] = 8.15848
x[1028] = 2856.18
x[1029] = 8.15848
x[1030] = 1267.09
x[1031] = -5.39922e-09
x[1032] = 6841.79
x[1033] = 7150.2
x[1034] = 415.945
x[1035] = -1.80324e-12
x[1036] = 66.9165
x[1037] = 2975.19
x[1038] = -1.87974e-08
x[1039] = 1319.89
x[1040] = -6.10643e-09
x[1041] = 8659.67
x[1042] = 6624.83
x[1043] = 2.00089e-11
x[1044] = 3342.82
x[1045] = 4025.71
x[1046] = 3094.2
x[1047] = 2445.27
x[1048] = 3342.82
x[1049] = 1372.68
x[1050] = 1263.54
x[1051] = 9006.06
x[1052] = 11698.9
x[1053] = 4809.12
x[1054] = 8941.01
x[1055] = 6592.76
x[1056] = 6578.51
x[1057] = 6592.76
x[1058] = 6578.51
x[1059] = 4781.46
x[1060] = 6592.76
x[1061] = 8387.81
x[1062] = 9325.36
x[1063] = 3259.13
x[1064] = 5487.69
x[1065] = 4977.95
x[1066] = 4691.08
x[1067] = 3403.13
x[1068] = 4977.95
x[1069] = 5487.69
x[1070] = 9113.52
x[1071] = 9093.82
x[1072] = 9122.32
x[1073] = 9093.82
x[1074] = 6609.66
x[1075] = 9113.52
x[1076] = 11594.9
x[1077] = 4473.46
x[1078] = 4505.26
x[1079] = 3126.83
x[1080] = 2362.23
x[1081] = 5355.34
x[1082] = 2362.23
x[1083] = 2394.66
x[1084] = 1065.29
x[1085] = 8.96762e-10
x[1086] = 3126.83
x[1087] = 6403.94
x[1088] = 3197.62
x[1089] = -9.29504e-10
x[1090] = 2068.21
x[1091] = -1.17534e-08
x[1092] = 17442.1
x[1093] = 18059
x[1094] = 7865.69
x[1095] = 7135.07
x[1096] = 6723.88
x[1097] = 4877.82
x[1098] = 3956.23
x[1099] = 2001.84
x[1100] = 15566.7
x[1101] = 19260.4
x[1102] = 7024.5
x[1103] = 6446.81
x[1104] = 2279.23
x[1105] = 6121.68
x[1106] = 4662.01
x[1107] = 3933.31
x[1108] = 2387.97
x[1109] = 16034.3
x[1110] = 2987.86
x[1111] = 2257.24
x[1112] = 5117.32
x[1113] = 2257.24
x[1114] = 2288.23
x[1115] = 1017.94
x[1116] = -10775.9
x[1117] = 2987.86
x[1118] = 3613.53
x[1119] = 11.3153
x[1120] = 1563.11
x[1121] = 11.3153
x[1122] = 9480.44
x[1123] = 9827.4
x[1124] = 3869.05
x[1125] = 6.22864e-09
x[1126] = 1931.9
x[1127] = 3451.22
x[1128] = 5.63726e-09
x[1129] = 1531.07
x[1130] = 22151.3
x[1131] = 21318.8
x[1132] = 21471
x[1133] = 21298.2
x[1134] = 2227.1
x[1135] = 39124.3
x[1136] = 39754
x[1137] = 5513.45
x[1138] = 6137.11
x[1139] = 4751.07
x[1140] = 2940.79
x[1141] = 3177.03
x[1142] = 5355.52
x[1143] = 2428.59
x[1144] = 19675.5
x[1145] = 20266.6
x[1146] = 5578.28
x[1147] = 5119.52
x[1148] = 4861.34
x[1149] = 3702.18
x[1150] = 5119.52
x[1151] = 3172.98
x[1152] = -7405.43
x[1153] = 5578.28
x[1154] = 25036.8
x[1155] = 23703.5
x[1156] = 5712.36
x[1157] = 4276.03
x[1158] = 21544.8
x[1159] = 25036.8
x[1160] = 27571
x[1161] = 19596.6
x[1162] = 1500.54
x[1163] = 10526
x[1164] = 9999.29
x[1165] = 10041.5
x[1166] = 10095.6
x[1167] = 9986.3
x[1168] = 10145.5
x[1169] = 21662.4
x[1170] = 4756
x[1171] = 4314.23
x[1172] = 4065.6
x[1173] = 2949.38
x[1174] = 4314.23
x[1175] = 2094.9
x[1176] = 4756
x[1177] = 8941.01
x[1178] = 6592.76
x[1179] = 6592.76
x[1180] = 6578.51
x[1181] = 6592.76
x[1182] = 8387.81
x[1183] = 9325.36
x[1184] = 3259.13
x[1185] = 3717.42
x[1186] = 1742.94
x[1187] = 27.5948
x[1188] = 248.624
x[1189] = 1383.58
x[1190] = 248.624
x[1191] = 9352.79
x[1192] = 9686.9
x[1193] = 1700.68
x[1194] = 6447.44
x[1195] = 3460.3
x[1196] = 7234.64
x[1197] = 3390.09
x[1198] = 207.531
x[1199] = 3460.3
x[1200] = 15988.6
x[1201] = 16554
x[1202] = 4207.91
x[1203] = 6574.27
x[1204] = 4847.62
x[1205] = 4837.14
x[1206] = 4847.62
x[1207] = 4837.14
x[1208] = 3515.78
x[1209] = 4847.62
x[1210] = 6167.51
x[1211] = 2379.5
x[1212] = 2396.42
x[1213] = 16637.9
x[1214] = 15805.3
x[1215] = 15872.1
x[1216] = 15957.6
x[1217] = 15784.8
x[1218] = 16036.4
x[1219] = 34240.5
x[1220] = 8597.38
x[1221] = 7798.79
x[1222] = 1.23737e-08
x[1223] = 7349.36
x[1224] = 5331.58
x[1225] = 4324.25
x[1226] = 7798.79
x[1227] = 2188.06
x[1228] = 21052.1
x[1229] = 8573
x[1230] = 5382.19
x[1231] = 9413.87
x[1232] = 5307.2
x[1233] = 1907.64
x[1234] = 5382.19
x[1235] = 18764.7
x[1236] = 19368.7
x[1237] = 6180.77
x[1238] = 5147.2
x[1239] = 2413.3
x[1240] = 9.07676e-09
x[1241] = 505.768
x[1242] = 1889.78
x[1243] = 1900.64
x[1244] = 13081.6
x[1245] = 13544.2
x[1246] = 2501.46
x[1247] = 2709.92
x[1248] = 2047.27
x[1249] = 4641.29
x[1250] = 1.31877e-09
x[1251] = 2047.27
x[1252] = 2075.37
x[1253] = -10696.7
x[1254] = 2709.92
x[1255] = 594.689
x[1256] = -2.6329e-08
x[1257] = 1847.84
x[1258] = 12718.2
x[1259] = 9869.45
x[1260] = 5472.13
x[1261] = 3581.32
x[1262] = 4595.16
x[1263] = 3570.23
x[1264] = 3387.57
x[1265] = 1383.56
x[1266] = 1583.86
x[1267] = 4091.06
x[1268] = 9507.37
x[1269] = 9031.62
x[1270] = 9069.78
x[1271] = 9118.62
x[1272] = 9019.89
x[1273] = 9163.69
x[1274] = 19566
x[1275] = 4573.07
x[1276] = 4148.29
x[1277] = 3909.23
x[1278] = 2835.94
x[1279] = 4148.29
x[1280] = 2014.33
x[1281] = 4573.07
x[1282] = 4652.94
x[1283] = 2344.69
x[1284] = 5261.23
x[1285] = 2290.44
x[1286] = 2344.69
x[1287] = 12025.7
x[1288] = 2922.39
x[1289] = 4669.54
x[1290] = 2331.6
x[1291] = -6.88487e-10
x[1292] = 165.082
x[1293] = -8.56653e-09
x[1294] = 12718.2
x[1295] = 13168
x[1296] = 8.2012e-12
x[1297] = 69.5932
x[1298] = 3094.2
x[1299] = -1.95651e-08
x[1300] = 1372.68
x[1301] = 9006.06
x[1302] = 4979.01
x[1303] = -1.13687e-11
x[1304] = 17138.7
x[1305] = 14237.9
x[1306] = 14237.9
x[1307] = 14220.3
x[1308] = 14237.9
x[1309] = 16455.3
x[1310] = 11519.6
x[1311] = 14203.5
x[1312] = 5870.28
x[1313] = 3.31047e-08
x[1314] = 2931.15
x[1315] = 3.22552e-08
x[1316] = 1432.64
x[1317] = 2.23336e-08
x[1318] = 15988.6
x[1319] = 16554
x[1320] = 4938.92
x[1321] = 4480.16
x[1322] = 4221.97
x[1323] = 3062.82
x[1324] = 4480.16
x[1325] = 2175.47
x[1326] = 4204.91
x[1327] = 3210.58
x[1328] = 1911.9
x[1329] = 2081.38
x[1330] = 3644.2
x[1331] = 3654.15
x[1332] = 1925.73
x[1333] = 13917.2
x[1334] = 14341.3
x[1335] = 3038.91
x[1336] = 2931.15
x[1337] = 1432.64
x[1338] = 2291.3
x[1339] = 2323
x[1340] = 15988.6
x[1341] = 16554
x[1342] = 3038.91
x[1343] = 9710.34
x[1344] = 8911.76
x[1345] = 3150.7
x[1346] = 8462.33
x[1347] = 6444.54
x[1348] = 5437.22
x[1349] = 3301.02
x[1350] = 22165
x[1351] = 6137.11
x[1352] = 3064.39
x[1353] = 2940.79
x[1354] = 1954.9
x[1355] = 5355.52
x[1356] = 2428.59
x[1357] = -1.12623e-08
x[1358] = 16715.4
x[1359] = 18326.8
x[1360] = 6137.11
x[1361] = 12902.9
x[1362] = 12257.2
x[1363] = 12309
x[1364] = 12375.3
x[1365] = 12241.3
x[1366] = 12436.4
x[1367] = 26553.9
x[1368] = 5470.03
x[1369] = 2135.07
x[1370] = 2164.62
x[1371] = 14898.5
x[1372] = 15425.4
x[1373] = 5256.02
x[1374] = 2812
x[1375] = 5900.1
x[1376] = 2754.56
x[1377] = 150.647
x[1378] = 2812
x[1379] = 13062.5
x[1380] = 13525.1
x[1381] = 3423.68
x[1382] = 5304.76
x[1383] = 4812.02
x[1384] = 4534.71
x[1385] = 3289.7
x[1386] = 4812.02
x[1387] = 2336.62
x[1388] = 5304.76
x[1389] = 8963.22
x[1390] = 8130.66
x[1391] = 7662.1
x[1392] = 5558.45
x[1393] = 4508.26
x[1394] = 8130.66
x[1395] = 2281.16
x[1396] = 17738.7
x[1397] = 21947.9
x[1398] = 3602.22
x[1399] = 1798.66
x[1400] = -1.27875e-09
x[1401] = 127.349
x[1402] = 1417.34
x[1403] = -6.61021e-09
x[1404] = 9811.2
x[1405] = 10158.2
x[1406] = 9.48259e+06
x[1407] = 9.48263e+06
x[1408] = 9.48268e+06
x[1409] = 9.48272e+06
x[1410] = 7363.18
x[1411] = 5429.33
x[1412] = 5429.33
x[1413] = 5417.6
x[1414] = 5429.33
x[1415] = 6907.61
x[1416] = 7679.71
x[1417] = 2683.99
x[1418] = 4909.27
x[1419] = 4297.59
x[1420] = 3824.55
x[1421] = 2407.8
x[1422] = 1636.23
x[1423] = 4573.07
x[1424] = 4148.29
x[1425] = 3909.23
x[1426] = 2835.94
x[1427] = 4148.29
x[1428] = 2014.33
x[1429] = 4573.07
x[1430] = 6311.3
x[1431] = 4653.71
x[1432] = 4653.71
x[1433] = 4643.66
x[1434] = 2300.56
x[1435] = 5853.53
x[1436] = 3201.97
x[1437] = 2856.18
x[1438] = -1.80535e-08
x[1439] = 1267.09
x[1440] = 8721.07
x[1441] = 6767.62
x[1442] = 3860.4
x[1443] = 6.80393e-09
x[1444] = 258.186
x[1445] = 1341.58
x[1446] = 9727.31
x[1447] = 10074.3
x[1448] = 6198.09
x[1449] = 2011.09
x[1450] = 4113.54
x[1451] = 3470.56
x[1452] = 14147.9
x[1453] = 3127.39
x[1454] = 3318.64
x[1455] = 7859.56
x[1456] = 3857.1
x[1457] = 3570.23
x[1458] = 3844.53
x[1459] = 14763.9
x[1460] = 3335.38
x[1461] = 1.88074e-08
x[1462] = 2975.19
x[1463] = 1.83254e-08
x[1464] = 3602.22
x[1465] = 8.03176e-09
x[1466] = 1798.66
x[1467] = 3213.2
x[1468] = 7.50498e-09
x[1469] = 127.349
x[1470] = 14147.9
x[1471] = 4669.54
x[1472] = 1.68942e-08
x[1473] = 2331.6
x[1474] = 4165.26
x[1475] = 1.62036e-08
x[1476] = 165.082
x[1477] = 6048.33
x[1478] = 4459.81
x[1479] = 4435.92
x[1480] = 4450.17
x[1481] = 6308.33
x[1482] = 4803.52
x[1483] = 4242.81
x[1484] = 3927.25
x[1485] = 2510.51
x[1486] = 5785.36
x[1487] = 4265.9
x[1488] = 4265.9
x[1489] = 4256.68
x[1490] = 6951.07
x[1491] = 3431.47
x[1492] = 229.499
x[1493] = 8912.16
x[1494] = 57425.8
x[1495] = 57129.4
x[1496] = 7363.18
x[1497] = 5429.33
x[1498] = 5429.33
x[1499] = 5417.6
x[1500] = 7679.71
x[1501] = 8152.09
x[1502] = 6011.05
x[1503] = 6011.05
x[1504] = 5998.05
x[1505] = 2971.56
x[1506] = 7889.12
x[1507] = 5817.14
x[1508] = 5804.57
x[1509] = 8228.26
x[1510] = 8941.01
x[1511] = 6578.51
x[1512] = 3259.13
x[1513] = 1406.02
x[1514] = 20963.6
x[1515] = 473.506
x[1516] = 4403.28
x[1517] = 8941.01
x[1518] = 6592.76
x[1519] = 6592.76
x[1520] = 6578.51
x[1521] = 6592.76
x[1522] = 8387.81
x[1523] = 9325.36
x[1524] = 8149.18
x[1525] = 7731.33
x[1526] = 16770.9
x[1527] = 4924.91
x[1528] = 3060.13
x[1529] = 2532.81
x[1530] = 3060.13
x[1531] = 3048.81
x[1532] = 1227.18
x[1533] = 5785.36
x[1534] = 4265.9
x[1535] = 4265.9
x[1536] = 4256.68
x[1537] = 6034.06
x[1538] = 4847
x[1539] = 1784.8
x[1540] = 12354.8
x[1541] = 12791.8
x[1542] = 1027.81
x[1543] = 4938.92
x[1544] = 4513.77
x[1545] = 2856.18
x[1546] = 2856.18
x[1547] = 2846.12
x[1548] = 4276.76
x[1549] = 93.2174
x[1550] = 1562.25
x[1551] = 1583.86
x[1552] = 10901.3
x[1553] = 11286.8
x[1554] = 6585.22
x[1555] = 5973.54
x[1556] = 5629.3
x[1557] = 4083.76
x[1558] = 5973.54
x[1559] = 6585.22
x[1560] = 3.58649e-10
x[1561] = 3.58649e-10
x[1562] = 3.58649e-10
x[1563] = 3.58649e-10
x[1564] = 3.58649e-10
x[1565] = -9.48354e-12
x[1566] = 6.96754e-11
x[1567] = 6.96754e-11
x[1568] = 6.96754e-11
x[1569] = 6.96754e-11
x[1570] = 4.09273e-11
x[1571] = 4.09273e-11
x[1572] = 4.09273e-11
x[1573] = 4.09273e-11
x[1574] = 1282.4
x[1575] = 1282.4
x[1576] = -6.02805e-11
x[1577] = 1282.4
x[1578] = 1282.4
x[1579] = 9.75809e-11
x[1580] = 9.75809e-11
x[1581] = 9.75809e-11
x[1582] = -2.40364e-11
x[1583] = 9.75809e-11
x[1584] = 0
x[1585] = 0
x[1586] = 0
x[1587] = 0
x[1588] = 0
x[1589] = 0
x[1590] = 0
x[1591] = 0
x[1592] = 0
x[1593] = 0
x[1594] = 1.86265e-08
x[1595] = 1.86265e-08
x[1596] = 1.86265e-08
x[1597] = 1.86265e-08
x[1598] = 1.86265e-08
x[1599] = 736.056
x[1600] = 736.056
x[1601] = 8.78231e-12
x[1602] = 1.42713e-10
x[1603] = 1.42713e-10
x[1604] = 1.42713e-10
x[1605] = 1.42713e-10
x[1606] = 0
x[1607] = 0
x[1608] = 0
x[1609] = 0
x[1610] = 3.36086e-10
x[1611] = 3.36086e-10
x[1612] = 3.36086e-10
x[1613] = 0
x[1614] = -9.13637e-12
x[1615] = 5.07801e-13
x[1616] = -3.48315e-12
x[1617] = -3.13018e-12
x[1618] = 4.34916e-12
x[1619] = -5.82077e-11
x[1620] = -2.13542e-12
x[1621] = -2.25565e-12
x[1622] = -2.56829e-12
x[1623] = -1.18529e-10
x[1624] = -2.56829e-12
x[1625] = -8.34565e-13
x[1626] = -1.69936e-11
x[1627] = -1.47535e-12
x[1628] = -5.85229e-12
x[1629] = -1.21671e-10
x[1630] = -5.79544e-12
x[1631] = -4.14699e-12
x[1632] = -7.44555e-12
x[1633] = -9.15085e-12
x[1634] = -1.0373e-11
x[1635] = -1.45226e-11
x[1636] = -1.25046e-11
x[1637] = -8.0424e-12
x[1638] = 1.8115e-12
x[1639] = -1.25804e-12
x[1640] = 2.12414e-12
x[1641] = 359123
x[1642] = -4.83918e-12
x[1643] = -5.71441e-12
x[1644] = -1.08132e-11
x[1645] = -3.6509e-12
x[1646] = -1.29028e-12
x[1647] = -1.033e-11
b:
b[0] = 90633.9
b[1] = 147864
b[2] = 85216.9
b[3] = 178070
b[4] = 82737.9
b[5] = 180219
b[6] = 7634.33
b[7] = 4.81046e+08
b[8] = 86833.8
b[9] = 383265
b[10] = 234957
b[11] = 90633.9
b[12] = 132866
b[13] = 85216.9
b[14] = 178070
b[15] = 82737.9
b[16] = 194105
b[17] = -181812
b[18] = 4.81046e+08
b[19] = 86833.8
b[20] = 383265
b[21] = 0
b[22] = 234957
b[23] = 0
b[24] = 484449
b[25] = 0
b[26] = 484449
b[27] = 0
b[28] = 0
b[29] = 1215.97
b[30] = -1432.75
b[31] = -3809.01
b[32] = 1539.69
b[33] = -160.29
b[34] = -4039.86
b[35] = 1966.08
b[36] = -1.19873e+07
b[37] = 1242.75
b[38] = 0
b[39] = -1042.73
b[40] = -1432.75
b[41] = -249.252
b[42] = -3262.88
b[43] = 37.0908
b[44] = -2958.8
b[45] = -2013.08
b[46] = -3878.26
b[47] = 304.073
b[48] = -1.16301e+07
b[49] = -245.494
b[50] = 0
b[51] = -1001.02
b[52] = -2013.08
b[53] = -312.462
b[54] = -2175.25
b[55] = 24.7272
b[56] = -2203.75
b[57] = -1335.35
b[58] = -2585.51
b[59] = 0
b[60] = -7.75339e+06
b[61] = -309.957
b[62] = 0
b[63] = -667.348
b[64] = -1342.05
b[65] = 19974.5
b[66] = 18985.1
b[67] = -292.271
b[68] = 19225.8
b[69] = 19974.5
b[70] = -3070.29
b[71] = 21568.2
b[72] = -9.14878e+06
b[73] = 2287.19
b[74] = 14180.4
b[75] = 19974.5
b[76] = 19974.5
b[77] = -3262.88
b[78] = -2855.09
b[79] = -1089.69
b[80] = 230.591
b[81] = -3262.88
b[82] = -3878.26
b[83] = 407.787
b[84] = -1.16297e+07
b[85] = -57.1482
b[86] = 0
b[87] = -3262.88
b[88] = -3262.88
b[89] = 47718.6
b[90] = -1903.34
b[91] = 48914.5
b[92] = -1903.34
b[93] = 47718.6
b[94] = 46056.4
b[95] = 48892.9
b[96] = -6.98618e+06
b[97] = 47715.2
b[98] = 45103.9
b[99] = 45196.7
b[100] = 46740.2
b[101] = -14643.7
b[102] = -3398.83
b[103] = -1592.72
b[104] = -3082.09
b[105] = -2096.96
b[106] = -4039.86
b[107] = 0
b[108] = -1.19949e+07
b[109] = -481.511
b[110] = -26740.7
b[111] = -14643.7
b[112] = -11887.6
b[113] = -3373.99
b[114] = -171.65
b[115] = 33.9999
b[116] = -171.65
b[117] = -1845.32
b[118] = -2465.9
b[119] = 2819.32
b[120] = -1.05773e+07
b[121] = -223.172
b[122] = 0
b[123] = -171.65
b[124] = -171.65
b[125] = -3126.92
b[126] = 220.983
b[127] = 2455.36
b[128] = 220.983
b[129] = -4817.25
b[130] = -1271.24
b[131] = 3347.91
b[132] = -1.09361e+07
b[133] = 1067.64
b[134] = 0
b[135] = 1127.3
b[136] = 1127.3
b[137] = -3126.92
b[138] = -2736.13
b[139] = -501.754
b[140] = -2736.13
b[141] = -4817.25
b[142] = -3716.67
b[143] = 390.796
b[144] = -1.09361e+07
b[145] = -50.1061
b[146] = 0
b[147] = -959.313
b[148] = -1829.81
b[149] = -2175.25
b[150] = -1903.39
b[151] = -726.462
b[152] = 153.727
b[153] = -3351.13
b[154] = -2585.51
b[155] = 271.858
b[156] = -7.75312e+06
b[157] = -38.0988
b[158] = 0
b[159] = -667.348
b[160] = -2175.25
b[161] = 2804.02
b[162] = 708.38
b[163] = 3018.77
b[164] = 665.633
b[165] = 1481.15
b[166] = -730.494
b[167] = 0
b[168] = -8.80618e+06
b[169] = 2804.97
b[170] = 0
b[171] = -750.767
b[172] = 172.93
b[173] = -3834.08
b[174] = 7090.37
b[175] = 9519.04
b[176] = 7090.37
b[177] = -2096.96
b[178] = 5468.39
b[179] = 10489.2
b[180] = -1.19857e+07
b[181] = 8008.38
b[182] = 451.633
b[183] = 8075.5
b[184] = 8075.5
b[185] = -371.048
b[186] = -2583.11
b[187] = 215.535
b[188] = -2611.61
b[189] = -371.048
b[190] = -2352.45
b[191] = 2212.06
b[192] = -9.16412e+06
b[193] = -367.141
b[194] = 0
b[195] = -371.048
b[196] = -371.048
b[197] = 3300.41
b[198] = 1817
b[199] = -1980.68
b[200] = 3488.41
b[201] = 2499.42
b[202] = -2100.73
b[203] = 3584.39
b[204] = -6.33785e+06
b[205] = 3331.62
b[206] = 0
b[207] = -542.22
b[208] = 1596.11
b[209] = -2914.81
b[210] = -2914.81
b[211] = -1529.01
b[212] = -144.489
b[213] = -1970.31
b[214] = -3878.26
b[215] = 348.068
b[216] = -1.163e+07
b[217] = -432.228
b[218] = 0
b[219] = -1001.02
b[220] = -11412.1
b[221] = -3373.99
b[222] = -2789.81
b[223] = 33.9999
b[224] = -2818.31
b[225] = -1845.32
b[226] = -3555.08
b[227] = 201.154
b[228] = -1.05773e+07
b[229] = -223.172
b[230] = 0
b[231] = -917.604
b[232] = -1644.17
b[233] = -3220.63
b[234] = -1761.44
b[235] = 32.4545
b[236] = -163.847
b[237] = -1761.44
b[238] = -3393.48
b[239] = 1093.57
b[240] = -1.02181e+07
b[241] = -215.74
b[242] = 0
b[243] = -875.895
b[244] = -1761.44
b[245] = -1988.28
b[246] = -1767.39
b[247] = 20.0909
b[248] = -1795.89
b[249] = -1084.97
b[250] = -2100.73
b[251] = 0
b[252] = -6.34144e+06
b[253] = -252.772
b[254] = 0
b[255] = -542.22
b[256] = -1090.42
b[257] = -3534.78
b[258] = -3093.01
b[259] = -1180.5
b[260] = 249.807
b[261] = -5445.59
b[262] = -4201.45
b[263] = 441.769
b[264] = -1.2348e+07
b[265] = 0
b[266] = -3534.78
b[267] = -3534.78
b[268] = 48243.7
b[269] = -2583.11
b[270] = 46437.7
b[271] = -2401.42
b[272] = 48243.7
b[273] = 46262.3
b[274] = 50826.8
b[275] = -9.12052e+06
b[276] = 48191.5
b[277] = 40320
b[278] = 48243.7
b[279] = 48243.7
b[280] = 2605.59
b[281] = 653.144
b[282] = -2590.13
b[283] = 2838.83
b[284] = 1545.54
b[285] = -2747.1
b[286] = 2964.35
b[287] = -8.44406e+06
b[288] = 2630.36
b[289] = 0
b[290] = -709.057
b[291] = 364.295
b[292] = 532.804
b[293] = 532.804
b[294] = -1083.05
b[295] = 532.804
b[296] = 532.804
b[297] = -5879.08
b[298] = 2844.01
b[299] = -8.44653e+06
b[300] = -2947.46
b[301] = 0
b[302] = 532.804
b[303] = 532.804
b[304] = -3527.36
b[305] = 1224.51
b[306] = 35.5454
b[307] = 1224.51
b[308] = -1929.2
b[309] = -1174.02
b[310] = 4351.44
b[311] = -1.09364e+07
b[312] = 1164.85
b[313] = -8367.33
b[314] = 1224.51
b[315] = 1224.51
b[316] = -3527.36
b[317] = -1929.2
b[318] = 35.5454
b[319] = -2930.87
b[320] = -1929.2
b[321] = -3716.67
b[322] = 1197.72
b[323] = -1.09364e+07
b[324] = -230.604
b[325] = 0
b[326] = -959.313
b[327] = -1929.2
b[328] = -2013.08
b[329] = -3262.88
b[330] = 37.0908
b[331] = -187.254
b[332] = -3776.9
b[333] = -3878.26
b[334] = 0
b[335] = -1.16301e+07
b[336] = -464.935
b[337] = 0
b[338] = -1001.02
b[339] = -2013.08
b[340] = 2779.3
b[341] = 944.108
b[342] = -2437.77
b[343] = 3001.23
b[344] = 1784.01
b[345] = -2585.51
b[346] = 3119.36
b[347] = -7.75027e+06
b[348] = 2809.4
b[349] = 0
b[350] = -667.348
b[351] = 672.25
b[352] = 1737.08
b[353] = -801.673
b[354] = -3351.93
b[355] = 2026.87
b[356] = 353.195
b[357] = -3555.08
b[358] = 2189.3
b[359] = -1.05751e+07
b[360] = 1764.97
b[361] = 0
b[362] = -917.604
b[363] = -1175.48
b[364] = -1767.39
b[365] = -1767.39
b[366] = 20.0909
b[367] = -1795.89
b[368] = -864.084
b[369] = -2100.73
b[370] = 220.885
b[371] = -6.34122e+06
b[372] = -31.8875
b[373] = 0
b[374] = -542.22
b[375] = -1090.42
b[376] = -331.991
b[377] = -2311.2
b[378] = 1120.21
b[379] = -2368.2
b[380] = -331.991
b[381] = -2350.28
b[382] = 1093.94
b[383] = -8.44593e+06
b[384] = -333.99
b[385] = 0
b[386] = -709.057
b[387] = -1425.93
b[388] = 532.804
b[389] = 532.804
b[390] = -1083.05
b[391] = 532.804
b[392] = 532.804
b[393] = -5879.08
b[394] = 2844.01
b[395] = -8.44653e+06
b[396] = -2947.46
b[397] = 0
b[398] = 532.804
b[399] = 2960.7
b[400] = 748.638
b[401] = 2338.54
b[402] = 720.14
b[403] = 1564.34
b[404] = -786.9
b[405] = 0
b[406] = -9.16534e+06
b[407] = 2964.61
b[408] = 0
b[409] = -792.476
b[410] = 1446.03
b[411] = -67.4835
b[412] = 1601.13
b[413] = -95.9812
b[414] = 490.627
b[415] = -1106.67
b[416] = 0
b[417] = -6.33989e+06
b[418] = 1447.14
b[419] = 0
b[420] = -542.22
b[421] = -451.823
b[422] = 2779.3
b[423] = 944.108
b[424] = -2437.77
b[425] = 3001.23
b[426] = 1784.01
b[427] = -2585.51
b[428] = 3119.36
b[429] = -7.75027e+06
b[430] = 2809.4
b[431] = 0
b[432] = -667.348
b[433] = 672.25
b[434] = -2600.05
b[435] = -2311.2
b[436] = 26.2727
b[437] = -2368.2
b[438] = -1418.81
b[439] = -2747.1
b[440] = 0
b[441] = -8.44702e+06
b[442] = -333.99
b[443] = 0
b[444] = -709.057
b[445] = -1425.93
b[446] = 658.17
b[447] = 658.17
b[448] = -1337.89
b[449] = 658.17
b[450] = 658.17
b[451] = -5954.5
b[452] = 3513.19
b[453] = -1.02175e+07
b[454] = -3620.28
b[455] = 0
b[456] = 658.17
b[457] = 658.17
b[458] = -3220.63
b[459] = -1761.44
b[460] = 32.4545
b[461] = -163.847
b[462] = -1761.44
b[463] = -3393.48
b[464] = 1093.57
b[465] = -1.02181e+07
b[466] = -215.74
b[467] = 0
b[468] = -875.895
b[469] = -1761.44
b[470] = -3373.99
b[471] = 38671.3
b[472] = 36580.2
b[473] = 38671.3
b[474] = -1845.32
b[475] = 36377
b[476] = 41662.2
b[477] = -1.05426e+07
b[478] = 38611.6
b[479] = 29496.5
b[480] = 38671.3
b[481] = 38671.3
b[482] = 689.511
b[483] = 689.511
b[484] = -1401.6
b[485] = 689.511
b[486] = 689.511
b[487] = -5984.03
b[488] = 3680.48
b[489] = -1.05766e+07
b[490] = -3780.48
b[491] = 0
b[492] = 689.511
b[493] = 689.511
b[494] = -3220.63
b[495] = -1761.44
b[496] = 32.4545
b[497] = -163.847
b[498] = -1761.44
b[499] = -3393.48
b[500] = 1093.57
b[501] = -1.02181e+07
b[502] = -215.74
b[503] = 0
b[504] = -875.895
b[505] = -1761.44
b[506] = -3547.94
b[507] = -26.2405
b[508] = -1465.3
b[509] = -600.467
b[510] = 401.208
b[511] = -2424.78
b[512] = 3100.68
b[513] = -1.09358e+07
b[514] = -85.9009
b[515] = 0
b[516] = -26.2405
b[517] = -26.2405
b[518] = -3680.72
b[519] = -187.254
b[520] = 37.0908
b[521] = -187.254
b[522] = -2013.08
b[523] = -2690.08
b[524] = 3075.62
b[525] = -1.16301e+07
b[526] = -245.494
b[527] = 0
b[528] = -187.254
b[529] = -187.254
b[530] = 2605.59
b[531] = 653.144
b[532] = -2590.13
b[533] = 2838.83
b[534] = 1545.54
b[535] = -2747.1
b[536] = 2964.35
b[537] = -8.44406e+06
b[538] = 2630.36
b[539] = 0
b[540] = -709.057
b[541] = 364.295
b[542] = -2147.09
b[543] = -1174.29
b[544] = 21.6363
b[545] = -109.232
b[546] = -1174.29
b[547] = -2262.32
b[548] = 729.049
b[549] = -7.03507e+06
b[550] = -148.798
b[551] = 0
b[552] = -583.93
b[553] = -1174.29
b[554] = -3398.83
b[555] = -2974.05
b[556] = -970.163
b[557] = -3398.83
b[558] = -5236.15
b[559] = -4039.86
b[560] = 424.778
b[561] = -1.19888e+07
b[562] = -56.7328
b[563] = 0
b[564] = -1042.73
b[565] = -2413.7
b[566] = -2453.81
b[567] = -1342.05
b[568] = 24.7272
b[569] = -124.836
b[570] = -1342.05
b[571] = -2585.51
b[572] = 833.199
b[573] = -7.75339e+06
b[574] = -163.663
b[575] = 0
b[576] = -667.348
b[577] = -1342.05
b[578] = -8083.54
b[579] = -2311.2
b[580] = -1083.05
b[581] = -2095.82
b[582] = -1425.93
b[583] = -2747.1
b[584] = 0
b[585] = -8.45084e+06
b[586] = -333.99
b[587] = -15173.2
b[588] = -709.057
b[589] = -8083.54
b[590] = 2223.86
b[591] = -104.63
b[592] = 2462.47
b[593] = -118.879
b[594] = 754.001
b[595] = -1703.38
b[596] = 0
b[597] = -9.5245e+06
b[598] = 2230.72
b[599] = 0
b[600] = -834.185
b[601] = -666.327
b[602] = -2447.11
b[603] = -2175.25
b[604] = 24.7272
b[605] = -2203.75
b[606] = -1335.35
b[607] = -2585.51
b[608] = 0
b[609] = -7.75339e+06
b[610] = -309.957
b[611] = 0
b[612] = -667.348
b[613] = -1342.05
b[614] = 595.487
b[615] = 595.487
b[616] = -1210.47
b[617] = 595.487
b[618] = 595.487
b[619] = -48009.5
b[620] = 3178.6
b[621] = -9.16478e+06
b[622] = -3267.87
b[623] = 0
b[624] = 595.487
b[625] = -2990.97
b[626] = -2617.16
b[627] = -998.886
b[628] = 211.375
b[629] = -4607.81
b[630] = -3555.08
b[631] = 373.805
b[632] = -1.05769e+07
b[633] = -50.5215
b[634] = 0
b[635] = -917.604
b[636] = -2617.16
b[637] = 44064.5
b[638] = -2311.2
b[639] = 44589.4
b[640] = -2368.2
b[641] = 44064.5
b[642] = 42046.2
b[643] = 45490.5
b[644] = -8.40153e+06
b[645] = 43766.9
b[646] = 40889.6
b[647] = 41002.3
b[648] = 42876.5
b[649] = -1258.17
b[650] = -2039.3
b[651] = 23.1818
b[652] = -2082.04
b[653] = -1251.89
b[654] = -2423.91
b[655] = 0
b[656] = -7.39423e+06
b[657] = -293.381
b[658] = 0
b[659] = -625.639
b[660] = -1258.17
b[661] = 720.853
b[662] = 720.853
b[663] = -1465.3
b[664] = 720.853
b[665] = 720.853
b[666] = -1677.69
b[667] = 3847.78
b[668] = 661.192
b[669] = -8326.35
b[670] = 720.853
b[671] = -10936.5
b[672] = -3987.45
b[673] = 1384.23
b[674] = 40.1817
b[675] = 1384.23
b[676] = -2180.83
b[677] = -1327.16
b[678] = 4919.01
b[679] = -1.23484e+07
b[680] = 1317.11
b[681] = -9458.72
b[682] = 1384.23
b[683] = 1384.23
b[684] = 407.439
b[685] = 407.439
b[686] = -828.216
b[687] = 407.439
b[688] = 407.439
b[689] = -5803.66
b[690] = 2174.83
b[691] = -6.34106e+06
b[692] = -2242.65
b[693] = 0
b[694] = 407.439
b[695] = -10580.9
b[696] = 793.525
b[697] = 2414.16
b[698] = 989.574
b[699] = 1991.25
b[700] = -1130
b[701] = 3920.45
b[702] = -1.09325e+07
b[703] = 1208.88
b[704] = -54270.2
b[705] = -959.313
b[706] = -10936.5
b[707] = -1375.44
b[708] = -1375.44
b[709] = -3656.65
b[710] = 1702.08
b[711] = -123.744
b[712] = -3878.26
b[713] = 1887.43
b[714] = -1.16282e+07
b[715] = 1414.34
b[716] = 0
b[717] = -1001.02
b[718] = -1375.44
b[719] = -3398.83
b[720] = -2974.05
b[721] = -1135.1
b[722] = 240.199
b[723] = -3398.83
b[724] = -4039.86
b[725] = 424.778
b[726] = -1.19888e+07
b[727] = -56.7328
b[728] = 0
b[729] = -3398.83
b[730] = -3398.83
b[731] = -3534.78
b[732] = 249.807
b[733] = 2775.62
b[734] = 249.807
b[735] = -5445.59
b[736] = -1437.05
b[737] = 3784.59
b[738] = -1.2348e+07
b[739] = 1207.22
b[740] = 0
b[741] = 1274.34
b[742] = 1274.34
b[743] = 16532.7
b[744] = 14762.1
b[745] = 17157.8
b[746] = 15087.2
b[747] = 16532.7
b[748] = 11918.6
b[749] = 19384.5
b[750] = -1.58712e+07
b[751] = 9762.27
b[752] = -1418.11
b[753] = 10850.8
b[754] = 940.243
b[755] = 940.243
b[756] = -1911.27
b[757] = 940.243
b[758] = 940.243
b[759] = -6772.04
b[760] = 5018.84
b[761] = -3738.11
b[762] = 940.243
b[763] = 10494.3
b[764] = 20406.5
b[765] = 23718.2
b[766] = 20864.7
b[767] = 22854
b[768] = 16475.8
b[769] = 26796.2
b[770] = -2.18708e+07
b[771] = 21265.3
b[772] = -21561.1
b[773] = -1960.34
b[774] = 14999.6
b[775] = -3774.52
b[776] = -3774.52
b[777] = -351.101
b[778] = -3774.52
b[779] = 2343.37
b[780] = -2.08448e+07
b[781] = -15305.6
b[782] = -18826
b[783] = -3774.52
b[784] = -937.385
b[785] = -6525.75
b[786] = 74.1817
b[787] = -6525.75
b[788] = -4006.04
b[789] = -5914.72
b[790] = 0
b[791] = -3.84837e+07
b[792] = -907.498
b[793] = 0
b[794] = -2002.04
b[795] = 1347.68
b[796] = 1347.68
b[797] = -2739.48
b[798] = 1347.68
b[799] = 1347.68
b[800] = -3136.54
b[801] = 1243.28
b[802] = 0
b[803] = 1347.68
b[804] = -20446.6
b[805] = 14179.2
b[806] = 14179.2
b[807] = 12421.6
b[808] = 14179.2
b[809] = 14179.2
b[810] = 10633.6
b[811] = 14097.2
b[812] = 0
b[813] = 14179.2
b[814] = -16167.1
b[815] = -3606.76
b[816] = -3606.76
b[817] = -335.497
b[818] = -3606.76
b[819] = 2239.22
b[820] = -2.01265e+07
b[821] = -14625.3
b[822] = -28765.2
b[823] = -3606.76
b[824] = -185.197
b[825] = -3328.65
b[826] = 136.938
b[827] = -3328.65
b[828] = -1922.63
b[829] = -4363.05
b[830] = 0
b[831] = -2.16471e+07
b[832] = -172.58
b[833] = 0
b[834] = -1126.15
b[835] = -566.337
b[836] = -3942.64
b[837] = 44.8181
b[838] = -214.112
b[839] = -2420.31
b[840] = -6966.88
b[841] = 0
b[842] = -1.37603e+07
b[843] = -4017.22
b[844] = -6661.7
b[845] = -6661.7
b[846] = -26788.5
b[847] = -6040.89
b[848] = -4110.03
b[849] = -27240.9
b[850] = -22242.9
b[851] = 0
b[852] = -2043.75
b[853] = -23299.6
b[854] = -3858.4
b[855] = -9213.91
b[856] = -1202.29
b[857] = -9199.67
b[858] = -3858.4
b[859] = -7433.34
b[860] = 2395.45
b[861] = -2.15414e+07
b[862] = 0
b[863] = -1918.63
b[864] = 11260
b[865] = 11260
b[866] = 11260
b[867] = 11260
b[868] = 14930.7
b[869] = -1.2696e+07
b[870] = 0
b[871] = -8878.54
b[872] = 11260
b[873] = 1734.6
b[874] = 27587
b[875] = 29656
b[876] = 8721.53
b[877] = 9345.91
b[878] = 22637.8
b[879] = 34112.7
b[880] = -2.22226e+07
b[881] = 27765
b[882] = -31002.8
b[883] = -10985.1
b[884] = 3235.14
b[885] = -4214.55
b[886] = -4214.55
b[887] = -1974.98
b[888] = -3821.79
b[889] = -2600.22
b[890] = -5009.42
b[891] = -24194.2
b[892] = -1292.99
b[893] = -14740.6
b[894] = 814.877
b[895] = 814.877
b[896] = -1656.43
b[897] = 814.877
b[898] = 814.877
b[899] = -7072.04
b[900] = 4349.66
b[901] = -1.23476e+07
b[902] = -4453.3
b[903] = 814.877
b[904] = 16532.7
b[905] = 14762.1
b[906] = 15087.2
b[907] = 16532.7
b[908] = 19384.5
b[909] = -1.58712e+07
b[910] = 9762.27
b[911] = -1418.11
b[912] = 10850.8
b[913] = -164.089
b[914] = -3534.78
b[915] = 146.115
b[916] = -3205.37
b[917] = -2074.9
b[918] = -4201.45
b[919] = 343.661
b[920] = -1.23483e+07
b[921] = -154.425
b[922] = 0
b[923] = -1084.44
b[924] = -2180.83
b[925] = -282.111
b[926] = -2521.64
b[927] = -6703.86
b[928] = 1673.45
b[929] = -282.111
b[930] = -7110.15
b[931] = 3460.3
b[932] = -833.737
b[933] = 0
b[934] = -1835.21
b[935] = -2521.64
b[936] = 12156.4
b[937] = 10854.5
b[938] = 12616.1
b[939] = 11093.6
b[940] = 12156.4
b[941] = 8763.71
b[942] = 14253.3
b[943] = -1.1975e+07
b[944] = 11303.7
b[945] = -11468.6
b[946] = -1042.73
b[947] = 7978.52
b[948] = -6661.7
b[949] = -6661.7
b[950] = -3121.74
b[951] = -6040.89
b[952] = -4110.03
b[953] = -7918.12
b[954] = -38242.4
b[955] = -2043.75
b[956] = -23299.6
b[957] = 1473.05
b[958] = 1473.05
b[959] = -2994.32
b[960] = 1473.05
b[961] = 1473.05
b[962] = -3428.31
b[963] = 7862.84
b[964] = 1361.18
b[965] = -17014.7
b[966] = 1473.05
b[967] = -15510
b[968] = -301.346
b[969] = -2693.57
b[970] = -7160.94
b[971] = 1787.55
b[972] = -301.346
b[973] = -7594.93
b[974] = 3696.22
b[975] = -2576.88
b[976] = 0
b[977] = -1960.34
b[978] = -2693.57
b[979] = -358.79
b[980] = -4894.31
b[981] = 70.7233
b[982] = -4550.06
b[983] = -3004.53
b[984] = -5481.43
b[985] = 1889.78
b[986] = -1.69434e+07
b[987] = 0
b[988] = -1501.53
b[989] = -3004.53
b[990] = -3271.25
b[991] = -3271.25
b[992] = -304.288
b[993] = -3271.25
b[994] = 2030.92
b[995] = -1.83554e+07
b[996] = -14188.1
b[997] = -27012.6
b[998] = -3271.25
b[999] = -4758.36
b[1000] = -4758.36
b[1001] = -6137.54
b[1002] = -7330.61
b[1003] = 0
b[1004] = -1.65842e+07
b[1005] = 0
b[1006] = -4758.36
b[1007] = 883.798
b[1008] = -497.271
b[1009] = 2643.01
b[1010] = -221.495
b[1011] = 883.798
b[1012] = -3605.77
b[1013] = 0
b[1014] = -1.41195e+07
b[1015] = -571.847
b[1016] = -497.271
b[1017] = -3806.69
b[1018] = -3806.69
b[1019] = -1783.85
b[1020] = -3451.94
b[1021] = -2348.59
b[1022] = -4524.64
b[1023] = -24991.1
b[1024] = -1167.86
b[1025] = -13314.1
b[1026] = 783.536
b[1027] = 783.536
b[1028] = -1592.72
b[1029] = 783.536
b[1030] = 783.536
b[1031] = -6800.04
b[1032] = 4182.36
b[1033] = -1.19885e+07
b[1034] = -4293.1
b[1035] = 783.536
b[1036] = -217.995
b[1037] = -1948.54
b[1038] = -5180.25
b[1039] = 1293.12
b[1040] = -217.995
b[1041] = -5494.21
b[1042] = 2673.86
b[1043] = -316.435
b[1044] = 0
b[1045] = -1948.54
b[1046] = -683.51
b[1047] = -4758.36
b[1048] = 54.0908
b[1049] = -4772.61
b[1050] = -2921.07
b[1051] = -5655.8
b[1052] = 0
b[1053] = -2.8061e+07
b[1054] = -669.641
b[1055] = 0
b[1056] = -1459.82
b[1057] = -3534.78
b[1058] = -3093.01
b[1059] = -1180.5
b[1060] = 249.807
b[1061] = -5445.59
b[1062] = -4201.45
b[1063] = 441.769
b[1064] = -1.2348e+07
b[1065] = 0
b[1066] = -5445.59
b[1067] = -3534.78
b[1068] = 26516.6
b[1069] = 24329.5
b[1070] = 24731.1
b[1071] = 26516.6
b[1072] = 30039.5
b[1073] = -1.94028e+07
b[1074] = 12059.3
b[1075] = -1751.79
b[1076] = 23581.4
b[1077] = -859.27
b[1078] = -5981.94
b[1079] = 67.9998
b[1080] = -5981.94
b[1081] = -3672.2
b[1082] = -5885.04
b[1083] = 0
b[1084] = -3.52767e+07
b[1085] = -833.737
b[1086] = 0
b[1087] = -1835.21
b[1088] = 846.219
b[1089] = 846.219
b[1090] = -1720.14
b[1091] = 846.219
b[1092] = 846.219
b[1093] = -7344.04
b[1094] = 4516.95
b[1095] = -1.27068e+07
b[1096] = -4613.51
b[1097] = -2767.98
b[1098] = -59523.9
b[1099] = -862.514
b[1100] = -59222.2
b[1101] = -2767.98
b[1102] = -5332.61
b[1103] = 1718.47
b[1104] = -1.55315e+07
b[1105] = -629.032
b[1106] = 0
b[1107] = -1376.41
b[1108] = -3690.64
b[1109] = -5981.94
b[1110] = 67.9998
b[1111] = -5953.44
b[1112] = -3690.64
b[1113] = -5885.04
b[1114] = 2291.3
b[1115] = -2.04856e+07
b[1116] = 0
b[1117] = -1835.21
b[1118] = -3690.64
b[1119] = 19600.7
b[1120] = 19600.7
b[1121] = 17171.1
b[1122] = 19600.7
b[1123] = 19600.7
b[1124] = 14699.4
b[1125] = 19488.9
b[1126] = 0
b[1127] = 19600.7
b[1128] = -22348.6
b[1129] = -898.328
b[1130] = -6253.84
b[1131] = 71.0908
b[1132] = -6239.6
b[1133] = -898.328
b[1134] = -5695.4
b[1135] = 5355.52
b[1136] = -2.15384e+07
b[1137] = -874.346
b[1138] = 0
b[1139] = -898.328
b[1140] = -898.328
b[1141] = -5166.22
b[1142] = -5166.22
b[1143] = -2420.94
b[1144] = -4684.77
b[1145] = -3187.37
b[1146] = -6140.58
b[1147] = -33916.5
b[1148] = -1584.95
b[1149] = -18069.1
b[1150] = -800.683
b[1151] = -5574.08
b[1152] = -5545.58
b[1153] = -3439.01
b[1154] = 2135.07
b[1155] = -1.90737e+07
b[1156] = 0
b[1157] = -1710.08
b[1158] = -230.818
b[1159] = -2063.16
b[1160] = -5484.97
b[1161] = 1369.19
b[1162] = -230.818
b[1163] = -5817.4
b[1164] = 2831.15
b[1165] = -667.065
b[1166] = 0
b[1167] = -1501.53
b[1168] = -2063.16
b[1169] = 908.901
b[1170] = 908.901
b[1171] = -1847.56
b[1172] = 908.901
b[1173] = 908.901
b[1174] = -7888.04
b[1175] = 4851.54
b[1176] = -1.37595e+07
b[1177] = -4965.92
b[1178] = 908.901
b[1179] = 1535.73
b[1180] = 1535.73
b[1181] = -3121.74
b[1182] = 1535.73
b[1183] = 1535.73
b[1184] = -3574.2
b[1185] = 8197.43
b[1186] = 1423.87
b[1187] = 0
b[1188] = 1535.73
b[1189] = -12217
b[1190] = -527.279
b[1191] = -3670.73
b[1192] = 41.7272
b[1193] = -3670.73
b[1194] = -2253.4
b[1195] = -4363.05
b[1196] = 1417.34
b[1197] = -1.27147e+07
b[1198] = -514.662
b[1199] = 0
b[1200] = -1126.15
b[1201] = -3942.64
b[1202] = -1847.56
b[1203] = -3575.22
b[1204] = -4686.24
b[1205] = -9.48259e+06
b[1206] = -2.32506e+07
b[1207] = -9.48314e+06
b[1208] = 13615.1
b[1209] = 12157
b[1210] = 12424.8
b[1211] = 13615.1
b[1212] = 15963.7
b[1213] = -1.33852e+07
b[1214] = 8039.52
b[1215] = -1167.86
b[1216] = 8935.94
b[1217] = -140.616
b[1218] = -140.616
b[1219] = 1938.07
b[1220] = -4438.2
b[1221] = -140.616
b[1222] = -3894.85
b[1223] = -4157.32
b[1224] = -2.88628e+07
b[1225] = -230.107
b[1226] = 783.536
b[1227] = 783.536
b[1228] = -1592.72
b[1229] = 783.536
b[1230] = 783.536
b[1231] = -6800.04
b[1232] = 4182.36
b[1233] = -1.19885e+07
b[1234] = -4293.1
b[1235] = 783.536
b[1236] = 11670.1
b[1237] = 10420.3
b[1238] = 10649.8
b[1239] = 11670.1
b[1240] = -8319.94
b[1241] = -1001.02
b[1242] = 7659.38
b[1243] = -2038.68
b[1244] = -7223.51
b[1245] = -3997.99
b[1246] = 1002.93
b[1247] = -468.693
b[1248] = -3262.88
b[1249] = -177.196
b[1250] = -2232.52
b[1251] = 0
b[1252] = -1.16301e+07
b[1253] = 0
b[1254] = -3262.88
b[1255] = -185.197
b[1256] = -3670.73
b[1257] = -3328.65
b[1258] = -2169.5
b[1259] = 342.082
b[1260] = -1.27076e+07
b[1261] = 0
b[1262] = -1126.15
b[1263] = 12511.1
b[1264] = 10960.3
b[1265] = 12511.1
b[1266] = 9382.57
b[1267] = 0
b[1268] = 12511.1
b[1269] = -14265.1
b[1270] = -1274.18
b[1271] = 626.829
b[1272] = -5935.64
b[1273] = 3345.89
b[1274] = -3428.08
b[1275] = 1.68366e+07
b[1276] = 2.24488e+07
b[1277] = -205.775
b[1278] = -3698.5
b[1279] = -3698.5
b[1280] = -2136.26
b[1281] = -3477.01
b[1282] = -2.40523e+07
b[1283] = -1251.28
b[1284] = -488.222
b[1285] = -3398.83
b[1286] = -184.579
b[1287] = -2086.48
b[1288] = 0
b[1289] = -2.00436e+07
b[1290] = -5309.55
b[1291] = -527.279
b[1292] = -3670.73
b[1293] = 41.7272
b[1294] = -199.346
b[1295] = -2253.4
b[1296] = -4363.05
b[1297] = 0
b[1298] = -1.27123e+07
b[1299] = -3737.85
b[1300] = 0
b[1301] = 12511.1
b[1302] = 960.45
b[1303] = -683.51
b[1304] = -4758.36
b[1305] = 54.0908
b[1306] = -258.411
b[1307] = -2921.07
b[1308] = -5655.8
b[1309] = 0
b[1310] = -1.65904e+07
b[1311] = -4847.85
b[1312] = 11183.9
b[1313] = 9986.14
b[1314] = 10182.2
b[1315] = 11183.9
b[1316] = 6603.89
b[1317] = -959.313
b[1318] = -243.645
b[1319] = -243.645
b[1320] = -243.645
b[1321] = -243.645
b[1322] = 0
b[1323] = -2.64576e+07
b[1324] = 10697.6
b[1325] = 9551.96
b[1326] = 9762.33
b[1327] = 10697.6
b[1328] = -917.604
b[1329] = -2420.94
b[1330] = -8577.91
b[1331] = -4713.62
b[1332] = 1190.97
b[1333] = -121.873
b[1334] = -3262.88
b[1335] = -2958.8
b[1336] = -1885.7
b[1337] = 346.819
b[1338] = -1.92419e+07
b[1339] = -1001.02
b[1340] = -2102.39
b[1341] = -8976.05
b[1342] = -5638.73
b[1343] = 53211.3
b[1344] = 53211.3
b[1345] = 0
b[1346] = -2.48541e+07
b[1347] = 13615.1
b[1348] = 12157
b[1349] = 12424.8
b[1350] = 13615.1
b[1351] = 8039.52
b[1352] = -1167.86
b[1353] = 15073.9
b[1354] = 13459.6
b[1355] = 13756
b[1356] = 15073.9
b[1357] = -14221.1
b[1358] = -1292.99
b[1359] = 9893.36
b[1360] = 14587.6
b[1361] = 13025.4
b[1362] = 14587.6
b[1363] = 8613.77
b[1364] = -1251.28
b[1365] = 16532.7
b[1366] = 16532.7
b[1367] = -15597.4
b[1368] = -1418.11
b[1369] = 10850.8
b[1370] = 7434.69
b[1371] = 6028.67
b[1372] = 6275.54
b[1373] = -2264.71
b[1374] = -1126.15
b[1375] = -23413.7
b[1376] = -1251.28
b[1377] = -14265.1
b[1378] = 16167.1
b[1379] = -1934.15
b[1380] = -273.177
b[1381] = -9640.97
b[1382] = 0
b[1383] = -1.73091e+07
b[1384] = -5888.47
b[1385] = 16532.7
b[1386] = 14762.1
b[1387] = 15087.2
b[1388] = 16532.7
b[1389] = 19384.5
b[1390] = -1.58712e+07
b[1391] = 9762.27
b[1392] = -1418.11
b[1393] = -3262.88
b[1394] = -2013.08
b[1395] = -21420.9
b[1396] = -1001.02
b[1397] = -11412.1
b[1398] = 1.68366e+07
b[1399] = 2248.55
b[1400] = 842.526
b[1401] = 2229
b[1402] = 1100.71
b[1403] = 2248.55
b[1404] = -1810.09
b[1405] = 0
b[1406] = -1.27108e+07
b[1407] = 938.469
b[1408] = 10697.6
b[1409] = 9551.96
b[1410] = 9762.33
b[1411] = 10697.6
b[1412] = 6316.76
b[1413] = -917.604
b[1414] = -353.106
b[1415] = -4622.41
b[1416] = -4297.28
b[1417] = -2837.61
b[1418] = 1784.8
b[1419] = -1.58996e+07
b[1420] = 0
b[1421] = -1418.11
b[1422] = 1607.46
b[1423] = -98.1904
b[1424] = -514.662
b[1425] = 4173.82
b[1426] = 843.103
b[1427] = -406.695
b[1428] = -177.196
b[1429] = 843.103
b[1430] = 0
b[1431] = -1.92419e+07
b[1432] = -311.565
b[1433] = -4078.59
b[1434] = -3698.5
b[1435] = -2516.35
b[1436] = 1562.25
b[1437] = -1.41195e+07
b[1438] = 0
b[1439] = -1251.28
b[1440] = -7318.91
b[1441] = 1128.29
b[1442] = 1128.29
b[1443] = -2293.52
b[1444] = 1128.29
b[1445] = 1128.29
b[1446] = -9792.05
b[1447] = 6022.6
b[1448] = -6151.35
b[1449] = 1128.29
b[1450] = 0
b[1451] = 0
b[1452] = 0
b[1453] = 0
b[1454] = 0
b[1455] = 0
b[1456] = 0
b[1457] = 0
b[1458] = 0
b[1459] = 0
b[1460] = 0
b[1461] = 0
b[1462] = 0
b[1463] = 0
b[1464] = 0
b[1465] = 0
b[1466] = 0
b[1467] = 0
b[1468] = 1282.4
b[1469] = 0
b[1470] = 1282.4
b[1471] = 0
b[1472] = 1282.4
b[1473] = 1282.4
b[1474] = 0
b[1475] = 0
b[1476] = 0
b[1477] = 0
b[1478] = 0
b[1479] = 0
b[1480] = 0
b[1481] = 0
b[1482] = 0
b[1483] = 0
b[1484] = 0
b[1485] = 0
b[1486] = 0
b[1487] = 0
b[1488] = 0
b[1489] = 0
b[1490] = 0
b[1491] = 0
b[1492] = 1.00343e+07
b[1493] = 1.00343e+07
b[1494] = 1.00343e+07
b[1495] = 1.00343e+07
b[1496] = 1.00343e+07
b[1497] = 1.00343e+07
b[1498] = 959.783
b[1499] = 959.783
b[1500] = 223.727
b[1501] = 223.727
b[1502] = 0
b[1503] = 0
b[1504] = 0
b[1505] = 0
b[1506] = 0
b[1507] = 0
b[1508] = 0
b[1509] = 0
b[1510] = 0
b[1511] = 0
b[1512] = 0
b[1513] = 0
b[1514] = 0
b[1515] = 0
b[1516] = 0
b[1517] = 0
b[1518] = 0
b[1519] = 0
b[1520] = 0
b[1521] = 0
b[1522] = 0
b[1523] = 0
b[1524] = 0
b[1525] = 0
b[1526] = 0
b[1527] = 0
b[1528] = 0
b[1529] = 0
b[1530] = 0
b[1531] = 0
b[1532] = 0
b[1533] = 0
b[1534] = 0
b[1535] = 0
b[1536] = 0
b[1537] = 0
b[1538] = 0
b[1539] = 0
b[1540] = 0
b[1541] = 0
b[1542] = 0
b[1543] = 0
b[1544] = 0
b[1545] = 0
b[1546] = 0
b[1547] = 0
b[1548] = 0
b[1549] = 0
b[1550] = 0
b[1551] = 0
b[1552] = 484449
b[1553] = 484449
b[1554] = 484449
b[1555] = 484449
b[1556] = 484449
b[1557] = 484449
b[1558] = 0
b[1559] = -3.41165e+08
b[1560] = -3.41167e+08
b[1561] = -3.41167e+08
b[1562] = 0
b[1563] = -3.41167e+08
b[1564] = 0
b[1565] = 0
b[1566] = 0
b[1567] = 0
b[1568] = 0
b[1569] = 0
b[1570] = 0
b[1571] = 0
b[1572] = 0
b[1573] = 484449
b[1574] = 0
b[1575] = 484449
b[1576] = 0
b[1577] = 484449
b[1578] = 0
b[1579] = 0
b[1580] = 0
b[1581] = 0
b[1582] = -161.483
b[1583] = -161.483
b[1584] = -161.483
b[1585] = -161.483
b[1586] = -161.483
b[1587] = -161.483
b[1588] = -671.43
b[1589] = -161.483
b[1590] = -161.483
b[1591] = -161.483
b[1592] = -161.483
b[1593] = -161.483
b[1594] = -161.483
b[1595] = -161.483
b[1596] = -161.483
b[1597] = -161.483
b[1598] = -161.483
b[1599] = -161.483
b[1600] = -671.43
b[1601] = 358962
b[1602] = -161.483
b[1603] = -161.483
b[1604] = -161.483
b[1605] = -161.483
b[1606] = -161.483
b[1607] = -161.483
b[1608] = -161.483
b[1609] = -161.483
b[1610] = -671.43
b[1611] = 358962
b[1612] = -161.483
b[1613] = -161.483
b[1614] = -161.483
b[1615] = -161.483
b[1616] = -161.483
b[1617] = -161.483
b[1618] = -161.483
b[1619] = -161.483
b[1620] = -161.483
b[1621] = -671.43
b[1622] = 358962
b[1623] = -161.483
b[1624] = -161.483
b[1625] = -161.483
b[1626] = -161.483
b[1627] = -161.483
b[1628] = -161.483
b[1629] = -161.483
b[1630] = -161.483
b[1631] = -161.483
b[1632] = -161.483
b[1633] = -671.43
b[1634] = 358962
b[1635] = -161.483
b[1636] = -161.483
b[1637] = -161.483
b[1638] = -161.483
b[1639] = -161.483
b[1640] = -161.483
b[1641] = -161.483
b[1642] = -161.483
b[1643] = -161.483
b[1644] = -161.483
b[1645] = -671.43
b[1646] = 358962
b[1647] = -161.483
v:
v[0] = -2477.41
v[1] = -4033.61
v[2] = -2689.07
v[3] = -538.947
v[4] = -3625.82
v[5] = -2352.94
v[6] = -12265.6
v[7] = -3706.69
v[8] = -3474.75
v[9] = -3474.75
v[10] = -2417.21
v[11] = -99.2804
v[12] = -4212.15
v[13] = -3193.27
v[14] = 1399.52
v[15] = -4000.9
v[16] = -3706.69
v[17] = -3538.21
v[18] = -2184.87
v[19] = -3927.97
v[20] = -3193.27
v[21] = 107.208
v[22] = -2833.97
v[23] = -3875.18
v[24] = -3875.18
v[25] = -4033.61
v[26] = 430.285
v[27] = -1508.18
v[28] = -1963.99
v[29] = -2857.14
v[30] = -2833.97
v[31] = -43.213
v[32] = -648.419
v[33] = 430.285
v[34] = -2857.14
v[35] = -3500.79
v[36] = -3538.21
v[37] = -3706.69
v[38] = -3667.49
v[39] = -3538.21
v[40] = -3834.2
v[41] = -4043.67
v[42] = 107.208
v[43] = -2358.81
v[44] = -3776.9
v[45] = -2695.78
v[46] = -8340.62
v[47] = -968.783
v[48] = -2689.07
v[49] = -3167.38
v[50] = -3323.67
v[51] = 41243.7
v[52] = -2521.01
v[53] = -3834.2
v[54] = -4380.64
v[55] = -2167.16
v[56] = -11284.4
v[57] = -2154.33
v[58] = -3776.9
v[59] = -3927.97
v[60] = 7077.48
v[61] = -5001.13
v[62] = 9783.58
v[63] = -7581.88
v[64] = -8067.22
v[65] = -7168.28
v[66] = 6640.57
v[67] = -7244.9
v[68] = -4207.04
v[69] = -4873.94
v[70] = -29554.1
v[71] = -10691.2
v[72] = 5273.39
v[73] = 1008.7
v[74] = -15209.4
v[75] = -4334.31
v[76] = 7077.48
v[77] = -4274.71
v[78] = -7394.95
v[79] = 5204.03
v[80] = -24040.6
v[81] = -7835.1
v[82] = -9585.11
v[83] = -6050.41
v[84] = -6570.96
v[85] = -5882.35
v[86] = -5042.01
v[87] = -13737.5
v[88] = -4167.61
v[89] = -5385.11
v[90] = -5882.35
v[91] = -3927.97
v[92] = 8742.77
v[93] = -7394.95
v[94] = -4501.02
v[95] = -7471.94
v[96] = -7394.95
v[97] = 9179.61
v[98] = -7731.08
v[99] = -18643.7
v[100] = -6890.75
v[101] = -6031.26
v[102] = -4834.42
v[103] = -8168.51
v[104] = -4537.81
v[105] = -9.48746e+06
v[106] = 5828.51
v[107] = -5594.3
v[108] = -4167.61
v[109] = 4995.87
v[110] = -5334.54
v[111] = -4033.61
v[112] = -4453.91
v[113] = 5859.33
v[114] = -3334.09
v[115] = -8519.02
v[116] = -4201.68
v[117] = -4537.81
v[118] = 5859.33
v[119] = -5882.35
v[120] = 4787.71
v[121] = -5546.21
v[122] = 4579.55
v[123] = -6334.76
v[124] = -3916.29
v[125] = -5501.24
v[126] = -5210.08
v[127] = 5828.51
v[128] = 6453
v[129] = 6244.84
v[130] = 7077.48
v[131] = 5620.35
v[132] = -14718.7
v[133] = -6218.48
v[134] = 7077.48
v[135] = -11775
v[136] = -3084.68
v[137] = 4579.55
v[138] = -5714.28
v[139] = -1173.41
v[140] = -4033.61
v[141] = -5042.01
v[142] = -6001.35
v[143] = -146.36
v[144] = -129.369
v[145] = -58.4877
v[146] = -119.807
v[147] = -76.8751
v[148] = -159.727
v[149] = -503.363
v[150] = -80.523
v[151] = -9.99172
v[152] = -356.794
v[153] = -411.354
v[154] = -146.36
v[155] = 0
v[156] = 0
v[157] = 0
v[158] = 0
v[159] = 0
v[160] = 0
v[161] = 0
v[162] = 0
v[163] = 0
v[164] = 0
v[165] = 0
v[166] = 0
v[167] = 1.1955e-11
v[168] = 2.32251e-12
v[169] = 1.36424e-12
v[170] = -2.00935e-12
v[171] = 3.2527e-12
v[172] = -0
v[173] = 0
v[174] = -334478
v[175] = -7.45755
v[176] = 4.7571e-12
v[177] = 0
v[178] = 1.12029e-11
v[179] = 0
v[180] = 0
v[181] = 0
v[182] = 3.58649e-10
v[183] = 0
v[184] = 0
v[185] = 7.9159e-11
v[186] = 6.96754e-11
v[187] = 0
v[188] = 0
v[189] = 0
v[190] = 0
v[191] = 4.09273e-11
v[192] = 0
v[193] = 0
v[194] = 0
v[195] = 4.09273e-11
v[196] = 0
v[197] = 0
v[198] = -6.02805e-11
v[199] = -0
v[200] = 0
v[201] = 0
v[202] = 0
v[203] = 0
v[204] = 0
v[205] = 0
v[206] = 9.75909e-11
v[207] = 1.21617e-10
v[208] = 0
v[209] = 0
v[210] = 0
v[211] = 0
v[212] = 0
v[213] = 0
v[214] = 0
v[215] = 0
v[216] = 0
v[217] = 0
v[218] = 0
v[219] = 0
v[220] = 0
v[221] = 0
v[222] = -69.7057
v[223] = 0
v[224] = 0
v[225] = 0
v[226] = 0
v[227] = 0
v[228] = 0
v[229] = 0
v[230] = 0
v[231] = 1.42713e-10
v[232] = 0
v[233] = 0
v[234] = 0
v[235] = 0
v[236] = 0
v[237] = 0
v[238] = 0
v[239] = 0
v[240] = 0
v[241] = 0
v[242] = 0
v[243] = 0
v[244] = 3.36086e-10
v[245] = 2.64701e-12
v[246] = 2.11354e-12
v[247] = 5.25543e-12
v[248] = 1.38973e-11
v[249] = 4.4697e-12
v[250] = 1.03584e-11
v[251] = 161.483
v[252] = 161.483
v[253] = 161.483
v[254] = 161.483
v[255] = 161.483
v[256] = 161.483
v[257] = 671.43
v[258] = -358962
v[259] = 161.483
v[260] = 161.483
v[261] = 161.483
v[262] = 161.483
v[263] = 6.43252e-12
v[264] = 0
v[265] = 6.43252e-12
v[266] = -9.80108e-12
v[267] = 0
v[268] = -1.03492e-11
v[269] = -1.43283e-11
v[270] = -1.39091e-11
v[271] = 0
v[272] = -1.08287e-11
v[273] = -1.08287e-11
v[274] = -2.22849e-11
v[275] = -0
v[276] = 4.35002e-12
v[277] = 1.50785e-12
v[278] = 0
v[279] = 0
v[280] = 1.50785e-12
v[281] = -0
v[282] = 2.72848e-12
v[283] = 0
v[284] = -0
v[285] = 0
v[286] = -0
v[287] = 4.41727e-12
v[288] = 4.41727e-12
v[289] = 4.41727e-12
v[290] = 0
v[291] = -1.08751e-12
v[292] = 0
v[293] = -0
v[294] = -0
v[295] = -0
v[296] = -0
v[297] = 0
v[298] = -0
v[299] = -6.12712e-14
v[300] = 4.63292e-12
v[301] = 9.26488e-13
v[302] = -1.22542e-13
v[303] = 0
v[304] = 0
v[305] = -359123
v[306] = 0
v[307] = 0
v[308] = -6.27417e-11
v[309] = -359123
v[310] = -1.25483e-10
v[311] = -0
v[312] = -1.39086e-11
v[313] = -0
v[314] = 0
v[315] = -5.70852e-12
v[316] = 0
v[317] = -0
v[318] = -0
v[319] = 0
v[320] = 0
v[321] = 0
v[322] = 0
v[323] = 0
v[324] = 2.58054e-12
v[325] = 0
v[326] = 2.02243e-13
v[327] = 0
v[328] = 1.2087e-12
v[329] = 0
v[330] = 0
v[331] = 0
v[332] = 0
v[333] = 0
v[334] = 0
v[335] = 0
v[336] = 0
v[337] = 0
v[338] = 0
v[339] = 0
v[340] = 0
v[341] = 0
v[342] = 0
v[343] = 0
v[344] = 0
v[345] = 0
v[346] = 6.11089e-09
v[347] = -1.02872e-08
v[348] = 1.43245e-09
v[349] = 0
v[350] = 4.19641e-09
v[351] = 0
v[352] = 484449
v[353] = -3.41167e+08
v[354] = 0
v[355] = 0
v[356] = 484449
v[357] = 1.98734e-08
v[358] = 0
v[359] = 0
v[360] = -3906.48
v[361] = 0
v[362] = 0
v[363] = -1606.35
v[364] = 0
v[365] = 0
v[366] = 0
v[367] = 0
v[368] = 0
v[369] = 0
v[370] = 0
v[371] = 0
v[372] = 0
v[373] = -10.058
v[374] = 0
v[375] = 0
v[376] = 0
v[377] = 0
v[378] = 0
v[379] = 0
v[380] = 0
v[381] = 0
v[382] = 0
v[383] = -181.497
v[384] = 0
v[385] = 0
v[386] = -1.20349e-08
v[387] = 0
v[388] = 0
v[389] = 0
v[390] = 0
v[391] = 0
v[392] = 0
v[393] = -1710.24
v[394] = 0
v[395] = 0
v[396] = -2564.71
v[397] = 0
v[398] = 0
v[399] = 0
v[400] = 0
v[401] = 0
v[402] = 0
v[403] = 0
v[404] = 0
v[405] = 0
v[406] = -1667.64
v[407] = -294.588
v[408] = 0
v[409] = 0
v[410] = 0
v[411] = 0
v[412] = 0
v[413] = 0
v[414] = 0
v[415] = 0
v[416] = -133.874
v[417] = 0
v[418] = 0
v[419] = 0
v[420] = 0
v[421] = 0
v[422] = 0
v[423] = 0
v[424] = -2756.19
v[425] = 0
v[426] = 0
v[427] = 0
v[428] = 0
v[429] = 0
v[430] = 0
v[431] = 0
v[432] = 0
v[433] = 0
v[434] = 0
v[435] = 4.29281e-10
v[436] = 0
v[437] = 0
v[438] = 0
v[439] = 0
v[440] = 0
v[441] = 0
v[442] = 0
v[443] = 0
v[444] = 0
v[445] = 0
v[446] = 0
v[447] = 0
v[448] = 0
v[449] = 0
v[450] = -3288.49
v[451] = 0
v[452] = 0
v[453] = 0
v[454] = 0
v[455] = 0
v[456] = 0
v[457] = 0
v[458] = 0
v[459] = 0
v[460] = -219.937
v[461] = -3288.49
v[462] = -282.314
v[463] = 0
v[464] = 0
v[465] = 0
v[466] = 0
v[467] = 0
v[468] = 0
v[469] = 0
v[470] = 0
v[471] = 0
v[472] = -2287.65
v[473] = -196.392
v[474] = 0
v[475] = 0
v[476] = 0
v[477] = 0
v[478] = 0
v[479] = 0
v[480] = 0
v[481] = 0
v[482] = 0
v[483] = 0
v[484] = -662.823
v[485] = -2925.93
v[486] = -1975.61
v[487] = 0
v[488] = 0
v[489] = 0
v[490] = 4.83851e-10
v[491] = 0
v[492] = 0
v[493] = 0
v[494] = 0
v[495] = 0
v[496] = 0
v[497] = 0
v[498] = 0
v[499] = 0
v[500] = 0
v[501] = 0
v[502] = 4.63842e-09
v[503] = 0
v[504] = -210.184
v[505] = 0
v[506] = 0
v[507] = 0
v[508] = 0
v[509] = 0
v[510] = 0
v[511] = 0
v[512] = 0
v[513] = 0
v[514] = -4719.14
v[515] = 0
v[516] = 0
v[517] = -3523.07
v[518] = 0
v[519] = 0
v[520] = 0
v[521] = 0
v[522] = 0
v[523] = 0
v[524] = 0
v[525] = 0
v[526] = 0
v[527] = 0
v[528] = 0
v[529] = 0
v[530] = 0
v[531] = 0
v[532] = 0
v[533] = -7774.1
v[534] = 4.29281e-10
v[535] = 0
v[536] = 0
v[537] = -28.4977
v[538] = 0
v[539] = 0
v[540] = 0
v[541] = 0
v[542] = 0
v[543] = 0
v[544] = 0
v[545] = 4.1473e-10
v[546] = 0
v[547] = 0
v[548] = 0
v[549] = 0
v[550] = 0
v[551] = 0
v[552] = 0
v[553] = 0
v[554] = 0
v[555] = 0
v[556] = 0
v[557] = 7.7307e-12
v[558] = 0
v[559] = -152.81
v[560] = 0
v[561] = 0
v[562] = 0
v[563] = 0
v[564] = 0
v[565] = 0
v[566] = 0
v[567] = 0
v[568] = 0
v[569] = 0
v[570] = 0
v[571] = -3717.42
v[572] = -319.137
v[573] = 0
v[574] = 0
v[575] = 0
v[576] = 0
v[577] = 0
v[578] = 0
v[579] = 0
v[580] = 4.44197e-09
v[581] = 0
v[582] = 0
v[583] = 0
v[584] = 0
v[585] = 0
v[586] = 0
v[587] = 0
v[588] = 0
v[589] = 0
v[590] = -4448.26
v[591] = 0
v[592] = 0
v[593] = -2884.17
v[594] = 0
v[595] = 0
v[596] = 0
v[597] = 0
v[598] = 0
v[599] = 0
v[600] = 0
v[601] = 0
v[602] = 0
v[603] = 0
v[604] = -3074.96
v[605] = 0
v[606] = 0
v[607] = -2636.64
v[608] = 0
v[609] = 0
v[610] = 4.42924e-10
v[611] = 0
v[612] = 0
v[613] = 0
v[614] = 0
v[615] = 0
v[616] = 0
v[617] = 0
v[618] = 0
v[619] = -8.36735e-10
v[620] = 0
v[621] = 4.51109e-10
v[622] = 0
v[623] = 0
v[624] = -14.2488
v[625] = 0
v[626] = 0
v[627] = 0
v[628] = 0
v[629] = 0
v[630] = 0
v[631] = 0
v[632] = 0
v[633] = 0
v[634] = 0
v[635] = 0
v[636] = -1773.88
v[637] = 0
v[638] = 0
v[639] = 0
v[640] = 0
v[641] = 0
v[642] = 0
v[643] = 0
v[644] = 0
v[645] = -4515.98
v[646] = 0
v[647] = 0
v[648] = -3043.89
v[649] = 0
v[650] = 0
v[651] = 0
v[652] = 0
v[653] = 0
v[654] = 0
v[655] = 0
v[656] = -4109.65
v[657] = 0
v[658] = 0
v[659] = -2085.53
v[660] = 0
v[661] = 0
v[662] = 0
v[663] = 0
v[664] = 0
v[665] = 0
v[666] = -220.885
v[667] = 0
v[668] = -373.694
v[669] = 0
v[670] = -159.569
v[671] = 0
v[672] = 0
v[673] = 0
v[674] = 0
v[675] = 0
v[676] = 0
v[677] = 0
v[678] = 0
v[679] = -219.557
v[680] = 0
v[681] = 0
v[682] = 0
v[683] = 0
v[684] = 0
v[685] = 0
v[686] = 0
v[687] = 0
v[688] = 0
v[689] = 0
v[690] = 0
v[691] = 0
v[692] = -3074.96
v[693] = 0
v[694] = 0
v[695] = -2636.64
v[696] = 0
v[697] = 0
v[698] = 0
v[699] = 0
v[700] = 0
v[701] = -28.4977
v[702] = 0
v[703] = -777.053
v[704] = -3150.06
v[705] = -2146.95
v[706] = 0
v[707] = 0
v[708] = 0
v[709] = 0
v[710] = 0
v[711] = 0
v[712] = 0
v[713] = -481.08
v[714] = -1536.45
v[715] = 0
v[716] = 0
v[717] = 0
v[718] = 0
v[719] = 0
v[720] = 0
v[721] = -4515.98
v[722] = 0
v[723] = 0
v[724] = -3043.89
v[725] = 0
v[726] = 0
v[727] = 0
v[728] = 0
v[729] = 0
v[730] = -1.45519e-11
v[731] = 0
v[732] = 0
v[733] = -219.557
v[734] = 0
v[735] = 0
v[736] = 0
v[737] = 0
v[738] = 0
v[739] = 0
v[740] = 0
v[741] = 0
v[742] = 0
v[743] = 0
v[744] = 0
v[745] = 0
v[746] = -2490.59
v[747] = 0
v[748] = 0
v[749] = -3241.15
v[750] = 0
v[751] = 0
v[752] = 4.07454e-10
v[753] = 0
v[754] = 0
v[755] = 0
v[756] = 0
v[757] = 0
v[758] = 0
v[759] = 0
v[760] = 0
v[761] = 0
v[762] = 0
v[763] = 4.16549e-10
v[764] = 0
v[765] = 0
v[766] = 0
v[767] = 0
v[768] = 0
v[769] = 0
v[770] = 0
v[771] = 0
v[772] = 0
v[773] = 0
v[774] = 0
v[775] = 0
v[776] = 0
v[777] = 0
v[778] = 0
v[779] = -2355.17
v[780] = 0
v[781] = 0
v[782] = -3386.14
v[783] = 0
v[784] = 0
v[785] = 4.1382e-10
v[786] = 0
v[787] = 0
v[788] = 0
v[789] = 0
v[790] = 0
v[791] = 0
v[792] = 0
v[793] = 0
v[794] = 0
v[795] = 0
v[796] = -61.5632
v[797] = 0
v[798] = 0
v[799] = 0
v[800] = 0
v[801] = 0
v[802] = 0
v[803] = 0
v[804] = 0
v[805] = 0
v[806] = 0
v[807] = 4.56566e-10
v[808] = 0
v[809] = 0
v[810] = 0
v[811] = 0
v[812] = 0
v[813] = 0
v[814] = 0
v[815] = 0
v[816] = 0
v[817] = 0
v[818] = 0
v[819] = 0
v[820] = -4448.26
v[821] = 0
v[822] = 0
v[823] = -2884.17
v[824] = 0
v[825] = 0
v[826] = 0
v[827] = 0
v[828] = 0
v[829] = 2.72848e-10
v[830] = 0
v[831] = 0
v[832] = 0
v[833] = 0
v[834] = 0
v[835] = 0
v[836] = 0
v[837] = 0
v[838] = 0
v[839] = 0
v[840] = 0
v[841] = 0
v[842] = 0
v[843] = -663.84
v[844] = -3574.45
v[845] = -306.863
v[846] = 0
v[847] = 0
v[848] = 0
v[849] = 0
v[850] = 0
v[851] = 3.21961e-10
v[852] = 0
v[853] = 0
v[854] = 0
v[855] = 0
v[856] = 0
v[857] = 0
v[858] = 0
v[859] = 0
v[860] = 0
v[861] = 0
v[862] = 1.09139e-11
v[863] = 0
v[864] = 0
v[865] = 0
v[866] = 0
v[867] = 0
v[868] = 0
v[869] = 0
v[870] = 0
v[871] = -3512.25
v[872] = 0
v[873] = 0
v[874] = 0
v[875] = 0
v[876] = 0
v[877] = 0
v[878] = -769.717
v[879] = -2392.56
v[880] = -1336.65
v[881] = 0
v[882] = 0
v[883] = 0
v[884] = -6.82121e-12
v[885] = 0
v[886] = 0
v[887] = -181.497
v[888] = 0
v[889] = 0
v[890] = 0
v[891] = 0
v[892] = 0
v[893] = 0
v[894] = 0
v[895] = 0
v[896] = 0
v[897] = 0
v[898] = 0
v[899] = 0
v[900] = -44875.5
v[901] = 0
v[902] = 0
v[903] = -2926.62
v[904] = 0
v[905] = 0
v[906] = 0
v[907] = 0
v[908] = 0
v[909] = 0
v[910] = -3145.51
v[911] = -270.039
v[912] = 0
v[913] = 0
v[914] = 0
v[915] = 0
v[916] = 0
v[917] = 0
v[918] = -44100.9
v[919] = 0
v[920] = -44320.4
v[921] = 0
v[922] = 0
v[923] = 0
v[924] = 0
v[925] = 0
v[926] = 0
v[927] = 0
v[928] = 0
v[929] = 3.66299e-09
v[930] = 0
v[931] = -186.183
v[932] = 0
v[933] = 0
v[934] = 0
v[935] = 0
v[936] = 0
v[937] = 0
v[938] = 0
v[939] = 0
v[940] = 0
v[941] = 0
v[942] = 0
v[943] = 0
v[944] = 0
v[945] = 0
v[946] = 0
v[947] = 0
v[948] = -7450.17
v[949] = 4.82487e-10
v[950] = 0
v[951] = 0
v[952] = 0
v[953] = 0
v[954] = 0
v[955] = 0
v[956] = 0
v[957] = 0
v[958] = 0
v[959] = 0
v[960] = 0
v[961] = 0
v[962] = 0
v[963] = 0
v[964] = 0
v[965] = -3659.33
v[966] = 0
v[967] = 0
v[968] = -2007.59
v[969] = 0
v[970] = 0
v[971] = 0
v[972] = 0
v[973] = 0
v[974] = 0
v[975] = 0
v[976] = 0
v[977] = 0
v[978] = 0
v[979] = 0
v[980] = -38493.6
v[981] = 0
v[982] = 0
v[983] = 0
v[984] = -3974.2
v[985] = 0
v[986] = 0
v[987] = -1766.08
v[988] = 0
v[989] = 0
v[990] = 0
v[991] = 0
v[992] = 0
v[993] = 0
v[994] = 0
v[995] = 0
v[996] = 0
v[997] = -1737.13
v[998] = -306.863
v[999] = 0
v[1000] = 0
v[1001] = 0
v[1002] = 0
v[1003] = 0
v[1004] = 0
v[1005] = 0
v[1006] = 0
v[1007] = 0
v[1008] = -3717.42
v[1009] = 0
v[1010] = 0
v[1011] = 0
v[1012] = 0
v[1013] = 0
v[1014] = 0
v[1015] = 0
v[1016] = 0
v[1017] = 0
v[1018] = 0
v[1019] = 0
v[1020] = 0
v[1021] = 0
v[1022] = 0
v[1023] = 0
v[1024] = 0
v[1025] = 0
v[1026] = 0
v[1027] = 0
v[1028] = 0
v[1029] = 0
v[1030] = -1823.59
v[1031] = 0
v[1032] = -3207.15
v[1033] = 0
v[1034] = 0
v[1035] = 0
v[1036] = 0
v[1037] = 0
v[1038] = 0
v[1039] = 0
v[1040] = 0
v[1041] = 0
v[1042] = 0
v[1043] = -22165
v[1044] = 0
v[1045] = 0
v[1046] = 0
v[1047] = 0
v[1048] = 0
v[1049] = 0
v[1050] = 0
v[1051] = 0
v[1052] = 0
v[1053] = 0
v[1054] = 0
v[1055] = 0
v[1056] = -458.998
v[1057] = 0
v[1058] = 0
v[1059] = 0
v[1060] = -1.62244e+07
v[1061] = 0
v[1062] = 0
v[1063] = 0
v[1064] = 0
v[1065] = 0
v[1066] = 0
v[1067] = 0
v[1068] = 0
v[1069] = 0
v[1070] = 0
v[1071] = -13928.6
v[1072] = 0
v[1073] = 0
v[1074] = 0
v[1075] = 0
v[1076] = 0
v[1077] = 0
v[1078] = 0
v[1079] = 0
v[1080] = -23321.8
v[1081] = 0
v[1082] = 0
v[1083] = 0
v[1084] = 0
v[1085] = 0
v[1086] = 0
v[1087] = 0
v[1088] = 0
v[1089] = 0
v[1090] = 0
v[1091] = 0
v[1092] = -246.871
v[1093] = 0
v[1094] = -203.418
v[1095] = -330.767
v[1096] = -8.93844e+06
v[1097] = 0
v[1098] = 0
v[1099] = 0
v[1100] = 0
v[1101] = 0
v[1102] = 0
v[1103] = 0
v[1104] = -2143.87
v[1105] = 0
v[1106] = 0
v[1107] = -3461.95
v[1108] = 0
v[1109] = 0
v[1110] = -2281.16
v[1111] = 0
v[1112] = 0
v[1113] = 0
v[1114] = 0
v[1115] = 0
v[1116] = 0
v[1117] = 0
v[1118] = 0
v[1119] = 0
v[1120] = -425.624
v[1121] = 0
v[1122] = 0
v[1123] = 0
v[1124] = 0
v[1125] = 0
v[1126] = 0
v[1127] = 0
v[1128] = 0
v[1129] = 0
v[1130] = 0
v[1131] = 0
v[1132] = 0
v[1133] = 0
v[1134] = 2.72848e-12
v[1135] = 0
v[1136] = 0
v[1137] = 0
v[1138] = 0
v[1139] = 0
v[1140] = 0
v[1141] = 0
v[1142] = 0
v[1143] = -22636.6
v[1144] = 0
v[1145] = 0
v[1146] = 0
v[1147] = 0
v[1148] = 0
v[1149] = 0
v[1150] = 0
v[1151] = -2930.15
v[1152] = 0
v[1153] = 0
v[1154] = 0
v[1155] = 0
v[1156] = 0
v[1157] = 0
v[1158] = -2783.39
v[1159] = 0
v[1160] = 0
v[1161] = -3990.65
v[1162] = 0
v[1163] = 0
v[1164] = 0
v[1165] = 0
v[1166] = 0
v[1167] = 0
v[1168] = 0
v[1169] = 0
v[1170] = 0
v[1171] = 0
v[1172] = -95.0372
v[1173] = 0
v[1174] = -14.2488
v[1175] = 0
v[1176] = 0
v[1177] = 0
v[1178] = 0
v[1179] = 0
v[1180] = 0
v[1181] = 0
v[1182] = 0
v[1183] = 0
v[1184] = -3840.7
v[1185] = 0
v[1186] = 0
v[1187] = 0
v[1188] = 0
v[1189] = 0
v[1190] = 0
v[1191] = 0
v[1192] = 0
v[1193] = 0
v[1194] = 0
v[1195] = 0
v[1196] = 0
v[1197] = 0
v[1198] = 0
v[1199] = 0
v[1200] = 0
v[1201] = -11789.9
v[1202] = 0
v[1203] = 0
v[1204] = 0
v[1205] = 0
v[1206] = 0
v[1207] = 0
v[1208] = 0
v[1209] = -4631.53
v[1210] = 0
v[1211] = 0
v[1212] = 0
v[1213] = 0
v[1214] = 0
v[1215] = 0
v[1216] = 0
v[1217] = 0
v[1218] = 0
v[1219] = 0
v[1220] = -8385.68
v[1221] = 0
v[1222] = 0
v[1223] = -2416.61
v[1224] = 0
v[1225] = 0
v[1226] = 0
v[1227] = 0
v[1228] = 0
v[1229] = 0
v[1230] = 0
v[1231] = 0
v[1232] = 7.03039e-10
v[1233] = 0
v[1234] = 0
v[1235] = 0
v[1236] = 0
v[1237] = 0
v[1238] = 0
v[1239] = 0
v[1240] = 0
v[1241] = 0
v[1242] = 0
v[1243] = 0
v[1244] = 0
v[1245] = 0
v[1246] = 0
v[1247] = 0
v[1248] = 0
v[1249] = 0
v[1250] = 0
v[1251] = -1713.87
v[1252] = -4409.54
v[1253] = 0
v[1254] = 0
v[1255] = 0
v[1256] = 0
v[1257] = 0
v[1258] = 0
v[1259] = 0
v[1260] = 0
v[1261] = 0
v[1262] = 0
v[1263] = 0
v[1264] = 0
v[1265] = 0
v[1266] = 0
v[1267] = 0
v[1268] = 0
v[1269] = 0
v[1270] = 0
v[1271] = 0
v[1272] = -5784.89
v[1273] = 0
v[1274] = 0
v[1275] = 0
v[1276] = 0
v[1277] = 0
v[1278] = 0
v[1279] = -2676.33
v[1280] = 0
v[1281] = 0
v[1282] = -3845.66
v[1283] = 0
v[1284] = 0
v[1285] = 0
v[1286] = -3296.99
v[1287] = 0
v[1288] = 0
v[1289] = -168.807
v[1290] = 0
v[1291] = 0
v[1292] = 0
v[1293] = 0
v[1294] = 0
v[1295] = 0
v[1296] = 0
v[1297] = -348.935
v[1298] = 0
v[1299] = 0
v[1300] = -2.6329e-08
v[1301] = -1.14749e+07
v[1302] = 0
v[1303] = 0
v[1304] = 0
v[1305] = 0
v[1306] = 0
v[1307] = 0
v[1308] = -3717.42
v[1309] = -319.137
v[1310] = 0
v[1311] = 0
v[1312] = 0
v[1313] = 0
v[1314] = 0
v[1315] = 0
v[1316] = 0
v[1317] = 0
v[1318] = 0
v[1319] = 0
v[1320] = 0
v[1321] = 0
v[1322] = 0
v[1323] = 0
v[1324] = 0
v[1325] = -420.748
v[1326] = 0
v[1327] = 0
v[1328] = 0
v[1329] = -1.47888e+07
v[1330] = 0
v[1331] = 0
v[1332] = 0
v[1333] = 0
v[1334] = 0
v[1335] = 0
v[1336] = 0
v[1337] = -2890.44
v[1338] = 0
v[1339] = 0
v[1340] = -4135.64
v[1341] = 0
v[1342] = -53111.7
v[1343] = 0
v[1344] = -53125.6
v[1345] = 0
v[1346] = 0
v[1347] = 0
v[1348] = 0
v[1349] = 0
v[1350] = 0
v[1351] = 0
v[1352] = 0
v[1353] = 0
v[1354] = -392.251
v[1355] = -18.4397
v[1356] = 0
v[1357] = 0
v[1358] = 0
v[1359] = 0
v[1360] = 0
v[1361] = 0
v[1362] = 0
v[1363] = 0
v[1364] = 0
v[1365] = 0
v[1366] = 0
v[1367] = 0
v[1368] = 0
v[1369] = -32239
v[1370] = 0
v[1371] = 0
v[1372] = 0
v[1373] = -425.624
v[1374] = 0
v[1375] = 0
v[1376] = 0
v[1377] = 0
v[1378] = 0
v[1379] = 0
v[1380] = 0
v[1381] = 0
v[1382] = 0
v[1383] = 0
v[1384] = 0
v[1385] = 0
v[1386] = 0
v[1387] = -7850.92
v[1388] = 0
v[1389] = 0
v[1390] = 0
v[1391] = -363.563
v[1392] = -17.1824
v[1393] = 0
v[1394] = 0
v[1395] = 0
v[1396] = 0
v[1397] = 0
v[1398] = -3161.54
v[1399] = 0
v[1400] = 0
v[1401] = 0
v[1402] = 0
v[1403] = 0
v[1404] = 0
v[1405] = 0
v[1406] = 0
v[1407] = 0
v[1408] = 0
v[1409] = 0
v[1410] = 0
v[1411] = -3104.55
v[1412] = 0
v[1413] = 0
v[1414] = -4450.16
v[1415] = 0
v[1416] = 0
v[1417] = 0
v[1418] = 0
v[1419] = 0
v[1420] = 0
v[1421] = 0
v[1422] = 0
v[1423] = 0
v[1424] = 0
v[1425] = -4789.55
v[1426] = 0
v[1427] = 0
v[1428] = 0
v[1429] = -258.186
v[1430] = 0
v[1431] = 0
v[1432] = 0
v[1433] = -5689.85
v[1434] = 0
v[1435] = 0
v[1436] = 0
v[1437] = 0
v[1438] = 0
v[1439] = 0
v[1440] = 3.91155e-08
v[1441] = -6111.32
v[1442] = 0
v[1443] = 0
v[1444] = 0
v[1445] = 0
v[1446] = 0
v[1447] = 0
v[1448] = 0
v[1449] = 0
v[1450] = 0
v[1451] = 0
v[1452] = 0
v[1453] = 0
v[1454] = -344.249
v[1455] = 0
v[1456] = 0
v[1457] = -4613.43
v[1458] = -1.19179e+07
v[1459] = 0
v[1460] = 0
v[1461] = 0
v[1462] = 0
v[1463] = 0
v[1464] = 0
v[1465] = -2676.33
v[1466] = 0
v[1467] = 0
v[1468] = -3845.66
v[1469] = 0
v[1470] = 0
v[1471] = 0
v[1472] = 0
v[1473] = 0
v[1474] = -8628.34
v[1475] = 0
v[1476] = 0
v[1477] = -1945.17
v[1478] = -3429.14
v[1479] = 0
v[1480] = 0
v[1481] = 0
v[1482] = 0
v[1483] = -229.499
v[1484] = 0
v[1485] = 0
v[1486] = 0
v[1487] = 0
v[1488] = -83.8956
v[1489] = 0
v[1490] = 0
v[1491] = 0
v[1492] = 0
v[1493] = 0
v[1494] = 0
v[1495] = 0
v[1496] = 0
v[1497] = 0
v[1498] = 0
v[1499] = -20578.1
v[1500] = 0
v[1501] = 0
v[1502] = -2636.68
v[1503] = 0
v[1504] = -3071.62
v[1505] = 0
v[1506] = -6.61738e+06
v[1507] = 0
v[1508] = -9.04616e+06
v[1509] = 0
v[1510] = 0
v[1511] = 0
v[1512] = 0
v[1513] = 0
v[1514] = -9.92775e+06
v[1515] = 0
v[1516] = 0
v[1517] = 0
v[1518] = 0
v[1519] = 0
v[1520] = -8.05304e+06
v[1521] = -48.7121
v[1522] = 0
v[1523] = 0
v[1524] = 0
v[1525] = 0
v[1526] = 0
v[1527] = 0
v[1528] = 0
v[1529] = 0
v[1530] = -3311.31
v[1531] = -3223.19
v[1532] = 0
v[1533] = -5352.56
v[1534] = 0
v[1535] = 0
v[1536] = 0
v[1537] = 0
v[1538] = 0
v[1539] = 0
v[1540] = 0
v[1541] = -4291.67
v[1542] = -4178.21
v[1543] = 0
v[1544] = 0
v[1545] = 0
v[1546] = 0
v[1547] = 0
v[1548] = 0
v[1549] = 0
v[1550] = 0
v[1551] = 0
v[1552] = 0
v[1553] = -1.09244e+07
v[1554] = 0
v[1555] = 0
v[1556] = 0
v[1557] = 0
v[1558] = 0
v[1559] = -2309.88
v[1560] = -4046.03
v[1561] = 0
v[1562] = 0
v[1563] = -117.32
v[1564] = -42.7465
v[1565] = 0
v[1566] = 0
v[1567] = -7.61062e+06
v[1568] = 0
v[1569] = -3532.76
v[1570] = -5054.67
v[1571] = 0
v[1572] = 0
v[1573] = 0
v[1574] = -1.00393e+07
v[1575] = 0
v[1576] = 0
v[1577] = 0
v[1578] = 0
v[1579] = 0
v[1580] = 0
v[1581] = 0
v[1582] = 0
v[1583] = 0
v[1584] = -14619.5
v[1585] = 0
v[1586] = 0
v[1587] = 0
v[1588] = 0
v[1589] = 0
v[1590] = 0
v[1591] = 0
v[1592] = -16034.3
v[1593] = 0
v[1594] = 0
v[1595] = -458.76
v[1596] = -470.076
v[1597] = 0
v[1598] = -2835.63
v[1599] = 0
v[1600] = 0
v[1601] = -23321.8
v[1602] = 0
v[1603] = 0
v[1604] = -3487.47
v[1605] = 0
v[1606] = -4538.5
v[1607] = -5185.68
v[1608] = 0
v[1609] = 0
v[1610] = 0
v[1611] = 0
v[1612] = 0
v[1613] = 0
v[1614] = 0
v[1615] = 0
v[1616] = 0
v[1617] = -4958.47
v[1618] = 0
v[1619] = 0
v[1620] = -6.61738e+06
v[1621] = 0
v[1622] = 0
v[1623] = 0
v[1624] = 0
v[1625] = 0
v[1626] = 0
v[1627] = -1453.13
v[1628] = -3311.31
v[1629] = 0
v[1630] = 0
v[1631] = 0
v[1632] = 0
v[1633] = 0
v[1634] = 0
v[1635] = 0
v[1636] = -7.90897e-09
v[1637] = 0
v[1638] = 0
v[1639] = 0
v[1640] = -7165
v[1641] = 0
v[1642] = 0
v[1643] = 0
v[1644] = -3364.4
v[1645] = 0
v[1646] = 0
v[1647] = 0
v[1648] = 0
v[1649] = 0
v[1650] = 0
v[1651] = -7.61051e+06
v[1652] = 0
v[1653] = 0
v[1654] = 0
v[1655] = -12.5725
v[1656] = 0
v[1657] = 0
v[1658] = 0
v[1659] = -2268.51
v[1660] = 0
v[1661] = 0
v[1662] = 0
v[1663] = 0
v[1664] = 0
v[1665] = 0
v[1666] = -3853.92
v[1667] = 0
v[1668] = -5514.19
v[1669] = 0
v[1670] = 0
v[1671] = -6.1118e-09
v[1672] = 0
v[1673] = 0
v[1674] = -6.11089e-09
v[1675] = -1.59426e-08
v[1676] = 0
v[1677] = 0
v[1678] = 1.02872e-08
v[1679] = 0
v[1680] = 0
v[1681] = -1.08835e-08
v[1682] = 0
v[1683] = 2.70006e-09
v[1684] = 0
v[1685] = -1.45519e-09
v[1686] = 0
v[1687] = 0
v[1688] = 0
v[1689] = 0
v[1690] = 0
v[1691] = 0
v[1692] = 0
v[1693] = 0
v[1694] = 0
v[1695] = 0
v[1696] = 0
v[1697] = 0
v[1698] = 0
v[1699] = -4.19641e-09
v[1700] = 0
v[1701] = 0
v[1702] = 0
v[1703] = 0
v[1704] = 0
v[1705] = 0
v[1706] = 0
v[1707] = 4.40127e-09
v[1708] = 1.40403e-09
v[1709] = 0
v[1710] = 0
v[1711] = -5.27507e-11
v[1712] = 0
v[1713] = 0
v[1714] = 0
v[1715] = 0
v[1716] = 0
v[1717] = 0
v[1718] = 0
v[1719] = -1.32131e-08
v[1720] = 0
v[1721] = 0
v[1722] = 0
v[1723] = 0
v[1724] = 0
v[1725] = 0
v[1726] = 0
v[1727] = -7.94103e-09
v[1728] = -484449
v[1729] = -7.77633e-09
v[1730] = -484449
v[1731] = 0
v[1732] = 0
v[1733] = -1.96812e-08
v[1734] = -1.98488e-08
v[1735] = -7.29819e-09
v[1736] = 0
v[1737] = 0
v[1738] = 0
v[1739] = 0
v[1740] = 0
v[1741] = 0
v[1742] = 0
v[1743] = 0
v[1744] = 0
v[1745] = 0
v[1746] = 0
v[1747] = 0
v[1748] = 0
v[1749] = 10169.5
v[1750] = 9592.31
v[1751] = 26045.8
v[1752] = 36590.1
v[1753] = 4395.88
v[1754] = 13401
v[1755] = 29951.7
v[1756] = 19218.8
v[1757] = 0
v[1758] = 299504
v[1759] = 20130.7
v[1760] = 2497.93
v[1761] = 89198.5
v[1762] = 36590.1
v[1763] = 0
v[1764] = -42944
v[1765] = -1220.93
v[1766] = 0
v[1767] = 0
v[1768] = 0
v[1769] = -15783.1
v[1770] = 0
v[1771] = 0
v[1772] = 0
v[1773] = -102838
v[1774] = 0
v[1775] = 0
v[1776] = 0
v[1777] = 0
v[1778] = 0
v[1779] = 0
v[1780] = 0
v[1781] = 3315.31
v[1782] = 241.812
v[1783] = 0
v[1784] = 2975.19
v[1785] = 201.923
v[1786] = 0
v[1787] = 241.812
v[1788] = 1532.29
v[1789] = 0
v[1790] = 7360.18
v[1791] = 7681.44
v[1792] = 666.59
v[1793] = 3421.41
v[1794] = 0
v[1795] = 1598.81
v[1796] = 74.5739
v[1797] = 0
v[1798] = 113.199
v[1799] = 304.073
v[1800] = 1267.09
v[1801] = 219.441
v[1802] = 8721.07
v[1803] = 9029.48
v[1804] = 1657.59
v[1805] = 2134.65
v[1806] = 0
v[1807] = 1065.87
v[1808] = 0
v[1809] = -3.14685e-10
v[1810] = 75.4659
v[1811] = 0
v[1812] = 844.728
v[1813] = -3.91492e-09
v[1814] = 5814.05
v[1815] = 6019.65
v[1816] = 1105.06
v[1817] = 20226.1
v[1818] = 18913.9
v[1819] = 0
v[1820] = 18972.9
v[1821] = 18905.9
v[1822] = 0
v[1823] = 18913.9
v[1824] = 14909.9
v[1825] = 0
v[1826] = 18430.2
v[1827] = 25261
v[1828] = 20226.1
v[1829] = 0
v[1830] = 5.47272e-12
v[1831] = 64.2399
v[1832] = 2856.18
v[1833] = 0
v[1834] = 0
v[1835] = -1.80498e-08
v[1836] = 1267.09
v[1837] = -5.86789e-09
v[1838] = 8313.28
v[1839] = 6359.84
v[1840] = 8.18545e-12
v[1841] = 49859.8
v[1842] = 0
v[1843] = 49825.5
v[1844] = 0
v[1845] = 48887
v[1846] = 48384.8
v[1847] = 48892.9
v[1848] = 49632
v[1849] = 47992
v[1850] = 50191.2
v[1851] = 51047.8
v[1852] = 48881.4
v[1853] = 0
v[1854] = 8063.95
v[1855] = 8098.02
v[1856] = 8141.63
v[1857] = 8053.47
v[1858] = 8181.86
v[1859] = 8063.95
v[1860] = 3771.09
v[1861] = 8063.95
v[1862] = 0
v[1863] = 3868.64
v[1864] = 0
v[1865] = 0
v[1866] = 2828.54
v[1867] = 1474.8
v[1868] = 2618.17
v[1869] = 0
v[1870] = 1202.16
v[1871] = 2828.54
v[1872] = 1170.72
v[1873] = 210.374
v[1874] = 8003.53
v[1875] = 9032.2
v[1876] = 3202.34
v[1877] = 0
v[1878] = 2957.11
v[1879] = 3561.21
v[1880] = 2737.17
v[1881] = 0
v[1882] = 2163.12
v[1883] = 2957.11
v[1884] = 1214.3
v[1885] = 1117.75
v[1886] = 7966.9
v[1887] = 10349.1
v[1888] = 4254.23
v[1889] = 0
v[1890] = 1.14332e-11
v[1891] = 604.099
v[1892] = 0
v[1893] = 0
v[1894] = 0
v[1895] = -1.72913e-08
v[1896] = 1214.3
v[1897] = -5.61801e-09
v[1898] = 7966.9
v[1899] = 8262.45
v[1900] = 1297.12
v[1901] = 0
v[1902] = 3.80006e-12
v[1903] = 42.8266
v[1904] = 1904.12
v[1905] = 0
v[1906] = 0
v[1907] = -1.20326e-08
v[1908] = 844.728
v[1909] = -3.91148e-09
v[1910] = 5542.19
v[1911] = 5747.79
v[1912] = -5.91172e-12
v[1913] = 2631.09
v[1914] = 229.61
v[1915] = 1264.14
v[1916] = 14.7392
v[1917] = 57.4857
v[1918] = 0
v[1919] = 0
v[1920] = 0
v[1921] = 229.61
v[1922] = 3614.88
v[1923] = 3846.18
v[1924] = 0
v[1925] = 0
v[1926] = 10499.7
v[1927] = 11156.3
v[1928] = 10260.6
v[1929] = 0
v[1930] = 9636.65
v[1931] = 10499.7
v[1932] = 4914.55
v[1933] = 8500.37
v[1934] = 9546.56
v[1935] = 18534.4
v[1936] = 11909.6
v[1937] = 2534.89
v[1938] = 0
v[1939] = 1451.9
v[1940] = 0
v[1941] = 1214.68
v[1942] = 807.458
v[1943] = 2212.06
v[1944] = 2225.75
v[1945] = 0
v[1946] = 6904.18
v[1947] = 7569.76
v[1948] = 2534.89
v[1949] = 1704.29
v[1950] = 2.59433e-10
v[1951] = 0
v[1952] = 1547.1
v[1953] = 0
v[1954] = 0
v[1955] = -9.51104e-09
v[1956] = 686.341
v[1957] = -2.91357e-09
v[1958] = 1139.52
v[1959] = 1306.58
v[1960] = 2.48519e-10
v[1961] = 723.148
v[1962] = 315.361
v[1963] = 0
v[1964] = 2856.18
v[1965] = -5.43196e-09
v[1966] = 80.4921
v[1967] = 315.361
v[1968] = 1267.09
v[1969] = -1.08407e-08
v[1970] = 8688.36
v[1971] = 8996.77
v[1972] = 0
v[1973] = 0
v[1974] = 210.374
v[1975] = 1474.8
v[1976] = 0
v[1977] = 0
v[1978] = 112.985
v[1979] = 210.374
v[1980] = 1170.72
v[1981] = 210.374
v[1982] = 8003.53
v[1983] = 8286.24
v[1984] = 1729.83
v[1985] = 0
v[1986] = 1102.37
v[1987] = 1407.76
v[1988] = 2499.16
v[1989] = 0
v[1990] = 107.85
v[1991] = 1102.37
v[1992] = 1117.51
v[1993] = 200.812
v[1994] = 7639.74
v[1995] = 7909.59
v[1996] = 1459.19
v[1997] = 0
v[1998] = 0
v[1999] = 866.023
v[2000] = 0
v[2001] = -2.47383e-10
v[2002] = 61.316
v[2003] = -9.77025e-09
v[2004] = 686.341
v[2005] = -3.17277e-09
v[2006] = 4723.91
v[2007] = 4890.97
v[2008] = 897.859
v[2009] = 0
v[2010] = 1.00202e-11
v[2011] = 69.5932
v[2012] = 3094.2
v[2013] = 0
v[2014] = 0
v[2015] = -1.95651e-08
v[2016] = 1372.68
v[2017] = 9006.06
v[2018] = 6889.82
v[2019] = -8.18545e-12
v[2020] = 51149.6
v[2021] = 0
v[2022] = 47674.1
v[2023] = 0
v[2024] = 49829.4
v[2025] = 49422.2
v[2026] = 50826.8
v[2027] = 45825.4
v[2028] = 48558.6
v[2029] = 47224.2
v[2030] = 56184.5
v[2031] = 51149.6
v[2032] = 2241.3
v[2033] = 3.37565e-10
v[2034] = 0
v[2035] = 2023.13
v[2036] = 0
v[2037] = 0
v[2038] = -1.24514e-08
v[2039] = 897.523
v[2040] = -3.823e-09
v[2041] = 3213.08
v[2042] = 3431.53
v[2043] = 3.17442e-10
v[2044] = 3109.69
v[2045] = 2820.84
v[2046] = 0
v[2047] = 2658.28
v[2048] = 1928.44
v[2049] = 0
v[2050] = 2820.84
v[2051] = 1369.74
v[2052] = 0
v[2053] = 6154.26
v[2054] = 7614.57
v[2055] = 3109.69
v[2056] = 0
v[2057] = 4361.07
v[2058] = 1541.83
v[2059] = 4141.14
v[2060] = 0
v[2061] = 2660.77
v[2062] = 4361.07
v[2063] = 1223.94
v[2064] = 1615.39
v[2065] = 0
v[2066] = 10846.7
v[2067] = 4751.87
v[2068] = 0
v[2069] = 1207.36
v[2070] = 1541.83
v[2071] = 0
v[2072] = 0
v[2073] = 118.121
v[2074] = 1207.36
v[2075] = 1223.94
v[2076] = 219.937
v[2077] = 8367.33
v[2078] = 8662.89
v[2079] = 1598.16
v[2080] = 1657.59
v[2081] = 0
v[2082] = 1598.81
v[2083] = 2846.12
v[2084] = 0
v[2085] = 113.199
v[2086] = -1.80535e-08
v[2087] = 1267.09
v[2088] = -5.87306e-09
v[2089] = 8721.07
v[2090] = 9029.48
v[2091] = 1657.59
v[2092] = 2107.05
v[2093] = 3.10251e-10
v[2094] = 0
v[2095] = 1904.12
v[2096] = 0
v[2097] = 0
v[2098] = -1.1728e-08
v[2099] = 844.728
v[2100] = -3.6087e-09
v[2101] = 2694.69
v[2102] = 2900.29
v[2103] = 2.86434e-10
v[2104] = 2912.56
v[2105] = 4.34738e-10
v[2106] = 0
v[2107] = 2618.17
v[2108] = 0
v[2109] = 0
v[2110] = -1.61135e-08
v[2111] = 1161.5
v[2112] = -4.94811e-09
v[2113] = 5805.02
v[2114] = 6087.73
v[2115] = 4.08363e-10
v[2116] = 0
v[2117] = 0
v[2118] = 645.138
v[2119] = 0
v[2120] = -2.50913e-10
v[2121] = 0
v[2122] = -9.77889e-09
v[2123] = 686.341
v[2124] = -3.1809e-09
v[2125] = 4503.03
v[2126] = 4670.08
v[2127] = 676.974
v[2128] = 2268.06
v[2129] = 0
v[2130] = 2226.43
v[2131] = 0
v[2132] = 1086.81
v[2133] = 477.002
v[2134] = 1093.94
v[2135] = 1991.46
v[2136] = -4.15821e-09
v[2137] = 6177.42
v[2138] = 6395.88
v[2139] = 1174.12
v[2140] = 3109.69
v[2141] = 2820.84
v[2142] = 0
v[2143] = 2658.28
v[2144] = 1928.44
v[2145] = 0
v[2146] = 2820.84
v[2147] = 1369.74
v[2148] = 0
v[2149] = 6154.26
v[2150] = 3109.69
v[2151] = 2716.58
v[2152] = 181.687
v[2153] = 424.838
v[2154] = 0
v[2155] = 0
v[2156] = 0
v[2157] = 0
v[2158] = 0
v[2159] = 181.687
v[2160] = 3754.12
v[2161] = 3998.28
v[2162] = 1897.85
v[2163] = 163.455
v[2164] = 910.613
v[2165] = 10.645
v[2166] = 39.1427
v[2167] = 0
v[2168] = 0
v[2169] = 696.986
v[2170] = 163.455
v[2171] = 3187.46
v[2172] = 3354.51
v[2173] = 0
v[2174] = 2107.05
v[2175] = 3.10251e-10
v[2176] = 0
v[2177] = 1904.12
v[2178] = 0
v[2179] = 0
v[2180] = -1.1728e-08
v[2181] = 844.728
v[2182] = -3.6087e-09
v[2183] = 2694.69
v[2184] = 2900.29
v[2185] = 2.86434e-10
v[2186] = 0
v[2187] = 0
v[2188] = 1132.49
v[2189] = 0
v[2190] = -3.39242e-10
v[2191] = 80.1825
v[2192] = -1.27857e-08
v[2193] = 897.523
v[2194] = -4.15821e-09
v[2195] = 6177.42
v[2196] = 6395.88
v[2197] = 1174.12
v[2198] = 3841.38
v[2199] = 3484.57
v[2200] = 0
v[2201] = 3283.76
v[2202] = 2382.19
v[2203] = 0
v[2204] = 3484.57
v[2205] = 1692.04
v[2206] = 0
v[2207] = 7602.32
v[2208] = 9406.24
v[2209] = 3841.38
v[2210] = 0
v[2211] = 1102.37
v[2212] = 1407.76
v[2213] = 2499.16
v[2214] = 0
v[2215] = 107.85
v[2216] = 1102.37
v[2217] = 1117.51
v[2218] = 200.812
v[2219] = 7639.74
v[2220] = 7909.59
v[2221] = 1459.19
v[2222] = 0
v[2223] = 41671.5
v[2224] = 38021
v[2225] = 41461.1
v[2226] = 0
v[2227] = 40045.1
v[2228] = 41671.5
v[2229] = 35880.4
v[2230] = 39045.2
v[2231] = 37500
v[2232] = 47875.1
v[2233] = 42045.3
v[2234] = 4024.3
v[2235] = 3650.5
v[2236] = 0
v[2237] = 3440.13
v[2238] = 2495.63
v[2239] = 0
v[2240] = 3650.5
v[2241] = 1772.61
v[2242] = 0
v[2243] = 7964.33
v[2244] = 9854.16
v[2245] = 4024.3
v[2246] = 0
v[2247] = 1102.37
v[2248] = 1407.76
v[2249] = 2499.16
v[2250] = 0
v[2251] = 107.85
v[2252] = 1102.37
v[2253] = 1117.51
v[2254] = 200.812
v[2255] = 7639.74
v[2256] = 7909.59
v[2257] = 1459.19
v[2258] = 0
v[2259] = 3069.34
v[2260] = 0
v[2261] = 2275.17
v[2262] = 2289.42
v[2263] = 1369.03
v[2264] = 3069.34
v[2265] = 1853.18
v[2266] = 323.657
v[2267] = 8326.35
v[2268] = 9554.98
v[2269] = 3460.13
v[2270] = 0
v[2271] = 3085.68
v[2272] = 1608.87
v[2273] = 2856.18
v[2274] = 0
v[2275] = 1311.44
v[2276] = 3085.68
v[2277] = 1277.15
v[2278] = 229.499
v[2279] = 8731.13
v[2280] = 9853.3
v[2281] = 3493.47
v[2282] = 2241.3
v[2283] = 3.37565e-10
v[2284] = 0
v[2285] = 2023.13
v[2286] = 0
v[2287] = 0
v[2288] = -1.24514e-08
v[2289] = 897.523
v[2290] = -3.823e-09
v[2291] = 3213.08
v[2292] = 3431.53
v[2293] = 3.17442e-10
v[2294] = 0
v[2295] = 734.916
v[2296] = 938.507
v[2297] = 1666.11
v[2298] = 0
v[2299] = 71.8998
v[2300] = 734.916
v[2301] = 745.004
v[2302] = 133.874
v[2303] = 5093.16
v[2304] = 5273.06
v[2305] = 972.792
v[2306] = 0
v[2307] = 0
v[2308] = 231.851
v[2309] = 0
v[2310] = 0
v[2311] = 0
v[2312] = -1.8812e-08
v[2313] = 1319.89
v[2314] = -6.12098e-09
v[2315] = 8659.67
v[2316] = 8980.93
v[2317] = 985.131
v[2318] = 0
v[2319] = 839.904
v[2320] = 1072.58
v[2321] = 1904.12
v[2322] = 0
v[2323] = 82.1712
v[2324] = 839.904
v[2325] = 851.433
v[2326] = 152.999
v[2327] = 5820.75
v[2328] = 6026.36
v[2329] = 1111.76
v[2330] = 0
v[2331] = 5483.48
v[2332] = 5506.65
v[2333] = 5536.31
v[2334] = 5476.36
v[2335] = 5563.67
v[2336] = 5483.48
v[2337] = 2564.34
v[2338] = 5483.48
v[2339] = 0
v[2340] = 11879.4
v[2341] = 0
v[2342] = 2890.18
v[2343] = 221.875
v[2344] = 1371.35
v[2345] = 16.3769
v[2346] = 30.6257
v[2347] = 0
v[2348] = 0
v[2349] = 0
v[2350] = 221.875
v[2351] = 4875
v[2352] = 5132.01
v[2353] = 0
v[2354] = 0
v[2355] = 0
v[2356] = 1065.87
v[2357] = 0
v[2358] = -3.14685e-10
v[2359] = 75.4659
v[2360] = -1.20349e-08
v[2361] = 844.728
v[2362] = -3.91492e-09
v[2363] = 5814.05
v[2364] = 6019.65
v[2365] = 1105.06
v[2366] = 3475.54
v[2367] = 3152.7
v[2368] = 0
v[2369] = 2971.02
v[2370] = 2155.32
v[2371] = 0
v[2372] = 3152.7
v[2373] = 1530.89
v[2374] = 0
v[2375] = 6878.29
v[2376] = 3475.54
v[2377] = 0
v[2378] = 3.70251e-12
v[2379] = 58.8865
v[2380] = 2618.17
v[2381] = 0
v[2382] = 0
v[2383] = -1.65455e-08
v[2384] = 1161.5
v[2385] = -5.3804e-09
v[2386] = 7620.51
v[2387] = 7903.22
v[2388] = 373.805
v[2389] = 2563.73
v[2390] = 0
v[2391] = 1594.73
v[2392] = 0
v[2393] = 1382.48
v[2394] = 772.666
v[2395] = 1389.6
v[2396] = 2287.13
v[2397] = 0
v[2398] = 2966.17
v[2399] = 4006.36
v[2400] = 1375.68
v[2401] = 1035.99
v[2402] = 0
v[2403] = 999.257
v[2404] = 0
v[2405] = 3.37104e-09
v[2406] = 70.7493
v[2407] = -7.61884e-09
v[2408] = 791.932
v[2409] = 0
v[2410] = 5450.67
v[2411] = 5643.42
v[2412] = 1035.99
v[2413] = 4207.23
v[2414] = 3816.43
v[2415] = 6.08361e-09
v[2416] = 3596.49
v[2417] = 2609.07
v[2418] = 2116.12
v[2419] = 3816.43
v[2420] = 1070.75
v[2421] = 0
v[2422] = 10302.1
v[2423] = 0
v[2424] = 0
v[2425] = 4929.91
v[2426] = 1742.94
v[2427] = 4681.29
v[2428] = 0
v[2429] = 3007.82
v[2430] = 4929.91
v[2431] = 1383.58
v[2432] = 1826.1
v[2433] = -9.79526e-10
v[2434] = 12261.5
v[2435] = 5371.68
v[2436] = 2378
v[2437] = 2157.11
v[2438] = 0
v[2439] = 2032.8
v[2440] = 1474.69
v[2441] = 0
v[2442] = 2157.11
v[2443] = 1047.45
v[2444] = 0
v[2445] = 4706.2
v[2446] = 2378
v[2447] = 355.62
v[2448] = 11339.3
v[2449] = 11329.6
v[2450] = 11315.4
v[2451] = 11329.6
v[2452] = 10114
v[2453] = 11339.3
v[2454] = 12553.6
v[2455] = 9068.61
v[2456] = 0
v[2457] = 16072.1
v[2458] = 0
v[2459] = 415.945
v[2460] = 8.15848
v[2461] = 0
v[2462] = 2856.18
v[2463] = 0
v[2464] = 0
v[2465] = 8.15848
v[2466] = 1267.09
v[2467] = -5.39922e-09
v[2468] = 6841.79
v[2469] = 7150.2
v[2470] = 415.945
v[2471] = 0
v[2472] = -1.80324e-12
v[2473] = 66.9165
v[2474] = 2975.19
v[2475] = 0
v[2476] = 0
v[2477] = -1.87974e-08
v[2478] = 1319.89
v[2479] = -6.10643e-09
v[2480] = 8659.67
v[2481] = 6624.83
v[2482] = 2.00089e-11
v[2483] = 0
v[2484] = 3342.82
v[2485] = 4025.71
v[2486] = 3094.2
v[2487] = 0
v[2488] = 2445.27
v[2489] = 3342.82
v[2490] = 1372.68
v[2491] = 1263.54
v[2492] = 9006.06
v[2493] = 11698.9
v[2494] = 4809.12
v[2495] = 8941.01
v[2496] = 6592.76
v[2497] = 6578.51
v[2498] = 6592.76
v[2499] = 6578.51
v[2500] = 4781.46
v[2501] = 6592.76
v[2502] = 8387.81
v[2503] = 9325.36
v[2504] = 0
v[2505] = 3259.13
v[2506] = 5487.69
v[2507] = 4977.95
v[2508] = 0
v[2509] = 4691.08
v[2510] = 3403.13
v[2511] = 0
v[2512] = 4977.95
v[2513] = 0
v[2514] = 5487.69
v[2515] = 0
v[2516] = 9113.52
v[2517] = 9093.82
v[2518] = 9122.32
v[2519] = 9093.82
v[2520] = 6609.66
v[2521] = 9113.52
v[2522] = 11594.9
v[2523] = 4473.46
v[2524] = 0
v[2525] = 0
v[2526] = 4505.26
v[2527] = 3126.83
v[2528] = 2362.23
v[2529] = 5355.34
v[2530] = 0
v[2531] = 2362.23
v[2532] = 2394.66
v[2533] = 1065.29
v[2534] = 8.96762e-10
v[2535] = 3126.83
v[2536] = 6403.94
v[2537] = 0
v[2538] = 3197.62
v[2539] = 0
v[2540] = -9.29504e-10
v[2541] = 2068.21
v[2542] = 0
v[2543] = 0
v[2544] = -1.17534e-08
v[2545] = 17442.1
v[2546] = 18059
v[2547] = 7865.69
v[2548] = 7135.07
v[2549] = 0
v[2550] = 6723.88
v[2551] = 4877.82
v[2552] = 3956.23
v[2553] = 2001.84
v[2554] = 15566.7
v[2555] = 19260.4
v[2556] = 0
v[2557] = 7024.5
v[2558] = 6446.81
v[2559] = 2279.23
v[2560] = 6121.68
v[2561] = 4662.01
v[2562] = 3933.31
v[2563] = 2387.97
v[2564] = 0
v[2565] = 16034.3
v[2566] = 0
v[2567] = 2987.86
v[2568] = 2257.24
v[2569] = 5117.32
v[2570] = 0
v[2571] = 2257.24
v[2572] = 2288.23
v[2573] = 1017.94
v[2574] = -10775.9
v[2575] = 2987.86
v[2576] = 3613.53
v[2577] = 11.3153
v[2578] = 1563.11
v[2579] = 0
v[2580] = 0
v[2581] = 0
v[2582] = 0
v[2583] = 0
v[2584] = 11.3153
v[2585] = 9480.44
v[2586] = 9827.4
v[2587] = 3869.05
v[2588] = 6.22864e-09
v[2589] = 1931.9
v[2590] = 3451.22
v[2591] = 5.63726e-09
v[2592] = 0
v[2593] = 0
v[2594] = 1531.07
v[2595] = 0
v[2596] = 22151.3
v[2597] = 21318.8
v[2598] = 0
v[2599] = 21471
v[2600] = 21298.2
v[2601] = 2227.1
v[2602] = 0
v[2603] = 39124.3
v[2604] = 39754
v[2605] = 5513.45
v[2606] = 6137.11
v[2607] = 0
v[2608] = 4751.07
v[2609] = 0
v[2610] = 2940.79
v[2611] = 3177.03
v[2612] = 5355.52
v[2613] = 2428.59
v[2614] = 19675.5
v[2615] = 20266.6
v[2616] = 5578.28
v[2617] = 5119.52
v[2618] = 4861.34
v[2619] = 3702.18
v[2620] = 5119.52
v[2621] = 3172.98
v[2622] = 0
v[2623] = -7405.43
v[2624] = 5578.28
v[2625] = 0
v[2626] = 25036.8
v[2627] = 23703.5
v[2628] = 5712.36
v[2629] = 4276.03
v[2630] = 21544.8
v[2631] = 25036.8
v[2632] = 27571
v[2633] = 19596.6
v[2634] = 0
v[2635] = 0
v[2636] = 1500.54
v[2637] = 10526
v[2638] = 9999.29
v[2639] = 10041.5
v[2640] = 10095.6
v[2641] = 9986.3
v[2642] = 10145.5
v[2643] = 0
v[2644] = 21662.4
v[2645] = 0
v[2646] = 4756
v[2647] = 4314.23
v[2648] = 0
v[2649] = 4065.6
v[2650] = 2949.38
v[2651] = 0
v[2652] = 4314.23
v[2653] = 2094.9
v[2654] = 0
v[2655] = 4756
v[2656] = 8941.01
v[2657] = 6592.76
v[2658] = 6592.76
v[2659] = 6578.51
v[2660] = 6592.76
v[2661] = 8387.81
v[2662] = 9325.36
v[2663] = 0
v[2664] = 3259.13
v[2665] = 3717.42
v[2666] = 0
v[2667] = 1742.94
v[2668] = 0
v[2669] = 0
v[2670] = 27.5948
v[2671] = 248.624
v[2672] = 1383.58
v[2673] = 248.624
v[2674] = 9352.79
v[2675] = 9686.9
v[2676] = 1700.68
v[2677] = 6447.44
v[2678] = 3460.3
v[2679] = 0
v[2680] = 7234.64
v[2681] = 3390.09
v[2682] = 207.531
v[2683] = 3460.3
v[2684] = 0
v[2685] = 15988.6
v[2686] = 16554
v[2687] = 4207.91
v[2688] = 6574.27
v[2689] = 4847.62
v[2690] = 4837.14
v[2691] = 4847.62
v[2692] = 4837.14
v[2693] = 3515.78
v[2694] = 4847.62
v[2695] = 6167.51
v[2696] = 2379.5
v[2697] = 0
v[2698] = 0
v[2699] = 2396.42
v[2700] = 16637.9
v[2701] = 15805.3
v[2702] = 15872.1
v[2703] = 15957.6
v[2704] = 15784.8
v[2705] = 16036.4
v[2706] = 0
v[2707] = 34240.5
v[2708] = 0
v[2709] = 8597.38
v[2710] = 7798.79
v[2711] = 1.23737e-08
v[2712] = 7349.36
v[2713] = 5331.58
v[2714] = 4324.25
v[2715] = 7798.79
v[2716] = 2188.06
v[2717] = 0
v[2718] = 21052.1
v[2719] = 0
v[2720] = 8573
v[2721] = 5382.19
v[2722] = 0
v[2723] = 9413.87
v[2724] = 5307.2
v[2725] = 1907.64
v[2726] = 5382.19
v[2727] = 0
v[2728] = 18764.7
v[2729] = 19368.7
v[2730] = 6180.77
v[2731] = 5147.2
v[2732] = 0
v[2733] = 2413.3
v[2734] = 9.07676e-09
v[2735] = 0
v[2736] = 505.768
v[2737] = 1889.78
v[2738] = 1900.64
v[2739] = 13081.6
v[2740] = 13544.2
v[2741] = 2501.46
v[2742] = 2709.92
v[2743] = 2047.27
v[2744] = 4641.29
v[2745] = 1.31877e-09
v[2746] = 2047.27
v[2747] = 2075.37
v[2748] = 0
v[2749] = -10696.7
v[2750] = 2709.92
v[2751] = 594.689
v[2752] = 0
v[2753] = 0
v[2754] = 0
v[2755] = -2.6329e-08
v[2756] = 1847.84
v[2757] = 12718.2
v[2758] = 9869.45
v[2759] = 5472.13
v[2760] = 3581.32
v[2761] = 4595.16
v[2762] = 3570.23
v[2763] = 3387.57
v[2764] = 1383.56
v[2765] = 0
v[2766] = 1583.86
v[2767] = 0
v[2768] = 4091.06
v[2769] = 9507.37
v[2770] = 9031.62
v[2771] = 9069.78
v[2772] = 9118.62
v[2773] = 9019.89
v[2774] = 9163.69
v[2775] = 0
v[2776] = 19566
v[2777] = 0
v[2778] = 4573.07
v[2779] = 4148.29
v[2780] = 0
v[2781] = 3909.23
v[2782] = 2835.94
v[2783] = 0
v[2784] = 4148.29
v[2785] = 2014.33
v[2786] = 0
v[2787] = 4573.07
v[2788] = 4652.94
v[2789] = 2344.69
v[2790] = 0
v[2791] = 5261.23
v[2792] = 2290.44
v[2793] = 0
v[2794] = 2344.69
v[2795] = 0
v[2796] = 12025.7
v[2797] = 2922.39
v[2798] = 4669.54
v[2799] = 0
v[2800] = 2331.6
v[2801] = 0
v[2802] = -6.88487e-10
v[2803] = 165.082
v[2804] = 0
v[2805] = 0
v[2806] = -8.56653e-09
v[2807] = 12718.2
v[2808] = 13168
v[2809] = 0
v[2810] = 8.2012e-12
v[2811] = 69.5932
v[2812] = 3094.2
v[2813] = 0
v[2814] = 0
v[2815] = -1.95651e-08
v[2816] = 1372.68
v[2817] = 9006.06
v[2818] = 4979.01
v[2819] = -1.13687e-11
v[2820] = 17138.7
v[2821] = 14237.9
v[2822] = 14237.9
v[2823] = 14220.3
v[2824] = 14237.9
v[2825] = 16455.3
v[2826] = 11519.6
v[2827] = 0
v[2828] = 14203.5
v[2829] = 5870.28
v[2830] = 3.31047e-08
v[2831] = 2931.15
v[2832] = 0
v[2833] = 3.22552e-08
v[2834] = 1432.64
v[2835] = 0
v[2836] = 0
v[2837] = 2.23336e-08
v[2838] = 15988.6
v[2839] = 16554
v[2840] = 4938.92
v[2841] = 4480.16
v[2842] = 0
v[2843] = 4221.97
v[2844] = 3062.82
v[2845] = 0
v[2846] = 4480.16
v[2847] = 2175.47
v[2848] = 0
v[2849] = 4204.91
v[2850] = 0
v[2851] = 3210.58
v[2852] = 0
v[2853] = 1911.9
v[2854] = 2081.38
v[2855] = 3644.2
v[2856] = 3654.15
v[2857] = 1925.73
v[2858] = 13917.2
v[2859] = 14341.3
v[2860] = 3038.91
v[2861] = 0
v[2862] = 2931.15
v[2863] = 0
v[2864] = 0
v[2865] = 1432.64
v[2866] = 2291.3
v[2867] = 2323
v[2868] = 15988.6
v[2869] = 16554
v[2870] = 3038.91
v[2871] = 9710.34
v[2872] = 8911.76
v[2873] = 3150.7
v[2874] = 8462.33
v[2875] = 6444.54
v[2876] = 5437.22
v[2877] = 3301.02
v[2878] = 0
v[2879] = 22165
v[2880] = 0
v[2881] = 6137.11
v[2882] = 0
v[2883] = 3064.39
v[2884] = 0
v[2885] = 2940.79
v[2886] = 1954.9
v[2887] = 5355.52
v[2888] = 2428.59
v[2889] = -1.12623e-08
v[2890] = 16715.4
v[2891] = 18326.8
v[2892] = 6137.11
v[2893] = 12902.9
v[2894] = 12257.2
v[2895] = 12309
v[2896] = 12375.3
v[2897] = 12241.3
v[2898] = 12436.4
v[2899] = 0
v[2900] = 26553.9
v[2901] = 0
v[2902] = 5470.03
v[2903] = 0
v[2904] = 0
v[2905] = 0
v[2906] = 2135.07
v[2907] = 2164.62
v[2908] = 14898.5
v[2909] = 15425.4
v[2910] = 5256.02
v[2911] = 2812
v[2912] = 0
v[2913] = 5900.1
v[2914] = 2754.56
v[2915] = 150.647
v[2916] = 2812
v[2917] = 0
v[2918] = 13062.5
v[2919] = 13525.1
v[2920] = 3423.68
v[2921] = 5304.76
v[2922] = 4812.02
v[2923] = 0
v[2924] = 4534.71
v[2925] = 3289.7
v[2926] = 0
v[2927] = 4812.02
v[2928] = 2336.62
v[2929] = 0
v[2930] = 5304.76
v[2931] = 8963.22
v[2932] = 8130.66
v[2933] = 0
v[2934] = 7662.1
v[2935] = 5558.45
v[2936] = 4508.26
v[2937] = 8130.66
v[2938] = 2281.16
v[2939] = 17738.7
v[2940] = 21947.9
v[2941] = 0
v[2942] = 3602.22
v[2943] = 0
v[2944] = 1798.66
v[2945] = 0
v[2946] = -1.27875e-09
v[2947] = 127.349
v[2948] = 1417.34
v[2949] = 0
v[2950] = -6.61021e-09
v[2951] = 9811.2
v[2952] = 10158.2
v[2953] = 9.48259e+06
v[2954] = 9.48263e+06
v[2955] = 9.48268e+06
v[2956] = 9.48272e+06
v[2957] = 0
v[2958] = 0
v[2959] = 0
v[2960] = 7363.18
v[2961] = 5429.33
v[2962] = 5429.33
v[2963] = 5417.6
v[2964] = 5429.33
v[2965] = 6907.61
v[2966] = 7679.71
v[2967] = 0
v[2968] = 2683.99
v[2969] = 4909.27
v[2970] = 4297.59
v[2971] = 3824.55
v[2972] = 0
v[2973] = 2407.8
v[2974] = 1636.23
v[2975] = 0
v[2976] = 0
v[2977] = 0
v[2978] = 4573.07
v[2979] = 4148.29
v[2980] = 0
v[2981] = 3909.23
v[2982] = 2835.94
v[2983] = 0
v[2984] = 4148.29
v[2985] = 2014.33
v[2986] = 0
v[2987] = 4573.07
v[2988] = 6311.3
v[2989] = 4653.71
v[2990] = 4653.71
v[2991] = 4643.66
v[2992] = 0
v[2993] = 0
v[2994] = 2300.56
v[2995] = 0
v[2996] = 0
v[2997] = 0
v[2998] = 5853.53
v[2999] = 3201.97
v[3000] = 0
v[3001] = 2856.18
v[3002] = 0
v[3003] = -1.80535e-08
v[3004] = 1267.09
v[3005] = 8721.07
v[3006] = 6767.62
v[3007] = 3860.4
v[3008] = 0
v[3009] = 6.80393e-09
v[3010] = 0
v[3011] = 258.186
v[3012] = 1341.58
v[3013] = 9727.31
v[3014] = 10074.3
v[3015] = 6198.09
v[3016] = 2011.09
v[3017] = 4113.54
v[3018] = 3470.56
v[3019] = 0
v[3020] = 14147.9
v[3021] = 0
v[3022] = 0
v[3023] = 3127.39
v[3024] = 0
v[3025] = 3318.64
v[3026] = 0
v[3027] = 0
v[3028] = 0
v[3029] = 7859.56
v[3030] = 3857.1
v[3031] = 3570.23
v[3032] = 3844.53
v[3033] = 0
v[3034] = 0
v[3035] = 14763.9
v[3036] = 3335.38
v[3037] = 1.88074e-08
v[3038] = 2975.19
v[3039] = 1.83254e-08
v[3040] = 0
v[3041] = 0
v[3042] = 0
v[3043] = 3602.22
v[3044] = 8.03176e-09
v[3045] = 1798.66
v[3046] = 3213.2
v[3047] = 7.50498e-09
v[3048] = 127.349
v[3049] = 0
v[3050] = 0
v[3051] = 0
v[3052] = 0
v[3053] = 14147.9
v[3054] = 0
v[3055] = 4669.54
v[3056] = 1.68942e-08
v[3057] = 2331.6
v[3058] = 4165.26
v[3059] = 1.62036e-08
v[3060] = 165.082
v[3061] = 0
v[3062] = 0
v[3063] = 0
v[3064] = 6048.33
v[3065] = 4459.81
v[3066] = 4435.92
v[3067] = 4450.17
v[3068] = 6308.33
v[3069] = 0
v[3070] = 4803.52
v[3071] = 4242.81
v[3072] = 3927.25
v[3073] = 2510.51
v[3074] = 0
v[3075] = 0
v[3076] = 5785.36
v[3077] = 4265.9
v[3078] = 4265.9
v[3079] = 4256.68
v[3080] = 0
v[3081] = 0
v[3082] = 0
v[3083] = 0
v[3084] = 6951.07
v[3085] = 3431.47
v[3086] = 0
v[3087] = 0
v[3088] = 0
v[3089] = 229.499
v[3090] = 0
v[3091] = 8912.16
v[3092] = 0
v[3093] = 0
v[3094] = 0
v[3095] = 57425.8
v[3096] = 57129.4
v[3097] = 0
v[3098] = 0
v[3099] = 7363.18
v[3100] = 5429.33
v[3101] = 5429.33
v[3102] = 5417.6
v[3103] = 7679.71
v[3104] = 0
v[3105] = 8152.09
v[3106] = 6011.05
v[3107] = 6011.05
v[3108] = 5998.05
v[3109] = 0
v[3110] = 0
v[3111] = 2971.56
v[3112] = 7889.12
v[3113] = 5817.14
v[3114] = 5804.57
v[3115] = 8228.26
v[3116] = 0
v[3117] = 8941.01
v[3118] = 6578.51
v[3119] = 0
v[3120] = 0
v[3121] = 3259.13
v[3122] = 1406.02
v[3123] = 0
v[3124] = 0
v[3125] = 0
v[3126] = 0
v[3127] = 0
v[3128] = 20963.6
v[3129] = 0
v[3130] = 0
v[3131] = 473.506
v[3132] = 4403.28
v[3133] = 0
v[3134] = 0
v[3135] = 0
v[3136] = 0
v[3137] = 8941.01
v[3138] = 6592.76
v[3139] = 6592.76
v[3140] = 6578.51
v[3141] = 6592.76
v[3142] = 8387.81
v[3143] = 9325.36
v[3144] = 0
v[3145] = 8149.18
v[3146] = 7731.33
v[3147] = 0
v[3148] = 16770.9
v[3149] = 0
v[3150] = 0
v[3151] = 4924.91
v[3152] = 3060.13
v[3153] = 2532.81
v[3154] = 3060.13
v[3155] = 3048.81
v[3156] = 1227.18
v[3157] = 0
v[3158] = 0
v[3159] = 0
v[3160] = 5785.36
v[3161] = 4265.9
v[3162] = 4265.9
v[3163] = 4256.68
v[3164] = 6034.06
v[3165] = 0
v[3166] = 4847
v[3167] = 0
v[3168] = 0
v[3169] = 0
v[3170] = 1784.8
v[3171] = 0
v[3172] = 12354.8
v[3173] = 12791.8
v[3174] = 0
v[3175] = 1027.81
v[3176] = 0
v[3177] = 4938.92
v[3178] = 4513.77
v[3179] = 2856.18
v[3180] = 2856.18
v[3181] = 2846.12
v[3182] = 0
v[3183] = 0
v[3184] = 4276.76
v[3185] = 0
v[3186] = 93.2174
v[3187] = 0
v[3188] = 1562.25
v[3189] = 1583.86
v[3190] = 10901.3
v[3191] = 11286.8
v[3192] = 0
v[3193] = 6585.22
v[3194] = 5973.54
v[3195] = 0
v[3196] = 5629.3
v[3197] = 4083.76
v[3198] = 0
v[3199] = 5973.54
v[3200] = 0
v[3201] = 6585.22
v[3202] = 3.58649e-10
v[3203] = 3.58649e-10
v[3204] = 3.58649e-10
v[3205] = 0
v[3206] = 3.58649e-10
v[3207] = 3.58649e-10
v[3208] = -9.48354e-12
v[3209] = 0
v[3210] = 6.96754e-11
v[3211] = 6.96754e-11
v[3212] = 6.96754e-11
v[3213] = 6.96754e-11
v[3214] = 0
v[3215] = 4.09273e-11
v[3216] = 4.09273e-11
v[3217] = 4.09273e-11
v[3218] = 0
v[3219] = 4.09273e-11
v[3220] = 1282.4
v[3221] = 0
v[3222] = 1282.4
v[3223] = -6.02805e-11
v[3224] = 1282.4
v[3225] = 1282.4
v[3226] = 9.75809e-11
v[3227] = 9.75809e-11
v[3228] = 9.75809e-11
v[3229] = 0
v[3230] = -2.40364e-11
v[3231] = 9.75809e-11
v[3232] = 0
v[3233] = 0
v[3234] = 0
v[3235] = 0
v[3236] = 0
v[3237] = 0
v[3238] = 0
v[3239] = 0
v[3240] = 0
v[3241] = 0
v[3242] = 0
v[3243] = 0
v[3244] = 1.86265e-08
v[3245] = 0
v[3246] = 1.86265e-08
v[3247] = 1.86265e-08
v[3248] = 1.86265e-08
v[3249] = 1.86265e-08
v[3250] = 736.056
v[3251] = 736.056
v[3252] = 0
v[3253] = 8.78231e-12
v[3254] = 0
v[3255] = 1.42713e-10
v[3256] = 1.42713e-10
v[3257] = 1.42713e-10
v[3258] = 1.42713e-10
v[3259] = 0
v[3260] = 0
v[3261] = 0
v[3262] = 0
v[3263] = 0
v[3264] = 3.36086e-10
v[3265] = 3.36086e-10
v[3266] = 3.36086e-10
v[3267] = 0
v[3268] = 0
v[3269] = 0
v[3270] = 0
v[3271] = 0
v[3272] = 0
v[3273] = 0
v[3274] = 0
v[3275] = 0
v[3276] = 0
v[3277] = 0
v[3278] = 0
v[3279] = 0
v[3280] = 0
v[3281] = 0
v[3282] = 0
v[3283] = 0
v[3284] = 0
v[3285] = 0
v[3286] = 0
v[3287] = 0
v[3288] = 0
v[3289] = 0
v[3290] = 0
v[3291] = 0
v[3292] = 0
v[3293] = 0
v[3294] = 0
v[3295] = 0
v[3296] = 0
v[3297] = 0
v[3298] = 0
v[3299] = 0
v[3300] = 0
v[3301] = 0
v[3302] = 0
v[3303] = 0
v[3304] = 0
v[3305] = 0
v[3306] = 0
v[3307] = 0
v[3308] = 0
v[3309] = 0
v[3310] = 0
v[3311] = 0
v[3312] = 0
v[3313] = 0
v[3314] = 0
v[3315] = 0
v[3316] = 0
v[3317] = 0
v[3318] = 0
v[3319] = 0
v[3320] = 0
v[3321] = 0
v[3322] = 0
v[3323] = 0
v[3324] = 0
v[3325] = 0
v[3326] = 0
v[3327] = 0
v[3328] = 0
v[3329] = 0
v[3330] = 0
v[3331] = 0
v[3332] = 0
v[3333] = 0
v[3334] = -9.13637e-12
v[3335] = 0
v[3336] = 0
v[3337] = 5.07801e-13
v[3338] = -3.48315e-12
v[3339] = -3.13018e-12
v[3340] = 4.34916e-12
v[3341] = -5.82077e-11
v[3342] = -2.13542e-12
v[3343] = 0
v[3344] = 0
v[3345] = 0
v[3346] = -2.25565e-12
v[3347] = 0
v[3348] = 0
v[3349] = 0
v[3350] = 0
v[3351] = -2.56829e-12
v[3352] = 0
v[3353] = -1.18529e-10
v[3354] = -2.56829e-12
v[3355] = -8.34565e-13
v[3356] = 0
v[3357] = -1.69936e-11
v[3358] = 0
v[3359] = -1.47535e-12
v[3360] = 0
v[3361] = -5.85229e-12
v[3362] = 0
v[3363] = -1.21671e-10
v[3364] = -5.79544e-12
v[3365] = -4.14699e-12
v[3366] = 0
v[3367] = 0
v[3368] = 0
v[3369] = -7.44555e-12
v[3370] = -9.15085e-12
v[3371] = -1.0373e-11
v[3372] = -1.45226e-11
v[3373] = 0
v[3374] = 0
v[3375] = 0
v[3376] = 0
v[3377] = -1.25046e-11
v[3378] = -8.0424e-12
v[3379] = 0
v[3380] = 0
v[3381] = 1.8115e-12
v[3382] = -1.25804e-12
v[3383] = 0
v[3384] = 0
v[3385] = 2.12414e-12
v[3386] = 359123
v[3387] = 0
v[3388] = -4.83918e-12
v[3389] = -5.71441e-12
v[3390] = 0
v[3391] = 0
v[3392] = 0
v[3393] = 0
v[3394] = 0
v[3395] = 0
v[3396] = -1.08132e-11
v[3397] = -3.6509e-12
v[3398] = -1.29028e-12
v[3399] = -1.033e-11
messed up a farkas cofficient
setting all farkas coefficients to 0
messed up a farkas cofficient
setting all farkas coefficients to 0
messed up a farkas cofficient
setting all farkas coefficients to 0
messed up a farkas cofficient
setting all farkas coefficients to 0
597: cut: -9.5245e+06	calc: -9.5245e+06	diff: -1.11759e-07
791: cut: -3.84837e+07	calc: -3.84837e+07	diff: 1.04308e-07
*** WARNING (version #43016fc): src/PdcUtility.cpp:298: Number of differences between true and calculated cuts: 2. Total difference: 2.16067e-07. Small enough difference that we will try to continue, but beware of numerical issues.
x:
x[0] = -2891.2
x[1] = -3875.59
x[2] = -2583.73
x[3] = -2197.31
x[4] = -3875.59
x[5] = 32515.6
x[6] = -12139.3
x[7] = -3552.63
x[8] = -3714.11
x[9] = -3714.11
x[10] = -2583.73
x[11] = -8.29781
x[12] = -4037.08
x[13] = -3068.18
x[14] = -1503.42
x[15] = -4314.91
x[16] = -3552.63
x[17] = -3391.14
x[18] = -2099.28
x[19] = -4198.56
x[20] = -3068.18
x[21] = -1966.01
x[22] = -3056.4
x[23] = -3714.11
x[24] = -3714.11
x[25] = -3875.59
x[26] = -1850.36
x[27] = -2544.25
x[28] = -2099.28
x[29] = -2745.21
x[30] = -3056.4
x[31] = 86.0839
x[32] = -2099.28
x[33] = -1850.36
x[34] = -2745.21
x[35] = -3775.55
x[36] = -3391.14
x[37] = -3552.63
x[38] = -3955.34
x[39] = -3391.14
x[40] = -4135.13
x[41] = -3875.59
x[42] = -1966.01
x[43] = -2260.76
x[44] = -4037.08
x[45] = -2583.73
x[46] = -8254.7
x[47] = -867.691
x[48] = -2583.73
x[49] = -3415.97
x[50] = -3552.63
x[51] = -2745.21
x[52] = -2422.25
x[53] = -4135.13
x[54] = -4198.56
x[55] = -2337.24
x[56] = -11168.1
x[57] = -2775.55
x[58] = -4037.08
x[59] = -4198.56
x[60] = 6723.64
x[61] = -5393.64
x[62] = 9294.44
x[63] = -7266.74
x[64] = -7751.19
x[65] = -7730.89
x[66] = 6878.67
x[67] = -6943.77
x[68] = -4017.96
x[69] = -4683.01
x[70] = -24989.5
x[71] = -7444.82
x[72] = 5462.48
x[73] = 509.16
x[74] = -15052.7
x[75] = -4674.49
x[76] = 6723.64
x[77] = -4092.63
x[78] = -5088.5
x[79] = 4943.85
x[80] = -23792.9
x[81] = -8450.04
x[82] = -5435.45
x[83] = -5813.39
x[84] = -6297.84
x[85] = -5651.91
x[86] = -2227.38
x[87] = -13596
x[88] = -4494.7
x[89] = -3932.03
x[90] = -5651.91
x[91] = -4198.56
x[92] = 8305.67
x[93] = -7105.25
x[94] = -4854.28
x[95] = -5328.94
x[96] = -7105.25
x[97] = 9508.76
x[98] = -5268.55
x[99] = -18451.7
x[100] = -6620.81
x[101] = -4163.32
x[102] = -5213.85
x[103] = -8809.61
x[104] = -4360.04
x[105] = -9.48561e+06
x[106] = 5537.11
x[107] = -9970.71
x[108] = -4494.7
x[109] = 4746.1
x[110] = -5753.22
x[111] = -3875.59
x[112] = -4264.83
x[113] = 6069.42
x[114] = -3595.76
x[115] = -8321.5
x[116] = -4037.08
x[117] = -4360.04
x[118] = 6069.42
x[119] = -5651.91
x[120] = 4548.34
x[121] = -5328.94
x[122] = 4350.59
x[123] = -6831.95
x[124] = -3875.59
x[125] = -5933.01
x[126] = -5005.97
x[127] = 5537.11
x[128] = 6130.38
x[129] = 5932.62
x[130] = 6723.64
x[131] = 5339.36
x[132] = -14567.1
x[133] = -7940.95
x[134] = 6723.64
x[135] = -11653.7
x[136] = -1358.81
x[137] = 4350.59
x[138] = -5490.42
x[139] = 1142.37
x[140] = -3875.59
x[141] = -4844.49
x[142] = -6472.37
x[143] = -135.953
x[144] = -135.953
x[145] = -45.4039
x[146] = -126.391
x[147] = -83.8782
x[148] = -207.43
x[149] = -509.947
x[150] = -98.3
x[151] = -73.9129
x[152] = -363.797
x[153] = -400.946
x[154] = -151.415
x[155] = 2.13133e-11
x[156] = -2.48044e-13
x[157] = 0
x[158] = -1.35352e-12
x[159] = -3.77919e-16
x[160] = -1.32432e-12
x[161] = 1.04213e-12
x[162] = -334478
x[163] = -7.45755
x[164] = 2.62115e-12
x[165] = 6.0633e-14
x[166] = 0
x[167] = 6.39398e-10
x[168] = 6.27921e-13
x[169] = -7.44132e-12
x[170] = -2.20989e-11
x[171] = 3.82398e-11
x[172] = -4.06057e-11
x[173] = 6.34531e-14
x[174] = -3.97296e-11
x[175] = 3.06356e-11
x[176] = 3.18802e-11
x[177] = -69.7057
x[178] = 6.79563e-11
x[179] = 7.86346e-11
x[180] = 1.57318e-12
x[181] = 5.2595e-14
x[182] = 2.44139e-12
x[183] = 2.90717e-13
x[184] = -1.2852e-12
x[185] = -4.47815e-13
x[186] = 5.40012e-13
x[187] = 161.483
x[188] = 161.483
x[189] = 161.483
x[190] = 161.483
x[191] = 161.483
x[192] = 161.483
x[193] = 671.43
x[194] = -358962
x[195] = 161.483
x[196] = 161.483
x[197] = 161.483
x[198] = 161.483
x[199] = -0
x[200] = 1.07187e-13
x[201] = -2.89412e-11
x[202] = -0
x[203] = -2.84217e-14
x[204] = -2.51763e-12
x[205] = 1.14309e-12
x[206] = 1.66089e-13
x[207] = -8.2423e-13
x[208] = -3.06356e-14
x[209] = -3.06356e-14
x[210] = -3.06356e-14
x[211] = 1.93004e-12
x[212] = -3.06356e-14
x[213] = -1.73085e-12
x[214] = -0
x[215] = 1.83794e-12
x[216] = -0
x[217] = -0
x[218] = 2.87209e-15
x[219] = 2.87209e-15
x[220] = 2.87209e-15
x[221] = 2.70085e-12
x[222] = -1.46372e-12
x[223] = -2.88481e-12
x[224] = -1.46372e-12
x[225] = -1.46372e-12
x[226] = -2.42859e-12
x[227] = 7.35255e-13
x[228] = 1.16415e-12
x[229] = -6.42224e-13
x[230] = -359123
x[231] = 6.66631e-10
x[232] = -6.27417e-11
x[233] = -359123
x[234] = -1.25483e-10
x[235] = 4.2549e-11
x[236] = 4.2549e-11
x[237] = 4.03315e-11
x[238] = -3.14155e-12
x[239] = 3.82945e-15
x[240] = 3.82945e-15
x[241] = 5.82077e-14
x[242] = -0
x[243] = -8.59151e-13
x[244] = -0
x[245] = 0
x[246] = 1.57785e-10
x[247] = -2.91038e-11
x[248] = 0
x[249] = 2.72848e-12
x[250] = -1.39054e-09
x[251] = 484449
x[252] = -3.41167e+08
x[253] = 4.04216e-08
x[254] = 3.63798e-12
x[255] = 484449
x[256] = -0
x[257] = -3819.79
x[258] = 1.90994e-09
x[259] = -181.497
x[260] = 6.60521e-09
x[261] = -300.467
x[262] = -1249.8
x[263] = -34776.4
x[264] = -34910.2
x[265] = -3142.73
x[266] = -383.024
x[267] = -2888.06
x[268] = -2888.06
x[269] = -2009.08
x[270] = -2898.4
x[271] = -1746.6
x[272] = -435.255
x[273] = -210.184
x[274] = -1986.29
x[275] = -7338.77
x[276] = -383.024
x[277] = -37.7175
x[278] = -365.614
x[279] = -220.885
x[280] = -152.81
x[281] = -3264.76
x[282] = -0
x[283] = -2597.46
x[284] = -2041.59
x[285] = -1327.55
x[286] = -400.435
x[287] = -400.435
x[288] = -23.8878
x[289] = -1763.83
x[290] = -2444.67
x[291] = -3361.42
x[292] = 2.41016e-11
x[293] = -152.81
x[294] = -219.557
x[295] = -2041.59
x[296] = -1327.55
x[297] = -32.6988
x[298] = -3154.26
x[299] = -1938.48
x[300] = -2444.67
x[301] = -288.849
x[302] = -219.557
x[303] = -1214.07
x[304] = -1624.04
x[305] = -365.614
x[306] = -383.024
x[307] = -1017.87
x[308] = -1692.03
x[309] = -365.614
x[310] = 1.23691e-10
x[311] = -417.845
x[312] = -2597.46
x[313] = -243.743
x[314] = -239.062
x[315] = -3139.19
x[316] = -278.563
x[317] = -262.849
x[318] = -3479.13
x[319] = -2361.97
x[320] = -1082.2
x[321] = -271.858
x[322] = -181.497
x[323] = -43720.5
x[324] = -1463.53
x[325] = -2762.49
x[326] = -219.557
x[327] = -6.19184e-09
x[328] = -186.183
x[329] = -7032.99
x[330] = -452.665
x[331] = -2869.11
x[332] = -1006.53
x[333] = 1.03319e-09
x[334] = -38448.8
x[335] = -3667
x[336] = -1301.87
x[337] = -3264.76
x[338] = 7.78527e-10
x[339] = -897.002
x[340] = -21346.7
x[341] = -1.98215e-08
x[342] = -458.998
x[343] = -1.62239e+07
x[344] = -13148.6
x[345] = -23388.1
x[346] = -258.186
x[347] = -342.082
x[348] = -8.93815e+06
x[349] = -951.427
x[350] = -1799.17
x[351] = -7486.8
x[352] = -1432.39
x[353] = -2943.47
x[354] = -3369.1
x[355] = -1.09139e-11
x[356] = -21800.9
x[357] = -2869.75
x[358] = -1202.94
x[359] = -1988.52
x[360] = -105.933
x[361] = -25.145
x[362] = -6722.84
x[363] = -11354.7
x[364] = -4536.06
x[365] = -7533.17
x[366] = -7181.21
x[367] = -1145.37
x[368] = 2.72848e-12
x[369] = -1713.87
x[370] = -4394.87
x[371] = -2617.12
x[372] = -697.461
x[373] = -897.002
x[374] = -5730.33
x[375] = -1156.67
x[376] = -1920.53
x[377] = -5194.92
x[378] = -348.935
x[379] = 1.44546e-08
x[380] = -1.14746e+07
x[381] = -3264.76
x[382] = -420.748
x[383] = 1.81672e-08
x[384] = -1.47883e+07
x[385] = -1249.21
x[386] = -2056.51
x[387] = -55037.5
x[388] = -55051.3
x[389] = -392.251
x[390] = -3.48518e-09
x[391] = -32330.6
x[392] = -2159.67
x[393] = -2585.29
x[394] = -7776.87
x[395] = -363.563
x[396] = -5500.5
x[397] = -1341.74
x[398] = -2217.02
x[399] = -3900.77
x[400] = -258.186
x[401] = -5387.64
x[402] = -1662.78
x[403] = -7449.5
x[404] = -1.19129e+07
x[405] = -1156.67
x[406] = -1920.53
x[407] = -8210.5
x[408] = 8.29459e-10
x[409] = -964.981
x[410] = -219.441
x[411] = -95.2109
x[412] = -11.3153
x[413] = -20636.5
x[414] = -1420.95
x[415] = -1531.52
x[416] = -6.61715e+06
x[417] = -9.04585e+06
x[418] = -9.92742e+06
x[419] = -8.05276e+06
x[420] = -5.82077e-10
x[421] = -3009.1
x[422] = -1675.09
x[423] = -5411.02
x[424] = -3899.91
x[425] = -2171.41
x[426] = -1.0924e+07
x[427] = 1.28057e-09
x[428] = -1119.85
x[429] = -7.61024e+06
x[430] = -1526.81
x[431] = -2513.51
x[432] = -1.00389e+07
x[433] = -14079.8
x[434] = -15442.3
x[435] = -11.3153
x[436] = -2777.18
x[437] = -23388.1
x[438] = -2158.28
x[439] = -1098.12
x[440] = -4911.71
x[441] = -6.61715e+06
x[442] = -3001.23
x[443] = -4557.2
x[444] = -6784.43
x[445] = -2669.04
x[446] = -3954.3
x[447] = -7.61024e+06
x[448] = -2.37924e-09
x[449] = -2221.74
x[450] = -1665.61
x[451] = -2742.01
x[452] = 1.01828e-10
x[453] = -1.57785e-10
x[454] = -2.86207e-09
x[455] = -1.57785e-10
x[456] = -9.40803e-10
x[457] = 1.86265e-09
x[458] = 2.56581e-09
x[459] = -1.35003e-09
x[460] = 1.39698e-09
x[461] = -3.52952e-09
x[462] = -1.22236e-09
x[463] = -6.79234e-10
x[464] = -484449
x[465] = -484449
x[466] = -8.16194e-10
x[467] = 9699.4
x[468] = 9543.6
x[469] = 5070.36
x[470] = 33988.3
x[471] = 5161.87
x[472] = 11351
x[473] = 31597.7
x[474] = 20969.6
x[475] = 43041.8
x[476] = 297564
x[477] = 24575
x[478] = 18478.2
x[479] = 90949.3
x[480] = 37853.7
x[481] = -43824
x[482] = -19369
x[483] = -100237
x[484] = 3468.92
x[485] = 820.196
x[486] = 3553.57
x[487] = 790.784
x[488] = 820.196
x[489] = 2390.5
x[490] = 2011.81
x[491] = 7949.04
x[492] = 7835.05
x[493] = 1206.74
x[494] = 3013.62
x[495] = 1126.78
x[496] = 74.5739
x[497] = 1100.05
x[498] = 304.073
x[499] = 1535.72
x[500] = 1595.53
x[501] = 8731.13
x[502] = 8621.69
x[503] = 1620.88
x[504] = 1862.79
x[505] = 751.19
x[506] = 6.70534
x[507] = 733.364
x[508] = 1023.82
x[509] = 917.394
x[510] = 5820.75
x[511] = 5747.79
x[512] = 1080.59
x[513] = 21686.8
x[514] = 20697.3
x[515] = 20756.4
x[516] = 20697.3
x[517] = 20697.3
x[518] = 16906
x[519] = 2872.86
x[520] = 20221.6
x[521] = 26721.6
x[522] = 21980.5
x[523] = 407.787
x[524] = -3.72893e-11
x[525] = 3263.97
x[526] = 1100.05
x[527] = 407.787
x[528] = 1943.51
x[529] = 1783.88
x[530] = 8731.13
x[531] = 6359.84
x[532] = 371.081
x[533] = 14845.5
x[534] = 14773.8
x[535] = 14116.5
x[536] = 14184.1
x[537] = 14116.5
x[538] = 15012.3
x[539] = 14018.3
x[540] = 15420.7
x[541] = 16033.6
x[542] = 14083.6
x[543] = 8102.18
x[544] = 7644.56
x[545] = 8179.86
x[546] = 8102.18
x[547] = 9248.06
x[548] = 8102.18
x[549] = 4089.15
x[550] = 9535.61
x[551] = 3482.1
x[552] = 2819.32
x[553] = 1032.89
x[554] = 2608.95
x[555] = 2097.55
x[556] = 2819.32
x[557] = 1407.75
x[558] = 1462.57
x[559] = 8003.53
x[560] = 8649.17
x[561] = 3159.48
x[562] = 3347.91
x[563] = 3499.64
x[564] = 3127.97
x[565] = 3499.64
x[566] = 3347.91
x[567] = 1862.53
x[568] = 2827.3
x[569] = 8367.33
x[570] = 10349.1
x[571] = 4609.84
x[572] = 390.796
x[573] = 542.536
x[574] = 170.859
x[575] = 1054.21
x[576] = 390.796
x[577] = 1862.53
x[578] = 1709.55
x[579] = 8367.33
x[580] = 8262.45
x[581] = 1652.74
x[582] = 271.858
x[583] = -3.22871e-11
x[584] = 2175.98
x[585] = 733.364
x[586] = 271.858
x[587] = 1295.67
x[588] = 1189.25
x[589] = 5820.75
x[590] = 5747.79
x[591] = 247.388
x[592] = 2352.78
x[593] = 257.139
x[594] = 937.647
x[595] = 42.2684
x[596] = 92.5585
x[597] = 104.841
x[598] = 1289.21
x[599] = 3649.95
x[600] = 3567.87
x[601] = 10489.2
x[602] = 10654.1
x[603] = 10250.1
x[604] = 10654.1
x[605] = 10489.2
x[606] = 5183.9
x[607] = 9923.32
x[608] = 9546.56
x[609] = 18099.2
x[610] = 11860.9
x[611] = 2212.06
x[612] = 1078.21
x[613] = 1222.64
x[614] = 1588.71
x[615] = 2212.06
x[616] = 2438.42
x[617] = 1089.41
x[618] = 6912.14
x[619] = 7246.93
x[620] = 2505.83
x[621] = 4471.94
x[622] = 2988.53
x[623] = 4535.63
x[624] = 2993.98
x[625] = 2988.53
x[626] = 3820.38
x[627] = 3733.91
x[628] = 4133.5
x[629] = 4074.22
x[630] = 2968.65
x[631] = 787.388
x[632] = 787.388
x[633] = 3328.21
x[634] = 482.085
x[635] = 1539.37
x[636] = 787.388
x[637] = 2007.75
x[638] = 1848.12
x[639] = 9170.45
x[640] = 9061.01
x[641] = 201.154
x[642] = 1032.89
x[643] = 1008.38
x[644] = 201.154
x[645] = 1407.75
x[646] = 1462.57
x[647] = 8003.53
x[648] = 7903.22
x[649] = 1686.96
x[650] = 1093.57
x[651] = 985.936
x[652] = 2490.36
x[653] = 962.54
x[654] = 1093.57
x[655] = 1343.76
x[656] = 1396.09
x[657] = 7639.74
x[658] = 7543.98
x[659] = 1418.27
x[660] = -5.37784e-09
x[661] = 610.341
x[662] = 5.44809
x[663] = 595.858
x[664] = 831.851
x[665] = 745.383
x[666] = 4729.36
x[667] = 4670.08
x[668] = 877.976
x[669] = 441.769
x[670] = 3535.96
x[671] = 1191.72
x[672] = 441.769
x[673] = 2105.47
x[674] = 9458.72
x[675] = 6889.82
x[676] = 402.005
x[677] = 50826.8
x[678] = 47300.4
x[679] = 49837.4
x[680] = 50203.5
x[681] = 50826.8
x[682] = 46038.1
x[683] = 49648
x[684] = 47232.1
x[685] = 55861.7
x[686] = 51120.6
x[687] = 4137.6
x[688] = 2185.15
x[689] = 4208.28
x[690] = 2192.27
x[691] = 2185.15
x[692] = 3272.95
x[693] = 3159.88
x[694] = 5405.35
x[695] = 5327.83
x[696] = 2159.15
x[697] = 3155.19
x[698] = 3155.19
x[699] = 2992.63
x[700] = 2269.92
x[701] = 3155.19
x[702] = 1894.38
x[703] = 6495.73
x[704] = 7660.08
x[705] = 3418.04
x[706] = 4351.44
x[707] = 1079.83
x[708] = 4131.5
x[709] = 3596.86
x[710] = 4351.44
x[711] = 1471.74
x[712] = 2924.51
x[713] = 1.31604e-09
x[714] = 10446.3
x[715] = 4707.06
x[716] = 1197.72
x[717] = 1079.83
x[718] = 1054.21
x[719] = 1197.72
x[720] = 1471.74
x[721] = 1529.05
x[722] = 8367.33
x[723] = 8262.45
x[724] = 1553.34
x[725] = 1249.8
x[726] = 1126.78
x[727] = 2846.12
x[728] = 1100.05
x[729] = 9.90804e-09
x[730] = 1535.72
x[731] = 1376.09
x[732] = 8731.13
x[733] = 8621.69
x[734] = 1620.88
x[735] = 4221.18
x[736] = 2385.99
x[737] = 4290.11
x[738] = 2392.7
x[739] = 2385.99
x[740] = 3409.81
x[741] = 3303.39
x[742] = 5087.39
x[743] = 5014.43
x[744] = 2361.52
x[745] = 3719.67
x[746] = 1180.92
x[747] = 3799.09
x[748] = 1190.14
x[749] = 1180.92
x[750] = 2588.67
x[751] = 2442.34
x[752] = 6995.16
x[753] = 6894.84
x[754] = 1147.27
x[755] = 610.341
x[756] = 226.333
x[757] = 595.858
x[758] = 220.885
x[759] = 1052.74
x[760] = 966.267
x[761] = 4729.36
x[762] = 4670.08
x[763] = 877.976
x[764] = 1979.21
x[765] = 1892.08
x[766] = 1093.94
x[767] = 1176.02
x[768] = 1093.94
x[769] = 2181.74
x[770] = 974.731
x[771] = 6184.55
x[772] = 6107.03
x[773] = 1148.12
x[774] = 3155.19
x[775] = 3155.19
x[776] = 2992.63
x[777] = 2269.92
x[778] = 3155.19
x[779] = 1894.38
x[780] = 6495.73
x[781] = 3418.04
x[782] = 2389.55
x[783] = 177.486
x[784] = 46.9495
x[785] = 3.76152
x[786] = 1266.89
x[787] = 3757.88
x[788] = 3671.24
x[789] = 3213.42
x[790] = 1699.91
x[791] = 2191.38
x[792] = 1547.1
x[793] = 1581.04
x[794] = 1589.91
x[795] = 2378.95
x[796] = 2445.29
x[797] = 4729.36
x[798] = 4670.08
x[799] = 1516.57
x[800] = 4221.18
x[801] = 2385.99
x[802] = 4290.11
x[803] = 2392.7
x[804] = 2385.99
x[805] = 3409.81
x[806] = 3303.39
x[807] = 5087.39
x[808] = 5014.43
x[809] = 2361.52
x[810] = 798.139
x[811] = 7.12442
x[812] = 779.199
x[813] = 7.01948e-09
x[814] = 1087.8
x[815] = 974.731
x[816] = 6184.55
x[817] = 6107.03
x[818] = 1148.12
x[819] = 3897.59
x[820] = 3897.59
x[821] = 3696.78
x[822] = 2804.02
x[823] = 3897.59
x[824] = 2340.11
x[825] = 8024.14
x[826] = 9462.45
x[827] = 4222.29
x[828] = 1093.57
x[829] = 985.936
x[830] = 2490.36
x[831] = 962.54
x[832] = 1093.57
x[833] = 1343.76
x[834] = 1396.09
x[835] = 7639.74
x[836] = 7543.98
x[837] = 1418.27
x[838] = 41662.2
x[839] = 37579
x[840] = 41451.9
x[841] = 40940.5
x[842] = 41662.2
x[843] = 36117.4
x[844] = 40297.4
x[845] = 37500
x[846] = 47492.1
x[847] = 42002.4
x[848] = 4083.19
x[849] = 4083.19
x[850] = 3872.82
x[851] = 2937.54
x[852] = 4083.19
x[853] = 2451.55
x[854] = 8406.24
x[855] = 9913.04
x[856] = 4423.35
x[857] = 1093.57
x[858] = 985.936
x[859] = 2490.36
x[860] = 962.54
x[861] = 1093.57
x[862] = 1343.76
x[863] = 1396.09
x[864] = 7639.74
x[865] = 7543.98
x[866] = 1418.27
x[867] = 3521.7
x[868] = 2727.53
x[869] = 2751.42
x[870] = 2767.12
x[871] = 3521.7
x[872] = 2562.98
x[873] = 2094.77
x[874] = 8788.35
x[875] = 9616.54
x[876] = 3877.32
x[877] = 3075.62
x[878] = 1126.78
x[879] = 2846.12
x[880] = 2288.23
x[881] = 3075.62
x[882] = 1535.72
x[883] = 1595.53
x[884] = 8731.13
x[885] = 9435.46
x[886] = 3446.7
x[887] = 4137.6
x[888] = 2185.15
x[889] = 4208.28
x[890] = 2192.27
x[891] = 2185.15
x[892] = 3272.95
x[893] = 3159.88
x[894] = 5405.35
x[895] = 5327.83
x[896] = 2159.15
x[897] = 729.049
x[898] = 657.291
x[899] = 1660.24
x[900] = 641.694
x[901] = 729.049
x[902] = 895.839
x[903] = 930.727
x[904] = 5093.16
x[905] = 5029.32
x[906] = 945.513
x[907] = 424.778
x[908] = 164.935
x[909] = 1145.88
x[910] = 424.778
x[911] = 2024.49
x[912] = 1858.21
x[913] = 9094.93
x[914] = 8980.93
x[915] = 1371.67
x[916] = 833.199
x[917] = 751.19
x[918] = 1897.41
x[919] = 733.364
x[920] = 833.199
x[921] = 1023.82
x[922] = 1063.69
x[923] = 5820.75
x[924] = 5747.79
x[925] = 1080.59
x[926] = 5509.48
x[927] = 5198.3
x[928] = 5562.31
x[929] = 5509.48
x[930] = 6288.68
x[931] = 5509.48
x[932] = 2780.62
x[933] = 6484.21
x[934] = 11616.5
x[935] = 2580.95
x[936] = 252.463
x[937] = 1008.58
x[938] = 46.9649
x[939] = 69.5954
x[940] = 83.2432
x[941] = 1399.21
x[942] = 4913.97
x[943] = 4822.77
x[944] = 751.19
x[945] = 6.70534
x[946] = 733.364
x[947] = 1023.82
x[948] = 917.394
x[949] = 5820.75
x[950] = 5747.79
x[951] = 1080.59
x[952] = 3526.39
x[953] = 3526.39
x[954] = 3344.71
x[955] = 2536.97
x[956] = 3526.39
x[957] = 2117.24
x[958] = 7259.94
x[959] = 3820.16
x[960] = 373.805
x[961] = -3.36513e-11
x[962] = 2991.97
x[963] = 1008.38
x[964] = 373.805
x[965] = 1781.55
x[966] = 1635.22
x[967] = 8003.53
x[968] = 7903.22
x[969] = 713.962
x[970] = 46375.7
x[971] = 45361.2
x[972] = 45490.5
x[973] = 45572.5
x[974] = 45490.5
x[975] = 46578.3
x[976] = 45075.6
x[977] = 47074.2
x[978] = 47818.4
x[979] = 45450.5
x[980] = 781.124
x[981] = 704.24
x[982] = 6.28626
x[983] = 687.529
x[984] = 959.828
x[985] = 860.057
x[986] = 5456.96
x[987] = 5388.56
x[988] = 1013.05
x[989] = 4268.79
x[990] = 4268.79
x[991] = 4048.85
x[992] = 3071.07
x[993] = 3514.21
x[994] = 4268.79
x[995] = 2841.86
x[996] = 461.998
x[997] = 10363.6
x[998] = 4919.01
x[999] = 1220.68
x[1000] = 4670.39
x[1001] = 4066.01
x[1002] = 4919.01
x[1003] = 1663.7
x[1004] = 3305.97
x[1005] = 1.48702e-09
x[1006] = 11808.8
x[1007] = 5321.02
x[1008] = 2412.79
x[1009] = 2412.79
x[1010] = 2288.48
x[1011] = 1735.82
x[1012] = 2412.79
x[1013] = 1448.64
x[1014] = 4967.33
x[1015] = 2613.8
x[1016] = 11374.5
x[1017] = 10912.5
x[1018] = 11350.6
x[1019] = 11374.5
x[1020] = 11094.9
x[1021] = 11374.5
x[1022] = 12846.2
x[1023] = 10422.5
x[1024] = 15716.5
x[1025] = 787.388
x[1026] = 787.388
x[1027] = 3635.41
x[1028] = 789.288
x[1029] = 787.388
x[1030] = 2314.95
x[1031] = 2155.32
x[1032] = 7631.08
x[1033] = 7521.65
x[1034] = 1158.47
x[1035] = 424.778
x[1036] = -9.95897e-11
x[1037] = 3399.97
x[1038] = 1145.88
x[1039] = 424.778
x[1040] = 2024.49
x[1041] = 1858.21
x[1042] = 9094.93
x[1043] = 6624.83
x[1044] = 386.543
x[1045] = 3784.59
x[1046] = 3956.12
x[1047] = 3535.96
x[1048] = 3956.12
x[1049] = 3784.59
x[1050] = 2105.47
x[1051] = 3196.08
x[1052] = 9458.72
x[1053] = 11698.9
x[1054] = 5211.13
x[1055] = 8941.01
x[1056] = 7170.46
x[1057] = 6487.51
x[1058] = 7170.46
x[1059] = 7170.46
x[1060] = 6757.19
x[1061] = 7170.46
x[1062] = 9346.07
x[1063] = 9917.31
x[1064] = 3784.83
x[1065] = 5567.99
x[1066] = 5567.99
x[1067] = 5281.11
x[1068] = 4005.74
x[1069] = 5567.99
x[1070] = 6031.84
x[1071] = 9912.1
x[1072] = 8968.02
x[1073] = 9920.91
x[1074] = 9912.1
x[1075] = 9340.82
x[1076] = 9912.1
x[1077] = 12919.6
x[1078] = 7966.89
x[1079] = 5231.96
x[1080] = 2343.37
x[1081] = 2343.37
x[1082] = 5336.48
x[1083] = 2343.37
x[1084] = 2879.48
x[1085] = 1065.29
x[1086] = -783.459
x[1087] = 3039.15
x[1088] = 5588.37
x[1089] = 2253.57
x[1090] = 20.116
x[1091] = 4041.9
x[1092] = 2752.18
x[1093] = 17462.3
x[1094] = 17243.4
x[1095] = 7980.78
x[1096] = 7980.78
x[1097] = 7569.6
x[1098] = 5741.56
x[1099] = 6570.04
x[1100] = 5313.05
x[1101] = 16430.4
x[1102] = 19375.5
x[1103] = 6432.56
x[1104] = 6432.56
x[1105] = 1596.28
x[1106] = 6107.43
x[1107] = 4662.01
x[1108] = 5317.09
x[1109] = 4323.19
x[1110] = 15442.3
x[1111] = 2239.22
x[1112] = 2239.22
x[1113] = 5099.3
x[1114] = 2239.22
x[1115] = 2751.51
x[1116] = 1017.94
x[1117] = -11524.5
x[1118] = 2904.08
x[1119] = 3143.46
x[1120] = 2.14504e-09
x[1121] = 1020.76
x[1122] = 895.47
x[1123] = 1548.1
x[1124] = 9480.44
x[1125] = 9357.32
x[1126] = 3376.3
x[1127] = -1.19726e-08
x[1128] = 1361.53
x[1129] = 3451.22
x[1130] = 12.1534
x[1131] = 1855.67
x[1132] = 17076.9
x[1133] = 17076.9
x[1134] = 17229.1
x[1135] = 17076.9
x[1136] = 34902.9
x[1137] = 34679.5
x[1138] = 1196.59
x[1139] = 2412.04
x[1140] = 902.884
x[1141] = 16.5982
x[1142] = 2125.02
x[1143] = 2412.04
x[1144] = 16751.3
x[1145] = 16541.5
x[1146] = 5108.21
x[1147] = 5108.21
x[1148] = 4850.02
x[1149] = 3702.18
x[1150] = 5108.21
x[1151] = 3463.87
x[1152] = -7875.51
x[1153] = 5525.67
x[1154] = 25852.4
x[1155] = 23575
x[1156] = 6527.93
x[1157] = 5111.72
x[1158] = 24334.1
x[1159] = 25852.4
x[1160] = 28923.8
x[1161] = 23164.3
x[1162] = 2242.7
x[1163] = 10046.7
x[1164] = 10046.7
x[1165] = 9479.25
x[1166] = 10143
x[1167] = 10046.7
x[1168] = 11467.6
x[1169] = 21183.1
x[1170] = 4825.59
x[1171] = 4825.59
x[1172] = 4576.96
x[1173] = 3471.64
x[1174] = 4825.59
x[1175] = 2897.28
x[1176] = 5227.59
x[1177] = 8941.01
x[1178] = 7170.46
x[1179] = 7170.46
x[1180] = 7170.46
x[1181] = 7170.46
x[1182] = 9346.07
x[1183] = 9917.31
x[1184] = 3784.83
x[1185] = 3264.76
x[1186] = 1220.68
x[1187] = 1085.78
x[1188] = 237.728
x[1189] = 1663.7
x[1190] = 1728.49
x[1191] = 9352.79
x[1192] = 9234.23
x[1193] = 1650.02
x[1194] = 3683.08
x[1195] = 1443.54
x[1196] = 5217.89
x[1197] = 1391.78
x[1198] = 1443.54
x[1199] = 506.083
x[1200] = 13990.3
x[1201] = 13789.7
x[1202] = 2123.86
x[1203] = 6574.27
x[1204] = 5272.4
x[1205] = 4770.22
x[1206] = 5272.4
x[1207] = 5272.4
x[1208] = 4968.52
x[1209] = 5272.4
x[1210] = 6872.11
x[1211] = 4237.71
x[1212] = 2782.96
x[1213] = 15880.3
x[1214] = 15880.3
x[1215] = 14983.3
x[1216] = 16032.5
x[1217] = 15880.3
x[1218] = 18126.2
x[1219] = 33482.9
x[1220] = 8723.18
x[1221] = 8723.18
x[1222] = 8273.74
x[1223] = 6275.66
x[1224] = 7181.21
x[1225] = 8723.18
x[1226] = 5807.29
x[1227] = 944.083
x[1228] = 21177.9
x[1229] = 3934.19
x[1230] = 1541.97
x[1231] = 5573.66
x[1232] = 1486.67
x[1233] = 1541.97
x[1234] = 14944.2
x[1235] = 14729.9
x[1236] = 2268.67
x[1237] = 4535.52
x[1238] = 1705.26
x[1239] = 15.087
x[1240] = 1986.04
x[1241] = 1889.78
x[1242] = 2303.59
x[1243] = 13096.7
x[1244] = 12932.5
x[1245] = 2446.41
x[1246] = 2030.92
x[1247] = 2030.92
x[1248] = 4624.95
x[1249] = 2030.92
x[1250] = 2495.55
x[1251] = 2.36287e-09
x[1252] = -11375.7
x[1253] = 2633.93
x[1254] = -3.36513e-11
x[1255] = 1.44546e-08
x[1256] = 2239.6
x[1257] = 12732.9
x[1258] = 9274.76
x[1259] = 2345.28
x[1260] = 964.206
x[1261] = 1388.01
x[1262] = 953.109
x[1263] = 783.027
x[1264] = 1428.06
x[1265] = 9074.44
x[1266] = 9074.44
x[1267] = 8561.9
x[1268] = 9161.45
x[1269] = 9074.44
x[1270] = 10357.8
x[1271] = 19133.1
x[1272] = 4639.99
x[1273] = 4639.99
x[1274] = 4400.93
x[1275] = 3338.12
x[1276] = 4639.99
x[1277] = 2785.85
x[1278] = 5026.53
x[1279] = 2846.01
x[1280] = 1115.47
x[1281] = 4032.01
x[1282] = 1075.47
x[1283] = 1115.47
x[1284] = 720.237
x[1285] = 10810.7
x[1286] = 1641.16
x[1287] = 4074.85
x[1288] = 1643.23
x[1289] = 14.6679
x[1290] = 1604.23
x[1291] = 2006.8
x[1292] = 12732.9
x[1293] = 12573.3
x[1294] = 441.769
x[1295] = -1.18234e-11
x[1296] = 3535.96
x[1297] = 1191.72
x[1298] = 441.769
x[1299] = 2105.47
x[1300] = 9458.72
x[1301] = 4979.01
x[1302] = 402.005
x[1303] = 17138.7
x[1304] = 14951.5
x[1305] = 14951.5
x[1306] = 14951.5
x[1307] = 14951.5
x[1308] = 17639
x[1309] = 12250.8
x[1310] = 14852.9
x[1311] = 5122.67
x[1312] = 2065.77
x[1313] = 18.4397
x[1314] = 3241.86
x[1315] = 2522.83
x[1316] = 16007.1
x[1317] = 15806.4
x[1318] = 5011.19
x[1319] = 5011.19
x[1320] = 4753
x[1321] = 3605.17
x[1322] = 5011.19
x[1323] = 3008.72
x[1324] = 1718.47
x[1325] = 635.814
x[1326] = 1512.56
x[1327] = 1718.47
x[1328] = 2097.79
x[1329] = 1892.13
x[1330] = 12005.3
x[1331] = 11854.8
x[1332] = 2291.3
x[1333] = 2065.77
x[1334] = 3241.86
x[1335] = 2291.3
x[1336] = 2815.49
x[1337] = 16007.1
x[1338] = 15806.4
x[1339] = 2971.61
x[1340] = 8892.06
x[1341] = 8892.06
x[1342] = 2206.62
x[1343] = 8442.63
x[1344] = 6444.54
x[1345] = 7350.1
x[1346] = 5976.17
x[1347] = 21346.7
x[1348] = 3195.85
x[1349] = 800.4
x[1350] = 1686.69
x[1351] = 3195.85
x[1352] = 783.802
x[1353] = 477.839
x[1354] = 14575
x[1355] = 15385.5
x[1356] = 3907.09
x[1357] = 12315.3
x[1358] = 12315.3
x[1359] = 11619.7
x[1360] = 12433.4
x[1361] = 12315.3
x[1362] = 14057.1
x[1363] = 25966.3
x[1364] = 4773.4
x[1365] = -3.26145e-09
x[1366] = 2135.07
x[1367] = 2623.53
x[1368] = 14915.7
x[1369] = 14728.7
x[1370] = 3013.43
x[1371] = 1181.08
x[1372] = 4269.18
x[1373] = 1138.73
x[1374] = 1181.08
x[1375] = 433.22
x[1376] = 11446.6
x[1377] = 11282.5
x[1378] = 1737.7
x[1379] = 5382.39
x[1380] = 5382.39
x[1381] = 5105.08
x[1382] = 3872.21
x[1383] = 5382.39
x[1384] = 3231.58
x[1385] = 5830.78
x[1386] = 9094.38
x[1387] = 9094.38
x[1388] = 8625.82
x[1389] = 6542.71
x[1390] = 7486.8
x[1391] = 9094.38
x[1392] = 6054.41
x[1393] = 18723
x[1394] = 22079
x[1395] = 3143.46
x[1396] = 1267.63
x[1397] = 11.3153
x[1398] = 1237.55
x[1399] = 1417.34
x[1400] = 1548.1
x[1401] = 9822.52
x[1402] = 9699.4
x[1403] = 9.48092e+06
x[1404] = 9.48039e+06
x[1405] = 9.48101e+06
x[1406] = 9.48225e+06
x[1407] = 7363.18
x[1408] = 5905.08
x[1409] = 5905.08
x[1410] = 5905.08
x[1411] = 5905.08
x[1412] = 7696.76
x[1413] = 8167.2
x[1414] = 3116.91
x[1415] = 8911.02
x[1416] = 8911.02
x[1417] = 7729.94
x[1418] = 4269.18
x[1419] = 7036.32
x[1420] = 7729.94
x[1421] = 6677.57
x[1422] = 4639.99
x[1423] = 4639.99
x[1424] = 4400.93
x[1425] = 3338.12
x[1426] = 4639.99
x[1427] = 2785.85
x[1428] = 5026.53
x[1429] = 6311.3
x[1430] = 5061.5
x[1431] = 5061.5
x[1432] = 5061.5
x[1433] = 2671.64
x[1434] = 6433.96
x[1435] = 2794.18
x[1436] = 2856.18
x[1437] = 9.90804e-09
x[1438] = 1535.72
x[1439] = 8731.13
x[1440] = 6359.84
x[1441] = 3390.33
x[1442] = 246.871
x[1443] = 1632.48
x[1444] = 9727.31
x[1445] = 9604.19
x[1446] = 5675.79
x[1447] = 1408.48
x[1448] = 4113.54
x[1449] = 4691.55
x[1450] = 13625.6
x[1451] = 3520.74
x[1452] = 3711.99
x[1453] = 7349.83
x[1454] = 3857.1
x[1455] = 3570.23
x[1456] = 3857.1
x[1457] = 14254.1
x[1458] = 2910.61
x[1459] = -1.03209e-08
x[1460] = 2975.19
x[1461] = 10.4771
x[1462] = 3143.46
x[1463] = -1.11486e-08
x[1464] = 1267.63
x[1465] = 3213.2
x[1466] = 11.3153
x[1467] = 1237.55
x[1468] = 13625.6
x[1469] = 4074.85
x[1470] = -1.44546e-08
x[1471] = 1643.23
x[1472] = 4165.26
x[1473] = 14.6679
x[1474] = 1604.23
x[1475] = 6048.33
x[1476] = 4850.6
x[1477] = 4826.72
x[1478] = 4850.6
x[1479] = 6708.77
x[1480] = 4242.81
x[1481] = 4242.81
x[1482] = 3927.25
x[1483] = 2524.34
x[1484] = 5785.36
x[1485] = 4639.71
x[1486] = 4639.71
x[1487] = 4639.71
x[1488] = 7640.33
x[1489] = 3141
x[1490] = 74.5739
x[1491] = 127.378
x[1492] = 346.819
x[1493] = 8621.69
x[1494] = 57425.8
x[1495] = 57129.4
x[1496] = 7363.18
x[1497] = 5905.08
x[1498] = 5905.08
x[1499] = 5905.08
x[1500] = 8167.2
x[1501] = 8152.09
x[1502] = 6537.77
x[1503] = 6537.77
x[1504] = 6537.77
x[1505] = 3450.87
x[1506] = 7889.12
x[1507] = 6326.88
x[1508] = 6326.88
x[1509] = 8750.57
x[1510] = 8941.01
x[1511] = 7170.46
x[1512] = 3784.83
x[1513] = 1406.02
x[1514] = 20499.7
x[1515] = 1711.88
x[1516] = 6369.36
x[1517] = 1966.08
x[1518] = 8941.01
x[1519] = 7170.46
x[1520] = 7170.46
x[1521] = 7170.46
x[1522] = 7170.46
x[1523] = 9346.07
x[1524] = 9917.31
x[1525] = 7778.09
x[1526] = 7778.09
x[1527] = 16399.8
x[1528] = 2918.05
x[1529] = 1512.03
x[1530] = 453.673
x[1531] = 1512.03
x[1532] = 1512.03
x[1533] = 789.276
x[1534] = 5785.36
x[1535] = 4639.71
x[1536] = 4639.71
x[1537] = 4639.71
x[1538] = 6417.08
x[1539] = 4269.3
x[1540] = 14.2488
x[1541] = 1784.8
x[1542] = 12369.1
x[1543] = 12214.1
x[1544] = 2759.62
x[1545] = 4105.98
x[1546] = 2856.18
x[1547] = 2856.18
x[1548] = 2856.18
x[1549] = 3767.03
x[1550] = 93.2174
x[1551] = 1562.25
x[1552] = 1919.66
x[1553] = 10913.9
x[1554] = 10777.1
x[1555] = 6681.58
x[1556] = 6681.58
x[1557] = 6337.34
x[1558] = 4806.89
x[1559] = 6681.58
x[1560] = 7238.21
x[1561] = 6.39398e-10
x[1562] = 6.39398e-10
x[1563] = 6.39398e-10
x[1564] = 6.39398e-10
x[1565] = 6.3877e-10
x[1566] = -7.44132e-12
x[1567] = -7.44132e-12
x[1568] = 1.46576e-11
x[1569] = -7.44132e-12
x[1570] = -7.44132e-12
x[1571] = 0
x[1572] = 0
x[1573] = 0
x[1574] = 0
x[1575] = 0
x[1576] = 1282.4
x[1577] = -7.88455e-11
x[1578] = 1282.4
x[1579] = 1282.4
x[1580] = 1282.4
x[1581] = -1.13376e-14
x[1582] = -1.13376e-14
x[1583] = -1.13376e-14
x[1584] = -1.13376e-14
x[1585] = -1.13376e-14
x[1586] = -3.97296e-11
x[1587] = -3.97296e-11
x[1588] = -3.97296e-11
x[1589] = -3.97296e-11
x[1590] = -3.97296e-11
x[1591] = 3.12639e-11
x[1592] = 3.12639e-11
x[1593] = 3.12639e-11
x[1594] = 3.12639e-11
x[1595] = -1.86265e-08
x[1596] = -1.86265e-08
x[1597] = -1.86265e-08
x[1598] = -1.86265e-08
x[1599] = -1.86265e-08
x[1600] = 736.056
x[1601] = 736.056
x[1602] = 5.8435e-11
x[1603] = 7.86346e-11
x[1604] = 7.86346e-11
x[1605] = 7.86346e-11
x[1606] = 7.86346e-11
x[1607] = 1.81899e-12
x[1608] = 1.81899e-12
x[1609] = 1.81899e-12
x[1610] = 1.81899e-12
x[1611] = 0
x[1612] = 0
x[1613] = 0
x[1614] = -3.63798e-12
x[1615] = 4.30574e-13
x[1616] = -1.09438e-13
x[1617] = 8.30692e-13
x[1618] = -1.1042e-12
x[1619] = 2.36038e-12
x[1620] = 6.10919e-14
x[1621] = 0
x[1622] = -4.67796e-11
x[1623] = -3.0839e-13
x[1624] = -2.04349e-12
x[1625] = -1.72864e-12
x[1626] = -3.83406e-12
x[1627] = -4.1467e-12
x[1628] = -4.04404e-13
x[1629] = 3.36775e-13
x[1630] = -7.17043e-13
x[1631] = 6.61413e-13
x[1632] = -1.77248e-12
x[1633] = -2.16655e-12
x[1634] = 3.64421e-12
x[1635] = 7.45191e-13
x[1636] = 1.2852e-12
x[1637] = -3.40438e-12
x[1638] = 1.08625e-12
x[1639] = 1.10151e-12
x[1640] = 9.02563e-13
x[1641] = -5.46945e-13
x[1642] = 2.20442e-13
x[1643] = 359123
x[1644] = -8.59583e-13
x[1645] = -1.20064e-12
x[1646] = 1.93268e-12
x[1647] = 6.67358e-11
b:
b[0] = 90633.9
b[1] = 147864
b[2] = 85216.9
b[3] = 178070
b[4] = 82737.9
b[5] = 180219
b[6] = 7634.33
b[7] = 4.81046e+08
b[8] = 86833.8
b[9] = 383265
b[10] = 234957
b[11] = 90633.9
b[12] = 132866
b[13] = 85216.9
b[14] = 178070
b[15] = 82737.9
b[16] = 194105
b[17] = -181812
b[18] = 4.81046e+08
b[19] = 86833.8
b[20] = 383265
b[21] = 0
b[22] = 234957
b[23] = 0
b[24] = 484449
b[25] = 0
b[26] = 484449
b[27] = 0
b[28] = 0
b[29] = 1215.97
b[30] = -1432.75
b[31] = -3809.01
b[32] = 1539.69
b[33] = -160.29
b[34] = -4039.86
b[35] = 1966.08
b[36] = -1.19873e+07
b[37] = 1242.75
b[38] = 0
b[39] = -1042.73
b[40] = -1432.75
b[41] = -249.252
b[42] = -3262.88
b[43] = 37.0908
b[44] = -2958.8
b[45] = -2013.08
b[46] = -3878.26
b[47] = 304.073
b[48] = -1.16301e+07
b[49] = -245.494
b[50] = 0
b[51] = -1001.02
b[52] = -2013.08
b[53] = -312.462
b[54] = -2175.25
b[55] = 24.7272
b[56] = -2203.75
b[57] = -1335.35
b[58] = -2585.51
b[59] = 0
b[60] = -7.75339e+06
b[61] = -309.957
b[62] = 0
b[63] = -667.348
b[64] = -1342.05
b[65] = 19974.5
b[66] = 18985.1
b[67] = -292.271
b[68] = 19225.8
b[69] = 19974.5
b[70] = -3070.29
b[71] = 21568.2
b[72] = -9.14878e+06
b[73] = 2287.19
b[74] = 14180.4
b[75] = 19974.5
b[76] = 19974.5
b[77] = -3262.88
b[78] = -2855.09
b[79] = -1089.69
b[80] = 230.591
b[81] = -3262.88
b[82] = -3878.26
b[83] = 407.787
b[84] = -1.16297e+07
b[85] = -57.1482
b[86] = 0
b[87] = -3262.88
b[88] = -3262.88
b[89] = 47718.6
b[90] = -1903.34
b[91] = 48914.5
b[92] = -1903.34
b[93] = 47718.6
b[94] = 46056.4
b[95] = 48892.9
b[96] = -6.98618e+06
b[97] = 47715.2
b[98] = 45103.9
b[99] = 45196.7
b[100] = 46740.2
b[101] = -14643.7
b[102] = -3398.83
b[103] = -1592.72
b[104] = -3082.09
b[105] = -2096.96
b[106] = -4039.86
b[107] = 0
b[108] = -1.19949e+07
b[109] = -481.511
b[110] = -26740.7
b[111] = -14643.7
b[112] = -11887.6
b[113] = -3373.99
b[114] = -171.65
b[115] = 33.9999
b[116] = -171.65
b[117] = -1845.32
b[118] = -2465.9
b[119] = 2819.32
b[120] = -1.05773e+07
b[121] = -223.172
b[122] = 0
b[123] = -171.65
b[124] = -171.65
b[125] = -3126.92
b[126] = 220.983
b[127] = 2455.36
b[128] = 220.983
b[129] = -4817.25
b[130] = -1271.24
b[131] = 3347.91
b[132] = -1.09361e+07
b[133] = 1067.64
b[134] = 0
b[135] = 1127.3
b[136] = 1127.3
b[137] = -3126.92
b[138] = -2736.13
b[139] = -501.754
b[140] = -2736.13
b[141] = -4817.25
b[142] = -3716.67
b[143] = 390.796
b[144] = -1.09361e+07
b[145] = -50.1061
b[146] = 0
b[147] = -959.313
b[148] = -1829.81
b[149] = -2175.25
b[150] = -1903.39
b[151] = -726.462
b[152] = 153.727
b[153] = -3351.13
b[154] = -2585.51
b[155] = 271.858
b[156] = -7.75312e+06
b[157] = -38.0988
b[158] = 0
b[159] = -667.348
b[160] = -2175.25
b[161] = 2804.02
b[162] = 708.38
b[163] = 3018.77
b[164] = 665.633
b[165] = 1481.15
b[166] = -730.494
b[167] = 0
b[168] = -8.80618e+06
b[169] = 2804.97
b[170] = 0
b[171] = -750.767
b[172] = 172.93
b[173] = -3834.08
b[174] = 7090.37
b[175] = 9519.04
b[176] = 7090.37
b[177] = -2096.96
b[178] = 5468.39
b[179] = 10489.2
b[180] = -1.19857e+07
b[181] = 8008.38
b[182] = 451.633
b[183] = 8075.5
b[184] = 8075.5
b[185] = -371.048
b[186] = -2583.11
b[187] = 215.535
b[188] = -2611.61
b[189] = -371.048
b[190] = -2352.45
b[191] = 2212.06
b[192] = -9.16412e+06
b[193] = -367.141
b[194] = 0
b[195] = -371.048
b[196] = -371.048
b[197] = 3300.41
b[198] = 1817
b[199] = -1980.68
b[200] = 3488.41
b[201] = 2499.42
b[202] = -2100.73
b[203] = 3584.39
b[204] = -6.33785e+06
b[205] = 3331.62
b[206] = 0
b[207] = -542.22
b[208] = 1596.11
b[209] = -2914.81
b[210] = -2914.81
b[211] = -1529.01
b[212] = -144.489
b[213] = -1970.31
b[214] = -3878.26
b[215] = 348.068
b[216] = -1.163e+07
b[217] = -432.228
b[218] = 0
b[219] = -1001.02
b[220] = -11412.1
b[221] = -3373.99
b[222] = -2789.81
b[223] = 33.9999
b[224] = -2818.31
b[225] = -1845.32
b[226] = -3555.08
b[227] = 201.154
b[228] = -1.05773e+07
b[229] = -223.172
b[230] = 0
b[231] = -917.604
b[232] = -1644.17
b[233] = -3220.63
b[234] = -1761.44
b[235] = 32.4545
b[236] = -163.847
b[237] = -1761.44
b[238] = -3393.48
b[239] = 1093.57
b[240] = -1.02181e+07
b[241] = -215.74
b[242] = 0
b[243] = -875.895
b[244] = -1761.44
b[245] = -1988.28
b[246] = -1767.39
b[247] = 20.0909
b[248] = -1795.89
b[249] = -1084.97
b[250] = -2100.73
b[251] = 0
b[252] = -6.34144e+06
b[253] = -252.772
b[254] = 0
b[255] = -542.22
b[256] = -1090.42
b[257] = -3534.78
b[258] = -3093.01
b[259] = -1180.5
b[260] = 249.807
b[261] = -5445.59
b[262] = -4201.45
b[263] = 441.769
b[264] = -1.2348e+07
b[265] = 0
b[266] = -3534.78
b[267] = -3534.78
b[268] = 48243.7
b[269] = -2583.11
b[270] = 46437.7
b[271] = -2401.42
b[272] = 48243.7
b[273] = 46262.3
b[274] = 50826.8
b[275] = -9.12052e+06
b[276] = 48191.5
b[277] = 40320
b[278] = 48243.7
b[279] = 48243.7
b[280] = 2605.59
b[281] = 653.144
b[282] = -2590.13
b[283] = 2838.83
b[284] = 1545.54
b[285] = -2747.1
b[286] = 2964.35
b[287] = -8.44406e+06
b[288] = 2630.36
b[289] = 0
b[290] = -709.057
b[291] = 364.295
b[292] = 532.804
b[293] = 532.804
b[294] = -1083.05
b[295] = 532.804
b[296] = 532.804
b[297] = -5879.08
b[298] = 2844.01
b[299] = -8.44653e+06
b[300] = -2947.46
b[301] = 0
b[302] = 532.804
b[303] = 532.804
b[304] = -3527.36
b[305] = 1224.51
b[306] = 35.5454
b[307] = 1224.51
b[308] = -1929.2
b[309] = -1174.02
b[310] = 4351.44
b[311] = -1.09364e+07
b[312] = 1164.85
b[313] = -8367.33
b[314] = 1224.51
b[315] = 1224.51
b[316] = -3527.36
b[317] = -1929.2
b[318] = 35.5454
b[319] = -2930.87
b[320] = -1929.2
b[321] = -3716.67
b[322] = 1197.72
b[323] = -1.09364e+07
b[324] = -230.604
b[325] = 0
b[326] = -959.313
b[327] = -1929.2
b[328] = -2013.08
b[329] = -3262.88
b[330] = 37.0908
b[331] = -187.254
b[332] = -3776.9
b[333] = -3878.26
b[334] = 0
b[335] = -1.16301e+07
b[336] = -464.935
b[337] = 0
b[338] = -1001.02
b[339] = -2013.08
b[340] = 2779.3
b[341] = 944.108
b[342] = -2437.77
b[343] = 3001.23
b[344] = 1784.01
b[345] = -2585.51
b[346] = 3119.36
b[347] = -7.75027e+06
b[348] = 2809.4
b[349] = 0
b[350] = -667.348
b[351] = 672.25
b[352] = 1737.08
b[353] = -801.673
b[354] = -3351.93
b[355] = 2026.87
b[356] = 353.195
b[357] = -3555.08
b[358] = 2189.3
b[359] = -1.05751e+07
b[360] = 1764.97
b[361] = 0
b[362] = -917.604
b[363] = -1175.48
b[364] = -1767.39
b[365] = -1767.39
b[366] = 20.0909
b[367] = -1795.89
b[368] = -864.084
b[369] = -2100.73
b[370] = 220.885
b[371] = -6.34122e+06
b[372] = -31.8875
b[373] = 0
b[374] = -542.22
b[375] = -1090.42
b[376] = -331.991
b[377] = -2311.2
b[378] = 1120.21
b[379] = -2368.2
b[380] = -331.991
b[381] = -2350.28
b[382] = 1093.94
b[383] = -8.44593e+06
b[384] = -333.99
b[385] = 0
b[386] = -709.057
b[387] = -1425.93
b[388] = 532.804
b[389] = 532.804
b[390] = -1083.05
b[391] = 532.804
b[392] = 532.804
b[393] = -5879.08
b[394] = 2844.01
b[395] = -8.44653e+06
b[396] = -2947.46
b[397] = 0
b[398] = 532.804
b[399] = 2960.7
b[400] = 748.638
b[401] = 2338.54
b[402] = 720.14
b[403] = 1564.34
b[404] = -786.9
b[405] = 0
b[406] = -9.16534e+06
b[407] = 2964.61
b[408] = 0
b[409] = -792.476
b[410] = 1446.03
b[411] = -67.4835
b[412] = 1601.13
b[413] = -95.9812
b[414] = 490.627
b[415] = -1106.67
b[416] = 0
b[417] = -6.33989e+06
b[418] = 1447.14
b[419] = 0
b[420] = -542.22
b[421] = -451.823
b[422] = 2779.3
b[423] = 944.108
b[424] = -2437.77
b[425] = 3001.23
b[426] = 1784.01
b[427] = -2585.51
b[428] = 3119.36
b[429] = -7.75027e+06
b[430] = 2809.4
b[431] = 0
b[432] = -667.348
b[433] = 672.25
b[434] = -2600.05
b[435] = -2311.2
b[436] = 26.2727
b[437] = -2368.2
b[438] = -1418.81
b[439] = -2747.1
b[440] = 0
b[441] = -8.44702e+06
b[442] = -333.99
b[443] = 0
b[444] = -709.057
b[445] = -1425.93
b[446] = 658.17
b[447] = 658.17
b[448] = -1337.89
b[449] = 658.17
b[450] = 658.17
b[451] = -5954.5
b[452] = 3513.19
b[453] = -1.02175e+07
b[454] = -3620.28
b[455] = 0
b[456] = 658.17
b[457] = 658.17
b[458] = -3220.63
b[459] = -1761.44
b[460] = 32.4545
b[461] = -163.847
b[462] = -1761.44
b[463] = -3393.48
b[464] = 1093.57
b[465] = -1.02181e+07
b[466] = -215.74
b[467] = 0
b[468] = -875.895
b[469] = -1761.44
b[470] = -3373.99
b[471] = 38671.3
b[472] = 36580.2
b[473] = 38671.3
b[474] = -1845.32
b[475] = 36377
b[476] = 41662.2
b[477] = -1.05426e+07
b[478] = 38611.6
b[479] = 29496.5
b[480] = 38671.3
b[481] = 38671.3
b[482] = 689.511
b[483] = 689.511
b[484] = -1401.6
b[485] = 689.511
b[486] = 689.511
b[487] = -5984.03
b[488] = 3680.48
b[489] = -1.05766e+07
b[490] = -3780.48
b[491] = 0
b[492] = 689.511
b[493] = 689.511
b[494] = -3220.63
b[495] = -1761.44
b[496] = 32.4545
b[497] = -163.847
b[498] = -1761.44
b[499] = -3393.48
b[500] = 1093.57
b[501] = -1.02181e+07
b[502] = -215.74
b[503] = 0
b[504] = -875.895
b[505] = -1761.44
b[506] = -3547.94
b[507] = -26.2405
b[508] = -1465.3
b[509] = -600.467
b[510] = 401.208
b[511] = -2424.78
b[512] = 3100.68
b[513] = -1.09358e+07
b[514] = -85.9009
b[515] = 0
b[516] = -26.2405
b[517] = -26.2405
b[518] = -3680.72
b[519] = -187.254
b[520] = 37.0908
b[521] = -187.254
b[522] = -2013.08
b[523] = -2690.08
b[524] = 3075.62
b[525] = -1.16301e+07
b[526] = -245.494
b[527] = 0
b[528] = -187.254
b[529] = -187.254
b[530] = 2605.59
b[531] = 653.144
b[532] = -2590.13
b[533] = 2838.83
b[534] = 1545.54
b[535] = -2747.1
b[536] = 2964.35
b[537] = -8.44406e+06
b[538] = 2630.36
b[539] = 0
b[540] = -709.057
b[541] = 364.295
b[542] = -2147.09
b[543] = -1174.29
b[544] = 21.6363
b[545] = -109.232
b[546] = -1174.29
b[547] = -2262.32
b[548] = 729.049
b[549] = -7.03507e+06
b[550] = -148.798
b[551] = 0
b[552] = -583.93
b[553] = -1174.29
b[554] = -3398.83
b[555] = -2974.05
b[556] = -970.163
b[557] = -3398.83
b[558] = -5236.15
b[559] = -4039.86
b[560] = 424.778
b[561] = -1.19888e+07
b[562] = -56.7328
b[563] = 0
b[564] = -1042.73
b[565] = -2413.7
b[566] = -2453.81
b[567] = -1342.05
b[568] = 24.7272
b[569] = -124.836
b[570] = -1342.05
b[571] = -2585.51
b[572] = 833.199
b[573] = -7.75339e+06
b[574] = -163.663
b[575] = 0
b[576] = -667.348
b[577] = -1342.05
b[578] = -8083.54
b[579] = -2311.2
b[580] = -1083.05
b[581] = -2095.82
b[582] = -1425.93
b[583] = -2747.1
b[584] = 0
b[585] = -8.45084e+06
b[586] = -333.99
b[587] = -15173.2
b[588] = -709.057
b[589] = -8083.54
b[590] = 2223.86
b[591] = -104.63
b[592] = 2462.47
b[593] = -118.879
b[594] = 754.001
b[595] = -1703.38
b[596] = 0
b[597] = -9.5245e+06
b[598] = 2230.72
b[599] = 0
b[600] = -834.185
b[601] = -666.327
b[602] = -2447.11
b[603] = -2175.25
b[604] = 24.7272
b[605] = -2203.75
b[606] = -1335.35
b[607] = -2585.51
b[608] = 0
b[609] = -7.75339e+06
b[610] = -309.957
b[611] = 0
b[612] = -667.348
b[613] = -1342.05
b[614] = 595.487
b[615] = 595.487
b[616] = -1210.47
b[617] = 595.487
b[618] = 595.487
b[619] = -48009.5
b[620] = 3178.6
b[621] = -9.16478e+06
b[622] = -3267.87
b[623] = 0
b[624] = 595.487
b[625] = -2990.97
b[626] = -2617.16
b[627] = -998.886
b[628] = 211.375
b[629] = -4607.81
b[630] = -3555.08
b[631] = 373.805
b[632] = -1.05769e+07
b[633] = -50.5215
b[634] = 0
b[635] = -917.604
b[636] = -2617.16
b[637] = 44064.5
b[638] = -2311.2
b[639] = 44589.4
b[640] = -2368.2
b[641] = 44064.5
b[642] = 42046.2
b[643] = 45490.5
b[644] = -8.40153e+06
b[645] = 43766.9
b[646] = 40889.6
b[647] = 41002.3
b[648] = 42876.5
b[649] = -1258.17
b[650] = -2039.3
b[651] = 23.1818
b[652] = -2082.04
b[653] = -1251.89
b[654] = -2423.91
b[655] = 0
b[656] = -7.39423e+06
b[657] = -293.381
b[658] = 0
b[659] = -625.639
b[660] = -1258.17
b[661] = 720.853
b[662] = 720.853
b[663] = -1465.3
b[664] = 720.853
b[665] = 720.853
b[666] = -1677.69
b[667] = 3847.78
b[668] = 661.192
b[669] = -8326.35
b[670] = 720.853
b[671] = -10936.5
b[672] = -3987.45
b[673] = 1384.23
b[674] = 40.1817
b[675] = 1384.23
b[676] = -2180.83
b[677] = -1327.16
b[678] = 4919.01
b[679] = -1.23484e+07
b[680] = 1317.11
b[681] = -9458.72
b[682] = 1384.23
b[683] = 1384.23
b[684] = 407.439
b[685] = 407.439
b[686] = -828.216
b[687] = 407.439
b[688] = 407.439
b[689] = -5803.66
b[690] = 2174.83
b[691] = -6.34106e+06
b[692] = -2242.65
b[693] = 0
b[694] = 407.439
b[695] = -10580.9
b[696] = 793.525
b[697] = 2414.16
b[698] = 989.574
b[699] = 1991.25
b[700] = -1130
b[701] = 3920.45
b[702] = -1.09325e+07
b[703] = 1208.88
b[704] = -54270.2
b[705] = -959.313
b[706] = -10936.5
b[707] = -1375.44
b[708] = -1375.44
b[709] = -3656.65
b[710] = 1702.08
b[711] = -123.744
b[712] = -3878.26
b[713] = 1887.43
b[714] = -1.16282e+07
b[715] = 1414.34
b[716] = 0
b[717] = -1001.02
b[718] = -1375.44
b[719] = -3398.83
b[720] = -2974.05
b[721] = -1135.1
b[722] = 240.199
b[723] = -3398.83
b[724] = -4039.86
b[725] = 424.778
b[726] = -1.19888e+07
b[727] = -56.7328
b[728] = 0
b[729] = -3398.83
b[730] = -3398.83
b[731] = -3534.78
b[732] = 249.807
b[733] = 2775.62
b[734] = 249.807
b[735] = -5445.59
b[736] = -1437.05
b[737] = 3784.59
b[738] = -1.2348e+07
b[739] = 1207.22
b[740] = 0
b[741] = 1274.34
b[742] = 1274.34
b[743] = 16532.7
b[744] = 14762.1
b[745] = 17157.8
b[746] = 15087.2
b[747] = 16532.7
b[748] = 11918.6
b[749] = 19384.5
b[750] = -1.58712e+07
b[751] = 9762.27
b[752] = -1418.11
b[753] = 10850.8
b[754] = 940.243
b[755] = 940.243
b[756] = -1911.27
b[757] = 940.243
b[758] = 940.243
b[759] = -6772.04
b[760] = 5018.84
b[761] = -3738.11
b[762] = 940.243
b[763] = 10494.3
b[764] = 20406.5
b[765] = 23718.2
b[766] = 20864.7
b[767] = 22854
b[768] = 16475.8
b[769] = 26796.2
b[770] = -2.18708e+07
b[771] = 21265.3
b[772] = -21561.1
b[773] = -1960.34
b[774] = 14999.6
b[775] = -3774.52
b[776] = -3774.52
b[777] = -351.101
b[778] = -3774.52
b[779] = 2343.37
b[780] = -2.08448e+07
b[781] = -15305.6
b[782] = -18826
b[783] = -3774.52
b[784] = -937.385
b[785] = -6525.75
b[786] = 74.1817
b[787] = -6525.75
b[788] = -4006.04
b[789] = -5914.72
b[790] = 0
b[791] = -3.84837e+07
b[792] = -907.498
b[793] = 0
b[794] = -2002.04
b[795] = 1347.68
b[796] = 1347.68
b[797] = -2739.48
b[798] = 1347.68
b[799] = 1347.68
b[800] = -3136.54
b[801] = 1243.28
b[802] = 0
b[803] = 1347.68
b[804] = -20446.6
b[805] = 14179.2
b[806] = 14179.2
b[807] = 12421.6
b[808] = 14179.2
b[809] = 14179.2
b[810] = 10633.6
b[811] = 14097.2
b[812] = 0
b[813] = 14179.2
b[814] = -16167.1
b[815] = -3606.76
b[816] = -3606.76
b[817] = -335.497
b[818] = -3606.76
b[819] = 2239.22
b[820] = -2.01265e+07
b[821] = -14625.3
b[822] = -28765.2
b[823] = -3606.76
b[824] = -185.197
b[825] = -3328.65
b[826] = 136.938
b[827] = -3328.65
b[828] = -1922.63
b[829] = -4363.05
b[830] = 0
b[831] = -2.16471e+07
b[832] = -172.58
b[833] = 0
b[834] = -1126.15
b[835] = -566.337
b[836] = -3942.64
b[837] = 44.8181
b[838] = -214.112
b[839] = -2420.31
b[840] = -6966.88
b[841] = 0
b[842] = -1.37603e+07
b[843] = -4017.22
b[844] = -6661.7
b[845] = -6661.7
b[846] = -26788.5
b[847] = -6040.89
b[848] = -4110.03
b[849] = -27240.9
b[850] = -22242.9
b[851] = 0
b[852] = -2043.75
b[853] = -23299.6
b[854] = -3858.4
b[855] = -9213.91
b[856] = -1202.29
b[857] = -9199.67
b[858] = -3858.4
b[859] = -7433.34
b[860] = 2395.45
b[861] = -2.15414e+07
b[862] = 0
b[863] = -1918.63
b[864] = 11260
b[865] = 11260
b[866] = 11260
b[867] = 11260
b[868] = 14930.7
b[869] = -1.2696e+07
b[870] = 0
b[871] = -8878.54
b[872] = 11260
b[873] = 1734.6
b[874] = 27587
b[875] = 29656
b[876] = 8721.53
b[877] = 9345.91
b[878] = 22637.8
b[879] = 34112.7
b[880] = -2.22226e+07
b[881] = 27765
b[882] = -31002.8
b[883] = -10985.1
b[884] = 3235.14
b[885] = -4214.55
b[886] = -4214.55
b[887] = -1974.98
b[888] = -3821.79
b[889] = -2600.22
b[890] = -5009.42
b[891] = -24194.2
b[892] = -1292.99
b[893] = -14740.6
b[894] = 814.877
b[895] = 814.877
b[896] = -1656.43
b[897] = 814.877
b[898] = 814.877
b[899] = -7072.04
b[900] = 4349.66
b[901] = -1.23476e+07
b[902] = -4453.3
b[903] = 814.877
b[904] = 16532.7
b[905] = 14762.1
b[906] = 15087.2
b[907] = 16532.7
b[908] = 19384.5
b[909] = -1.58712e+07
b[910] = 9762.27
b[911] = -1418.11
b[912] = 10850.8
b[913] = -164.089
b[914] = -3534.78
b[915] = 146.115
b[916] = -3205.37
b[917] = -2074.9
b[918] = -4201.45
b[919] = 343.661
b[920] = -1.23483e+07
b[921] = -154.425
b[922] = 0
b[923] = -1084.44
b[924] = -2180.83
b[925] = -282.111
b[926] = -2521.64
b[927] = -6703.86
b[928] = 1673.45
b[929] = -282.111
b[930] = -7110.15
b[931] = 3460.3
b[932] = -833.737
b[933] = 0
b[934] = -1835.21
b[935] = -2521.64
b[936] = 12156.4
b[937] = 10854.5
b[938] = 12616.1
b[939] = 11093.6
b[940] = 12156.4
b[941] = 8763.71
b[942] = 14253.3
b[943] = -1.1975e+07
b[944] = 11303.7
b[945] = -11468.6
b[946] = -1042.73
b[947] = 7978.52
b[948] = -6661.7
b[949] = -6661.7
b[950] = -3121.74
b[951] = -6040.89
b[952] = -4110.03
b[953] = -7918.12
b[954] = -38242.4
b[955] = -2043.75
b[956] = -23299.6
b[957] = 1473.05
b[958] = 1473.05
b[959] = -2994.32
b[960] = 1473.05
b[961] = 1473.05
b[962] = -3428.31
b[963] = 7862.84
b[964] = 1361.18
b[965] = -17014.7
b[966] = 1473.05
b[967] = -15510
b[968] = -301.346
b[969] = -2693.57
b[970] = -7160.94
b[971] = 1787.55
b[972] = -301.346
b[973] = -7594.93
b[974] = 3696.22
b[975] = -2576.88
b[976] = 0
b[977] = -1960.34
b[978] = -2693.57
b[979] = -358.79
b[980] = -4894.31
b[981] = 70.7233
b[982] = -4550.06
b[983] = -3004.53
b[984] = -5481.43
b[985] = 1889.78
b[986] = -1.69434e+07
b[987] = 0
b[988] = -1501.53
b[989] = -3004.53
b[990] = -3271.25
b[991] = -3271.25
b[992] = -304.288
b[993] = -3271.25
b[994] = 2030.92
b[995] = -1.83554e+07
b[996] = -14188.1
b[997] = -27012.6
b[998] = -3271.25
b[999] = -4758.36
b[1000] = -4758.36
b[1001] = -6137.54
b[1002] = -7330.61
b[1003] = 0
b[1004] = -1.65842e+07
b[1005] = 0
b[1006] = -4758.36
b[1007] = 883.798
b[1008] = -497.271
b[1009] = 2643.01
b[1010] = -221.495
b[1011] = 883.798
b[1012] = -3605.77
b[1013] = 0
b[1014] = -1.41195e+07
b[1015] = -571.847
b[1016] = -497.271
b[1017] = -3806.69
b[1018] = -3806.69
b[1019] = -1783.85
b[1020] = -3451.94
b[1021] = -2348.59
b[1022] = -4524.64
b[1023] = -24991.1
b[1024] = -1167.86
b[1025] = -13314.1
b[1026] = 783.536
b[1027] = 783.536
b[1028] = -1592.72
b[1029] = 783.536
b[1030] = 783.536
b[1031] = -6800.04
b[1032] = 4182.36
b[1033] = -1.19885e+07
b[1034] = -4293.1
b[1035] = 783.536
b[1036] = -217.995
b[1037] = -1948.54
b[1038] = -5180.25
b[1039] = 1293.12
b[1040] = -217.995
b[1041] = -5494.21
b[1042] = 2673.86
b[1043] = -316.435
b[1044] = 0
b[1045] = -1948.54
b[1046] = -683.51
b[1047] = -4758.36
b[1048] = 54.0908
b[1049] = -4772.61
b[1050] = -2921.07
b[1051] = -5655.8
b[1052] = 0
b[1053] = -2.8061e+07
b[1054] = -669.641
b[1055] = 0
b[1056] = -1459.82
b[1057] = -3534.78
b[1058] = -3093.01
b[1059] = -1180.5
b[1060] = 249.807
b[1061] = -5445.59
b[1062] = -4201.45
b[1063] = 441.769
b[1064] = -1.2348e+07
b[1065] = 0
b[1066] = -5445.59
b[1067] = -3534.78
b[1068] = 26516.6
b[1069] = 24329.5
b[1070] = 24731.1
b[1071] = 26516.6
b[1072] = 30039.5
b[1073] = -1.94028e+07
b[1074] = 12059.3
b[1075] = -1751.79
b[1076] = 23581.4
b[1077] = -859.27
b[1078] = -5981.94
b[1079] = 67.9998
b[1080] = -5981.94
b[1081] = -3672.2
b[1082] = -5885.04
b[1083] = 0
b[1084] = -3.52767e+07
b[1085] = -833.737
b[1086] = 0
b[1087] = -1835.21
b[1088] = 846.219
b[1089] = 846.219
b[1090] = -1720.14
b[1091] = 846.219
b[1092] = 846.219
b[1093] = -7344.04
b[1094] = 4516.95
b[1095] = -1.27068e+07
b[1096] = -4613.51
b[1097] = -2767.98
b[1098] = -59523.9
b[1099] = -862.514
b[1100] = -59222.2
b[1101] = -2767.98
b[1102] = -5332.61
b[1103] = 1718.47
b[1104] = -1.55315e+07
b[1105] = -629.032
b[1106] = 0
b[1107] = -1376.41
b[1108] = -3690.64
b[1109] = -5981.94
b[1110] = 67.9998
b[1111] = -5953.44
b[1112] = -3690.64
b[1113] = -5885.04
b[1114] = 2291.3
b[1115] = -2.04856e+07
b[1116] = 0
b[1117] = -1835.21
b[1118] = -3690.64
b[1119] = 19600.7
b[1120] = 19600.7
b[1121] = 17171.1
b[1122] = 19600.7
b[1123] = 19600.7
b[1124] = 14699.4
b[1125] = 19488.9
b[1126] = 0
b[1127] = 19600.7
b[1128] = -22348.6
b[1129] = -898.328
b[1130] = -6253.84
b[1131] = 71.0908
b[1132] = -6239.6
b[1133] = -898.328
b[1134] = -5695.4
b[1135] = 5355.52
b[1136] = -2.15384e+07
b[1137] = -874.346
b[1138] = 0
b[1139] = -898.328
b[1140] = -898.328
b[1141] = -5166.22
b[1142] = -5166.22
b[1143] = -2420.94
b[1144] = -4684.77
b[1145] = -3187.37
b[1146] = -6140.58
b[1147] = -33916.5
b[1148] = -1584.95
b[1149] = -18069.1
b[1150] = -800.683
b[1151] = -5574.08
b[1152] = -5545.58
b[1153] = -3439.01
b[1154] = 2135.07
b[1155] = -1.90737e+07
b[1156] = 0
b[1157] = -1710.08
b[1158] = -230.818
b[1159] = -2063.16
b[1160] = -5484.97
b[1161] = 1369.19
b[1162] = -230.818
b[1163] = -5817.4
b[1164] = 2831.15
b[1165] = -667.065
b[1166] = 0
b[1167] = -1501.53
b[1168] = -2063.16
b[1169] = 908.901
b[1170] = 908.901
b[1171] = -1847.56
b[1172] = 908.901
b[1173] = 908.901
b[1174] = -7888.04
b[1175] = 4851.54
b[1176] = -1.37595e+07
b[1177] = -4965.92
b[1178] = 908.901
b[1179] = 1535.73
b[1180] = 1535.73
b[1181] = -3121.74
b[1182] = 1535.73
b[1183] = 1535.73
b[1184] = -3574.2
b[1185] = 8197.43
b[1186] = 1423.87
b[1187] = 0
b[1188] = 1535.73
b[1189] = -12217
b[1190] = -527.279
b[1191] = -3670.73
b[1192] = 41.7272
b[1193] = -3670.73
b[1194] = -2253.4
b[1195] = -4363.05
b[1196] = 1417.34
b[1197] = -1.27147e+07
b[1198] = -514.662
b[1199] = 0
b[1200] = -1126.15
b[1201] = -3942.64
b[1202] = -1847.56
b[1203] = -3575.22
b[1204] = -4686.24
b[1205] = -9.48259e+06
b[1206] = -2.32506e+07
b[1207] = -9.48314e+06
b[1208] = 13615.1
b[1209] = 12157
b[1210] = 12424.8
b[1211] = 13615.1
b[1212] = 15963.7
b[1213] = -1.33852e+07
b[1214] = 8039.52
b[1215] = -1167.86
b[1216] = 8935.94
b[1217] = -140.616
b[1218] = -140.616
b[1219] = 1938.07
b[1220] = -4438.2
b[1221] = -140.616
b[1222] = -3894.85
b[1223] = -4157.32
b[1224] = -2.88628e+07
b[1225] = -230.107
b[1226] = 783.536
b[1227] = 783.536
b[1228] = -1592.72
b[1229] = 783.536
b[1230] = 783.536
b[1231] = -6800.04
b[1232] = 4182.36
b[1233] = -1.19885e+07
b[1234] = -4293.1
b[1235] = 783.536
b[1236] = 11670.1
b[1237] = 10420.3
b[1238] = 10649.8
b[1239] = 11670.1
b[1240] = -8319.94
b[1241] = -1001.02
b[1242] = 7659.38
b[1243] = -2038.68
b[1244] = -7223.51
b[1245] = -3997.99
b[1246] = 1002.93
b[1247] = -468.693
b[1248] = -3262.88
b[1249] = -177.196
b[1250] = -2232.52
b[1251] = 0
b[1252] = -1.16301e+07
b[1253] = 0
b[1254] = -3262.88
b[1255] = -185.197
b[1256] = -3670.73
b[1257] = -3328.65
b[1258] = -2169.5
b[1259] = 342.082
b[1260] = -1.27076e+07
b[1261] = 0
b[1262] = -1126.15
b[1263] = 12511.1
b[1264] = 10960.3
b[1265] = 12511.1
b[1266] = 9382.57
b[1267] = 0
b[1268] = 12511.1
b[1269] = -14265.1
b[1270] = -1274.18
b[1271] = 626.829
b[1272] = -5935.64
b[1273] = 3345.89
b[1274] = -3428.08
b[1275] = 1.68366e+07
b[1276] = 2.24488e+07
b[1277] = -205.775
b[1278] = -3698.5
b[1279] = -3698.5
b[1280] = -2136.26
b[1281] = -3477.01
b[1282] = -2.40523e+07
b[1283] = -1251.28
b[1284] = -488.222
b[1285] = -3398.83
b[1286] = -184.579
b[1287] = -2086.48
b[1288] = 0
b[1289] = -2.00436e+07
b[1290] = -5309.55
b[1291] = -527.279
b[1292] = -3670.73
b[1293] = 41.7272
b[1294] = -199.346
b[1295] = -2253.4
b[1296] = -4363.05
b[1297] = 0
b[1298] = -1.27123e+07
b[1299] = -3737.85
b[1300] = 0
b[1301] = 12511.1
b[1302] = 960.45
b[1303] = -683.51
b[1304] = -4758.36
b[1305] = 54.0908
b[1306] = -258.411
b[1307] = -2921.07
b[1308] = -5655.8
b[1309] = 0
b[1310] = -1.65904e+07
b[1311] = -4847.85
b[1312] = 11183.9
b[1313] = 9986.14
b[1314] = 10182.2
b[1315] = 11183.9
b[1316] = 6603.89
b[1317] = -959.313
b[1318] = -243.645
b[1319] = -243.645
b[1320] = -243.645
b[1321] = -243.645
b[1322] = 0
b[1323] = -2.64576e+07
b[1324] = 10697.6
b[1325] = 9551.96
b[1326] = 9762.33
b[1327] = 10697.6
b[1328] = -917.604
b[1329] = -2420.94
b[1330] = -8577.91
b[1331] = -4713.62
b[1332] = 1190.97
b[1333] = -121.873
b[1334] = -3262.88
b[1335] = -2958.8
b[1336] = -1885.7
b[1337] = 346.819
b[1338] = -1.92419e+07
b[1339] = -1001.02
b[1340] = -2102.39
b[1341] = -8976.05
b[1342] = -5638.73
b[1343] = 53211.3
b[1344] = 53211.3
b[1345] = 0
b[1346] = -2.48541e+07
b[1347] = 13615.1
b[1348] = 12157
b[1349] = 12424.8
b[1350] = 13615.1
b[1351] = 8039.52
b[1352] = -1167.86
b[1353] = 15073.9
b[1354] = 13459.6
b[1355] = 13756
b[1356] = 15073.9
b[1357] = -14221.1
b[1358] = -1292.99
b[1359] = 9893.36
b[1360] = 14587.6
b[1361] = 13025.4
b[1362] = 14587.6
b[1363] = 8613.77
b[1364] = -1251.28
b[1365] = 16532.7
b[1366] = 16532.7
b[1367] = -15597.4
b[1368] = -1418.11
b[1369] = 10850.8
b[1370] = 7434.69
b[1371] = 6028.67
b[1372] = 6275.54
b[1373] = -2264.71
b[1374] = -1126.15
b[1375] = -23413.7
b[1376] = -1251.28
b[1377] = -14265.1
b[1378] = 16167.1
b[1379] = -1934.15
b[1380] = -273.177
b[1381] = -9640.97
b[1382] = 0
b[1383] = -1.73091e+07
b[1384] = -5888.47
b[1385] = 16532.7
b[1386] = 14762.1
b[1387] = 15087.2
b[1388] = 16532.7
b[1389] = 19384.5
b[1390] = -1.58712e+07
b[1391] = 9762.27
b[1392] = -1418.11
b[1393] = -3262.88
b[1394] = -2013.08
b[1395] = -21420.9
b[1396] = -1001.02
b[1397] = -11412.1
b[1398] = 1.68366e+07
b[1399] = 2248.55
b[1400] = 842.526
b[1401] = 2229
b[1402] = 1100.71
b[1403] = 2248.55
b[1404] = -1810.09
b[1405] = 0
b[1406] = -1.27108e+07
b[1407] = 938.469
b[1408] = 10697.6
b[1409] = 9551.96
b[1410] = 9762.33
b[1411] = 10697.6
b[1412] = 6316.76
b[1413] = -917.604
b[1414] = -353.106
b[1415] = -4622.41
b[1416] = -4297.28
b[1417] = -2837.61
b[1418] = 1784.8
b[1419] = -1.58996e+07
b[1420] = 0
b[1421] = -1418.11
b[1422] = 1607.46
b[1423] = -98.1904
b[1424] = -514.662
b[1425] = 4173.82
b[1426] = 843.103
b[1427] = -406.695
b[1428] = -177.196
b[1429] = 843.103
b[1430] = 0
b[1431] = -1.92419e+07
b[1432] = -311.565
b[1433] = -4078.59
b[1434] = -3698.5
b[1435] = -2516.35
b[1436] = 1562.25
b[1437] = -1.41195e+07
b[1438] = 0
b[1439] = -1251.28
b[1440] = -7318.91
b[1441] = 1128.29
b[1442] = 1128.29
b[1443] = -2293.52
b[1444] = 1128.29
b[1445] = 1128.29
b[1446] = -9792.05
b[1447] = 6022.6
b[1448] = -6151.35
b[1449] = 1128.29
b[1450] = 0
b[1451] = 0
b[1452] = 0
b[1453] = 0
b[1454] = 0
b[1455] = 0
b[1456] = 0
b[1457] = 0
b[1458] = 0
b[1459] = 0
b[1460] = 0
b[1461] = 0
b[1462] = 0
b[1463] = 0
b[1464] = 0
b[1465] = 0
b[1466] = 0
b[1467] = 0
b[1468] = 1282.4
b[1469] = 0
b[1470] = 1282.4
b[1471] = 0
b[1472] = 1282.4
b[1473] = 1282.4
b[1474] = 0
b[1475] = 0
b[1476] = 0
b[1477] = 0
b[1478] = 0
b[1479] = 0
b[1480] = 0
b[1481] = 0
b[1482] = 0
b[1483] = 0
b[1484] = 0
b[1485] = 0
b[1486] = 0
b[1487] = 0
b[1488] = 0
b[1489] = 0
b[1490] = 0
b[1491] = 0
b[1492] = 1.00343e+07
b[1493] = 1.00343e+07
b[1494] = 1.00343e+07
b[1495] = 1.00343e+07
b[1496] = 1.00343e+07
b[1497] = 1.00343e+07
b[1498] = 959.783
b[1499] = 959.783
b[1500] = 223.727
b[1501] = 223.727
b[1502] = 0
b[1503] = 0
b[1504] = 0
b[1505] = 0
b[1506] = 0
b[1507] = 0
b[1508] = 0
b[1509] = 0
b[1510] = 0
b[1511] = 0
b[1512] = 0
b[1513] = 0
b[1514] = 0
b[1515] = 0
b[1516] = 0
b[1517] = 0
b[1518] = 0
b[1519] = 0
b[1520] = 0
b[1521] = 0
b[1522] = 0
b[1523] = 0
b[1524] = 0
b[1525] = 0
b[1526] = 0
b[1527] = 0
b[1528] = 0
b[1529] = 0
b[1530] = 0
b[1531] = 0
b[1532] = 0
b[1533] = 0
b[1534] = 0
b[1535] = 0
b[1536] = 0
b[1537] = 0
b[1538] = 0
b[1539] = 0
b[1540] = 0
b[1541] = 0
b[1542] = 0
b[1543] = 0
b[1544] = 0
b[1545] = 0
b[1546] = 0
b[1547] = 0
b[1548] = 0
b[1549] = 0
b[1550] = 0
b[1551] = 0
b[1552] = 484449
b[1553] = 484449
b[1554] = 484449
b[1555] = 484449
b[1556] = 484449
b[1557] = 484449
b[1558] = 0
b[1559] = -3.41165e+08
b[1560] = -3.41167e+08
b[1561] = -3.41167e+08
b[1562] = 0
b[1563] = -3.41167e+08
b[1564] = 0
b[1565] = 0
b[1566] = 0
b[1567] = 0
b[1568] = 0
b[1569] = 0
b[1570] = 0
b[1571] = 0
b[1572] = 0
b[1573] = 484449
b[1574] = 0
b[1575] = 484449
b[1576] = 0
b[1577] = 484449
b[1578] = 0
b[1579] = 0
b[1580] = 0
b[1581] = 0
b[1582] = -161.483
b[1583] = -161.483
b[1584] = -161.483
b[1585] = -161.483
b[1586] = -161.483
b[1587] = -161.483
b[1588] = -671.43
b[1589] = -161.483
b[1590] = -161.483
b[1591] = -161.483
b[1592] = -161.483
b[1593] = -161.483
b[1594] = -161.483
b[1595] = -161.483
b[1596] = -161.483
b[1597] = -161.483
b[1598] = -161.483
b[1599] = -161.483
b[1600] = -671.43
b[1601] = 358962
b[1602] = -161.483
b[1603] = -161.483
b[1604] = -161.483
b[1605] = -161.483
b[1606] = -161.483
b[1607] = -161.483
b[1608] = -161.483
b[1609] = -161.483
b[1610] = -671.43
b[1611] = 358962
b[1612] = -161.483
b[1613] = -161.483
b[1614] = -161.483
b[1615] = -161.483
b[1616] = -161.483
b[1617] = -161.483
b[1618] = -161.483
b[1619] = -161.483
b[1620] = -161.483
b[1621] = -671.43
b[1622] = 358962
b[1623] = -161.483
b[1624] = -161.483
b[1625] = -161.483
b[1626] = -161.483
b[1627] = -161.483
b[1628] = -161.483
b[1629] = -161.483
b[1630] = -161.483
b[1631] = -161.483
b[1632] = -161.483
b[1633] = -671.43
b[1634] = 358962
b[1635] = -161.483
b[1636] = -161.483
b[1637] = -161.483
b[1638] = -161.483
b[1639] = -161.483
b[1640] = -161.483
b[1641] = -161.483
b[1642] = -161.483
b[1643] = -161.483
b[1644] = -161.483
b[1645] = -671.43
b[1646] = 358962
b[1647] = -161.483
v:
v[0] = -2891.2
v[1] = -3875.59
v[2] = -2583.73
v[3] = -2197.31
v[4] = -3875.59
v[5] = 32515.6
v[6] = -12139.3
v[7] = -3552.63
v[8] = -3714.11
v[9] = -3714.11
v[10] = -2583.73
v[11] = -8.29781
v[12] = -4037.08
v[13] = -3068.18
v[14] = -1503.42
v[15] = -4314.91
v[16] = -3552.63
v[17] = -3391.14
v[18] = -2099.28
v[19] = -4198.56
v[20] = -3068.18
v[21] = -1966.01
v[22] = -3056.4
v[23] = -3714.11
v[24] = -3714.11
v[25] = -3875.59
v[26] = -1850.36
v[27] = -2544.25
v[28] = -2099.28
v[29] = -2745.21
v[30] = -3056.4
v[31] = 86.0839
v[32] = -2099.28
v[33] = -1850.36
v[34] = -2745.21
v[35] = -3775.55
v[36] = -3391.14
v[37] = -3552.63
v[38] = -3955.34
v[39] = -3391.14
v[40] = -4135.13
v[41] = -3875.59
v[42] = -1966.01
v[43] = -2260.76
v[44] = -4037.08
v[45] = -2583.73
v[46] = -8254.7
v[47] = -867.691
v[48] = -2583.73
v[49] = -3415.97
v[50] = -3552.63
v[51] = -2745.21
v[52] = -2422.25
v[53] = -4135.13
v[54] = -4198.56
v[55] = -2337.24
v[56] = -11168.1
v[57] = -2775.55
v[58] = -4037.08
v[59] = -4198.56
v[60] = 6723.64
v[61] = -5393.64
v[62] = 9294.44
v[63] = -7266.74
v[64] = -7751.19
v[65] = -7730.89
v[66] = 6878.67
v[67] = -6943.77
v[68] = -4017.96
v[69] = -4683.01
v[70] = -24989.5
v[71] = -7444.82
v[72] = 5462.48
v[73] = 509.16
v[74] = -15052.7
v[75] = -4674.49
v[76] = 6723.64
v[77] = -4092.63
v[78] = -5088.5
v[79] = 4943.85
v[80] = -23792.9
v[81] = -8450.04
v[82] = -5435.45
v[83] = -5813.39
v[84] = -6297.84
v[85] = -5651.91
v[86] = -2227.38
v[87] = -13596
v[88] = -4494.7
v[89] = -3932.03
v[90] = -5651.91
v[91] = -4198.56
v[92] = 8305.67
v[93] = -7105.25
v[94] = -4854.28
v[95] = -5328.94
v[96] = -7105.25
v[97] = 9508.76
v[98] = -5268.55
v[99] = -18451.7
v[100] = -6620.81
v[101] = -4163.32
v[102] = -5213.85
v[103] = -8809.61
v[104] = -4360.04
v[105] = -9.48561e+06
v[106] = 5537.11
v[107] = -9970.71
v[108] = -4494.7
v[109] = 4746.1
v[110] = -5753.22
v[111] = -3875.59
v[112] = -4264.83
v[113] = 6069.42
v[114] = -3595.76
v[115] = -8321.5
v[116] = -4037.08
v[117] = -4360.04
v[118] = 6069.42
v[119] = -5651.91
v[120] = 4548.34
v[121] = -5328.94
v[122] = 4350.59
v[123] = -6831.95
v[124] = -3875.59
v[125] = -5933.01
v[126] = -5005.97
v[127] = 5537.11
v[128] = 6130.38
v[129] = 5932.62
v[130] = 6723.64
v[131] = 5339.36
v[132] = -14567.1
v[133] = -7940.95
v[134] = 6723.64
v[135] = -11653.7
v[136] = -1358.81
v[137] = 4350.59
v[138] = -5490.42
v[139] = 1142.37
v[140] = -3875.59
v[141] = -4844.49
v[142] = -6472.37
v[143] = -135.953
v[144] = -135.953
v[145] = -45.4039
v[146] = -126.391
v[147] = -83.8782
v[148] = -207.43
v[149] = -509.947
v[150] = -98.3
v[151] = -73.9129
v[152] = -363.797
v[153] = -400.946
v[154] = -151.415
v[155] = 0
v[156] = 0
v[157] = 0
v[158] = 0
v[159] = 0
v[160] = 0
v[161] = 0
v[162] = 0
v[163] = 0
v[164] = 0
v[165] = 0
v[166] = 0
v[167] = 2.13133e-11
v[168] = -2.48044e-13
v[169] = 0
v[170] = -1.35352e-12
v[171] = -3.77919e-16
v[172] = -1.32432e-12
v[173] = 1.04213e-12
v[174] = -334478
v[175] = -7.45755
v[176] = 2.62115e-12
v[177] = 6.0633e-14
v[178] = 0
v[179] = 0
v[180] = 0
v[181] = 0
v[182] = 6.39398e-10
v[183] = 0
v[184] = 6.27921e-13
v[185] = 0
v[186] = -7.44132e-12
v[187] = 0
v[188] = -2.20989e-11
v[189] = 0
v[190] = 0
v[191] = 0
v[192] = 0
v[193] = 0
v[194] = 0
v[195] = 0
v[196] = 0
v[197] = 0
v[198] = 3.82398e-11
v[199] = 0
v[200] = -4.06057e-11
v[201] = 0
v[202] = 0
v[203] = 0
v[204] = 0
v[205] = 0
v[206] = 6.34531e-14
v[207] = 0
v[208] = 0
v[209] = 0
v[210] = 0
v[211] = 0
v[212] = 0
v[213] = -3.97296e-11
v[214] = 0
v[215] = 3.06356e-11
v[216] = 0
v[217] = 0
v[218] = 0
v[219] = 0
v[220] = 3.18802e-11
v[221] = 0
v[222] = -69.7057
v[223] = 0
v[224] = 0
v[225] = 0
v[226] = 0
v[227] = 0
v[228] = 0
v[229] = 0
v[230] = 6.79563e-11
v[231] = 7.86346e-11
v[232] = 0
v[233] = 0
v[234] = 0
v[235] = 0
v[236] = 0
v[237] = 0
v[238] = 1.57318e-12
v[239] = 0
v[240] = 0
v[241] = 0
v[242] = 0
v[243] = 0
v[244] = 0
v[245] = 5.2595e-14
v[246] = 2.44139e-12
v[247] = 2.90717e-13
v[248] = -1.2852e-12
v[249] = -4.47815e-13
v[250] = 5.40012e-13
v[251] = 161.483
v[252] = 161.483
v[253] = 161.483
v[254] = 161.483
v[255] = 161.483
v[256] = 161.483
v[257] = 671.43
v[258] = -358962
v[259] = 161.483
v[260] = 161.483
v[261] = 161.483
v[262] = 161.483
v[263] = -0
v[264] = 0
v[265] = 1.07187e-13
v[266] = -2.89412e-11
v[267] = -0
v[268] = -2.84217e-14
v[269] = 0
v[270] = -2.51763e-12
v[271] = 0
v[272] = 1.14309e-12
v[273] = 1.66089e-13
v[274] = -8.2423e-13
v[275] = -3.06356e-14
v[276] = -3.06356e-14
v[277] = -3.06356e-14
v[278] = 1.93004e-12
v[279] = 0
v[280] = -3.06356e-14
v[281] = 0
v[282] = -1.73085e-12
v[283] = -0
v[284] = 1.83794e-12
v[285] = -0
v[286] = -0
v[287] = 2.87209e-15
v[288] = 2.87209e-15
v[289] = 2.87209e-15
v[290] = 0
v[291] = 2.70085e-12
v[292] = 0
v[293] = -1.46372e-12
v[294] = -2.88481e-12
v[295] = -1.46372e-12
v[296] = 0
v[297] = 0
v[298] = -1.46372e-12
v[299] = 0
v[300] = -2.42859e-12
v[301] = 7.35255e-13
v[302] = 1.16415e-12
v[303] = 0
v[304] = -6.42224e-13
v[305] = -359123
v[306] = 6.66631e-10
v[307] = -6.27417e-11
v[308] = 0
v[309] = -359123
v[310] = -1.25483e-10
v[311] = 4.2549e-11
v[312] = 0
v[313] = 4.2549e-11
v[314] = 4.03315e-11
v[315] = -3.14155e-12
v[316] = 0
v[317] = 3.82945e-15
v[318] = 3.82945e-15
v[319] = 0
v[320] = 5.82077e-14
v[321] = 0
v[322] = 0
v[323] = 0
v[324] = 0
v[325] = -0
v[326] = -8.59151e-13
v[327] = 0
v[328] = -0
v[329] = 0
v[330] = 0
v[331] = 0
v[332] = 0
v[333] = 0
v[334] = 0
v[335] = 0
v[336] = 0
v[337] = 0
v[338] = 0
v[339] = 0
v[340] = 0
v[341] = 0
v[342] = 0
v[343] = 0
v[344] = 0
v[345] = 0
v[346] = 0
v[347] = 1.57785e-10
v[348] = -2.91038e-11
v[349] = 0
v[350] = 2.72848e-12
v[351] = -1.39054e-09
v[352] = 484449
v[353] = -3.41167e+08
v[354] = 4.04216e-08
v[355] = 3.63798e-12
v[356] = 484449
v[357] = -0
v[358] = 0
v[359] = 0
v[360] = -3819.79
v[361] = 0
v[362] = 0
v[363] = 0
v[364] = 0
v[365] = 0
v[366] = 0
v[367] = 0
v[368] = 0
v[369] = 0
v[370] = 1.90994e-09
v[371] = 0
v[372] = 0
v[373] = 0
v[374] = 0
v[375] = 0
v[376] = 0
v[377] = 0
v[378] = 0
v[379] = 0
v[380] = 0
v[381] = 0
v[382] = 0
v[383] = -181.497
v[384] = 0
v[385] = 0
v[386] = 6.60521e-09
v[387] = 0
v[388] = 0
v[389] = 0
v[390] = 0
v[391] = 0
v[392] = 0
v[393] = -300.467
v[394] = 0
v[395] = 0
v[396] = 0
v[397] = 0
v[398] = 0
v[399] = 0
v[400] = 0
v[401] = 0
v[402] = 0
v[403] = 0
v[404] = 0
v[405] = 0
v[406] = -1249.8
v[407] = 0
v[408] = 0
v[409] = 0
v[410] = 0
v[411] = 0
v[412] = 0
v[413] = 0
v[414] = -34776.4
v[415] = 0
v[416] = -34910.2
v[417] = 0
v[418] = 0
v[419] = 0
v[420] = 0
v[421] = 0
v[422] = 0
v[423] = 0
v[424] = -3142.73
v[425] = 0
v[426] = 0
v[427] = 0
v[428] = 0
v[429] = 0
v[430] = 0
v[431] = 0
v[432] = 0
v[433] = 0
v[434] = 0
v[435] = -383.024
v[436] = 0
v[437] = 0
v[438] = 0
v[439] = 0
v[440] = 0
v[441] = 0
v[442] = 0
v[443] = 0
v[444] = 0
v[445] = 0
v[446] = 0
v[447] = 0
v[448] = 0
v[449] = 0
v[450] = -2888.06
v[451] = 0
v[452] = 0
v[453] = 0
v[454] = 0
v[455] = 0
v[456] = 0
v[457] = 0
v[458] = 0
v[459] = 0
v[460] = 0
v[461] = -2888.06
v[462] = 0
v[463] = 0
v[464] = 0
v[465] = 0
v[466] = 0
v[467] = 0
v[468] = 0
v[469] = 0
v[470] = 0
v[471] = 0
v[472] = -2009.08
v[473] = 0
v[474] = 0
v[475] = 0
v[476] = 0
v[477] = 0
v[478] = 0
v[479] = 0
v[480] = 0
v[481] = 0
v[482] = 0
v[483] = 0
v[484] = 0
v[485] = -2898.4
v[486] = -1746.6
v[487] = 0
v[488] = 0
v[489] = 0
v[490] = -435.255
v[491] = 0
v[492] = 0
v[493] = 0
v[494] = 0
v[495] = 0
v[496] = 0
v[497] = 0
v[498] = 0
v[499] = 0
v[500] = 0
v[501] = 0
v[502] = 0
v[503] = 0
v[504] = -210.184
v[505] = 0
v[506] = 0
v[507] = 0
v[508] = 0
v[509] = 0
v[510] = 0
v[511] = 0
v[512] = 0
v[513] = 0
v[514] = -1986.29
v[515] = 0
v[516] = 0
v[517] = 0
v[518] = 0
v[519] = 0
v[520] = 0
v[521] = 0
v[522] = 0
v[523] = 0
v[524] = 0
v[525] = 0
v[526] = 0
v[527] = 0
v[528] = 0
v[529] = 0
v[530] = 0
v[531] = 0
v[532] = 0
v[533] = -7338.77
v[534] = -383.024
v[535] = 0
v[536] = 0
v[537] = -37.7175
v[538] = 0
v[539] = 0
v[540] = 0
v[541] = 0
v[542] = 0
v[543] = 0
v[544] = 0
v[545] = -365.614
v[546] = 0
v[547] = 0
v[548] = 0
v[549] = 0
v[550] = 0
v[551] = 0
v[552] = 0
v[553] = 0
v[554] = 0
v[555] = 0
v[556] = -220.885
v[557] = 0
v[558] = 0
v[559] = -152.81
v[560] = 0
v[561] = 0
v[562] = 0
v[563] = 0
v[564] = 0
v[565] = 0
v[566] = 0
v[567] = 0
v[568] = 0
v[569] = 0
v[570] = 0
v[571] = -3264.76
v[572] = 0
v[573] = 0
v[574] = 0
v[575] = 0
v[576] = 0
v[577] = 0
v[578] = 0
v[579] = 0
v[580] = -0
v[581] = 0
v[582] = 0
v[583] = 0
v[584] = 0
v[585] = 0
v[586] = 0
v[587] = 0
v[588] = 0
v[589] = 0
v[590] = -2597.46
v[591] = 0
v[592] = 0
v[593] = 0
v[594] = 0
v[595] = 0
v[596] = 0
v[597] = 0
v[598] = 0
v[599] = 0
v[600] = 0
v[601] = 0
v[602] = 0
v[603] = 0
v[604] = -2041.59
v[605] = 0
v[606] = 0
v[607] = -1327.55
v[608] = 0
v[609] = 0
v[610] = -400.435
v[611] = 0
v[612] = 0
v[613] = 0
v[614] = 0
v[615] = 0
v[616] = 0
v[617] = 0
v[618] = 0
v[619] = 0
v[620] = 0
v[621] = -400.435
v[622] = 0
v[623] = 0
v[624] = -23.8878
v[625] = 0
v[626] = 0
v[627] = 0
v[628] = 0
v[629] = 0
v[630] = 0
v[631] = 0
v[632] = 0
v[633] = 0
v[634] = 0
v[635] = 0
v[636] = -1763.83
v[637] = 0
v[638] = 0
v[639] = 0
v[640] = 0
v[641] = 0
v[642] = 0
v[643] = 0
v[644] = 0
v[645] = -2444.67
v[646] = 0
v[647] = 0
v[648] = 0
v[649] = 0
v[650] = 0
v[651] = 0
v[652] = 0
v[653] = 0
v[654] = 0
v[655] = 0
v[656] = -3361.42
v[657] = 0
v[658] = 0
v[659] = 0
v[660] = 0
v[661] = 0
v[662] = 0
v[663] = 0
v[664] = 0
v[665] = 0
v[666] = 2.41016e-11
v[667] = 0
v[668] = -152.81
v[669] = 0
v[670] = 0
v[671] = 0
v[672] = 0
v[673] = 0
v[674] = 0
v[675] = 0
v[676] = 0
v[677] = 0
v[678] = 0
v[679] = -219.557
v[680] = 0
v[681] = 0
v[682] = 0
v[683] = 0
v[684] = 0
v[685] = 0
v[686] = 0
v[687] = 0
v[688] = 0
v[689] = 0
v[690] = 0
v[691] = 0
v[692] = -2041.59
v[693] = 0
v[694] = 0
v[695] = -1327.55
v[696] = 0
v[697] = 0
v[698] = 0
v[699] = 0
v[700] = 0
v[701] = -32.6988
v[702] = 0
v[703] = 0
v[704] = -3154.26
v[705] = -1938.48
v[706] = 0
v[707] = 0
v[708] = 0
v[709] = 0
v[710] = 0
v[711] = 0
v[712] = 0
v[713] = 0
v[714] = 0
v[715] = 0
v[716] = 0
v[717] = 0
v[718] = 0
v[719] = 0
v[720] = 0
v[721] = -2444.67
v[722] = 0
v[723] = 0
v[724] = 0
v[725] = 0
v[726] = 0
v[727] = 0
v[728] = 0
v[729] = 0
v[730] = -288.849
v[731] = 0
v[732] = 0
v[733] = -219.557
v[734] = 0
v[735] = 0
v[736] = 0
v[737] = 0
v[738] = 0
v[739] = 0
v[740] = 0
v[741] = 0
v[742] = 0
v[743] = 0
v[744] = 0
v[745] = 0
v[746] = -1214.07
v[747] = 0
v[748] = 0
v[749] = -1624.04
v[750] = 0
v[751] = 0
v[752] = -365.614
v[753] = 0
v[754] = 0
v[755] = 0
v[756] = 0
v[757] = 0
v[758] = 0
v[759] = 0
v[760] = 0
v[761] = 0
v[762] = 0
v[763] = -383.024
v[764] = 0
v[765] = 0
v[766] = 0
v[767] = 0
v[768] = 0
v[769] = 0
v[770] = 0
v[771] = 0
v[772] = 0
v[773] = 0
v[774] = 0
v[775] = 0
v[776] = 0
v[777] = 0
v[778] = 0
v[779] = -1017.87
v[780] = 0
v[781] = 0
v[782] = -1692.03
v[783] = 0
v[784] = 0
v[785] = -365.614
v[786] = 0
v[787] = 0
v[788] = 0
v[789] = 0
v[790] = 0
v[791] = 0
v[792] = 0
v[793] = 0
v[794] = 0
v[795] = 0
v[796] = 1.23691e-10
v[797] = 0
v[798] = 0
v[799] = 0
v[800] = 0
v[801] = 0
v[802] = 0
v[803] = 0
v[804] = 0
v[805] = 0
v[806] = 0
v[807] = -417.845
v[808] = 0
v[809] = 0
v[810] = 0
v[811] = 0
v[812] = 0
v[813] = 0
v[814] = 0
v[815] = 0
v[816] = 0
v[817] = 0
v[818] = 0
v[819] = 0
v[820] = -2597.46
v[821] = 0
v[822] = 0
v[823] = 0
v[824] = 0
v[825] = 0
v[826] = 0
v[827] = 0
v[828] = 0
v[829] = -243.743
v[830] = 0
v[831] = 0
v[832] = 0
v[833] = 0
v[834] = 0
v[835] = 0
v[836] = 0
v[837] = 0
v[838] = 0
v[839] = 0
v[840] = 0
v[841] = 0
v[842] = 0
v[843] = -239.062
v[844] = -3139.19
v[845] = 0
v[846] = 0
v[847] = 0
v[848] = 0
v[849] = 0
v[850] = 0
v[851] = -278.563
v[852] = 0
v[853] = 0
v[854] = 0
v[855] = 0
v[856] = 0
v[857] = 0
v[858] = 0
v[859] = 0
v[860] = 0
v[861] = 0
v[862] = -262.849
v[863] = 0
v[864] = 0
v[865] = 0
v[866] = 0
v[867] = 0
v[868] = 0
v[869] = 0
v[870] = 0
v[871] = -3479.13
v[872] = 0
v[873] = 0
v[874] = 0
v[875] = 0
v[876] = 0
v[877] = 0
v[878] = 0
v[879] = -2361.97
v[880] = -1082.2
v[881] = 0
v[882] = 0
v[883] = 0
v[884] = -271.858
v[885] = 0
v[886] = 0
v[887] = -181.497
v[888] = 0
v[889] = 0
v[890] = 0
v[891] = 0
v[892] = 0
v[893] = 0
v[894] = 0
v[895] = 0
v[896] = 0
v[897] = 0
v[898] = 0
v[899] = 0
v[900] = -43720.5
v[901] = 0
v[902] = 0
v[903] = -1463.53
v[904] = 0
v[905] = 0
v[906] = 0
v[907] = 0
v[908] = 0
v[909] = 0
v[910] = -2762.49
v[911] = 0
v[912] = 0
v[913] = 0
v[914] = 0
v[915] = 0
v[916] = 0
v[917] = 0
v[918] = 0
v[919] = 0
v[920] = -219.557
v[921] = 0
v[922] = 0
v[923] = 0
v[924] = 0
v[925] = 0
v[926] = 0
v[927] = 0
v[928] = 0
v[929] = -6.19184e-09
v[930] = 0
v[931] = -186.183
v[932] = 0
v[933] = 0
v[934] = 0
v[935] = 0
v[936] = 0
v[937] = 0
v[938] = 0
v[939] = 0
v[940] = 0
v[941] = 0
v[942] = 0
v[943] = 0
v[944] = 0
v[945] = 0
v[946] = 0
v[947] = 0
v[948] = -7032.99
v[949] = -452.665
v[950] = 0
v[951] = 0
v[952] = 0
v[953] = 0
v[954] = 0
v[955] = 0
v[956] = 0
v[957] = 0
v[958] = 0
v[959] = 0
v[960] = 0
v[961] = 0
v[962] = 0
v[963] = 0
v[964] = 0
v[965] = -2869.11
v[966] = 0
v[967] = 0
v[968] = -1006.53
v[969] = 0
v[970] = 0
v[971] = 1.03319e-09
v[972] = 0
v[973] = 0
v[974] = 0
v[975] = 0
v[976] = 0
v[977] = 0
v[978] = 0
v[979] = 0
v[980] = -38448.8
v[981] = 0
v[982] = 0
v[983] = 0
v[984] = -3667
v[985] = 0
v[986] = 0
v[987] = 0
v[988] = 0
v[989] = 0
v[990] = 0
v[991] = 0
v[992] = 0
v[993] = 0
v[994] = 0
v[995] = 0
v[996] = 0
v[997] = -1301.87
v[998] = 0
v[999] = 0
v[1000] = 0
v[1001] = 0
v[1002] = 0
v[1003] = 0
v[1004] = 0
v[1005] = 0
v[1006] = 0
v[1007] = 0
v[1008] = -3264.76
v[1009] = 0
v[1010] = 0
v[1011] = 0
v[1012] = 0
v[1013] = 0
v[1014] = 0
v[1015] = 0
v[1016] = 0
v[1017] = 0
v[1018] = 0
v[1019] = 0
v[1020] = 0
v[1021] = 0
v[1022] = 0
v[1023] = 0
v[1024] = 0
v[1025] = 0
v[1026] = 0
v[1027] = 7.78527e-10
v[1028] = 0
v[1029] = 0
v[1030] = 0
v[1031] = 0
v[1032] = -897.002
v[1033] = 0
v[1034] = 0
v[1035] = 0
v[1036] = 0
v[1037] = 0
v[1038] = 0
v[1039] = 0
v[1040] = 0
v[1041] = 0
v[1042] = 0
v[1043] = -21346.7
v[1044] = 0
v[1045] = 0
v[1046] = 0
v[1047] = 0
v[1048] = 0
v[1049] = 0
v[1050] = 0
v[1051] = 0
v[1052] = 0
v[1053] = 0
v[1054] = -1.98215e-08
v[1055] = 0
v[1056] = -458.998
v[1057] = 0
v[1058] = 0
v[1059] = 0
v[1060] = -1.62239e+07
v[1061] = 0
v[1062] = 0
v[1063] = 0
v[1064] = 0
v[1065] = 0
v[1066] = 0
v[1067] = 0
v[1068] = 0
v[1069] = 0
v[1070] = 0
v[1071] = -13148.6
v[1072] = 0
v[1073] = 0
v[1074] = 0
v[1075] = 0
v[1076] = 0
v[1077] = 0
v[1078] = 0
v[1079] = 0
v[1080] = -23388.1
v[1081] = 0
v[1082] = 0
v[1083] = 0
v[1084] = 0
v[1085] = 0
v[1086] = 0
v[1087] = 0
v[1088] = 0
v[1089] = 0
v[1090] = 0
v[1091] = 0
v[1092] = -258.186
v[1093] = 0
v[1094] = 0
v[1095] = -342.082
v[1096] = -8.93815e+06
v[1097] = 0
v[1098] = 0
v[1099] = 0
v[1100] = 0
v[1101] = 0
v[1102] = 0
v[1103] = 0
v[1104] = -951.427
v[1105] = 0
v[1106] = 0
v[1107] = -1799.17
v[1108] = 0
v[1109] = 0
v[1110] = -7486.8
v[1111] = 0
v[1112] = 0
v[1113] = 0
v[1114] = -1432.39
v[1115] = 0
v[1116] = 0
v[1117] = 0
v[1118] = -2943.47
v[1119] = 0
v[1120] = -3369.1
v[1121] = 0
v[1122] = 0
v[1123] = 0
v[1124] = 0
v[1125] = 0
v[1126] = 0
v[1127] = 0
v[1128] = 0
v[1129] = 0
v[1130] = 0
v[1131] = 0
v[1132] = 0
v[1133] = 0
v[1134] = -1.09139e-11
v[1135] = 0
v[1136] = 0
v[1137] = 0
v[1138] = 0
v[1139] = 0
v[1140] = 0
v[1141] = 0
v[1142] = 0
v[1143] = -21800.9
v[1144] = 0
v[1145] = 0
v[1146] = 0
v[1147] = 0
v[1148] = 0
v[1149] = 0
v[1150] = 0
v[1151] = -2869.75
v[1152] = 0
v[1153] = 0
v[1154] = 0
v[1155] = 0
v[1156] = 0
v[1157] = 0
v[1158] = -1202.94
v[1159] = 0
v[1160] = 0
v[1161] = -1988.52
v[1162] = 0
v[1163] = 0
v[1164] = 0
v[1165] = 0
v[1166] = 0
v[1167] = 0
v[1168] = 0
v[1169] = 0
v[1170] = 0
v[1171] = 0
v[1172] = -105.933
v[1173] = 0
v[1174] = -25.145
v[1175] = 0
v[1176] = 0
v[1177] = 0
v[1178] = 0
v[1179] = 0
v[1180] = 0
v[1181] = 0
v[1182] = 0
v[1183] = 0
v[1184] = -6722.84
v[1185] = 0
v[1186] = 0
v[1187] = 0
v[1188] = 0
v[1189] = 0
v[1190] = 0
v[1191] = 0
v[1192] = 0
v[1193] = 0
v[1194] = 0
v[1195] = 0
v[1196] = 0
v[1197] = 0
v[1198] = 0
v[1199] = 0
v[1200] = 0
v[1201] = -11354.7
v[1202] = 0
v[1203] = 0
v[1204] = 0
v[1205] = 0
v[1206] = 0
v[1207] = 0
v[1208] = 0
v[1209] = -4536.06
v[1210] = 0
v[1211] = 0
v[1212] = 0
v[1213] = 0
v[1214] = 0
v[1215] = 0
v[1216] = 0
v[1217] = 0
v[1218] = 0
v[1219] = 0
v[1220] = -7533.17
v[1221] = 0
v[1222] = 0
v[1223] = -7181.21
v[1224] = 0
v[1225] = 0
v[1226] = 0
v[1227] = 0
v[1228] = -1145.37
v[1229] = 0
v[1230] = 0
v[1231] = 0
v[1232] = 2.72848e-12
v[1233] = 0
v[1234] = 0
v[1235] = 0
v[1236] = 0
v[1237] = 0
v[1238] = 0
v[1239] = 0
v[1240] = 0
v[1241] = 0
v[1242] = 0
v[1243] = 0
v[1244] = 0
v[1245] = 0
v[1246] = 0
v[1247] = 0
v[1248] = 0
v[1249] = 0
v[1250] = 0
v[1251] = -1713.87
v[1252] = -4394.87
v[1253] = 0
v[1254] = 0
v[1255] = 0
v[1256] = 0
v[1257] = 0
v[1258] = 0
v[1259] = 0
v[1260] = 0
v[1261] = 0
v[1262] = -2617.12
v[1263] = -697.461
v[1264] = -897.002
v[1265] = 0
v[1266] = 0
v[1267] = 0
v[1268] = 0
v[1269] = 0
v[1270] = 0
v[1271] = 0
v[1272] = -5730.33
v[1273] = 0
v[1274] = 0
v[1275] = 0
v[1276] = 0
v[1277] = 0
v[1278] = 0
v[1279] = -1156.67
v[1280] = 0
v[1281] = 0
v[1282] = -1920.53
v[1283] = 0
v[1284] = 0
v[1285] = 0
v[1286] = -5194.92
v[1287] = 0
v[1288] = 0
v[1289] = 0
v[1290] = 0
v[1291] = 0
v[1292] = 0
v[1293] = 0
v[1294] = 0
v[1295] = 0
v[1296] = 0
v[1297] = -348.935
v[1298] = 0
v[1299] = 0
v[1300] = 1.44546e-08
v[1301] = -1.14746e+07
v[1302] = 0
v[1303] = 0
v[1304] = 0
v[1305] = 0
v[1306] = 0
v[1307] = 0
v[1308] = -3264.76
v[1309] = 0
v[1310] = 0
v[1311] = 0
v[1312] = 0
v[1313] = 0
v[1314] = 0
v[1315] = 0
v[1316] = 0
v[1317] = 0
v[1318] = 0
v[1319] = 0
v[1320] = 0
v[1321] = 0
v[1322] = 0
v[1323] = 0
v[1324] = 0
v[1325] = -420.748
v[1326] = 0
v[1327] = 0
v[1328] = 1.81672e-08
v[1329] = -1.47883e+07
v[1330] = 0
v[1331] = 0
v[1332] = 0
v[1333] = 0
v[1334] = 0
v[1335] = 0
v[1336] = 0
v[1337] = -1249.21
v[1338] = 0
v[1339] = 0
v[1340] = -2056.51
v[1341] = 0
v[1342] = -55037.5
v[1343] = 0
v[1344] = -55051.3
v[1345] = 0
v[1346] = 0
v[1347] = 0
v[1348] = 0
v[1349] = 0
v[1350] = 0
v[1351] = 0
v[1352] = 0
v[1353] = 0
v[1354] = -392.251
v[1355] = -3.48518e-09
v[1356] = 0
v[1357] = 0
v[1358] = 0
v[1359] = 0
v[1360] = 0
v[1361] = 0
v[1362] = 0
v[1363] = 0
v[1364] = 0
v[1365] = 0
v[1366] = 0
v[1367] = 0
v[1368] = 0
v[1369] = -32330.6
v[1370] = 0
v[1371] = -2159.67
v[1372] = 0
v[1373] = -2585.29
v[1374] = 0
v[1375] = 0
v[1376] = 0
v[1377] = 0
v[1378] = 0
v[1379] = 0
v[1380] = 0
v[1381] = 0
v[1382] = 0
v[1383] = 0
v[1384] = 0
v[1385] = 0
v[1386] = 0
v[1387] = -7776.87
v[1388] = 0
v[1389] = 0
v[1390] = 0
v[1391] = -363.563
v[1392] = 0
v[1393] = 0
v[1394] = 0
v[1395] = 0
v[1396] = 0
v[1397] = 0
v[1398] = -5500.5
v[1399] = 0
v[1400] = 0
v[1401] = 0
v[1402] = 0
v[1403] = 0
v[1404] = 0
v[1405] = 0
v[1406] = 0
v[1407] = 0
v[1408] = 0
v[1409] = 0
v[1410] = 0
v[1411] = -1341.74
v[1412] = 0
v[1413] = 0
v[1414] = -2217.02
v[1415] = 0
v[1416] = 0
v[1417] = 0
v[1418] = 0
v[1419] = 0
v[1420] = 0
v[1421] = 0
v[1422] = 0
v[1423] = 0
v[1424] = 0
v[1425] = -3900.77
v[1426] = 0
v[1427] = 0
v[1428] = 0
v[1429] = -258.186
v[1430] = 0
v[1431] = 0
v[1432] = 0
v[1433] = -5387.64
v[1434] = 0
v[1435] = 0
v[1436] = 0
v[1437] = 0
v[1438] = 0
v[1439] = 0
v[1440] = -1662.78
v[1441] = -7449.5
v[1442] = 0
v[1443] = 0
v[1444] = 0
v[1445] = 0
v[1446] = 0
v[1447] = 0
v[1448] = 0
v[1449] = 0
v[1450] = 0
v[1451] = 0
v[1452] = 0
v[1453] = 0
v[1454] = 0
v[1455] = 0
v[1456] = 0
v[1457] = 0
v[1458] = -1.19129e+07
v[1459] = 0
v[1460] = 0
v[1461] = 0
v[1462] = 0
v[1463] = 0
v[1464] = 0
v[1465] = -1156.67
v[1466] = 0
v[1467] = 0
v[1468] = -1920.53
v[1469] = 0
v[1470] = 0
v[1471] = 0
v[1472] = 0
v[1473] = 0
v[1474] = -8210.5
v[1475] = 0
v[1476] = 8.29459e-10
v[1477] = 0
v[1478] = -964.981
v[1479] = 0
v[1480] = 0
v[1481] = 0
v[1482] = 0
v[1483] = -219.441
v[1484] = 0
v[1485] = 0
v[1486] = 0
v[1487] = 0
v[1488] = -95.2109
v[1489] = -11.3153
v[1490] = 0
v[1491] = 0
v[1492] = 0
v[1493] = 0
v[1494] = 0
v[1495] = 0
v[1496] = 0
v[1497] = 0
v[1498] = 0
v[1499] = -20636.5
v[1500] = 0
v[1501] = 0
v[1502] = -1420.95
v[1503] = 0
v[1504] = -1531.52
v[1505] = 0
v[1506] = -6.61715e+06
v[1507] = 0
v[1508] = -9.04585e+06
v[1509] = 0
v[1510] = 0
v[1511] = 0
v[1512] = 0
v[1513] = 0
v[1514] = -9.92742e+06
v[1515] = 0
v[1516] = 0
v[1517] = 0
v[1518] = 0
v[1519] = 0
v[1520] = -8.05276e+06
v[1521] = 0
v[1522] = -5.82077e-10
v[1523] = 0
v[1524] = 0
v[1525] = 0
v[1526] = 0
v[1527] = 0
v[1528] = 0
v[1529] = 0
v[1530] = -3009.1
v[1531] = -1675.09
v[1532] = 0
v[1533] = -5411.02
v[1534] = 0
v[1535] = 0
v[1536] = 0
v[1537] = 0
v[1538] = 0
v[1539] = 0
v[1540] = 0
v[1541] = -3899.91
v[1542] = -2171.41
v[1543] = 0
v[1544] = 0
v[1545] = 0
v[1546] = 0
v[1547] = 0
v[1548] = 0
v[1549] = 0
v[1550] = 0
v[1551] = 0
v[1552] = 0
v[1553] = -1.0924e+07
v[1554] = 0
v[1555] = 0
v[1556] = 0
v[1557] = 0
v[1558] = 1.28057e-09
v[1559] = 0
v[1560] = -1119.85
v[1561] = 0
v[1562] = 0
v[1563] = 0
v[1564] = 0
v[1565] = 0
v[1566] = 0
v[1567] = -7.61024e+06
v[1568] = 0
v[1569] = -1526.81
v[1570] = -2513.51
v[1571] = 0
v[1572] = 0
v[1573] = 0
v[1574] = -1.00389e+07
v[1575] = 0
v[1576] = 0
v[1577] = 0
v[1578] = 0
v[1579] = 0
v[1580] = 0
v[1581] = 0
v[1582] = 0
v[1583] = 0
v[1584] = -14079.8
v[1585] = 0
v[1586] = 0
v[1587] = 0
v[1588] = 0
v[1589] = 0
v[1590] = 0
v[1591] = 0
v[1592] = -15442.3
v[1593] = 0
v[1594] = 0
v[1595] = 0
v[1596] = -11.3153
v[1597] = 0
v[1598] = -2777.18
v[1599] = 0
v[1600] = 0
v[1601] = -23388.1
v[1602] = 0
v[1603] = 0
v[1604] = 0
v[1605] = 0
v[1606] = -2158.28
v[1607] = -1098.12
v[1608] = 0
v[1609] = 0
v[1610] = 0
v[1611] = 0
v[1612] = 0
v[1613] = 0
v[1614] = 0
v[1615] = 0
v[1616] = 0
v[1617] = -4911.71
v[1618] = 0
v[1619] = 0
v[1620] = -6.61715e+06
v[1621] = 0
v[1622] = 0
v[1623] = 0
v[1624] = 0
v[1625] = 0
v[1626] = 0
v[1627] = -3001.23
v[1628] = -4557.2
v[1629] = 0
v[1630] = 0
v[1631] = 0
v[1632] = 0
v[1633] = 0
v[1634] = 0
v[1635] = 0
v[1636] = 0
v[1637] = 0
v[1638] = 0
v[1639] = 0
v[1640] = -6784.43
v[1641] = 0
v[1642] = -2669.04
v[1643] = 0
v[1644] = -3954.3
v[1645] = 0
v[1646] = 0
v[1647] = 0
v[1648] = 0
v[1649] = 0
v[1650] = 0
v[1651] = -7.61024e+06
v[1652] = 0
v[1653] = 0
v[1654] = 0
v[1655] = -2.37924e-09
v[1656] = 0
v[1657] = 0
v[1658] = 0
v[1659] = -2221.74
v[1660] = 0
v[1661] = 0
v[1662] = 0
v[1663] = 0
v[1664] = 0
v[1665] = 0
v[1666] = -1665.61
v[1667] = 0
v[1668] = -2742.01
v[1669] = 0
v[1670] = 0
v[1671] = 0
v[1672] = 1.01828e-10
v[1673] = 0
v[1674] = 0
v[1675] = 0
v[1676] = -1.57785e-10
v[1677] = -2.86207e-09
v[1678] = -1.57785e-10
v[1679] = 0
v[1680] = 0
v[1681] = -9.40803e-10
v[1682] = 0
v[1683] = 0
v[1684] = 0
v[1685] = 1.86265e-09
v[1686] = 0
v[1687] = 0
v[1688] = 0
v[1689] = 0
v[1690] = 0
v[1691] = 0
v[1692] = 0
v[1693] = 0
v[1694] = 0
v[1695] = 0
v[1696] = 0
v[1697] = 0
v[1698] = 2.56581e-09
v[1699] = 0
v[1700] = 0
v[1701] = -1.35003e-09
v[1702] = 0
v[1703] = 1.39698e-09
v[1704] = 0
v[1705] = 0
v[1706] = 0
v[1707] = -3.52952e-09
v[1708] = 0
v[1709] = 0
v[1710] = -1.22236e-09
v[1711] = -6.79234e-10
v[1712] = 0
v[1713] = 0
v[1714] = 0
v[1715] = 0
v[1716] = 0
v[1717] = 0
v[1718] = 0
v[1719] = 0
v[1720] = 0
v[1721] = 0
v[1722] = 0
v[1723] = 0
v[1724] = 0
v[1725] = 0
v[1726] = 0
v[1727] = 0
v[1728] = -484449
v[1729] = 0
v[1730] = -484449
v[1731] = 0
v[1732] = 0
v[1733] = -8.16194e-10
v[1734] = 0
v[1735] = 0
v[1736] = 0
v[1737] = 0
v[1738] = 0
v[1739] = 0
v[1740] = 0
v[1741] = 0
v[1742] = 0
v[1743] = 0
v[1744] = 0
v[1745] = 0
v[1746] = 0
v[1747] = 0
v[1748] = 0
v[1749] = 9699.4
v[1750] = 9543.6
v[1751] = 5070.36
v[1752] = 33988.3
v[1753] = 5161.87
v[1754] = 11351
v[1755] = 31597.7
v[1756] = 20969.6
v[1757] = 43041.8
v[1758] = 297564
v[1759] = 24575
v[1760] = 18478.2
v[1761] = 90949.3
v[1762] = 37853.7
v[1763] = 0
v[1764] = -43824
v[1765] = 0
v[1766] = 0
v[1767] = 0
v[1768] = 0
v[1769] = -19369
v[1770] = 0
v[1771] = 0
v[1772] = 0
v[1773] = -100237
v[1774] = 0
v[1775] = 0
v[1776] = 0
v[1777] = 0
v[1778] = 0
v[1779] = 0
v[1780] = 0
v[1781] = 3468.92
v[1782] = 820.196
v[1783] = 0
v[1784] = 3553.57
v[1785] = 790.784
v[1786] = 0
v[1787] = 820.196
v[1788] = 2390.5
v[1789] = 2011.81
v[1790] = 7949.04
v[1791] = 7835.05
v[1792] = 1206.74
v[1793] = 3013.62
v[1794] = 0
v[1795] = 1126.78
v[1796] = 74.5739
v[1797] = 0
v[1798] = 1100.05
v[1799] = 304.073
v[1800] = 1535.72
v[1801] = 1595.53
v[1802] = 8731.13
v[1803] = 8621.69
v[1804] = 1620.88
v[1805] = 1862.79
v[1806] = 0
v[1807] = 751.19
v[1808] = 0
v[1809] = 6.70534
v[1810] = 733.364
v[1811] = 0
v[1812] = 1023.82
v[1813] = 917.394
v[1814] = 5820.75
v[1815] = 5747.79
v[1816] = 1080.59
v[1817] = 21686.8
v[1818] = 20697.3
v[1819] = 0
v[1820] = 20756.4
v[1821] = 20697.3
v[1822] = 0
v[1823] = 20697.3
v[1824] = 16906
v[1825] = 2872.86
v[1826] = 20221.6
v[1827] = 26721.6
v[1828] = 21980.5
v[1829] = 0
v[1830] = 407.787
v[1831] = -3.72893e-11
v[1832] = 3263.97
v[1833] = 0
v[1834] = 1100.05
v[1835] = 407.787
v[1836] = 1943.51
v[1837] = 1783.88
v[1838] = 8731.13
v[1839] = 6359.84
v[1840] = 371.081
v[1841] = 14845.5
v[1842] = 0
v[1843] = 14773.8
v[1844] = 0
v[1845] = 14116.5
v[1846] = 14184.1
v[1847] = 14116.5
v[1848] = 15012.3
v[1849] = 14018.3
v[1850] = 15420.7
v[1851] = 16033.6
v[1852] = 14083.6
v[1853] = 0
v[1854] = 8102.18
v[1855] = 7644.56
v[1856] = 8179.86
v[1857] = 8102.18
v[1858] = 9248.06
v[1859] = 8102.18
v[1860] = 4089.15
v[1861] = 9535.61
v[1862] = 0
v[1863] = 3482.1
v[1864] = 0
v[1865] = 0
v[1866] = 2819.32
v[1867] = 1032.89
v[1868] = 2608.95
v[1869] = 0
v[1870] = 2097.55
v[1871] = 2819.32
v[1872] = 1407.75
v[1873] = 1462.57
v[1874] = 8003.53
v[1875] = 8649.17
v[1876] = 3159.48
v[1877] = 0
v[1878] = 3347.91
v[1879] = 3499.64
v[1880] = 3127.97
v[1881] = 0
v[1882] = 3499.64
v[1883] = 3347.91
v[1884] = 1862.53
v[1885] = 2827.3
v[1886] = 8367.33
v[1887] = 10349.1
v[1888] = 4609.84
v[1889] = 0
v[1890] = 390.796
v[1891] = 542.536
v[1892] = 170.859
v[1893] = 0
v[1894] = 1054.21
v[1895] = 390.796
v[1896] = 1862.53
v[1897] = 1709.55
v[1898] = 8367.33
v[1899] = 8262.45
v[1900] = 1652.74
v[1901] = 0
v[1902] = 271.858
v[1903] = -3.22871e-11
v[1904] = 2175.98
v[1905] = 0
v[1906] = 733.364
v[1907] = 271.858
v[1908] = 1295.67
v[1909] = 1189.25
v[1910] = 5820.75
v[1911] = 5747.79
v[1912] = 247.388
v[1913] = 2352.78
v[1914] = 257.139
v[1915] = 937.647
v[1916] = 42.2684
v[1917] = 92.5585
v[1918] = 104.841
v[1919] = 0
v[1920] = 0
v[1921] = 1289.21
v[1922] = 3649.95
v[1923] = 3567.87
v[1924] = 0
v[1925] = 0
v[1926] = 10489.2
v[1927] = 10654.1
v[1928] = 10250.1
v[1929] = 0
v[1930] = 10654.1
v[1931] = 10489.2
v[1932] = 5183.9
v[1933] = 9923.32
v[1934] = 9546.56
v[1935] = 18099.2
v[1936] = 11860.9
v[1937] = 2212.06
v[1938] = 0
v[1939] = 1078.21
v[1940] = 0
v[1941] = 1222.64
v[1942] = 1588.71
v[1943] = 2212.06
v[1944] = 2438.42
v[1945] = 1089.41
v[1946] = 6912.14
v[1947] = 7246.93
v[1948] = 2505.83
v[1949] = 4471.94
v[1950] = 2988.53
v[1951] = 0
v[1952] = 4535.63
v[1953] = 2993.98
v[1954] = 0
v[1955] = 2988.53
v[1956] = 3820.38
v[1957] = 3733.91
v[1958] = 4133.5
v[1959] = 4074.22
v[1960] = 2968.65
v[1961] = 787.388
v[1962] = 787.388
v[1963] = 0
v[1964] = 3328.21
v[1965] = 482.085
v[1966] = 1539.37
v[1967] = 787.388
v[1968] = 2007.75
v[1969] = 1848.12
v[1970] = 9170.45
v[1971] = 9061.01
v[1972] = 0
v[1973] = 0
v[1974] = 201.154
v[1975] = 1032.89
v[1976] = 0
v[1977] = 0
v[1978] = 1008.38
v[1979] = 201.154
v[1980] = 1407.75
v[1981] = 1462.57
v[1982] = 8003.53
v[1983] = 7903.22
v[1984] = 1686.96
v[1985] = 0
v[1986] = 1093.57
v[1987] = 985.936
v[1988] = 2490.36
v[1989] = 0
v[1990] = 962.54
v[1991] = 1093.57
v[1992] = 1343.76
v[1993] = 1396.09
v[1994] = 7639.74
v[1995] = 7543.98
v[1996] = 1418.27
v[1997] = 0
v[1998] = -5.37784e-09
v[1999] = 610.341
v[2000] = 0
v[2001] = 5.44809
v[2002] = 595.858
v[2003] = 0
v[2004] = 831.851
v[2005] = 745.383
v[2006] = 4729.36
v[2007] = 4670.08
v[2008] = 877.976
v[2009] = 0
v[2010] = 441.769
v[2011] = 0
v[2012] = 3535.96
v[2013] = 0
v[2014] = 1191.72
v[2015] = 441.769
v[2016] = 2105.47
v[2017] = 9458.72
v[2018] = 6889.82
v[2019] = 402.005
v[2020] = 50826.8
v[2021] = 0
v[2022] = 47300.4
v[2023] = 0
v[2024] = 49837.4
v[2025] = 50203.5
v[2026] = 50826.8
v[2027] = 46038.1
v[2028] = 49648
v[2029] = 47232.1
v[2030] = 55861.7
v[2031] = 51120.6
v[2032] = 4137.6
v[2033] = 2185.15
v[2034] = 0
v[2035] = 4208.28
v[2036] = 2192.27
v[2037] = 0
v[2038] = 2185.15
v[2039] = 3272.95
v[2040] = 3159.88
v[2041] = 5405.35
v[2042] = 5327.83
v[2043] = 2159.15
v[2044] = 3155.19
v[2045] = 3155.19
v[2046] = 0
v[2047] = 2992.63
v[2048] = 2269.92
v[2049] = 0
v[2050] = 3155.19
v[2051] = 1894.38
v[2052] = 0
v[2053] = 6495.73
v[2054] = 7660.08
v[2055] = 3418.04
v[2056] = 0
v[2057] = 4351.44
v[2058] = 1079.83
v[2059] = 4131.5
v[2060] = 0
v[2061] = 3596.86
v[2062] = 4351.44
v[2063] = 1471.74
v[2064] = 2924.51
v[2065] = 1.31604e-09
v[2066] = 10446.3
v[2067] = 4707.06
v[2068] = 0
v[2069] = 1197.72
v[2070] = 1079.83
v[2071] = 0
v[2072] = 0
v[2073] = 1054.21
v[2074] = 1197.72
v[2075] = 1471.74
v[2076] = 1529.05
v[2077] = 8367.33
v[2078] = 8262.45
v[2079] = 1553.34
v[2080] = 1249.8
v[2081] = 0
v[2082] = 1126.78
v[2083] = 2846.12
v[2084] = 0
v[2085] = 1100.05
v[2086] = 9.90804e-09
v[2087] = 1535.72
v[2088] = 1376.09
v[2089] = 8731.13
v[2090] = 8621.69
v[2091] = 1620.88
v[2092] = 4221.18
v[2093] = 2385.99
v[2094] = 0
v[2095] = 4290.11
v[2096] = 2392.7
v[2097] = 0
v[2098] = 2385.99
v[2099] = 3409.81
v[2100] = 3303.39
v[2101] = 5087.39
v[2102] = 5014.43
v[2103] = 2361.52
v[2104] = 3719.67
v[2105] = 1180.92
v[2106] = 0
v[2107] = 3799.09
v[2108] = 1190.14
v[2109] = 0
v[2110] = 1180.92
v[2111] = 2588.67
v[2112] = 2442.34
v[2113] = 6995.16
v[2114] = 6894.84
v[2115] = 1147.27
v[2116] = 0
v[2117] = 0
v[2118] = 610.341
v[2119] = 0
v[2120] = 226.333
v[2121] = 595.858
v[2122] = 220.885
v[2123] = 1052.74
v[2124] = 966.267
v[2125] = 4729.36
v[2126] = 4670.08
v[2127] = 877.976
v[2128] = 1979.21
v[2129] = 0
v[2130] = 1892.08
v[2131] = 0
v[2132] = 1093.94
v[2133] = 1176.02
v[2134] = 1093.94
v[2135] = 2181.74
v[2136] = 974.731
v[2137] = 6184.55
v[2138] = 6107.03
v[2139] = 1148.12
v[2140] = 3155.19
v[2141] = 3155.19
v[2142] = 0
v[2143] = 2992.63
v[2144] = 2269.92
v[2145] = 0
v[2146] = 3155.19
v[2147] = 1894.38
v[2148] = 0
v[2149] = 6495.73
v[2150] = 3418.04
v[2151] = 2389.55
v[2152] = 177.486
v[2153] = 46.9495
v[2154] = 0
v[2155] = 3.76152
v[2156] = 0
v[2157] = 0
v[2158] = 0
v[2159] = 1266.89
v[2160] = 3757.88
v[2161] = 3671.24
v[2162] = 3213.42
v[2163] = 1699.91
v[2164] = 2191.38
v[2165] = 1547.1
v[2166] = 1581.04
v[2167] = 1589.91
v[2168] = 0
v[2169] = 2378.95
v[2170] = 2445.29
v[2171] = 4729.36
v[2172] = 4670.08
v[2173] = 1516.57
v[2174] = 4221.18
v[2175] = 2385.99
v[2176] = 0
v[2177] = 4290.11
v[2178] = 2392.7
v[2179] = 0
v[2180] = 2385.99
v[2181] = 3409.81
v[2182] = 3303.39
v[2183] = 5087.39
v[2184] = 5014.43
v[2185] = 2361.52
v[2186] = 0
v[2187] = 0
v[2188] = 798.139
v[2189] = 0
v[2190] = 7.12442
v[2191] = 779.199
v[2192] = 7.01948e-09
v[2193] = 1087.8
v[2194] = 974.731
v[2195] = 6184.55
v[2196] = 6107.03
v[2197] = 1148.12
v[2198] = 3897.59
v[2199] = 3897.59
v[2200] = 0
v[2201] = 3696.78
v[2202] = 2804.02
v[2203] = 0
v[2204] = 3897.59
v[2205] = 2340.11
v[2206] = 0
v[2207] = 8024.14
v[2208] = 9462.45
v[2209] = 4222.29
v[2210] = 0
v[2211] = 1093.57
v[2212] = 985.936
v[2213] = 2490.36
v[2214] = 0
v[2215] = 962.54
v[2216] = 1093.57
v[2217] = 1343.76
v[2218] = 1396.09
v[2219] = 7639.74
v[2220] = 7543.98
v[2221] = 1418.27
v[2222] = 0
v[2223] = 41662.2
v[2224] = 37579
v[2225] = 41451.9
v[2226] = 0
v[2227] = 40940.5
v[2228] = 41662.2
v[2229] = 36117.4
v[2230] = 40297.4
v[2231] = 37500
v[2232] = 47492.1
v[2233] = 42002.4
v[2234] = 4083.19
v[2235] = 4083.19
v[2236] = 0
v[2237] = 3872.82
v[2238] = 2937.54
v[2239] = 0
v[2240] = 4083.19
v[2241] = 2451.55
v[2242] = 0
v[2243] = 8406.24
v[2244] = 9913.04
v[2245] = 4423.35
v[2246] = 0
v[2247] = 1093.57
v[2248] = 985.936
v[2249] = 2490.36
v[2250] = 0
v[2251] = 962.54
v[2252] = 1093.57
v[2253] = 1343.76
v[2254] = 1396.09
v[2255] = 7639.74
v[2256] = 7543.98
v[2257] = 1418.27
v[2258] = 0
v[2259] = 3521.7
v[2260] = 0
v[2261] = 2727.53
v[2262] = 2751.42
v[2263] = 2767.12
v[2264] = 3521.7
v[2265] = 2562.98
v[2266] = 2094.77
v[2267] = 8788.35
v[2268] = 9616.54
v[2269] = 3877.32
v[2270] = 0
v[2271] = 3075.62
v[2272] = 1126.78
v[2273] = 2846.12
v[2274] = 0
v[2275] = 2288.23
v[2276] = 3075.62
v[2277] = 1535.72
v[2278] = 1595.53
v[2279] = 8731.13
v[2280] = 9435.46
v[2281] = 3446.7
v[2282] = 4137.6
v[2283] = 2185.15
v[2284] = 0
v[2285] = 4208.28
v[2286] = 2192.27
v[2287] = 0
v[2288] = 2185.15
v[2289] = 3272.95
v[2290] = 3159.88
v[2291] = 5405.35
v[2292] = 5327.83
v[2293] = 2159.15
v[2294] = 0
v[2295] = 729.049
v[2296] = 657.291
v[2297] = 1660.24
v[2298] = 0
v[2299] = 641.694
v[2300] = 729.049
v[2301] = 895.839
v[2302] = 930.727
v[2303] = 5093.16
v[2304] = 5029.32
v[2305] = 945.513
v[2306] = 0
v[2307] = 424.778
v[2308] = 164.935
v[2309] = 0
v[2310] = 0
v[2311] = 1145.88
v[2312] = 424.778
v[2313] = 2024.49
v[2314] = 1858.21
v[2315] = 9094.93
v[2316] = 8980.93
v[2317] = 1371.67
v[2318] = 0
v[2319] = 833.199
v[2320] = 751.19
v[2321] = 1897.41
v[2322] = 0
v[2323] = 733.364
v[2324] = 833.199
v[2325] = 1023.82
v[2326] = 1063.69
v[2327] = 5820.75
v[2328] = 5747.79
v[2329] = 1080.59
v[2330] = 0
v[2331] = 5509.48
v[2332] = 5198.3
v[2333] = 5562.31
v[2334] = 5509.48
v[2335] = 6288.68
v[2336] = 5509.48
v[2337] = 2780.62
v[2338] = 6484.21
v[2339] = 0
v[2340] = 11616.5
v[2341] = 0
v[2342] = 2580.95
v[2343] = 252.463
v[2344] = 1008.58
v[2345] = 46.9649
v[2346] = 69.5954
v[2347] = 83.2432
v[2348] = 0
v[2349] = 0
v[2350] = 1399.21
v[2351] = 4913.97
v[2352] = 4822.77
v[2353] = 0
v[2354] = 0
v[2355] = 0
v[2356] = 751.19
v[2357] = 0
v[2358] = 6.70534
v[2359] = 733.364
v[2360] = 0
v[2361] = 1023.82
v[2362] = 917.394
v[2363] = 5820.75
v[2364] = 5747.79
v[2365] = 1080.59
v[2366] = 3526.39
v[2367] = 3526.39
v[2368] = 0
v[2369] = 3344.71
v[2370] = 2536.97
v[2371] = 0
v[2372] = 3526.39
v[2373] = 2117.24
v[2374] = 0
v[2375] = 7259.94
v[2376] = 3820.16
v[2377] = 0
v[2378] = 373.805
v[2379] = -3.36513e-11
v[2380] = 2991.97
v[2381] = 0
v[2382] = 1008.38
v[2383] = 373.805
v[2384] = 1781.55
v[2385] = 1635.22
v[2386] = 8003.53
v[2387] = 7903.22
v[2388] = 713.962
v[2389] = 46375.7
v[2390] = 0
v[2391] = 45361.2
v[2392] = 0
v[2393] = 45490.5
v[2394] = 45572.5
v[2395] = 45490.5
v[2396] = 46578.3
v[2397] = 45075.6
v[2398] = 47074.2
v[2399] = 47818.4
v[2400] = 45450.5
v[2401] = 781.124
v[2402] = 0
v[2403] = 704.24
v[2404] = 0
v[2405] = 6.28626
v[2406] = 687.529
v[2407] = 0
v[2408] = 959.828
v[2409] = 860.057
v[2410] = 5456.96
v[2411] = 5388.56
v[2412] = 1013.05
v[2413] = 4268.79
v[2414] = 4268.79
v[2415] = 0
v[2416] = 4048.85
v[2417] = 3071.07
v[2418] = 3514.21
v[2419] = 4268.79
v[2420] = 2841.86
v[2421] = 461.998
v[2422] = 10363.6
v[2423] = 0
v[2424] = 0
v[2425] = 4919.01
v[2426] = 1220.68
v[2427] = 4670.39
v[2428] = 0
v[2429] = 4066.01
v[2430] = 4919.01
v[2431] = 1663.7
v[2432] = 3305.97
v[2433] = 1.48702e-09
v[2434] = 11808.8
v[2435] = 5321.02
v[2436] = 2412.79
v[2437] = 2412.79
v[2438] = 0
v[2439] = 2288.48
v[2440] = 1735.82
v[2441] = 0
v[2442] = 2412.79
v[2443] = 1448.64
v[2444] = 0
v[2445] = 4967.33
v[2446] = 2613.8
v[2447] = 0
v[2448] = 11374.5
v[2449] = 10912.5
v[2450] = 11350.6
v[2451] = 11374.5
v[2452] = 11094.9
v[2453] = 11374.5
v[2454] = 12846.2
v[2455] = 10422.5
v[2456] = 0
v[2457] = 15716.5
v[2458] = 0
v[2459] = 787.388
v[2460] = 787.388
v[2461] = 0
v[2462] = 3635.41
v[2463] = 789.288
v[2464] = 0
v[2465] = 787.388
v[2466] = 2314.95
v[2467] = 2155.32
v[2468] = 7631.08
v[2469] = 7521.65
v[2470] = 1158.47
v[2471] = 0
v[2472] = 424.778
v[2473] = -9.95897e-11
v[2474] = 3399.97
v[2475] = 0
v[2476] = 1145.88
v[2477] = 424.778
v[2478] = 2024.49
v[2479] = 1858.21
v[2480] = 9094.93
v[2481] = 6624.83
v[2482] = 386.543
v[2483] = 0
v[2484] = 3784.59
v[2485] = 3956.12
v[2486] = 3535.96
v[2487] = 0
v[2488] = 3956.12
v[2489] = 3784.59
v[2490] = 2105.47
v[2491] = 3196.08
v[2492] = 9458.72
v[2493] = 11698.9
v[2494] = 5211.13
v[2495] = 8941.01
v[2496] = 7170.46
v[2497] = 6487.51
v[2498] = 7170.46
v[2499] = 7170.46
v[2500] = 6757.19
v[2501] = 7170.46
v[2502] = 9346.07
v[2503] = 9917.31
v[2504] = 0
v[2505] = 3784.83
v[2506] = 5567.99
v[2507] = 5567.99
v[2508] = 0
v[2509] = 5281.11
v[2510] = 4005.74
v[2511] = 0
v[2512] = 5567.99
v[2513] = 0
v[2514] = 6031.84
v[2515] = 0
v[2516] = 9912.1
v[2517] = 8968.02
v[2518] = 9920.91
v[2519] = 9912.1
v[2520] = 9340.82
v[2521] = 9912.1
v[2522] = 12919.6
v[2523] = 7966.89
v[2524] = 0
v[2525] = 0
v[2526] = 5231.96
v[2527] = 2343.37
v[2528] = 2343.37
v[2529] = 5336.48
v[2530] = 0
v[2531] = 2343.37
v[2532] = 2879.48
v[2533] = 1065.29
v[2534] = -783.459
v[2535] = 3039.15
v[2536] = 5588.37
v[2537] = 0
v[2538] = 2253.57
v[2539] = 0
v[2540] = 20.116
v[2541] = 4041.9
v[2542] = 0
v[2543] = 0
v[2544] = 2752.18
v[2545] = 17462.3
v[2546] = 17243.4
v[2547] = 7980.78
v[2548] = 7980.78
v[2549] = 0
v[2550] = 7569.6
v[2551] = 5741.56
v[2552] = 6570.04
v[2553] = 5313.05
v[2554] = 16430.4
v[2555] = 19375.5
v[2556] = 0
v[2557] = 6432.56
v[2558] = 6432.56
v[2559] = 1596.28
v[2560] = 6107.43
v[2561] = 4662.01
v[2562] = 5317.09
v[2563] = 4323.19
v[2564] = 0
v[2565] = 15442.3
v[2566] = 0
v[2567] = 2239.22
v[2568] = 2239.22
v[2569] = 5099.3
v[2570] = 0
v[2571] = 2239.22
v[2572] = 2751.51
v[2573] = 1017.94
v[2574] = -11524.5
v[2575] = 2904.08
v[2576] = 3143.46
v[2577] = 2.14504e-09
v[2578] = 1020.76
v[2579] = 0
v[2580] = 0
v[2581] = 895.47
v[2582] = 0
v[2583] = 0
v[2584] = 1548.1
v[2585] = 9480.44
v[2586] = 9357.32
v[2587] = 3376.3
v[2588] = -1.19726e-08
v[2589] = 1361.53
v[2590] = 3451.22
v[2591] = 12.1534
v[2592] = 0
v[2593] = 0
v[2594] = 1855.67
v[2595] = 0
v[2596] = 17076.9
v[2597] = 17076.9
v[2598] = 0
v[2599] = 17229.1
v[2600] = 17076.9
v[2601] = 0
v[2602] = 0
v[2603] = 34902.9
v[2604] = 34679.5
v[2605] = 1196.59
v[2606] = 2412.04
v[2607] = 0
v[2608] = 902.884
v[2609] = 0
v[2610] = 16.5982
v[2611] = 2125.02
v[2612] = 2412.04
v[2613] = 0
v[2614] = 16751.3
v[2615] = 16541.5
v[2616] = 5108.21
v[2617] = 5108.21
v[2618] = 4850.02
v[2619] = 3702.18
v[2620] = 5108.21
v[2621] = 3463.87
v[2622] = 0
v[2623] = -7875.51
v[2624] = 5525.67
v[2625] = 0
v[2626] = 25852.4
v[2627] = 23575
v[2628] = 6527.93
v[2629] = 5111.72
v[2630] = 24334.1
v[2631] = 25852.4
v[2632] = 28923.8
v[2633] = 23164.3
v[2634] = 0
v[2635] = 0
v[2636] = 2242.7
v[2637] = 10046.7
v[2638] = 10046.7
v[2639] = 9479.25
v[2640] = 10143
v[2641] = 10046.7
v[2642] = 11467.6
v[2643] = 0
v[2644] = 21183.1
v[2645] = 0
v[2646] = 4825.59
v[2647] = 4825.59
v[2648] = 0
v[2649] = 4576.96
v[2650] = 3471.64
v[2651] = 0
v[2652] = 4825.59
v[2653] = 2897.28
v[2654] = 0
v[2655] = 5227.59
v[2656] = 8941.01
v[2657] = 7170.46
v[2658] = 7170.46
v[2659] = 7170.46
v[2660] = 7170.46
v[2661] = 9346.07
v[2662] = 9917.31
v[2663] = 0
v[2664] = 3784.83
v[2665] = 3264.76
v[2666] = 0
v[2667] = 1220.68
v[2668] = 0
v[2669] = 0
v[2670] = 1085.78
v[2671] = 237.728
v[2672] = 1663.7
v[2673] = 1728.49
v[2674] = 9352.79
v[2675] = 9234.23
v[2676] = 1650.02
v[2677] = 3683.08
v[2678] = 1443.54
v[2679] = 0
v[2680] = 5217.89
v[2681] = 1391.78
v[2682] = 0
v[2683] = 1443.54
v[2684] = 506.083
v[2685] = 13990.3
v[2686] = 13789.7
v[2687] = 2123.86
v[2688] = 6574.27
v[2689] = 5272.4
v[2690] = 4770.22
v[2691] = 5272.4
v[2692] = 5272.4
v[2693] = 4968.52
v[2694] = 5272.4
v[2695] = 6872.11
v[2696] = 4237.71
v[2697] = 0
v[2698] = 0
v[2699] = 2782.96
v[2700] = 15880.3
v[2701] = 15880.3
v[2702] = 14983.3
v[2703] = 16032.5
v[2704] = 15880.3
v[2705] = 18126.2
v[2706] = 0
v[2707] = 33482.9
v[2708] = 0
v[2709] = 8723.18
v[2710] = 8723.18
v[2711] = 0
v[2712] = 8273.74
v[2713] = 6275.66
v[2714] = 7181.21
v[2715] = 8723.18
v[2716] = 5807.29
v[2717] = 944.083
v[2718] = 21177.9
v[2719] = 0
v[2720] = 3934.19
v[2721] = 1541.97
v[2722] = 0
v[2723] = 5573.66
v[2724] = 1486.67
v[2725] = 0
v[2726] = 1541.97
v[2727] = 0
v[2728] = 14944.2
v[2729] = 14729.9
v[2730] = 2268.67
v[2731] = 4535.52
v[2732] = 0
v[2733] = 1705.26
v[2734] = 0
v[2735] = 15.087
v[2736] = 1986.04
v[2737] = 1889.78
v[2738] = 2303.59
v[2739] = 13096.7
v[2740] = 12932.5
v[2741] = 2446.41
v[2742] = 2030.92
v[2743] = 2030.92
v[2744] = 4624.95
v[2745] = 0
v[2746] = 2030.92
v[2747] = 2495.55
v[2748] = 2.36287e-09
v[2749] = -11375.7
v[2750] = 2633.93
v[2751] = -3.36513e-11
v[2752] = 0
v[2753] = 0
v[2754] = 0
v[2755] = 1.44546e-08
v[2756] = 2239.6
v[2757] = 12732.9
v[2758] = 9274.76
v[2759] = 2345.28
v[2760] = 964.206
v[2761] = 1388.01
v[2762] = 953.109
v[2763] = 783.027
v[2764] = 0
v[2765] = 0
v[2766] = 0
v[2767] = 0
v[2768] = 1428.06
v[2769] = 9074.44
v[2770] = 9074.44
v[2771] = 8561.9
v[2772] = 9161.45
v[2773] = 9074.44
v[2774] = 10357.8
v[2775] = 0
v[2776] = 19133.1
v[2777] = 0
v[2778] = 4639.99
v[2779] = 4639.99
v[2780] = 0
v[2781] = 4400.93
v[2782] = 3338.12
v[2783] = 0
v[2784] = 4639.99
v[2785] = 2785.85
v[2786] = 0
v[2787] = 5026.53
v[2788] = 2846.01
v[2789] = 1115.47
v[2790] = 0
v[2791] = 4032.01
v[2792] = 1075.47
v[2793] = 0
v[2794] = 1115.47
v[2795] = 720.237
v[2796] = 10810.7
v[2797] = 1641.16
v[2798] = 4074.85
v[2799] = 0
v[2800] = 1643.23
v[2801] = 0
v[2802] = 14.6679
v[2803] = 1604.23
v[2804] = 0
v[2805] = 0
v[2806] = 2006.8
v[2807] = 12732.9
v[2808] = 12573.3
v[2809] = 0
v[2810] = 441.769
v[2811] = -1.18234e-11
v[2812] = 3535.96
v[2813] = 0
v[2814] = 1191.72
v[2815] = 441.769
v[2816] = 2105.47
v[2817] = 9458.72
v[2818] = 4979.01
v[2819] = 402.005
v[2820] = 17138.7
v[2821] = 14951.5
v[2822] = 14951.5
v[2823] = 14951.5
v[2824] = 14951.5
v[2825] = 17639
v[2826] = 12250.8
v[2827] = 0
v[2828] = 14852.9
v[2829] = 5122.67
v[2830] = 0
v[2831] = 2065.77
v[2832] = 0
v[2833] = 18.4397
v[2834] = 3241.86
v[2835] = 0
v[2836] = 0
v[2837] = 2522.83
v[2838] = 16007.1
v[2839] = 15806.4
v[2840] = 5011.19
v[2841] = 5011.19
v[2842] = 0
v[2843] = 4753
v[2844] = 3605.17
v[2845] = 0
v[2846] = 5011.19
v[2847] = 3008.72
v[2848] = 0
v[2849] = 1718.47
v[2850] = 0
v[2851] = 635.814
v[2852] = 0
v[2853] = 0
v[2854] = 1512.56
v[2855] = 1718.47
v[2856] = 2097.79
v[2857] = 1892.13
v[2858] = 12005.3
v[2859] = 11854.8
v[2860] = 2291.3
v[2861] = 0
v[2862] = 2065.77
v[2863] = 0
v[2864] = 0
v[2865] = 3241.86
v[2866] = 2291.3
v[2867] = 2815.49
v[2868] = 16007.1
v[2869] = 15806.4
v[2870] = 2971.61
v[2871] = 8892.06
v[2872] = 8892.06
v[2873] = 2206.62
v[2874] = 8442.63
v[2875] = 6444.54
v[2876] = 7350.1
v[2877] = 5976.17
v[2878] = 0
v[2879] = 21346.7
v[2880] = 0
v[2881] = 3195.85
v[2882] = 0
v[2883] = 0
v[2884] = 0
v[2885] = 800.4
v[2886] = 1686.69
v[2887] = 3195.85
v[2888] = 783.802
v[2889] = 477.839
v[2890] = 14575
v[2891] = 15385.5
v[2892] = 3907.09
v[2893] = 12315.3
v[2894] = 12315.3
v[2895] = 11619.7
v[2896] = 12433.4
v[2897] = 12315.3
v[2898] = 14057.1
v[2899] = 0
v[2900] = 25966.3
v[2901] = 0
v[2902] = 4773.4
v[2903] = 0
v[2904] = 0
v[2905] = -3.26145e-09
v[2906] = 2135.07
v[2907] = 2623.53
v[2908] = 14915.7
v[2909] = 14728.7
v[2910] = 3013.43
v[2911] = 1181.08
v[2912] = 0
v[2913] = 4269.18
v[2914] = 1138.73
v[2915] = 0
v[2916] = 1181.08
v[2917] = 433.22
v[2918] = 11446.6
v[2919] = 11282.5
v[2920] = 1737.7
v[2921] = 5382.39
v[2922] = 5382.39
v[2923] = 0
v[2924] = 5105.08
v[2925] = 3872.21
v[2926] = 0
v[2927] = 5382.39
v[2928] = 3231.58
v[2929] = 0
v[2930] = 5830.78
v[2931] = 9094.38
v[2932] = 9094.38
v[2933] = 0
v[2934] = 8625.82
v[2935] = 6542.71
v[2936] = 7486.8
v[2937] = 9094.38
v[2938] = 6054.41
v[2939] = 18723
v[2940] = 22079
v[2941] = 0
v[2942] = 3143.46
v[2943] = 0
v[2944] = 1267.63
v[2945] = 0
v[2946] = 11.3153
v[2947] = 1237.55
v[2948] = 1417.34
v[2949] = 0
v[2950] = 1548.1
v[2951] = 9822.52
v[2952] = 9699.4
v[2953] = 9.48092e+06
v[2954] = 9.48039e+06
v[2955] = 9.48101e+06
v[2956] = 9.48225e+06
v[2957] = 0
v[2958] = 0
v[2959] = 0
v[2960] = 7363.18
v[2961] = 5905.08
v[2962] = 5905.08
v[2963] = 5905.08
v[2964] = 5905.08
v[2965] = 7696.76
v[2966] = 8167.2
v[2967] = 0
v[2968] = 3116.91
v[2969] = 8911.02
v[2970] = 8911.02
v[2971] = 7729.94
v[2972] = 4269.18
v[2973] = 7036.32
v[2974] = 7729.94
v[2975] = 0
v[2976] = 0
v[2977] = 6677.57
v[2978] = 4639.99
v[2979] = 4639.99
v[2980] = 0
v[2981] = 4400.93
v[2982] = 3338.12
v[2983] = 0
v[2984] = 4639.99
v[2985] = 2785.85
v[2986] = 0
v[2987] = 5026.53
v[2988] = 6311.3
v[2989] = 5061.5
v[2990] = 5061.5
v[2991] = 5061.5
v[2992] = 0
v[2993] = 0
v[2994] = 2671.64
v[2995] = 0
v[2996] = 0
v[2997] = 0
v[2998] = 6433.96
v[2999] = 2794.18
v[3000] = 0
v[3001] = 2856.18
v[3002] = 0
v[3003] = 9.90804e-09
v[3004] = 1535.72
v[3005] = 8731.13
v[3006] = 6359.84
v[3007] = 3390.33
v[3008] = 0
v[3009] = 0
v[3010] = 0
v[3011] = 246.871
v[3012] = 1632.48
v[3013] = 9727.31
v[3014] = 9604.19
v[3015] = 5675.79
v[3016] = 1408.48
v[3017] = 4113.54
v[3018] = 4691.55
v[3019] = 0
v[3020] = 13625.6
v[3021] = 0
v[3022] = 0
v[3023] = 3520.74
v[3024] = 0
v[3025] = 3711.99
v[3026] = 0
v[3027] = 0
v[3028] = 0
v[3029] = 7349.83
v[3030] = 3857.1
v[3031] = 3570.23
v[3032] = 3857.1
v[3033] = 0
v[3034] = 0
v[3035] = 14254.1
v[3036] = 2910.61
v[3037] = -1.03209e-08
v[3038] = 2975.19
v[3039] = 10.4771
v[3040] = 0
v[3041] = 0
v[3042] = 0
v[3043] = 3143.46
v[3044] = -1.11486e-08
v[3045] = 1267.63
v[3046] = 3213.2
v[3047] = 11.3153
v[3048] = 1237.55
v[3049] = 0
v[3050] = 0
v[3051] = 0
v[3052] = 0
v[3053] = 13625.6
v[3054] = 0
v[3055] = 4074.85
v[3056] = -1.44546e-08
v[3057] = 1643.23
v[3058] = 4165.26
v[3059] = 14.6679
v[3060] = 1604.23
v[3061] = 0
v[3062] = 0
v[3063] = 0
v[3064] = 6048.33
v[3065] = 4850.6
v[3066] = 4826.72
v[3067] = 4850.6
v[3068] = 6708.77
v[3069] = 0
v[3070] = 4242.81
v[3071] = 4242.81
v[3072] = 3927.25
v[3073] = 2524.34
v[3074] = 0
v[3075] = 0
v[3076] = 5785.36
v[3077] = 4639.71
v[3078] = 4639.71
v[3079] = 4639.71
v[3080] = 0
v[3081] = 0
v[3082] = 0
v[3083] = 0
v[3084] = 7640.33
v[3085] = 3141
v[3086] = 0
v[3087] = 74.5739
v[3088] = 127.378
v[3089] = 346.819
v[3090] = 0
v[3091] = 8621.69
v[3092] = 0
v[3093] = 0
v[3094] = 0
v[3095] = 57425.8
v[3096] = 57129.4
v[3097] = 0
v[3098] = 0
v[3099] = 7363.18
v[3100] = 5905.08
v[3101] = 5905.08
v[3102] = 5905.08
v[3103] = 8167.2
v[3104] = 0
v[3105] = 8152.09
v[3106] = 6537.77
v[3107] = 6537.77
v[3108] = 6537.77
v[3109] = 0
v[3110] = 0
v[3111] = 3450.87
v[3112] = 7889.12
v[3113] = 6326.88
v[3114] = 6326.88
v[3115] = 8750.57
v[3116] = 0
v[3117] = 8941.01
v[3118] = 7170.46
v[3119] = 0
v[3120] = 0
v[3121] = 3784.83
v[3122] = 1406.02
v[3123] = 0
v[3124] = 0
v[3125] = 0
v[3126] = 0
v[3127] = 0
v[3128] = 20499.7
v[3129] = 0
v[3130] = 0
v[3131] = 1711.88
v[3132] = 6369.36
v[3133] = 0
v[3134] = 1966.08
v[3135] = 0
v[3136] = 0
v[3137] = 8941.01
v[3138] = 7170.46
v[3139] = 7170.46
v[3140] = 7170.46
v[3141] = 7170.46
v[3142] = 9346.07
v[3143] = 9917.31
v[3144] = 0
v[3145] = 7778.09
v[3146] = 7778.09
v[3147] = 0
v[3148] = 16399.8
v[3149] = 0
v[3150] = 0
v[3151] = 2918.05
v[3152] = 1512.03
v[3153] = 453.673
v[3154] = 1512.03
v[3155] = 1512.03
v[3156] = 789.276
v[3157] = 0
v[3158] = 0
v[3159] = 0
v[3160] = 5785.36
v[3161] = 4639.71
v[3162] = 4639.71
v[3163] = 4639.71
v[3164] = 6417.08
v[3165] = 0
v[3166] = 4269.3
v[3167] = 0
v[3168] = 0
v[3169] = 14.2488
v[3170] = 1784.8
v[3171] = 0
v[3172] = 12369.1
v[3173] = 12214.1
v[3174] = 0
v[3175] = 0
v[3176] = 0
v[3177] = 2759.62
v[3178] = 4105.98
v[3179] = 2856.18
v[3180] = 2856.18
v[3181] = 2856.18
v[3182] = 0
v[3183] = 0
v[3184] = 3767.03
v[3185] = 0
v[3186] = 93.2174
v[3187] = 0
v[3188] = 1562.25
v[3189] = 1919.66
v[3190] = 10913.9
v[3191] = 10777.1
v[3192] = 0
v[3193] = 6681.58
v[3194] = 6681.58
v[3195] = 0
v[3196] = 6337.34
v[3197] = 4806.89
v[3198] = 0
v[3199] = 6681.58
v[3200] = 0
v[3201] = 7238.21
v[3202] = 6.39398e-10
v[3203] = 6.39398e-10
v[3204] = 6.39398e-10
v[3205] = 0
v[3206] = 6.39398e-10
v[3207] = 6.3877e-10
v[3208] = -7.44132e-12
v[3209] = 0
v[3210] = -7.44132e-12
v[3211] = 1.46576e-11
v[3212] = -7.44132e-12
v[3213] = -7.44132e-12
v[3214] = 0
v[3215] = 0
v[3216] = 0
v[3217] = 0
v[3218] = 0
v[3219] = 0
v[3220] = 1282.4
v[3221] = -7.88455e-11
v[3222] = 1282.4
v[3223] = 0
v[3224] = 1282.4
v[3225] = 1282.4
v[3226] = -1.13376e-14
v[3227] = -1.13376e-14
v[3228] = -1.13376e-14
v[3229] = 0
v[3230] = -1.13376e-14
v[3231] = -1.13376e-14
v[3232] = -3.97296e-11
v[3233] = -3.97296e-11
v[3234] = -3.97296e-11
v[3235] = -3.97296e-11
v[3236] = 0
v[3237] = -3.97296e-11
v[3238] = 0
v[3239] = 3.12639e-11
v[3240] = 3.12639e-11
v[3241] = 3.12639e-11
v[3242] = 3.12639e-11
v[3243] = 0
v[3244] = -1.86265e-08
v[3245] = 0
v[3246] = -1.86265e-08
v[3247] = -1.86265e-08
v[3248] = -1.86265e-08
v[3249] = -1.86265e-08
v[3250] = 736.056
v[3251] = 736.056
v[3252] = 5.8435e-11
v[3253] = 0
v[3254] = 0
v[3255] = 7.86346e-11
v[3256] = 7.86346e-11
v[3257] = 7.86346e-11
v[3258] = 7.86346e-11
v[3259] = 1.81899e-12
v[3260] = 1.81899e-12
v[3261] = 0
v[3262] = 1.81899e-12
v[3263] = 1.81899e-12
v[3264] = 0
v[3265] = 0
v[3266] = 0
v[3267] = 0
v[3268] = 0
v[3269] = 0
v[3270] = 0
v[3271] = 0
v[3272] = 0
v[3273] = 0
v[3274] = 0
v[3275] = 0
v[3276] = 0
v[3277] = 0
v[3278] = 0
v[3279] = 0
v[3280] = 0
v[3281] = 0
v[3282] = 0
v[3283] = 0
v[3284] = 0
v[3285] = 0
v[3286] = 0
v[3287] = 0
v[3288] = 0
v[3289] = 0
v[3290] = 0
v[3291] = 0
v[3292] = 0
v[3293] = 0
v[3294] = 0
v[3295] = 0
v[3296] = 0
v[3297] = 0
v[3298] = 0
v[3299] = 0
v[3300] = 0
v[3301] = 0
v[3302] = 0
v[3303] = 0
v[3304] = 0
v[3305] = 0
v[3306] = 0
v[3307] = 0
v[3308] = 0
v[3309] = 0
v[3310] = 0
v[3311] = 0
v[3312] = 0
v[3313] = 0
v[3314] = 0
v[3315] = 0
v[3316] = 0
v[3317] = 0
v[3318] = 0
v[3319] = 0
v[3320] = 0
v[3321] = 0
v[3322] = 0
v[3323] = 0
v[3324] = -3.63798e-12
v[3325] = 0
v[3326] = 0
v[3327] = 0
v[3328] = 0
v[3329] = 0
v[3330] = 0
v[3331] = 0
v[3332] = 0
v[3333] = 0
v[3334] = 4.30574e-13
v[3335] = -1.09438e-13
v[3336] = 8.30692e-13
v[3337] = -1.1042e-12
v[3338] = 2.36038e-12
v[3339] = 0
v[3340] = 6.10919e-14
v[3341] = 0
v[3342] = -4.67796e-11
v[3343] = 0
v[3344] = 0
v[3345] = -3.0839e-13
v[3346] = -2.04349e-12
v[3347] = 0
v[3348] = -1.72864e-12
v[3349] = 0
v[3350] = 0
v[3351] = 0
v[3352] = 0
v[3353] = 0
v[3354] = -3.83406e-12
v[3355] = -4.1467e-12
v[3356] = 0
v[3357] = -4.04404e-13
v[3358] = 3.36775e-13
v[3359] = -7.17043e-13
v[3360] = 0
v[3361] = 6.61413e-13
v[3362] = 0
v[3363] = 0
v[3364] = -1.77248e-12
v[3365] = -2.16655e-12
v[3366] = 0
v[3367] = 0
v[3368] = 0
v[3369] = 0
v[3370] = 0
v[3371] = 3.64421e-12
v[3372] = 7.45191e-13
v[3373] = 0
v[3374] = 1.2852e-12
v[3375] = -3.40438e-12
v[3376] = 0
v[3377] = 0
v[3378] = 1.08625e-12
v[3379] = 1.10151e-12
v[3380] = 0
v[3381] = 9.02563e-13
v[3382] = -5.46945e-13
v[3383] = 0
v[3384] = 0
v[3385] = 2.20442e-13
v[3386] = 359123
v[3387] = 0
v[3388] = -8.59583e-13
v[3389] = -1.20064e-12
v[3390] = 0
v[3391] = 0
v[3392] = 0
v[3393] = 0
v[3394] = 0
v[3395] = 1.93268e-12
v[3396] = 0
v[3397] = 0
v[3398] = 6.67358e-11
v[3399] = 0
messed up a farkas cofficient
setting all farkas coefficients to 0
messed up a farkas cofficient
setting all farkas coefficients to 0
messed up a farkas cofficient
setting all farkas coefficients to 0
messed up a farkas cofficient
setting all farkas coefficients to 0
messed up a farkas cofficient
setting all farkas coefficients to 0
messed up a farkas cofficient
setting all farkas coefficients to 0
messed up a farkas cofficient
setting all farkas coefficients to 0
messed up a farkas cofficient
setting all farkas coefficients to 0
messed up a farkas cofficient
setting all farkas coefficients to 0
messed up a farkas cofficient
setting all farkas coefficients to 0
messed up a farkas cofficient
setting all farkas coefficients to 0
messed up a farkas cofficient
setting all farkas coefficients to 0
1406: cut: -9.309e+06	calc: -9.309e+06	diff: -1.35973e-07
*** WARNING (version #43016fc): src/PdcUtility.cpp:298: Number of differences between true and calculated cuts: 1. Total difference: 1.35973e-07. Small enough difference that we will try to continue, but beware of numerical issues.
x:
x[0] = -126.888
x[1] = -62.9087
x[2] = -41.9391
x[3] = 1966.77
x[4] = -62.9087
x[5] = 2346.31
x[6] = 171.214
x[7] = -57.6663
x[8] = -60.2875
x[9] = -37.5218
x[10] = -41.9391
x[11] = -45.3291
x[12] = 1254.75
x[13] = -49.8027
x[14] = -65.9816
x[15] = -76.3657
x[16] = -57.6663
x[17] = -55.0451
x[18] = -34.0755
x[19] = -68.151
x[20] = -36.409
x[21] = -86.2836
x[22] = -54.0923
x[23] = -60.2875
x[24] = -60.2875
x[25] = -62.9087
x[26] = -81.2081
x[27] = -111.661
x[28] = -34.0755
x[29] = -44.5603
x[30] = -54.0923
x[31] = -47.8474
x[32] = -32.7377
x[33] = -81.2081
x[34] = -44.5603
x[35] = -66.82
x[36] = -55.0451
x[37] = 76.9352
x[38] = -70.0019
x[39] = -55.0451
x[40] = -73.1838
x[41] = -62.9087
x[42] = -86.2836
x[43] = -36.6967
x[44] = -65.5298
x[45] = -41.9391
x[46] = 167.595
x[47] = -50.3656
x[48] = -41.9391
x[49] = -60.4562
x[50] = -35.8904
x[51] = 409.575
x[52] = -39.3179
x[53] = 34.0298
x[54] = -52.4162
x[55] = -41.3647
x[56] = 226.746
x[57] = -121.812
x[58] = -65.5298
x[59] = -10.5959
x[60] = -843.071
x[61] = -89.59
x[62] = -1165.42
x[63] = -198.342
x[64] = -125.817
x[65] = 544.759
x[66] = -594.706
x[67] = -112.711
x[68] = -51.544
x[69] = -76.0146
x[70] = 678.885
x[71] = -831.89
x[72] = -472.267
x[73] = -2264.31
x[74] = 305.614
x[75] = -82.7295
x[76] = -843.071
x[77] = -68.151
x[78] = -223.322
x[79] = -619.905
x[80] = 483.067
x[81] = 69.5391
x[82] = -238.549
x[83] = -68.7254
x[84] = -102.227
x[85] = -91.7418
x[86] = -41.9203
x[87] = 276.038
x[88] = -79.5476
x[89] = -172.567
x[90] = -91.7418
x[91] = -68.151
x[92] = -1041.44
x[93] = -115.333
x[94] = -85.9114
x[95] = -86.4994
x[96] = -115.333
x[97] = -822.094
x[98] = -120.575
x[99] = 374.623
x[100] = -78.2705
x[101] = -182.718
x[102] = -92.2752
x[103] = 620.772
x[104] = -70.7722
x[105] = -6.94728e+06
x[106] = -694.294
x[107] = -19.3454
x[108] = -79.5476
x[109] = -595.109
x[110] = -101.821
x[111] = -62.9087
x[112] = -70.7722
x[113] = -524.741
x[114] = -63.6381
x[115] = 82.5726
x[116] = -65.5298
x[117] = -70.7722
x[118] = -524.741
x[119] = -91.7418
x[120] = -570.313
x[121] = -46.1124
x[122] = -545.517
x[123] = -120.912
x[124] = 95.4718
x[125] = -105.003
x[126] = -81.257
x[127] = -694.294
x[128] = -768.683
x[129] = -743.887
x[130] = -843.071
x[131] = -669.498
x[132] = 295.755
x[133] = -96.9842
x[134] = -843.071
x[135] = 236.604
x[136] = 7.41253
x[137] = -545.517
x[138] = -64.9073
x[139] = -148.358
x[140] = -62.9087
x[141] = -78.6358
x[142] = -114.549
x[143] = -5.94535
x[144] = -5.94535
x[145] = 1.00159e-14
x[146] = -11.319
x[147] = -5.94535
x[148] = -8.95531
x[149] = -5.94535
x[150] = -5.94535
x[151] = -16.633
x[152] = -5.94535
x[153] = -9.85851
x[154] = -5.11558e-15
x[155] = -2.66742e-15
x[156] = 0
x[157] = 2.45282e-15
x[158] = -0
x[159] = 0
x[160] = 8.33061e-16
x[161] = -245040
x[162] = 1.00396e-15
x[163] = 2.16268e-15
x[164] = 0
x[165] = 0
x[166] = -1.53467e-13
x[167] = -8.00225e-14
x[168] = 7.35845e-14
x[169] = 1.7649e-13
x[170] = 2.49918e-14
x[171] = -5.47837e-11
x[172] = -22.6613
x[173] = 2.20039e-14
x[174] = 6.48803e-14
x[175] = -0
x[176] = 0
x[177] = -2.01641e-15
x[178] = -2.66966e-15
x[179] = -6.03447e-15
x[180] = -9.12007e-15
x[181] = 6.90106e-16
x[182] = -6.19493e-15
x[183] = -2.66966e-15
x[184] = -4.88498e-15
x[185] = -6.21725e-15
x[186] = -1.06581e-14
x[187] = -1.02076e-14
x[188] = -2.32733e-15
x[189] = -263096
x[190] = -1.07939e-14
x[191] = -2.59521e-15
x[192] = -0
x[193] = -9.41205e-15
x[194] = -6.94642e-15
x[195] = -3.23014e-15
x[196] = 2.92514e-15
x[197] = -6.94642e-15
x[198] = -2.66966e-15
x[199] = -6.53245e-16
x[200] = 6.45041e-15
x[201] = -4.19108e-15
x[202] = -5.68434e-16
x[203] = -5.68434e-16
x[204] = -5.68434e-16
x[205] = -5.68434e-16
x[206] = -5.68434e-16
x[207] = -3.33067e-15
x[208] = -0
x[209] = -0
x[210] = -0
x[211] = -0
x[212] = -0
x[213] = -0
x[214] = -7.98848e-15
x[215] = -0
x[216] = -0
x[217] = -7.71874e-15
x[218] = -7.71874e-15
x[219] = -7.53793e-15
x[220] = -1.08977e-14
x[221] = -0
x[222] = -0
x[223] = 3.42325e-16
x[224] = 3.70713e-15
x[225] = -263096
x[226] = -0.811037
x[227] = -0.811037
x[228] = -263096
x[229] = -0.811037
x[230] = 7.18022e-16
x[231] = 7.18022e-16
x[232] = -2.59521e-15
x[233] = -5.788e-16
x[234] = 3.43925e-15
x[235] = 8.07775e-16
x[236] = 8.07775e-16
x[237] = 8.07775e-16
x[238] = -6.5991e-12
x[239] = -3.98153e-12
x[240] = -5.40012e-13
x[241] = 0
x[242] = 0
x[243] = -7.3328e-12
x[244] = -0
x[245] = -2.49942e+08
x[246] = 6.82121e-13
x[247] = 0
x[248] = 0
x[249] = 7.67386e-13
x[250] = -396.268
x[251] = 5.68434e-14
x[252] = -0.027556
x[253] = -1.13687e-13
x[254] = -0
x[255] = -2063.2
x[256] = -338.2
x[257] = -1867.18
x[258] = -8.52651e-14
x[259] = -2.27374e-13
x[260] = -2383.01
x[261] = -2307.78
x[262] = -6831.64
x[263] = -124.328
x[264] = 6.82121e-13
x[265] = -0
x[266] = -22.7656
x[267] = -22.7656
x[268] = -2.84217e-14
x[269] = -2.27374e-13
x[270] = -1.85241
x[271] = -1461.57
x[272] = -1320.28
x[273] = -445
x[274] = 0
x[275] = -0.0252596
x[276] = -206.059
x[277] = -293.223
x[278] = -124.328
x[279] = -0.0229633
x[280] = -2.27374e-13
x[281] = -118.677
x[282] = 4.54747e-13
x[283] = -12.8675
x[284] = -15.7387
x[285] = -2.84217e-14
x[286] = 2.27374e-13
x[287] = -13.3937
x[288] = -269.462
x[289] = -32.1912
x[290] = -29.9276
x[291] = -129.979
x[292] = -9.09495e-13
x[293] = -129.979
x[294] = -1.21067
x[295] = -4.54747e-13
x[296] = 4.26326e-14
x[297] = -0
x[298] = -253.611
x[299] = -68.4166
x[300] = 1.42109e-14
x[301] = -15.7387
x[302] = 7.10543e-15
x[303] = -0.0665936
x[304] = -32.1912
x[305] = -29.9276
x[306] = -1.95532
x[307] = -1.33785
x[308] = -253.611
x[309] = -16.8268
x[310] = -0.0665936
x[311] = -39.7656
x[312] = -36.2387
x[313] = -118.677
x[314] = -0
x[315] = -258.929
x[316] = -134.601
x[317] = -41.6593
x[318] = -37.5342
x[319] = -118.677
x[320] = -2.27374e-13
x[321] = -28.1485
x[322] = -135.63
x[323] = 2.27374e-13
x[324] = -269.462
x[325] = -79.1178
x[326] = 4.54747e-13
x[327] = 5.68434e-14
x[328] = -2.27374e-13
x[329] = -90.4203
x[330] = 6.82121e-13
x[331] = -464.948
x[332] = -2.05823
x[333] = -15.837
x[334] = -0.027556
x[335] = -1577.19
x[336] = -32.5185
x[337] = -21.7758
x[338] = -21.7758
x[339] = -454.135
x[340] = -454.201
x[341] = -8.52651e-14
x[342] = -0.0482229
x[343] = -107.214
x[344] = -682.23
x[345] = -162.668
x[346] = -15.7348
x[347] = -56.4419
x[348] = -22.4873
x[349] = -300.942
x[350] = -380.417
x[351] = 3.97904e-13
x[352] = -2.27374e-13
x[353] = -57.5551
x[354] = -57.5551
x[355] = -16.0853
x[356] = -5.86706
x[357] = -0.921722
x[358] = -473.501
x[359] = -1.18799e+07
x[360] = -681.581
x[361] = -1070.84
x[362] = -1008.51
x[363] = -0
x[364] = -19.2282
x[365] = -6.54464e+06
x[366] = -71.175
x[367] = -55.2836
x[368] = -629.197
x[369] = -195.818
x[370] = -135.324
x[371] = -135.324
x[372] = -107.486
x[373] = -1.81899e-12
x[374] = -49.2337
x[375] = -43.8453
x[376] = -1.42109e-14
x[377] = -697.432
x[378] = -251.862
x[379] = -0
x[380] = -219.089
x[381] = -1394.12
x[382] = -744.984
x[383] = -25.6376
x[384] = -3.79418
x[385] = -36.7155
x[386] = -18.56
x[387] = -765.796
x[388] = -47.3401
x[389] = -42.5498
x[390] = -538.924
x[391] = -9.09495e-13
x[392] = -4.26326e-14
x[393] = -8.40208e+06
x[394] = -2.27374e-13
x[395] = 9.09495e-13
x[396] = -0
x[397] = -1.08287e+07
x[398] = -51.1273
x[399] = -45.1408
x[400] = -526.987
x[401] = -526.962
x[402] = -133.857
x[403] = 4.54747e-13
x[404] = -1394.12
x[405] = 0
x[406] = 4.54747e-13
x[407] = -1039.3
x[408] = -29.1984
x[409] = -570.626
x[410] = -54.9145
x[411] = -48.861
x[412] = -776.685
x[413] = -1220.26
x[414] = 4.54747e-13
x[415] = -61.8448
x[416] = -516.2
x[417] = -119.076
x[418] = -8.72623e+06
x[419] = -47.3401
x[420] = -42.5498
x[421] = 2.27374e-13
x[422] = -1.35956
x[423] = -0
x[424] = 1.27898e-13
x[425] = -889.865
x[426] = -37.872
x[427] = -33.814
x[428] = -4.84522e+06
x[429] = -6.62365e+06
x[430] = -0
x[431] = 2.27374e-13
x[432] = -197.924
x[433] = -7.27196e+06
x[434] = -5.89647e+06
x[435] = -185.847
x[436] = -61.8448
x[437] = -51.4709
x[438] = -889.865
x[439] = -80.1692
x[440] = -66.7215
x[441] = -40.387
x[442] = -7.99902e+06
x[443] = 2.27374e-13
x[444] = -0.41473
x[445] = -158.38
x[446] = -0.0413339
x[447] = -5.57256e+06
x[448] = -62.4889
x[449] = -55.1721
x[450] = -7.35083e+06
x[451] = -312.309
x[452] = -342.533
x[453] = -4.54747e-13
x[454] = -1008.51
x[455] = -90.8095
x[456] = -84.7503
x[457] = -70.5342
x[458] = -656.397
x[459] = -4.84522e+06
x[460] = -78.1848
x[461] = -61.8448
x[462] = -24.2133
x[463] = -501.384
x[464] = -427.969
x[465] = -394.925
x[466] = -5.5724e+06
x[467] = 2.84217e-14
x[468] = -0
x[469] = -68.1697
x[470] = -60.1877
x[471] = 6.5991e-12
x[472] = 3.53047e-12
x[473] = 9.37798e-12
x[474] = 3.98153e-12
x[475] = 3.98153e-12
x[476] = 1.01094e-11
x[477] = 5.40012e-13
x[478] = 1.71768e-13
x[479] = 7.3328e-12
x[480] = 7.3328e-12
x[481] = -3.02001e-12
x[482] = 3.25209e-13
x[483] = 3.52178e-12
x[484] = 9.4969e-13
x[485] = -5.4986e-13
x[486] = -0
x[487] = 3.26729e-12
x[488] = -0
x[489] = 0
x[490] = 0
x[491] = 5266.76
x[492] = 2091.96
x[493] = 1486.34
x[494] = 518.017
x[495] = -3.63798e-12
x[496] = 2829.74
x[497] = 1486.34
x[498] = 2238.83
x[499] = 2093.52
x[500] = 2.38419e-07
x[501] = 1486.34
x[502] = 4158.25
x[503] = 2464.63
x[504] = -5.00222e-12
x[505] = -968.32
x[506] = -1486.34
x[507] = 61.3578
x[508] = 61.3578
x[509] = 195.698
x[510] = 112.06
x[511] = 61.3578
x[512] = 72.8123
x[513] = 91.954
x[514] = 483.772
x[515] = 7.10543e-13
x[516] = 373.35
x[517] = 111.875
x[518] = 111.875
x[519] = 128.967
x[520] = 111.875
x[521] = 72.4872
x[522] = 111.875
x[523] = 126.399
x[524] = 141.247
x[525] = 530.544
x[526] = 299.513
x[527] = -5.68434e-14
x[528] = -4.26326e-14
x[529] = 19.5816
x[530] = 74.5833
x[531] = 48.1593
x[532] = 9.68295
x[533] = 19.5816
x[534] = 279.113
x[535] = 199.675
x[536] = 4.26326e-13
x[537] = 2.27374e-13
x[538] = 102.099
x[539] = 4.22081e-13
x[540] = -5.11591e-13
x[541] = 3.69482e-13
x[542] = 23.7555
x[543] = 29.3724
x[544] = 182.095
x[545] = 72.239
x[546] = 23.7555
x[547] = 38.2799
x[548] = 53.1279
x[549] = 418.669
x[550] = 299.513
x[551] = 80.9535
x[552] = 80.9535
x[553] = 80.9535
x[554] = 57.9773
x[555] = 80.9535
x[556] = 89.4261
x[557] = 98.0874
x[558] = 325.177
x[559] = 42.1394
x[560] = -5.68434e-14
x[561] = 380.689
x[562] = 301.565
x[563] = 398.493
x[564] = 380.689
x[565] = 339.402
x[566] = 380.689
x[567] = 395.819
x[568] = 350.556
x[569] = 75.249
x[570] = 3.90799e-13
x[571] = 3.62377e-13
x[572] = 118.219
x[573] = 66.2191
x[574] = 4.12115e-13
x[575] = 13.3141
x[576] = 26.9247
x[577] = 383.78
x[578] = 274.553
x[579] = 50.9142
x[580] = 50.9142
x[581] = 174.507
x[582] = 120.143
x[583] = 50.9142
x[584] = 36.6849
x[585] = 50.9142
x[586] = 401.225
x[587] = 50.9142
x[588] = 287.033
x[589] = -4.26326e-14
x[590] = 5.38286
x[591] = 123.593
x[592] = 69.229
x[593] = -1.06581e-13
x[594] = 13.9192
x[595] = 28.1485
x[596] = 378.459
x[597] = 264.268
x[598] = 15.837
x[599] = 19.5816
x[600] = 121.396
x[601] = 48.1593
x[602] = 15.837
x[603] = 25.5199
x[604] = 35.4186
x[605] = 279.113
x[606] = 199.675
x[607] = 116.948
x[608] = 116.948
x[609] = 116.948
x[610] = 116.902
x[611] = 116.948
x[612] = 87.407
x[613] = 9.04091
x[614] = 138.931
x[615] = 418.275
x[616] = 222.782
x[617] = 0
x[618] = 2.27374e-13
x[619] = 134.34
x[620] = 75.249
x[621] = -4.54747e-13
x[622] = 4.63016e-05
x[623] = 4.54747e-13
x[624] = 75.249
x[625] = -1.42109e-14
x[626] = 23.2531
x[627] = 88.5677
x[628] = 57.1892
x[629] = -7.10543e-15
x[630] = 11.4985
x[631] = 23.2531
x[632] = 331.447
x[633] = 237.114
x[634] = 97.3017
x[635] = 97.3017
x[636] = 109.036
x[637] = 97.3017
x[638] = 97.3017
x[639] = 67.5245
x[640] = 113.212
x[641] = 251.562
x[642] = 2.55795e-13
x[643] = 194.142
x[644] = 13.457
x[645] = 158.339
x[646] = 111.875
x[647] = 72.239
x[648] = 13.457
x[649] = 14.5244
x[650] = 42.8294
x[651] = 418.669
x[652] = -1.13687e-13
x[653] = 3.55271e-14
x[654] = 7.10543e-15
x[655] = 66.2191
x[656] = 5.68434e-14
x[657] = 13.3141
x[658] = 26.9247
x[659] = 383.78
x[660] = 274.553
x[661] = 2.20268e-13
x[662] = 2.98428e-13
x[663] = 112.846
x[664] = 63.2091
x[665] = 2.13163e-13
x[666] = 12.7089
x[667] = 25.7008
x[668] = 366.336
x[669] = 262.074
x[670] = 0
x[671] = 15.91
x[672] = 60.5989
x[673] = 39.1295
x[674] = 7.8674
x[675] = 15.91
x[676] = 226.779
x[677] = 7.10543e-15
x[678] = 162.236
x[679] = 25.7351
x[680] = 31.82
x[681] = 197.269
x[682] = 78.2589
x[683] = 25.7351
x[684] = 41.4699
x[685] = 453.559
x[686] = 324.472
x[687] = 3981.82
x[688] = 3737.84
x[689] = 3981.82
x[690] = 4039.01
x[691] = 3981.82
x[692] = 3626.6
x[693] = 3981.82
x[694] = 3790.4
x[695] = 3981.82
x[696] = 4039.01
x[697] = 79.8272
x[698] = 79.8272
x[699] = 133.075
x[700] = 93.2652
x[701] = 79.8272
x[702] = 49.5123
x[703] = 100.633
x[704] = 328.965
x[705] = -5.25802e-13
x[706] = 253.878
x[707] = 218.293
x[708] = 218.293
x[709] = 309.644
x[710] = 218.293
x[711] = 218.293
x[712] = 68.2462
x[713] = 351.269
x[714] = 218.293
x[715] = 269.462
x[716] = 231.713
x[717] = -1.1724e-12
x[718] = 355.307
x[719] = 300.942
x[720] = 231.713
x[721] = 13.9192
x[722] = 231.713
x[723] = 231.713
x[724] = 300.942
x[725] = -1.7053e-13
x[726] = -3.62377e-13
x[727] = 69.229
x[728] = -1.49214e-13
x[729] = 13.9192
x[730] = 28.1485
x[731] = 401.225
x[732] = 287.033
x[733] = 2.84217e-14
x[734] = 29.3724
x[735] = 128.967
x[736] = 72.239
x[737] = 1.99367e-14
x[738] = 14.5244
x[739] = 29.3724
x[740] = 418.669
x[741] = 299.513
x[742] = 84.1958
x[743] = 84.1958
x[744] = 125.247
x[745] = 90.9159
x[746] = 84.1958
x[747] = 47.547
x[748] = 103.777
x[749] = 309.614
x[750] = -7.67386e-13
x[751] = 238.944
x[752] = 214.08
x[753] = 214.08
x[754] = 332.3
x[755] = 214.08
x[756] = 214.08
x[757] = 64.0748
x[758] = 214.08
x[759] = 425.72
x[760] = 214.08
x[761] = 328.548
x[762] = 15.91
x[763] = 73.4665
x[764] = 39.1295
x[765] = 12.8675
x[766] = 20.7349
x[767] = 28.7776
x[768] = 226.779
x[769] = 7.10543e-15
x[770] = 162.236
x[771] = 1.42109e-14
x[772] = 20.8054
x[773] = 79.2448
x[774] = 51.1693
x[775] = 7.10543e-15
x[776] = 10.2881
x[777] = 20.8054
x[778] = 296.558
x[779] = 212.155
x[780] = 218.293
x[781] = 218.293
x[782] = 309.644
x[783] = 218.293
x[784] = 218.293
x[785] = 68.2462
x[786] = 351.269
x[787] = 269.462
x[788] = 110.003
x[789] = 110.003
x[790] = 55.2897
x[791] = 123.396
x[792] = 110.003
x[793] = 78.487
x[794] = 9.54318
x[795] = 133.119
x[796] = 441.449
x[797] = 84.459
x[798] = 84.459
x[799] = 84.459
x[800] = 84.4291
x[801] = 84.459
x[802] = 63.124
x[803] = 83.1663
x[804] = 100.339
x[805] = 302.078
x[806] = 160.898
x[807] = 84.1958
x[808] = 84.1958
x[809] = 125.247
x[810] = 90.9159
x[811] = 84.1958
x[812] = 47.547
x[813] = 103.777
x[814] = 309.614
x[815] = -3.12639e-13
x[816] = 238.944
x[817] = 0
x[818] = 20.8054
x[819] = 79.2448
x[820] = 51.1693
x[821] = 10.2881
x[822] = 20.8054
x[823] = 296.558
x[824] = -2.13163e-14
x[825] = 212.155
x[826] = 269.656
x[827] = 269.656
x[828] = 382.502
x[829] = 269.656
x[830] = 269.656
x[831] = 84.3042
x[832] = 433.92
x[833] = 269.656
x[834] = 332.865
x[835] = 2.4869e-13
x[836] = 3.2685e-13
x[837] = 112.846
x[838] = 63.2091
x[839] = 2.41585e-13
x[840] = 12.7089
x[841] = 25.7008
x[842] = 366.336
x[843] = 262.074
x[844] = 2917.18
x[845] = 2634.68
x[846] = 3035.4
x[847] = 2983.4
x[848] = 2917.18
x[849] = 2505.87
x[850] = 2917.18
x[851] = 2695.54
x[852] = 2917.18
x[853] = 2983.4
x[854] = 282.497
x[855] = 282.497
x[856] = 400.716
x[857] = 282.497
x[858] = 282.497
x[859] = 88.3187
x[860] = 454.583
x[861] = 282.497
x[862] = 348.716
x[863] = 1.20792e-13
x[864] = 1.98952e-13
x[865] = 112.846
x[866] = 63.2091
x[867] = 1.13687e-13
x[868] = 12.7089
x[869] = 25.7008
x[870] = 366.336
x[871] = 262.074
x[872] = 107.214
x[873] = 123.593
x[874] = 107.214
x[875] = 69.229
x[876] = 107.214
x[877] = 121.133
x[878] = 135.362
x[879] = 508.438
x[880] = 4.26326e-13
x[881] = 299.929
x[882] = 2.84217e-13
x[883] = 3.12639e-13
x[884] = 128.967
x[885] = 72.239
x[886] = 2.77112e-13
x[887] = 14.5244
x[888] = 29.3724
x[889] = 418.669
x[890] = 299.513
x[891] = 79.8272
x[892] = 79.8272
x[893] = 133.075
x[894] = 93.2652
x[895] = 79.8272
x[896] = 49.5123
x[897] = 100.633
x[898] = 328.965
x[899] = -8.66862e-13
x[900] = 253.878
x[901] = -2.13163e-14
x[902] = -1.7053e-13
x[903] = 75.2306
x[904] = 42.1394
x[905] = -1.42109e-14
x[906] = 8.47258
x[907] = 17.1339
x[908] = 244.224
x[909] = 174.716
x[910] = 7.10543e-14
x[911] = 30.5962
x[912] = 134.34
x[913] = 75.249
x[914] = 7.10543e-14
x[915] = 15.1296
x[916] = 30.5962
x[917] = 436.114
x[918] = 311.993
x[919] = 3.83693e-13
x[920] = 4.1922e-13
x[921] = 85.9778
x[922] = 48.1593
x[923] = 3.83693e-13
x[924] = 9.68295
x[925] = 19.5816
x[926] = 279.113
x[927] = 199.675
x[928] = 30.3046
x[929] = 207.699
x[930] = 153.895
x[931] = 219.806
x[932] = 207.699
x[933] = 179.624
x[934] = 207.699
x[935] = 217.987
x[936] = 187.209
x[937] = -1.98952e-13
x[938] = 132.312
x[939] = 132.312
x[940] = 129.896
x[941] = 129.891
x[942] = 132.312
x[943] = 98.9025
x[944] = 84.0846
x[945] = 154.368
x[946] = 481.204
x[947] = 247.536
x[948] = 0
x[949] = 19.5816
x[950] = 74.5833
x[951] = 48.1593
x[952] = 9.68295
x[953] = 19.5816
x[954] = 279.113
x[955] = -9.9476e-14
x[956] = 199.675
x[957] = 243.974
x[958] = 243.974
x[959] = 346.073
x[960] = 243.974
x[961] = 243.974
x[962] = 76.2752
x[963] = 392.595
x[964] = 301.164
x[965] = -7.10543e-15
x[966] = 5.14882
x[967] = 145.144
x[968] = 66.2191
x[969] = 1.42109e-14
x[970] = 13.3141
x[971] = 26.9247
x[972] = 362.005
x[973] = 252.778
x[974] = 98.3007
x[975] = 44.4961
x[976] = 98.3007
x[977] = 70.2252
x[978] = 98.3007
x[979] = 108.589
x[980] = 119.106
x[981] = 394.858
x[982] = 51.1693
x[983] = -9.9476e-14
x[984] = 18.3577
x[985] = 69.9219
x[986] = 45.1494
x[987] = -8.52651e-14
x[988] = 9.07776
x[989] = 18.3577
x[990] = 261.668
x[991] = 187.196
x[992] = 188.124
x[993] = 188.124
x[994] = 311.717
x[995] = 188.124
x[996] = 257.353
x[997] = 188.124
x[998] = 188.124
x[999] = 188.124
x[1000] = 367.4
x[1001] = 105.463
x[1002] = 507.114
x[1003] = 445.659
x[1004] = 367.4
x[1005] = 367.4
x[1006] = 105.463
x[1007] = 367.4
x[1008] = 445.659
x[1009] = 166.93
x[1010] = 166.93
x[1011] = 236.787
x[1012] = 166.93
x[1013] = 166.93
x[1014] = 52.1883
x[1015] = 268.617
x[1016] = 206.059
x[1017] = 63.766
x[1018] = 281.005
x[1019] = 214.939
x[1020] = 297.385
x[1021] = 281.005
x[1022] = 243.02
x[1023] = 281.005
x[1024] = 294.924
x[1025] = 253.283
x[1026] = -8.52651e-14
x[1027] = 2.27374e-13
x[1028] = 58.9035
x[1029] = 187.87
x[1030] = 109.71
x[1031] = 58.9035
x[1032] = 14.5244
x[1033] = 88.2759
x[1034] = 458.305
x[1035] = 1.13687e-13
x[1036] = 358.416
x[1037] = 24.7453
x[1038] = 30.5962
x[1039] = 189.682
x[1040] = 75.249
x[1041] = 24.7453
x[1042] = 39.8749
x[1043] = 55.3415
x[1044] = 436.114
x[1045] = 311.993
x[1046] = 3.35731e-13
x[1047] = 3.35731e-13
x[1048] = 139.714
x[1049] = 78.2589
x[1050] = 2.66454e-13
x[1051] = 4.81664e-05
x[1052] = 396.003
x[1053] = 266.917
x[1054] = 753.951
x[1055] = 753.951
x[1056] = 734.887
x[1057] = 936.654
x[1058] = 753.951
x[1059] = 670.504
x[1060] = 753.951
x[1061] = 725.76
x[1062] = 1298.3
x[1063] = 1178.26
x[1064] = 379.356
x[1065] = 379.356
x[1066] = 540.564
x[1067] = 379.356
x[1068] = 379.356
x[1069] = 469.654
x[1070] = 601.525
x[1071] = 1042.23
x[1072] = 1015.87
x[1073] = 1294.79
x[1074] = 1042.23
x[1075] = 926.873
x[1076] = 1042.23
x[1077] = 1003.26
x[1078] = 1099.75
x[1079] = 1628.77
x[1080] = 80.3879
x[1081] = 322.2
x[1082] = 80.3879
x[1083] = 80.3879
x[1084] = 107.621
x[1085] = 720.399
x[1086] = -749.847
x[1087] = 641.974
x[1088] = -5.68434e-14
x[1089] = 58.7447
x[1090] = 223.75
x[1091] = 144.478
x[1092] = 58.7448
x[1093] = 837.339
x[1094] = -1.13687e-13
x[1095] = -6.82121e-13
x[1096] = -6.82121e-13
x[1097] = 231.065
x[1098] = -5.68434e-13
x[1099] = 7.96499e-05
x[1100] = 206.923
x[1101] = -4.54747e-13
x[1102] = 505.586
x[1103] = 505.586
x[1104] = 486.522
x[1105] = 688.289
x[1106] = 505.586
x[1107] = 444.872
x[1108] = 547.197
x[1109] = 342.533
x[1110] = -1.42109e-14
x[1111] = 231.065
x[1112] = 5.68434e-14
x[1113] = -1.13687e-13
x[1114] = 26.0229
x[1115] = 750.116
x[1116] = -891.851
x[1117] = 536.627
x[1118] = 1.7053e-13
x[1119] = 2.06057e-13
x[1120] = 13.8157
x[1121] = 106.631
x[1122] = 81.2689
x[1123] = 33.0439
x[1124] = 460.107
x[1125] = -3.83693e-13
x[1126] = -4.26326e-13
x[1127] = 35.4916
x[1128] = 191.326
x[1129] = 135.182
x[1130] = 17.5503
x[1131] = 93.4103
x[1132] = 93.4103
x[1133] = 263.307
x[1134] = 168.443
x[1135] = 9.07977e-05
x[1136] = 948.194
x[1137] = -4.72237e-08
x[1138] = 711.315
x[1139] = 711.315
x[1140] = 711.315
x[1141] = 849.773
x[1142] = 711.315
x[1143] = 711.315
x[1144] = 711.315
x[1145] = 401.495
x[1146] = 401.495
x[1147] = 546.582
x[1148] = 401.495
x[1149] = 401.495
x[1150] = 80.0151
x[1151] = -1031
x[1152] = 738.447
x[1153] = 1914.64
x[1154] = 2855.65
x[1155] = 2692
x[1156] = 2889.83
x[1157] = 2376.19
x[1158] = 2744.9
x[1159] = 2855.65
x[1160] = 2884.7
x[1161] = 2914.39
x[1162] = 1490.61
x[1163] = 2737.51
x[1164] = 378.746
x[1165] = 378.746
x[1166] = 280.631
x[1167] = 478.891
x[1168] = 378.746
x[1169] = 405.618
x[1170] = 312.309
x[1171] = 333.86
x[1172] = 333.86
x[1173] = 473.574
x[1174] = 333.86
x[1175] = 333.86
x[1176] = 104.377
x[1177] = 412.119
x[1178] = 753.951
x[1179] = 753.951
x[1180] = 936.654
x[1181] = 753.951
x[1182] = 753.951
x[1183] = 725.76
x[1184] = 1298.3
x[1185] = 1178.26
x[1186] = 139.714
x[1187] = 139.714
x[1188] = 139.714
x[1189] = 139.714
x[1190] = 99.2043
x[1191] = 139.714
x[1192] = 155.449
x[1193] = 171.534
x[1194] = 593.273
x[1195] = 324.472
x[1196] = 107.99
x[1197] = 107.99
x[1198] = 344.429
x[1199] = 156.696
x[1200] = 107.99
x[1201] = 161.839
x[1202] = 851.439
x[1203] = -7.38964e-13
x[1204] = 554.376
x[1205] = 554.376
x[1206] = 540.358
x[1207] = 688.716
x[1208] = 554.376
x[1209] = 493.018
x[1210] = 554.376
x[1211] = 533.647
x[1212] = 584.972
x[1213] = 866.368
x[1214] = 598.663
x[1215] = 598.663
x[1216] = 443.579
x[1217] = 756.957
x[1218] = 598.663
x[1219] = 641.138
x[1220] = 493.65
x[1221] = 384.427
x[1222] = 384.427
x[1223] = 636.987
x[1224] = 384.427
x[1225] = 525.895
x[1226] = 384.427
x[1227] = 384.427
x[1228] = 384.427
x[1229] = 115.353
x[1230] = 115.353
x[1231] = 367.912
x[1232] = 163.744
x[1233] = 115.353
x[1234] = 165.964
x[1235] = 909.492
x[1236] = -6.82121e-13
x[1237] = 701.899
x[1238] = 142.175
x[1239] = 18.4209
x[1240] = 142.175
x[1241] = 250.533
x[1242] = 142.175
x[1243] = 613.476
x[1244] = 142.175
x[1245] = 423.632
x[1246] = 1.42109e-14
x[1247] = 209.571
x[1248] = -3.2685e-13
x[1249] = 1.42109e-14
x[1250] = 23.6022
x[1251] = 181.797
x[1252] = -1307.43
x[1253] = 486.708
x[1254] = -1.42109e-14
x[1255] = 188.076
x[1256] = 0
x[1257] = -1.42109e-14
x[1258] = 21.1814
x[1259] = 610.56
x[1260] = 57.1899
x[1261] = 57.1899
x[1262] = 50.1565
x[1263] = 161.208
x[1264] = 103.128
x[1265] = 90.2987
x[1266] = 337.676
x[1267] = 342.093
x[1268] = 342.093
x[1269] = 253.474
x[1270] = 362.033
x[1271] = 342.093
x[1272] = 295.851
x[1273] = -3.97904e-13
x[1274] = 321.019
x[1275] = 321.019
x[1276] = 455.359
x[1277] = 321.019
x[1278] = 321.019
x[1279] = 100.362
x[1280] = 396.268
x[1281] = 83.4466
x[1282] = 83.4466
x[1283] = 266.149
x[1284] = 133.203
x[1285] = 83.4466
x[1286] = 125.057
x[1287] = 657.93
x[1288] = 507.756
x[1289] = 0
x[1290] = -1.42109e-14
x[1291] = 42.8347
x[1292] = 163.151
x[1293] = 105.349
x[1294] = 42.8347
x[1295] = 610.56
x[1296] = -1.7053e-13
x[1297] = 25.7351
x[1298] = 31.82
x[1299] = 197.269
x[1300] = 78.2589
x[1301] = 25.7351
x[1302] = 41.4699
x[1303] = 453.559
x[1304] = 324.472
x[1305] = 1702.83
x[1306] = 1702.83
x[1307] = 1732.74
x[1308] = 1702.83
x[1309] = 1702.83
x[1310] = 1728.25
x[1311] = 1603.78
x[1312] = 1586.39
x[1313] = 1.42109e-14
x[1314] = 53.8493
x[1315] = 205.104
x[1316] = 132.438
x[1317] = 53.8494
x[1318] = 767.561
x[1319] = -4.26326e-14
x[1320] = 346.7
x[1321] = 346.7
x[1322] = 491.788
x[1323] = 346.7
x[1324] = 346.7
x[1325] = 108.391
x[1326] = 3.69482e-13
x[1327] = 3.97904e-13
x[1328] = 3.55271e-13
x[1329] = 99.3286
x[1330] = 3.69482e-13
x[1331] = 40.387
x[1332] = 421.842
x[1333] = 53.8493
x[1334] = 132.438
x[1335] = 2.84217e-14
x[1336] = 26.6281
x[1337] = 767.561
x[1338] = 5.68434e-14
x[1339] = 549.107
x[1340] = 698.898
x[1341] = 698.898
x[1342] = 672.545
x[1343] = 951.458
x[1344] = 698.898
x[1345] = 614.969
x[1346] = 756.419
x[1347] = 473.501
x[1348] = 0
x[1349] = 56.297
x[1350] = 214.427
x[1351] = 138.458
x[1352] = 27.8385
x[1353] = 56.2971
x[1354] = 802.45
x[1355] = 0
x[1356] = 574.066
x[1357] = 464.269
x[1358] = 464.269
x[1359] = 344
x[1360] = 500.589
x[1361] = 464.269
x[1362] = 401.512
x[1363] = -6.82121e-13
x[1364] = 152.51
x[1365] = 152.51
x[1366] = 152.51
x[1367] = 58.5973
x[1368] = 686.029
x[1369] = 152.51
x[1370] = 88.3552
x[1371] = 88.3552
x[1372] = 281.805
x[1373] = 137.902
x[1374] = 88.3552
x[1375] = 132.414
x[1376] = 696.632
x[1377] = -3.12639e-13
x[1378] = 537.625
x[1379] = 372.382
x[1380] = 372.382
x[1381] = 528.217
x[1382] = 372.382
x[1383] = 372.382
x[1384] = 116.42
x[1385] = 459.671
x[1386] = -3.41061e-13
x[1387] = -3.41061e-13
x[1388] = 263.307
x[1389] = -1.13687e-13
x[1390] = -3.41061e-13
x[1391] = 9.07977e-05
x[1392] = 235.796
x[1393] = -2.27374e-13
x[1394] = 442.945
x[1395] = 96.2441
x[1396] = 442.945
x[1397] = 524.213
x[1398] = 442.945
x[1399] = 442.945
x[1400] = 471.003
x[1401] = 442.945
x[1402] = 6.94721e+06
x[1403] = 6.94719e+06
x[1404] = 6.94736e+06
x[1405] = 6.94714e+06
x[1406] = 35.4916
x[1407] = 620.901
x[1408] = 620.901
x[1409] = 771.362
x[1410] = 620.901
x[1411] = 620.901
x[1412] = 597.685
x[1413] = 1069.19
x[1414] = 970.332
x[1415] = 162.491
x[1416] = 162.491
x[1417] = 162.491
x[1418] = 118.433
x[1419] = 162.491
x[1420] = 270.85
x[1421] = 162.491
x[1422] = 321.019
x[1423] = 321.019
x[1424] = 455.359
x[1425] = 321.019
x[1426] = 321.019
x[1427] = 100.362
x[1428] = 396.268
x[1429] = 532.201
x[1430] = 532.201
x[1431] = 661.167
x[1432] = 532.201
x[1433] = 1.02318e-12
x[1434] = 831.713
x[1435] = 507.223
x[1436] = 0
x[1437] = 0
x[1438] = 158.339
x[1439] = -7.10543e-15
x[1440] = 14.5244
x[1441] = 418.669
x[1442] = 145.088
x[1443] = 145.088
x[1444] = 145.088
x[1445] = 145.088
x[1446] = 83.2428
x[1447] = 616.091
x[1448] = 446.105
x[1449] = 429.284
x[1450] = 446.105
x[1451] = 392.534
x[1452] = 302.235
x[1453] = 364.287
x[1454] = 256.815
x[1455] = 2.84217e-14
x[1456] = 0
x[1457] = -1.42109e-14
x[1458] = 0
x[1459] = 164.937
x[1460] = 116.536
x[1461] = 1.27898e-13
x[1462] = 2.84217e-14
x[1463] = 33.0439
x[1464] = 178.131
x[1465] = 125.859
x[1466] = 81.2689
x[1467] = 302.235
x[1468] = 1.27898e-13
x[1469] = 0
x[1470] = 42.8347
x[1471] = 230.911
x[1472] = 163.151
x[1473] = 105.349
x[1474] = 510.026
x[1475] = 510.026
x[1476] = 633.619
x[1477] = 510.026
x[1478] = 878.261
x[1479] = 2.84217e-14
x[1480] = 177.329
x[1481] = 113.441
x[1482] = 487.851
x[1483] = 487.851
x[1484] = 606.07
x[1485] = 487.851
x[1486] = 602.327
x[1487] = 4.21778e-09
x[1488] = 4.21781e-09
x[1489] = 4.21777e-09
x[1490] = 3491.33
x[1491] = 3657.91
x[1492] = 620.901
x[1493] = 620.901
x[1494] = 771.362
x[1495] = 620.901
x[1496] = 1069.19
x[1497] = 687.426
x[1498] = 687.426
x[1499] = 854.008
x[1500] = 687.426
x[1501] = 1074.3
x[1502] = 665.251
x[1503] = 665.251
x[1504] = 665.251
x[1505] = 1145.56
x[1506] = 753.951
x[1507] = 753.951
x[1508] = 1178.26
x[1509] = 598.726
x[1510] = 345.557
x[1511] = 356.495
x[1512] = 598.726
x[1513] = 302.235
x[1514] = 244.106
x[1515] = -2.41585e-13
x[1516] = 753.951
x[1517] = 753.951
x[1518] = 936.654
x[1519] = 753.951
x[1520] = 753.951
x[1521] = 725.76
x[1522] = 1298.3
x[1523] = 293.223
x[1524] = 293.223
x[1525] = -3.41061e-13
x[1526] = 77.6344
x[1527] = 77.6344
x[1528] = 99.9467
x[1529] = 77.6344
x[1530] = 33.0439
x[1531] = 33.0439
x[1532] = 487.851
x[1533] = 487.851
x[1534] = 606.07
x[1535] = 487.851
x[1536] = 840.076
x[1537] = 134.276
x[1538] = 134.276
x[1539] = 134.276
x[1540] = 568.902
x[1541] = 134.276
x[1542] = 414.538
x[1543] = 1365.56
x[1544] = 1365.56
x[1545] = 1382.45
x[1546] = 1365.56
x[1547] = 5.68434e-14
x[1548] = 161.208
x[1549] = 2.84217e-14
x[1550] = 18.1555
x[1551] = 523.337
x[1552] = -4.54747e-13
x[1553] = 462.267
x[1554] = 462.267
x[1555] = 655.717
x[1556] = 462.267
x[1557] = 462.267
x[1558] = 570.626
x[1559] = -1.53467e-13
x[1560] = -1.53467e-13
x[1561] = -1.53467e-13
x[1562] = -1.53467e-13
x[1563] = -1.53467e-13
x[1564] = -8.00225e-14
x[1565] = -8.00225e-14
x[1566] = -8.00225e-14
x[1567] = -8.00225e-14
x[1568] = -8.00225e-14
x[1569] = 0
x[1570] = 0
x[1571] = 0
x[1572] = 0
x[1573] = 0
x[1574] = 4.82856
x[1575] = 4.82856
x[1576] = 7.35845e-14
x[1577] = 4.82856
x[1578] = 4.82856
x[1579] = 0
x[1580] = 0
x[1581] = -1.7649e-13
x[1582] = 0
x[1583] = 0
x[1584] = 0
x[1585] = 0
x[1586] = 0
x[1587] = 0
x[1588] = 0
x[1589] = 2.49918e-14
x[1590] = 2.49918e-14
x[1591] = 2.49918e-14
x[1592] = 2.49918e-14
x[1593] = 2.49918e-14
x[1594] = 22.6613
x[1595] = 0
x[1596] = 0
x[1597] = 0
x[1598] = 33.8753
x[1599] = 33.8753
x[1600] = 3.01187e-14
x[1601] = 6.48803e-14
x[1602] = 6.48803e-14
x[1603] = 6.48803e-14
x[1604] = 6.48803e-14
x[1605] = 0
x[1606] = 0
x[1607] = 0
x[1608] = 0
x[1609] = 0
x[1610] = 0
x[1611] = 0
x[1612] = 1.44535e-12
x[1613] = 7.51486e-16
x[1614] = -4.31655e-15
x[1615] = -6.21725e-15
x[1616] = -1.06581e-14
x[1617] = -2.48885e-15
x[1618] = -2.32733e-15
x[1619] = 0.811037
x[1620] = -1.15119e-14
x[1621] = -1.02198e-14
x[1622] = -4.17852e-15
x[1623] = -8.64173e-15
x[1624] = 0.811037
x[1625] = 2.01641e-15
x[1626] = -1.64689e-15
x[1627] = -3.54759e-15
x[1628] = 7.44448e-17
x[1629] = 2.66966e-15
x[1630] = -7.55017e-15
x[1631] = 3.36481e-15
x[1632] = -4.62368e-15
x[1633] = -4.17312e-15
x[1634] = 0.811037
x[1635] = -4.75941e-15
x[1636] = 6.03447e-15
x[1637] = -3.37758e-15
x[1638] = 2.90282e-15
x[1639] = 6.79274e-15
x[1640] = 263096
x[1641] = 6.52486e-15
x[1642] = 9.12007e-15
x[1643] = -6.90735e-15
x[1644] = -1.13482e-14
x[1645] = -3.01744e-15
x[1646] = 0.811037
x[1647] = -1.1484e-14
b:
b[0] = 6795.96
b[1] = 6349.17
b[2] = 7496.88
b[3] = 10248.7
b[4] = 5139.92
b[5] = 9796.29
b[6] = 4673.11
b[7] = 3.52303e+08
b[8] = 6636.78
b[9] = 21419
b[10] = 16148.3
b[11] = 6795.96
b[12] = 6349.17
b[13] = 7496.88
b[14] = 10248.7
b[15] = 5139.92
b[16] = 9796.29
b[17] = 4065.93
b[18] = 3.52303e+08
b[19] = 6636.78
b[20] = 21419
b[21] = 0
b[22] = 16148.3
b[23] = 0
b[24] = 0
b[25] = 0
b[26] = 0
b[27] = 0
b[28] = 0
b[29] = -214.164
b[30] = -214.164
b[31] = -523.156
b[32] = -214.164
b[33] = -163.462
b[34] = -350.77
b[35] = -214.164
b[36] = -8.78281e+06
b[37] = -183.567
b[38] = -58.9404
b[39] = -275.521
b[40] = 0
b[41] = -93.722
b[42] = -205.597
b[43] = 48.9663
b[44] = -205.597
b[45] = -93.722
b[46] = -205.349
b[47] = -93.722
b[48] = -8.51959e+06
b[49] = -64.3497
b[50] = 68.4437
b[51] = -205.597
b[52] = 0
b[53] = -137.065
b[54] = -137.065
b[55] = -22.3575
b[56] = -223.07
b[57] = -62.4813
b[58] = -137.065
b[59] = -137.065
b[60] = -5.6798e+06
b[61] = -117.483
b[62] = -28.9542
b[63] = -137.065
b[64] = 0
b[65] = 1853.81
b[66] = 1853.81
b[67] = -125.191
b[68] = 1853.81
b[69] = 1853.81
b[70] = -266.585
b[71] = 1853.81
b[72] = -6.71247e+06
b[73] = -13.3759
b[74] = 1650.74
b[75] = 1853.81
b[76] = 1779.46
b[77] = -205.597
b[78] = -181.842
b[79] = -33.5363
b[80] = -152.469
b[81] = -205.597
b[82] = -205.597
b[83] = -181.842
b[84] = -8.51968e+06
b[85] = -152.469
b[86] = -43.4313
b[87] = -205.597
b[88] = 0
b[89] = 2344.03
b[90] = -119.932
b[91] = 2427.26
b[92] = -119.932
b[93] = 2344.03
b[94] = 2278.91
b[95] = 2344.03
b[96] = -5.15114e+06
b[97] = 2361.16
b[98] = 2438.63
b[99] = 2263.08
b[100] = 2250.43
b[101] = 22.5801
b[102] = 403.269
b[103] = 472.778
b[104] = 286.733
b[105] = 403.269
b[106] = 286.733
b[107] = 403.269
b[108] = -8.78218e+06
b[109] = 373.136
b[110] = -1809.49
b[111] = 22.5801
b[112] = 0
b[113] = -312.792
b[114] = -188.464
b[115] = -57.6663
b[116] = -188.464
b[117] = -188.464
b[118] = -188.464
b[119] = -188.464
b[120] = -7.74847e+06
b[121] = -161.539
b[122] = -39.812
b[123] = -188.464
b[124] = 0
b[125] = -197.03
b[126] = -146.116
b[127] = -9.37331
b[128] = -146.116
b[129] = -197.03
b[130] = -146.116
b[131] = -146.116
b[132] = -8.01154e+06
b[133] = -146.116
b[134] = -41.6216
b[135] = -146.116
b[136] = 0
b[137] = -197.03
b[138] = -174.265
b[139] = -32.139
b[140] = -174.265
b[141] = -197.03
b[142] = -174.265
b[143] = -174.265
b[144] = -8.01154e+06
b[145] = -146.116
b[146] = -41.6216
b[147] = -174.265
b[148] = 0
b[149] = -137.065
b[150] = -121.228
b[151] = -22.3575
b[152] = -101.646
b[153] = -137.065
b[154] = -137.065
b[155] = -121.228
b[156] = -5.67979e+06
b[157] = -101.646
b[158] = -28.9542
b[159] = -137.065
b[160] = 0
b[161] = -35.3975
b[162] = -35.3975
b[163] = 71.6187
b[164] = -132.168
b[165] = -35.3975
b[166] = -119.118
b[167] = -154.198
b[168] = -6.45104e+06
b[169] = -13.4142
b[170] = 73.5514
b[171] = -152.345
b[172] = 0
b[173] = -355.445
b[174] = 1106.12
b[175] = 1254.75
b[176] = 1106.12
b[177] = -214.164
b[178] = 1106.12
b[179] = 1106.12
b[180] = -8.78194e+06
b[181] = 1106.12
b[182] = 838.929
b[183] = 1106.12
b[184] = 1083.54
b[185] = -162.764
b[186] = -162.764
b[187] = -26.5496
b[188] = -264.888
b[189] = -74.1966
b[190] = -162.764
b[191] = -162.764
b[192] = -6.71414e+06
b[193] = -139.511
b[194] = -34.3831
b[195] = -162.764
b[196] = 0
b[197] = -45.9694
b[198] = -45.9694
b[199] = -272.041
b[200] = -104.092
b[201] = -45.9694
b[202] = -182.401
b[203] = -45.9694
b[204] = -4.64544e+06
b[205] = -30.0594
b[206] = -30.649
b[207] = -143.271
b[208] = 0
b[209] = -219.054
b[210] = -205.597
b[211] = -76.3657
b[212] = -189.682
b[213] = -107.179
b[214] = -219.054
b[215] = -205.597
b[216] = -8.51972e+06
b[217] = -176.225
b[218] = -56.8883
b[219] = -219.054
b[220] = -606.192
b[221] = -312.792
b[222] = -188.464
b[223] = -57.6663
b[224] = -306.706
b[225] = -188.464
b[226] = -188.464
b[227] = -188.464
b[228] = -7.74847e+06
b[229] = -161.539
b[230] = -39.812
b[231] = -188.464
b[232] = 0
b[233] = -298.574
b[234] = -179.897
b[235] = -55.0451
b[236] = -179.897
b[237] = -179.897
b[238] = -179.897
b[239] = -179.897
b[240] = -7.48537e+06
b[241] = -154.197
b[242] = -38.0024
b[243] = -179.897
b[244] = 0
b[245] = -124.233
b[246] = -111.365
b[247] = -18.1655
b[248] = -196.961
b[249] = -50.7661
b[250] = -111.365
b[251] = -111.365
b[252] = -4.64547e+06
b[253] = -95.455
b[254] = -23.5253
b[255] = -111.365
b[256] = 0
b[257] = -222.73
b[258] = -196.995
b[259] = -36.331
b[260] = -165.175
b[261] = -222.73
b[262] = -222.73
b[263] = -196.995
b[264] = -9.04587e+06
b[265] = -47.0505
b[266] = -222.73
b[267] = 0
b[268] = 3832.45
b[269] = -162.764
b[270] = 3701.44
b[271] = -251.469
b[272] = 3832.45
b[273] = 3832.45
b[274] = 3832.45
b[275] = -6.71051e+06
b[276] = 3832.45
b[277] = 3437.97
b[278] = 3832.45
b[279] = 3815.29
b[280] = -107.527
b[281] = -107.527
b[282] = -355.746
b[283] = -145.631
b[284] = -94.0893
b[285] = -238.524
b[286] = -107.527
b[287] = -6.18794e+06
b[288] = -86.7219
b[289] = -40.0795
b[290] = -187.354
b[291] = 0
b[292] = 63.1297
b[293] = 63.1297
b[294] = -54.0923
b[295] = 63.1297
b[296] = 63.1297
b[297] = -238.524
b[298] = 63.1297
b[299] = -6.18789e+06
b[300] = -185.091
b[301] = 14.4155
b[302] = 63.1297
b[303] = 47.7752
b[304] = -327.01
b[305] = 34.683
b[306] = -60.2875
b[307] = 34.683
b[308] = -197.03
b[309] = 34.683
b[310] = 34.683
b[311] = -8.01157e+06
b[312] = 34.683
b[313] = -442.847
b[314] = 34.683
b[315] = 13.9093
b[316] = -327.01
b[317] = -197.03
b[318] = -60.2875
b[319] = -321.834
b[320] = -197.03
b[321] = -197.03
b[322] = -197.03
b[323] = -8.01157e+06
b[324] = -168.882
b[325] = -41.6216
b[326] = -197.03
b[327] = 0
b[328] = -205.597
b[329] = -205.597
b[330] = -33.5363
b[331] = -205.597
b[332] = -205.597
b[333] = -205.597
b[334] = -205.597
b[335] = -8.5197e+06
b[336] = -176.225
b[337] = -43.4313
b[338] = -205.597
b[339] = 0
b[340] = -92.1378
b[341] = -92.1378
b[342] = -334.82
b[343] = -137.065
b[344] = -85.4177
b[345] = -224.493
b[346] = -92.1378
b[347] = -5.6798e+06
b[348] = -72.5563
b[349] = -37.7219
b[350] = -176.334
b[351] = 0
b[352] = -28.3787
b[353] = -28.3787
b[354] = -180.078
b[355] = -28.3787
b[356] = -28.3787
b[357] = -308.678
b[358] = -28.3787
b[359] = -7.74847e+06
b[360] = -28.3787
b[361] = -51.8676
b[362] = -28.3787
b[363] = 0
b[364] = -111.365
b[365] = -111.365
b[366] = -18.1655
b[367] = -196.961
b[368] = -37.8985
b[369] = -111.365
b[370] = -98.4975
b[371] = -4.64546e+06
b[372] = -82.5875
b[373] = -23.5253
b[374] = -111.365
b[375] = 0
b[376] = -145.631
b[377] = -145.631
b[378] = -23.7549
b[379] = -237.049
b[380] = -66.3864
b[381] = -145.631
b[382] = -145.631
b[383] = -6.18794e+06
b[384] = -124.826
b[385] = -30.7638
b[386] = -145.631
b[387] = 0
b[388] = 63.1297
b[389] = 63.1297
b[390] = -54.0923
b[391] = 63.1297
b[392] = 63.1297
b[393] = -238.524
b[394] = 63.1297
b[395] = -6.18789e+06
b[396] = -185.091
b[397] = 14.4155
b[398] = 47.7752
b[399] = -50.8062
b[400] = -50.8062
b[401] = 7.4423
b[402] = -139.511
b[403] = -50.8062
b[404] = -139.511
b[405] = -162.764
b[406] = -6.71414e+06
b[407] = -27.6904
b[408] = 77.575
b[409] = -160.809
b[410] = -25.5682
b[411] = -25.5682
b[412] = 51.7213
b[413] = -95.455
b[414] = -25.5682
b[415] = -86.0327
b[416] = -111.365
b[417] = -4.64539e+06
b[418] = -9.68801
b[419] = 53.1115
b[420] = -110.027
b[421] = 0
b[422] = -92.1378
b[423] = -92.1378
b[424] = -334.82
b[425] = -137.065
b[426] = -85.4177
b[427] = -224.493
b[428] = -92.1378
b[429] = -5.6798e+06
b[430] = -72.5563
b[431] = -37.7219
b[432] = -176.334
b[433] = 0
b[434] = -162.458
b[435] = -145.631
b[436] = -23.7549
b[437] = -237.049
b[438] = -66.3864
b[439] = -145.631
b[440] = -145.631
b[441] = -6.18794e+06
b[442] = -124.826
b[443] = -30.7638
b[444] = -145.631
b[445] = 0
b[446] = 77.9837
b[447] = 77.9837
b[448] = -66.82
b[449] = 77.9837
b[450] = 77.9837
b[451] = -294.647
b[452] = 77.9837
b[453] = -7.48531e+06
b[454] = -227.911
b[455] = 17.8074
b[456] = 77.9837
b[457] = 59.0164
b[458] = -298.574
b[459] = -179.897
b[460] = -55.0451
b[461] = -179.897
b[462] = -179.897
b[463] = -179.897
b[464] = -179.897
b[465] = -7.48537e+06
b[466] = -154.197
b[467] = -38.0024
b[468] = -179.897
b[469] = 0
b[470] = -312.792
b[471] = 2863.32
b[472] = 2711.62
b[473] = 2863.32
b[474] = -188.464
b[475] = 2863.32
b[476] = 2863.32
b[477] = -7.74584e+06
b[478] = 2863.32
b[479] = 2406.55
b[480] = 2863.32
b[481] = 2843.45
b[482] = 81.6972
b[483] = 81.6972
b[484] = -70.0019
b[485] = 81.6972
b[486] = 81.6972
b[487] = -308.678
b[488] = 81.6972
b[489] = -7.74841e+06
b[490] = -238.334
b[491] = 18.6554
b[492] = 81.6972
b[493] = 61.8267
b[494] = -298.574
b[495] = -179.897
b[496] = -55.0451
b[497] = -179.897
b[498] = -179.897
b[499] = -179.897
b[500] = -179.897
b[501] = -7.48537e+06
b[502] = -154.197
b[503] = -38.0024
b[504] = -179.897
b[505] = 0
b[506] = -238.075
b[507] = -102.713
b[508] = -73.1838
b[509] = -209.927
b[510] = -102.713
b[511] = -209.927
b[512] = -102.713
b[513] = -8.01147e+06
b[514] = -74.5647
b[515] = 52.6956
b[516] = -209.927
b[517] = 0
b[518] = -341.227
b[519] = -205.597
b[520] = -62.9087
b[521] = -205.597
b[522] = -205.597
b[523] = -205.597
b[524] = -205.597
b[525] = -8.5197e+06
b[526] = -176.225
b[527] = -43.4313
b[528] = -205.597
b[529] = 0
b[530] = -107.527
b[531] = -107.527
b[532] = -355.746
b[533] = -145.631
b[534] = -94.0893
b[535] = -238.524
b[536] = -107.527
b[537] = -6.18794e+06
b[538] = -86.7219
b[539] = -40.0795
b[540] = -187.354
b[541] = 0
b[542] = -199.049
b[543] = -119.932
b[544] = -36.6967
b[545] = -119.932
b[546] = -119.932
b[547] = -119.932
b[548] = -119.932
b[549] = -5.15361e+06
b[550] = -102.798
b[551] = -25.3349
b[552] = -119.932
b[553] = 0
b[554] = -214.164
b[555] = -214.164
b[556] = -34.9336
b[557] = -214.164
b[558] = -214.164
b[559] = -214.164
b[560] = -214.164
b[561] = -8.7828e+06
b[562] = -183.567
b[563] = -45.2409
b[564] = -214.164
b[565] = 0
b[566] = -227.485
b[567] = -137.065
b[568] = -41.9391
b[569] = -137.065
b[570] = -137.065
b[571] = -137.065
b[572] = -137.065
b[573] = -5.6798e+06
b[574] = -117.483
b[575] = -28.9542
b[576] = -137.065
b[577] = 0
b[578] = 96.8284
b[579] = 274.223
b[580] = 321.489
b[581] = 194.978
b[582] = 274.223
b[583] = 194.978
b[584] = 274.223
b[585] = -6.18752e+06
b[586] = 253.733
b[587] = -580.114
b[588] = 66.5237
b[589] = 0
b[590] = -36.9603
b[591] = -36.9603
b[592] = 79.53
b[593] = -146.854
b[594] = -36.9603
b[595] = -130.569
b[596] = -171.331
b[597] = -6.97716e+06
b[598] = -14.9046
b[599] = 98.1778
b[600] = -169.273
b[601] = 0
b[602] = -152.902
b[603] = -137.065
b[604] = -22.3575
b[605] = -223.07
b[606] = -62.4813
b[607] = -137.065
b[608] = -137.065
b[609] = -5.6798e+06
b[610] = -117.483
b[611] = -28.9542
b[612] = -137.065
b[613] = 0
b[614] = 70.5567
b[615] = 70.5567
b[616] = -60.4562
b[617] = 70.5567
b[618] = 70.5567
b[619] = -1807.79
b[620] = 70.5567
b[621] = -6.71408e+06
b[622] = -205.936
b[623] = 16.1115
b[624] = 53.3958
b[625] = -188.464
b[626] = -166.688
b[627] = -30.7416
b[628] = -139.763
b[629] = -188.464
b[630] = -166.688
b[631] = -166.688
b[632] = -7.74845e+06
b[633] = -139.763
b[634] = -39.812
b[635] = -166.688
b[636] = 0
b[637] = 406.804
b[638] = -145.631
b[639] = 454.071
b[640] = -237.049
b[641] = 406.804
b[642] = 327.56
b[643] = 406.804
b[644] = -6.18739e+06
b[645] = 427.61
b[646] = 521.672
b[647] = 308.504
b[648] = 293.149
b[649] = -128.498
b[650] = -128.498
b[651] = -20.9602
b[652] = -209.151
b[653] = -58.5763
b[654] = -128.498
b[655] = -128.498
b[656] = -5.41671e+06
b[657] = -110.14
b[658] = -27.1445
b[659] = -128.498
b[660] = 0
b[661] = 85.4107
b[662] = 85.4107
b[663] = -73.1838
b[664] = 85.4107
b[665] = 85.4107
b[666] = 85.4107
b[667] = 85.4107
b[668] = 85.4107
b[669] = -348.529
b[670] = 85.4107
b[671] = -874.946
b[672] = -369.663
b[673] = 160.405
b[674] = 53.0469
b[675] = 160.405
b[676] = -222.73
b[677] = 160.405
b[678] = 160.405
b[679] = -9.0459e+06
b[680] = 160.405
b[681] = -379.411
b[682] = 160.405
b[683] = 136.921
b[684] = 48.2756
b[685] = 48.2756
b[686] = -41.3647
b[687] = 48.2756
b[688] = 48.2756
b[689] = -214.226
b[690] = 48.2756
b[691] = -4.64543e+06
b[692] = -141.142
b[693] = 11.0236
b[694] = 36.534
b[695] = 153.769
b[696] = 371.008
b[697] = 441.685
b[698] = 263.794
b[699] = 371.008
b[700] = 263.794
b[701] = 371.008
b[702] = -8.011e+06
b[703] = 343.285
b[704] = -456.756
b[705] = 90.0027
b[706] = 0
b[707] = -264.5
b[708] = -205.597
b[709] = -502.229
b[710] = -205.597
b[711] = -154.79
b[712] = -336.739
b[713] = -205.597
b[714] = -8.51976e+06
b[715] = -176.225
b[716] = -62.6988
b[717] = -264.5
b[718] = 0
b[719] = -214.164
b[720] = -189.418
b[721] = -34.9336
b[722] = -158.822
b[723] = -214.164
b[724] = -214.164
b[725] = -189.418
b[726] = -8.78278e+06
b[727] = -158.822
b[728] = -45.2409
b[729] = -214.164
b[730] = 0
b[731] = -222.73
b[732] = -165.175
b[733] = -10.5959
b[734] = -165.175
b[735] = -222.73
b[736] = -165.175
b[737] = -165.175
b[738] = -9.04587e+06
b[739] = -165.175
b[740] = -47.0505
b[741] = -165.175
b[742] = 0
b[743] = -291.262
b[744] = -291.262
b[745] = -108.185
b[746] = -291.262
b[747] = -291.262
b[748] = -477.048
b[749] = -291.262
b[750] = -1.16408e+07
b[751] = -110.294
b[752] = -1045.21
b[753] = 0
b[754] = 111.405
b[755] = 111.405
b[756] = -95.4571
b[757] = 111.405
b[758] = 111.405
b[759] = -358.249
b[760] = 111.405
b[761] = -268.872
b[762] = 84.3092
b[763] = -843.329
b[764] = -402.627
b[765] = -149.549
b[766] = -402.627
b[767] = -402.627
b[768] = -659.448
b[769] = -402.627
b[770] = -1.60413e+07
b[771] = -345.107
b[772] = -2420.67
b[773] = -1444.85
b[774] = 0
b[775] = -465.882
b[776] = -385.494
b[777] = -385.494
b[778] = -385.494
b[779] = -385.494
b[780] = -1.527e+07
b[781] = -226.428
b[782] = -1215.73
b[783] = 0
b[784] = -411.194
b[785] = -411.194
b[786] = -67.0726
b[787] = -669.127
b[788] = -187.444
b[789] = -411.194
b[790] = -411.194
b[791] = -2.81842e+07
b[792] = -352.449
b[793] = -86.8625
b[794] = -411.194
b[795] = 289.109
b[796] = 289.109
b[797] = -136.822
b[798] = 289.109
b[799] = 289.109
b[800] = 159.681
b[801] = 289.109
b[802] = 36.4628
b[803] = 289.109
b[804] = -950.001
b[805] = -291.262
b[806] = -291.262
b[807] = -108.185
b[808] = -291.262
b[809] = -291.262
b[810] = -454.315
b[811] = -249.652
b[812] = -1160.23
b[813] = -454.315
b[814] = -1938.41
b[815] = -368.361
b[816] = -368.361
b[817] = -368.361
b[818] = -368.361
b[819] = -368.361
b[820] = -1.47438e+07
b[821] = -77.8144
b[822] = -1260.21
b[823] = 0
b[824] = -212.068
b[825] = -212.068
b[826] = -37.7283
b[827] = -357.156
b[828] = -105.437
b[829] = -212.068
b[830] = -231.297
b[831] = -1.58536e+07
b[832] = -179.024
b[833] = -40.528
b[834] = -212.068
b[835] = -248.43
b[836] = -248.43
b[837] = -40.523
b[838] = -212.938
b[839] = -113.247
b[840] = -406.894
b[841] = -248.43
b[842] = -1.00802e+07
b[843] = -303.713
b[844] = 480.973
b[845] = 480.973
b[846] = 49.6876
b[847] = 387.563
b[848] = 556.006
b[849] = 240.075
b[850] = 387.563
b[851] = 812.061
b[852] = 387.563
b[853] = 0
b[854] = -394.061
b[855] = -1240.7
b[856] = -120.575
b[857] = -1487.89
b[858] = -394.061
b[859] = -394.061
b[860] = -394.061
b[861] = -1.57789e+07
b[862] = -885.693
b[863] = -394.061
b[864] = -231.297
b[865] = -231.297
b[866] = -231.297
b[867] = -231.297
b[868] = -231.297
b[869] = -9.30934e+06
b[870] = -921.358
b[871] = -1663.79
b[872] = 0
b[873] = -635.041
b[874] = 305.964
b[875] = 427.695
b[876] = 82.2143
b[877] = -173.489
b[878] = 50.7356
b[879] = 305.964
b[880] = -1.63036e+07
b[881] = 364.709
b[882] = -3062.69
b[883] = -1059.07
b[884] = 0
b[885] = 500.054
b[886] = 500.054
b[887] = 586.245
b[888] = 433.617
b[889] = 500.054
b[890] = 433.617
b[891] = -210.009
b[892] = 433.617
b[893] = 0
b[894] = 96.5512
b[895] = 96.5512
b[896] = -82.7295
b[897] = 96.5512
b[898] = 96.5512
b[899] = -364.801
b[900] = 96.5512
b[901] = -9.04583e+06
b[902] = -281.154
b[903] = 73.068
b[904] = -291.262
b[905] = -291.262
b[906] = -291.262
b[907] = -291.262
b[908] = -291.262
b[909] = -1.16408e+07
b[910] = -110.294
b[911] = -1045.21
b[912] = 0
b[913] = -83.0161
b[914] = -222.73
b[915] = 71.5629
b[916] = -222.73
b[917] = -83.0161
b[918] = -201.785
b[919] = -83.0161
b[920] = -9.04576e+06
b[921] = -51.1961
b[922] = 92.6634
b[923] = -222.73
b[924] = 0
b[925] = -376.928
b[926] = -376.928
b[927] = -920.754
b[928] = -376.928
b[929] = -328.221
b[930] = -617.356
b[931] = -376.928
b[932] = -323.078
b[933] = -103.735
b[934] = -484.918
b[935] = -657.097
b[936] = -214.164
b[937] = -214.164
b[938] = -79.5476
b[939] = -214.164
b[940] = -214.164
b[941] = -350.77
b[942] = -214.164
b[943] = -8.78284e+06
b[944] = -183.567
b[945] = -1287.59
b[946] = -768.539
b[947] = 0
b[948] = 790.408
b[949] = 790.408
b[950] = 926.646
b[951] = 685.395
b[952] = 790.408
b[953] = 685.395
b[954] = -331.95
b[955] = 685.395
b[956] = 0
b[957] = 174.535
b[958] = 174.535
b[959] = -149.549
b[960] = 174.535
b[961] = 174.535
b[962] = 174.535
b[963] = 174.535
b[964] = 174.535
b[965] = -712.212
b[966] = 174.535
b[967] = -1787.93
b[968] = -402.627
b[969] = -402.627
b[970] = -983.532
b[971] = -402.627
b[972] = -354.236
b[973] = -659.448
b[974] = -402.627
b[975] = -352.016
b[976] = -110.808
b[977] = -517.98
b[978] = 0
b[979] = -140.583
b[980] = -308.395
b[981] = -50.3044
b[982] = -476.208
b[983] = -140.583
b[984] = -140.583
b[985] = -140.583
b[986] = -1.2412e+07
b[987] = -54.0373
b[988] = -140.583
b[989] = 0
b[990] = -334.095
b[991] = -334.095
b[992] = -334.095
b[993] = -334.095
b[994] = -334.095
b[995] = -1.34463e+07
b[996] = -569.117
b[997] = -1641.52
b[998] = 0
b[999] = -299.829
b[1000] = -299.829
b[1001] = -299.829
b[1002] = -299.829
b[1003] = -299.829
b[1004] = -1.21489e+07
b[1005] = -63.3373
b[1006] = -299.829
b[1007] = -163.091
b[1008] = -163.091
b[1009] = 8.23614
b[1010] = -220.281
b[1011] = -117.153
b[1012] = -220.281
b[1013] = -256.996
b[1014] = -1.03433e+07
b[1015] = -220.281
b[1016] = 0
b[1017] = 451.661
b[1018] = 451.661
b[1019] = 529.512
b[1020] = 321.141
b[1021] = 451.661
b[1022] = 321.141
b[1023] = -955.482
b[1024] = 109.569
b[1025] = 0
b[1026] = 92.8377
b[1027] = 92.8377
b[1028] = -79.5476
b[1029] = 92.8377
b[1030] = 92.8377
b[1031] = -350.77
b[1032] = 92.8377
b[1033] = -8.78273e+06
b[1034] = -270.731
b[1035] = 70.2577
b[1036] = -291.262
b[1037] = -291.262
b[1038] = -711.492
b[1039] = -291.262
b[1040] = -241.506
b[1041] = -477.048
b[1042] = -291.262
b[1043] = -249.652
b[1044] = -80.1589
b[1045] = 0
b[1046] = -299.829
b[1047] = -299.829
b[1048] = -48.9071
b[1049] = -487.905
b[1050] = -136.678
b[1051] = -299.829
b[1052] = -299.829
b[1053] = -2.0551e+07
b[1054] = -256.994
b[1055] = -63.3373
b[1056] = -299.829
b[1057] = -222.73
b[1058] = -196.995
b[1059] = -36.331
b[1060] = -165.175
b[1061] = -222.73
b[1062] = -222.73
b[1063] = -196.995
b[1064] = -9.04587e+06
b[1065] = -47.0505
b[1066] = -222.73
b[1067] = 0
b[1068] = 411.686
b[1069] = 411.686
b[1070] = 215.905
b[1071] = 411.686
b[1072] = 411.686
b[1073] = -1.42349e+07
b[1074] = -136.246
b[1075] = -1291.15
b[1076] = 130.891
b[1077] = -376.928
b[1078] = -376.928
b[1079] = -61.4832
b[1080] = -613.367
b[1081] = -171.824
b[1082] = -376.928
b[1083] = -376.928
b[1084] = -2.58355e+07
b[1085] = -323.078
b[1086] = -79.624
b[1087] = -376.928
b[1088] = 100.265
b[1089] = 100.265
b[1090] = -85.9114
b[1091] = 100.265
b[1092] = 100.265
b[1093] = -378.832
b[1094] = 100.265
b[1095] = -9.30892e+06
b[1096] = -291.577
b[1097] = -282.696
b[1098] = -809.683
b[1099] = -86.4994
b[1100] = -986.987
b[1101] = -282.696
b[1102] = -282.696
b[1103] = -282.696
b[1104] = -1.13778e+07
b[1105] = -242.309
b[1106] = -213.546
b[1107] = -282.696
b[1108] = -376.928
b[1109] = -376.928
b[1110] = -61.4832
b[1111] = -613.367
b[1112] = -376.928
b[1113] = -376.928
b[1114] = -376.928
b[1115] = -1.50069e+07
b[1116] = -79.624
b[1117] = -376.928
b[1118] = 0
b[1119] = -402.627
b[1120] = -402.627
b[1121] = -149.549
b[1122] = -402.627
b[1123] = -402.627
b[1124] = -628.024
b[1125] = -345.107
b[1126] = -1603.85
b[1127] = -628.024
b[1128] = -2679.57
b[1129] = -394.061
b[1130] = -394.061
b[1131] = -64.2779
b[1132] = -641.247
b[1133] = -179.634
b[1134] = -394.061
b[1135] = -394.061
b[1136] = -1.57781e+07
b[1137] = -337.764
b[1138] = -83.2433
b[1139] = -394.061
b[1140] = 0
b[1141] = 612.969
b[1142] = 612.969
b[1143] = 718.623
b[1144] = 445.092
b[1145] = 612.969
b[1146] = 435.834
b[1147] = -1296.73
b[1148] = 148.7
b[1149] = 0
b[1150] = -169.52
b[1151] = -351.228
b[1152] = -542.348
b[1153] = -169.52
b[1154] = -169.52
b[1155] = -1.39725e+07
b[1156] = -74.1951
b[1157] = -169.52
b[1158] = -308.395
b[1159] = -308.395
b[1160] = -753.344
b[1161] = -308.395
b[1162] = -258.849
b[1163] = -505.109
b[1164] = -308.395
b[1165] = -264.337
b[1166] = -84.8742
b[1167] = -396.751
b[1168] = 0
b[1169] = 107.692
b[1170] = 107.692
b[1171] = -92.2752
b[1172] = 107.692
b[1173] = 107.692
b[1174] = -406.894
b[1175] = 107.692
b[1176] = -1.00802e+07
b[1177] = -313.551
b[1178] = 81.4989
b[1179] = 329.45
b[1180] = 329.45
b[1181] = -155.913
b[1182] = 329.45
b[1183] = 329.45
b[1184] = 181.962
b[1185] = 329.45
b[1186] = 329.45
b[1187] = 41.5506
b[1188] = 329.45
b[1189] = -1082.56
b[1190] = 211.648
b[1191] = -231.297
b[1192] = 25.4718
b[1193] = -376.384
b[1194] = 211.648
b[1195] = 211.648
b[1196] = 211.648
b[1197] = -9.30908e+06
b[1198] = 211.648
b[1199] = -48.8602
b[1200] = 211.648
b[1201] = -248.43
b[1202] = -92.2752
b[1203] = -248.43
b[1204] = -406.894
b[1205] = -6.94746e+06
b[1206] = -1.7028e+07
b[1207] = -6.94742e+06
b[1208] = -239.863
b[1209] = -239.863
b[1210] = -239.863
b[1211] = -239.863
b[1212] = -239.863
b[1213] = -9.81718e+06
b[1214] = -90.8306
b[1215] = -860.764
b[1216] = 0
b[1217] = -70.8869
b[1218] = -70.8869
b[1219] = 143.146
b[1220] = -308.395
b[1221] = -70.8869
b[1222] = -70.8869
b[1223] = -352.454
b[1224] = -2.11382e+07
b[1225] = -70.8869
b[1226] = 92.8377
b[1227] = 92.8377
b[1228] = -79.5476
b[1229] = 92.8377
b[1230] = 92.8377
b[1231] = -350.77
b[1232] = 92.8377
b[1233] = -8.78273e+06
b[1234] = -270.731
b[1235] = 70.2577
b[1236] = -205.597
b[1237] = -205.597
b[1238] = -205.597
b[1239] = -205.597
b[1240] = -994.301
b[1241] = -737.798
b[1242] = 0
b[1243] = -101.821
b[1244] = -388.391
b[1245] = -293.432
b[1246] = 89.9298
b[1247] = -205.597
b[1248] = -205.597
b[1249] = -176.225
b[1250] = -205.597
b[1251] = -205.597
b[1252] = -8.5197e+06
b[1253] = -43.4313
b[1254] = -205.597
b[1255] = -86.209
b[1256] = -231.297
b[1257] = -231.297
b[1258] = -86.209
b[1259] = -86.209
b[1260] = -9.30893e+06
b[1261] = 96.2274
b[1262] = -231.297
b[1263] = -256.996
b[1264] = -95.4571
b[1265] = -256.996
b[1266] = -400.866
b[1267] = -1023.73
b[1268] = -400.866
b[1269] = -1710.36
b[1270] = -63.6381
b[1271] = 74.2702
b[1272] = -280.616
b[1273] = 74.2702
b[1274] = -216.359
b[1275] = 1.23304e+07
b[1276] = 1.64406e+07
b[1277] = -95.7878
b[1278] = -95.7878
b[1279] = -256.996
b[1280] = -95.7878
b[1281] = -293.712
b[1282] = -1.76151e+07
b[1283] = -95.7878
b[1284] = -214.164
b[1285] = -214.164
b[1286] = -183.567
b[1287] = -97.6271
b[1288] = -214.164
b[1289] = -1.46793e+07
b[1290] = 16.4849
b[1291] = -231.297
b[1292] = -231.297
b[1293] = -37.7283
b[1294] = -198.253
b[1295] = -105.437
b[1296] = -231.297
b[1297] = -231.297
b[1298] = -9.30908e+06
b[1299] = -282.768
b[1300] = -1023.73
b[1301] = -400.866
b[1302] = -1710.36
b[1303] = -299.829
b[1304] = -299.829
b[1305] = -48.9071
b[1306] = -256.994
b[1307] = -136.678
b[1308] = -299.829
b[1309] = -299.829
b[1310] = -1.2149e+07
b[1311] = -366.551
b[1312] = -197.03
b[1313] = -197.03
b[1314] = -197.03
b[1315] = -197.03
b[1316] = -74.6109
b[1317] = -707.056
b[1318] = -242.309
b[1319] = -242.309
b[1320] = -242.309
b[1321] = -128.868
b[1322] = -282.696
b[1323] = -1.93767e+07
b[1324] = -188.464
b[1325] = -188.464
b[1326] = -188.464
b[1327] = -188.464
b[1328] = -676.314
b[1329] = -120.912
b[1330] = -461.214
b[1331] = -347.25
b[1332] = 106.792
b[1333] = -47.2166
b[1334] = -205.597
b[1335] = -176.225
b[1336] = -47.2166
b[1337] = -47.2166
b[1338] = -1.40921e+07
b[1339] = -47.2166
b[1340] = -105.003
b[1341] = -463.017
b[1342] = -356.371
b[1343] = 3225.77
b[1344] = 3225.77
b[1345] = -265.563
b[1346] = -1.82023e+07
b[1347] = -239.863
b[1348] = -239.863
b[1349] = -239.863
b[1350] = -239.863
b[1351] = -90.8306
b[1352] = -860.764
b[1353] = -265.563
b[1354] = -265.563
b[1355] = -265.563
b[1356] = -265.563
b[1357] = -1596.62
b[1358] = -952.989
b[1359] = 0
b[1360] = -256.996
b[1361] = -256.996
b[1362] = -256.996
b[1363] = -97.3185
b[1364] = -922.247
b[1365] = -291.262
b[1366] = -291.262
b[1367] = -1751.13
b[1368] = -1045.21
b[1369] = 0
b[1370] = -231.297
b[1371] = -484.466
b[1372] = -618.615
b[1373] = -231.297
b[1374] = -830.022
b[1375] = -203.235
b[1376] = 419.63
b[1377] = 0
b[1378] = 778.181
b[1379] = -96.9842
b[1380] = -271.68
b[1381] = -519.14
b[1382] = -316.962
b[1383] = -1.26752e+07
b[1384] = -387.496
b[1385] = -291.262
b[1386] = -291.262
b[1387] = -291.262
b[1388] = -291.262
b[1389] = -291.262
b[1390] = -1.16408e+07
b[1391] = -110.294
b[1392] = -1045.21
b[1393] = 387.138
b[1394] = 387.138
b[1395] = -818.985
b[1396] = 93.9159
b[1397] = 0
b[1398] = 1.23304e+07
b[1399] = -75.4775
b[1400] = -75.4775
b[1401] = 7.41253
b[1402] = -198.253
b[1403] = -75.4775
b[1404] = -201.337
b[1405] = -231.297
b[1406] = -9.309e+06
b[1407] = -120.068
b[1408] = -188.464
b[1409] = -188.464
b[1410] = -188.464
b[1411] = -188.464
b[1412] = -71.3669
b[1413] = -676.314
b[1414] = -132.773
b[1415] = -291.262
b[1416] = -449.752
b[1417] = -132.773
b[1418] = -132.773
b[1419] = -1.16413e+07
b[1420] = -61.5276
b[1421] = -132.773
b[1422] = -576.327
b[1423] = -390.151
b[1424] = -703.808
b[1425] = 0
b[1426] = 1159.96
b[1427] = 1159.96
b[1428] = 1047.88
b[1429] = 1159.96
b[1430] = -205.597
b[1431] = -1.40921e+07
b[1432] = -256.996
b[1433] = -256.996
b[1434] = -256.996
b[1435] = -256.996
b[1436] = -256.996
b[1437] = -1.03433e+07
b[1438] = -54.2891
b[1439] = -256.996
b[1440] = -162.588
b[1441] = 133.686
b[1442] = 133.686
b[1443] = -114.549
b[1444] = 133.686
b[1445] = 133.686
b[1446] = -505.109
b[1447] = 133.686
b[1448] = -388.769
b[1449] = 101.171
b[1450] = 0
b[1451] = 0
b[1452] = 0
b[1453] = 0
b[1454] = 0
b[1455] = 0
b[1456] = 0
b[1457] = 0
b[1458] = 0
b[1459] = 0
b[1460] = 0
b[1461] = 0
b[1462] = 0
b[1463] = 0
b[1464] = 0
b[1465] = 0
b[1466] = 0
b[1467] = 0
b[1468] = 4.82856
b[1469] = 0
b[1470] = 4.82856
b[1471] = 0
b[1472] = 4.82856
b[1473] = 4.82856
b[1474] = 0
b[1475] = 0
b[1476] = 0
b[1477] = 0
b[1478] = 0
b[1479] = 0
b[1480] = 0
b[1481] = 0
b[1482] = 0
b[1483] = 0
b[1484] = 0
b[1485] = 0
b[1486] = 0
b[1487] = 0
b[1488] = 0
b[1489] = 0
b[1490] = 0
b[1491] = 0
b[1492] = 7.3512e+06
b[1493] = 7.3512e+06
b[1494] = 7.3512e+06
b[1495] = 7.3512e+06
b[1496] = 7.3512e+06
b[1497] = 7.3512e+06
b[1498] = 33.8753
b[1499] = 33.8753
b[1500] = 0
b[1501] = 0
b[1502] = 0
b[1503] = 0
b[1504] = 0
b[1505] = 0
b[1506] = 0
b[1507] = 0
b[1508] = 0
b[1509] = 0
b[1510] = 0
b[1511] = 0
b[1512] = 0
b[1513] = 0
b[1514] = 0
b[1515] = 0
b[1516] = 0
b[1517] = 0
b[1518] = 0
b[1519] = 0
b[1520] = 0
b[1521] = 0
b[1522] = 0
b[1523] = 0
b[1524] = 0
b[1525] = 0
b[1526] = 0
b[1527] = 0
b[1528] = 0
b[1529] = 0
b[1530] = 0
b[1531] = 0
b[1532] = 0
b[1533] = 0
b[1534] = 0
b[1535] = 0
b[1536] = 0
b[1537] = 0
b[1538] = 0
b[1539] = 0
b[1540] = 0
b[1541] = 0
b[1542] = 0
b[1543] = 0
b[1544] = 0
b[1545] = 0
b[1546] = 0
b[1547] = 0
b[1548] = 0
b[1549] = 0
b[1550] = 0
b[1551] = 0
b[1552] = 0
b[1553] = 0
b[1554] = 0
b[1555] = 0
b[1556] = 0
b[1557] = 0
b[1558] = 0
b[1559] = -2.49941e+08
b[1560] = -2.49941e+08
b[1561] = -2.49941e+08
b[1562] = 0
b[1563] = -2.49941e+08
b[1564] = 0
b[1565] = 0
b[1566] = 0
b[1567] = 0
b[1568] = 0
b[1569] = 0
b[1570] = 0
b[1571] = 0
b[1572] = 0
b[1573] = 0
b[1574] = 0
b[1575] = 0
b[1576] = 0
b[1577] = 0
b[1578] = 0
b[1579] = 0
b[1580] = 0
b[1581] = 0
b[1582] = 0
b[1583] = 0
b[1584] = 0
b[1585] = 0
b[1586] = 0
b[1587] = 0
b[1588] = 0
b[1589] = 0
b[1590] = 0
b[1591] = 0
b[1592] = 0
b[1593] = 0
b[1594] = 0
b[1595] = 0
b[1596] = 0
b[1597] = 0
b[1598] = 0
b[1599] = 0
b[1600] = 0
b[1601] = 263096
b[1602] = 0
b[1603] = 0
b[1604] = 0
b[1605] = 0
b[1606] = 0
b[1607] = 0
b[1608] = 0
b[1609] = 0
b[1610] = 0
b[1611] = 263096
b[1612] = 0
b[1613] = 0
b[1614] = 0
b[1615] = 0
b[1616] = 0
b[1617] = 0
b[1618] = 0
b[1619] = 0
b[1620] = 0
b[1621] = 0
b[1622] = 263096
b[1623] = 0
b[1624] = 0
b[1625] = 0
b[1626] = 0
b[1627] = 0
b[1628] = 0
b[1629] = 0
b[1630] = 0
b[1631] = 0
b[1632] = 0
b[1633] = 0
b[1634] = 263096
b[1635] = 0
b[1636] = 0
b[1637] = 0
b[1638] = 0
b[1639] = 0
b[1640] = 0
b[1641] = 0
b[1642] = 0
b[1643] = 0
b[1644] = 0
b[1645] = 0
b[1646] = 263096
b[1647] = 0
v:
v[0] = -126.888
v[1] = -62.9087
v[2] = -41.9391
v[3] = 1966.77
v[4] = -62.9087
v[5] = 2346.31
v[6] = 171.214
v[7] = -57.6663
v[8] = -60.2875
v[9] = -37.5218
v[10] = -41.9391
v[11] = -45.3291
v[12] = 1254.75
v[13] = -49.8027
v[14] = -65.9816
v[15] = -76.3657
v[16] = -57.6663
v[17] = -55.0451
v[18] = -34.0755
v[19] = -68.151
v[20] = -36.409
v[21] = -86.2836
v[22] = -54.0923
v[23] = -60.2875
v[24] = -60.2875
v[25] = -62.9087
v[26] = -81.2081
v[27] = -111.661
v[28] = -34.0755
v[29] = -44.5603
v[30] = -54.0923
v[31] = -47.8474
v[32] = -32.7377
v[33] = -81.2081
v[34] = -44.5603
v[35] = -66.82
v[36] = -55.0451
v[37] = 76.9352
v[38] = -70.0019
v[39] = -55.0451
v[40] = -73.1838
v[41] = -62.9087
v[42] = -86.2836
v[43] = -36.6967
v[44] = -65.5298
v[45] = -41.9391
v[46] = 167.595
v[47] = -50.3656
v[48] = -41.9391
v[49] = -60.4562
v[50] = -35.8904
v[51] = 409.575
v[52] = -39.3179
v[53] = 34.0298
v[54] = -52.4162
v[55] = -41.3647
v[56] = 226.746
v[57] = -121.812
v[58] = -65.5298
v[59] = -10.5959
v[60] = -843.071
v[61] = -89.59
v[62] = -1165.42
v[63] = -198.342
v[64] = -125.817
v[65] = 544.759
v[66] = -594.706
v[67] = -112.711
v[68] = -51.544
v[69] = -76.0146
v[70] = 678.885
v[71] = -831.89
v[72] = -472.267
v[73] = -2264.31
v[74] = 305.614
v[75] = -82.7295
v[76] = -843.071
v[77] = -68.151
v[78] = -223.322
v[79] = -619.905
v[80] = 483.067
v[81] = 69.5391
v[82] = -238.549
v[83] = -68.7254
v[84] = -102.227
v[85] = -91.7418
v[86] = -41.9203
v[87] = 276.038
v[88] = -79.5476
v[89] = -172.567
v[90] = -91.7418
v[91] = -68.151
v[92] = -1041.44
v[93] = -115.333
v[94] = -85.9114
v[95] = -86.4994
v[96] = -115.333
v[97] = -822.094
v[98] = -120.575
v[99] = 374.623
v[100] = -78.2705
v[101] = -182.718
v[102] = -92.2752
v[103] = 620.772
v[104] = -70.7722
v[105] = -6.94728e+06
v[106] = -694.294
v[107] = -19.3454
v[108] = -79.5476
v[109] = -595.109
v[110] = -101.821
v[111] = -62.9087
v[112] = -70.7722
v[113] = -524.741
v[114] = -63.6381
v[115] = 82.5726
v[116] = -65.5298
v[117] = -70.7722
v[118] = -524.741
v[119] = -91.7418
v[120] = -570.313
v[121] = -46.1124
v[122] = -545.517
v[123] = -120.912
v[124] = 95.4718
v[125] = -105.003
v[126] = -81.257
v[127] = -694.294
v[128] = -768.683
v[129] = -743.887
v[130] = -843.071
v[131] = -669.498
v[132] = 295.755
v[133] = -96.9842
v[134] = -843.071
v[135] = 236.604
v[136] = 7.41253
v[137] = -545.517
v[138] = -64.9073
v[139] = -148.358
v[140] = -62.9087
v[141] = -78.6358
v[142] = -114.549
v[143] = -5.94535
v[144] = -5.94535
v[145] = 1.00159e-14
v[146] = -11.319
v[147] = -5.94535
v[148] = -8.95531
v[149] = -5.94535
v[150] = 0
v[151] = -5.94535
v[152] = -16.633
v[153] = -5.94535
v[154] = -9.85851
v[155] = 0
v[156] = 0
v[157] = 0
v[158] = 0
v[159] = 0
v[160] = 0
v[161] = 0
v[162] = 0
v[163] = 0
v[164] = 0
v[165] = 0
v[166] = 0
v[167] = -5.11558e-15
v[168] = -2.66742e-15
v[169] = 0
v[170] = 2.45282e-15
v[171] = -0
v[172] = 0
v[173] = 8.33061e-16
v[174] = -245040
v[175] = 1.00396e-15
v[176] = 2.16268e-15
v[177] = 0
v[178] = 0
v[179] = 0
v[180] = 0
v[181] = 0
v[182] = -1.53467e-13
v[183] = 0
v[184] = 0
v[185] = 0
v[186] = -8.00225e-14
v[187] = 0
v[188] = 0
v[189] = 0
v[190] = 0
v[191] = 0
v[192] = 0
v[193] = 0
v[194] = 0
v[195] = 0
v[196] = 0
v[197] = 0
v[198] = 7.35845e-14
v[199] = 0
v[200] = 0
v[201] = 0
v[202] = 0
v[203] = 0
v[204] = 0
v[205] = 1.7649e-13
v[206] = 0
v[207] = 0
v[208] = 0
v[209] = 0
v[210] = 0
v[211] = 0
v[212] = 0
v[213] = 0
v[214] = 0
v[215] = 0
v[216] = 0
v[217] = 0
v[218] = 0
v[219] = 0
v[220] = 2.49918e-14
v[221] = 0
v[222] = -5.47837e-11
v[223] = -22.6613
v[224] = 0
v[225] = 0
v[226] = 0
v[227] = 0
v[228] = 0
v[229] = 0
v[230] = 2.20039e-14
v[231] = 6.48803e-14
v[232] = 0
v[233] = 0
v[234] = 0
v[235] = 0
v[236] = 0
v[237] = 0
v[238] = -0
v[239] = 0
v[240] = 0
v[241] = 0
v[242] = 0
v[243] = 0
v[244] = 0
v[245] = 0
v[246] = -2.01641e-15
v[247] = -2.66966e-15
v[248] = -6.03447e-15
v[249] = -9.12007e-15
v[250] = 6.90106e-16
v[251] = -6.19493e-15
v[252] = -2.66966e-15
v[253] = -4.88498e-15
v[254] = -6.21725e-15
v[255] = -1.06581e-14
v[256] = -1.02076e-14
v[257] = -2.32733e-15
v[258] = -263096
v[259] = -1.07939e-14
v[260] = -2.59521e-15
v[261] = -0
v[262] = -9.41205e-15
v[263] = -6.94642e-15
v[264] = 0
v[265] = -3.23014e-15
v[266] = 0
v[267] = 2.92514e-15
v[268] = -6.94642e-15
v[269] = -2.66966e-15
v[270] = -6.53245e-16
v[271] = 0
v[272] = 0
v[273] = 6.45041e-15
v[274] = -4.19108e-15
v[275] = -5.68434e-16
v[276] = -5.68434e-16
v[277] = -5.68434e-16
v[278] = -5.68434e-16
v[279] = 0
v[280] = -5.68434e-16
v[281] = 0
v[282] = -3.33067e-15
v[283] = -0
v[284] = -0
v[285] = -0
v[286] = -0
v[287] = -0
v[288] = -0
v[289] = -7.98848e-15
v[290] = 0
v[291] = -0
v[292] = -0
v[293] = -7.71874e-15
v[294] = -7.71874e-15
v[295] = -7.53793e-15
v[296] = 0
v[297] = 0
v[298] = -1.08977e-14
v[299] = -0
v[300] = -0
v[301] = 3.42325e-16
v[302] = 3.70713e-15
v[303] = 0
v[304] = 0
v[305] = -263096
v[306] = -0.811037
v[307] = 0
v[308] = -0.811037
v[309] = -263096
v[310] = -0.811037
v[311] = 7.18022e-16
v[312] = 0
v[313] = 7.18022e-16
v[314] = 0
v[315] = -2.59521e-15
v[316] = -5.788e-16
v[317] = 0
v[318] = 3.43925e-15
v[319] = 0
v[320] = 0
v[321] = 0
v[322] = 0
v[323] = 0
v[324] = 0
v[325] = 8.07775e-16
v[326] = 8.07775e-16
v[327] = 0
v[328] = 8.07775e-16
v[329] = 0
v[330] = 0
v[331] = 0
v[332] = 0
v[333] = 0
v[334] = 0
v[335] = 0
v[336] = 0
v[337] = 0
v[338] = 0
v[339] = 0
v[340] = 0
v[341] = 0
v[342] = 0
v[343] = 0
v[344] = 0
v[345] = 0
v[346] = -6.5991e-12
v[347] = -3.98153e-12
v[348] = -5.40012e-13
v[349] = 0
v[350] = 0
v[351] = -7.3328e-12
v[352] = -0
v[353] = -2.49942e+08
v[354] = 6.82121e-13
v[355] = 0
v[356] = 0
v[357] = 7.67386e-13
v[358] = 0
v[359] = 0
v[360] = -396.268
v[361] = 0
v[362] = 0
v[363] = 0
v[364] = 0
v[365] = 0
v[366] = 0
v[367] = 0
v[368] = 0
v[369] = 0
v[370] = 5.68434e-14
v[371] = 0
v[372] = 0
v[373] = 0
v[374] = 0
v[375] = 0
v[376] = 0
v[377] = 0
v[378] = 0
v[379] = 0
v[380] = 0
v[381] = 0
v[382] = 0
v[383] = -0.027556
v[384] = 0
v[385] = 0
v[386] = -1.13687e-13
v[387] = 0
v[388] = 0
v[389] = 0
v[390] = 0
v[391] = 0
v[392] = 0
v[393] = 0
v[394] = 0
v[395] = -0
v[396] = -2063.2
v[397] = 0
v[398] = -338.2
v[399] = -1867.18
v[400] = 0
v[401] = 0
v[402] = -8.52651e-14
v[403] = 0
v[404] = 0
v[405] = 0
v[406] = -2.27374e-13
v[407] = 0
v[408] = 0
v[409] = 0
v[410] = 0
v[411] = 0
v[412] = 0
v[413] = 0
v[414] = -2383.01
v[415] = 0
v[416] = -2307.78
v[417] = 0
v[418] = 0
v[419] = 0
v[420] = 0
v[421] = 0
v[422] = 0
v[423] = 0
v[424] = 0
v[425] = 0
v[426] = 0
v[427] = 0
v[428] = 0
v[429] = 0
v[430] = 0
v[431] = 0
v[432] = 0
v[433] = -6831.64
v[434] = 0
v[435] = -124.328
v[436] = 0
v[437] = 0
v[438] = 0
v[439] = 6.82121e-13
v[440] = 0
v[441] = 0
v[442] = 0
v[443] = 0
v[444] = 0
v[445] = 0
v[446] = 0
v[447] = 0
v[448] = 0
v[449] = 0
v[450] = -0
v[451] = 0
v[452] = 0
v[453] = 0
v[454] = 0
v[455] = 0
v[456] = 0
v[457] = -22.7656
v[458] = 0
v[459] = 0
v[460] = 0
v[461] = -22.7656
v[462] = 0
v[463] = 0
v[464] = 0
v[465] = 0
v[466] = 0
v[467] = 0
v[468] = -2.84217e-14
v[469] = 0
v[470] = 0
v[471] = 0
v[472] = -2.27374e-13
v[473] = 0
v[474] = 0
v[475] = 0
v[476] = 0
v[477] = 0
v[478] = 0
v[479] = 0
v[480] = 0
v[481] = 0
v[482] = 0
v[483] = 0
v[484] = 0
v[485] = -1.85241
v[486] = 0
v[487] = 0
v[488] = 0
v[489] = 0
v[490] = -1461.57
v[491] = 0
v[492] = 0
v[493] = 0
v[494] = -1320.28
v[495] = 0
v[496] = 0
v[497] = -445
v[498] = 0
v[499] = 0
v[500] = 0
v[501] = 0
v[502] = 0
v[503] = 0
v[504] = -0.0252596
v[505] = 0
v[506] = 0
v[507] = 0
v[508] = 0
v[509] = 0
v[510] = 0
v[511] = 0
v[512] = 0
v[513] = 0
v[514] = -206.059
v[515] = 0
v[516] = 0
v[517] = 0
v[518] = 0
v[519] = 0
v[520] = 0
v[521] = 0
v[522] = 0
v[523] = 0
v[524] = 0
v[525] = 0
v[526] = 0
v[527] = 0
v[528] = 0
v[529] = 0
v[530] = 0
v[531] = 0
v[532] = 0
v[533] = -293.223
v[534] = -124.328
v[535] = 0
v[536] = 0
v[537] = -0.0229633
v[538] = -2.27374e-13
v[539] = 0
v[540] = 0
v[541] = 0
v[542] = 0
v[543] = 0
v[544] = 0
v[545] = -118.677
v[546] = 0
v[547] = 0
v[548] = 0
v[549] = 4.54747e-13
v[550] = 0
v[551] = 0
v[552] = 0
v[553] = 0
v[554] = 0
v[555] = 0
v[556] = -12.8675
v[557] = 0
v[558] = 0
v[559] = -15.7387
v[560] = 0
v[561] = 0
v[562] = 0
v[563] = 0
v[564] = 0
v[565] = 0
v[566] = 0
v[567] = -2.84217e-14
v[568] = 0
v[569] = 0
v[570] = 0
v[571] = 2.27374e-13
v[572] = 0
v[573] = 0
v[574] = 0
v[575] = 0
v[576] = 0
v[577] = 0
v[578] = -13.3937
v[579] = 0
v[580] = 0
v[581] = 0
v[582] = 0
v[583] = 0
v[584] = 0
v[585] = 0
v[586] = 0
v[587] = 0
v[588] = 0
v[589] = 0
v[590] = -269.462
v[591] = 0
v[592] = 0
v[593] = 0
v[594] = 0
v[595] = 0
v[596] = 0
v[597] = 0
v[598] = 0
v[599] = 0
v[600] = 0
v[601] = 0
v[602] = 0
v[603] = 0
v[604] = -32.1912
v[605] = 0
v[606] = 0
v[607] = -29.9276
v[608] = 0
v[609] = 0
v[610] = -129.979
v[611] = 0
v[612] = 0
v[613] = 0
v[614] = -9.09495e-13
v[615] = 0
v[616] = 0
v[617] = 0
v[618] = 0
v[619] = 0
v[620] = 0
v[621] = -129.979
v[622] = 0
v[623] = 0
v[624] = -1.21067
v[625] = -4.54747e-13
v[626] = 0
v[627] = 0
v[628] = 0
v[629] = 0
v[630] = 0
v[631] = 0
v[632] = 0
v[633] = 4.26326e-14
v[634] = 0
v[635] = 0
v[636] = -0
v[637] = 0
v[638] = 0
v[639] = 0
v[640] = 0
v[641] = 0
v[642] = 0
v[643] = 0
v[644] = 0
v[645] = -253.611
v[646] = 0
v[647] = 0
v[648] = 0
v[649] = 0
v[650] = 0
v[651] = 0
v[652] = 0
v[653] = 0
v[654] = 0
v[655] = 0
v[656] = -68.4166
v[657] = 0
v[658] = 0
v[659] = 0
v[660] = 0
v[661] = 0
v[662] = 0
v[663] = 0
v[664] = 0
v[665] = 1.42109e-14
v[666] = 0
v[667] = 0
v[668] = -15.7387
v[669] = 0
v[670] = 0
v[671] = 0
v[672] = 0
v[673] = 0
v[674] = 0
v[675] = 0
v[676] = 0
v[677] = 7.10543e-15
v[678] = 0
v[679] = -0.0665936
v[680] = 0
v[681] = 0
v[682] = 0
v[683] = 0
v[684] = 0
v[685] = 0
v[686] = 0
v[687] = 0
v[688] = 0
v[689] = 0
v[690] = 0
v[691] = 0
v[692] = -32.1912
v[693] = 0
v[694] = 0
v[695] = -29.9276
v[696] = 0
v[697] = 0
v[698] = 0
v[699] = 0
v[700] = 0
v[701] = 0
v[702] = 0
v[703] = 0
v[704] = -1.95532
v[705] = 0
v[706] = 0
v[707] = 0
v[708] = 0
v[709] = 0
v[710] = 0
v[711] = 0
v[712] = 0
v[713] = 0
v[714] = -1.33785
v[715] = 0
v[716] = 0
v[717] = 0
v[718] = 0
v[719] = 0
v[720] = 0
v[721] = -253.611
v[722] = 0
v[723] = 0
v[724] = 0
v[725] = 0
v[726] = 0
v[727] = 0
v[728] = 0
v[729] = 0
v[730] = -16.8268
v[731] = 0
v[732] = 0
v[733] = -0.0665936
v[734] = 0
v[735] = 0
v[736] = 0
v[737] = 0
v[738] = 0
v[739] = 0
v[740] = 0
v[741] = 0
v[742] = 0
v[743] = 0
v[744] = 0
v[745] = 0
v[746] = -39.7656
v[747] = 0
v[748] = 0
v[749] = -36.2387
v[750] = 0
v[751] = 0
v[752] = -118.677
v[753] = 0
v[754] = 0
v[755] = 0
v[756] = -0
v[757] = 0
v[758] = 0
v[759] = 0
v[760] = 0
v[761] = 0
v[762] = 0
v[763] = -258.929
v[764] = 0
v[765] = 0
v[766] = 0
v[767] = -134.601
v[768] = 0
v[769] = 0
v[770] = 0
v[771] = 0
v[772] = 0
v[773] = 0
v[774] = 0
v[775] = 0
v[776] = 0
v[777] = 0
v[778] = 0
v[779] = -41.6593
v[780] = 0
v[781] = 0
v[782] = -37.5342
v[783] = 0
v[784] = 0
v[785] = -118.677
v[786] = 0
v[787] = 0
v[788] = 0
v[789] = -2.27374e-13
v[790] = 0
v[791] = 0
v[792] = 0
v[793] = 0
v[794] = 0
v[795] = 0
v[796] = -28.1485
v[797] = 0
v[798] = 0
v[799] = 0
v[800] = 0
v[801] = 0
v[802] = 0
v[803] = 0
v[804] = 0
v[805] = 0
v[806] = 0
v[807] = -135.63
v[808] = 0
v[809] = 0
v[810] = 0
v[811] = 2.27374e-13
v[812] = 0
v[813] = 0
v[814] = 0
v[815] = 0
v[816] = 0
v[817] = 0
v[818] = 0
v[819] = 0
v[820] = -269.462
v[821] = 0
v[822] = 0
v[823] = 0
v[824] = 0
v[825] = 0
v[826] = 0
v[827] = 0
v[828] = 0
v[829] = -79.1178
v[830] = 0
v[831] = 0
v[832] = 0
v[833] = 4.54747e-13
v[834] = 0
v[835] = 0
v[836] = 0
v[837] = 0
v[838] = 0
v[839] = 0
v[840] = 5.68434e-14
v[841] = 0
v[842] = 0
v[843] = 0
v[844] = -2.27374e-13
v[845] = 0
v[846] = 0
v[847] = 0
v[848] = 0
v[849] = 0
v[850] = 0
v[851] = -90.4203
v[852] = 0
v[853] = 0
v[854] = 0
v[855] = 6.82121e-13
v[856] = 0
v[857] = 0
v[858] = 0
v[859] = 0
v[860] = 0
v[861] = 0
v[862] = 0
v[863] = 0
v[864] = 0
v[865] = 0
v[866] = 0
v[867] = 0
v[868] = 0
v[869] = 0
v[870] = 0
v[871] = -464.948
v[872] = 0
v[873] = 0
v[874] = 0
v[875] = 0
v[876] = 0
v[877] = 0
v[878] = 0
v[879] = -2.05823
v[880] = 0
v[881] = 0
v[882] = 0
v[883] = 0
v[884] = -15.837
v[885] = 0
v[886] = 0
v[887] = -0.027556
v[888] = 0
v[889] = 0
v[890] = 0
v[891] = 0
v[892] = 0
v[893] = 0
v[894] = 0
v[895] = 0
v[896] = 0
v[897] = 0
v[898] = 0
v[899] = 0
v[900] = -1577.19
v[901] = 0
v[902] = 0
v[903] = -32.5185
v[904] = 0
v[905] = 0
v[906] = -21.7758
v[907] = 0
v[908] = 0
v[909] = 0
v[910] = -21.7758
v[911] = 0
v[912] = 0
v[913] = 0
v[914] = 0
v[915] = 0
v[916] = 0
v[917] = 0
v[918] = -454.135
v[919] = 0
v[920] = -454.201
v[921] = 0
v[922] = 0
v[923] = 0
v[924] = 0
v[925] = 0
v[926] = 0
v[927] = 0
v[928] = 0
v[929] = -8.52651e-14
v[930] = 0
v[931] = -0.0482229
v[932] = 0
v[933] = 0
v[934] = 0
v[935] = 0
v[936] = 0
v[937] = 0
v[938] = 0
v[939] = 0
v[940] = 0
v[941] = -107.214
v[942] = 0
v[943] = 0
v[944] = 0
v[945] = 0
v[946] = 0
v[947] = 0
v[948] = -682.23
v[949] = -162.668
v[950] = 0
v[951] = 0
v[952] = 0
v[953] = -15.7348
v[954] = 0
v[955] = 0
v[956] = 0
v[957] = 0
v[958] = 0
v[959] = 0
v[960] = 0
v[961] = 0
v[962] = 0
v[963] = 0
v[964] = 0
v[965] = -56.4419
v[966] = 0
v[967] = 0
v[968] = -22.4873
v[969] = 0
v[970] = 0
v[971] = 0
v[972] = 0
v[973] = 0
v[974] = 0
v[975] = 0
v[976] = 0
v[977] = 0
v[978] = 0
v[979] = 0
v[980] = -300.942
v[981] = 0
v[982] = 0
v[983] = 0
v[984] = -380.417
v[985] = 0
v[986] = 0
v[987] = 0
v[988] = 0
v[989] = 0
v[990] = 0
v[991] = 0
v[992] = 0
v[993] = 3.97904e-13
v[994] = 0
v[995] = 0
v[996] = 0
v[997] = -2.27374e-13
v[998] = 0
v[999] = 0
v[1000] = 0
v[1001] = 0
v[1002] = 0
v[1003] = 0
v[1004] = -57.5551
v[1005] = 0
v[1006] = 0
v[1007] = 0
v[1008] = -57.5551
v[1009] = 0
v[1010] = 0
v[1011] = -16.0853
v[1012] = 0
v[1013] = 0
v[1014] = 0
v[1015] = 0
v[1016] = 0
v[1017] = 0
v[1018] = 0
v[1019] = 0
v[1020] = 0
v[1021] = 0
v[1022] = 0
v[1023] = 0
v[1024] = 0
v[1025] = 0
v[1026] = 0
v[1027] = -5.86706
v[1028] = 0
v[1029] = 0
v[1030] = 0
v[1031] = 0
v[1032] = -0.921722
v[1033] = 0
v[1034] = 0
v[1035] = 0
v[1036] = 0
v[1037] = 0
v[1038] = 0
v[1039] = 0
v[1040] = 0
v[1041] = 0
v[1042] = 0
v[1043] = -473.501
v[1044] = 0
v[1045] = 0
v[1046] = 0
v[1047] = 0
v[1048] = 0
v[1049] = 0
v[1050] = 0
v[1051] = 0
v[1052] = 0
v[1053] = 0
v[1054] = 0
v[1055] = 0
v[1056] = 0
v[1057] = 0
v[1058] = 0
v[1059] = 0
v[1060] = -1.18799e+07
v[1061] = 0
v[1062] = 0
v[1063] = 0
v[1064] = 0
v[1065] = -681.581
v[1066] = 0
v[1067] = 0
v[1068] = 0
v[1069] = 0
v[1070] = 0
v[1071] = -1070.84
v[1072] = 0
v[1073] = 0
v[1074] = 0
v[1075] = 0
v[1076] = 0
v[1077] = 0
v[1078] = 0
v[1079] = 0
v[1080] = -1008.51
v[1081] = 0
v[1082] = 0
v[1083] = 0
v[1084] = 0
v[1085] = 0
v[1086] = 0
v[1087] = 0
v[1088] = 0
v[1089] = 0
v[1090] = 0
v[1091] = 0
v[1092] = -0
v[1093] = 0
v[1094] = 0
v[1095] = -19.2282
v[1096] = -6.54464e+06
v[1097] = 0
v[1098] = 0
v[1099] = 0
v[1100] = 0
v[1101] = 0
v[1102] = 0
v[1103] = 0
v[1104] = -71.175
v[1105] = 0
v[1106] = 0
v[1107] = -55.2836
v[1108] = 0
v[1109] = 0
v[1110] = -629.197
v[1111] = 0
v[1112] = 0
v[1113] = 0
v[1114] = 0
v[1115] = 0
v[1116] = -195.818
v[1117] = 0
v[1118] = -135.324
v[1119] = 0
v[1120] = -135.324
v[1121] = 0
v[1122] = 0
v[1123] = 0
v[1124] = -107.486
v[1125] = 0
v[1126] = 0
v[1127] = 0
v[1128] = 0
v[1129] = 0
v[1130] = 0
v[1131] = 0
v[1132] = 0
v[1133] = 0
v[1134] = 0
v[1135] = 0
v[1136] = 0
v[1137] = 0
v[1138] = 0
v[1139] = 0
v[1140] = 0
v[1141] = 0
v[1142] = 0
v[1143] = 0
v[1144] = 0
v[1145] = 0
v[1146] = 0
v[1147] = 0
v[1148] = 0
v[1149] = 0
v[1150] = 0
v[1151] = 0
v[1152] = -1.81899e-12
v[1153] = 0
v[1154] = 0
v[1155] = 0
v[1156] = 0
v[1157] = 0
v[1158] = -49.2337
v[1159] = 0
v[1160] = 0
v[1161] = -43.8453
v[1162] = 0
v[1163] = 0
v[1164] = 0
v[1165] = 0
v[1166] = 0
v[1167] = 0
v[1168] = 0
v[1169] = 0
v[1170] = 0
v[1171] = 0
v[1172] = -1.42109e-14
v[1173] = 0
v[1174] = 0
v[1175] = 0
v[1176] = 0
v[1177] = 0
v[1178] = 0
v[1179] = 0
v[1180] = 0
v[1181] = 0
v[1182] = 0
v[1183] = 0
v[1184] = -697.432
v[1185] = 0
v[1186] = 0
v[1187] = 0
v[1188] = 0
v[1189] = 0
v[1190] = 0
v[1191] = 0
v[1192] = 0
v[1193] = 0
v[1194] = 0
v[1195] = 0
v[1196] = 0
v[1197] = 0
v[1198] = 0
v[1199] = 0
v[1200] = 0
v[1201] = -251.862
v[1202] = 0
v[1203] = 0
v[1204] = 0
v[1205] = 0
v[1206] = 0
v[1207] = 0
v[1208] = 0
v[1209] = 0
v[1210] = -0
v[1211] = 0
v[1212] = 0
v[1213] = -219.089
v[1214] = 0
v[1215] = 0
v[1216] = 0
v[1217] = 0
v[1218] = 0
v[1219] = 0
v[1220] = -1394.12
v[1221] = 0
v[1222] = 0
v[1223] = -744.984
v[1224] = 0
v[1225] = 0
v[1226] = 0
v[1227] = 0
v[1228] = 0
v[1229] = 0
v[1230] = 0
v[1231] = 0
v[1232] = -25.6376
v[1233] = 0
v[1234] = 0
v[1235] = 0
v[1236] = 0
v[1237] = 0
v[1238] = -3.79418
v[1239] = 0
v[1240] = 0
v[1241] = 0
v[1242] = 0
v[1243] = 0
v[1244] = 0
v[1245] = 0
v[1246] = 0
v[1247] = 0
v[1248] = 0
v[1249] = 0
v[1250] = 0
v[1251] = 0
v[1252] = 0
v[1253] = 0
v[1254] = 0
v[1255] = 0
v[1256] = 0
v[1257] = 0
v[1258] = 0
v[1259] = 0
v[1260] = 0
v[1261] = 0
v[1262] = -36.7155
v[1263] = -18.56
v[1264] = 0
v[1265] = 0
v[1266] = 0
v[1267] = 0
v[1268] = 0
v[1269] = 0
v[1270] = 0
v[1271] = 0
v[1272] = -765.796
v[1273] = 0
v[1274] = 0
v[1275] = 0
v[1276] = 0
v[1277] = 0
v[1278] = 0
v[1279] = -47.3401
v[1280] = 0
v[1281] = 0
v[1282] = -42.5498
v[1283] = 0
v[1284] = 0
v[1285] = 0
v[1286] = -538.924
v[1287] = 0
v[1288] = 0
v[1289] = 0
v[1290] = 0
v[1291] = 0
v[1292] = 0
v[1293] = 0
v[1294] = 0
v[1295] = 0
v[1296] = 0
v[1297] = -9.09495e-13
v[1298] = 0
v[1299] = 0
v[1300] = -4.26326e-14
v[1301] = -8.40208e+06
v[1302] = 0
v[1303] = 0
v[1304] = 0
v[1305] = 0
v[1306] = 0
v[1307] = 0
v[1308] = -2.27374e-13
v[1309] = 0
v[1310] = 0
v[1311] = 0
v[1312] = 0
v[1313] = 0
v[1314] = 0
v[1315] = 0
v[1316] = 0
v[1317] = 0
v[1318] = 0
v[1319] = 0
v[1320] = 0
v[1321] = 0
v[1322] = 0
v[1323] = 0
v[1324] = 0
v[1325] = 9.09495e-13
v[1326] = 0
v[1327] = 0
v[1328] = -0
v[1329] = -1.08287e+07
v[1330] = 0
v[1331] = 0
v[1332] = 0
v[1333] = 0
v[1334] = 0
v[1335] = 0
v[1336] = 0
v[1337] = -51.1273
v[1338] = 0
v[1339] = 0
v[1340] = -45.1408
v[1341] = 0
v[1342] = -526.987
v[1343] = 0
v[1344] = -526.962
v[1345] = 0
v[1346] = 0
v[1347] = 0
v[1348] = -133.857
v[1349] = 0
v[1350] = 0
v[1351] = 0
v[1352] = 0
v[1353] = 0
v[1354] = 4.54747e-13
v[1355] = 0
v[1356] = 0
v[1357] = 0
v[1358] = 0
v[1359] = 0
v[1360] = 0
v[1361] = 0
v[1362] = 0
v[1363] = 0
v[1364] = 0
v[1365] = 0
v[1366] = 0
v[1367] = 0
v[1368] = 0
v[1369] = -1394.12
v[1370] = 0
v[1371] = 0
v[1372] = 0
v[1373] = 4.54747e-13
v[1374] = 0
v[1375] = 0
v[1376] = 0
v[1377] = 0
v[1378] = 0
v[1379] = 0
v[1380] = 0
v[1381] = 0
v[1382] = 0
v[1383] = 0
v[1384] = 0
v[1385] = 0
v[1386] = 0
v[1387] = -1039.3
v[1388] = 0
v[1389] = 0
v[1390] = -29.1984
v[1391] = 0
v[1392] = 0
v[1393] = 0
v[1394] = 0
v[1395] = 0
v[1396] = 0
v[1397] = 0
v[1398] = -570.626
v[1399] = 0
v[1400] = 0
v[1401] = 0
v[1402] = 0
v[1403] = 0
v[1404] = 0
v[1405] = 0
v[1406] = 0
v[1407] = 0
v[1408] = 0
v[1409] = 0
v[1410] = 0
v[1411] = -54.9145
v[1412] = 0
v[1413] = 0
v[1414] = -48.861
v[1415] = 0
v[1416] = 0
v[1417] = 0
v[1418] = -776.685
v[1419] = 0
v[1420] = 0
v[1421] = 0
v[1422] = 0
v[1423] = 0
v[1424] = 0
v[1425] = -1220.26
v[1426] = 0
v[1427] = 0
v[1428] = 0
v[1429] = 4.54747e-13
v[1430] = 0
v[1431] = 0
v[1432] = 0
v[1433] = -61.8448
v[1434] = 0
v[1435] = 0
v[1436] = 0
v[1437] = 0
v[1438] = 0
v[1439] = 0
v[1440] = 0
v[1441] = -516.2
v[1442] = 0
v[1443] = 0
v[1444] = 0
v[1445] = 0
v[1446] = 0
v[1447] = 0
v[1448] = 0
v[1449] = 0
v[1450] = 0
v[1451] = 0
v[1452] = 0
v[1453] = 0
v[1454] = 0
v[1455] = 0
v[1456] = 0
v[1457] = -119.076
v[1458] = -8.72623e+06
v[1459] = 0
v[1460] = 0
v[1461] = 0
v[1462] = 0
v[1463] = 0
v[1464] = 0
v[1465] = -47.3401
v[1466] = 0
v[1467] = 0
v[1468] = -42.5498
v[1469] = 0
v[1470] = 0
v[1471] = 0
v[1472] = 0
v[1473] = 0
v[1474] = 0
v[1475] = 0
v[1476] = 0
v[1477] = 2.27374e-13
v[1478] = -1.35956
v[1479] = 0
v[1480] = 0
v[1481] = 0
v[1482] = 0
v[1483] = -0
v[1484] = 0
v[1485] = 0
v[1486] = 0
v[1487] = 0
v[1488] = 1.27898e-13
v[1489] = 0
v[1490] = 0
v[1491] = 0
v[1492] = 0
v[1493] = 0
v[1494] = 0
v[1495] = 0
v[1496] = 0
v[1497] = 0
v[1498] = 0
v[1499] = -889.865
v[1500] = 0
v[1501] = 0
v[1502] = -37.872
v[1503] = 0
v[1504] = -33.814
v[1505] = 0
v[1506] = -4.84522e+06
v[1507] = 0
v[1508] = -6.62365e+06
v[1509] = 0
v[1510] = 0
v[1511] = -0
v[1512] = 2.27374e-13
v[1513] = -197.924
v[1514] = -7.27196e+06
v[1515] = 0
v[1516] = 0
v[1517] = 0
v[1518] = 0
v[1519] = 0
v[1520] = -5.89647e+06
v[1521] = 0
v[1522] = -185.847
v[1523] = 0
v[1524] = 0
v[1525] = 0
v[1526] = 0
v[1527] = 0
v[1528] = 0
v[1529] = 0
v[1530] = -61.8448
v[1531] = -51.4709
v[1532] = 0
v[1533] = -889.865
v[1534] = 0
v[1535] = 0
v[1536] = 0
v[1537] = 0
v[1538] = 0
v[1539] = 0
v[1540] = 0
v[1541] = -80.1692
v[1542] = -66.7215
v[1543] = 0
v[1544] = 0
v[1545] = 0
v[1546] = 0
v[1547] = 0
v[1548] = 0
v[1549] = 0
v[1550] = 0
v[1551] = 0
v[1552] = -40.387
v[1553] = -7.99902e+06
v[1554] = 0
v[1555] = 0
v[1556] = 0
v[1557] = 0
v[1558] = 0
v[1559] = 2.27374e-13
v[1560] = -0.41473
v[1561] = 0
v[1562] = 0
v[1563] = -158.38
v[1564] = -0.0413339
v[1565] = 0
v[1566] = 0
v[1567] = -5.57256e+06
v[1568] = 0
v[1569] = -62.4889
v[1570] = -55.1721
v[1571] = 0
v[1572] = 0
v[1573] = 0
v[1574] = -7.35083e+06
v[1575] = 0
v[1576] = 0
v[1577] = 0
v[1578] = 0
v[1579] = 0
v[1580] = 0
v[1581] = 0
v[1582] = 0
v[1583] = 0
v[1584] = -312.309
v[1585] = 0
v[1586] = 0
v[1587] = 0
v[1588] = 0
v[1589] = 0
v[1590] = 0
v[1591] = 0
v[1592] = -342.533
v[1593] = 0
v[1594] = 0
v[1595] = 0
v[1596] = 0
v[1597] = 0
v[1598] = 0
v[1599] = -4.54747e-13
v[1600] = 0
v[1601] = -1008.51
v[1602] = 0
v[1603] = 0
v[1604] = -90.8095
v[1605] = 0
v[1606] = -84.7503
v[1607] = -70.5342
v[1608] = 0
v[1609] = 0
v[1610] = 0
v[1611] = 0
v[1612] = 0
v[1613] = 0
v[1614] = 0
v[1615] = 0
v[1616] = 0
v[1617] = -656.397
v[1618] = 0
v[1619] = 0
v[1620] = -4.84522e+06
v[1621] = 0
v[1622] = 0
v[1623] = 0
v[1624] = 0
v[1625] = 0
v[1626] = 0
v[1627] = -78.1848
v[1628] = -61.8448
v[1629] = 0
v[1630] = 0
v[1631] = 0
v[1632] = 0
v[1633] = 0
v[1634] = 0
v[1635] = 0
v[1636] = -24.2133
v[1637] = 0
v[1638] = 0
v[1639] = 0
v[1640] = -501.384
v[1641] = 0
v[1642] = -427.969
v[1643] = 0
v[1644] = -394.925
v[1645] = 0
v[1646] = 0
v[1647] = 0
v[1648] = 0
v[1649] = 0
v[1650] = 0
v[1651] = -5.5724e+06
v[1652] = 0
v[1653] = 2.84217e-14
v[1654] = 0
v[1655] = 0
v[1656] = 0
v[1657] = 0
v[1658] = 0
v[1659] = 0
v[1660] = -0
v[1661] = 0
v[1662] = 0
v[1663] = 0
v[1664] = 0
v[1665] = 0
v[1666] = -68.1697
v[1667] = 0
v[1668] = -60.1877
v[1669] = 0
v[1670] = 0
v[1671] = 6.5991e-12
v[1672] = 3.53047e-12
v[1673] = 0
v[1674] = 9.37798e-12
v[1675] = 0
v[1676] = 0
v[1677] = 0
v[1678] = 3.98153e-12
v[1679] = 3.98153e-12
v[1680] = 1.01094e-11
v[1681] = 0
v[1682] = 0
v[1683] = 0
v[1684] = 0
v[1685] = 0
v[1686] = 5.40012e-13
v[1687] = 0
v[1688] = 0
v[1689] = 0
v[1690] = 0
v[1691] = 0
v[1692] = 0
v[1693] = 0
v[1694] = 0
v[1695] = 0
v[1696] = 0
v[1697] = 0
v[1698] = 0
v[1699] = 0
v[1700] = 0
v[1701] = 0
v[1702] = 1.71768e-13
v[1703] = 7.3328e-12
v[1704] = 7.3328e-12
v[1705] = -3.02001e-12
v[1706] = 0
v[1707] = 0
v[1708] = 3.25209e-13
v[1709] = 3.52178e-12
v[1710] = 0
v[1711] = 9.4969e-13
v[1712] = 0
v[1713] = 0
v[1714] = 0
v[1715] = 0
v[1716] = 0
v[1717] = 0
v[1718] = 0
v[1719] = 0
v[1720] = 0
v[1721] = 0
v[1722] = 0
v[1723] = -5.4986e-13
v[1724] = -0
v[1725] = 3.26729e-12
v[1726] = 0
v[1727] = -0
v[1728] = 0
v[1729] = 0
v[1730] = 0
v[1731] = 0
v[1732] = 0
v[1733] = 0
v[1734] = 0
v[1735] = 0
v[1736] = 0
v[1737] = 0
v[1738] = 0
v[1739] = 0
v[1740] = 0
v[1741] = 0
v[1742] = 0
v[1743] = 0
v[1744] = 0
v[1745] = 0
v[1746] = 0
v[1747] = 0
v[1748] = 0
v[1749] = 0
v[1750] = 5266.76
v[1751] = 2091.96
v[1752] = 1486.34
v[1753] = 518.017
v[1754] = -3.63798e-12
v[1755] = 2829.74
v[1756] = 1486.34
v[1757] = 2238.83
v[1758] = 2093.52
v[1759] = 2.38419e-07
v[1760] = 1486.34
v[1761] = 4158.25
v[1762] = 2464.63
v[1763] = -5.00222e-12
v[1764] = -968.32
v[1765] = 0
v[1766] = 0
v[1767] = 0
v[1768] = 0
v[1769] = 0
v[1770] = 0
v[1771] = 0
v[1772] = 0
v[1773] = -1486.34
v[1774] = 0
v[1775] = 0
v[1776] = 0
v[1777] = 0
v[1778] = 0
v[1779] = 0
v[1780] = 0
v[1781] = 61.3578
v[1782] = 61.3578
v[1783] = 0
v[1784] = 195.698
v[1785] = 112.06
v[1786] = 0
v[1787] = 61.3578
v[1788] = 72.8123
v[1789] = 91.954
v[1790] = 483.772
v[1791] = 7.10543e-13
v[1792] = 373.35
v[1793] = 111.875
v[1794] = 0
v[1795] = 111.875
v[1796] = 128.967
v[1797] = 111.875
v[1798] = 72.4872
v[1799] = 111.875
v[1800] = 126.399
v[1801] = 141.247
v[1802] = 530.544
v[1803] = 0
v[1804] = 299.513
v[1805] = -5.68434e-14
v[1806] = -4.26326e-14
v[1807] = 19.5816
v[1808] = 0
v[1809] = 74.5833
v[1810] = 48.1593
v[1811] = 0
v[1812] = 9.68295
v[1813] = 19.5816
v[1814] = 279.113
v[1815] = 0
v[1816] = 199.675
v[1817] = 4.26326e-13
v[1818] = 2.27374e-13
v[1819] = 0
v[1820] = 102.099
v[1821] = 0
v[1822] = 0
v[1823] = 4.22081e-13
v[1824] = 0
v[1825] = 0
v[1826] = -5.11591e-13
v[1827] = 0
v[1828] = 3.69482e-13
v[1829] = 0
v[1830] = 23.7555
v[1831] = 29.3724
v[1832] = 182.095
v[1833] = 0
v[1834] = 72.239
v[1835] = 23.7555
v[1836] = 38.2799
v[1837] = 53.1279
v[1838] = 418.669
v[1839] = 0
v[1840] = 299.513
v[1841] = 80.9535
v[1842] = 0
v[1843] = 80.9535
v[1844] = 0
v[1845] = 80.9535
v[1846] = 57.9773
v[1847] = 80.9535
v[1848] = 89.4261
v[1849] = 98.0874
v[1850] = 325.177
v[1851] = 0
v[1852] = 42.1394
v[1853] = -5.68434e-14
v[1854] = 380.689
v[1855] = 301.565
v[1856] = 398.493
v[1857] = 380.689
v[1858] = 339.402
v[1859] = 380.689
v[1860] = 395.819
v[1861] = 350.556
v[1862] = 0
v[1863] = 0
v[1864] = 75.249
v[1865] = 0
v[1866] = 3.90799e-13
v[1867] = 3.62377e-13
v[1868] = 118.219
v[1869] = 0
v[1870] = 66.2191
v[1871] = 4.12115e-13
v[1872] = 13.3141
v[1873] = 26.9247
v[1874] = 383.78
v[1875] = 0
v[1876] = 274.553
v[1877] = 0
v[1878] = 50.9142
v[1879] = 50.9142
v[1880] = 174.507
v[1881] = 0
v[1882] = 120.143
v[1883] = 50.9142
v[1884] = 36.6849
v[1885] = 50.9142
v[1886] = 401.225
v[1887] = 50.9142
v[1888] = 287.033
v[1889] = 0
v[1890] = -4.26326e-14
v[1891] = 5.38286
v[1892] = 123.593
v[1893] = 0
v[1894] = 69.229
v[1895] = -1.06581e-13
v[1896] = 13.9192
v[1897] = 28.1485
v[1898] = 378.459
v[1899] = 0
v[1900] = 264.268
v[1901] = 0
v[1902] = 15.837
v[1903] = 19.5816
v[1904] = 121.396
v[1905] = 0
v[1906] = 48.1593
v[1907] = 15.837
v[1908] = 25.5199
v[1909] = 35.4186
v[1910] = 279.113
v[1911] = 0
v[1912] = 199.675
v[1913] = 116.948
v[1914] = 116.948
v[1915] = 116.948
v[1916] = 116.902
v[1917] = 116.948
v[1918] = 87.407
v[1919] = 0
v[1920] = 9.04091
v[1921] = 138.931
v[1922] = 418.275
v[1923] = 0
v[1924] = 222.782
v[1925] = 0
v[1926] = 0
v[1927] = 2.27374e-13
v[1928] = 134.34
v[1929] = 0
v[1930] = 75.249
v[1931] = -4.54747e-13
v[1932] = 0
v[1933] = 4.63016e-05
v[1934] = 4.54747e-13
v[1935] = 0
v[1936] = 75.249
v[1937] = -1.42109e-14
v[1938] = 0
v[1939] = 23.2531
v[1940] = 0
v[1941] = 88.5677
v[1942] = 57.1892
v[1943] = -7.10543e-15
v[1944] = 11.4985
v[1945] = 23.2531
v[1946] = 331.447
v[1947] = 0
v[1948] = 237.114
v[1949] = 97.3017
v[1950] = 97.3017
v[1951] = 0
v[1952] = 109.036
v[1953] = 97.3017
v[1954] = 0
v[1955] = 97.3017
v[1956] = 67.5245
v[1957] = 113.212
v[1958] = 251.562
v[1959] = 2.55795e-13
v[1960] = 194.142
v[1961] = 0
v[1962] = 13.457
v[1963] = 0
v[1964] = 158.339
v[1965] = 111.875
v[1966] = 72.239
v[1967] = 13.457
v[1968] = 14.5244
v[1969] = 42.8294
v[1970] = 418.669
v[1971] = -1.13687e-13
v[1972] = 0
v[1973] = 0
v[1974] = 3.55271e-14
v[1975] = 7.10543e-15
v[1976] = 0
v[1977] = 0
v[1978] = 66.2191
v[1979] = 5.68434e-14
v[1980] = 13.3141
v[1981] = 26.9247
v[1982] = 383.78
v[1983] = 0
v[1984] = 274.553
v[1985] = 0
v[1986] = 2.20268e-13
v[1987] = 2.98428e-13
v[1988] = 112.846
v[1989] = 0
v[1990] = 63.2091
v[1991] = 2.13163e-13
v[1992] = 12.7089
v[1993] = 25.7008
v[1994] = 366.336
v[1995] = 0
v[1996] = 262.074
v[1997] = 0
v[1998] = 0
v[1999] = 15.91
v[2000] = 0
v[2001] = 60.5989
v[2002] = 39.1295
v[2003] = 0
v[2004] = 7.8674
v[2005] = 15.91
v[2006] = 226.779
v[2007] = 7.10543e-15
v[2008] = 162.236
v[2009] = 0
v[2010] = 25.7351
v[2011] = 31.82
v[2012] = 197.269
v[2013] = 0
v[2014] = 78.2589
v[2015] = 25.7351
v[2016] = 41.4699
v[2017] = 453.559
v[2018] = 0
v[2019] = 324.472
v[2020] = 3981.82
v[2021] = 0
v[2022] = 3737.84
v[2023] = 0
v[2024] = 3981.82
v[2025] = 4039.01
v[2026] = 3981.82
v[2027] = 3626.6
v[2028] = 3981.82
v[2029] = 3790.4
v[2030] = 3981.82
v[2031] = 4039.01
v[2032] = 79.8272
v[2033] = 79.8272
v[2034] = 0
v[2035] = 133.075
v[2036] = 93.2652
v[2037] = 0
v[2038] = 79.8272
v[2039] = 49.5123
v[2040] = 100.633
v[2041] = 328.965
v[2042] = -5.25802e-13
v[2043] = 253.878
v[2044] = 218.293
v[2045] = 218.293
v[2046] = 0
v[2047] = 309.644
v[2048] = 218.293
v[2049] = 0
v[2050] = 218.293
v[2051] = 68.2462
v[2052] = 0
v[2053] = 351.269
v[2054] = 218.293
v[2055] = 269.462
v[2056] = 0
v[2057] = 231.713
v[2058] = -1.1724e-12
v[2059] = 355.307
v[2060] = 0
v[2061] = 300.942
v[2062] = 231.713
v[2063] = 13.9192
v[2064] = 231.713
v[2065] = 0
v[2066] = 231.713
v[2067] = 300.942
v[2068] = 0
v[2069] = -1.7053e-13
v[2070] = -3.62377e-13
v[2071] = 0
v[2072] = 0
v[2073] = 69.229
v[2074] = -1.49214e-13
v[2075] = 13.9192
v[2076] = 28.1485
v[2077] = 401.225
v[2078] = 0
v[2079] = 287.033
v[2080] = 2.84217e-14
v[2081] = 0
v[2082] = 29.3724
v[2083] = 128.967
v[2084] = 0
v[2085] = 72.239
v[2086] = 1.99367e-14
v[2087] = 14.5244
v[2088] = 29.3724
v[2089] = 418.669
v[2090] = 0
v[2091] = 299.513
v[2092] = 84.1958
v[2093] = 84.1958
v[2094] = 0
v[2095] = 125.247
v[2096] = 90.9159
v[2097] = 0
v[2098] = 84.1958
v[2099] = 47.547
v[2100] = 103.777
v[2101] = 309.614
v[2102] = -7.67386e-13
v[2103] = 238.944
v[2104] = 214.08
v[2105] = 214.08
v[2106] = 0
v[2107] = 332.3
v[2108] = 214.08
v[2109] = 0
v[2110] = 214.08
v[2111] = 64.0748
v[2112] = 214.08
v[2113] = 425.72
v[2114] = 214.08
v[2115] = 328.548
v[2116] = 0
v[2117] = 0
v[2118] = 15.91
v[2119] = 0
v[2120] = 73.4665
v[2121] = 39.1295
v[2122] = 12.8675
v[2123] = 20.7349
v[2124] = 28.7776
v[2125] = 226.779
v[2126] = 7.10543e-15
v[2127] = 162.236
v[2128] = 1.42109e-14
v[2129] = 0
v[2130] = 20.8054
v[2131] = 0
v[2132] = 79.2448
v[2133] = 51.1693
v[2134] = 7.10543e-15
v[2135] = 10.2881
v[2136] = 20.8054
v[2137] = 296.558
v[2138] = 0
v[2139] = 212.155
v[2140] = 218.293
v[2141] = 218.293
v[2142] = 0
v[2143] = 309.644
v[2144] = 218.293
v[2145] = 0
v[2146] = 218.293
v[2147] = 68.2462
v[2148] = 0
v[2149] = 351.269
v[2150] = 269.462
v[2151] = 110.003
v[2152] = 110.003
v[2153] = 55.2897
v[2154] = 123.396
v[2155] = 110.003
v[2156] = 78.487
v[2157] = 0
v[2158] = 9.54318
v[2159] = 133.119
v[2160] = 441.449
v[2161] = 0
v[2162] = 84.459
v[2163] = 84.459
v[2164] = 84.459
v[2165] = 84.4291
v[2166] = 84.459
v[2167] = 63.124
v[2168] = 0
v[2169] = 83.1663
v[2170] = 100.339
v[2171] = 302.078
v[2172] = 0
v[2173] = 160.898
v[2174] = 84.1958
v[2175] = 84.1958
v[2176] = 0
v[2177] = 125.247
v[2178] = 90.9159
v[2179] = 0
v[2180] = 84.1958
v[2181] = 47.547
v[2182] = 103.777
v[2183] = 309.614
v[2184] = -3.12639e-13
v[2185] = 238.944
v[2186] = 0
v[2187] = 0
v[2188] = 20.8054
v[2189] = 0
v[2190] = 79.2448
v[2191] = 51.1693
v[2192] = 0
v[2193] = 10.2881
v[2194] = 20.8054
v[2195] = 296.558
v[2196] = -2.13163e-14
v[2197] = 212.155
v[2198] = 269.656
v[2199] = 269.656
v[2200] = 0
v[2201] = 382.502
v[2202] = 269.656
v[2203] = 0
v[2204] = 269.656
v[2205] = 84.3042
v[2206] = 0
v[2207] = 433.92
v[2208] = 269.656
v[2209] = 332.865
v[2210] = 0
v[2211] = 2.4869e-13
v[2212] = 3.2685e-13
v[2213] = 112.846
v[2214] = 0
v[2215] = 63.2091
v[2216] = 2.41585e-13
v[2217] = 12.7089
v[2218] = 25.7008
v[2219] = 366.336
v[2220] = 0
v[2221] = 262.074
v[2222] = 0
v[2223] = 2917.18
v[2224] = 2634.68
v[2225] = 3035.4
v[2226] = 0
v[2227] = 2983.4
v[2228] = 2917.18
v[2229] = 2505.87
v[2230] = 2917.18
v[2231] = 2695.54
v[2232] = 2917.18
v[2233] = 2983.4
v[2234] = 282.497
v[2235] = 282.497
v[2236] = 0
v[2237] = 400.716
v[2238] = 282.497
v[2239] = 0
v[2240] = 282.497
v[2241] = 88.3187
v[2242] = 0
v[2243] = 454.583
v[2244] = 282.497
v[2245] = 348.716
v[2246] = 0
v[2247] = 1.20792e-13
v[2248] = 1.98952e-13
v[2249] = 112.846
v[2250] = 0
v[2251] = 63.2091
v[2252] = 1.13687e-13
v[2253] = 12.7089
v[2254] = 25.7008
v[2255] = 366.336
v[2256] = 0
v[2257] = 262.074
v[2258] = 0
v[2259] = 107.214
v[2260] = 0
v[2261] = 123.593
v[2262] = 107.214
v[2263] = 69.229
v[2264] = 107.214
v[2265] = 121.133
v[2266] = 135.362
v[2267] = 508.438
v[2268] = 4.26326e-13
v[2269] = 299.929
v[2270] = 0
v[2271] = 2.84217e-13
v[2272] = 3.12639e-13
v[2273] = 128.967
v[2274] = 0
v[2275] = 72.239
v[2276] = 2.77112e-13
v[2277] = 14.5244
v[2278] = 29.3724
v[2279] = 418.669
v[2280] = 0
v[2281] = 299.513
v[2282] = 79.8272
v[2283] = 79.8272
v[2284] = 0
v[2285] = 133.075
v[2286] = 93.2652
v[2287] = 0
v[2288] = 79.8272
v[2289] = 49.5123
v[2290] = 100.633
v[2291] = 328.965
v[2292] = -8.66862e-13
v[2293] = 253.878
v[2294] = 0
v[2295] = -2.13163e-14
v[2296] = -1.7053e-13
v[2297] = 75.2306
v[2298] = 0
v[2299] = 42.1394
v[2300] = -1.42109e-14
v[2301] = 8.47258
v[2302] = 17.1339
v[2303] = 244.224
v[2304] = 0
v[2305] = 174.716
v[2306] = 0
v[2307] = 7.10543e-14
v[2308] = 30.5962
v[2309] = 134.34
v[2310] = 0
v[2311] = 75.249
v[2312] = 7.10543e-14
v[2313] = 15.1296
v[2314] = 30.5962
v[2315] = 436.114
v[2316] = 0
v[2317] = 311.993
v[2318] = 0
v[2319] = 3.83693e-13
v[2320] = 4.1922e-13
v[2321] = 85.9778
v[2322] = 0
v[2323] = 48.1593
v[2324] = 3.83693e-13
v[2325] = 9.68295
v[2326] = 19.5816
v[2327] = 279.113
v[2328] = 0
v[2329] = 199.675
v[2330] = 30.3046
v[2331] = 207.699
v[2332] = 153.895
v[2333] = 219.806
v[2334] = 207.699
v[2335] = 179.624
v[2336] = 207.699
v[2337] = 217.987
v[2338] = 187.209
v[2339] = 0
v[2340] = -1.98952e-13
v[2341] = 0
v[2342] = 132.312
v[2343] = 132.312
v[2344] = 129.896
v[2345] = 129.891
v[2346] = 132.312
v[2347] = 98.9025
v[2348] = 0
v[2349] = 84.0846
v[2350] = 154.368
v[2351] = 481.204
v[2352] = 0
v[2353] = 247.536
v[2354] = 0
v[2355] = 0
v[2356] = 19.5816
v[2357] = 0
v[2358] = 74.5833
v[2359] = 48.1593
v[2360] = 0
v[2361] = 9.68295
v[2362] = 19.5816
v[2363] = 279.113
v[2364] = -9.9476e-14
v[2365] = 199.675
v[2366] = 243.974
v[2367] = 243.974
v[2368] = 0
v[2369] = 346.073
v[2370] = 243.974
v[2371] = 0
v[2372] = 243.974
v[2373] = 76.2752
v[2374] = 0
v[2375] = 392.595
v[2376] = 301.164
v[2377] = 0
v[2378] = -7.10543e-15
v[2379] = 5.14882
v[2380] = 145.144
v[2381] = 0
v[2382] = 66.2191
v[2383] = 1.42109e-14
v[2384] = 13.3141
v[2385] = 26.9247
v[2386] = 362.005
v[2387] = 0
v[2388] = 252.778
v[2389] = 98.3007
v[2390] = 0
v[2391] = 44.4961
v[2392] = 0
v[2393] = 98.3007
v[2394] = 70.2252
v[2395] = 98.3007
v[2396] = 108.589
v[2397] = 119.106
v[2398] = 394.858
v[2399] = 0
v[2400] = 51.1693
v[2401] = -9.9476e-14
v[2402] = 0
v[2403] = 18.3577
v[2404] = 0
v[2405] = 69.9219
v[2406] = 45.1494
v[2407] = -8.52651e-14
v[2408] = 9.07776
v[2409] = 18.3577
v[2410] = 261.668
v[2411] = 0
v[2412] = 187.196
v[2413] = 188.124
v[2414] = 188.124
v[2415] = 0
v[2416] = 311.717
v[2417] = 188.124
v[2418] = 257.353
v[2419] = 188.124
v[2420] = 188.124
v[2421] = 0
v[2422] = 188.124
v[2423] = 0
v[2424] = 0
v[2425] = 367.4
v[2426] = 105.463
v[2427] = 507.114
v[2428] = 0
v[2429] = 445.659
v[2430] = 367.4
v[2431] = 0
v[2432] = 367.4
v[2433] = 105.463
v[2434] = 367.4
v[2435] = 445.659
v[2436] = 166.93
v[2437] = 166.93
v[2438] = 0
v[2439] = 236.787
v[2440] = 166.93
v[2441] = 0
v[2442] = 166.93
v[2443] = 52.1883
v[2444] = 0
v[2445] = 268.617
v[2446] = 206.059
v[2447] = 63.766
v[2448] = 281.005
v[2449] = 214.939
v[2450] = 297.385
v[2451] = 281.005
v[2452] = 243.02
v[2453] = 281.005
v[2454] = 294.924
v[2455] = 253.283
v[2456] = 0
v[2457] = -8.52651e-14
v[2458] = 0
v[2459] = 2.27374e-13
v[2460] = 58.9035
v[2461] = 0
v[2462] = 187.87
v[2463] = 109.71
v[2464] = 0
v[2465] = 58.9035
v[2466] = 14.5244
v[2467] = 88.2759
v[2468] = 458.305
v[2469] = 1.13687e-13
v[2470] = 358.416
v[2471] = 0
v[2472] = 24.7453
v[2473] = 30.5962
v[2474] = 189.682
v[2475] = 0
v[2476] = 75.249
v[2477] = 24.7453
v[2478] = 39.8749
v[2479] = 55.3415
v[2480] = 436.114
v[2481] = 0
v[2482] = 311.993
v[2483] = 0
v[2484] = 3.35731e-13
v[2485] = 3.35731e-13
v[2486] = 139.714
v[2487] = 0
v[2488] = 78.2589
v[2489] = 2.66454e-13
v[2490] = 0
v[2491] = 4.81664e-05
v[2492] = 396.003
v[2493] = 0
v[2494] = 266.917
v[2495] = 753.951
v[2496] = 753.951
v[2497] = 734.887
v[2498] = 936.654
v[2499] = 753.951
v[2500] = 670.504
v[2501] = 753.951
v[2502] = 725.76
v[2503] = 1298.3
v[2504] = 0
v[2505] = 1178.26
v[2506] = 379.356
v[2507] = 379.356
v[2508] = 0
v[2509] = 540.564
v[2510] = 379.356
v[2511] = 0
v[2512] = 379.356
v[2513] = 0
v[2514] = 469.654
v[2515] = 601.525
v[2516] = 1042.23
v[2517] = 1015.87
v[2518] = 1294.79
v[2519] = 1042.23
v[2520] = 926.873
v[2521] = 1042.23
v[2522] = 1003.26
v[2523] = 1099.75
v[2524] = 0
v[2525] = 0
v[2526] = 1628.77
v[2527] = 0
v[2528] = 80.3879
v[2529] = 322.2
v[2530] = 80.3879
v[2531] = 80.3879
v[2532] = 107.621
v[2533] = 720.399
v[2534] = -749.847
v[2535] = 641.974
v[2536] = -5.68434e-14
v[2537] = 0
v[2538] = 58.7447
v[2539] = 0
v[2540] = 223.75
v[2541] = 144.478
v[2542] = 0
v[2543] = 0
v[2544] = 58.7448
v[2545] = 837.339
v[2546] = -1.13687e-13
v[2547] = -6.82121e-13
v[2548] = -6.82121e-13
v[2549] = 0
v[2550] = 231.065
v[2551] = -5.68434e-13
v[2552] = 0
v[2553] = 7.96499e-05
v[2554] = 206.923
v[2555] = -4.54747e-13
v[2556] = 0
v[2557] = 505.586
v[2558] = 505.586
v[2559] = 486.522
v[2560] = 688.289
v[2561] = 505.586
v[2562] = 444.872
v[2563] = 547.197
v[2564] = 0
v[2565] = 342.533
v[2566] = 0
v[2567] = 0
v[2568] = -1.42109e-14
v[2569] = 231.065
v[2570] = 5.68434e-14
v[2571] = -1.13687e-13
v[2572] = 26.0229
v[2573] = 750.116
v[2574] = -891.851
v[2575] = 536.627
v[2576] = 1.7053e-13
v[2577] = 2.06057e-13
v[2578] = 13.8157
v[2579] = 0
v[2580] = 106.631
v[2581] = 81.2689
v[2582] = 0
v[2583] = 0
v[2584] = 33.0439
v[2585] = 460.107
v[2586] = 0
v[2587] = -3.83693e-13
v[2588] = -4.26326e-13
v[2589] = 35.4916
v[2590] = 191.326
v[2591] = 135.182
v[2592] = 0
v[2593] = 0
v[2594] = 17.5503
v[2595] = 0
v[2596] = 93.4103
v[2597] = 93.4103
v[2598] = 0
v[2599] = 263.307
v[2600] = 168.443
v[2601] = 0
v[2602] = 9.07977e-05
v[2603] = 948.194
v[2604] = -4.72237e-08
v[2605] = 0
v[2606] = 711.315
v[2607] = 0
v[2608] = 711.315
v[2609] = 0
v[2610] = 711.315
v[2611] = 849.773
v[2612] = 711.315
v[2613] = 0
v[2614] = 711.315
v[2615] = 711.315
v[2616] = 401.495
v[2617] = 401.495
v[2618] = 546.582
v[2619] = 401.495
v[2620] = 401.495
v[2621] = 80.0151
v[2622] = 0
v[2623] = -1031
v[2624] = 738.447
v[2625] = 1914.64
v[2626] = 2855.65
v[2627] = 2692
v[2628] = 2889.83
v[2629] = 2376.19
v[2630] = 2744.9
v[2631] = 2855.65
v[2632] = 2884.7
v[2633] = 2914.39
v[2634] = 0
v[2635] = 1490.61
v[2636] = 2737.51
v[2637] = 378.746
v[2638] = 378.746
v[2639] = 280.631
v[2640] = 478.891
v[2641] = 378.746
v[2642] = 405.618
v[2643] = 0
v[2644] = 312.309
v[2645] = 0
v[2646] = 333.86
v[2647] = 333.86
v[2648] = 0
v[2649] = 473.574
v[2650] = 333.86
v[2651] = 0
v[2652] = 333.86
v[2653] = 104.377
v[2654] = 0
v[2655] = 412.119
v[2656] = 753.951
v[2657] = 753.951
v[2658] = 936.654
v[2659] = 753.951
v[2660] = 753.951
v[2661] = 725.76
v[2662] = 1298.3
v[2663] = 0
v[2664] = 1178.26
v[2665] = 139.714
v[2666] = 0
v[2667] = 139.714
v[2668] = 139.714
v[2669] = 139.714
v[2670] = 99.2043
v[2671] = 139.714
v[2672] = 155.449
v[2673] = 171.534
v[2674] = 593.273
v[2675] = 0
v[2676] = 324.472
v[2677] = 107.99
v[2678] = 107.99
v[2679] = 0
v[2680] = 344.429
v[2681] = 156.696
v[2682] = 0
v[2683] = 107.99
v[2684] = 161.839
v[2685] = 851.439
v[2686] = -7.38964e-13
v[2687] = 0
v[2688] = 554.376
v[2689] = 554.376
v[2690] = 540.358
v[2691] = 688.716
v[2692] = 554.376
v[2693] = 493.018
v[2694] = 554.376
v[2695] = 533.647
v[2696] = 584.972
v[2697] = 0
v[2698] = 0
v[2699] = 866.368
v[2700] = 598.663
v[2701] = 598.663
v[2702] = 443.579
v[2703] = 756.957
v[2704] = 598.663
v[2705] = 641.138
v[2706] = 0
v[2707] = 493.65
v[2708] = 0
v[2709] = 384.427
v[2710] = 384.427
v[2711] = 0
v[2712] = 636.987
v[2713] = 384.427
v[2714] = 525.895
v[2715] = 384.427
v[2716] = 384.427
v[2717] = 0
v[2718] = 384.427
v[2719] = 0
v[2720] = 115.353
v[2721] = 115.353
v[2722] = 0
v[2723] = 367.912
v[2724] = 163.744
v[2725] = 0
v[2726] = 115.353
v[2727] = 165.964
v[2728] = 909.492
v[2729] = -6.82121e-13
v[2730] = 701.899
v[2731] = 142.175
v[2732] = 0
v[2733] = 18.4209
v[2734] = 0
v[2735] = 142.175
v[2736] = 250.533
v[2737] = 142.175
v[2738] = 0
v[2739] = 613.476
v[2740] = 142.175
v[2741] = 423.632
v[2742] = 0
v[2743] = 1.42109e-14
v[2744] = 209.571
v[2745] = -3.2685e-13
v[2746] = 1.42109e-14
v[2747] = 23.6022
v[2748] = 181.797
v[2749] = -1307.43
v[2750] = 486.708
v[2751] = 0
v[2752] = -1.42109e-14
v[2753] = 188.076
v[2754] = 0
v[2755] = -1.42109e-14
v[2756] = 21.1814
v[2757] = 610.56
v[2758] = 0
v[2759] = 57.1899
v[2760] = 57.1899
v[2761] = 50.1565
v[2762] = 161.208
v[2763] = 103.128
v[2764] = 90.2987
v[2765] = 0
v[2766] = 0
v[2767] = 0
v[2768] = 337.676
v[2769] = 342.093
v[2770] = 342.093
v[2771] = 253.474
v[2772] = 362.033
v[2773] = 342.093
v[2774] = 295.851
v[2775] = 0
v[2776] = -3.97904e-13
v[2777] = 0
v[2778] = 321.019
v[2779] = 321.019
v[2780] = 0
v[2781] = 455.359
v[2782] = 321.019
v[2783] = 0
v[2784] = 321.019
v[2785] = 100.362
v[2786] = 0
v[2787] = 396.268
v[2788] = 83.4466
v[2789] = 83.4466
v[2790] = 0
v[2791] = 266.149
v[2792] = 133.203
v[2793] = 0
v[2794] = 83.4466
v[2795] = 125.057
v[2796] = 657.93
v[2797] = 507.756
v[2798] = 0
v[2799] = -1.42109e-14
v[2800] = 42.8347
v[2801] = 0
v[2802] = 163.151
v[2803] = 105.349
v[2804] = 0
v[2805] = 0
v[2806] = 42.8347
v[2807] = 610.56
v[2808] = 0
v[2809] = -1.7053e-13
v[2810] = 25.7351
v[2811] = 31.82
v[2812] = 197.269
v[2813] = 0
v[2814] = 78.2589
v[2815] = 25.7351
v[2816] = 41.4699
v[2817] = 453.559
v[2818] = 0
v[2819] = 324.472
v[2820] = 1702.83
v[2821] = 1702.83
v[2822] = 1732.74
v[2823] = 1702.83
v[2824] = 1702.83
v[2825] = 1728.25
v[2826] = 1603.78
v[2827] = 0
v[2828] = 1586.39
v[2829] = 1.42109e-14
v[2830] = 0
v[2831] = 53.8493
v[2832] = 0
v[2833] = 205.104
v[2834] = 132.438
v[2835] = 0
v[2836] = 0
v[2837] = 53.8494
v[2838] = 767.561
v[2839] = -4.26326e-14
v[2840] = 346.7
v[2841] = 346.7
v[2842] = 0
v[2843] = 491.788
v[2844] = 346.7
v[2845] = 0
v[2846] = 346.7
v[2847] = 108.391
v[2848] = 0
v[2849] = 3.69482e-13
v[2850] = 0
v[2851] = 3.97904e-13
v[2852] = 0
v[2853] = 3.55271e-13
v[2854] = 99.3286
v[2855] = 3.69482e-13
v[2856] = 0
v[2857] = 40.387
v[2858] = 421.842
v[2859] = 0
v[2860] = 0
v[2861] = 0
v[2862] = 53.8493
v[2863] = 0
v[2864] = 0
v[2865] = 132.438
v[2866] = 2.84217e-14
v[2867] = 26.6281
v[2868] = 767.561
v[2869] = 5.68434e-14
v[2870] = 549.107
v[2871] = 698.898
v[2872] = 698.898
v[2873] = 672.545
v[2874] = 951.458
v[2875] = 698.898
v[2876] = 614.969
v[2877] = 756.419
v[2878] = 0
v[2879] = 473.501
v[2880] = 0
v[2881] = 0
v[2882] = 0
v[2883] = 56.297
v[2884] = 0
v[2885] = 214.427
v[2886] = 138.458
v[2887] = 0
v[2888] = 27.8385
v[2889] = 56.2971
v[2890] = 802.45
v[2891] = 0
v[2892] = 574.066
v[2893] = 464.269
v[2894] = 464.269
v[2895] = 344
v[2896] = 500.589
v[2897] = 464.269
v[2898] = 401.512
v[2899] = 0
v[2900] = -6.82121e-13
v[2901] = 0
v[2902] = 152.51
v[2903] = 0
v[2904] = 0
v[2905] = 152.51
v[2906] = 152.51
v[2907] = 58.5973
v[2908] = 686.029
v[2909] = 152.51
v[2910] = 88.3552
v[2911] = 88.3552
v[2912] = 0
v[2913] = 281.805
v[2914] = 137.902
v[2915] = 0
v[2916] = 88.3552
v[2917] = 132.414
v[2918] = 696.632
v[2919] = -3.12639e-13
v[2920] = 537.625
v[2921] = 372.382
v[2922] = 372.382
v[2923] = 0
v[2924] = 528.217
v[2925] = 372.382
v[2926] = 0
v[2927] = 372.382
v[2928] = 116.42
v[2929] = 0
v[2930] = 459.671
v[2931] = -3.41061e-13
v[2932] = -3.41061e-13
v[2933] = 0
v[2934] = 263.307
v[2935] = -1.13687e-13
v[2936] = 0
v[2937] = -3.41061e-13
v[2938] = 9.07977e-05
v[2939] = 235.796
v[2940] = -2.27374e-13
v[2941] = 0
v[2942] = 442.945
v[2943] = 0
v[2944] = 96.2441
v[2945] = 0
v[2946] = 442.945
v[2947] = 524.213
v[2948] = 442.945
v[2949] = 0
v[2950] = 442.945
v[2951] = 471.003
v[2952] = 442.945
v[2953] = 6.94721e+06
v[2954] = 6.94719e+06
v[2955] = 6.94736e+06
v[2956] = 6.94714e+06
v[2957] = 0
v[2958] = 0
v[2959] = 35.4916
v[2960] = 620.901
v[2961] = 620.901
v[2962] = 771.362
v[2963] = 620.901
v[2964] = 620.901
v[2965] = 597.685
v[2966] = 1069.19
v[2967] = 0
v[2968] = 970.332
v[2969] = 162.491
v[2970] = 162.491
v[2971] = 162.491
v[2972] = 118.433
v[2973] = 162.491
v[2974] = 270.85
v[2975] = 0
v[2976] = 0
v[2977] = 162.491
v[2978] = 321.019
v[2979] = 321.019
v[2980] = 0
v[2981] = 455.359
v[2982] = 321.019
v[2983] = 0
v[2984] = 321.019
v[2985] = 100.362
v[2986] = 0
v[2987] = 396.268
v[2988] = 532.201
v[2989] = 532.201
v[2990] = 661.167
v[2991] = 532.201
v[2992] = 1.02318e-12
v[2993] = 0
v[2994] = 831.713
v[2995] = 0
v[2996] = 0
v[2997] = 0
v[2998] = 507.223
v[2999] = 0
v[3000] = 0
v[3001] = 158.339
v[3002] = 0
v[3003] = -7.10543e-15
v[3004] = 14.5244
v[3005] = 418.669
v[3006] = 0
v[3007] = 145.088
v[3008] = 0
v[3009] = 145.088
v[3010] = 145.088
v[3011] = 145.088
v[3012] = 83.2428
v[3013] = 616.091
v[3014] = 0
v[3015] = 446.105
v[3016] = 429.284
v[3017] = 446.105
v[3018] = 392.534
v[3019] = 0
v[3020] = 302.235
v[3021] = 0
v[3022] = 0
v[3023] = 364.287
v[3024] = 0
v[3025] = 256.815
v[3026] = 0
v[3027] = 0
v[3028] = 0
v[3029] = 2.84217e-14
v[3030] = 0
v[3031] = 0
v[3032] = 0
v[3033] = 0
v[3034] = 0
v[3035] = 0
v[3036] = -1.42109e-14
v[3037] = 0
v[3038] = 164.937
v[3039] = 116.536
v[3040] = 0
v[3041] = 0
v[3042] = 0
v[3043] = 1.27898e-13
v[3044] = 2.84217e-14
v[3045] = 33.0439
v[3046] = 178.131
v[3047] = 125.859
v[3048] = 81.2689
v[3049] = 0
v[3050] = 0
v[3051] = 0
v[3052] = 0
v[3053] = 302.235
v[3054] = 0
v[3055] = 1.27898e-13
v[3056] = 0
v[3057] = 42.8347
v[3058] = 230.911
v[3059] = 163.151
v[3060] = 105.349
v[3061] = 0
v[3062] = 0
v[3063] = 0
v[3064] = 510.026
v[3065] = 510.026
v[3066] = 633.619
v[3067] = 510.026
v[3068] = 878.261
v[3069] = 0
v[3070] = 0
v[3071] = 2.84217e-14
v[3072] = 177.329
v[3073] = 113.441
v[3074] = 0
v[3075] = 0
v[3076] = 487.851
v[3077] = 487.851
v[3078] = 606.07
v[3079] = 487.851
v[3080] = 0
v[3081] = 0
v[3082] = 0
v[3083] = 0
v[3084] = 602.327
v[3085] = 4.21778e-09
v[3086] = 0
v[3087] = 0
v[3088] = 4.21781e-09
v[3089] = 4.21777e-09
v[3090] = 0
v[3091] = 0
v[3092] = 0
v[3093] = 0
v[3094] = 0
v[3095] = 3491.33
v[3096] = 3657.91
v[3097] = 0
v[3098] = 0
v[3099] = 620.901
v[3100] = 620.901
v[3101] = 771.362
v[3102] = 620.901
v[3103] = 1069.19
v[3104] = 0
v[3105] = 687.426
v[3106] = 687.426
v[3107] = 854.008
v[3108] = 687.426
v[3109] = 0
v[3110] = 0
v[3111] = 1074.3
v[3112] = 665.251
v[3113] = 665.251
v[3114] = 665.251
v[3115] = 1145.56
v[3116] = 0
v[3117] = 753.951
v[3118] = 753.951
v[3119] = 0
v[3120] = 0
v[3121] = 1178.26
v[3122] = 598.726
v[3123] = 345.557
v[3124] = 356.495
v[3125] = 598.726
v[3126] = 0
v[3127] = 0
v[3128] = 302.235
v[3129] = 0
v[3130] = 0
v[3131] = 0
v[3132] = 244.106
v[3133] = 0
v[3134] = -2.41585e-13
v[3135] = 0
v[3136] = 0
v[3137] = 753.951
v[3138] = 753.951
v[3139] = 936.654
v[3140] = 753.951
v[3141] = 753.951
v[3142] = 725.76
v[3143] = 1298.3
v[3144] = 0
v[3145] = 293.223
v[3146] = 293.223
v[3147] = 0
v[3148] = -3.41061e-13
v[3149] = 0
v[3150] = 0
v[3151] = 77.6344
v[3152] = 77.6344
v[3153] = 0
v[3154] = 99.9467
v[3155] = 77.6344
v[3156] = 33.0439
v[3157] = 0
v[3158] = 0
v[3159] = 33.0439
v[3160] = 487.851
v[3161] = 487.851
v[3162] = 606.07
v[3163] = 487.851
v[3164] = 840.076
v[3165] = 0
v[3166] = 134.276
v[3167] = 0
v[3168] = 0
v[3169] = 134.276
v[3170] = 134.276
v[3171] = 0
v[3172] = 568.902
v[3173] = 134.276
v[3174] = 0
v[3175] = 0
v[3176] = 0
v[3177] = 414.538
v[3178] = 1365.56
v[3179] = 1365.56
v[3180] = 1382.45
v[3181] = 1365.56
v[3182] = 0
v[3183] = 0
v[3184] = 5.68434e-14
v[3185] = 0
v[3186] = 161.208
v[3187] = 0
v[3188] = 2.84217e-14
v[3189] = 18.1555
v[3190] = 523.337
v[3191] = -4.54747e-13
v[3192] = 0
v[3193] = 462.267
v[3194] = 462.267
v[3195] = 0
v[3196] = 655.717
v[3197] = 462.267
v[3198] = 0
v[3199] = 462.267
v[3200] = 0
v[3201] = 570.626
v[3202] = -1.53467e-13
v[3203] = -1.53467e-13
v[3204] = -1.53467e-13
v[3205] = 0
v[3206] = -1.53467e-13
v[3207] = -1.53467e-13
v[3208] = -8.00225e-14
v[3209] = 0
v[3210] = -8.00225e-14
v[3211] = -8.00225e-14
v[3212] = -8.00225e-14
v[3213] = -8.00225e-14
v[3214] = 0
v[3215] = 0
v[3216] = 0
v[3217] = 0
v[3218] = 0
v[3219] = 0
v[3220] = 4.82856
v[3221] = 0
v[3222] = 4.82856
v[3223] = 7.35845e-14
v[3224] = 4.82856
v[3225] = 4.82856
v[3226] = 0
v[3227] = 0
v[3228] = -1.7649e-13
v[3229] = 0
v[3230] = 0
v[3231] = 0
v[3232] = 0
v[3233] = 0
v[3234] = 0
v[3235] = 0
v[3236] = 0
v[3237] = 0
v[3238] = 2.49918e-14
v[3239] = 2.49918e-14
v[3240] = 2.49918e-14
v[3241] = 2.49918e-14
v[3242] = 2.49918e-14
v[3243] = 0
v[3244] = 0
v[3245] = 0
v[3246] = 22.6613
v[3247] = 0
v[3248] = 0
v[3249] = 0
v[3250] = 33.8753
v[3251] = 33.8753
v[3252] = 3.01187e-14
v[3253] = 0
v[3254] = 0
v[3255] = 6.48803e-14
v[3256] = 6.48803e-14
v[3257] = 6.48803e-14
v[3258] = 6.48803e-14
v[3259] = 0
v[3260] = 0
v[3261] = 0
v[3262] = 0
v[3263] = 0
v[3264] = 0
v[3265] = 0
v[3266] = 0
v[3267] = 0
v[3268] = 0
v[3269] = 0
v[3270] = 0
v[3271] = 0
v[3272] = 0
v[3273] = 0
v[3274] = 1.44535e-12
v[3275] = 0
v[3276] = 0
v[3277] = 0
v[3278] = 0
v[3279] = 0
v[3280] = 0
v[3281] = 0
v[3282] = 0
v[3283] = 0
v[3284] = 0
v[3285] = 0
v[3286] = 0
v[3287] = 0
v[3288] = 0
v[3289] = 0
v[3290] = 0
v[3291] = 0
v[3292] = 0
v[3293] = 0
v[3294] = 0
v[3295] = 0
v[3296] = 0
v[3297] = 0
v[3298] = 0
v[3299] = 0
v[3300] = 0
v[3301] = 0
v[3302] = 0
v[3303] = 0
v[3304] = 0
v[3305] = 0
v[3306] = 0
v[3307] = 0
v[3308] = 0
v[3309] = 0
v[3310] = 0
v[3311] = 0
v[3312] = 0
v[3313] = 0
v[3314] = 0
v[3315] = 0
v[3316] = 0
v[3317] = 0
v[3318] = 0
v[3319] = 0
v[3320] = 0
v[3321] = 0
v[3322] = 0
v[3323] = 0
v[3324] = 0
v[3325] = 0
v[3326] = 0
v[3327] = 0
v[3328] = 0
v[3329] = 0
v[3330] = 0
v[3331] = 0
v[3332] = 0
v[3333] = 0
v[3334] = 7.51486e-16
v[3335] = 0
v[3336] = -4.31655e-15
v[3337] = -6.21725e-15
v[3338] = -1.06581e-14
v[3339] = -2.48885e-15
v[3340] = -2.32733e-15
v[3341] = 0.811037
v[3342] = -1.15119e-14
v[3343] = 0
v[3344] = 0
v[3345] = -1.02198e-14
v[3346] = -4.17852e-15
v[3347] = 0
v[3348] = 0
v[3349] = 0
v[3350] = -8.64173e-15
v[3351] = 0
v[3352] = 0
v[3353] = 0.811037
v[3354] = 0
v[3355] = 2.01641e-15
v[3356] = 0
v[3357] = 0
v[3358] = -1.64689e-15
v[3359] = -3.54759e-15
v[3360] = 0
v[3361] = 0
v[3362] = 0
v[3363] = 0
v[3364] = 7.44448e-17
v[3365] = 2.66966e-15
v[3366] = -7.55017e-15
v[3367] = 0
v[3368] = 3.36481e-15
v[3369] = 0
v[3370] = 0
v[3371] = -4.62368e-15
v[3372] = -4.17312e-15
v[3373] = 0
v[3374] = 0.811037
v[3375] = -4.75941e-15
v[3376] = 0
v[3377] = 6.03447e-15
v[3378] = -3.37758e-15
v[3379] = 0
v[3380] = 0
v[3381] = 0
v[3382] = 2.90282e-15
v[3383] = 0
v[3384] = 0
v[3385] = 6.79274e-15
v[3386] = 263096
v[3387] = 0
v[3388] = 6.52486e-15
v[3389] = 9.12007e-15
v[3390] = 0
v[3391] = 0
v[3392] = 0
v[3393] = 0
v[3394] = -6.90735e-15
v[3395] = -1.13482e-14
v[3396] = 0
v[3397] = -3.01744e-15
v[3398] = 0.811037
v[3399] = -1.1484e-14
messed up a farkas cofficient
setting all farkas coefficients to 0
messed up a farkas cofficient
setting all farkas coefficients to 0
1095: cut: -1.27068e+07	calc: -1.27068e+07	diff: -1.06171e-07
1176: cut: -1.37595e+07	calc: -1.37595e+07	diff: 1.39698e-07
*** WARNING (version #43016fc): src/PdcUtility.cpp:298: Number of differences between true and calculated cuts: 2. Total difference: 2.45869e-07. Small enough difference that we will try to continue, but beware of numerical issues.
x:
x[0] = -5469.83
x[1] = -6834.4
x[2] = -4758.98
x[3] = -4157.07
x[4] = -7138.47
x[5] = 42935.9
x[6] = -18680.8
x[7] = -3724.28
x[8] = -3493.13
x[9] = -6450.24
x[10] = -4758.98
x[11] = -3657.46
x[12] = 3053.29
x[13] = -3439.23
x[14] = -2844.31
x[15] = -6790.4
x[16] = -6342.44
x[17] = -5152.59
x[18] = -3866.67
x[19] = -7733.34
x[20] = 45175.5
x[21] = -3719.48
x[22] = -2212.41
x[23] = -2489.6
x[24] = -5643.31
x[25] = -7138.47
x[26] = -3500.69
x[27] = -4813.45
x[28] = -3866.67
x[29] = -4171.14
x[30] = -2212.41
x[31] = -3860.65
x[32] = -2641.5
x[33] = -3500.69
x[34] = -5056.42
x[35] = -2732.97
x[36] = -5152.59
x[37] = 35118.6
x[38] = -2863.12
x[39] = -5152.59
x[40] = -3740.35
x[41] = -4062.85
x[42] = -3719.48
x[43] = -3435.06
x[44] = -7011.13
x[45] = -3925.78
x[46] = -10828.7
x[47] = -4063.85
x[48] = -4758.98
x[49] = -2472.69
x[50] = -6169.79
x[51] = 38257.1
x[52] = -4461.54
x[53] = -2993.26
x[54] = -3146.72
x[55] = -1691.84
x[56] = -14650.7
x[57] = -5251.03
x[58] = -7435.9
x[59] = -4041.14
x[60] = -6908.54
x[61] = -3904.25
x[62] = -9550.04
x[63] = -11041.3
x[64] = -14276.9
x[65] = -5596.09
x[66] = 8688.83
x[67] = -10550.5
x[68] = -7688.7
x[69] = -8625.65
x[70] = -30043.7
x[71] = -16627.9
x[72] = 6899.95
x[73] = -18736.3
x[74] = -16272
x[75] = -3383.68
x[76] = -6908.54
x[77] = -7389.68
x[78] = -9626.9
x[79] = -5079.81
x[80] = -25720.3
x[81] = -6116.66
x[82] = -10283.3
x[83] = -10363.5
x[84] = -9569.09
x[85] = -10410.3
x[86] = -5341.76
x[87] = -17835.6
x[88] = -3253.54
x[89] = -7438.97
x[90] = -10410.3
x[91] = -9644.15
x[92] = -8534.08
x[93] = -13087.2
x[94] = -3513.82
x[95] = -35655.2
x[96] = -13058.7
x[97] = 12011
x[98] = -13667.8
x[99] = -24205.4
x[100] = -12166.4
x[101] = -7876.55
x[102] = -3774.11
x[103] = -6376.94
x[104] = -8030.78
x[105] = -9.48775e+06
x[106] = -5689.39
x[107] = -10251.6
x[108] = -3253.54
x[109] = -4876.62
x[110] = -4164.53
x[111] = -7138.47
x[112] = -7688.7
x[113] = 7666.61
x[114] = -2602.83
x[115] = -8542.99
x[116] = -7435.9
x[117] = -8030.78
x[118] = 7666.61
x[119] = -10410.3
x[120] = -4673.42
x[121] = -9815.39
x[122] = -4470.23
x[123] = -4945.38
x[124] = -6791.65
x[125] = -4294.67
x[126] = 48205.3
x[127] = -5689.39
x[128] = -6298.96
x[129] = -6095.77
x[130] = -6908.54
x[131] = -5486.19
x[132] = -15747.1
x[133] = -11005.1
x[134] = -6908.54
x[135] = -15287.6
x[136] = -3517.52
x[137] = -4470.23
x[138] = -9787.71
x[139] = -186.22
x[140] = -7138.47
x[141] = -7360.84
x[142] = -4685.1
x[143] = -3.11827e-13
x[144] = 3.03165e-13
x[145] = -95.0503
x[146] = 6.17787e-13
x[147] = -104.284
x[148] = -373.993
x[149] = -23.3749
x[150] = -5.80335e-13
x[151] = -417.037
x[152] = -7.22645e-13
x[153] = -4.54747e-13
x[154] = -1.67446e-13
x[155] = -0
x[156] = -2.86427e-13
x[157] = -8.7909e-13
x[158] = 2.09307e-13
x[159] = -3.99531e-14
x[160] = -5.96856e-12
x[161] = -334478
x[162] = -7.45755
x[163] = -2.34409e-13
x[164] = -0
x[165] = -0
x[166] = -5.02337e-12
x[167] = -3.21436e-12
x[168] = -2.57792e-10
x[169] = -8.62033e-12
x[170] = -8.59281e-12
x[171] = -8.59281e-12
x[172] = 1.25584e-12
x[173] = -2.63727e-11
x[174] = -1.13026e-11
x[175] = -2.63727e-11
x[176] = -3.13961e-12
x[177] = 6.27921e-12
x[178] = 6.27921e-12
x[179] = 1.25584e-12
x[180] = -3.85723e-12
x[181] = -0
x[182] = -1.39895e-11
x[183] = -1.77591e-10
x[184] = -0
x[185] = -69.7057
x[186] = 1.09567e-10
x[187] = -9.53074e-12
x[188] = -7.03226e-12
x[189] = -0
x[190] = 0
x[191] = -0
x[192] = -1.12822e-11
x[193] = 4.59174e-14
x[194] = 3.38134e-13
x[195] = -4.66374e-13
x[196] = 161.483
x[197] = 161.483
x[198] = 161.483
x[199] = 161.483
x[200] = 161.483
x[201] = 161.483
x[202] = 671.43
x[203] = -358962
x[204] = 161.483
x[205] = 161.483
x[206] = 161.483
x[207] = 161.483
x[208] = -4.54747e-13
x[209] = 1.13403e-11
x[210] = -2.27374e-13
x[211] = 6.08483e-13
x[212] = 6.82121e-13
x[213] = 1.19371e-11
x[214] = 5.40012e-13
x[215] = 5.40012e-13
x[216] = 9.21122e-13
x[217] = 3.16577e-13
x[218] = -0
x[219] = -0
x[220] = 8.92035e-14
x[221] = 7.44957e-13
x[222] = -5.68434e-14
x[223] = 1.19371e-12
x[224] = 5.11591e-13
x[225] = 1.19371e-12
x[226] = -0
x[227] = 1.42109e-13
x[228] = -0
x[229] = -2.84217e-13
x[230] = -5.68434e-14
x[231] = 1.42109e-13
x[232] = -0
x[233] = -0
x[234] = -0
x[235] = 6.82121e-13
x[236] = 6.12712e-14
x[237] = 7.34872e-12
x[238] = -359123
x[239] = -6.66631e-11
x[240] = -6.27417e-11
x[241] = -359123
x[242] = -1.25483e-10
x[243] = 3.35426e-13
x[244] = 3.35426e-13
x[245] = 6.28718e-13
x[246] = 2.84217e-14
x[247] = -2.52869e-13
x[248] = -2.52869e-13
x[249] = -2.52869e-13
x[250] = 4.07454e-13
x[251] = 7.72222e-12
x[252] = 3.49246e-13
x[253] = -0
x[254] = -0
x[255] = -0
x[256] = 0
x[257] = -3.09228e-11
x[258] = -29325.5
x[259] = -4.3201e-10
x[260] = 5.13012e-10
x[261] = 0
x[262] = 0
x[263] = -0
x[264] = -0
x[265] = 484449
x[266] = -3.41167e+08
x[267] = 3.18655e-10
x[268] = -2.40225e-10
x[269] = 484449
x[270] = -0
x[271] = 1.81899e-12
x[272] = -304.073
x[273] = -28.4977
x[274] = 4.54747e-12
x[275] = -28186.7
x[276] = 2.45564e-11
x[277] = -7.27596e-12
x[278] = -47100.1
x[279] = -47100.1
x[280] = -99300.9
x[281] = -3202.34
x[282] = -1673.67
x[283] = -68.9561
x[284] = -3347.91
x[285] = -5038.24
x[286] = -81.7294
x[287] = -390.796
x[288] = -2081.13
x[289] = 1.45519e-11
x[290] = -1175.88
x[291] = -1696.39
x[292] = -10924.5
x[293] = -9187.33
x[294] = -3779.6
x[295] = -2212.06
x[296] = -2240.56
x[297] = 7.27596e-12
x[298] = -8497.24
x[299] = -584.179
x[300] = -28.4977
x[301] = -1459.19
x[302] = -1.45519e-11
x[303] = -220.885
x[304] = -28.4977
x[305] = 1.54614e-11
x[306] = -1910.81
x[307] = -50826.8
x[308] = -50645.1
x[309] = -3629.16
x[310] = 7.27596e-12
x[311] = -5.82077e-11
x[312] = -4639.05
x[313] = -223.34
x[314] = -3428.06
x[315] = -4751.87
x[316] = -3153.71
x[317] = -1476.06
x[318] = -1598.16
x[319] = -1001.67
x[320] = -2.45564e-11
x[321] = 2.85581e-10
x[322] = -514.027
x[323] = -0
x[324] = -1.45519e-11
x[325] = 1.36424e-12
x[326] = -28.4977
x[327] = -885.274
x[328] = -942.269
x[329] = -4639.05
x[330] = -223.34
x[331] = -3428.06
x[332] = -1790.63
x[333] = -1225.17
x[334] = -0
x[335] = -288.849
x[336] = -56.9954
x[337] = -4422.7
x[338] = -275.891
x[339] = -4218.79
x[340] = -1459.19
x[341] = -2.18279e-11
x[342] = -42045.3
x[343] = -40516.6
x[344] = -4202.18
x[345] = -4379.29
x[346] = -289.029
x[347] = -4410.34
x[348] = -1459.19
x[349] = -1.45519e-11
x[350] = -3521.7
x[351] = -574.226
x[352] = -3493.47
x[353] = -1825.82
x[354] = -75.2248
x[355] = -7.27596e-12
x[356] = -972.792
x[357] = -0
x[358] = -424.778
x[359] = -424.778
x[360] = -2262.1
x[361] = -1111.76
x[362] = -2.91038e-11
x[363] = 0
x[364] = -1884.88
x[365] = -271.858
x[366] = -28.4977
x[367] = -46623.6
x[368] = -249.616
x[369] = -3811.16
x[370] = -373.805
x[371] = -1990.64
x[372] = -43313.5
x[373] = -43370.5
x[374] = 8.18545e-12
x[375] = -42.7465
x[376] = -5.82077e-11
x[377] = -11657.4
x[378] = -5039.29
x[379] = -3232.68
x[380] = -1336.2
x[381] = -0
x[382] = -4855.4
x[383] = -170.79
x[384] = -2612.8
x[385] = -33741.8
x[386] = 1.45519e-11
x[387] = -6.36646e-12
x[388] = -3692.2
x[389] = -5603.01
x[390] = -4583.75
x[391] = -4603.78
x[392] = -5.82077e-11
x[393] = -1.6221e+07
x[394] = -21794.3
x[395] = -30346.3
x[396] = -342.082
x[397] = -8.9365e+06
x[398] = -0
x[399] = -0
x[400] = -2.91038e-11
x[401] = -1168.61
x[402] = -14.2488
x[403] = 5.82077e-11
x[404] = -5.82077e-11
x[405] = -3474.54
x[406] = -5175.53
x[407] = -341.579
x[408] = -5201.06
x[409] = -343.661
x[410] = -14.2488
x[411] = -8.73115e-11
x[412] = -5492.02
x[413] = -16983.1
x[414] = -7.27596e-12
x[415] = -344.249
x[416] = -1379.18
x[417] = -2572.25
x[418] = -3581.32
x[419] = 2.91038e-11
x[420] = -4976.47
x[421] = -328.442
x[422] = -5009.51
x[423] = 7.27596e-12
x[424] = -14.2488
x[425] = 3.63798e-12
x[426] = -1.14724e+07
x[427] = -8.73115e-11
x[428] = -3.63798e-12
x[429] = -1.47856e+07
x[430] = -0
x[431] = -5374.58
x[432] = -354.717
x[433] = -5392.61
x[434] = -29197.6
x[435] = -28895.9
x[436] = -28.4977
x[437] = -41949.3
x[438] = -14.2488
x[439] = -0
x[440] = -28.4977
x[441] = -7.27596e-12
x[442] = -5772.7
x[443] = -380.992
x[444] = -5800.24
x[445] = -13752.8
x[446] = 3.72893e-11
x[447] = -3739.88
x[448] = -3461.95
x[449] = -7478.86
x[450] = -4613.43
x[451] = -1.19153e+07
x[452] = -4976.47
x[453] = -328.442
x[454] = -5009.51
x[455] = -4889.34
x[456] = -4918.88
x[457] = -342.082
x[458] = -26776.2
x[459] = -4476.79
x[460] = -4002.7
x[461] = -6.61587e+06
x[462] = -9.04414e+06
x[463] = -3857.1
x[464] = -9.92944e+06
x[465] = 4.54747e-12
x[466] = -8.05124e+06
x[467] = -5116.36
x[468] = -1361.34
x[469] = -0
x[470] = -11550.7
x[471] = -1763.93
x[472] = -0
x[473] = -1.0922e+07
x[474] = -5806.09
x[475] = -5815.1
x[476] = -346.819
x[477] = -42.7465
x[478] = -7.60912e+06
x[479] = -6568.94
x[480] = -6590.97
x[481] = -57425.8
x[482] = -1.00945e+07
x[483] = -2.91038e-11
x[484] = -5.82077e-11
x[485] = -3362.46
x[486] = -30346.3
x[487] = -752.19
x[488] = -1866.32
x[489] = -768.713
x[490] = -2.91038e-11
x[491] = -6.61587e+06
x[492] = -4513.26
x[493] = -4421.47
x[494] = -325.124
x[495] = -5034.61
x[496] = -1456.34
x[497] = -4621.37
x[498] = -7.60877e+06
x[499] = -1562.25
x[500] = -1182.16
x[501] = -2689.97
x[502] = -7166.11
x[503] = -7190.15
x[504] = 1.12053e-08
x[505] = 4.3201e-10
x[506] = 4.3201e-10
x[507] = 1.01007e-09
x[508] = -0
x[509] = -5.23869e-10
x[510] = -2.16005e-10
x[511] = 7.07709e-10
x[512] = 2.70006e-10
x[513] = -2.32831e-10
x[514] = 3.49246e-10
x[515] = -1.99179e-10
x[516] = -1.68257e-11
x[517] = -3.18655e-10
x[518] = 2.32831e-10
x[519] = -484449
x[520] = -1.15184e-09
x[521] = -484449
x[522] = 1138.56
x[523] = 97629.9
x[524] = 30789.2
x[525] = 23762.6
x[526] = 2.32831e-10
x[527] = -4.07454e-10
x[528] = 12185.1
x[529] = 276794
x[530] = 5843.72
x[531] = 1.74623e-10
x[532] = 104259
x[533] = 5.82077e-11
x[534] = -2.47383e-10
x[535] = -14997.6
x[536] = -6151.26
x[537] = -1.80661e-10
x[538] = 2648.72
x[539] = 1.54614e-11
x[540] = 2972.44
x[541] = 1272.46
x[542] = 2.00089e-11
x[543] = 3096
x[544] = 2742.62
x[545] = 11858.7
x[546] = 390.02
x[547] = 5.45697e-12
x[548] = 2709.55
x[549] = 5277.1
x[550] = -6.82121e-11
x[551] = 945.725
x[552] = 1583.36
x[553] = 2696.32
x[554] = 2780.43
x[555] = 12967.7
x[556] = 1957.78
x[557] = 945.725
x[558] = 1862.79
x[559] = 3720.78
x[560] = 839.904
x[561] = 1258.29
x[562] = 2000.26
x[563] = 1910.04
x[564] = 8847.84
x[565] = 1507.9
x[566] = 833.199
x[567] = 21063.4
x[568] = 20074
x[569] = 20314.7
x[570] = 21063.4
x[571] = 20074
x[572] = 17442.2
x[573] = 3428.28
x[574] = 23193
x[575] = 21063.4
x[576] = 21063.4
x[577] = 407.787
x[578] = 4454.39
x[579] = 3493.47
x[580] = 1887.43
x[581] = 407.787
x[582] = 3408.18
x[583] = 3272.85
x[584] = 13271.8
x[585] = 7.27596e-12
x[586] = 2521.85
x[587] = 5048.49
x[588] = 2521.85
x[589] = 2319.71
x[590] = 1792.81
x[591] = 3543.04
x[592] = 2563.2
x[593] = 5745.72
x[594] = 1543.47
x[595] = -1.09139e-11
x[596] = 11244.9
x[597] = 15427.3
x[598] = 11561.7
x[599] = 12546.8
x[600] = 13211
x[601] = 11244.9
x[602] = 8757.58
x[603] = 14229.3
x[604] = 2756.19
x[605] = -3.72438e-10
x[606] = 2296.76
x[607] = -4.27463e-10
x[608] = -3.91083e-10
x[609] = 8.13811
x[610] = 9346.46
x[611] = -3.64707e-10
x[612] = -3.53793e-10
x[613] = -9.9044e-10
x[614] = 4420.53
x[615] = -1.04728e-09
x[616] = 906.32
x[617] = 906.32
x[618] = 9370.86
x[619] = 906.32
x[620] = 906.32
x[621] = 4420.53
x[622] = -5.63887e-11
x[623] = 1418
x[624] = 2.72848e-12
x[625] = 2875.38
x[626] = 2745.68
x[627] = 12328
x[628] = 1776.81
x[629] = 906.32
x[630] = 271.858
x[631] = 2969.59
x[632] = 2328.98
x[633] = 1258.29
x[634] = 271.858
x[635] = 2272.12
x[636] = 2181.9
x[637] = 8847.84
x[638] = 1507.9
x[639] = 3554.78
x[640] = 1459.15
x[641] = 5480.45
x[642] = 1416.4
x[643] = 2231.91
x[644] = 1897.39
x[645] = 553.908
x[646] = 3607.94
x[647] = 8257.43
x[648] = 923.697
x[649] = 4804.92
x[650] = -6.27551e-11
x[651] = 985.131
x[652] = 3.18323e-12
x[653] = 985.131
x[654] = 3787.18
x[655] = 985.131
x[656] = 985.131
x[657] = 2392.54
x[658] = 1.68257e-11
x[659] = -8.18545e-12
x[660] = 1.81899e-12
x[661] = 1385.89
x[662] = 56.1098
x[663] = 8294.75
x[664] = 4.54747e-12
x[665] = -1.81899e-11
x[666] = 4045.44
x[667] = 2562.03
x[668] = 4233.44
x[669] = 3244.45
x[670] = 2562.03
x[671] = 4187.24
x[672] = 4113.94
x[673] = 6166.51
x[674] = 202.81
x[675] = 2341.14
x[676] = -1.81899e-12
x[677] = 3667
x[678] = 2770.32
x[679] = 944.495
x[680] = 1539.37
x[681] = 5.45697e-12
x[682] = 2685.04
x[683] = 2549.7
x[684] = 12923.7
x[685] = 1913.78
x[686] = 4914.92
x[687] = 944.494
x[688] = 1528.99
x[689] = 4.54747e-12
x[690] = 2549.21
x[691] = 2626.3
x[692] = 11964.6
x[693] = 1872.21
x[694] = 1145.65
x[695] = 3789.95
x[696] = 1597.6
x[697] = 557.931
x[698] = -1.81899e-11
x[699] = 1531.77
x[700] = 1605.36
x[701] = 10519.2
x[702] = 885.548
x[703] = -1.54614e-11
x[704] = 3023.14
x[705] = 682.422
x[706] = 1022.36
x[707] = 4.54747e-12
x[708] = 1625.21
x[709] = 1551.91
x[710] = 7188.87
x[711] = 1225.17
x[712] = 676.974
x[713] = 441.769
x[714] = 4825.59
x[715] = 3784.59
x[716] = 2044.72
x[717] = 441.769
x[718] = 3692.2
x[719] = 14377.7
x[720] = -2.45564e-11
x[721] = -1.50103e-08
x[722] = -1.66765e-08
x[723] = -1.61308e-08
x[724] = -1.55851e-08
x[725] = -1.66037e-08
x[726] = -1.63418e-08
x[727] = -1.63272e-08
x[728] = -1.67347e-08
x[729] = 3579.87
x[730] = 1627.42
x[731] = 3813.1
x[732] = 2519.81
x[733] = 1627.42
x[734] = 3752.7
x[735] = 3656.83
x[736] = 8063.9
x[737] = 265.213
x[738] = 1338.57
x[739] = 3.74469e-12
x[740] = -6.51805e-12
x[741] = 1.07698e-11
x[742] = 1.54614e-11
x[743] = 6556.82
x[744] = 3.63798e-12
x[745] = -1.36424e-12
x[746] = 997.189
x[747] = -5.68434e-11
x[748] = -3.31966e-11
x[749] = -1.09139e-11
x[750] = -2.50111e-11
x[751] = -4.00178e-11
x[752] = -5.45697e-12
x[753] = -4.45652e-11
x[754] = 4150.9
x[755] = 611.068
x[756] = 3.63798e-12
x[757] = 1677.66
x[758] = 1758.26
x[759] = 11521
x[760] = 969.886
x[761] = -1.81899e-11
x[762] = 1249.8
x[763] = 5581.17
x[764] = 3075.62
x[765] = 1887.43
x[766] = 3000.4
x[767] = 2865.06
x[768] = 13271.8
x[769] = 2261.85
x[770] = 1249.8
x[771] = 3696.26
x[772] = 1861.07
x[773] = 3918.19
x[774] = 2700.97
x[775] = 1861.07
x[776] = 3861.33
x[777] = 3771.11
x[778] = 7589.55
x[779] = 249.613
x[780] = 1589.21
x[781] = 2997.9
x[782] = 459.148
x[783] = 3287.69
x[784] = 1614.02
x[785] = 459.148
x[786] = 3209.51
x[787] = 3085.45
x[788] = 10435.6
x[789] = 343.217
x[790] = 85.3437
x[791] = 3023.14
x[792] = 903.307
x[793] = 1022.36
x[794] = 220.885
x[795] = 1846.1
x[796] = 1772.79
x[797] = 7188.87
x[798] = 1225.17
x[799] = 676.974
x[800] = 1093.94
x[801] = 4162
x[802] = 1093.94
x[803] = 848.478
x[804] = 208.665
x[805] = 2333.95
x[806] = 1144.14
x[807] = 8515.55
x[808] = 716.872
x[809] = 3.74469e-12
x[810] = -6.51805e-12
x[811] = -3.56831e-11
x[812] = 1.07698e-11
x[813] = 1.54614e-11
x[814] = 6556.82
x[815] = -1.36424e-12
x[816] = 3753.18
x[817] = 1541.11
x[818] = 4936.97
x[819] = 1512.62
x[820] = 2356.81
x[821] = 1986.98
x[822] = 584.68
x[823] = 3809.29
x[824] = 8716.17
x[825] = 1988.25
x[826] = 474.737
x[827] = 3379.01
x[828] = 446.239
x[829] = 1032.85
x[830] = 791.246
x[831] = 1947.14
x[832] = 2026.64
x[833] = 5963.7
x[834] = 90.3977
x[835] = 3696.26
x[836] = 1861.07
x[837] = 3918.19
x[838] = 2700.97
x[839] = 1861.07
x[840] = 3861.33
x[841] = 3771.11
x[842] = 7589.55
x[843] = 249.613
x[844] = 1589.21
x[845] = 3953.33
x[846] = 892.398
x[847] = 1336.93
x[848] = 8.18545e-12
x[849] = 2125.28
x[850] = 2029.42
x[851] = 9400.83
x[852] = 1602.15
x[853] = 885.274
x[854] = 1.33449e-11
x[855] = 1.27329e-11
x[856] = -4.66275e-11
x[857] = 2.17768e-12
x[858] = 1.18234e-11
x[859] = 8099.6
x[860] = 2.13731e-11
x[861] = -2.27374e-12
x[862] = 3789.95
x[863] = 1597.6
x[864] = 557.931
x[865] = -1.81899e-11
x[866] = 1531.77
x[867] = 1605.36
x[868] = 10519.2
x[869] = 885.548
x[870] = -1.54614e-11
x[871] = -7.27596e-11
x[872] = -2.91038e-10
x[873] = 5.09317e-11
x[874] = 2.83762e-10
x[875] = -3.63798e-11
x[876] = 1.96451e-10
x[877] = 2.47383e-10
x[878] = 5.45697e-10
x[879] = 1.1383e-11
x[880] = -1.21266e-12
x[881] = -6.52721e-11
x[882] = -2.29965e-11
x[883] = -7.27596e-12
x[884] = 8485.3
x[885] = -1.81899e-11
x[886] = -1.81899e-12
x[887] = 3789.95
x[888] = 1597.6
x[889] = 557.931
x[890] = -1.81899e-11
x[891] = 1531.77
x[892] = 1605.36
x[893] = 10519.2
x[894] = 885.548
x[895] = -1.54614e-11
x[896] = 1.68257e-11
x[897] = 747.093
x[898] = 427.448
x[899] = 1.95541e-11
x[900] = 444.927
x[901] = 4.54747e-13
x[902] = 9618.09
x[903] = 2.36469e-11
x[904] = 4.09273e-12
x[905] = 2505.55
x[906] = -6.23004e-11
x[907] = -9.09495e-12
x[908] = 6.36646e-12
x[909] = 8.87794
x[910] = 10196.1
x[911] = 7.7307e-12
x[912] = 3.63798e-12
x[913] = 3579.87
x[914] = 1627.42
x[915] = 3813.1
x[916] = 2519.81
x[917] = 1627.42
x[918] = 3752.7
x[919] = 3656.83
x[920] = 8063.9
x[921] = 265.213
x[922] = 1338.57
x[923] = 2526.64
x[924] = 1065.06
x[925] = 371.954
x[926] = 2.63753e-11
x[927] = 1021.18
x[928] = 1070.24
x[929] = 7012.81
x[930] = 590.365
x[931] = 1.45519e-11
x[932] = 4380.15
x[933] = 1541.3
x[934] = 3.63798e-12
x[935] = 3125.41
x[936] = 2984.44
x[937] = 13400
x[938] = 1931.32
x[939] = 560.353
x[940] = 2887.58
x[941] = 1217.22
x[942] = 425.091
x[943] = -4.54747e-12
x[944] = 1167.07
x[945] = 1223.13
x[946] = 8014.64
x[947] = 674.703
x[948] = -2.27374e-11
x[949] = 2.36469e-11
x[950] = 5772.33
x[951] = 8616.34
x[952] = 5987.72
x[953] = 6657.61
x[954] = 7109.27
x[955] = 5772.33
x[956] = 4080.95
x[957] = 7801.75
x[958] = 7374.48
x[959] = 3058.04
x[960] = 729.555
x[961] = 5197.67
x[962] = 715.307
x[963] = 1588.19
x[964] = 1216.49
x[965] = 615.453
x[966] = 3117.1
x[967] = 9174.92
x[968] = 167.858
x[969] = 3720.78
x[970] = 839.904
x[971] = 1258.29
x[972] = 4.54747e-12
x[973] = 2000.26
x[974] = 1910.04
x[975] = 8847.84
x[976] = 1507.9
x[977] = 833.199
x[978] = 1.66465e-11
x[979] = 1.65225e-11
x[980] = -3.11357e-11
x[981] = -1.41126e-11
x[982] = -3.63798e-12
x[983] = 7328.21
x[984] = 0
x[985] = 3709.39
x[986] = 2828.54
x[987] = 1356.34
x[988] = 1.81899e-12
x[989] = 2750.36
x[990] = 2626.3
x[991] = 11792
x[992] = 1699.56
x[993] = -4.54747e-12
x[994] = 3062.25
x[995] = 5202.95
x[996] = 3062.25
x[997] = 2816.79
x[998] = 2176.98
x[999] = 4302.26
x[1000] = 2816.79
x[1001] = 6976.94
x[1002] = 1874.21
x[1003] = 781.124
x[1004] = 3488.23
x[1005] = 787.41
x[1006] = 1179.65
x[1007] = 1875.25
x[1008] = 1790.66
x[1009] = 8294.85
x[1010] = 1413.66
x[1011] = 781.124
x[1012] = -1.94761e-12
x[1013] = 5.30539e-12
x[1014] = -3.38945e-11
x[1015] = -9.09495e-13
x[1016] = -9.09495e-12
x[1017] = -1.65895e-12
x[1018] = 544.643
x[1019] = 6.61638e-12
x[1020] = 332.388
x[1021] = 1459.65
x[1022] = 332.388
x[1023] = 332.388
x[1024] = 332.388
x[1025] = 332.388
x[1026] = 332.388
x[1027] = 332.388
x[1028] = 332.388
x[1029] = 3.07199e-12
x[1030] = 1.06108e-12
x[1031] = -4.07554e-12
x[1032] = 8.18545e-12
x[1033] = 5014.04
x[1034] = 1.36424e-12
x[1035] = 355.62
x[1036] = 11730.1
x[1037] = 15536.9
x[1038] = 11926.1
x[1039] = 12927.8
x[1040] = 12205.1
x[1041] = 11730.1
x[1042] = 14605.5
x[1043] = 12205.1
x[1044] = 9977.24
x[1045] = 3.91083e-11
x[1046] = 1.00044e-11
x[1047] = 3077.52
x[1048] = 1251.7
x[1049] = 2.81943e-11
x[1050] = 2992.24
x[1051] = 2856.9
x[1052] = 11384.3
x[1053] = 374.419
x[1054] = 3.63798e-12
x[1055] = 424.778
x[1056] = 4639.99
x[1057] = 3639.03
x[1058] = -8.36735e-11
x[1059] = 1966.08
x[1060] = 424.778
x[1061] = 3550.19
x[1062] = 3409.21
x[1063] = 13824.7
x[1064] = -1.54614e-11
x[1065] = 92.3898
x[1066] = 5089.51
x[1067] = 92.3898
x[1068] = 1116.93
x[1069] = 92.3898
x[1070] = 1116.93
x[1071] = 10685.5
x[1072] = 1116.93
x[1073] = 1116.93
x[1074] = 17950.8
x[1075] = 16180.2
x[1076] = 21807.7
x[1077] = 16505.4
x[1078] = 17950.8
x[1079] = 16882.4
x[1080] = 16180.2
x[1081] = 20430.8
x[1082] = 25359.6
x[1083] = 12268.9
x[1084] = 5.13865e-11
x[1085] = 2.36469e-11
x[1086] = -6.27551e-11
x[1087] = 2.50111e-11
x[1088] = 2.22826e-11
x[1089] = 5.91172e-12
x[1090] = 12454.7
x[1091] = 22366.8
x[1092] = 30145.9
x[1093] = 22825
x[1094] = 24814.3
x[1095] = 23337.5
x[1096] = 22366.8
x[1097] = 28242.6
x[1098] = 23337.5
x[1099] = 16959.9
x[1100] = -1.81899e-12
x[1101] = 3423.42
x[1102] = -4.72937e-11
x[1103] = -9.09495e-12
x[1104] = 3282.37
x[1105] = 7235.59
x[1106] = -15051.5
x[1107] = -3.63798e-12
x[1108] = 5588.37
x[1109] = 11162.3
x[1110] = -1.10958e-10
x[1111] = 2519.71
x[1112] = 5616.68
x[1113] = 5730.12
x[1114] = 26543.5
x[1115] = 4523.71
x[1116] = 6.09361e-11
x[1117] = 2.72848e-11
x[1118] = -9.54969e-11
x[1119] = -1.81899e-11
x[1120] = -1.81899e-12
x[1121] = -3.63798e-12
x[1122] = 16584.9
x[1123] = 7.7307e-11
x[1124] = 3.09228e-11
x[1125] = 3.27418e-11
x[1126] = 1474.11
x[1127] = -6.36646e-11
x[1128] = -5.45697e-12
x[1129] = 1.27329e-11
x[1130] = 1.09139e-11
x[1131] = 3.81988e-11
x[1132] = 0
x[1133] = 3271.27
x[1134] = -4.72937e-11
x[1135] = -3.63798e-12
x[1136] = 3136.49
x[1137] = 6914.01
x[1138] = -25158.5
x[1139] = -2.72848e-11
x[1140] = 3143.46
x[1141] = 6031.95
x[1142] = -5.09317e-11
x[1143] = 1406.02
x[1144] = 1781.28
x[1145] = 3223.19
x[1146] = 14588.6
x[1147] = 2202.5
x[1148] = 3376.3
x[1149] = 7.27596e-12
x[1150] = 6743.92
x[1151] = 3728.53
x[1152] = 1522.33
x[1153] = 3625.48
x[1154] = 15469.3
x[1155] = 15469.3
x[1156] = 16090.1
x[1157] = 18021
x[1158] = 42565.8
x[1159] = 20087.2
x[1160] = 5341.27
x[1161] = 12369.7
x[1162] = 5341.27
x[1163] = 6563.4
x[1164] = 5341.27
x[1165] = 5736.51
x[1166] = 28383.4
x[1167] = 7281.04
x[1168] = 5.36602e-11
x[1169] = 3.45608e-11
x[1170] = -4.63842e-11
x[1171] = 6.27551e-11
x[1172] = 3.42337
x[1173] = -20138.5
x[1174] = 1.81899e-11
x[1175] = 12719.7
x[1176] = 38572.1
x[1177] = 45203.5
x[1178] = 19706.6
x[1179] = 20331
x[1180] = 38628.5
x[1181] = 38572.1
x[1182] = 44572.8
x[1183] = 38861.9
x[1184] = 14220.2
x[1185] = 7051.48
x[1186] = 7051.48
x[1187] = 12237.6
x[1188] = 7444.24
x[1189] = 8665.8
x[1190] = 9489.41
x[1191] = 9973.04
x[1192] = 3.87183e-11
x[1193] = 2.66785e-11
x[1194] = -4.93864e-11
x[1195] = -1.24892e-11
x[1196] = 2.54659e-11
x[1197] = 9.09495e-13
x[1198] = 17950.8
x[1199] = 16180.2
x[1200] = 16505.4
x[1201] = 17950.8
x[1202] = 16180.2
x[1203] = 20430.8
x[1204] = 25359.6
x[1205] = 12268.9
x[1206] = 3027.03
x[1207] = 5808.54
x[1208] = 1116.22
x[1209] = 1701.06
x[1210] = 3012.7
x[1211] = 3103.81
x[1212] = 14034.1
x[1213] = 2106.68
x[1214] = 1010.29
x[1215] = 2239.53
x[1216] = 2.00089e-11
x[1217] = 4195.09
x[1218] = 2239.53
x[1219] = -3.63798e-12
x[1220] = 3.63798e-12
x[1221] = 1792.31
x[1222] = 20871.3
x[1223] = 686.435
x[1224] = 13199.1
x[1225] = 11897.2
x[1226] = 16035
x[1227] = 12136.3
x[1228] = 13199.1
x[1229] = 12413.5
x[1230] = 11897.2
x[1231] = 15022.6
x[1232] = 12413.5
x[1233] = 9021.25
x[1234] = 11145.9
x[1235] = 11145.9
x[1236] = 19343.3
x[1237] = 11766.7
x[1238] = 13697.6
x[1239] = 14999.4
x[1240] = 15763.8
x[1241] = -2.72848e-11
x[1242] = 2.00089e-11
x[1243] = -1.19144e-10
x[1244] = -7.27596e-12
x[1245] = -3.63798e-12
x[1246] = -1.36424e-11
x[1247] = 9.09495e-13
x[1248] = 1112.97
x[1249] = -4.00178e-11
x[1250] = 2392.23
x[1251] = 7.27596e-12
x[1252] = 4481.12
x[1253] = 2392.23
x[1254] = -7.27596e-12
x[1255] = 228.552
x[1256] = 22294.3
x[1257] = 733.237
x[1258] = 7.27596e-12
x[1259] = 4191.27
x[1260] = 8042.6
x[1261] = 1545.54
x[1262] = 2822.87
x[1263] = 1545.54
x[1264] = 4156.35
x[1265] = 19563.4
x[1266] = 3048.53
x[1267] = 1545.54
x[1268] = -3.63798e-12
x[1269] = 2966.96
x[1270] = -6.36646e-11
x[1271] = -5.45697e-12
x[1272] = 2844.72
x[1273] = 5347.6
x[1274] = -23741.4
x[1275] = 1.09139e-11
x[1276] = -1.81899e-12
x[1277] = 4375.58
x[1278] = 19354.6
x[1279] = 1381.07
x[1280] = 1.18234e-11
x[1281] = 5991.79
x[1282] = 275.776
x[1283] = 1381.07
x[1284] = 20.0287
x[1285] = 169.173
x[1286] = 9.09495e-13
x[1287] = 9507.37
x[1288] = 9507.37
x[1289] = 14191.6
x[1290] = 9862.12
x[1291] = 10965.5
x[1292] = 11709.4
x[1293] = 12146.2
x[1294] = 5.6647e-12
x[1295] = 1.78867e-11
x[1296] = -4.07462e-11
x[1297] = -1.96022e-11
x[1298] = 5.45697e-12
x[1299] = 3.63798e-12
x[1300] = 1730.55
x[1301] = 5.45697e-12
x[1302] = 3241.66
x[1303] = 1730.55
x[1304] = -6.36646e-12
x[1305] = 1714.14
x[1306] = 16127.8
x[1307] = 4.54747e-12
x[1308] = 4074.85
x[1309] = 8139.21
x[1310] = 1837.29
x[1311] = 2752.51
x[1312] = 4178.21
x[1313] = 19354.6
x[1314] = 3298.54
x[1315] = 1910.81
x[1316] = 2352.58
x[1317] = 6736.4
x[1318] = 5695.4
x[1319] = 3955.53
x[1320] = 2352.58
x[1321] = 5603.01
x[1322] = 16288.5
x[1323] = 1910.81
x[1324] = 28268.4
x[1325] = 26081.2
x[1326] = 26482.9
x[1327] = 28268.4
x[1328] = 26081.2
x[1329] = 31331.9
x[1330] = 31326.6
x[1331] = 25333.2
x[1332] = 5122.67
x[1333] = 10232.2
x[1334] = -1.00044e-10
x[1335] = 2309.74
x[1336] = 4685.41
x[1337] = 5252.61
x[1338] = 24331.6
x[1339] = 4146.73
x[1340] = 2.26593e-11
x[1341] = 5.45697e-12
x[1342] = -5.57528e-11
x[1343] = 1.63709e-11
x[1344] = 27558.3
x[1345] = 32600.4
x[1346] = 27558.3
x[1347] = 28435.1
x[1348] = 27558.3
x[1349] = 29951.6
x[1350] = 29779.3
x[1351] = 44088.5
x[1352] = 28949.9
x[1353] = 2262.8
x[1354] = 10203.7
x[1355] = 2262.8
x[1356] = 4656.91
x[1357] = 2262.8
x[1358] = 5472.23
x[1359] = 24303.1
x[1360] = 4118.23
x[1361] = 2262.8
x[1362] = -1.81899e-11
x[1363] = 9.09495e-12
x[1364] = 2037.73
x[1365] = -1.12777e-10
x[1366] = -3.81988e-11
x[1367] = 1.81899e-12
x[1368] = 1.63709e-11
x[1369] = 7.27596e-12
x[1370] = 5341.27
x[1371] = 10683
x[1372] = 5341.27
x[1373] = 5341.27
x[1374] = 5341.27
x[1375] = 5736.51
x[1376] = 5477.11
x[1377] = 25423.3
x[1378] = 5341.27
x[1379] = 5341.27
x[1380] = 12902.9
x[1381] = 12902.9
x[1382] = 19260.1
x[1383] = 13384.3
x[1384] = 14881.7
x[1385] = 15891.3
x[1386] = 16484.1
x[1387] = 4744.9
x[1388] = 2106.57
x[1389] = 2106.57
x[1390] = 5097.18
x[1391] = 22644.1
x[1392] = 3835.5
x[1393] = 1832.34
x[1394] = 3.72893e-11
x[1395] = 3432.35
x[1396] = 1832.34
x[1397] = 4.54747e-11
x[1398] = 1485.59
x[1399] = 17076.5
x[1400] = 561.628
x[1401] = 1.81899e-12
x[1402] = -7.47246e-12
x[1403] = 1.94026e-11
x[1404] = -5.57832e-11
x[1405] = 2.72848e-11
x[1406] = 1.36424e-12
x[1407] = 7.9126e-11
x[1408] = 2.45564e-11
x[1409] = -6.27551e-11
x[1410] = 3.72893e-11
x[1411] = -3.63798e-12
x[1412] = 18899.1
x[1413] = 8.91305e-11
x[1414] = 3143.46
x[1415] = 6278.82
x[1416] = 1417.34
x[1417] = 2123.36
x[1418] = 1417.34
x[1419] = 3223.19
x[1420] = 14930.7
x[1421] = 2544.58
x[1422] = 9.47912e+06
x[1423] = 9.48398e+06
x[1424] = 9.47949e+06
x[1425] = 9.4814e+06
x[1426] = 14783
x[1427] = 13324.9
x[1428] = 13592.6
x[1429] = 14783
x[1430] = 13324.9
x[1431] = 16825.4
x[1432] = 20884.4
x[1433] = 10103.8
x[1434] = 4297.59
x[1435] = 4297.59
x[1436] = 9798.09
x[1437] = 4297.59
x[1438] = 4297.59
x[1439] = 4297.59
x[1440] = 5.6647e-12
x[1441] = 1.78867e-11
x[1442] = -4.07462e-11
x[1443] = -1.96022e-11
x[1444] = 5.45697e-12
x[1445] = 3.63798e-12
x[1446] = 12671.1
x[1447] = 11421.3
x[1448] = 11650.8
x[1449] = 12671.1
x[1450] = 2689.97
x[1451] = 8660.4
x[1452] = 9.09495e-13
x[1453] = 2794.18
x[1454] = -8.18545e-12
x[1455] = 3085.68
x[1456] = 1030.36
x[1457] = -9.09495e-13
x[1458] = 3000.4
x[1459] = 13271.8
x[1460] = 3143.46
x[1461] = -6.36646e-11
x[1462] = 1159.15
x[1463] = 3033.36
x[1464] = 14588.6
x[1465] = 2202.5
x[1466] = 6.36646e-12
x[1467] = 1300.68
x[1468] = 8.18545e-12
x[1469] = 2.00089e-11
x[1470] = 1.36424e-11
x[1471] = -1.68257e-11
x[1472] = 4.36557e-11
x[1473] = 3492.73
x[1474] = -7.27596e-11
x[1475] = 1562.25
x[1476] = 2447.23
x[1477] = 2910.61
x[1478] = 3214.25
x[1479] = 1312.35
x[1480] = 3143.46
x[1481] = 2.72848e-12
x[1482] = 6278.82
x[1483] = 3471.39
x[1484] = 1417.34
x[1485] = 2123.36
x[1486] = 1.36424e-11
x[1487] = 4074.85
x[1488] = 3.03165e-12
x[1489] = 8139.21
x[1490] = 4499.95
x[1491] = 1837.29
x[1492] = 2752.51
x[1493] = 12143.2
x[1494] = 10945.4
x[1495] = 11141.5
x[1496] = 12143.2
x[1497] = 17155
x[1498] = 4242.81
x[1499] = 4242.81
x[1500] = 4242.81
x[1501] = 4242.81
x[1502] = 11615.2
x[1503] = 10469.6
x[1504] = 10679.9
x[1505] = 11615.2
x[1506] = 9.09495e-13
x[1507] = 2794.18
x[1508] = 1030.36
x[1509] = 1915.03
x[1510] = 1.97106e-08
x[1511] = 14783
x[1512] = 13324.9
x[1513] = 13592.6
x[1514] = 14783
x[1515] = 20884.4
x[1516] = 16366.9
x[1517] = 14752.6
x[1518] = 15049
x[1519] = 16366.9
x[1520] = 11186.3
x[1521] = 15838.9
x[1522] = 14276.7
x[1523] = 15838.9
x[1524] = 22376.1
x[1525] = 17950.8
x[1526] = 17950.8
x[1527] = 12268.9
x[1528] = 8560.84
x[1529] = 7154.82
x[1530] = 7401.69
x[1531] = 9651.33
x[1532] = 6612.98
x[1533] = 4757.09
x[1534] = 17950.8
x[1535] = 16180.2
x[1536] = 16505.4
x[1537] = 17950.8
x[1538] = 16180.2
x[1539] = 20430.8
x[1540] = 25359.6
x[1541] = 8149.18
x[1542] = 9398.97
x[1543] = 10411
x[1544] = 1406.02
x[1545] = 3952.83
x[1546] = 258.186
x[1547] = 1406.02
x[1548] = 163.061
x[1549] = 163.061
x[1550] = 11615.2
x[1551] = 10469.6
x[1552] = 10679.9
x[1553] = 11615.2
x[1554] = 16409.2
x[1555] = 3944.18
x[1556] = 1459.67
x[1557] = 1459.67
x[1558] = 18476.5
x[1559] = 2879.17
x[1560] = -4.54747e-13
x[1561] = 4105.98
x[1562] = 2856.18
x[1563] = 3085.68
x[1564] = 4105.98
x[1565] = 2204.78
x[1566] = 1.36424e-11
x[1567] = 2188.25
x[1568] = 15027.4
x[1569] = 1265.07
x[1570] = 3.81988e-11
x[1571] = 5.00222e-11
x[1572] = -2.81943e-11
x[1573] = -3.18323e-11
x[1574] = 6.45741e-11
x[1575] = 9.09495e-13
x[1576] = -5.02337e-12
x[1577] = -5.02337e-12
x[1578] = -5.02337e-12
x[1579] = -5.02337e-12
x[1580] = -5.02337e-12
x[1581] = 3.21436e-12
x[1582] = 2.57792e-10
x[1583] = 0
x[1584] = 0
x[1585] = 8.62033e-12
x[1586] = -8.59281e-12
x[1587] = -8.59281e-12
x[1588] = -8.59281e-12
x[1589] = -8.59281e-12
x[1590] = 1282.4
x[1591] = 1282.4
x[1592] = 1282.4
x[1593] = 1282.4
x[1594] = 9.41882e-12
x[1595] = 6.27921e-12
x[1596] = 5.02337e-12
x[1597] = 6.27921e-12
x[1598] = 2.65864e-12
x[1599] = -1.19859e-12
x[1600] = -1.19859e-12
x[1601] = -1.19859e-12
x[1602] = -1.19859e-12
x[1603] = -1.65067e-10
x[1604] = -1.79057e-10
x[1605] = -1.79057e-10
x[1606] = -1.79057e-10
x[1607] = -1.79057e-10
x[1608] = 0
x[1609] = 0
x[1610] = 736.056
x[1611] = 736.056
x[1612] = -7.03226e-12
x[1613] = -7.03226e-12
x[1614] = -7.03226e-12
x[1615] = -7.03226e-12
x[1616] = 0
x[1617] = 0
x[1618] = 0
x[1619] = 0
x[1620] = 0
x[1621] = 5.96856e-13
x[1622] = -1.16415e-10
x[1623] = 8.01442e-13
x[1624] = 3.97904e-13
x[1625] = 1.15676e-11
x[1626] = 1.14539e-11
x[1627] = 1.14539e-11
x[1628] = 1.17097e-11
x[1629] = -1.74623e-10
x[1630] = 1.16784e-11
x[1631] = -1.0796e-10
x[1632] = 2.84217e-14
x[1633] = 2.55795e-13
x[1634] = -1.13687e-13
x[1635] = -3.41061e-13
x[1636] = 1.13687e-13
x[1637] = 3.12639e-13
x[1638] = 5.68434e-14
x[1639] = 3.41061e-13
x[1640] = 359123
x[1641] = 4.80242e-13
x[1642] = -3.66072e-14
x[1643] = 2.84217e-13
x[1644] = 2.17168e-12
x[1645] = 6.65326e-13
x[1646] = -4.86731e-11
x[1647] = 1.12007e-12
b:
b[0] = 90633.9
b[1] = 147864
b[2] = 85216.9
b[3] = 178070
b[4] = 82737.9
b[5] = 180219
b[6] = 7634.33
b[7] = 4.81046e+08
b[8] = 86833.8
b[9] = 383265
b[10] = 234957
b[11] = 90633.9
b[12] = 132866
b[13] = 85216.9
b[14] = 178070
b[15] = 82737.9
b[16] = 194105
b[17] = -181812
b[18] = 4.81046e+08
b[19] = 86833.8
b[20] = 383265
b[21] = 0
b[22] = 234957
b[23] = 0
b[24] = 484449
b[25] = 0
b[26] = 484449
b[27] = 0
b[28] = 0
b[29] = 1215.97
b[30] = -1432.75
b[31] = -3809.01
b[32] = 1539.69
b[33] = -160.29
b[34] = -4039.86
b[35] = 1966.08
b[36] = -1.19873e+07
b[37] = 1242.75
b[38] = 0
b[39] = -1042.73
b[40] = -1432.75
b[41] = -249.252
b[42] = -3262.88
b[43] = 37.0908
b[44] = -2958.8
b[45] = -2013.08
b[46] = -3878.26
b[47] = 304.073
b[48] = -1.16301e+07
b[49] = -245.494
b[50] = 0
b[51] = -1001.02
b[52] = -2013.08
b[53] = -312.462
b[54] = -2175.25
b[55] = 24.7272
b[56] = -2203.75
b[57] = -1335.35
b[58] = -2585.51
b[59] = 0
b[60] = -7.75339e+06
b[61] = -309.957
b[62] = 0
b[63] = -667.348
b[64] = -1342.05
b[65] = 19974.5
b[66] = 18985.1
b[67] = -292.271
b[68] = 19225.8
b[69] = 19974.5
b[70] = -3070.29
b[71] = 21568.2
b[72] = -9.14878e+06
b[73] = 2287.19
b[74] = 14180.4
b[75] = 19974.5
b[76] = 19974.5
b[77] = -3262.88
b[78] = -2855.09
b[79] = -1089.69
b[80] = 230.591
b[81] = -3262.88
b[82] = -3878.26
b[83] = 407.787
b[84] = -1.16297e+07
b[85] = -57.1482
b[86] = 0
b[87] = -3262.88
b[88] = -3262.88
b[89] = 47718.6
b[90] = -1903.34
b[91] = 48914.5
b[92] = -1903.34
b[93] = 47718.6
b[94] = 46056.4
b[95] = 48892.9
b[96] = -6.98618e+06
b[97] = 47715.2
b[98] = 45103.9
b[99] = 45196.7
b[100] = 46740.2
b[101] = -14643.7
b[102] = -3398.83
b[103] = -1592.72
b[104] = -3082.09
b[105] = -2096.96
b[106] = -4039.86
b[107] = 0
b[108] = -1.19949e+07
b[109] = -481.511
b[110] = -26740.7
b[111] = -14643.7
b[112] = -11887.6
b[113] = -3373.99
b[114] = -171.65
b[115] = 33.9999
b[116] = -171.65
b[117] = -1845.32
b[118] = -2465.9
b[119] = 2819.32
b[120] = -1.05773e+07
b[121] = -223.172
b[122] = 0
b[123] = -171.65
b[124] = -171.65
b[125] = -3126.92
b[126] = 220.983
b[127] = 2455.36
b[128] = 220.983
b[129] = -4817.25
b[130] = -1271.24
b[131] = 3347.91
b[132] = -1.09361e+07
b[133] = 1067.64
b[134] = 0
b[135] = 1127.3
b[136] = 1127.3
b[137] = -3126.92
b[138] = -2736.13
b[139] = -501.754
b[140] = -2736.13
b[141] = -4817.25
b[142] = -3716.67
b[143] = 390.796
b[144] = -1.09361e+07
b[145] = -50.1061
b[146] = 0
b[147] = -959.313
b[148] = -1829.81
b[149] = -2175.25
b[150] = -1903.39
b[151] = -726.462
b[152] = 153.727
b[153] = -3351.13
b[154] = -2585.51
b[155] = 271.858
b[156] = -7.75312e+06
b[157] = -38.0988
b[158] = 0
b[159] = -667.348
b[160] = -2175.25
b[161] = 2804.02
b[162] = 708.38
b[163] = 3018.77
b[164] = 665.633
b[165] = 1481.15
b[166] = -730.494
b[167] = 0
b[168] = -8.80618e+06
b[169] = 2804.97
b[170] = 0
b[171] = -750.767
b[172] = 172.93
b[173] = -3834.08
b[174] = 7090.37
b[175] = 9519.04
b[176] = 7090.37
b[177] = -2096.96
b[178] = 5468.39
b[179] = 10489.2
b[180] = -1.19857e+07
b[181] = 8008.38
b[182] = 451.633
b[183] = 8075.5
b[184] = 8075.5
b[185] = -371.048
b[186] = -2583.11
b[187] = 215.535
b[188] = -2611.61
b[189] = -371.048
b[190] = -2352.45
b[191] = 2212.06
b[192] = -9.16412e+06
b[193] = -367.141
b[194] = 0
b[195] = -371.048
b[196] = -371.048
b[197] = 3300.41
b[198] = 1817
b[199] = -1980.68
b[200] = 3488.41
b[201] = 2499.42
b[202] = -2100.73
b[203] = 3584.39
b[204] = -6.33785e+06
b[205] = 3331.62
b[206] = 0
b[207] = -542.22
b[208] = 1596.11
b[209] = -2914.81
b[210] = -2914.81
b[211] = -1529.01
b[212] = -144.489
b[213] = -1970.31
b[214] = -3878.26
b[215] = 348.068
b[216] = -1.163e+07
b[217] = -432.228
b[218] = 0
b[219] = -1001.02
b[220] = -11412.1
b[221] = -3373.99
b[222] = -2789.81
b[223] = 33.9999
b[224] = -2818.31
b[225] = -1845.32
b[226] = -3555.08
b[227] = 201.154
b[228] = -1.05773e+07
b[229] = -223.172
b[230] = 0
b[231] = -917.604
b[232] = -1644.17
b[233] = -3220.63
b[234] = -1761.44
b[235] = 32.4545
b[236] = -163.847
b[237] = -1761.44
b[238] = -3393.48
b[239] = 1093.57
b[240] = -1.02181e+07
b[241] = -215.74
b[242] = 0
b[243] = -875.895
b[244] = -1761.44
b[245] = -1988.28
b[246] = -1767.39
b[247] = 20.0909
b[248] = -1795.89
b[249] = -1084.97
b[250] = -2100.73
b[251] = 0
b[252] = -6.34144e+06
b[253] = -252.772
b[254] = 0
b[255] = -542.22
b[256] = -1090.42
b[257] = -3534.78
b[258] = -3093.01
b[259] = -1180.5
b[260] = 249.807
b[261] = -5445.59
b[262] = -4201.45
b[263] = 441.769
b[264] = -1.2348e+07
b[265] = 0
b[266] = -3534.78
b[267] = -3534.78
b[268] = 48243.7
b[269] = -2583.11
b[270] = 46437.7
b[271] = -2401.42
b[272] = 48243.7
b[273] = 46262.3
b[274] = 50826.8
b[275] = -9.12052e+06
b[276] = 48191.5
b[277] = 40320
b[278] = 48243.7
b[279] = 48243.7
b[280] = 2605.59
b[281] = 653.144
b[282] = -2590.13
b[283] = 2838.83
b[284] = 1545.54
b[285] = -2747.1
b[286] = 2964.35
b[287] = -8.44406e+06
b[288] = 2630.36
b[289] = 0
b[290] = -709.057
b[291] = 364.295
b[292] = 532.804
b[293] = 532.804
b[294] = -1083.05
b[295] = 532.804
b[296] = 532.804
b[297] = -5879.08
b[298] = 2844.01
b[299] = -8.44653e+06
b[300] = -2947.46
b[301] = 0
b[302] = 532.804
b[303] = 532.804
b[304] = -3527.36
b[305] = 1224.51
b[306] = 35.5454
b[307] = 1224.51
b[308] = -1929.2
b[309] = -1174.02
b[310] = 4351.44
b[311] = -1.09364e+07
b[312] = 1164.85
b[313] = -8367.33
b[314] = 1224.51
b[315] = 1224.51
b[316] = -3527.36
b[317] = -1929.2
b[318] = 35.5454
b[319] = -2930.87
b[320] = -1929.2
b[321] = -3716.67
b[322] = 1197.72
b[323] = -1.09364e+07
b[324] = -230.604
b[325] = 0
b[326] = -959.313
b[327] = -1929.2
b[328] = -2013.08
b[329] = -3262.88
b[330] = 37.0908
b[331] = -187.254
b[332] = -3776.9
b[333] = -3878.26
b[334] = 0
b[335] = -1.16301e+07
b[336] = -464.935
b[337] = 0
b[338] = -1001.02
b[339] = -2013.08
b[340] = 2779.3
b[341] = 944.108
b[342] = -2437.77
b[343] = 3001.23
b[344] = 1784.01
b[345] = -2585.51
b[346] = 3119.36
b[347] = -7.75027e+06
b[348] = 2809.4
b[349] = 0
b[350] = -667.348
b[351] = 672.25
b[352] = 1737.08
b[353] = -801.673
b[354] = -3351.93
b[355] = 2026.87
b[356] = 353.195
b[357] = -3555.08
b[358] = 2189.3
b[359] = -1.05751e+07
b[360] = 1764.97
b[361] = 0
b[362] = -917.604
b[363] = -1175.48
b[364] = -1767.39
b[365] = -1767.39
b[366] = 20.0909
b[367] = -1795.89
b[368] = -864.084
b[369] = -2100.73
b[370] = 220.885
b[371] = -6.34122e+06
b[372] = -31.8875
b[373] = 0
b[374] = -542.22
b[375] = -1090.42
b[376] = -331.991
b[377] = -2311.2
b[378] = 1120.21
b[379] = -2368.2
b[380] = -331.991
b[381] = -2350.28
b[382] = 1093.94
b[383] = -8.44593e+06
b[384] = -333.99
b[385] = 0
b[386] = -709.057
b[387] = -1425.93
b[388] = 532.804
b[389] = 532.804
b[390] = -1083.05
b[391] = 532.804
b[392] = 532.804
b[393] = -5879.08
b[394] = 2844.01
b[395] = -8.44653e+06
b[396] = -2947.46
b[397] = 0
b[398] = 532.804
b[399] = 2960.7
b[400] = 748.638
b[401] = 2338.54
b[402] = 720.14
b[403] = 1564.34
b[404] = -786.9
b[405] = 0
b[406] = -9.16534e+06
b[407] = 2964.61
b[408] = 0
b[409] = -792.476
b[410] = 1446.03
b[411] = -67.4835
b[412] = 1601.13
b[413] = -95.9812
b[414] = 490.627
b[415] = -1106.67
b[416] = 0
b[417] = -6.33989e+06
b[418] = 1447.14
b[419] = 0
b[420] = -542.22
b[421] = -451.823
b[422] = 2779.3
b[423] = 944.108
b[424] = -2437.77
b[425] = 3001.23
b[426] = 1784.01
b[427] = -2585.51
b[428] = 3119.36
b[429] = -7.75027e+06
b[430] = 2809.4
b[431] = 0
b[432] = -667.348
b[433] = 672.25
b[434] = -2600.05
b[435] = -2311.2
b[436] = 26.2727
b[437] = -2368.2
b[438] = -1418.81
b[439] = -2747.1
b[440] = 0
b[441] = -8.44702e+06
b[442] = -333.99
b[443] = 0
b[444] = -709.057
b[445] = -1425.93
b[446] = 658.17
b[447] = 658.17
b[448] = -1337.89
b[449] = 658.17
b[450] = 658.17
b[451] = -5954.5
b[452] = 3513.19
b[453] = -1.02175e+07
b[454] = -3620.28
b[455] = 0
b[456] = 658.17
b[457] = 658.17
b[458] = -3220.63
b[459] = -1761.44
b[460] = 32.4545
b[461] = -163.847
b[462] = -1761.44
b[463] = -3393.48
b[464] = 1093.57
b[465] = -1.02181e+07
b[466] = -215.74
b[467] = 0
b[468] = -875.895
b[469] = -1761.44
b[470] = -3373.99
b[471] = 38671.3
b[472] = 36580.2
b[473] = 38671.3
b[474] = -1845.32
b[475] = 36377
b[476] = 41662.2
b[477] = -1.05426e+07
b[478] = 38611.6
b[479] = 29496.5
b[480] = 38671.3
b[481] = 38671.3
b[482] = 689.511
b[483] = 689.511
b[484] = -1401.6
b[485] = 689.511
b[486] = 689.511
b[487] = -5984.03
b[488] = 3680.48
b[489] = -1.05766e+07
b[490] = -3780.48
b[491] = 0
b[492] = 689.511
b[493] = 689.511
b[494] = -3220.63
b[495] = -1761.44
b[496] = 32.4545
b[497] = -163.847
b[498] = -1761.44
b[499] = -3393.48
b[500] = 1093.57
b[501] = -1.02181e+07
b[502] = -215.74
b[503] = 0
b[504] = -875.895
b[505] = -1761.44
b[506] = -3547.94
b[507] = -26.2405
b[508] = -1465.3
b[509] = -600.467
b[510] = 401.208
b[511] = -2424.78
b[512] = 3100.68
b[513] = -1.09358e+07
b[514] = -85.9009
b[515] = 0
b[516] = -26.2405
b[517] = -26.2405
b[518] = -3680.72
b[519] = -187.254
b[520] = 37.0908
b[521] = -187.254
b[522] = -2013.08
b[523] = -2690.08
b[524] = 3075.62
b[525] = -1.16301e+07
b[526] = -245.494
b[527] = 0
b[528] = -187.254
b[529] = -187.254
b[530] = 2605.59
b[531] = 653.144
b[532] = -2590.13
b[533] = 2838.83
b[534] = 1545.54
b[535] = -2747.1
b[536] = 2964.35
b[537] = -8.44406e+06
b[538] = 2630.36
b[539] = 0
b[540] = -709.057
b[541] = 364.295
b[542] = -2147.09
b[543] = -1174.29
b[544] = 21.6363
b[545] = -109.232
b[546] = -1174.29
b[547] = -2262.32
b[548] = 729.049
b[549] = -7.03507e+06
b[550] = -148.798
b[551] = 0
b[552] = -583.93
b[553] = -1174.29
b[554] = -3398.83
b[555] = -2974.05
b[556] = -970.163
b[557] = -3398.83
b[558] = -5236.15
b[559] = -4039.86
b[560] = 424.778
b[561] = -1.19888e+07
b[562] = -56.7328
b[563] = 0
b[564] = -1042.73
b[565] = -2413.7
b[566] = -2453.81
b[567] = -1342.05
b[568] = 24.7272
b[569] = -124.836
b[570] = -1342.05
b[571] = -2585.51
b[572] = 833.199
b[573] = -7.75339e+06
b[574] = -163.663
b[575] = 0
b[576] = -667.348
b[577] = -1342.05
b[578] = -8083.54
b[579] = -2311.2
b[580] = -1083.05
b[581] = -2095.82
b[582] = -1425.93
b[583] = -2747.1
b[584] = 0
b[585] = -8.45084e+06
b[586] = -333.99
b[587] = -15173.2
b[588] = -709.057
b[589] = -8083.54
b[590] = 2223.86
b[591] = -104.63
b[592] = 2462.47
b[593] = -118.879
b[594] = 754.001
b[595] = -1703.38
b[596] = 0
b[597] = -9.5245e+06
b[598] = 2230.72
b[599] = 0
b[600] = -834.185
b[601] = -666.327
b[602] = -2447.11
b[603] = -2175.25
b[604] = 24.7272
b[605] = -2203.75
b[606] = -1335.35
b[607] = -2585.51
b[608] = 0
b[609] = -7.75339e+06
b[610] = -309.957
b[611] = 0
b[612] = -667.348
b[613] = -1342.05
b[614] = 595.487
b[615] = 595.487
b[616] = -1210.47
b[617] = 595.487
b[618] = 595.487
b[619] = -48009.5
b[620] = 3178.6
b[621] = -9.16478e+06
b[622] = -3267.87
b[623] = 0
b[624] = 595.487
b[625] = -2990.97
b[626] = -2617.16
b[627] = -998.886
b[628] = 211.375
b[629] = -4607.81
b[630] = -3555.08
b[631] = 373.805
b[632] = -1.05769e+07
b[633] = -50.5215
b[634] = 0
b[635] = -917.604
b[636] = -2617.16
b[637] = 44064.5
b[638] = -2311.2
b[639] = 44589.4
b[640] = -2368.2
b[641] = 44064.5
b[642] = 42046.2
b[643] = 45490.5
b[644] = -8.40153e+06
b[645] = 43766.9
b[646] = 40889.6
b[647] = 41002.3
b[648] = 42876.5
b[649] = -1258.17
b[650] = -2039.3
b[651] = 23.1818
b[652] = -2082.04
b[653] = -1251.89
b[654] = -2423.91
b[655] = 0
b[656] = -7.39423e+06
b[657] = -293.381
b[658] = 0
b[659] = -625.639
b[660] = -1258.17
b[661] = 720.853
b[662] = 720.853
b[663] = -1465.3
b[664] = 720.853
b[665] = 720.853
b[666] = -1677.69
b[667] = 3847.78
b[668] = 661.192
b[669] = -8326.35
b[670] = 720.853
b[671] = -10936.5
b[672] = -3987.45
b[673] = 1384.23
b[674] = 40.1817
b[675] = 1384.23
b[676] = -2180.83
b[677] = -1327.16
b[678] = 4919.01
b[679] = -1.23484e+07
b[680] = 1317.11
b[681] = -9458.72
b[682] = 1384.23
b[683] = 1384.23
b[684] = 407.439
b[685] = 407.439
b[686] = -828.216
b[687] = 407.439
b[688] = 407.439
b[689] = -5803.66
b[690] = 2174.83
b[691] = -6.34106e+06
b[692] = -2242.65
b[693] = 0
b[694] = 407.439
b[695] = -10580.9
b[696] = 793.525
b[697] = 2414.16
b[698] = 989.574
b[699] = 1991.25
b[700] = -1130
b[701] = 3920.45
b[702] = -1.09325e+07
b[703] = 1208.88
b[704] = -54270.2
b[705] = -959.313
b[706] = -10936.5
b[707] = -1375.44
b[708] = -1375.44
b[709] = -3656.65
b[710] = 1702.08
b[711] = -123.744
b[712] = -3878.26
b[713] = 1887.43
b[714] = -1.16282e+07
b[715] = 1414.34
b[716] = 0
b[717] = -1001.02
b[718] = -1375.44
b[719] = -3398.83
b[720] = -2974.05
b[721] = -1135.1
b[722] = 240.199
b[723] = -3398.83
b[724] = -4039.86
b[725] = 424.778
b[726] = -1.19888e+07
b[727] = -56.7328
b[728] = 0
b[729] = -3398.83
b[730] = -3398.83
b[731] = -3534.78
b[732] = 249.807
b[733] = 2775.62
b[734] = 249.807
b[735] = -5445.59
b[736] = -1437.05
b[737] = 3784.59
b[738] = -1.2348e+07
b[739] = 1207.22
b[740] = 0
b[741] = 1274.34
b[742] = 1274.34
b[743] = 16532.7
b[744] = 14762.1
b[745] = 17157.8
b[746] = 15087.2
b[747] = 16532.7
b[748] = 11918.6
b[749] = 19384.5
b[750] = -1.58712e+07
b[751] = 9762.27
b[752] = -1418.11
b[753] = 10850.8
b[754] = 940.243
b[755] = 940.243
b[756] = -1911.27
b[757] = 940.243
b[758] = 940.243
b[759] = -6772.04
b[760] = 5018.84
b[761] = -3738.11
b[762] = 940.243
b[763] = 10494.3
b[764] = 20406.5
b[765] = 23718.2
b[766] = 20864.7
b[767] = 22854
b[768] = 16475.8
b[769] = 26796.2
b[770] = -2.18708e+07
b[771] = 21265.3
b[772] = -21561.1
b[773] = -1960.34
b[774] = 14999.6
b[775] = -3774.52
b[776] = -3774.52
b[777] = -351.101
b[778] = -3774.52
b[779] = 2343.37
b[780] = -2.08448e+07
b[781] = -15305.6
b[782] = -18826
b[783] = -3774.52
b[784] = -937.385
b[785] = -6525.75
b[786] = 74.1817
b[787] = -6525.75
b[788] = -4006.04
b[789] = -5914.72
b[790] = 0
b[791] = -3.84837e+07
b[792] = -907.498
b[793] = 0
b[794] = -2002.04
b[795] = 1347.68
b[796] = 1347.68
b[797] = -2739.48
b[798] = 1347.68
b[799] = 1347.68
b[800] = -3136.54
b[801] = 1243.28
b[802] = 0
b[803] = 1347.68
b[804] = -20446.6
b[805] = 14179.2
b[806] = 14179.2
b[807] = 12421.6
b[808] = 14179.2
b[809] = 14179.2
b[810] = 10633.6
b[811] = 14097.2
b[812] = 0
b[813] = 14179.2
b[814] = -16167.1
b[815] = -3606.76
b[816] = -3606.76
b[817] = -335.497
b[818] = -3606.76
b[819] = 2239.22
b[820] = -2.01265e+07
b[821] = -14625.3
b[822] = -28765.2
b[823] = -3606.76
b[824] = -185.197
b[825] = -3328.65
b[826] = 136.938
b[827] = -3328.65
b[828] = -1922.63
b[829] = -4363.05
b[830] = 0
b[831] = -2.16471e+07
b[832] = -172.58
b[833] = 0
b[834] = -1126.15
b[835] = -566.337
b[836] = -3942.64
b[837] = 44.8181
b[838] = -214.112
b[839] = -2420.31
b[840] = -6966.88
b[841] = 0
b[842] = -1.37603e+07
b[843] = -4017.22
b[844] = -6661.7
b[845] = -6661.7
b[846] = -26788.5
b[847] = -6040.89
b[848] = -4110.03
b[849] = -27240.9
b[850] = -22242.9
b[851] = 0
b[852] = -2043.75
b[853] = -23299.6
b[854] = -3858.4
b[855] = -9213.91
b[856] = -1202.29
b[857] = -9199.67
b[858] = -3858.4
b[859] = -7433.34
b[860] = 2395.45
b[861] = -2.15414e+07
b[862] = 0
b[863] = -1918.63
b[864] = 11260
b[865] = 11260
b[866] = 11260
b[867] = 11260
b[868] = 14930.7
b[869] = -1.2696e+07
b[870] = 0
b[871] = -8878.54
b[872] = 11260
b[873] = 1734.6
b[874] = 27587
b[875] = 29656
b[876] = 8721.53
b[877] = 9345.91
b[878] = 22637.8
b[879] = 34112.7
b[880] = -2.22226e+07
b[881] = 27765
b[882] = -31002.8
b[883] = -10985.1
b[884] = 3235.14
b[885] = -4214.55
b[886] = -4214.55
b[887] = -1974.98
b[888] = -3821.79
b[889] = -2600.22
b[890] = -5009.42
b[891] = -24194.2
b[892] = -1292.99
b[893] = -14740.6
b[894] = 814.877
b[895] = 814.877
b[896] = -1656.43
b[897] = 814.877
b[898] = 814.877
b[899] = -7072.04
b[900] = 4349.66
b[901] = -1.23476e+07
b[902] = -4453.3
b[903] = 814.877
b[904] = 16532.7
b[905] = 14762.1
b[906] = 15087.2
b[907] = 16532.7
b[908] = 19384.5
b[909] = -1.58712e+07
b[910] = 9762.27
b[911] = -1418.11
b[912] = 10850.8
b[913] = -164.089
b[914] = -3534.78
b[915] = 146.115
b[916] = -3205.37
b[917] = -2074.9
b[918] = -4201.45
b[919] = 343.661
b[920] = -1.23483e+07
b[921] = -154.425
b[922] = 0
b[923] = -1084.44
b[924] = -2180.83
b[925] = -282.111
b[926] = -2521.64
b[927] = -6703.86
b[928] = 1673.45
b[929] = -282.111
b[930] = -7110.15
b[931] = 3460.3
b[932] = -833.737
b[933] = 0
b[934] = -1835.21
b[935] = -2521.64
b[936] = 12156.4
b[937] = 10854.5
b[938] = 12616.1
b[939] = 11093.6
b[940] = 12156.4
b[941] = 8763.71
b[942] = 14253.3
b[943] = -1.1975e+07
b[944] = 11303.7
b[945] = -11468.6
b[946] = -1042.73
b[947] = 7978.52
b[948] = -6661.7
b[949] = -6661.7
b[950] = -3121.74
b[951] = -6040.89
b[952] = -4110.03
b[953] = -7918.12
b[954] = -38242.4
b[955] = -2043.75
b[956] = -23299.6
b[957] = 1473.05
b[958] = 1473.05
b[959] = -2994.32
b[960] = 1473.05
b[961] = 1473.05
b[962] = -3428.31
b[963] = 7862.84
b[964] = 1361.18
b[965] = -17014.7
b[966] = 1473.05
b[967] = -15510
b[968] = -301.346
b[969] = -2693.57
b[970] = -7160.94
b[971] = 1787.55
b[972] = -301.346
b[973] = -7594.93
b[974] = 3696.22
b[975] = -2576.88
b[976] = 0
b[977] = -1960.34
b[978] = -2693.57
b[979] = -358.79
b[980] = -4894.31
b[981] = 70.7233
b[982] = -4550.06
b[983] = -3004.53
b[984] = -5481.43
b[985] = 1889.78
b[986] = -1.69434e+07
b[987] = 0
b[988] = -1501.53
b[989] = -3004.53
b[990] = -3271.25
b[991] = -3271.25
b[992] = -304.288
b[993] = -3271.25
b[994] = 2030.92
b[995] = -1.83554e+07
b[996] = -14188.1
b[997] = -27012.6
b[998] = -3271.25
b[999] = -4758.36
b[1000] = -4758.36
b[1001] = -6137.54
b[1002] = -7330.61
b[1003] = 0
b[1004] = -1.65842e+07
b[1005] = 0
b[1006] = -4758.36
b[1007] = 883.798
b[1008] = -497.271
b[1009] = 2643.01
b[1010] = -221.495
b[1011] = 883.798
b[1012] = -3605.77
b[1013] = 0
b[1014] = -1.41195e+07
b[1015] = -571.847
b[1016] = -497.271
b[1017] = -3806.69
b[1018] = -3806.69
b[1019] = -1783.85
b[1020] = -3451.94
b[1021] = -2348.59
b[1022] = -4524.64
b[1023] = -24991.1
b[1024] = -1167.86
b[1025] = -13314.1
b[1026] = 783.536
b[1027] = 783.536
b[1028] = -1592.72
b[1029] = 783.536
b[1030] = 783.536
b[1031] = -6800.04
b[1032] = 4182.36
b[1033] = -1.19885e+07
b[1034] = -4293.1
b[1035] = 783.536
b[1036] = -217.995
b[1037] = -1948.54
b[1038] = -5180.25
b[1039] = 1293.12
b[1040] = -217.995
b[1041] = -5494.21
b[1042] = 2673.86
b[1043] = -316.435
b[1044] = 0
b[1045] = -1948.54
b[1046] = -683.51
b[1047] = -4758.36
b[1048] = 54.0908
b[1049] = -4772.61
b[1050] = -2921.07
b[1051] = -5655.8
b[1052] = 0
b[1053] = -2.8061e+07
b[1054] = -669.641
b[1055] = 0
b[1056] = -1459.82
b[1057] = -3534.78
b[1058] = -3093.01
b[1059] = -1180.5
b[1060] = 249.807
b[1061] = -5445.59
b[1062] = -4201.45
b[1063] = 441.769
b[1064] = -1.2348e+07
b[1065] = 0
b[1066] = -5445.59
b[1067] = -3534.78
b[1068] = 26516.6
b[1069] = 24329.5
b[1070] = 24731.1
b[1071] = 26516.6
b[1072] = 30039.5
b[1073] = -1.94028e+07
b[1074] = 12059.3
b[1075] = -1751.79
b[1076] = 23581.4
b[1077] = -859.27
b[1078] = -5981.94
b[1079] = 67.9998
b[1080] = -5981.94
b[1081] = -3672.2
b[1082] = -5885.04
b[1083] = 0
b[1084] = -3.52767e+07
b[1085] = -833.737
b[1086] = 0
b[1087] = -1835.21
b[1088] = 846.219
b[1089] = 846.219
b[1090] = -1720.14
b[1091] = 846.219
b[1092] = 846.219
b[1093] = -7344.04
b[1094] = 4516.95
b[1095] = -1.27068e+07
b[1096] = -4613.51
b[1097] = -2767.98
b[1098] = -59523.9
b[1099] = -862.514
b[1100] = -59222.2
b[1101] = -2767.98
b[1102] = -5332.61
b[1103] = 1718.47
b[1104] = -1.55315e+07
b[1105] = -629.032
b[1106] = 0
b[1107] = -1376.41
b[1108] = -3690.64
b[1109] = -5981.94
b[1110] = 67.9998
b[1111] = -5953.44
b[1112] = -3690.64
b[1113] = -5885.04
b[1114] = 2291.3
b[1115] = -2.04856e+07
b[1116] = 0
b[1117] = -1835.21
b[1118] = -3690.64
b[1119] = 19600.7
b[1120] = 19600.7
b[1121] = 17171.1
b[1122] = 19600.7
b[1123] = 19600.7
b[1124] = 14699.4
b[1125] = 19488.9
b[1126] = 0
b[1127] = 19600.7
b[1128] = -22348.6
b[1129] = -898.328
b[1130] = -6253.84
b[1131] = 71.0908
b[1132] = -6239.6
b[1133] = -898.328
b[1134] = -5695.4
b[1135] = 5355.52
b[1136] = -2.15384e+07
b[1137] = -874.346
b[1138] = 0
b[1139] = -898.328
b[1140] = -898.328
b[1141] = -5166.22
b[1142] = -5166.22
b[1143] = -2420.94
b[1144] = -4684.77
b[1145] = -3187.37
b[1146] = -6140.58
b[1147] = -33916.5
b[1148] = -1584.95
b[1149] = -18069.1
b[1150] = -800.683
b[1151] = -5574.08
b[1152] = -5545.58
b[1153] = -3439.01
b[1154] = 2135.07
b[1155] = -1.90737e+07
b[1156] = 0
b[1157] = -1710.08
b[1158] = -230.818
b[1159] = -2063.16
b[1160] = -5484.97
b[1161] = 1369.19
b[1162] = -230.818
b[1163] = -5817.4
b[1164] = 2831.15
b[1165] = -667.065
b[1166] = 0
b[1167] = -1501.53
b[1168] = -2063.16
b[1169] = 908.901
b[1170] = 908.901
b[1171] = -1847.56
b[1172] = 908.901
b[1173] = 908.901
b[1174] = -7888.04
b[1175] = 4851.54
b[1176] = -1.37595e+07
b[1177] = -4965.92
b[1178] = 908.901
b[1179] = 1535.73
b[1180] = 1535.73
b[1181] = -3121.74
b[1182] = 1535.73
b[1183] = 1535.73
b[1184] = -3574.2
b[1185] = 8197.43
b[1186] = 1423.87
b[1187] = 0
b[1188] = 1535.73
b[1189] = -12217
b[1190] = -527.279
b[1191] = -3670.73
b[1192] = 41.7272
b[1193] = -3670.73
b[1194] = -2253.4
b[1195] = -4363.05
b[1196] = 1417.34
b[1197] = -1.27147e+07
b[1198] = -514.662
b[1199] = 0
b[1200] = -1126.15
b[1201] = -3942.64
b[1202] = -1847.56
b[1203] = -3575.22
b[1204] = -4686.24
b[1205] = -9.48259e+06
b[1206] = -2.32506e+07
b[1207] = -9.48314e+06
b[1208] = 13615.1
b[1209] = 12157
b[1210] = 12424.8
b[1211] = 13615.1
b[1212] = 15963.7
b[1213] = -1.33852e+07
b[1214] = 8039.52
b[1215] = -1167.86
b[1216] = 8935.94
b[1217] = -140.616
b[1218] = -140.616
b[1219] = 1938.07
b[1220] = -4438.2
b[1221] = -140.616
b[1222] = -3894.85
b[1223] = -4157.32
b[1224] = -2.88628e+07
b[1225] = -230.107
b[1226] = 783.536
b[1227] = 783.536
b[1228] = -1592.72
b[1229] = 783.536
b[1230] = 783.536
b[1231] = -6800.04
b[1232] = 4182.36
b[1233] = -1.19885e+07
b[1234] = -4293.1
b[1235] = 783.536
b[1236] = 11670.1
b[1237] = 10420.3
b[1238] = 10649.8
b[1239] = 11670.1
b[1240] = -8319.94
b[1241] = -1001.02
b[1242] = 7659.38
b[1243] = -2038.68
b[1244] = -7223.51
b[1245] = -3997.99
b[1246] = 1002.93
b[1247] = -468.693
b[1248] = -3262.88
b[1249] = -177.196
b[1250] = -2232.52
b[1251] = 0
b[1252] = -1.16301e+07
b[1253] = 0
b[1254] = -3262.88
b[1255] = -185.197
b[1256] = -3670.73
b[1257] = -3328.65
b[1258] = -2169.5
b[1259] = 342.082
b[1260] = -1.27076e+07
b[1261] = 0
b[1262] = -1126.15
b[1263] = 12511.1
b[1264] = 10960.3
b[1265] = 12511.1
b[1266] = 9382.57
b[1267] = 0
b[1268] = 12511.1
b[1269] = -14265.1
b[1270] = -1274.18
b[1271] = 626.829
b[1272] = -5935.64
b[1273] = 3345.89
b[1274] = -3428.08
b[1275] = 1.68366e+07
b[1276] = 2.24488e+07
b[1277] = -205.775
b[1278] = -3698.5
b[1279] = -3698.5
b[1280] = -2136.26
b[1281] = -3477.01
b[1282] = -2.40523e+07
b[1283] = -1251.28
b[1284] = -488.222
b[1285] = -3398.83
b[1286] = -184.579
b[1287] = -2086.48
b[1288] = 0
b[1289] = -2.00436e+07
b[1290] = -5309.55
b[1291] = -527.279
b[1292] = -3670.73
b[1293] = 41.7272
b[1294] = -199.346
b[1295] = -2253.4
b[1296] = -4363.05
b[1297] = 0
b[1298] = -1.27123e+07
b[1299] = -3737.85
b[1300] = 0
b[1301] = 12511.1
b[1302] = 960.45
b[1303] = -683.51
b[1304] = -4758.36
b[1305] = 54.0908
b[1306] = -258.411
b[1307] = -2921.07
b[1308] = -5655.8
b[1309] = 0
b[1310] = -1.65904e+07
b[1311] = -4847.85
b[1312] = 11183.9
b[1313] = 9986.14
b[1314] = 10182.2
b[1315] = 11183.9
b[1316] = 6603.89
b[1317] = -959.313
b[1318] = -243.645
b[1319] = -243.645
b[1320] = -243.645
b[1321] = -243.645
b[1322] = 0
b[1323] = -2.64576e+07
b[1324] = 10697.6
b[1325] = 9551.96
b[1326] = 9762.33
b[1327] = 10697.6
b[1328] = -917.604
b[1329] = -2420.94
b[1330] = -8577.91
b[1331] = -4713.62
b[1332] = 1190.97
b[1333] = -121.873
b[1334] = -3262.88
b[1335] = -2958.8
b[1336] = -1885.7
b[1337] = 346.819
b[1338] = -1.92419e+07
b[1339] = -1001.02
b[1340] = -2102.39
b[1341] = -8976.05
b[1342] = -5638.73
b[1343] = 53211.3
b[1344] = 53211.3
b[1345] = 0
b[1346] = -2.48541e+07
b[1347] = 13615.1
b[1348] = 12157
b[1349] = 12424.8
b[1350] = 13615.1
b[1351] = 8039.52
b[1352] = -1167.86
b[1353] = 15073.9
b[1354] = 13459.6
b[1355] = 13756
b[1356] = 15073.9
b[1357] = -14221.1
b[1358] = -1292.99
b[1359] = 9893.36
b[1360] = 14587.6
b[1361] = 13025.4
b[1362] = 14587.6
b[1363] = 8613.77
b[1364] = -1251.28
b[1365] = 16532.7
b[1366] = 16532.7
b[1367] = -15597.4
b[1368] = -1418.11
b[1369] = 10850.8
b[1370] = 7434.69
b[1371] = 6028.67
b[1372] = 6275.54
b[1373] = -2264.71
b[1374] = -1126.15
b[1375] = -23413.7
b[1376] = -1251.28
b[1377] = -14265.1
b[1378] = 16167.1
b[1379] = -1934.15
b[1380] = -273.177
b[1381] = -9640.97
b[1382] = 0
b[1383] = -1.73091e+07
b[1384] = -5888.47
b[1385] = 16532.7
b[1386] = 14762.1
b[1387] = 15087.2
b[1388] = 16532.7
b[1389] = 19384.5
b[1390] = -1.58712e+07
b[1391] = 9762.27
b[1392] = -1418.11
b[1393] = -3262.88
b[1394] = -2013.08
b[1395] = -21420.9
b[1396] = -1001.02
b[1397] = -11412.1
b[1398] = 1.68366e+07
b[1399] = 2248.55
b[1400] = 842.526
b[1401] = 2229
b[1402] = 1100.71
b[1403] = 2248.55
b[1404] = -1810.09
b[1405] = 0
b[1406] = -1.27108e+07
b[1407] = 938.469
b[1408] = 10697.6
b[1409] = 9551.96
b[1410] = 9762.33
b[1411] = 10697.6
b[1412] = 6316.76
b[1413] = -917.604
b[1414] = -353.106
b[1415] = -4622.41
b[1416] = -4297.28
b[1417] = -2837.61
b[1418] = 1784.8
b[1419] = -1.58996e+07
b[1420] = 0
b[1421] = -1418.11
b[1422] = 1607.46
b[1423] = -98.1904
b[1424] = -514.662
b[1425] = 4173.82
b[1426] = 843.103
b[1427] = -406.695
b[1428] = -177.196
b[1429] = 843.103
b[1430] = 0
b[1431] = -1.92419e+07
b[1432] = -311.565
b[1433] = -4078.59
b[1434] = -3698.5
b[1435] = -2516.35
b[1436] = 1562.25
b[1437] = -1.41195e+07
b[1438] = 0
b[1439] = -1251.28
b[1440] = -7318.91
b[1441] = 1128.29
b[1442] = 1128.29
b[1443] = -2293.52
b[1444] = 1128.29
b[1445] = 1128.29
b[1446] = -9792.05
b[1447] = 6022.6
b[1448] = -6151.35
b[1449] = 1128.29
b[1450] = 0
b[1451] = 0
b[1452] = 0
b[1453] = 0
b[1454] = 0
b[1455] = 0
b[1456] = 0
b[1457] = 0
b[1458] = 0
b[1459] = 0
b[1460] = 0
b[1461] = 0
b[1462] = 0
b[1463] = 0
b[1464] = 0
b[1465] = 0
b[1466] = 0
b[1467] = 0
b[1468] = 1282.4
b[1469] = 0
b[1470] = 1282.4
b[1471] = 0
b[1472] = 1282.4
b[1473] = 1282.4
b[1474] = 0
b[1475] = 0
b[1476] = 0
b[1477] = 0
b[1478] = 0
b[1479] = 0
b[1480] = 0
b[1481] = 0
b[1482] = 0
b[1483] = 0
b[1484] = 0
b[1485] = 0
b[1486] = 0
b[1487] = 0
b[1488] = 0
b[1489] = 0
b[1490] = 0
b[1491] = 0
b[1492] = 1.00343e+07
b[1493] = 1.00343e+07
b[1494] = 1.00343e+07
b[1495] = 1.00343e+07
b[1496] = 1.00343e+07
b[1497] = 1.00343e+07
b[1498] = 959.783
b[1499] = 959.783
b[1500] = 223.727
b[1501] = 223.727
b[1502] = 0
b[1503] = 0
b[1504] = 0
b[1505] = 0
b[1506] = 0
b[1507] = 0
b[1508] = 0
b[1509] = 0
b[1510] = 0
b[1511] = 0
b[1512] = 0
b[1513] = 0
b[1514] = 0
b[1515] = 0
b[1516] = 0
b[1517] = 0
b[1518] = 0
b[1519] = 0
b[1520] = 0
b[1521] = 0
b[1522] = 0
b[1523] = 0
b[1524] = 0
b[1525] = 0
b[1526] = 0
b[1527] = 0
b[1528] = 0
b[1529] = 0
b[1530] = 0
b[1531] = 0
b[1532] = 0
b[1533] = 0
b[1534] = 0
b[1535] = 0
b[1536] = 0
b[1537] = 0
b[1538] = 0
b[1539] = 0
b[1540] = 0
b[1541] = 0
b[1542] = 0
b[1543] = 0
b[1544] = 0
b[1545] = 0
b[1546] = 0
b[1547] = 0
b[1548] = 0
b[1549] = 0
b[1550] = 0
b[1551] = 0
b[1552] = 484449
b[1553] = 484449
b[1554] = 484449
b[1555] = 484449
b[1556] = 484449
b[1557] = 484449
b[1558] = 0
b[1559] = -3.41165e+08
b[1560] = -3.41167e+08
b[1561] = -3.41167e+08
b[1562] = 0
b[1563] = -3.41167e+08
b[1564] = 0
b[1565] = 0
b[1566] = 0
b[1567] = 0
b[1568] = 0
b[1569] = 0
b[1570] = 0
b[1571] = 0
b[1572] = 0
b[1573] = 484449
b[1574] = 0
b[1575] = 484449
b[1576] = 0
b[1577] = 484449
b[1578] = 0
b[1579] = 0
b[1580] = 0
b[1581] = 0
b[1582] = -161.483
b[1583] = -161.483
b[1584] = -161.483
b[1585] = -161.483
b[1586] = -161.483
b[1587] = -161.483
b[1588] = -671.43
b[1589] = -161.483
b[1590] = -161.483
b[1591] = -161.483
b[1592] = -161.483
b[1593] = -161.483
b[1594] = -161.483
b[1595] = -161.483
b[1596] = -161.483
b[1597] = -161.483
b[1598] = -161.483
b[1599] = -161.483
b[1600] = -671.43
b[1601] = 358962
b[1602] = -161.483
b[1603] = -161.483
b[1604] = -161.483
b[1605] = -161.483
b[1606] = -161.483
b[1607] = -161.483
b[1608] = -161.483
b[1609] = -161.483
b[1610] = -671.43
b[1611] = 358962
b[1612] = -161.483
b[1613] = -161.483
b[1614] = -161.483
b[1615] = -161.483
b[1616] = -161.483
b[1617] = -161.483
b[1618] = -161.483
b[1619] = -161.483
b[1620] = -161.483
b[1621] = -671.43
b[1622] = 358962
b[1623] = -161.483
b[1624] = -161.483
b[1625] = -161.483
b[1626] = -161.483
b[1627] = -161.483
b[1628] = -161.483
b[1629] = -161.483
b[1630] = -161.483
b[1631] = -161.483
b[1632] = -161.483
b[1633] = -671.43
b[1634] = 358962
b[1635] = -161.483
b[1636] = -161.483
b[1637] = -161.483
b[1638] = -161.483
b[1639] = -161.483
b[1640] = -161.483
b[1641] = -161.483
b[1642] = -161.483
b[1643] = -161.483
b[1644] = -161.483
b[1645] = -671.43
b[1646] = 358962
b[1647] = -161.483
v:
v[0] = -5469.83
v[1] = -6834.4
v[2] = -4758.98
v[3] = -4157.07
v[4] = -7138.47
v[5] = 42935.9
v[6] = -18680.8
v[7] = -3724.28
v[8] = -3493.13
v[9] = -6450.24
v[10] = -4758.98
v[11] = -3657.46
v[12] = 3053.29
v[13] = -3439.23
v[14] = -2844.31
v[15] = -6790.4
v[16] = -6342.44
v[17] = -5152.59
v[18] = -3866.67
v[19] = -7733.34
v[20] = 45175.5
v[21] = -3719.48
v[22] = -2212.41
v[23] = -2489.6
v[24] = -5643.31
v[25] = -7138.47
v[26] = -3500.69
v[27] = -4813.45
v[28] = -3866.67
v[29] = -4171.14
v[30] = -2212.41
v[31] = -3860.65
v[32] = -2641.5
v[33] = -3500.69
v[34] = -5056.42
v[35] = -2732.97
v[36] = -5152.59
v[37] = 35118.6
v[38] = -2863.12
v[39] = -5152.59
v[40] = -3740.35
v[41] = -4062.85
v[42] = -3719.48
v[43] = -3435.06
v[44] = -7011.13
v[45] = -3925.78
v[46] = -10828.7
v[47] = -4063.85
v[48] = -4758.98
v[49] = -2472.69
v[50] = -6169.79
v[51] = 38257.1
v[52] = -4461.54
v[53] = -2993.26
v[54] = -3146.72
v[55] = -1691.84
v[56] = -14650.7
v[57] = -5251.03
v[58] = -7435.9
v[59] = -4041.14
v[60] = -6908.54
v[61] = -3904.25
v[62] = -9550.04
v[63] = -11041.3
v[64] = -14276.9
v[65] = -5596.09
v[66] = 8688.83
v[67] = -10550.5
v[68] = -7688.7
v[69] = -8625.65
v[70] = -30043.7
v[71] = -16627.9
v[72] = 6899.95
v[73] = -18736.3
v[74] = -16272
v[75] = -3383.68
v[76] = -6908.54
v[77] = -7389.68
v[78] = -9626.9
v[79] = -5079.81
v[80] = -25720.3
v[81] = -6116.66
v[82] = -10283.3
v[83] = -10363.5
v[84] = -9569.09
v[85] = -10410.3
v[86] = -5341.76
v[87] = -17835.6
v[88] = -3253.54
v[89] = -7438.97
v[90] = -10410.3
v[91] = -9644.15
v[92] = -8534.08
v[93] = -13087.2
v[94] = -3513.82
v[95] = -35655.2
v[96] = -13058.7
v[97] = 12011
v[98] = -13667.8
v[99] = -24205.4
v[100] = -12166.4
v[101] = -7876.55
v[102] = -3774.11
v[103] = -6376.94
v[104] = -8030.78
v[105] = -9.48775e+06
v[106] = -5689.39
v[107] = -10251.6
v[108] = -3253.54
v[109] = -4876.62
v[110] = -4164.53
v[111] = -7138.47
v[112] = -7688.7
v[113] = 7666.61
v[114] = -2602.83
v[115] = -8542.99
v[116] = -7435.9
v[117] = -8030.78
v[118] = 7666.61
v[119] = -10410.3
v[120] = -4673.42
v[121] = -9815.39
v[122] = -4470.23
v[123] = -4945.38
v[124] = -6791.65
v[125] = -4294.67
v[126] = 48205.3
v[127] = -5689.39
v[128] = -6298.96
v[129] = -6095.77
v[130] = -6908.54
v[131] = -5486.19
v[132] = -15747.1
v[133] = -11005.1
v[134] = -6908.54
v[135] = -15287.6
v[136] = -3517.52
v[137] = -4470.23
v[138] = -9787.71
v[139] = -186.22
v[140] = -7138.47
v[141] = -7360.84
v[142] = -4685.1
v[143] = -3.11827e-13
v[144] = 3.03165e-13
v[145] = -95.0503
v[146] = 0
v[147] = 6.17787e-13
v[148] = -104.284
v[149] = -373.993
v[150] = -23.3749
v[151] = -5.80335e-13
v[152] = -417.037
v[153] = -7.22645e-13
v[154] = -4.54747e-13
v[155] = 0
v[156] = 0
v[157] = 0
v[158] = 0
v[159] = 0
v[160] = 0
v[161] = 0
v[162] = 0
v[163] = 0
v[164] = 0
v[165] = 0
v[166] = 0
v[167] = -1.67446e-13
v[168] = -0
v[169] = -2.86427e-13
v[170] = -8.7909e-13
v[171] = 2.09307e-13
v[172] = -3.99531e-14
v[173] = -5.96856e-12
v[174] = -334478
v[175] = -7.45755
v[176] = -2.34409e-13
v[177] = -0
v[178] = -0
v[179] = 0
v[180] = 0
v[181] = 0
v[182] = -5.02337e-12
v[183] = 0
v[184] = 0
v[185] = -3.21436e-12
v[186] = -2.57792e-10
v[187] = 0
v[188] = 0
v[189] = 0
v[190] = -8.62033e-12
v[191] = -8.59281e-12
v[192] = 0
v[193] = 0
v[194] = 0
v[195] = -8.59281e-12
v[196] = 0
v[197] = 1.25584e-12
v[198] = -2.63727e-11
v[199] = -1.13026e-11
v[200] = -2.63727e-11
v[201] = 0
v[202] = 0
v[203] = -3.13961e-12
v[204] = 6.27921e-12
v[205] = 0
v[206] = 6.27921e-12
v[207] = 1.25584e-12
v[208] = 0
v[209] = -3.85723e-12
v[210] = 0
v[211] = 0
v[212] = 0
v[213] = -0
v[214] = 0
v[215] = -1.39895e-11
v[216] = 0
v[217] = 0
v[218] = 0
v[219] = 0
v[220] = -1.77591e-10
v[221] = -0
v[222] = -69.7057
v[223] = 1.09567e-10
v[224] = 0
v[225] = 0
v[226] = 0
v[227] = 0
v[228] = 0
v[229] = -9.53074e-12
v[230] = 0
v[231] = -7.03226e-12
v[232] = 0
v[233] = 0
v[234] = 0
v[235] = 0
v[236] = 0
v[237] = 0
v[238] = 0
v[239] = 0
v[240] = 0
v[241] = -0
v[242] = 0
v[243] = 0
v[244] = 0
v[245] = -0
v[246] = -1.12822e-11
v[247] = 4.59174e-14
v[248] = 3.38134e-13
v[249] = 0
v[250] = -4.66374e-13
v[251] = 161.483
v[252] = 161.483
v[253] = 161.483
v[254] = 161.483
v[255] = 161.483
v[256] = 161.483
v[257] = 671.43
v[258] = -358962
v[259] = 161.483
v[260] = 161.483
v[261] = 161.483
v[262] = 161.483
v[263] = -4.54747e-13
v[264] = 1.13403e-11
v[265] = 0
v[266] = -2.27374e-13
v[267] = 0
v[268] = 6.08483e-13
v[269] = 6.82121e-13
v[270] = 1.19371e-11
v[271] = 5.40012e-13
v[272] = 0
v[273] = 5.40012e-13
v[274] = 9.21122e-13
v[275] = 3.16577e-13
v[276] = -0
v[277] = -0
v[278] = 0
v[279] = 8.92035e-14
v[280] = 7.44957e-13
v[281] = -5.68434e-14
v[282] = 1.19371e-12
v[283] = 5.11591e-13
v[284] = 1.19371e-12
v[285] = -0
v[286] = 0
v[287] = 1.42109e-13
v[288] = 0
v[289] = -0
v[290] = -2.84217e-13
v[291] = -5.68434e-14
v[292] = 0
v[293] = 1.42109e-13
v[294] = -0
v[295] = -0
v[296] = -0
v[297] = 0
v[298] = 0
v[299] = 6.82121e-13
v[300] = 0
v[301] = 0
v[302] = 6.12712e-14
v[303] = 0
v[304] = 7.34872e-12
v[305] = -359123
v[306] = 0
v[307] = -6.66631e-11
v[308] = -6.27417e-11
v[309] = -359123
v[310] = -1.25483e-10
v[311] = 3.35426e-13
v[312] = 3.35426e-13
v[313] = 6.28718e-13
v[314] = 0
v[315] = 2.84217e-14
v[316] = -2.52869e-13
v[317] = 0
v[318] = -2.52869e-13
v[319] = -2.52869e-13
v[320] = 4.07454e-13
v[321] = 7.72222e-12
v[322] = 0
v[323] = 0
v[324] = 3.49246e-13
v[325] = -0
v[326] = -0
v[327] = 0
v[328] = -0
v[329] = 0
v[330] = 0
v[331] = 0
v[332] = 0
v[333] = 0
v[334] = 0
v[335] = -3.09228e-11
v[336] = -29325.5
v[337] = 0
v[338] = 0
v[339] = 0
v[340] = 0
v[341] = 0
v[342] = 0
v[343] = 0
v[344] = 0
v[345] = 0
v[346] = -4.3201e-10
v[347] = 5.13012e-10
v[348] = 0
v[349] = 0
v[350] = -0
v[351] = -0
v[352] = 484449
v[353] = -3.41167e+08
v[354] = 3.18655e-10
v[355] = -2.40225e-10
v[356] = 484449
v[357] = -0
v[358] = 0
v[359] = 0
v[360] = 1.81899e-12
v[361] = 0
v[362] = 0
v[363] = 0
v[364] = 0
v[365] = 0
v[366] = 0
v[367] = 0
v[368] = 0
v[369] = 0
v[370] = -304.073
v[371] = 0
v[372] = 0
v[373] = 0
v[374] = 0
v[375] = 0
v[376] = 0
v[377] = 0
v[378] = 0
v[379] = 0
v[380] = 0
v[381] = 0
v[382] = 0
v[383] = -28.4977
v[384] = 0
v[385] = 0
v[386] = 4.54747e-12
v[387] = 0
v[388] = 0
v[389] = 0
v[390] = 0
v[391] = 0
v[392] = 0
v[393] = -28186.7
v[394] = 0
v[395] = 0
v[396] = 0
v[397] = 0
v[398] = 0
v[399] = 0
v[400] = 0
v[401] = 0
v[402] = 2.45564e-11
v[403] = 0
v[404] = 0
v[405] = 0
v[406] = -7.27596e-12
v[407] = 0
v[408] = 0
v[409] = 0
v[410] = 0
v[411] = 0
v[412] = 0
v[413] = 0
v[414] = -47100.1
v[415] = 0
v[416] = -47100.1
v[417] = 0
v[418] = 0
v[419] = 0
v[420] = 0
v[421] = 0
v[422] = 0
v[423] = 0
v[424] = 0
v[425] = 0
v[426] = 0
v[427] = 0
v[428] = 0
v[429] = 0
v[430] = 0
v[431] = 0
v[432] = 0
v[433] = -99300.9
v[434] = 0
v[435] = -3202.34
v[436] = 0
v[437] = 0
v[438] = 0
v[439] = -1673.67
v[440] = 0
v[441] = 0
v[442] = -68.9561
v[443] = 0
v[444] = 0
v[445] = 0
v[446] = -3347.91
v[447] = 0
v[448] = 0
v[449] = 0
v[450] = -5038.24
v[451] = 0
v[452] = 0
v[453] = -81.7294
v[454] = 0
v[455] = 0
v[456] = 0
v[457] = -390.796
v[458] = 0
v[459] = 0
v[460] = 0
v[461] = -2081.13
v[462] = 0
v[463] = 0
v[464] = 0
v[465] = 0
v[466] = 0
v[467] = 0
v[468] = 1.45519e-11
v[469] = 0
v[470] = 0
v[471] = 0
v[472] = -1175.88
v[473] = 0
v[474] = 0
v[475] = 0
v[476] = 0
v[477] = 0
v[478] = 0
v[479] = 0
v[480] = 0
v[481] = 0
v[482] = 0
v[483] = 0
v[484] = 0
v[485] = -1696.39
v[486] = 0
v[487] = 0
v[488] = 0
v[489] = 0
v[490] = -10924.5
v[491] = 0
v[492] = 0
v[493] = 0
v[494] = -9187.33
v[495] = 0
v[496] = 0
v[497] = -3779.6
v[498] = 0
v[499] = 0
v[500] = 0
v[501] = 0
v[502] = -2212.06
v[503] = 0
v[504] = -2240.56
v[505] = 0
v[506] = 0
v[507] = 0
v[508] = 0
v[509] = 0
v[510] = 0
v[511] = 0
v[512] = 0
v[513] = 0
v[514] = 7.27596e-12
v[515] = 0
v[516] = 0
v[517] = 0
v[518] = 0
v[519] = 0
v[520] = 0
v[521] = 0
v[522] = 0
v[523] = 0
v[524] = 0
v[525] = 0
v[526] = 0
v[527] = 0
v[528] = 0
v[529] = 0
v[530] = 0
v[531] = 0
v[532] = 0
v[533] = -8497.24
v[534] = -584.179
v[535] = 0
v[536] = 0
v[537] = -28.4977
v[538] = 0
v[539] = 0
v[540] = 0
v[541] = 0
v[542] = 0
v[543] = 0
v[544] = 0
v[545] = -1459.19
v[546] = 0
v[547] = 0
v[548] = 0
v[549] = -1.45519e-11
v[550] = 0
v[551] = 0
v[552] = 0
v[553] = 0
v[554] = 0
v[555] = 0
v[556] = -220.885
v[557] = 0
v[558] = 0
v[559] = -28.4977
v[560] = 0
v[561] = 0
v[562] = 0
v[563] = 0
v[564] = 0
v[565] = 0
v[566] = 0
v[567] = 1.54614e-11
v[568] = 0
v[569] = 0
v[570] = 0
v[571] = -1910.81
v[572] = 0
v[573] = 0
v[574] = 0
v[575] = 0
v[576] = 0
v[577] = 0
v[578] = -50826.8
v[579] = 0
v[580] = -50645.1
v[581] = 0
v[582] = 0
v[583] = 0
v[584] = -3629.16
v[585] = 0
v[586] = 0
v[587] = 0
v[588] = 0
v[589] = 0
v[590] = 7.27596e-12
v[591] = 0
v[592] = 0
v[593] = 0
v[594] = 0
v[595] = 0
v[596] = 0
v[597] = 0
v[598] = 0
v[599] = 0
v[600] = 0
v[601] = 0
v[602] = -5.82077e-11
v[603] = 0
v[604] = -4639.05
v[605] = 0
v[606] = -223.34
v[607] = -3428.06
v[608] = 0
v[609] = 0
v[610] = -4751.87
v[611] = 0
v[612] = 0
v[613] = 0
v[614] = -3153.71
v[615] = 0
v[616] = 0
v[617] = -1476.06
v[618] = 0
v[619] = 0
v[620] = 0
v[621] = -1598.16
v[622] = 0
v[623] = 0
v[624] = -1001.67
v[625] = -2.45564e-11
v[626] = 0
v[627] = 0
v[628] = 0
v[629] = 0
v[630] = 0
v[631] = 0
v[632] = 0
v[633] = 2.85581e-10
v[634] = 0
v[635] = 0
v[636] = -514.027
v[637] = 0
v[638] = 0
v[639] = 0
v[640] = 0
v[641] = 0
v[642] = 0
v[643] = 0
v[644] = 0
v[645] = -0
v[646] = 0
v[647] = 0
v[648] = 0
v[649] = 0
v[650] = 0
v[651] = 0
v[652] = 0
v[653] = 0
v[654] = 0
v[655] = 0
v[656] = 0
v[657] = 0
v[658] = 0
v[659] = -1.45519e-11
v[660] = 0
v[661] = 0
v[662] = 0
v[663] = 0
v[664] = 0
v[665] = 1.36424e-12
v[666] = 0
v[667] = 0
v[668] = -28.4977
v[669] = 0
v[670] = 0
v[671] = 0
v[672] = 0
v[673] = 0
v[674] = 0
v[675] = 0
v[676] = 0
v[677] = -885.274
v[678] = 0
v[679] = -942.269
v[680] = 0
v[681] = 0
v[682] = 0
v[683] = 0
v[684] = 0
v[685] = 0
v[686] = 0
v[687] = 0
v[688] = 0
v[689] = 0
v[690] = 0
v[691] = 0
v[692] = -4639.05
v[693] = 0
v[694] = -223.34
v[695] = -3428.06
v[696] = 0
v[697] = 0
v[698] = 0
v[699] = 0
v[700] = 0
v[701] = 0
v[702] = 0
v[703] = 0
v[704] = -1790.63
v[705] = 0
v[706] = 0
v[707] = 0
v[708] = 0
v[709] = 0
v[710] = 0
v[711] = 0
v[712] = 0
v[713] = 0
v[714] = -1225.17
v[715] = 0
v[716] = 0
v[717] = 0
v[718] = 0
v[719] = 0
v[720] = 0
v[721] = -0
v[722] = 0
v[723] = 0
v[724] = 0
v[725] = 0
v[726] = 0
v[727] = 0
v[728] = 0
v[729] = 0
v[730] = -288.849
v[731] = 0
v[732] = 0
v[733] = -56.9954
v[734] = 0
v[735] = 0
v[736] = 0
v[737] = 0
v[738] = 0
v[739] = 0
v[740] = 0
v[741] = 0
v[742] = 0
v[743] = 0
v[744] = 0
v[745] = 0
v[746] = -4422.7
v[747] = 0
v[748] = -275.891
v[749] = -4218.79
v[750] = 0
v[751] = 0
v[752] = -1459.19
v[753] = 0
v[754] = 0
v[755] = 0
v[756] = -2.18279e-11
v[757] = 0
v[758] = 0
v[759] = 0
v[760] = 0
v[761] = 0
v[762] = 0
v[763] = -42045.3
v[764] = 0
v[765] = 0
v[766] = 0
v[767] = -40516.6
v[768] = 0
v[769] = 0
v[770] = -4202.18
v[771] = 0
v[772] = 0
v[773] = 0
v[774] = 0
v[775] = 0
v[776] = 0
v[777] = 0
v[778] = 0
v[779] = -4379.29
v[780] = 0
v[781] = -289.029
v[782] = -4410.34
v[783] = 0
v[784] = 0
v[785] = -1459.19
v[786] = 0
v[787] = 0
v[788] = 0
v[789] = -1.45519e-11
v[790] = 0
v[791] = 0
v[792] = 0
v[793] = 0
v[794] = 0
v[795] = 0
v[796] = -3521.7
v[797] = 0
v[798] = 0
v[799] = -574.226
v[800] = 0
v[801] = 0
v[802] = 0
v[803] = 0
v[804] = 0
v[805] = 0
v[806] = 0
v[807] = -3493.47
v[808] = 0
v[809] = 0
v[810] = 0
v[811] = -1825.82
v[812] = 0
v[813] = 0
v[814] = -75.2248
v[815] = 0
v[816] = 0
v[817] = 0
v[818] = 0
v[819] = 0
v[820] = -7.27596e-12
v[821] = 0
v[822] = 0
v[823] = 0
v[824] = 0
v[825] = 0
v[826] = 0
v[827] = 0
v[828] = 0
v[829] = -972.792
v[830] = 0
v[831] = 0
v[832] = 0
v[833] = -0
v[834] = 0
v[835] = 0
v[836] = 0
v[837] = 0
v[838] = 0
v[839] = 0
v[840] = -424.778
v[841] = 0
v[842] = 0
v[843] = -424.778
v[844] = -2262.1
v[845] = 0
v[846] = 0
v[847] = 0
v[848] = 0
v[849] = 0
v[850] = 0
v[851] = -1111.76
v[852] = 0
v[853] = 0
v[854] = 0
v[855] = -2.91038e-11
v[856] = 0
v[857] = 0
v[858] = 0
v[859] = 0
v[860] = 0
v[861] = 0
v[862] = 0
v[863] = 0
v[864] = 0
v[865] = 0
v[866] = 0
v[867] = 0
v[868] = 0
v[869] = 0
v[870] = 0
v[871] = 0
v[872] = 0
v[873] = 0
v[874] = 0
v[875] = 0
v[876] = 0
v[877] = 0
v[878] = 0
v[879] = -1884.88
v[880] = 0
v[881] = 0
v[882] = 0
v[883] = 0
v[884] = -271.858
v[885] = 0
v[886] = 0
v[887] = -28.4977
v[888] = 0
v[889] = 0
v[890] = 0
v[891] = 0
v[892] = 0
v[893] = 0
v[894] = 0
v[895] = 0
v[896] = 0
v[897] = 0
v[898] = 0
v[899] = 0
v[900] = -46623.6
v[901] = 0
v[902] = -249.616
v[903] = -3811.16
v[904] = 0
v[905] = 0
v[906] = -373.805
v[907] = 0
v[908] = 0
v[909] = 0
v[910] = -1990.64
v[911] = 0
v[912] = 0
v[913] = 0
v[914] = 0
v[915] = 0
v[916] = 0
v[917] = 0
v[918] = -43313.5
v[919] = 0
v[920] = -43370.5
v[921] = 0
v[922] = 0
v[923] = 0
v[924] = 0
v[925] = 0
v[926] = 0
v[927] = 0
v[928] = 0
v[929] = 8.18545e-12
v[930] = 0
v[931] = -42.7465
v[932] = 0
v[933] = 0
v[934] = 0
v[935] = 0
v[936] = 0
v[937] = 0
v[938] = 0
v[939] = 0
v[940] = 0
v[941] = 0
v[942] = 0
v[943] = -5.82077e-11
v[944] = 0
v[945] = 0
v[946] = 0
v[947] = 0
v[948] = -11657.4
v[949] = -5039.29
v[950] = 0
v[951] = 0
v[952] = 0
v[953] = -3232.68
v[954] = 0
v[955] = 0
v[956] = -1336.2
v[957] = 0
v[958] = 0
v[959] = 0
v[960] = 0
v[961] = 0
v[962] = 0
v[963] = -0
v[964] = 0
v[965] = -4855.4
v[966] = 0
v[967] = -170.79
v[968] = -2612.8
v[969] = 0
v[970] = 0
v[971] = 0
v[972] = 0
v[973] = 0
v[974] = 0
v[975] = 0
v[976] = 0
v[977] = 0
v[978] = 0
v[979] = 0
v[980] = -33741.8
v[981] = 0
v[982] = 0
v[983] = 0
v[984] = 1.45519e-11
v[985] = 0
v[986] = 0
v[987] = 0
v[988] = 0
v[989] = 0
v[990] = 0
v[991] = 0
v[992] = 0
v[993] = -6.36646e-12
v[994] = 0
v[995] = 0
v[996] = 0
v[997] = 0
v[998] = 0
v[999] = 0
v[1000] = 0
v[1001] = 0
v[1002] = 0
v[1003] = 0
v[1004] = -3692.2
v[1005] = 0
v[1006] = 0
v[1007] = 0
v[1008] = -5603.01
v[1009] = 0
v[1010] = 0
v[1011] = 0
v[1012] = 0
v[1013] = 0
v[1014] = 0
v[1015] = 0
v[1016] = 0
v[1017] = 0
v[1018] = 0
v[1019] = 0
v[1020] = 0
v[1021] = 0
v[1022] = 0
v[1023] = 0
v[1024] = 0
v[1025] = 0
v[1026] = 0
v[1027] = 0
v[1028] = 0
v[1029] = 0
v[1030] = -4583.75
v[1031] = 0
v[1032] = -4603.78
v[1033] = 0
v[1034] = 0
v[1035] = 0
v[1036] = 0
v[1037] = 0
v[1038] = 0
v[1039] = 0
v[1040] = 0
v[1041] = 0
v[1042] = 0
v[1043] = -5.82077e-11
v[1044] = 0
v[1045] = 0
v[1046] = 0
v[1047] = 0
v[1048] = 0
v[1049] = 0
v[1050] = 0
v[1051] = 0
v[1052] = 0
v[1053] = 0
v[1054] = 0
v[1055] = 0
v[1056] = 0
v[1057] = 0
v[1058] = 0
v[1059] = 0
v[1060] = -1.6221e+07
v[1061] = 0
v[1062] = 0
v[1063] = 0
v[1064] = 0
v[1065] = 0
v[1066] = 0
v[1067] = 0
v[1068] = 0
v[1069] = 0
v[1070] = 0
v[1071] = -21794.3
v[1072] = 0
v[1073] = 0
v[1074] = 0
v[1075] = 0
v[1076] = 0
v[1077] = 0
v[1078] = 0
v[1079] = 0
v[1080] = -30346.3
v[1081] = 0
v[1082] = 0
v[1083] = 0
v[1084] = 0
v[1085] = 0
v[1086] = 0
v[1087] = 0
v[1088] = 0
v[1089] = 0
v[1090] = 0
v[1091] = 0
v[1092] = 0
v[1093] = 0
v[1094] = 0
v[1095] = -342.082
v[1096] = -8.9365e+06
v[1097] = 0
v[1098] = 0
v[1099] = 0
v[1100] = 0
v[1101] = 0
v[1102] = 0
v[1103] = 0
v[1104] = -0
v[1105] = 0
v[1106] = 0
v[1107] = -0
v[1108] = 0
v[1109] = 0
v[1110] = 0
v[1111] = 0
v[1112] = 0
v[1113] = -2.91038e-11
v[1114] = 0
v[1115] = 0
v[1116] = -1168.61
v[1117] = 0
v[1118] = -14.2488
v[1119] = 0
v[1120] = 0
v[1121] = 0
v[1122] = 0
v[1123] = 0
v[1124] = 0
v[1125] = 0
v[1126] = 0
v[1127] = 0
v[1128] = 0
v[1129] = 5.82077e-11
v[1130] = 0
v[1131] = 0
v[1132] = 0
v[1133] = 0
v[1134] = 0
v[1135] = 0
v[1136] = 0
v[1137] = 0
v[1138] = 0
v[1139] = 0
v[1140] = 0
v[1141] = 0
v[1142] = 0
v[1143] = -5.82077e-11
v[1144] = 0
v[1145] = 0
v[1146] = 0
v[1147] = 0
v[1148] = 0
v[1149] = 0
v[1150] = 0
v[1151] = 0
v[1152] = -3474.54
v[1153] = 0
v[1154] = 0
v[1155] = 0
v[1156] = 0
v[1157] = 0
v[1158] = -5175.53
v[1159] = 0
v[1160] = -341.579
v[1161] = -5201.06
v[1162] = 0
v[1163] = 0
v[1164] = 0
v[1165] = 0
v[1166] = 0
v[1167] = 0
v[1168] = 0
v[1169] = 0
v[1170] = 0
v[1171] = 0
v[1172] = -343.661
v[1173] = 0
v[1174] = -14.2488
v[1175] = 0
v[1176] = 0
v[1177] = 0
v[1178] = 0
v[1179] = 0
v[1180] = 0
v[1181] = 0
v[1182] = 0
v[1183] = 0
v[1184] = 0
v[1185] = 0
v[1186] = 0
v[1187] = 0
v[1188] = 0
v[1189] = 0
v[1190] = 0
v[1191] = 0
v[1192] = 0
v[1193] = 0
v[1194] = 0
v[1195] = 0
v[1196] = 0
v[1197] = 0
v[1198] = 0
v[1199] = 0
v[1200] = 0
v[1201] = -8.73115e-11
v[1202] = 0
v[1203] = 0
v[1204] = 0
v[1205] = 0
v[1206] = 0
v[1207] = 0
v[1208] = 0
v[1209] = 0
v[1210] = -5492.02
v[1211] = 0
v[1212] = 0
v[1213] = 0
v[1214] = 0
v[1215] = 0
v[1216] = 0
v[1217] = 0
v[1218] = 0
v[1219] = 0
v[1220] = -16983.1
v[1221] = 0
v[1222] = 0
v[1223] = -7.27596e-12
v[1224] = 0
v[1225] = 0
v[1226] = 0
v[1227] = 0
v[1228] = 0
v[1229] = 0
v[1230] = 0
v[1231] = 0
v[1232] = -344.249
v[1233] = 0
v[1234] = 0
v[1235] = 0
v[1236] = 0
v[1237] = 0
v[1238] = 0
v[1239] = 0
v[1240] = 0
v[1241] = 0
v[1242] = 0
v[1243] = 0
v[1244] = 0
v[1245] = 0
v[1246] = 0
v[1247] = 0
v[1248] = 0
v[1249] = 0
v[1250] = 0
v[1251] = -1379.18
v[1252] = -2572.25
v[1253] = 0
v[1254] = 0
v[1255] = 0
v[1256] = 0
v[1257] = 0
v[1258] = 0
v[1259] = 0
v[1260] = 0
v[1261] = 0
v[1262] = -3581.32
v[1263] = 0
v[1264] = 0
v[1265] = 0
v[1266] = 0
v[1267] = 0
v[1268] = 0
v[1269] = 0
v[1270] = 0
v[1271] = 0
v[1272] = 2.91038e-11
v[1273] = 0
v[1274] = 0
v[1275] = 0
v[1276] = 0
v[1277] = 0
v[1278] = 0
v[1279] = -4976.47
v[1280] = 0
v[1281] = -328.442
v[1282] = -5009.51
v[1283] = 0
v[1284] = 0
v[1285] = 0
v[1286] = 7.27596e-12
v[1287] = 0
v[1288] = 0
v[1289] = 0
v[1290] = 0
v[1291] = 0
v[1292] = 0
v[1293] = 0
v[1294] = 0
v[1295] = 0
v[1296] = 0
v[1297] = -14.2488
v[1298] = 0
v[1299] = 0
v[1300] = 3.63798e-12
v[1301] = -1.14724e+07
v[1302] = 0
v[1303] = 0
v[1304] = 0
v[1305] = 0
v[1306] = 0
v[1307] = 0
v[1308] = -8.73115e-11
v[1309] = 0
v[1310] = 0
v[1311] = 0
v[1312] = 0
v[1313] = 0
v[1314] = 0
v[1315] = 0
v[1316] = 0
v[1317] = 0
v[1318] = 0
v[1319] = 0
v[1320] = 0
v[1321] = 0
v[1322] = 0
v[1323] = 0
v[1324] = 0
v[1325] = 0
v[1326] = 0
v[1327] = 0
v[1328] = -3.63798e-12
v[1329] = -1.47856e+07
v[1330] = 0
v[1331] = 0
v[1332] = 0
v[1333] = 0
v[1334] = 0
v[1335] = 0
v[1336] = -0
v[1337] = -5374.58
v[1338] = 0
v[1339] = -354.717
v[1340] = -5392.61
v[1341] = 0
v[1342] = -29197.6
v[1343] = 0
v[1344] = -28895.9
v[1345] = 0
v[1346] = 0
v[1347] = 0
v[1348] = 0
v[1349] = 0
v[1350] = 0
v[1351] = 0
v[1352] = -28.4977
v[1353] = 0
v[1354] = 0
v[1355] = 0
v[1356] = 0
v[1357] = 0
v[1358] = 0
v[1359] = 0
v[1360] = 0
v[1361] = 0
v[1362] = 0
v[1363] = 0
v[1364] = 0
v[1365] = 0
v[1366] = 0
v[1367] = 0
v[1368] = 0
v[1369] = -41949.3
v[1370] = 0
v[1371] = -14.2488
v[1372] = 0
v[1373] = 0
v[1374] = 0
v[1375] = 0
v[1376] = 0
v[1377] = 0
v[1378] = 0
v[1379] = 0
v[1380] = 0
v[1381] = 0
v[1382] = 0
v[1383] = 0
v[1384] = 0
v[1385] = 0
v[1386] = 0
v[1387] = -0
v[1388] = 0
v[1389] = 0
v[1390] = -28.4977
v[1391] = 0
v[1392] = 0
v[1393] = 0
v[1394] = 0
v[1395] = 0
v[1396] = 0
v[1397] = 0
v[1398] = -7.27596e-12
v[1399] = 0
v[1400] = 0
v[1401] = 0
v[1402] = 0
v[1403] = 0
v[1404] = 0
v[1405] = 0
v[1406] = 0
v[1407] = 0
v[1408] = 0
v[1409] = 0
v[1410] = 0
v[1411] = -5772.7
v[1412] = 0
v[1413] = -380.992
v[1414] = -5800.24
v[1415] = 0
v[1416] = 0
v[1417] = 0
v[1418] = 0
v[1419] = 0
v[1420] = 0
v[1421] = 0
v[1422] = 0
v[1423] = 0
v[1424] = 0
v[1425] = -13752.8
v[1426] = 0
v[1427] = 3.72893e-11
v[1428] = 0
v[1429] = 0
v[1430] = 0
v[1431] = 0
v[1432] = 0
v[1433] = -3739.88
v[1434] = 0
v[1435] = 0
v[1436] = 0
v[1437] = 0
v[1438] = 0
v[1439] = 0
v[1440] = -3461.95
v[1441] = -7478.86
v[1442] = 0
v[1443] = 0
v[1444] = 0
v[1445] = 0
v[1446] = 0
v[1447] = 0
v[1448] = 0
v[1449] = 0
v[1450] = 0
v[1451] = 0
v[1452] = 0
v[1453] = 0
v[1454] = 0
v[1455] = 0
v[1456] = 0
v[1457] = -4613.43
v[1458] = -1.19153e+07
v[1459] = 0
v[1460] = 0
v[1461] = 0
v[1462] = 0
v[1463] = 0
v[1464] = 0
v[1465] = -4976.47
v[1466] = 0
v[1467] = -328.442
v[1468] = -5009.51
v[1469] = 0
v[1470] = 0
v[1471] = 0
v[1472] = 0
v[1473] = 0
v[1474] = 0
v[1475] = 0
v[1476] = 0
v[1477] = -4889.34
v[1478] = -4918.88
v[1479] = 0
v[1480] = 0
v[1481] = 0
v[1482] = 0
v[1483] = 0
v[1484] = 0
v[1485] = 0
v[1486] = 0
v[1487] = 0
v[1488] = -342.082
v[1489] = 0
v[1490] = 0
v[1491] = 0
v[1492] = 0
v[1493] = 0
v[1494] = 0
v[1495] = 0
v[1496] = 0
v[1497] = 0
v[1498] = 0
v[1499] = -26776.2
v[1500] = 0
v[1501] = 0
v[1502] = -4476.79
v[1503] = 0
v[1504] = -4002.7
v[1505] = 0
v[1506] = -6.61587e+06
v[1507] = 0
v[1508] = -9.04414e+06
v[1509] = 0
v[1510] = 0
v[1511] = 0
v[1512] = 0
v[1513] = -3857.1
v[1514] = -9.92944e+06
v[1515] = 0
v[1516] = 0
v[1517] = 0
v[1518] = 0
v[1519] = 4.54747e-12
v[1520] = -8.05124e+06
v[1521] = 0
v[1522] = -5116.36
v[1523] = 0
v[1524] = 0
v[1525] = 0
v[1526] = 0
v[1527] = 0
v[1528] = 0
v[1529] = 0
v[1530] = -1361.34
v[1531] = -0
v[1532] = 0
v[1533] = -11550.7
v[1534] = 0
v[1535] = 0
v[1536] = 0
v[1537] = 0
v[1538] = 0
v[1539] = 0
v[1540] = 0
v[1541] = -1763.93
v[1542] = -0
v[1543] = 0
v[1544] = 0
v[1545] = 0
v[1546] = 0
v[1547] = 0
v[1548] = 0
v[1549] = 0
v[1550] = 0
v[1551] = 0
v[1552] = 0
v[1553] = -1.0922e+07
v[1554] = 0
v[1555] = 0
v[1556] = 0
v[1557] = 0
v[1558] = 0
v[1559] = -5806.09
v[1560] = -5815.1
v[1561] = 0
v[1562] = 0
v[1563] = -346.819
v[1564] = -42.7465
v[1565] = 0
v[1566] = 0
v[1567] = -7.60912e+06
v[1568] = 0
v[1569] = -6568.94
v[1570] = -6590.97
v[1571] = 0
v[1572] = 0
v[1573] = -57425.8
v[1574] = -1.00945e+07
v[1575] = 0
v[1576] = 0
v[1577] = 0
v[1578] = 0
v[1579] = 0
v[1580] = 0
v[1581] = 0
v[1582] = 0
v[1583] = 0
v[1584] = -2.91038e-11
v[1585] = 0
v[1586] = 0
v[1587] = 0
v[1588] = 0
v[1589] = 0
v[1590] = 0
v[1591] = 0
v[1592] = -5.82077e-11
v[1593] = 0
v[1594] = 0
v[1595] = 0
v[1596] = 0
v[1597] = 0
v[1598] = 0
v[1599] = -3362.46
v[1600] = 0
v[1601] = -30346.3
v[1602] = 0
v[1603] = 0
v[1604] = -752.19
v[1605] = 0
v[1606] = -1866.32
v[1607] = -768.713
v[1608] = 0
v[1609] = 0
v[1610] = 0
v[1611] = 0
v[1612] = 0
v[1613] = 0
v[1614] = 0
v[1615] = 0
v[1616] = 0
v[1617] = -2.91038e-11
v[1618] = 0
v[1619] = 0
v[1620] = -6.61587e+06
v[1621] = 0
v[1622] = 0
v[1623] = 0
v[1624] = 0
v[1625] = 0
v[1626] = 0
v[1627] = -4513.26
v[1628] = -4421.47
v[1629] = 0
v[1630] = 0
v[1631] = 0
v[1632] = 0
v[1633] = 0
v[1634] = 0
v[1635] = 0
v[1636] = -325.124
v[1637] = 0
v[1638] = 0
v[1639] = 0
v[1640] = -5034.61
v[1641] = 0
v[1642] = 0
v[1643] = -1456.34
v[1644] = -4621.37
v[1645] = 0
v[1646] = 0
v[1647] = 0
v[1648] = 0
v[1649] = 0
v[1650] = 0
v[1651] = -7.60877e+06
v[1652] = 0
v[1653] = -1562.25
v[1654] = -1182.16
v[1655] = 0
v[1656] = 0
v[1657] = 0
v[1658] = 0
v[1659] = 0
v[1660] = -2689.97
v[1661] = 0
v[1662] = 0
v[1663] = 0
v[1664] = 0
v[1665] = 0
v[1666] = -7166.11
v[1667] = 0
v[1668] = -7190.15
v[1669] = 0
v[1670] = 0
v[1671] = 1.12053e-08
v[1672] = 4.3201e-10
v[1673] = 0
v[1674] = 4.3201e-10
v[1675] = 1.01007e-09
v[1676] = 0
v[1677] = 0
v[1678] = -0
v[1679] = -5.23869e-10
v[1680] = 0
v[1681] = 0
v[1682] = 0
v[1683] = 0
v[1684] = 0
v[1685] = 0
v[1686] = -2.16005e-10
v[1687] = 7.07709e-10
v[1688] = 0
v[1689] = 0
v[1690] = 0
v[1691] = 0
v[1692] = 0
v[1693] = 0
v[1694] = 0
v[1695] = 2.70006e-10
v[1696] = 0
v[1697] = 0
v[1698] = 0
v[1699] = 0
v[1700] = 0
v[1701] = 0
v[1702] = 0
v[1703] = 0
v[1704] = 0
v[1705] = 0
v[1706] = 0
v[1707] = -2.32831e-10
v[1708] = 3.49246e-10
v[1709] = 0
v[1710] = -1.99179e-10
v[1711] = 0
v[1712] = 0
v[1713] = 0
v[1714] = 0
v[1715] = 0
v[1716] = 0
v[1717] = 0
v[1718] = 0
v[1719] = 0
v[1720] = -1.68257e-11
v[1721] = -3.18655e-10
v[1722] = 0
v[1723] = 0
v[1724] = 2.32831e-10
v[1725] = 0
v[1726] = 0
v[1727] = 0
v[1728] = -484449
v[1729] = -1.15184e-09
v[1730] = -484449
v[1731] = 0
v[1732] = 0
v[1733] = 0
v[1734] = 0
v[1735] = 0
v[1736] = 0
v[1737] = 0
v[1738] = 0
v[1739] = 0
v[1740] = 0
v[1741] = 0
v[1742] = 0
v[1743] = 0
v[1744] = 0
v[1745] = 0
v[1746] = 0
v[1747] = 0
v[1748] = 0
v[1749] = 1138.56
v[1750] = 97629.9
v[1751] = 30789.2
v[1752] = 0
v[1753] = 0
v[1754] = 23762.6
v[1755] = 2.32831e-10
v[1756] = -4.07454e-10
v[1757] = 12185.1
v[1758] = 276794
v[1759] = 5843.72
v[1760] = 1.74623e-10
v[1761] = 104259
v[1762] = 5.82077e-11
v[1763] = -2.47383e-10
v[1764] = -14997.6
v[1765] = 0
v[1766] = 0
v[1767] = 0
v[1768] = 0
v[1769] = -6151.26
v[1770] = 0
v[1771] = 0
v[1772] = 0
v[1773] = -1.80661e-10
v[1774] = 0
v[1775] = 0
v[1776] = 0
v[1777] = 0
v[1778] = 0
v[1779] = 0
v[1780] = 0
v[1781] = 2648.72
v[1782] = 1.54614e-11
v[1783] = 0
v[1784] = 2972.44
v[1785] = 1272.46
v[1786] = 0
v[1787] = 2.00089e-11
v[1788] = 3096
v[1789] = 2742.62
v[1790] = 11858.7
v[1791] = 390.02
v[1792] = 5.45697e-12
v[1793] = 2709.55
v[1794] = 0
v[1795] = 5277.1
v[1796] = -6.82121e-11
v[1797] = 945.725
v[1798] = 1583.36
v[1799] = 0
v[1800] = 2696.32
v[1801] = 2780.43
v[1802] = 12967.7
v[1803] = 1957.78
v[1804] = 945.725
v[1805] = 1862.79
v[1806] = 0
v[1807] = 3720.78
v[1808] = 0
v[1809] = 839.904
v[1810] = 1258.29
v[1811] = 0
v[1812] = 2000.26
v[1813] = 1910.04
v[1814] = 8847.84
v[1815] = 1507.9
v[1816] = 833.199
v[1817] = 21063.4
v[1818] = 20074
v[1819] = 0
v[1820] = 20314.7
v[1821] = 21063.4
v[1822] = 0
v[1823] = 20074
v[1824] = 17442.2
v[1825] = 3428.28
v[1826] = 23193
v[1827] = 21063.4
v[1828] = 21063.4
v[1829] = 0
v[1830] = 407.787
v[1831] = 4454.39
v[1832] = 3493.47
v[1833] = 0
v[1834] = 1887.43
v[1835] = 407.787
v[1836] = 3408.18
v[1837] = 3272.85
v[1838] = 13271.8
v[1839] = 0
v[1840] = 7.27596e-12
v[1841] = 2521.85
v[1842] = 0
v[1843] = 5048.49
v[1844] = 0
v[1845] = 2521.85
v[1846] = 2319.71
v[1847] = 1792.81
v[1848] = 3543.04
v[1849] = 2563.2
v[1850] = 5745.72
v[1851] = 0
v[1852] = 1543.47
v[1853] = -1.09139e-11
v[1854] = 11244.9
v[1855] = 15427.3
v[1856] = 11561.7
v[1857] = 12546.8
v[1858] = 13211
v[1859] = 11244.9
v[1860] = 8757.58
v[1861] = 14229.3
v[1862] = 0
v[1863] = 0
v[1864] = 2756.19
v[1865] = 0
v[1866] = -3.72438e-10
v[1867] = 2296.76
v[1868] = -4.27463e-10
v[1869] = 0
v[1870] = -3.91083e-10
v[1871] = 0
v[1872] = 0
v[1873] = 8.13811
v[1874] = 9346.46
v[1875] = -3.64707e-10
v[1876] = -3.53793e-10
v[1877] = 0
v[1878] = -9.9044e-10
v[1879] = 4420.53
v[1880] = -1.04728e-09
v[1881] = 0
v[1882] = 906.32
v[1883] = 0
v[1884] = 0
v[1885] = 906.32
v[1886] = 9370.86
v[1887] = 906.32
v[1888] = 906.32
v[1889] = 0
v[1890] = 0
v[1891] = 4420.53
v[1892] = -5.63887e-11
v[1893] = 0
v[1894] = 1418
v[1895] = 2.72848e-12
v[1896] = 2875.38
v[1897] = 2745.68
v[1898] = 12328
v[1899] = 1776.81
v[1900] = 906.32
v[1901] = 0
v[1902] = 271.858
v[1903] = 2969.59
v[1904] = 2328.98
v[1905] = 0
v[1906] = 1258.29
v[1907] = 271.858
v[1908] = 2272.12
v[1909] = 2181.9
v[1910] = 8847.84
v[1911] = 1507.9
v[1912] = 0
v[1913] = 3554.78
v[1914] = 1459.15
v[1915] = 5480.45
v[1916] = 1416.4
v[1917] = 2231.91
v[1918] = 1897.39
v[1919] = 0
v[1920] = 553.908
v[1921] = 3607.94
v[1922] = 8257.43
v[1923] = 0
v[1924] = 923.697
v[1925] = 0
v[1926] = 0
v[1927] = 4804.92
v[1928] = -6.27551e-11
v[1929] = 0
v[1930] = 985.131
v[1931] = 3.18323e-12
v[1932] = 0
v[1933] = 985.131
v[1934] = 3787.18
v[1935] = 985.131
v[1936] = 985.131
v[1937] = 0
v[1938] = 0
v[1939] = 2392.54
v[1940] = 0
v[1941] = 1.68257e-11
v[1942] = -8.18545e-12
v[1943] = 1.81899e-12
v[1944] = 1385.89
v[1945] = 56.1098
v[1946] = 8294.75
v[1947] = 4.54747e-12
v[1948] = -1.81899e-11
v[1949] = 4045.44
v[1950] = 2562.03
v[1951] = 0
v[1952] = 4233.44
v[1953] = 3244.45
v[1954] = 0
v[1955] = 2562.03
v[1956] = 4187.24
v[1957] = 4113.94
v[1958] = 6166.51
v[1959] = 202.81
v[1960] = 2341.14
v[1961] = 0
v[1962] = -1.81899e-12
v[1963] = 3667
v[1964] = 2770.32
v[1965] = 944.495
v[1966] = 1539.37
v[1967] = 5.45697e-12
v[1968] = 2685.04
v[1969] = 2549.7
v[1970] = 12923.7
v[1971] = 1913.78
v[1972] = 0
v[1973] = 0
v[1974] = 0
v[1975] = 4914.92
v[1976] = 0
v[1977] = 944.494
v[1978] = 1528.99
v[1979] = 4.54747e-12
v[1980] = 2549.21
v[1981] = 2626.3
v[1982] = 11964.6
v[1983] = 1872.21
v[1984] = 1145.65
v[1985] = 0
v[1986] = 0
v[1987] = 3789.95
v[1988] = 1597.6
v[1989] = 0
v[1990] = 557.931
v[1991] = -1.81899e-11
v[1992] = 1531.77
v[1993] = 1605.36
v[1994] = 10519.2
v[1995] = 885.548
v[1996] = -1.54614e-11
v[1997] = 0
v[1998] = 0
v[1999] = 3023.14
v[2000] = 0
v[2001] = 682.422
v[2002] = 1022.36
v[2003] = 4.54747e-12
v[2004] = 1625.21
v[2005] = 1551.91
v[2006] = 7188.87
v[2007] = 1225.17
v[2008] = 676.974
v[2009] = 0
v[2010] = 441.769
v[2011] = 4825.59
v[2012] = 3784.59
v[2013] = 0
v[2014] = 2044.72
v[2015] = 441.769
v[2016] = 3692.2
v[2017] = 14377.7
v[2018] = 0
v[2019] = -2.45564e-11
v[2020] = -1.50103e-08
v[2021] = 0
v[2022] = -1.66765e-08
v[2023] = 0
v[2024] = -1.61308e-08
v[2025] = -1.55851e-08
v[2026] = -1.66037e-08
v[2027] = 0
v[2028] = -1.63418e-08
v[2029] = -1.63272e-08
v[2030] = 0
v[2031] = -1.67347e-08
v[2032] = 3579.87
v[2033] = 1627.42
v[2034] = 0
v[2035] = 3813.1
v[2036] = 2519.81
v[2037] = 0
v[2038] = 1627.42
v[2039] = 3752.7
v[2040] = 3656.83
v[2041] = 8063.9
v[2042] = 265.213
v[2043] = 1338.57
v[2044] = 3.74469e-12
v[2045] = -6.51805e-12
v[2046] = 0
v[2047] = 0
v[2048] = 1.07698e-11
v[2049] = 0
v[2050] = 1.54614e-11
v[2051] = 0
v[2052] = 0
v[2053] = 6556.82
v[2054] = 3.63798e-12
v[2055] = -1.36424e-12
v[2056] = 0
v[2057] = 0
v[2058] = 997.189
v[2059] = -5.68434e-11
v[2060] = 0
v[2061] = -3.31966e-11
v[2062] = -1.09139e-11
v[2063] = 0
v[2064] = -2.50111e-11
v[2065] = -4.00178e-11
v[2066] = -5.45697e-12
v[2067] = -4.45652e-11
v[2068] = 0
v[2069] = 0
v[2070] = 4150.9
v[2071] = 0
v[2072] = 0
v[2073] = 611.068
v[2074] = 3.63798e-12
v[2075] = 1677.66
v[2076] = 1758.26
v[2077] = 11521
v[2078] = 969.886
v[2079] = -1.81899e-11
v[2080] = 1249.8
v[2081] = 0
v[2082] = 5581.17
v[2083] = 3075.62
v[2084] = 0
v[2085] = 1887.43
v[2086] = 0
v[2087] = 3000.4
v[2088] = 2865.06
v[2089] = 13271.8
v[2090] = 2261.85
v[2091] = 1249.8
v[2092] = 3696.26
v[2093] = 1861.07
v[2094] = 0
v[2095] = 3918.19
v[2096] = 2700.97
v[2097] = 0
v[2098] = 1861.07
v[2099] = 3861.33
v[2100] = 3771.11
v[2101] = 7589.55
v[2102] = 249.613
v[2103] = 1589.21
v[2104] = 2997.9
v[2105] = 459.148
v[2106] = 0
v[2107] = 3287.69
v[2108] = 1614.02
v[2109] = 0
v[2110] = 459.148
v[2111] = 3209.51
v[2112] = 3085.45
v[2113] = 10435.6
v[2114] = 343.217
v[2115] = 85.3437
v[2116] = 0
v[2117] = 0
v[2118] = 3023.14
v[2119] = 0
v[2120] = 903.307
v[2121] = 1022.36
v[2122] = 220.885
v[2123] = 1846.1
v[2124] = 1772.79
v[2125] = 7188.87
v[2126] = 1225.17
v[2127] = 676.974
v[2128] = 1093.94
v[2129] = 0
v[2130] = 4162
v[2131] = 0
v[2132] = 1093.94
v[2133] = 848.478
v[2134] = 208.665
v[2135] = 2333.95
v[2136] = 1144.14
v[2137] = 8515.55
v[2138] = 716.872
v[2139] = 0
v[2140] = 3.74469e-12
v[2141] = -6.51805e-12
v[2142] = 0
v[2143] = -3.56831e-11
v[2144] = 1.07698e-11
v[2145] = 0
v[2146] = 1.54614e-11
v[2147] = 0
v[2148] = 0
v[2149] = 6556.82
v[2150] = -1.36424e-12
v[2151] = 3753.18
v[2152] = 1541.11
v[2153] = 4936.97
v[2154] = 1512.62
v[2155] = 2356.81
v[2156] = 1986.98
v[2157] = 0
v[2158] = 584.68
v[2159] = 3809.29
v[2160] = 8716.17
v[2161] = 0
v[2162] = 1988.25
v[2163] = 474.737
v[2164] = 3379.01
v[2165] = 446.239
v[2166] = 1032.85
v[2167] = 791.246
v[2168] = 0
v[2169] = 1947.14
v[2170] = 2026.64
v[2171] = 5963.7
v[2172] = 0
v[2173] = 90.3977
v[2174] = 3696.26
v[2175] = 1861.07
v[2176] = 0
v[2177] = 3918.19
v[2178] = 2700.97
v[2179] = 0
v[2180] = 1861.07
v[2181] = 3861.33
v[2182] = 3771.11
v[2183] = 7589.55
v[2184] = 249.613
v[2185] = 1589.21
v[2186] = 0
v[2187] = 0
v[2188] = 3953.33
v[2189] = 0
v[2190] = 892.398
v[2191] = 1336.93
v[2192] = 8.18545e-12
v[2193] = 2125.28
v[2194] = 2029.42
v[2195] = 9400.83
v[2196] = 1602.15
v[2197] = 885.274
v[2198] = 1.33449e-11
v[2199] = 1.27329e-11
v[2200] = 0
v[2201] = -4.66275e-11
v[2202] = 2.17768e-12
v[2203] = 0
v[2204] = 1.18234e-11
v[2205] = 0
v[2206] = 0
v[2207] = 8099.6
v[2208] = 2.13731e-11
v[2209] = -2.27374e-12
v[2210] = 0
v[2211] = 0
v[2212] = 3789.95
v[2213] = 1597.6
v[2214] = 0
v[2215] = 557.931
v[2216] = -1.81899e-11
v[2217] = 1531.77
v[2218] = 1605.36
v[2219] = 10519.2
v[2220] = 885.548
v[2221] = -1.54614e-11
v[2222] = 0
v[2223] = -7.27596e-11
v[2224] = -2.91038e-10
v[2225] = 5.09317e-11
v[2226] = 0
v[2227] = 2.83762e-10
v[2228] = -3.63798e-11
v[2229] = 0
v[2230] = 1.96451e-10
v[2231] = 2.47383e-10
v[2232] = 0
v[2233] = 5.45697e-10
v[2234] = 1.1383e-11
v[2235] = -1.21266e-12
v[2236] = 0
v[2237] = -6.52721e-11
v[2238] = -2.29965e-11
v[2239] = 0
v[2240] = -7.27596e-12
v[2241] = 0
v[2242] = 0
v[2243] = 8485.3
v[2244] = -1.81899e-11
v[2245] = -1.81899e-12
v[2246] = 0
v[2247] = 0
v[2248] = 3789.95
v[2249] = 1597.6
v[2250] = 0
v[2251] = 557.931
v[2252] = -1.81899e-11
v[2253] = 1531.77
v[2254] = 1605.36
v[2255] = 10519.2
v[2256] = 885.548
v[2257] = -1.54614e-11
v[2258] = 0
v[2259] = 1.68257e-11
v[2260] = 747.093
v[2261] = 0
v[2262] = 427.448
v[2263] = 0
v[2264] = 1.95541e-11
v[2265] = 444.927
v[2266] = 4.54747e-13
v[2267] = 9618.09
v[2268] = 2.36469e-11
v[2269] = 4.09273e-12
v[2270] = 0
v[2271] = 0
v[2272] = 2505.55
v[2273] = -6.23004e-11
v[2274] = 0
v[2275] = -9.09495e-12
v[2276] = 6.36646e-12
v[2277] = 0
v[2278] = 8.87794
v[2279] = 10196.1
v[2280] = 7.7307e-12
v[2281] = 3.63798e-12
v[2282] = 3579.87
v[2283] = 1627.42
v[2284] = 0
v[2285] = 3813.1
v[2286] = 2519.81
v[2287] = 0
v[2288] = 1627.42
v[2289] = 3752.7
v[2290] = 3656.83
v[2291] = 8063.9
v[2292] = 265.213
v[2293] = 1338.57
v[2294] = 0
v[2295] = 0
v[2296] = 2526.64
v[2297] = 1065.06
v[2298] = 0
v[2299] = 371.954
v[2300] = 2.63753e-11
v[2301] = 1021.18
v[2302] = 1070.24
v[2303] = 7012.81
v[2304] = 590.365
v[2305] = 1.45519e-11
v[2306] = 0
v[2307] = 0
v[2308] = 4380.15
v[2309] = 0
v[2310] = 0
v[2311] = 1541.3
v[2312] = 3.63798e-12
v[2313] = 3125.41
v[2314] = 2984.44
v[2315] = 13400
v[2316] = 1931.32
v[2317] = 560.353
v[2318] = 0
v[2319] = 0
v[2320] = 2887.58
v[2321] = 1217.22
v[2322] = 0
v[2323] = 425.091
v[2324] = -4.54747e-12
v[2325] = 1167.07
v[2326] = 1223.13
v[2327] = 8014.64
v[2328] = 674.703
v[2329] = -2.27374e-11
v[2330] = 2.36469e-11
v[2331] = 5772.33
v[2332] = 8616.34
v[2333] = 5987.72
v[2334] = 6657.61
v[2335] = 7109.27
v[2336] = 5772.33
v[2337] = 4080.95
v[2338] = 7801.75
v[2339] = 0
v[2340] = 7374.48
v[2341] = 0
v[2342] = 3058.04
v[2343] = 729.555
v[2344] = 5197.67
v[2345] = 715.307
v[2346] = 1588.19
v[2347] = 1216.49
v[2348] = 0
v[2349] = 615.453
v[2350] = 3117.1
v[2351] = 9174.92
v[2352] = 0
v[2353] = 167.858
v[2354] = 0
v[2355] = 0
v[2356] = 3720.78
v[2357] = 0
v[2358] = 839.904
v[2359] = 1258.29
v[2360] = 4.54747e-12
v[2361] = 2000.26
v[2362] = 1910.04
v[2363] = 8847.84
v[2364] = 1507.9
v[2365] = 833.199
v[2366] = 1.66465e-11
v[2367] = 1.65225e-11
v[2368] = 0
v[2369] = -3.11357e-11
v[2370] = -1.41126e-11
v[2371] = 0
v[2372] = -3.63798e-12
v[2373] = 0
v[2374] = 0
v[2375] = 7328.21
v[2376] = 0
v[2377] = 0
v[2378] = 0
v[2379] = 3709.39
v[2380] = 2828.54
v[2381] = 0
v[2382] = 1356.34
v[2383] = 1.81899e-12
v[2384] = 2750.36
v[2385] = 2626.3
v[2386] = 11792
v[2387] = 1699.56
v[2388] = -4.54747e-12
v[2389] = 3062.25
v[2390] = 0
v[2391] = 5202.95
v[2392] = 0
v[2393] = 3062.25
v[2394] = 2816.79
v[2395] = 2176.98
v[2396] = 4302.26
v[2397] = 2816.79
v[2398] = 6976.94
v[2399] = 0
v[2400] = 1874.21
v[2401] = 781.124
v[2402] = 0
v[2403] = 3488.23
v[2404] = 0
v[2405] = 787.41
v[2406] = 1179.65
v[2407] = 0
v[2408] = 1875.25
v[2409] = 1790.66
v[2410] = 8294.85
v[2411] = 1413.66
v[2412] = 781.124
v[2413] = -1.94761e-12
v[2414] = 5.30539e-12
v[2415] = 0
v[2416] = -3.38945e-11
v[2417] = 0
v[2418] = -9.09495e-13
v[2419] = -9.09495e-12
v[2420] = -1.65895e-12
v[2421] = 544.643
v[2422] = 6.61638e-12
v[2423] = 0
v[2424] = 0
v[2425] = 332.388
v[2426] = 1459.65
v[2427] = 332.388
v[2428] = 0
v[2429] = 332.388
v[2430] = 332.388
v[2431] = 0
v[2432] = 332.388
v[2433] = 332.388
v[2434] = 332.388
v[2435] = 332.388
v[2436] = 3.07199e-12
v[2437] = 1.06108e-12
v[2438] = 0
v[2439] = 0
v[2440] = -4.07554e-12
v[2441] = 0
v[2442] = 8.18545e-12
v[2443] = 0
v[2444] = 0
v[2445] = 5014.04
v[2446] = 1.36424e-12
v[2447] = 355.62
v[2448] = 11730.1
v[2449] = 15536.9
v[2450] = 11926.1
v[2451] = 12927.8
v[2452] = 12205.1
v[2453] = 11730.1
v[2454] = 14605.5
v[2455] = 12205.1
v[2456] = 0
v[2457] = 9977.24
v[2458] = 0
v[2459] = 3.91083e-11
v[2460] = 1.00044e-11
v[2461] = 0
v[2462] = 3077.52
v[2463] = 1251.7
v[2464] = 0
v[2465] = 2.81943e-11
v[2466] = 2992.24
v[2467] = 2856.9
v[2468] = 11384.3
v[2469] = 374.419
v[2470] = 3.63798e-12
v[2471] = 0
v[2472] = 424.778
v[2473] = 4639.99
v[2474] = 3639.03
v[2475] = -8.36735e-11
v[2476] = 1966.08
v[2477] = 424.778
v[2478] = 3550.19
v[2479] = 3409.21
v[2480] = 13824.7
v[2481] = 0
v[2482] = -1.54614e-11
v[2483] = 0
v[2484] = 92.3898
v[2485] = 5089.51
v[2486] = 92.3898
v[2487] = 0
v[2488] = 1116.93
v[2489] = 92.3898
v[2490] = 0
v[2491] = 1116.93
v[2492] = 10685.5
v[2493] = 1116.93
v[2494] = 1116.93
v[2495] = 17950.8
v[2496] = 16180.2
v[2497] = 21807.7
v[2498] = 16505.4
v[2499] = 17950.8
v[2500] = 16882.4
v[2501] = 16180.2
v[2502] = 20430.8
v[2503] = 25359.6
v[2504] = 0
v[2505] = 12268.9
v[2506] = 5.13865e-11
v[2507] = 2.36469e-11
v[2508] = 0
v[2509] = -6.27551e-11
v[2510] = 2.50111e-11
v[2511] = 0
v[2512] = 2.22826e-11
v[2513] = 0
v[2514] = 5.91172e-12
v[2515] = 12454.7
v[2516] = 22366.8
v[2517] = 30145.9
v[2518] = 22825
v[2519] = 24814.3
v[2520] = 23337.5
v[2521] = 22366.8
v[2522] = 28242.6
v[2523] = 23337.5
v[2524] = 0
v[2525] = 0
v[2526] = 16959.9
v[2527] = 0
v[2528] = -1.81899e-12
v[2529] = 3423.42
v[2530] = -4.72937e-11
v[2531] = -9.09495e-12
v[2532] = 3282.37
v[2533] = 7235.59
v[2534] = -15051.5
v[2535] = -3.63798e-12
v[2536] = 5588.37
v[2537] = 0
v[2538] = 11162.3
v[2539] = -1.10958e-10
v[2540] = 2519.71
v[2541] = 5616.68
v[2542] = 0
v[2543] = 0
v[2544] = 5730.12
v[2545] = 26543.5
v[2546] = 4523.71
v[2547] = 6.09361e-11
v[2548] = 2.72848e-11
v[2549] = 0
v[2550] = -9.54969e-11
v[2551] = -1.81899e-11
v[2552] = -1.81899e-12
v[2553] = -3.63798e-12
v[2554] = 16584.9
v[2555] = 7.7307e-11
v[2556] = 0
v[2557] = 3.09228e-11
v[2558] = 3.27418e-11
v[2559] = 1474.11
v[2560] = -6.36646e-11
v[2561] = -5.45697e-12
v[2562] = 1.27329e-11
v[2563] = 1.09139e-11
v[2564] = 0
v[2565] = 3.81988e-11
v[2566] = 0
v[2567] = 0
v[2568] = 0
v[2569] = 3271.27
v[2570] = -4.72937e-11
v[2571] = -3.63798e-12
v[2572] = 3136.49
v[2573] = 6914.01
v[2574] = -25158.5
v[2575] = -2.72848e-11
v[2576] = 3143.46
v[2577] = 0
v[2578] = 6031.95
v[2579] = -5.09317e-11
v[2580] = 1406.02
v[2581] = 1781.28
v[2582] = 0
v[2583] = 0
v[2584] = 3223.19
v[2585] = 14588.6
v[2586] = 2202.5
v[2587] = 3376.3
v[2588] = 7.27596e-12
v[2589] = 6743.92
v[2590] = 3728.53
v[2591] = 1522.33
v[2592] = 0
v[2593] = 0
v[2594] = 3625.48
v[2595] = 0
v[2596] = 15469.3
v[2597] = 15469.3
v[2598] = 0
v[2599] = 16090.1
v[2600] = 18021
v[2601] = 0
v[2602] = 0
v[2603] = 42565.8
v[2604] = 20087.2
v[2605] = 0
v[2606] = 5341.27
v[2607] = 0
v[2608] = 12369.7
v[2609] = 0
v[2610] = 5341.27
v[2611] = 6563.4
v[2612] = 5341.27
v[2613] = 5736.51
v[2614] = 28383.4
v[2615] = 7281.04
v[2616] = 5.36602e-11
v[2617] = 3.45608e-11
v[2618] = -4.63842e-11
v[2619] = 0
v[2620] = 6.27551e-11
v[2621] = 3.42337
v[2622] = 0
v[2623] = -20138.5
v[2624] = 1.81899e-11
v[2625] = 12719.7
v[2626] = 38572.1
v[2627] = 45203.5
v[2628] = 19706.6
v[2629] = 20331
v[2630] = 38628.5
v[2631] = 38572.1
v[2632] = 44572.8
v[2633] = 38861.9
v[2634] = 0
v[2635] = 0
v[2636] = 14220.2
v[2637] = 7051.48
v[2638] = 7051.48
v[2639] = 12237.6
v[2640] = 7444.24
v[2641] = 8665.8
v[2642] = 9489.41
v[2643] = 0
v[2644] = 9973.04
v[2645] = 0
v[2646] = 3.87183e-11
v[2647] = 2.66785e-11
v[2648] = 0
v[2649] = -4.93864e-11
v[2650] = -1.24892e-11
v[2651] = 0
v[2652] = 2.54659e-11
v[2653] = 0
v[2654] = 0
v[2655] = 9.09495e-13
v[2656] = 17950.8
v[2657] = 16180.2
v[2658] = 16505.4
v[2659] = 17950.8
v[2660] = 16180.2
v[2661] = 20430.8
v[2662] = 25359.6
v[2663] = 0
v[2664] = 12268.9
v[2665] = 3027.03
v[2666] = 0
v[2667] = 5808.54
v[2668] = 0
v[2669] = 1116.22
v[2670] = 1701.06
v[2671] = 0
v[2672] = 3012.7
v[2673] = 3103.81
v[2674] = 14034.1
v[2675] = 2106.68
v[2676] = 1010.29
v[2677] = 2239.53
v[2678] = 2.00089e-11
v[2679] = 0
v[2680] = 4195.09
v[2681] = 2239.53
v[2682] = -3.63798e-12
v[2683] = 3.63798e-12
v[2684] = 1792.31
v[2685] = 20871.3
v[2686] = 686.435
v[2687] = 0
v[2688] = 13199.1
v[2689] = 11897.2
v[2690] = 16035
v[2691] = 12136.3
v[2692] = 13199.1
v[2693] = 12413.5
v[2694] = 11897.2
v[2695] = 15022.6
v[2696] = 12413.5
v[2697] = 0
v[2698] = 0
v[2699] = 9021.25
v[2700] = 11145.9
v[2701] = 11145.9
v[2702] = 19343.3
v[2703] = 11766.7
v[2704] = 13697.6
v[2705] = 14999.4
v[2706] = 0
v[2707] = 15763.8
v[2708] = 0
v[2709] = -2.72848e-11
v[2710] = 2.00089e-11
v[2711] = 0
v[2712] = -1.19144e-10
v[2713] = -7.27596e-12
v[2714] = -3.63798e-12
v[2715] = -1.36424e-11
v[2716] = 9.09495e-13
v[2717] = 1112.97
v[2718] = -4.00178e-11
v[2719] = 0
v[2720] = 2392.23
v[2721] = 7.27596e-12
v[2722] = 0
v[2723] = 4481.12
v[2724] = 2392.23
v[2725] = 0
v[2726] = -7.27596e-12
v[2727] = 228.552
v[2728] = 22294.3
v[2729] = 733.237
v[2730] = 7.27596e-12
v[2731] = 4191.27
v[2732] = 0
v[2733] = 8042.6
v[2734] = 0
v[2735] = 1545.54
v[2736] = 2822.87
v[2737] = 1545.54
v[2738] = 4156.35
v[2739] = 19563.4
v[2740] = 3048.53
v[2741] = 1545.54
v[2742] = 0
v[2743] = -3.63798e-12
v[2744] = 2966.96
v[2745] = -6.36646e-11
v[2746] = -5.45697e-12
v[2747] = 2844.72
v[2748] = 5347.6
v[2749] = -23741.4
v[2750] = 1.09139e-11
v[2751] = 0
v[2752] = -1.81899e-12
v[2753] = 0
v[2754] = 0
v[2755] = 0
v[2756] = 4375.58
v[2757] = 19354.6
v[2758] = 0
v[2759] = 1381.07
v[2760] = 1.18234e-11
v[2761] = 5991.79
v[2762] = 275.776
v[2763] = 1381.07
v[2764] = 20.0287
v[2765] = 0
v[2766] = 169.173
v[2767] = 0
v[2768] = 9.09495e-13
v[2769] = 9507.37
v[2770] = 9507.37
v[2771] = 14191.6
v[2772] = 9862.12
v[2773] = 10965.5
v[2774] = 11709.4
v[2775] = 0
v[2776] = 12146.2
v[2777] = 0
v[2778] = 5.6647e-12
v[2779] = 1.78867e-11
v[2780] = 0
v[2781] = -4.07462e-11
v[2782] = -1.96022e-11
v[2783] = 0
v[2784] = 5.45697e-12
v[2785] = 0
v[2786] = 0
v[2787] = 3.63798e-12
v[2788] = 1730.55
v[2789] = 5.45697e-12
v[2790] = 0
v[2791] = 3241.66
v[2792] = 1730.55
v[2793] = 0
v[2794] = -6.36646e-12
v[2795] = 1714.14
v[2796] = 16127.8
v[2797] = 4.54747e-12
v[2798] = 4074.85
v[2799] = 0
v[2800] = 8139.21
v[2801] = 0
v[2802] = 1837.29
v[2803] = 2752.51
v[2804] = 0
v[2805] = 0
v[2806] = 4178.21
v[2807] = 19354.6
v[2808] = 3298.54
v[2809] = 1910.81
v[2810] = 2352.58
v[2811] = 6736.4
v[2812] = 5695.4
v[2813] = 0
v[2814] = 3955.53
v[2815] = 2352.58
v[2816] = 5603.01
v[2817] = 16288.5
v[2818] = 0
v[2819] = 1910.81
v[2820] = 28268.4
v[2821] = 26081.2
v[2822] = 26482.9
v[2823] = 28268.4
v[2824] = 26081.2
v[2825] = 31331.9
v[2826] = 31326.6
v[2827] = 0
v[2828] = 25333.2
v[2829] = 5122.67
v[2830] = 0
v[2831] = 10232.2
v[2832] = -1.00044e-10
v[2833] = 2309.74
v[2834] = 4685.41
v[2835] = 0
v[2836] = 0
v[2837] = 5252.61
v[2838] = 24331.6
v[2839] = 4146.73
v[2840] = 2.26593e-11
v[2841] = 5.45697e-12
v[2842] = 0
v[2843] = -5.57528e-11
v[2844] = 0
v[2845] = 0
v[2846] = 1.63709e-11
v[2847] = 0
v[2848] = 0
v[2849] = 27558.3
v[2850] = 0
v[2851] = 32600.4
v[2852] = 0
v[2853] = 27558.3
v[2854] = 28435.1
v[2855] = 27558.3
v[2856] = 29951.6
v[2857] = 29779.3
v[2858] = 44088.5
v[2859] = 28949.9
v[2860] = 2262.8
v[2861] = 0
v[2862] = 10203.7
v[2863] = 0
v[2864] = 2262.8
v[2865] = 4656.91
v[2866] = 2262.8
v[2867] = 5472.23
v[2868] = 24303.1
v[2869] = 4118.23
v[2870] = 2262.8
v[2871] = -1.81899e-11
v[2872] = 9.09495e-12
v[2873] = 2037.73
v[2874] = -1.12777e-10
v[2875] = -3.81988e-11
v[2876] = 1.81899e-12
v[2877] = 1.63709e-11
v[2878] = 0
v[2879] = 7.27596e-12
v[2880] = 0
v[2881] = 5341.27
v[2882] = 0
v[2883] = 10683
v[2884] = 0
v[2885] = 5341.27
v[2886] = 5341.27
v[2887] = 5341.27
v[2888] = 5736.51
v[2889] = 5477.11
v[2890] = 25423.3
v[2891] = 5341.27
v[2892] = 5341.27
v[2893] = 12902.9
v[2894] = 12902.9
v[2895] = 19260.1
v[2896] = 13384.3
v[2897] = 14881.7
v[2898] = 15891.3
v[2899] = 0
v[2900] = 16484.1
v[2901] = 0
v[2902] = 4744.9
v[2903] = 0
v[2904] = 0
v[2905] = 2106.57
v[2906] = 2106.57
v[2907] = 5097.18
v[2908] = 22644.1
v[2909] = 3835.5
v[2910] = 1832.34
v[2911] = 3.72893e-11
v[2912] = 0
v[2913] = 3432.35
v[2914] = 1832.34
v[2915] = 0
v[2916] = 4.54747e-11
v[2917] = 1485.59
v[2918] = 17076.5
v[2919] = 561.628
v[2920] = 1.81899e-12
v[2921] = -7.47246e-12
v[2922] = 1.94026e-11
v[2923] = 0
v[2924] = -5.57832e-11
v[2925] = 0
v[2926] = 0
v[2927] = 2.72848e-11
v[2928] = 0
v[2929] = 0
v[2930] = 1.36424e-12
v[2931] = 7.9126e-11
v[2932] = 2.45564e-11
v[2933] = 0
v[2934] = -6.27551e-11
v[2935] = 3.72893e-11
v[2936] = 0
v[2937] = 0
v[2938] = -3.63798e-12
v[2939] = 18899.1
v[2940] = 8.91305e-11
v[2941] = 0
v[2942] = 3143.46
v[2943] = 0
v[2944] = 6278.82
v[2945] = 0
v[2946] = 1417.34
v[2947] = 2123.36
v[2948] = 1417.34
v[2949] = 0
v[2950] = 3223.19
v[2951] = 14930.7
v[2952] = 2544.58
v[2953] = 9.47912e+06
v[2954] = 9.48398e+06
v[2955] = 9.47949e+06
v[2956] = 9.4814e+06
v[2957] = 0
v[2958] = 0
v[2959] = 0
v[2960] = 14783
v[2961] = 13324.9
v[2962] = 13592.6
v[2963] = 14783
v[2964] = 13324.9
v[2965] = 16825.4
v[2966] = 20884.4
v[2967] = 0
v[2968] = 10103.8
v[2969] = 4297.59
v[2970] = 4297.59
v[2971] = 9798.09
v[2972] = 0
v[2973] = 4297.59
v[2974] = 4297.59
v[2975] = 0
v[2976] = 0
v[2977] = 4297.59
v[2978] = 5.6647e-12
v[2979] = 1.78867e-11
v[2980] = 0
v[2981] = -4.07462e-11
v[2982] = -1.96022e-11
v[2983] = 0
v[2984] = 5.45697e-12
v[2985] = 0
v[2986] = 0
v[2987] = 3.63798e-12
v[2988] = 12671.1
v[2989] = 11421.3
v[2990] = 11650.8
v[2991] = 12671.1
v[2992] = 2689.97
v[2993] = 0
v[2994] = 8660.4
v[2995] = 0
v[2996] = 0
v[2997] = 0
v[2998] = 9.09495e-13
v[2999] = 2794.18
v[3000] = -8.18545e-12
v[3001] = 3085.68
v[3002] = 1030.36
v[3003] = -9.09495e-13
v[3004] = 3000.4
v[3005] = 13271.8
v[3006] = 0
v[3007] = 3143.46
v[3008] = 0
v[3009] = -6.36646e-11
v[3010] = 1159.15
v[3011] = 0
v[3012] = 3033.36
v[3013] = 14588.6
v[3014] = 2202.5
v[3015] = 6.36646e-12
v[3016] = 1300.68
v[3017] = 8.18545e-12
v[3018] = 2.00089e-11
v[3019] = 0
v[3020] = 1.36424e-11
v[3021] = 0
v[3022] = 0
v[3023] = -1.68257e-11
v[3024] = 0
v[3025] = 4.36557e-11
v[3026] = 0
v[3027] = 0
v[3028] = 0
v[3029] = 3492.73
v[3030] = 0
v[3031] = -7.27596e-11
v[3032] = 1562.25
v[3033] = 0
v[3034] = 0
v[3035] = 2447.23
v[3036] = 2910.61
v[3037] = 0
v[3038] = 3214.25
v[3039] = 1312.35
v[3040] = 0
v[3041] = 0
v[3042] = 0
v[3043] = 3143.46
v[3044] = 2.72848e-12
v[3045] = 6278.82
v[3046] = 3471.39
v[3047] = 1417.34
v[3048] = 2123.36
v[3049] = 0
v[3050] = 0
v[3051] = 0
v[3052] = 0
v[3053] = 1.36424e-11
v[3054] = 0
v[3055] = 4074.85
v[3056] = 3.03165e-12
v[3057] = 8139.21
v[3058] = 4499.95
v[3059] = 1837.29
v[3060] = 2752.51
v[3061] = 0
v[3062] = 0
v[3063] = 0
v[3064] = 12143.2
v[3065] = 10945.4
v[3066] = 11141.5
v[3067] = 12143.2
v[3068] = 17155
v[3069] = 0
v[3070] = 4242.81
v[3071] = 4242.81
v[3072] = 4242.81
v[3073] = 4242.81
v[3074] = 0
v[3075] = 0
v[3076] = 11615.2
v[3077] = 10469.6
v[3078] = 10679.9
v[3079] = 11615.2
v[3080] = 0
v[3081] = 0
v[3082] = 0
v[3083] = 0
v[3084] = 9.09495e-13
v[3085] = 2794.18
v[3086] = 0
v[3087] = 0
v[3088] = 1030.36
v[3089] = 0
v[3090] = 0
v[3091] = 1915.03
v[3092] = 0
v[3093] = 0
v[3094] = 0
v[3095] = 0
v[3096] = 1.97106e-08
v[3097] = 0
v[3098] = 0
v[3099] = 14783
v[3100] = 13324.9
v[3101] = 13592.6
v[3102] = 14783
v[3103] = 20884.4
v[3104] = 0
v[3105] = 16366.9
v[3106] = 14752.6
v[3107] = 15049
v[3108] = 16366.9
v[3109] = 0
v[3110] = 0
v[3111] = 11186.3
v[3112] = 15838.9
v[3113] = 14276.7
v[3114] = 15838.9
v[3115] = 22376.1
v[3116] = 0
v[3117] = 17950.8
v[3118] = 17950.8
v[3119] = 0
v[3120] = 0
v[3121] = 12268.9
v[3122] = 8560.84
v[3123] = 7154.82
v[3124] = 7401.69
v[3125] = 0
v[3126] = 0
v[3127] = 0
v[3128] = 9651.33
v[3129] = 0
v[3130] = 0
v[3131] = 6612.98
v[3132] = 4757.09
v[3133] = 0
v[3134] = 0
v[3135] = 0
v[3136] = 0
v[3137] = 17950.8
v[3138] = 16180.2
v[3139] = 16505.4
v[3140] = 17950.8
v[3141] = 16180.2
v[3142] = 20430.8
v[3143] = 25359.6
v[3144] = 0
v[3145] = 8149.18
v[3146] = 9398.97
v[3147] = 0
v[3148] = 10411
v[3149] = 0
v[3150] = 0
v[3151] = 1406.02
v[3152] = 0
v[3153] = 3952.83
v[3154] = 258.186
v[3155] = 1406.02
v[3156] = 163.061
v[3157] = 0
v[3158] = 0
v[3159] = 163.061
v[3160] = 11615.2
v[3161] = 10469.6
v[3162] = 10679.9
v[3163] = 11615.2
v[3164] = 16409.2
v[3165] = 0
v[3166] = 3944.18
v[3167] = 0
v[3168] = 0
v[3169] = 1459.67
v[3170] = 1459.67
v[3171] = 0
v[3172] = 18476.5
v[3173] = 2879.17
v[3174] = 0
v[3175] = 0
v[3176] = 0
v[3177] = -4.54747e-13
v[3178] = 4105.98
v[3179] = 2856.18
v[3180] = 3085.68
v[3181] = 4105.98
v[3182] = 0
v[3183] = 0
v[3184] = 2204.78
v[3185] = 0
v[3186] = 0
v[3187] = 0
v[3188] = 1.36424e-11
v[3189] = 2188.25
v[3190] = 15027.4
v[3191] = 1265.07
v[3192] = 0
v[3193] = 3.81988e-11
v[3194] = 5.00222e-11
v[3195] = 0
v[3196] = -2.81943e-11
v[3197] = -3.18323e-11
v[3198] = 0
v[3199] = 6.45741e-11
v[3200] = 0
v[3201] = 9.09495e-13
v[3202] = -5.02337e-12
v[3203] = -5.02337e-12
v[3204] = -5.02337e-12
v[3205] = 0
v[3206] = -5.02337e-12
v[3207] = -5.02337e-12
v[3208] = 3.21436e-12
v[3209] = 2.57792e-10
v[3210] = 0
v[3211] = 0
v[3212] = 0
v[3213] = 8.62033e-12
v[3214] = 0
v[3215] = -8.59281e-12
v[3216] = -8.59281e-12
v[3217] = -8.59281e-12
v[3218] = 0
v[3219] = -8.59281e-12
v[3220] = 1282.4
v[3221] = 0
v[3222] = 1282.4
v[3223] = 0
v[3224] = 1282.4
v[3225] = 1282.4
v[3226] = 9.41882e-12
v[3227] = 0
v[3228] = 6.27921e-12
v[3229] = 0
v[3230] = 5.02337e-12
v[3231] = 6.27921e-12
v[3232] = 2.65864e-12
v[3233] = -1.19859e-12
v[3234] = -1.19859e-12
v[3235] = -1.19859e-12
v[3236] = 0
v[3237] = -1.19859e-12
v[3238] = -1.65067e-10
v[3239] = -1.79057e-10
v[3240] = -1.79057e-10
v[3241] = -1.79057e-10
v[3242] = -1.79057e-10
v[3243] = 0
v[3244] = 0
v[3245] = 0
v[3246] = 0
v[3247] = 0
v[3248] = 0
v[3249] = 0
v[3250] = 736.056
v[3251] = 736.056
v[3252] = 0
v[3253] = 0
v[3254] = 0
v[3255] = -7.03226e-12
v[3256] = -7.03226e-12
v[3257] = -7.03226e-12
v[3258] = -7.03226e-12
v[3259] = 0
v[3260] = 0
v[3261] = 0
v[3262] = 0
v[3263] = 0
v[3264] = 0
v[3265] = 0
v[3266] = 0
v[3267] = 0
v[3268] = 0
v[3269] = 0
v[3270] = 0
v[3271] = 0
v[3272] = 0
v[3273] = 0
v[3274] = 0
v[3275] = 0
v[3276] = 0
v[3277] = 0
v[3278] = 0
v[3279] = 0
v[3280] = 0
v[3281] = 0
v[3282] = 0
v[3283] = 0
v[3284] = 0
v[3285] = 0
v[3286] = 0
v[3287] = 0
v[3288] = 0
v[3289] = 0
v[3290] = 0
v[3291] = 0
v[3292] = 0
v[3293] = 0
v[3294] = 0
v[3295] = 0
v[3296] = 0
v[3297] = 0
v[3298] = 0
v[3299] = 0
v[3300] = 0
v[3301] = 0
v[3302] = 0
v[3303] = 0
v[3304] = 0
v[3305] = 0
v[3306] = 0
v[3307] = 0
v[3308] = 0
v[3309] = 0
v[3310] = 0
v[3311] = 0
v[3312] = 0
v[3313] = 0
v[3314] = 0
v[3315] = 0
v[3316] = 0
v[3317] = 0
v[3318] = 0
v[3319] = 0
v[3320] = 0
v[3321] = 0
v[3322] = 0
v[3323] = 0
v[3324] = 0
v[3325] = 0
v[3326] = 0
v[3327] = 0
v[3328] = 0
v[3329] = 0
v[3330] = 0
v[3331] = 0
v[3332] = 0
v[3333] = 0
v[3334] = 5.96856e-13
v[3335] = 0
v[3336] = 0
v[3337] = 0
v[3338] = 0
v[3339] = 0
v[3340] = 0
v[3341] = -1.16415e-10
v[3342] = 8.01442e-13
v[3343] = 0
v[3344] = 0
v[3345] = 3.97904e-13
v[3346] = 0
v[3347] = 0
v[3348] = 1.15676e-11
v[3349] = 0
v[3350] = 1.14539e-11
v[3351] = 1.14539e-11
v[3352] = 1.17097e-11
v[3353] = -1.74623e-10
v[3354] = 1.16784e-11
v[3355] = 0
v[3356] = 0
v[3357] = 0
v[3358] = 0
v[3359] = 0
v[3360] = 0
v[3361] = 0
v[3362] = 0
v[3363] = -1.0796e-10
v[3364] = 0
v[3365] = 2.84217e-14
v[3366] = 0
v[3367] = 0
v[3368] = 2.55795e-13
v[3369] = -1.13687e-13
v[3370] = 0
v[3371] = 0
v[3372] = -3.41061e-13
v[3373] = 0
v[3374] = 0
v[3375] = 0
v[3376] = 0
v[3377] = 0
v[3378] = 1.13687e-13
v[3379] = 3.12639e-13
v[3380] = 0
v[3381] = 0
v[3382] = 0
v[3383] = 0
v[3384] = 5.68434e-14
v[3385] = 3.41061e-13
v[3386] = 359123
v[3387] = 0
v[3388] = 4.80242e-13
v[3389] = -3.66072e-14
v[3390] = 2.84217e-13
v[3391] = 0
v[3392] = 0
v[3393] = 0
v[3394] = 2.17168e-12
v[3395] = 6.65326e-13
v[3396] = 0
v[3397] = 0
v[3398] = -4.86731e-11
v[3399] = 1.12007e-12
messed up a farkas cofficient
setting all farkas coefficients to 0
messed up a farkas cofficient
setting all farkas coefficients to 0
messed up a farkas cofficient
setting all farkas coefficients to 0
1275: cut: 1.68366e+07	calc: 1.68366e+07	diff: 1.19209e-07
*** WARNING (version #43016fc): src/PdcUtility.cpp:298: Number of differences between true and calculated cuts: 1. Total difference: 1.19209e-07. Small enough difference that we will try to continue, but beware of numerical issues.
x:
x[0] = -2870.54
x[1] = -4147.48
x[2] = -2764.99
x[3] = -2181.61
x[4] = -5397.28
x[5] = 46473.5
x[6] = -12003.5
x[7] = -3801.86
x[8] = -5172.39
x[9] = -5172.39
x[10] = -3598.19
x[11] = -119.655
x[12] = -4320.29
x[13] = -2060.78
x[14] = -1492.68
x[15] = -5049.21
x[16] = -3801.86
x[17] = -3629.05
x[18] = -2246.55
x[19] = -5847.05
x[20] = -3283.42
x[21] = -1951.96
x[22] = -2907.51
x[23] = -3974.67
x[24] = -3974.67
x[25] = -4147.48
x[26] = -1837.14
x[27] = -2526.07
x[28] = -2246.55
x[29] = -1843.86
x[30] = -2907.51
x[31] = -125.399
x[32] = -665.509
x[33] = -1837.14
x[34] = -2937.8
x[35] = -3591.63
x[36] = -3629.05
x[37] = -3801.86
x[38] = -3762.66
x[39] = -3629.05
x[40] = -3933.69
x[41] = -4147.48
x[42] = -1951.96
x[43] = -2419.36
x[44] = -5622.17
x[45] = -2764.99
x[46] = -8162.37
x[47] = -1024.67
x[48] = -2764.99
x[49] = -3249.57
x[50] = -4947.51
x[51] = 42552.7
x[52] = -2592.18
x[53] = -3933.69
x[54] = -4493.1
x[55] = -2223.39
x[56] = -54.2224
x[57] = -3509.85
x[58] = -5622.17
x[59] = -5847.05
x[60] = 6930.41
x[61] = -5130.9
x[62] = 9580.27
x[63] = -7776.53
x[64] = -8294.96
x[65] = -7354.28
x[66] = 6493.5
x[67] = -7430.9
x[68] = -4665.92
x[69] = -5011.54
x[70] = -24949
x[71] = -10909.4
x[72] = 5156.6
x[73] = -21835.5
x[74] = -14884.3
x[75] = -4446.78
x[76] = 6930.41
x[77] = -4387.17
x[78] = -5052.14
x[79] = 5095.89
x[80] = -23526.8
x[81] = -8038.4
x[82] = -5396.61
x[83] = -6206.13
x[84] = -6739.66
x[85] = -7871.03
x[86] = -2222.61
x[87] = -13443.9
x[88] = -4275.75
x[89] = -3903.93
x[90] = -6048.41
x[91] = -5847.05
x[92] = 8561.1
x[93] = -7603.72
x[94] = -4617.81
x[95] = -60740.3
x[96] = -7603.72
x[97] = 8976.31
x[98] = -4989.27
x[99] = -18245.3
x[100] = -7085.28
x[101] = -4133.57
x[102] = -4959.87
x[103] = -8380.46
x[104] = -4654.6
x[105] = -9.48473e+06
x[106] = 5707.4
x[107] = -3342.22
x[108] = -4275.75
x[109] = 4892.05
x[110] = -5472.96
x[111] = -4147.48
x[112] = -4570.71
x[113] = 5729.56
x[114] = -3420.6
x[115] = -5212.22
x[116] = -4320.29
x[117] = -4665.92
x[118] = 5729.56
x[119] = -6048.41
x[120] = 4688.22
x[121] = -3178.45
x[122] = 4484.38
x[123] = -6499.13
x[124] = -4020.1
x[125] = -5643.98
x[126] = -5357.16
x[127] = 5707.4
x[128] = 6318.9
x[129] = 6115.07
x[130] = 6930.41
x[131] = 5033.49
x[132] = -14404.2
x[133] = -6394.03
x[134] = 6930.41
x[135] = -11523.3
x[136] = -668.664
x[137] = 4484.38
x[138] = -5861.35
x[139] = -115.796
x[140] = -4147.48
x[141] = -5184.35
x[142] = -6157.07
x[143] = -72.5496
x[144] = -124.624
x[145] = -54.1621
x[146] = -111.026
x[147] = -72.5496
x[148] = -208.256
x[149] = -498.618
x[150] = -196.763
x[151] = -103.972
x[152] = -352.468
x[153] = -407.028
x[154] = -156.846
x[155] = 4.27853e-13
x[156] = -5.3896e-13
x[157] = 3.41863e-12
x[158] = 0
x[159] = -0
x[160] = 2.0312e-11
x[161] = 0
x[162] = -334478
x[163] = -7.45755
x[164] = -0
x[165] = 0
x[166] = 4.59881e-12
x[167] = -2.97807e-11
x[168] = 1.28356e-11
x[169] = -1.5691e-10
x[170] = 9.64308e-12
x[171] = -1.61688e-11
x[172] = -1.03868e-10
x[173] = 1.02559e-10
x[174] = 2.29816e-10
x[175] = 1.32997e-10
x[176] = 1.7704e-11
x[177] = 2.78955e-10
x[178] = 6.09361e-10
x[179] = -69.7057
x[180] = -0
x[181] = -0
x[182] = -7.37428e-13
x[183] = 2.04338e-10
x[184] = 1.37964e-10
x[185] = 3.42302e-10
x[186] = 1.37964e-10
x[187] = 1.50635e-12
x[188] = -1.35818e-13
x[189] = 2.10321e-12
x[190] = 1.55766e-12
x[191] = -3.65415e-12
x[192] = -4.21951e-12
x[193] = 161.483
x[194] = 161.483
x[195] = 161.483
x[196] = 161.483
x[197] = 161.483
x[198] = 161.483
x[199] = 671.43
x[200] = -358962
x[201] = 161.483
x[202] = 161.483
x[203] = 161.483
x[204] = 161.483
x[205] = 1.36424e-12
x[206] = 1.62752e-14
x[207] = -5.64705e-13
x[208] = 1.62752e-14
x[209] = 7.11853e-12
x[210] = -4.26326e-13
x[211] = 7.14831e-13
x[212] = 4.59207e-12
x[213] = 5.12901e-12
x[214] = -4.53148e-13
x[215] = 8.46692e-12
x[216] = 8.46692e-12
x[217] = 5.18454e-12
x[218] = -0
x[219] = -0
x[220] = -6.01987e-12
x[221] = -0
x[222] = -0
x[223] = -5.16722e-12
x[224] = -5.16722e-12
x[225] = -5.96856e-12
x[226] = -5.16722e-12
x[227] = -1.95541e-11
x[228] = -9.27685e-12
x[229] = -9.27685e-12
x[230] = -3.1727e-11
x[231] = -9.27685e-12
x[232] = -5.60925e-12
x[233] = -6.37221e-12
x[234] = -6.92365e-12
x[235] = -6.49475e-12
x[236] = -359123
x[237] = -359123
x[238] = -1.25483e-10
x[239] = -0
x[240] = -0
x[241] = -0
x[242] = -0
x[243] = -0
x[244] = -0
x[245] = 6.73026e-14
x[246] = -2.50076e-12
x[247] = 1.54425e-13
x[248] = -1.15749e-11
x[249] = 5.93974e-13
x[250] = -2.04338e-10
x[251] = 1.54614e-11
x[252] = 0
x[253] = 8.04357e-09
x[254] = 0
x[255] = -4.90886e-09
x[256] = -8.813e-09
x[257] = 484449
x[258] = -3.41167e+08
x[259] = -0
x[260] = 0
x[261] = 484449
x[262] = 5.25506e-09
x[263] = -3621.5
x[264] = 3.63798e-12
x[265] = -22.2965
x[266] = -246.077
x[267] = -1.24328e-09
x[268] = -149.762
x[269] = 3.63798e-12
x[270] = -48892.9
x[271] = -49083.2
x[272] = -4863.59
x[273] = -9962.59
x[274] = -1528.67
x[275] = -1690.33
x[276] = -1690.33
x[277] = -1175.88
x[278] = -122.943
x[279] = -2990.96
x[280] = -1737.13
x[281] = -1222.64
x[282] = -1509.51
x[283] = -1883.18
x[284] = -6474.14
x[285] = -1528.67
x[286] = -126.515
x[287] = -1459.19
x[288] = -897.859
x[289] = -205.281
x[290] = -1910.81
x[291] = -76.689
x[292] = -2462.62
x[293] = -2176.43
x[294] = -965.443
x[295] = -1598.16
x[296] = 2.83762e-10
x[297] = -1598.16
x[298] = -116.722
x[299] = -1763.83
x[300] = -2317.76
x[301] = -3186.92
x[302] = -676.974
x[303] = -205.281
x[304] = -1093.94
x[305] = -1382.11
x[306] = -2176.43
x[307] = -965.443
x[308] = -113.149
x[309] = -3158.02
x[310] = -86.4172
x[311] = -1581.04
x[312] = -2317.76
x[313] = -1174.12
x[314] = -288.174
x[315] = -1380.64
x[316] = -1176.73
x[317] = -1459.19
x[318] = -1528.67
x[319] = -1192.37
x[320] = -1223.42
x[321] = -1459.19
x[322] = -1659.72
x[323] = -1667.64
x[324] = -2462.62
x[325] = -972.792
x[326] = -1837.32
x[327] = -1111.76
x[328] = -1433.04
x[329] = -3764.04
x[330] = -103.356
x[331] = -2431.57
x[332] = -1105.06
x[333] = -246.077
x[334] = -43871.2
x[335] = -1058.82
x[336] = -1616.84
x[337] = -45490.5
x[338] = -45778.6
x[339] = 7.27596e-12
x[340] = -246.727
x[341] = -7109.52
x[342] = -1806.61
x[343] = -2972.22
x[344] = -729.62
x[345] = -12572.2
x[346] = -116.722
x[347] = -49823.3
x[348] = -2722.51
x[349] = 4.36557e-11
x[350] = -1910.81
x[351] = -237.955
x[352] = -257.984
x[353] = -3265.8
x[354] = -22165
x[355] = -0
x[356] = -652.739
x[357] = -1.62186e+07
x[358] = -13291.7
x[359] = -22818.2
x[360] = -25.0835
x[361] = -8.93484e+06
x[362] = -598.931
x[363] = -598.931
x[364] = -7098.14
x[365] = -611.293
x[366] = -3389.3
x[367] = -1409.17
x[368] = -1434.71
x[369] = -105.933
x[370] = -130.088
x[371] = -6373.84
x[372] = -11789.9
x[373] = -5357.27
x[374] = -7689.56
x[375] = -6808.42
x[376] = -15.087
x[377] = -160.393
x[378] = -32.5157
x[379] = -2572.25
x[380] = -2961.74
x[381] = -6199.6
x[382] = -1354.97
x[383] = -1388.02
x[384] = -4925.24
x[385] = -490.204
x[386] = -1.14707e+07
x[387] = -1910.81
x[388] = -598.344
x[389] = -1.47835e+07
x[390] = -1463.37
x[391] = -1481.39
x[392] = -147.027
x[393] = -569.846
x[394] = -31542.9
x[395] = -2960.07
x[396] = -3571.36
x[397] = -8413.74
x[398] = 9.09495e-12
x[399] = -529.05
x[400] = -5214.96
x[401] = -1571.76
x[402] = -1599.3
x[403] = -4063.81
x[404] = -11.3153
x[405] = -378.481
x[406] = -2434.57
x[407] = -2863.01
x[408] = -5465.77
x[409] = -2912.44
x[410] = -7036.32
x[411] = -1.1916e+07
x[412] = -1354.97
x[413] = -1388.02
x[414] = -8628.34
x[415] = -253.819
x[416] = -283.361
x[417] = -219.441
x[418] = -95.2109
x[419] = -120.294
x[420] = -20133.7
x[421] = -1579.59
x[422] = -1105.51
x[423] = -6.61484e+06
x[424] = -9.04278e+06
x[425] = -3449.14
x[426] = -9.92757e+06
x[427] = -8.05002e+06
x[428] = -418.988
x[429] = -44.7164
x[430] = -557.626
x[431] = -4908.23
x[432] = -57.1912
x[433] = -722.848
x[434] = -2524.34
x[435] = -1.09229e+07
x[436] = -301.41
x[437] = -310.423
x[438] = -127.378
x[439] = -149.675
x[440] = -7.60773e+06
x[441] = -1788.56
x[442] = -1810.59
x[443] = -1.00355e+07
x[444] = -14619.5
x[445] = -16034.3
x[446] = -120.294
x[447] = -20909.5
x[448] = -3279.96
x[449] = -22818.2
x[450] = -1516.34
x[451] = -62.0525
x[452] = -1532.87
x[453] = -5313.94
x[454] = -6.61484e+06
x[455] = -3997.25
x[456] = -2588.84
x[457] = -14.2488
x[458] = -151.482
x[459] = -3065.76
x[460] = -1174.41
x[461] = -1884.56
x[462] = -7.6076e+06
x[463] = 9.09495e-13
x[464] = -27.8706
x[465] = -2623.97
x[466] = -1951.16
x[467] = -1975.19
x[468] = -0
x[469] = 4.87256e-09
x[470] = -4.8845e-09
x[471] = -3.11826e-09
x[472] = 4.90886e-09
x[473] = 4.90886e-09
x[474] = 7.83018e-10
x[475] = 6.0536e-09
x[476] = 5.99539e-09
x[477] = 5.96046e-08
x[478] = -484449
x[479] = -484449
x[480] = -4.17572e-10
x[481] = -4.613e-09
x[482] = -5.23869e-09
x[483] = 11210.1
x[484] = 22636.6
x[485] = 10989
x[486] = 18137.4
x[487] = 4215.88
x[488] = 13540.5
x[489] = 27756.4
x[490] = 18137.4
x[491] = 38178
x[492] = 284574
x[493] = 49190.8
x[494] = 25992.9
x[495] = 88117.1
x[496] = 39211.4
x[497] = -41937.8
x[498] = -29527.3
x[499] = -101757
x[500] = 1863.17
x[501] = 516.32
x[502] = 3148.79
x[503] = 486.908
x[504] = 516.32
x[505] = 4831.42
x[506] = 2742.62
x[507] = 7645.17
x[508] = 7966.43
x[509] = 1321.85
x[510] = 1763.83
x[511] = 1608.87
x[512] = 1391.77
x[513] = 304.073
x[514] = 4170.73
x[515] = 2588.83
x[516] = 8731.13
x[517] = 9039.54
x[518] = 2023.11
x[519] = 1029.59
x[520] = 1072.58
x[521] = 6.70534
x[522] = 927.845
x[523] = 2780.49
x[524] = 1579.59
x[525] = 5820.75
x[526] = 6026.36
x[527] = 1348.74
x[528] = 20466.4
x[529] = 20466.4
x[530] = 20448.7
x[531] = 20466.4
x[532] = 20466.4
x[533] = 18761.1
x[534] = 3428.28
x[535] = 19990.7
x[536] = 26821.5
x[537] = 22068
x[538] = 1657.59
x[539] = 1731.88
x[540] = 4416.9
x[541] = 2641.57
x[542] = 1657.59
x[543] = 5828.32
x[544] = 4026.98
x[545] = 9980.93
x[546] = 8027.48
x[547] = 2023.11
x[548] = 938.507
x[549] = 1.20508e-11
x[550] = 237.766
x[551] = -1.08321e-09
x[552] = 2432.93
x[553] = 481.254
x[554] = 1304.21
x[555] = 2160.84
x[556] = 201.758
x[557] = 7683.19
x[558] = 7727.74
x[559] = 7659.97
x[560] = 7683.19
x[561] = 9132.95
x[562] = 7683.19
x[563] = 6414.96
x[564] = 10151.3
x[565] = 3498.37
x[566] = 2819.32
x[567] = 1474.8
x[568] = 2520.15
x[569] = 2364.96
x[570] = 2819.32
x[571] = 3823.17
x[572] = 2373.1
x[573] = 8003.53
x[574] = 9032.2
x[575] = 3528.19
x[576] = 4545.63
x[577] = 5159.37
x[578] = 4232.86
x[579] = 4976.93
x[580] = 4545.63
x[581] = 5585.47
x[582] = 4976.93
x[583] = 9565.05
x[584] = 11947.2
x[585] = 6193.04
x[586] = 1588.52
x[587] = 2202.26
x[588] = 1275.75
x[589] = 2531.5
x[590] = 1588.52
x[591] = 5585.47
x[592] = 3859.19
x[593] = 9565.05
x[594] = 9860.61
x[595] = 3235.93
x[596] = 1105.06
x[597] = 1154.59
x[598] = 2944.6
x[599] = 1761.04
x[600] = 1105.06
x[601] = 3885.54
x[602] = 2684.65
x[603] = 6653.95
x[604] = 6859.56
x[605] = 1348.74
x[606] = 1322.87
x[607] = 164.581
x[608] = 1206.65
x[609] = 231.074
x[610] = 137.093
x[611] = 1941.62
x[612] = 3557.39
x[613] = 3788.7
x[614] = 209.113
x[615] = 10489.2
x[616] = 11156.3
x[617] = 10149.2
x[618] = 10958
x[619] = 10489.2
x[620] = 7928.7
x[621] = 10958
x[622] = 9546.56
x[623] = 18534.4
x[624] = 12279.9
x[625] = 237.222
x[626] = 3.86535e-11
x[627] = 597.02
x[628] = 989.424
x[629] = 3301.83
x[630] = 653.13
x[631] = 5689.51
x[632] = 6355.09
x[633] = 1601.63
x[634] = 3636.95
x[635] = 2830.52
x[636] = 4325.14
x[637] = 2835.96
x[638] = 2830.52
x[639] = 5089.66
x[640] = 4113.94
x[641] = 3975.49
x[642] = 4142.54
x[643] = 3028.51
x[644] = 1249.8
x[645] = 944.495
x[646] = 3693.75
x[647] = 944.495
x[648] = 2293.5
x[649] = 1249.8
x[650] = 5105.17
x[651] = 3303.83
x[652] = 9632.86
x[653] = 9941.27
x[654] = 201.154
x[655] = 1474.8
x[656] = 1275.79
x[657] = 201.154
x[658] = 3823.17
x[659] = 2373.1
x[660] = 8003.53
x[661] = 8286.24
x[662] = 2055.67
x[663] = 1093.57
x[664] = 1407.76
x[665] = 2405.6
x[666] = 1217.8
x[667] = 1093.57
x[668] = 3649.39
x[669] = 2265.23
x[670] = 7639.74
x[671] = 7909.59
x[672] = 1770.22
x[673] = 871.471
x[674] = 5.44809
x[675] = 753.874
x[676] = -1.00954e-09
x[677] = 2259.15
x[678] = 1283.42
x[679] = 4729.36
x[680] = 4896.42
x[681] = 1095.85
x[682] = 1795.72
x[683] = 1876.21
x[684] = 4784.97
x[685] = 2861.7
x[686] = 1795.72
x[687] = 6314.01
x[688] = 10812.7
x[689] = 8696.44
x[690] = 2191.7
x[691] = 49837.4
x[692] = 47682.1
x[693] = 49837.4
x[694] = 50434.4
x[695] = 50826.8
x[696] = 48124.2
x[697] = 50434.4
x[698] = 47232.1
x[699] = 56192.5
x[700] = 51439
x[701] = 3045.69
x[702] = 1978.51
x[703] = 3933.02
x[704] = 1985.64
x[705] = 1978.51
x[706] = 4932.78
x[707] = 3656.83
x[708] = 5198.71
x[709] = 5417.17
x[710] = 2237.43
x[711] = 1928.44
x[712] = 2813.72
x[713] = 2582.54
x[714] = 1928.44
x[715] = 2813.72
x[716] = 3419.36
x[717] = 6154.26
x[718] = 7614.57
x[719] = 3361.48
x[720] = 4351.44
x[721] = 1541.83
x[722] = 4038.66
x[723] = 3876.42
x[724] = 4351.44
x[725] = 3996.95
x[726] = 3876.42
x[727] = 10846.7
x[728] = 5092.52
x[729] = 1197.72
x[730] = 1541.83
x[731] = 1333.78
x[732] = 1197.72
x[733] = 3996.95
x[734] = 2480.96
x[735] = 8367.33
x[736] = 8662.89
x[737] = 1938.81
x[738] = 9.09495e-13
x[739] = 1608.87
x[740] = 2749.25
x[741] = 1391.77
x[742] = -1.86355e-09
x[743] = 4170.73
x[744] = 2369.39
x[745] = 8731.13
x[746] = 9039.54
x[747] = 2023.11
x[748] = 3193.5
x[749] = 2191.51
x[750] = 4031.05
x[751] = 2198.22
x[752] = 2191.51
x[753] = 4972
x[754] = 3771.11
x[755] = 4892.91
x[756] = 5098.51
x[757] = 2435.2
x[758] = 2306.61
x[759] = 913.51
x[760] = 3442.88
x[761] = 922.73
x[762] = 913.51
x[763] = 4736.68
x[764] = 3085.45
x[765] = 6727.75
x[766] = 7010.45
x[767] = 1248.57
x[768] = 871.471
x[769] = 226.333
x[770] = 753.874
x[771] = 220.885
x[772] = 2480.03
x[773] = 1504.3
x[774] = 4729.36
x[775] = 4896.42
x[776] = 1095.85
x[777] = 2.6389e-09
x[778] = 1139.62
x[779] = 2.64527e-09
x[780] = 288.716
x[781] = 2954.27
x[782] = 584.38
x[783] = 5090.61
x[784] = 5309.07
x[785] = 339.096
x[786] = 1928.44
x[787] = 2813.72
x[788] = 2582.54
x[789] = 1928.44
x[790] = 2813.72
x[791] = 3419.36
x[792] = 6154.26
x[793] = 3361.48
x[794] = 1396.36
x[795] = 173.724
x[796] = 424.838
x[797] = 227.184
x[798] = 143.806
x[799] = 2049.49
x[800] = 3754.12
x[801] = 3998.28
x[802] = 955.405
x[803] = 118.864
x[804] = 871.471
x[805] = 166.887
x[806] = 2225.2
x[807] = 1402.28
x[808] = 3148.32
x[809] = 3315.37
x[810] = 153.401
x[811] = 3193.5
x[812] = 2191.51
x[813] = 4031.05
x[814] = 2198.22
x[815] = 2191.51
x[816] = 4972
x[817] = 3771.11
x[818] = 4892.91
x[819] = 5098.51
x[820] = 2435.2
x[821] = 1139.62
x[822] = 7.12442
x[823] = 985.835
x[824] = -1.32241e-09
x[825] = 2954.27
x[826] = 1678.32
x[827] = 6184.55
x[828] = 6403
x[829] = 1433.04
x[830] = 2382.19
x[831] = 3475.77
x[832] = 3190.19
x[833] = 2382.19
x[834] = 3475.77
x[835] = 4223.92
x[836] = 7602.32
x[837] = 9406.24
x[838] = 4152.41
x[839] = 1093.57
x[840] = 1407.76
x[841] = 2405.6
x[842] = 1217.8
x[843] = 1093.57
x[844] = 3649.39
x[845] = 2265.23
x[846] = 7639.74
x[847] = 7909.59
x[848] = 1770.22
x[849] = 41662.2
x[850] = 38021
x[851] = 41363.1
x[852] = 41207.9
x[853] = 41662.2
x[854] = 38532.9
x[855] = 41207.9
x[856] = 37500
x[857] = 47875.1
x[858] = 42371.1
x[859] = 2495.63
x[860] = 3641.28
x[861] = 3342.11
x[862] = 2495.63
x[863] = 3641.28
x[864] = 4425.06
x[865] = 7964.33
x[866] = 9854.16
x[867] = 4350.15
x[868] = 1093.57
x[869] = 1407.76
x[870] = 2405.6
x[871] = 1217.8
x[872] = 1093.57
x[873] = 3649.39
x[874] = 2265.23
x[875] = 7639.74
x[876] = 7909.59
x[877] = 1770.22
x[878] = 3059.7
x[879] = 2172.7
x[880] = 2289.42
x[881] = 2584.68
x[882] = 3059.7
x[883] = 4626.2
x[884] = 2584.68
x[885] = 8326.35
x[886] = 9554.98
x[887] = 3800.79
x[888] = 3075.62
x[889] = 1608.87
x[890] = 2749.25
x[891] = 2579.95
x[892] = 3075.62
x[893] = 4170.73
x[894] = 2588.83
x[895] = 8731.13
x[896] = 9853.3
x[897] = 3848.93
x[898] = 3045.69
x[899] = 1978.51
x[900] = 3933.02
x[901] = 1985.64
x[902] = 1978.51
x[903] = 4932.78
x[904] = 3656.83
x[905] = 5198.71
x[906] = 5417.17
x[907] = 2237.43
x[908] = 729.049
x[909] = 938.507
x[910] = 1603.73
x[911] = 811.864
x[912] = 729.049
x[913] = 2432.93
x[914] = 1510.15
x[915] = 5093.16
x[916] = 5273.06
x[917] = 1180.15
x[918] = 1726.65
x[919] = 1968.98
x[920] = 961.905
x[921] = 2751.63
x[922] = 1726.65
x[923] = 6071.16
x[924] = 4194.77
x[925] = 10396.8
x[926] = 10718.1
x[927] = 3092.54
x[928] = 833.199
x[929] = 1072.58
x[930] = 1832.83
x[931] = 927.845
x[932] = 833.199
x[933] = 2780.49
x[934] = 1725.89
x[935] = 5820.75
x[936] = 6026.36
x[937] = 1348.74
x[938] = 5224.57
x[939] = 5254.86
x[940] = 5208.78
x[941] = 5224.57
x[942] = 6210.41
x[943] = 5224.57
x[944] = 4362.17
x[945] = 6902.89
x[946] = 11627.6
x[947] = 1469.85
x[948] = 182.868
x[949] = 1340.72
x[950] = 256.748
x[951] = 1044.04
x[952] = 2157.36
x[953] = 4844.37
x[954] = 5101.38
x[955] = 265.595
x[956] = 1072.58
x[957] = 6.70534
x[958] = 927.845
x[959] = -1.24419e-09
x[960] = 2780.49
x[961] = 1579.59
x[962] = 5820.75
x[963] = 6026.36
x[964] = 1348.74
x[965] = 2155.32
x[966] = 3144.74
x[967] = 2886.37
x[968] = 2155.32
x[969] = 3144.74
x[970] = 3821.64
x[971] = 6878.29
x[972] = 3756.95
x[973] = 1519.45
x[974] = 1587.56
x[975] = 4048.82
x[976] = 2421.43
x[977] = 1519.45
x[978] = 5342.62
x[979] = 3691.39
x[980] = 9149.18
x[981] = 9431.89
x[982] = 2228.32
x[983] = 212.251
x[984] = 8.86757e-12
x[985] = 288.716
x[986] = -1.31149e-09
x[987] = 2954.27
x[988] = 288.716
x[989] = 1583.69
x[990] = 2623.88
x[991] = 244.992
x[992] = 1005.54
x[993] = 6.28626
x[994] = 869.854
x[995] = -1.15779e-09
x[996] = 2606.71
x[997] = 1480.87
x[998] = 5456.96
x[999] = 5649.71
x[1000] = 1264.44
x[1001] = 2609.07
x[1002] = 3806.79
x[1003] = 2.45564e-11
x[1004] = 3494.02
x[1005] = 2609.07
x[1006] = 3331.78
x[1007] = 3806.79
x[1008] = 3331.78
x[1009] = 10302.1
x[1010] = 4919.01
x[1011] = 1742.94
x[1012] = 4565.45
x[1013] = 4382.04
x[1014] = 4919.01
x[1015] = 4518.29
x[1016] = 4382.04
x[1017] = 3.4197e-10
x[1018] = 12261.5
x[1019] = 5756.77
x[1020] = 1474.69
x[1021] = 2151.67
x[1022] = 1974.88
x[1023] = 1474.69
x[1024] = 2151.67
x[1025] = 2614.81
x[1026] = 4706.2
x[1027] = 2570.54
x[1028] = -1.68393e-09
x[1029] = -1.3647e-09
x[1030] = -1.68416e-09
x[1031] = -1.66528e-09
x[1032] = 3996.95
x[1033] = -1.633e-09
x[1034] = 4742.44
x[1035] = 1249.8
x[1036] = 4000.95
x[1037] = 1251.7
x[1038] = 754.131
x[1039] = 1249.8
x[1040] = 5412.37
x[1041] = 3611.03
x[1042] = 8093.49
x[1043] = 8401.9
x[1044] = 2023.11
x[1045] = 1726.65
x[1046] = 1804.04
x[1047] = 4600.93
x[1048] = 2751.63
x[1049] = 1726.65
x[1050] = 6071.16
x[1051] = 4194.77
x[1052] = 10396.8
x[1053] = 8361.96
x[1054] = 2107.4
x[1055] = 5138.54
x[1056] = 5832.33
x[1057] = 4784.97
x[1058] = 5626.1
x[1059] = 5138.54
x[1060] = 6314.01
x[1061] = 5626.1
x[1062] = 10812.7
x[1063] = 13505.6
x[1064] = 7000.82
x[1065] = 6578.51
x[1066] = 6578.51
x[1067] = 6578.51
x[1068] = 6441.28
x[1069] = 6578.51
x[1070] = 6578.51
x[1071] = 6578.51
x[1072] = 12487
x[1073] = 9325.36
x[1074] = 3762.7
x[1075] = 3403.13
x[1076] = 4965.38
x[1077] = 4557.42
x[1078] = 3403.13
x[1079] = 4965.38
x[1080] = 5932.02
x[1081] = 9093.82
x[1082] = 9093.82
x[1083] = 8912.92
x[1084] = 9093.82
x[1085] = 9093.82
x[1086] = 9093.82
x[1087] = 17261.5
x[1088] = 9093.82
x[1089] = 5201.38
x[1090] = 2343.37
x[1091] = 5154.85
x[1092] = 2343.37
x[1093] = 7820.12
x[1094] = 1065.29
x[1095] = -8.84029e-10
x[1096] = 3793.33
x[1097] = 3088.77
x[1098] = 3217.74
x[1099] = 20.116
x[1100] = 4625.34
x[1101] = -3.72529e-09
x[1102] = 4738.78
x[1103] = 17462.3
x[1104] = 18079.1
x[1105] = 4877.82
x[1106] = 7117.05
x[1107] = 6532.3
x[1108] = 4877.82
x[1109] = 6228.98
x[1110] = 6228.98
x[1111] = 15566.7
x[1112] = 19260.4
x[1113] = 4662.01
x[1114] = 6432.56
x[1115] = 2279.23
x[1116] = 5970.2
x[1117] = 4662.01
x[1118] = 5730.36
x[1119] = 5730.36
x[1120] = 16034.3
x[1121] = 2239.22
x[1122] = 4925.74
x[1123] = 9.09495e-13
x[1124] = 2239.22
x[1125] = 7472.56
x[1126] = 1017.94
x[1127] = -10775.9
x[1128] = 3624.74
x[1129] = 2079.51
x[1130] = 342.082
x[1131] = 1905.19
x[1132] = 342.082
x[1133] = 1565.74
x[1134] = 3007.65
x[1135] = 9822.52
x[1136] = 10169.5
x[1137] = 1866.13
x[1138] = 2.24099e-09
x[1139] = 1944.05
x[1140] = 3334.17
x[1141] = 12.1534
x[1142] = 5039.63
x[1143] = 13929.6
x[1144] = 16481.3
x[1145] = 16435.8
x[1146] = 16481.3
x[1147] = 34307.3
x[1148] = 34937
x[1149] = 1422.22
x[1150] = 2960.07
x[1151] = 4770.35
x[1152] = 2960.07
x[1153] = 5627.62
x[1154] = 5355.52
x[1155] = 7993.9
x[1156] = 19694.7
x[1157] = 20285.8
x[1158] = 3702.18
x[1159] = 5108.21
x[1160] = 4741.04
x[1161] = 3702.18
x[1162] = 5108.21
x[1163] = 6428.26
x[1164] = -7405.43
x[1165] = 5978.18
x[1166] = 19301.3
x[1167] = 47653.3
x[1168] = 46340.1
x[1169] = 28135.1
x[1170] = 26912.7
x[1171] = 46718.4
x[1172] = 47653.3
x[1173] = 55994.8
x[1174] = 46951.9
x[1175] = 24848.1
x[1176] = 7912.84
x[1177] = 9527.16
x[1178] = 9582.4
x[1179] = 9498.36
x[1180] = 9527.16
x[1181] = 11324.9
x[1182] = 21203.2
x[1183] = 2949.38
x[1184] = 4303.33
x[1185] = 3949.76
x[1186] = 2949.38
x[1187] = 4303.33
x[1188] = 5229.61
x[1189] = 5141.08
x[1190] = 6578.51
x[1191] = 6578.51
x[1192] = 6441.28
x[1193] = 6578.51
x[1194] = 6578.51
x[1195] = 12487
x[1196] = 9325.36
x[1197] = 3762.7
x[1198] = 1910.81
x[1199] = 1742.94
x[1200] = 1401.81
x[1201] = 237.728
x[1202] = 4518.29
x[1203] = 2804.57
x[1204] = 9352.79
x[1205] = 9686.9
x[1206] = 2085.77
x[1207] = 856.958
x[1208] = 908.723
x[1209] = 4505.47
x[1210] = 856.958
x[1211] = 908.723
x[1212] = 1792.31
x[1213] = 13455.5
x[1214] = 14020.9
x[1215] = 2326.46
x[1216] = 4837.14
x[1217] = 4837.14
x[1218] = 4837.14
x[1219] = 4736.23
x[1220] = 4837.14
x[1221] = 4837.14
x[1222] = 4837.14
x[1223] = 9181.65
x[1224] = 4837.14
x[1225] = 2766.69
x[1226] = 12507.4
x[1227] = 15059.1
x[1228] = 15146.4
x[1229] = 15013.5
x[1230] = 15059.1
x[1231] = 17900.6
x[1232] = 33514.8
x[1233] = 5331.58
x[1234] = 7779.1
x[1235] = 7139.96
x[1236] = 5331.58
x[1237] = 6808.42
x[1238] = 7779.1
x[1239] = 6808.42
x[1240] = 21052.1
x[1241] = 915.387
x[1242] = 970.682
x[1243] = 4812.66
x[1244] = 915.387
x[1245] = 970.682
x[1246] = 228.552
x[1247] = 14372.9
x[1248] = 14976.9
x[1249] = 2485.08
x[1250] = 2645.74
x[1251] = 2413.3
x[1252] = 2408.53
x[1253] = 1874.7
x[1254] = 6241.01
x[1255] = 13081.6
x[1256] = 13544.2
x[1257] = 3034.66
x[1258] = 2030.92
x[1259] = 4467.53
x[1260] = -2.09184e-11
x[1261] = 2030.92
x[1262] = 6777.44
x[1263] = 6.23913e-10
x[1264] = -10696.7
x[1265] = 3287.55
x[1266] = 1822.62
x[1267] = 1822.62
x[1268] = 7904.94
x[1269] = 14555.5
x[1270] = 11706.7
x[1271] = 438.405
x[1272] = 619.584
x[1273] = 1645.99
x[1274] = 487.399
x[1275] = 438.405
x[1276] = 20.0287
x[1277] = 2251.68
x[1278] = 1586.22
x[1279] = 7147.08
x[1280] = 8605.18
x[1281] = 8655.07
x[1282] = 8579.16
x[1283] = 8605.18
x[1284] = 10228.9
x[1285] = 19151.3
x[1286] = 2835.94
x[1287] = 4137.82
x[1288] = 3797.85
x[1289] = 2835.94
x[1290] = 4137.82
x[1291] = 5028.48
x[1292] = 4943.35
x[1293] = 662.195
x[1294] = 702.195
x[1295] = 3481.5
x[1296] = 662.195
x[1297] = 702.195
x[1298] = 1714.14
x[1299] = 10397.4
x[1300] = 1797.72
x[1301] = 2252.23
x[1302] = 1.00954e-09
x[1303] = 2346.27
x[1304] = 14.6679
x[1305] = 2029.66
x[1306] = 3455.36
x[1307] = 12732.9
x[1308] = 13182.7
x[1309] = 1795.72
x[1310] = 1876.21
x[1311] = 4784.97
x[1312] = 2861.7
x[1313] = 1795.72
x[1314] = 6314.01
x[1315] = 10812.7
x[1316] = 6785.63
x[1317] = 2191.7
x[1318] = 14220.3
x[1319] = 14220.3
x[1320] = 14050.8
x[1321] = 14220.3
x[1322] = 14220.3
x[1323] = 21519.1
x[1324] = 11519.6
x[1325] = 14825.6
x[1326] = 2831.37
x[1327] = 2949.59
x[1328] = 18.4397
x[1329] = 3776.69
x[1330] = 4343.88
x[1331] = 16007.1
x[1332] = 16572.5
x[1333] = 3062.82
x[1334] = 4468.84
x[1335] = 4101.68
x[1336] = 3062.82
x[1337] = 4468.84
x[1338] = 5430.75
x[1339] = 55037.5
x[1340] = 56336.2
x[1341] = 55037.5
x[1342] = 56951.2
x[1343] = 56755.9
x[1344] = 60758.4
x[1345] = 58295.4
x[1346] = 67042.8
x[1347] = 67466.8
x[1348] = 2949.59
x[1349] = 3776.69
x[1350] = 2291.3
x[1351] = 7646.34
x[1352] = 16007.1
x[1353] = 16572.5
x[1354] = 3709.03
x[1355] = 6444.54
x[1356] = 8892.06
x[1357] = 3150.7
x[1358] = 8252.92
x[1359] = 6444.54
x[1360] = 7921.38
x[1361] = 7921.38
x[1362] = 22165
x[1363] = 123.595
x[1364] = 1.13687e-11
x[1365] = 1445.42
x[1366] = 2395.45
x[1367] = 5033.83
x[1368] = 1581.26
x[1369] = 13774.6
x[1370] = 15386
x[1371] = 3877.62
x[1372] = 9699.61
x[1373] = 11678.5
x[1374] = 11746.2
x[1375] = 11643.2
x[1376] = 11678.5
x[1377] = 13882.1
x[1378] = 25991.1
x[1379] = 2638.32
x[1380] = 2135.07
x[1381] = 7125
x[1382] = 14915.7
x[1383] = 15442.5
x[1384] = 701.147
x[1385] = 743.501
x[1386] = 3686.3
x[1387] = 701.147
x[1388] = 743.501
x[1389] = 1485.59
x[1390] = 11009
x[1391] = 11471.7
x[1392] = 1903.47
x[1393] = 3289.7
x[1394] = 4799.87
x[1395] = 4405.51
x[1396] = 3289.7
x[1397] = 4799.87
x[1398] = 5833.03
x[1399] = 5734.28
x[1400] = 5558.45
x[1401] = 8110.12
x[1402] = 7443.78
x[1403] = 5558.45
x[1404] = 7098.14
x[1405] = 8110.12
x[1406] = 7098.14
x[1407] = 17738.7
x[1408] = 21947.9
x[1409] = 1726.12
x[1410] = 1798.66
x[1411] = 1554.42
x[1412] = 1406.02
x[1413] = 2654.25
x[1414] = 9811.2
x[1415] = 10158.2
x[1416] = 9.47972e+06
x[1417] = 9.47977e+06
x[1418] = 9.4797e+06
x[1419] = 9.4814e+06
x[1420] = 5417.6
x[1421] = 5417.6
x[1422] = 5304.58
x[1423] = 5417.6
x[1424] = 5417.6
x[1425] = 10283.5
x[1426] = 7679.71
x[1427] = 3098.7
x[1428] = -7.27596e-12
x[1429] = 1874.7
x[1430] = 1416.74
x[1431] = 1131.2
x[1432] = 1131.2
x[1433] = 2835.94
x[1434] = 4137.82
x[1435] = 3797.85
x[1436] = 2835.94
x[1437] = 4137.82
x[1438] = 5028.48
x[1439] = 4943.35
x[1440] = 4643.66
x[1441] = 4643.66
x[1442] = 4546.78
x[1443] = 4643.66
x[1444] = 2656.03
x[1445] = 6327.49
x[1446] = 1544.38
x[1447] = 2759.31
x[1448] = -1.86446e-09
x[1449] = 4170.73
x[1450] = 8731.13
x[1451] = 6777.68
x[1452] = 1984.3
x[1453] = 246.871
x[1454] = 4596.86
x[1455] = 9727.31
x[1456] = 10074.3
x[1457] = 4113.54
x[1458] = 2011.09
x[1459] = 4113.54
x[1460] = 5056.2
x[1461] = 14147.9
x[1462] = 3038.28
x[1463] = 3310.25
x[1464] = 2338.44
x[1465] = 407.962
x[1466] = 407.962
x[1467] = 11327.3
x[1468] = 1608.73
x[1469] = 1.94177e-09
x[1470] = 2874.28
x[1471] = 10.4771
x[1472] = 1737.43
x[1473] = 2.09729e-09
x[1474] = 1809.98
x[1475] = 3104.22
x[1476] = 11.3153
x[1477] = 1565.74
x[1478] = 14147.9
x[1479] = 2252.23
x[1480] = 2.71939e-09
x[1481] = 2346.27
x[1482] = 4023.99
x[1483] = 14.6679
x[1484] = 2029.66
x[1485] = 4450.17
x[1486] = 4450.17
x[1487] = 4333.45
x[1488] = 4450.17
x[1489] = 6308.33
x[1490] = 1718.47
x[1491] = 1269.71
x[1492] = 1.04592e-11
x[1493] = 4256.68
x[1494] = 4256.68
x[1495] = 4167.89
x[1496] = 4256.68
x[1497] = 7513.89
x[1498] = 1763.83
x[1499] = 219.441
x[1500] = 8912.16
x[1501] = 57425.8
x[1502] = 57004.3
x[1503] = 5417.6
x[1504] = 5417.6
x[1505] = 5304.58
x[1506] = 5417.6
x[1507] = 7679.71
x[1508] = 5998.05
x[1509] = 5998.05
x[1510] = 5872.93
x[1511] = 5998.05
x[1512] = 3430.7
x[1513] = 5804.57
x[1514] = 5804.57
x[1515] = 5804.57
x[1516] = 8228.26
x[1517] = 6578.51
x[1518] = 6578.51
x[1519] = 3762.7
x[1520] = -9.09495e-13
x[1521] = 470.076
x[1522] = 20519.3
x[1523] = 489.012
x[1524] = 4253.94
x[1525] = 6578.51
x[1526] = 6578.51
x[1527] = 6441.28
x[1528] = 6578.51
x[1529] = 6578.51
x[1530] = 12487
x[1531] = 9325.36
x[1532] = 6126.07
x[1533] = 7375.87
x[1534] = 16415.4
x[1535] = 516.008
x[1536] = 516.008
x[1537] = 407.029
x[1538] = 516.008
x[1539] = 121.443
x[1540] = 121.443
x[1541] = 4256.68
x[1542] = 4256.68
x[1543] = 4167.89
x[1544] = 4256.68
x[1545] = 6034.06
x[1546] = 2484.5
x[1547] = 1770.55
x[1548] = 12354.8
x[1549] = 12791.8
x[1550] = 1280.47
x[1551] = 4164.41
x[1552] = 2856.18
x[1553] = 2856.18
x[1554] = 2759.31
x[1555] = 2856.18
x[1556] = 2204.78
x[1557] = 1562.25
x[1558] = 5213.42
x[1559] = 10913.9
x[1560] = 11299.4
x[1561] = 4083.76
x[1562] = 5958.46
x[1563] = 5468.9
x[1564] = 4083.76
x[1565] = 5958.46
x[1566] = 7118.42
x[1567] = 4.26163e-11
x[1568] = 1.28356e-11
x[1569] = 2.17173e-10
x[1570] = 1.28356e-11
x[1571] = 1.69746e-10
x[1572] = -2.58119e-11
x[1573] = 1.88169e-10
x[1574] = -1.61688e-11
x[1575] = 8.76994e-11
x[1576] = -1.61688e-11
x[1577] = 1.02559e-10
x[1578] = 3.06897e-10
x[1579] = 1.02559e-10
x[1580] = 1.02559e-10
x[1581] = 1282.4
x[1582] = 1282.4
x[1583] = -1.32997e-10
x[1584] = 1282.4
x[1585] = 1282.4
x[1586] = 0
x[1587] = 0
x[1588] = 1.86634e-10
x[1589] = 0
x[1590] = 0
x[1591] = 3.30406e-10
x[1592] = 6.09361e-10
x[1593] = 8.13699e-10
x[1594] = 6.09361e-10
x[1595] = 6.09361e-10
x[1596] = 0
x[1597] = 0
x[1598] = 2.04338e-10
x[1599] = 0
x[1600] = 0
x[1601] = 0
x[1602] = 2.04338e-10
x[1603] = 0
x[1604] = 0
x[1605] = 0
x[1606] = 736.056
x[1607] = 736.056
x[1608] = 9.52127e-12
x[1609] = 0
x[1610] = 2.04338e-10
x[1611] = 0
x[1612] = 0
x[1613] = 0
x[1614] = 1.37964e-10
x[1615] = -7.56017e-12
x[1616] = 1.08154e-13
x[1617] = -5.82077e-11
x[1618] = 5.68434e-13
x[1619] = -1.65892e-12
x[1620] = 2.92115e-12
x[1621] = -7.36476e-12
x[1622] = -4.15586e-12
x[1623] = 1.77874e-12
x[1624] = -8.6067e-12
x[1625] = 2.18793e-12
x[1626] = -1.1628e-10
x[1627] = 1.75586e-12
x[1628] = 6.65846e-13
x[1629] = -1.08002e-12
x[1630] = -9.68905e-12
x[1631] = -7.53175e-12
x[1632] = -1.09878e-11
x[1633] = -1.18519e-10
x[1634] = -5.68434e-13
x[1635] = 8.49154e-14
x[1636] = -1.97476e-11
x[1637] = -5.97653e-11
x[1638] = 5.53276e-15
x[1639] = -1.58608e-12
x[1640] = 4.39312e-12
x[1641] = -2.34283e-12
x[1642] = -9.75143e-14
x[1643] = -7.79635e-13
x[1644] = 359123
x[1645] = 5.35945e-12
x[1646] = 3.56889e-12
x[1647] = 5.81113e-12
b:
b[0] = 90633.9
b[1] = 147864
b[2] = 85216.9
b[3] = 178070
b[4] = 82737.9
b[5] = 180219
b[6] = 7634.33
b[7] = 4.81046e+08
b[8] = 86833.8
b[9] = 383265
b[10] = 234957
b[11] = 90633.9
b[12] = 132866
b[13] = 85216.9
b[14] = 178070
b[15] = 82737.9
b[16] = 194105
b[17] = -181812
b[18] = 4.81046e+08
b[19] = 86833.8
b[20] = 383265
b[21] = 0
b[22] = 234957
b[23] = 0
b[24] = 484449
b[25] = 0
b[26] = 484449
b[27] = 0
b[28] = 0
b[29] = 1215.97
b[30] = -1432.75
b[31] = -3809.01
b[32] = 1539.69
b[33] = -160.29
b[34] = -4039.86
b[35] = 1966.08
b[36] = -1.19873e+07
b[37] = 1242.75
b[38] = 0
b[39] = -1042.73
b[40] = -1432.75
b[41] = -249.252
b[42] = -3262.88
b[43] = 37.0908
b[44] = -2958.8
b[45] = -2013.08
b[46] = -3878.26
b[47] = 304.073
b[48] = -1.16301e+07
b[49] = -245.494
b[50] = 0
b[51] = -1001.02
b[52] = -2013.08
b[53] = -312.462
b[54] = -2175.25
b[55] = 24.7272
b[56] = -2203.75
b[57] = -1335.35
b[58] = -2585.51
b[59] = 0
b[60] = -7.75339e+06
b[61] = -309.957
b[62] = 0
b[63] = -667.348
b[64] = -1342.05
b[65] = 19974.5
b[66] = 18985.1
b[67] = -292.271
b[68] = 19225.8
b[69] = 19974.5
b[70] = -3070.29
b[71] = 21568.2
b[72] = -9.14878e+06
b[73] = 2287.19
b[74] = 14180.4
b[75] = 19974.5
b[76] = 19974.5
b[77] = -3262.88
b[78] = -2855.09
b[79] = -1089.69
b[80] = 230.591
b[81] = -3262.88
b[82] = -3878.26
b[83] = 407.787
b[84] = -1.16297e+07
b[85] = -57.1482
b[86] = 0
b[87] = -3262.88
b[88] = -3262.88
b[89] = 47718.6
b[90] = -1903.34
b[91] = 48914.5
b[92] = -1903.34
b[93] = 47718.6
b[94] = 46056.4
b[95] = 48892.9
b[96] = -6.98618e+06
b[97] = 47715.2
b[98] = 45103.9
b[99] = 45196.7
b[100] = 46740.2
b[101] = -14643.7
b[102] = -3398.83
b[103] = -1592.72
b[104] = -3082.09
b[105] = -2096.96
b[106] = -4039.86
b[107] = 0
b[108] = -1.19949e+07
b[109] = -481.511
b[110] = -26740.7
b[111] = -14643.7
b[112] = -11887.6
b[113] = -3373.99
b[114] = -171.65
b[115] = 33.9999
b[116] = -171.65
b[117] = -1845.32
b[118] = -2465.9
b[119] = 2819.32
b[120] = -1.05773e+07
b[121] = -223.172
b[122] = 0
b[123] = -171.65
b[124] = -171.65
b[125] = -3126.92
b[126] = 220.983
b[127] = 2455.36
b[128] = 220.983
b[129] = -4817.25
b[130] = -1271.24
b[131] = 3347.91
b[132] = -1.09361e+07
b[133] = 1067.64
b[134] = 0
b[135] = 1127.3
b[136] = 1127.3
b[137] = -3126.92
b[138] = -2736.13
b[139] = -501.754
b[140] = -2736.13
b[141] = -4817.25
b[142] = -3716.67
b[143] = 390.796
b[144] = -1.09361e+07
b[145] = -50.1061
b[146] = 0
b[147] = -959.313
b[148] = -1829.81
b[149] = -2175.25
b[150] = -1903.39
b[151] = -726.462
b[152] = 153.727
b[153] = -3351.13
b[154] = -2585.51
b[155] = 271.858
b[156] = -7.75312e+06
b[157] = -38.0988
b[158] = 0
b[159] = -667.348
b[160] = -2175.25
b[161] = 2804.02
b[162] = 708.38
b[163] = 3018.77
b[164] = 665.633
b[165] = 1481.15
b[166] = -730.494
b[167] = 0
b[168] = -8.80618e+06
b[169] = 2804.97
b[170] = 0
b[171] = -750.767
b[172] = 172.93
b[173] = -3834.08
b[174] = 7090.37
b[175] = 9519.04
b[176] = 7090.37
b[177] = -2096.96
b[178] = 5468.39
b[179] = 10489.2
b[180] = -1.19857e+07
b[181] = 8008.38
b[182] = 451.633
b[183] = 8075.5
b[184] = 8075.5
b[185] = -371.048
b[186] = -2583.11
b[187] = 215.535
b[188] = -2611.61
b[189] = -371.048
b[190] = -2352.45
b[191] = 2212.06
b[192] = -9.16412e+06
b[193] = -367.141
b[194] = 0
b[195] = -371.048
b[196] = -371.048
b[197] = 3300.41
b[198] = 1817
b[199] = -1980.68
b[200] = 3488.41
b[201] = 2499.42
b[202] = -2100.73
b[203] = 3584.39
b[204] = -6.33785e+06
b[205] = 3331.62
b[206] = 0
b[207] = -542.22
b[208] = 1596.11
b[209] = -2914.81
b[210] = -2914.81
b[211] = -1529.01
b[212] = -144.489
b[213] = -1970.31
b[214] = -3878.26
b[215] = 348.068
b[216] = -1.163e+07
b[217] = -432.228
b[218] = 0
b[219] = -1001.02
b[220] = -11412.1
b[221] = -3373.99
b[222] = -2789.81
b[223] = 33.9999
b[224] = -2818.31
b[225] = -1845.32
b[226] = -3555.08
b[227] = 201.154
b[228] = -1.05773e+07
b[229] = -223.172
b[230] = 0
b[231] = -917.604
b[232] = -1644.17
b[233] = -3220.63
b[234] = -1761.44
b[235] = 32.4545
b[236] = -163.847
b[237] = -1761.44
b[238] = -3393.48
b[239] = 1093.57
b[240] = -1.02181e+07
b[241] = -215.74
b[242] = 0
b[243] = -875.895
b[244] = -1761.44
b[245] = -1988.28
b[246] = -1767.39
b[247] = 20.0909
b[248] = -1795.89
b[249] = -1084.97
b[250] = -2100.73
b[251] = 0
b[252] = -6.34144e+06
b[253] = -252.772
b[254] = 0
b[255] = -542.22
b[256] = -1090.42
b[257] = -3534.78
b[258] = -3093.01
b[259] = -1180.5
b[260] = 249.807
b[261] = -5445.59
b[262] = -4201.45
b[263] = 441.769
b[264] = -1.2348e+07
b[265] = 0
b[266] = -3534.78
b[267] = -3534.78
b[268] = 48243.7
b[269] = -2583.11
b[270] = 46437.7
b[271] = -2401.42
b[272] = 48243.7
b[273] = 46262.3
b[274] = 50826.8
b[275] = -9.12052e+06
b[276] = 48191.5
b[277] = 40320
b[278] = 48243.7
b[279] = 48243.7
b[280] = 2605.59
b[281] = 653.144
b[282] = -2590.13
b[283] = 2838.83
b[284] = 1545.54
b[285] = -2747.1
b[286] = 2964.35
b[287] = -8.44406e+06
b[288] = 2630.36
b[289] = 0
b[290] = -709.057
b[291] = 364.295
b[292] = 532.804
b[293] = 532.804
b[294] = -1083.05
b[295] = 532.804
b[296] = 532.804
b[297] = -5879.08
b[298] = 2844.01
b[299] = -8.44653e+06
b[300] = -2947.46
b[301] = 0
b[302] = 532.804
b[303] = 532.804
b[304] = -3527.36
b[305] = 1224.51
b[306] = 35.5454
b[307] = 1224.51
b[308] = -1929.2
b[309] = -1174.02
b[310] = 4351.44
b[311] = -1.09364e+07
b[312] = 1164.85
b[313] = -8367.33
b[314] = 1224.51
b[315] = 1224.51
b[316] = -3527.36
b[317] = -1929.2
b[318] = 35.5454
b[319] = -2930.87
b[320] = -1929.2
b[321] = -3716.67
b[322] = 1197.72
b[323] = -1.09364e+07
b[324] = -230.604
b[325] = 0
b[326] = -959.313
b[327] = -1929.2
b[328] = -2013.08
b[329] = -3262.88
b[330] = 37.0908
b[331] = -187.254
b[332] = -3776.9
b[333] = -3878.26
b[334] = 0
b[335] = -1.16301e+07
b[336] = -464.935
b[337] = 0
b[338] = -1001.02
b[339] = -2013.08
b[340] = 2779.3
b[341] = 944.108
b[342] = -2437.77
b[343] = 3001.23
b[344] = 1784.01
b[345] = -2585.51
b[346] = 3119.36
b[347] = -7.75027e+06
b[348] = 2809.4
b[349] = 0
b[350] = -667.348
b[351] = 672.25
b[352] = 1737.08
b[353] = -801.673
b[354] = -3351.93
b[355] = 2026.87
b[356] = 353.195
b[357] = -3555.08
b[358] = 2189.3
b[359] = -1.05751e+07
b[360] = 1764.97
b[361] = 0
b[362] = -917.604
b[363] = -1175.48
b[364] = -1767.39
b[365] = -1767.39
b[366] = 20.0909
b[367] = -1795.89
b[368] = -864.084
b[369] = -2100.73
b[370] = 220.885
b[371] = -6.34122e+06
b[372] = -31.8875
b[373] = 0
b[374] = -542.22
b[375] = -1090.42
b[376] = -331.991
b[377] = -2311.2
b[378] = 1120.21
b[379] = -2368.2
b[380] = -331.991
b[381] = -2350.28
b[382] = 1093.94
b[383] = -8.44593e+06
b[384] = -333.99
b[385] = 0
b[386] = -709.057
b[387] = -1425.93
b[388] = 532.804
b[389] = 532.804
b[390] = -1083.05
b[391] = 532.804
b[392] = 532.804
b[393] = -5879.08
b[394] = 2844.01
b[395] = -8.44653e+06
b[396] = -2947.46
b[397] = 0
b[398] = 532.804
b[399] = 2960.7
b[400] = 748.638
b[401] = 2338.54
b[402] = 720.14
b[403] = 1564.34
b[404] = -786.9
b[405] = 0
b[406] = -9.16534e+06
b[407] = 2964.61
b[408] = 0
b[409] = -792.476
b[410] = 1446.03
b[411] = -67.4835
b[412] = 1601.13
b[413] = -95.9812
b[414] = 490.627
b[415] = -1106.67
b[416] = 0
b[417] = -6.33989e+06
b[418] = 1447.14
b[419] = 0
b[420] = -542.22
b[421] = -451.823
b[422] = 2779.3
b[423] = 944.108
b[424] = -2437.77
b[425] = 3001.23
b[426] = 1784.01
b[427] = -2585.51
b[428] = 3119.36
b[429] = -7.75027e+06
b[430] = 2809.4
b[431] = 0
b[432] = -667.348
b[433] = 672.25
b[434] = -2600.05
b[435] = -2311.2
b[436] = 26.2727
b[437] = -2368.2
b[438] = -1418.81
b[439] = -2747.1
b[440] = 0
b[441] = -8.44702e+06
b[442] = -333.99
b[443] = 0
b[444] = -709.057
b[445] = -1425.93
b[446] = 658.17
b[447] = 658.17
b[448] = -1337.89
b[449] = 658.17
b[450] = 658.17
b[451] = -5954.5
b[452] = 3513.19
b[453] = -1.02175e+07
b[454] = -3620.28
b[455] = 0
b[456] = 658.17
b[457] = 658.17
b[458] = -3220.63
b[459] = -1761.44
b[460] = 32.4545
b[461] = -163.847
b[462] = -1761.44
b[463] = -3393.48
b[464] = 1093.57
b[465] = -1.02181e+07
b[466] = -215.74
b[467] = 0
b[468] = -875.895
b[469] = -1761.44
b[470] = -3373.99
b[471] = 38671.3
b[472] = 36580.2
b[473] = 38671.3
b[474] = -1845.32
b[475] = 36377
b[476] = 41662.2
b[477] = -1.05426e+07
b[478] = 38611.6
b[479] = 29496.5
b[480] = 38671.3
b[481] = 38671.3
b[482] = 689.511
b[483] = 689.511
b[484] = -1401.6
b[485] = 689.511
b[486] = 689.511
b[487] = -5984.03
b[488] = 3680.48
b[489] = -1.05766e+07
b[490] = -3780.48
b[491] = 0
b[492] = 689.511
b[493] = 689.511
b[494] = -3220.63
b[495] = -1761.44
b[496] = 32.4545
b[497] = -163.847
b[498] = -1761.44
b[499] = -3393.48
b[500] = 1093.57
b[501] = -1.02181e+07
b[502] = -215.74
b[503] = 0
b[504] = -875.895
b[505] = -1761.44
b[506] = -3547.94
b[507] = -26.2405
b[508] = -1465.3
b[509] = -600.467
b[510] = 401.208
b[511] = -2424.78
b[512] = 3100.68
b[513] = -1.09358e+07
b[514] = -85.9009
b[515] = 0
b[516] = -26.2405
b[517] = -26.2405
b[518] = -3680.72
b[519] = -187.254
b[520] = 37.0908
b[521] = -187.254
b[522] = -2013.08
b[523] = -2690.08
b[524] = 3075.62
b[525] = -1.16301e+07
b[526] = -245.494
b[527] = 0
b[528] = -187.254
b[529] = -187.254
b[530] = 2605.59
b[531] = 653.144
b[532] = -2590.13
b[533] = 2838.83
b[534] = 1545.54
b[535] = -2747.1
b[536] = 2964.35
b[537] = -8.44406e+06
b[538] = 2630.36
b[539] = 0
b[540] = -709.057
b[541] = 364.295
b[542] = -2147.09
b[543] = -1174.29
b[544] = 21.6363
b[545] = -109.232
b[546] = -1174.29
b[547] = -2262.32
b[548] = 729.049
b[549] = -7.03507e+06
b[550] = -148.798
b[551] = 0
b[552] = -583.93
b[553] = -1174.29
b[554] = -3398.83
b[555] = -2974.05
b[556] = -970.163
b[557] = -3398.83
b[558] = -5236.15
b[559] = -4039.86
b[560] = 424.778
b[561] = -1.19888e+07
b[562] = -56.7328
b[563] = 0
b[564] = -1042.73
b[565] = -2413.7
b[566] = -2453.81
b[567] = -1342.05
b[568] = 24.7272
b[569] = -124.836
b[570] = -1342.05
b[571] = -2585.51
b[572] = 833.199
b[573] = -7.75339e+06
b[574] = -163.663
b[575] = 0
b[576] = -667.348
b[577] = -1342.05
b[578] = -8083.54
b[579] = -2311.2
b[580] = -1083.05
b[581] = -2095.82
b[582] = -1425.93
b[583] = -2747.1
b[584] = 0
b[585] = -8.45084e+06
b[586] = -333.99
b[587] = -15173.2
b[588] = -709.057
b[589] = -8083.54
b[590] = 2223.86
b[591] = -104.63
b[592] = 2462.47
b[593] = -118.879
b[594] = 754.001
b[595] = -1703.38
b[596] = 0
b[597] = -9.5245e+06
b[598] = 2230.72
b[599] = 0
b[600] = -834.185
b[601] = -666.327
b[602] = -2447.11
b[603] = -2175.25
b[604] = 24.7272
b[605] = -2203.75
b[606] = -1335.35
b[607] = -2585.51
b[608] = 0
b[609] = -7.75339e+06
b[610] = -309.957
b[611] = 0
b[612] = -667.348
b[613] = -1342.05
b[614] = 595.487
b[615] = 595.487
b[616] = -1210.47
b[617] = 595.487
b[618] = 595.487
b[619] = -48009.5
b[620] = 3178.6
b[621] = -9.16478e+06
b[622] = -3267.87
b[623] = 0
b[624] = 595.487
b[625] = -2990.97
b[626] = -2617.16
b[627] = -998.886
b[628] = 211.375
b[629] = -4607.81
b[630] = -3555.08
b[631] = 373.805
b[632] = -1.05769e+07
b[633] = -50.5215
b[634] = 0
b[635] = -917.604
b[636] = -2617.16
b[637] = 44064.5
b[638] = -2311.2
b[639] = 44589.4
b[640] = -2368.2
b[641] = 44064.5
b[642] = 42046.2
b[643] = 45490.5
b[644] = -8.40153e+06
b[645] = 43766.9
b[646] = 40889.6
b[647] = 41002.3
b[648] = 42876.5
b[649] = -1258.17
b[650] = -2039.3
b[651] = 23.1818
b[652] = -2082.04
b[653] = -1251.89
b[654] = -2423.91
b[655] = 0
b[656] = -7.39423e+06
b[657] = -293.381
b[658] = 0
b[659] = -625.639
b[660] = -1258.17
b[661] = 720.853
b[662] = 720.853
b[663] = -1465.3
b[664] = 720.853
b[665] = 720.853
b[666] = -1677.69
b[667] = 3847.78
b[668] = 661.192
b[669] = -8326.35
b[670] = 720.853
b[671] = -10936.5
b[672] = -3987.45
b[673] = 1384.23
b[674] = 40.1817
b[675] = 1384.23
b[676] = -2180.83
b[677] = -1327.16
b[678] = 4919.01
b[679] = -1.23484e+07
b[680] = 1317.11
b[681] = -9458.72
b[682] = 1384.23
b[683] = 1384.23
b[684] = 407.439
b[685] = 407.439
b[686] = -828.216
b[687] = 407.439
b[688] = 407.439
b[689] = -5803.66
b[690] = 2174.83
b[691] = -6.34106e+06
b[692] = -2242.65
b[693] = 0
b[694] = 407.439
b[695] = -10580.9
b[696] = 793.525
b[697] = 2414.16
b[698] = 989.574
b[699] = 1991.25
b[700] = -1130
b[701] = 3920.45
b[702] = -1.09325e+07
b[703] = 1208.88
b[704] = -54270.2
b[705] = -959.313
b[706] = -10936.5
b[707] = -1375.44
b[708] = -1375.44
b[709] = -3656.65
b[710] = 1702.08
b[711] = -123.744
b[712] = -3878.26
b[713] = 1887.43
b[714] = -1.16282e+07
b[715] = 1414.34
b[716] = 0
b[717] = -1001.02
b[718] = -1375.44
b[719] = -3398.83
b[720] = -2974.05
b[721] = -1135.1
b[722] = 240.199
b[723] = -3398.83
b[724] = -4039.86
b[725] = 424.778
b[726] = -1.19888e+07
b[727] = -56.7328
b[728] = 0
b[729] = -3398.83
b[730] = -3398.83
b[731] = -3534.78
b[732] = 249.807
b[733] = 2775.62
b[734] = 249.807
b[735] = -5445.59
b[736] = -1437.05
b[737] = 3784.59
b[738] = -1.2348e+07
b[739] = 1207.22
b[740] = 0
b[741] = 1274.34
b[742] = 1274.34
b[743] = 16532.7
b[744] = 14762.1
b[745] = 17157.8
b[746] = 15087.2
b[747] = 16532.7
b[748] = 11918.6
b[749] = 19384.5
b[750] = -1.58712e+07
b[751] = 9762.27
b[752] = -1418.11
b[753] = 10850.8
b[754] = 940.243
b[755] = 940.243
b[756] = -1911.27
b[757] = 940.243
b[758] = 940.243
b[759] = -6772.04
b[760] = 5018.84
b[761] = -3738.11
b[762] = 940.243
b[763] = 10494.3
b[764] = 20406.5
b[765] = 23718.2
b[766] = 20864.7
b[767] = 22854
b[768] = 16475.8
b[769] = 26796.2
b[770] = -2.18708e+07
b[771] = 21265.3
b[772] = -21561.1
b[773] = -1960.34
b[774] = 14999.6
b[775] = -3774.52
b[776] = -3774.52
b[777] = -351.101
b[778] = -3774.52
b[779] = 2343.37
b[780] = -2.08448e+07
b[781] = -15305.6
b[782] = -18826
b[783] = -3774.52
b[784] = -937.385
b[785] = -6525.75
b[786] = 74.1817
b[787] = -6525.75
b[788] = -4006.04
b[789] = -5914.72
b[790] = 0
b[791] = -3.84837e+07
b[792] = -907.498
b[793] = 0
b[794] = -2002.04
b[795] = 1347.68
b[796] = 1347.68
b[797] = -2739.48
b[798] = 1347.68
b[799] = 1347.68
b[800] = -3136.54
b[801] = 1243.28
b[802] = 0
b[803] = 1347.68
b[804] = -20446.6
b[805] = 14179.2
b[806] = 14179.2
b[807] = 12421.6
b[808] = 14179.2
b[809] = 14179.2
b[810] = 10633.6
b[811] = 14097.2
b[812] = 0
b[813] = 14179.2
b[814] = -16167.1
b[815] = -3606.76
b[816] = -3606.76
b[817] = -335.497
b[818] = -3606.76
b[819] = 2239.22
b[820] = -2.01265e+07
b[821] = -14625.3
b[822] = -28765.2
b[823] = -3606.76
b[824] = -185.197
b[825] = -3328.65
b[826] = 136.938
b[827] = -3328.65
b[828] = -1922.63
b[829] = -4363.05
b[830] = 0
b[831] = -2.16471e+07
b[832] = -172.58
b[833] = 0
b[834] = -1126.15
b[835] = -566.337
b[836] = -3942.64
b[837] = 44.8181
b[838] = -214.112
b[839] = -2420.31
b[840] = -6966.88
b[841] = 0
b[842] = -1.37603e+07
b[843] = -4017.22
b[844] = -6661.7
b[845] = -6661.7
b[846] = -26788.5
b[847] = -6040.89
b[848] = -4110.03
b[849] = -27240.9
b[850] = -22242.9
b[851] = 0
b[852] = -2043.75
b[853] = -23299.6
b[854] = -3858.4
b[855] = -9213.91
b[856] = -1202.29
b[857] = -9199.67
b[858] = -3858.4
b[859] = -7433.34
b[860] = 2395.45
b[861] = -2.15414e+07
b[862] = 0
b[863] = -1918.63
b[864] = 11260
b[865] = 11260
b[866] = 11260
b[867] = 11260
b[868] = 14930.7
b[869] = -1.2696e+07
b[870] = 0
b[871] = -8878.54
b[872] = 11260
b[873] = 1734.6
b[874] = 27587
b[875] = 29656
b[876] = 8721.53
b[877] = 9345.91
b[878] = 22637.8
b[879] = 34112.7
b[880] = -2.22226e+07
b[881] = 27765
b[882] = -31002.8
b[883] = -10985.1
b[884] = 3235.14
b[885] = -4214.55
b[886] = -4214.55
b[887] = -1974.98
b[888] = -3821.79
b[889] = -2600.22
b[890] = -5009.42
b[891] = -24194.2
b[892] = -1292.99
b[893] = -14740.6
b[894] = 814.877
b[895] = 814.877
b[896] = -1656.43
b[897] = 814.877
b[898] = 814.877
b[899] = -7072.04
b[900] = 4349.66
b[901] = -1.23476e+07
b[902] = -4453.3
b[903] = 814.877
b[904] = 16532.7
b[905] = 14762.1
b[906] = 15087.2
b[907] = 16532.7
b[908] = 19384.5
b[909] = -1.58712e+07
b[910] = 9762.27
b[911] = -1418.11
b[912] = 10850.8
b[913] = -164.089
b[914] = -3534.78
b[915] = 146.115
b[916] = -3205.37
b[917] = -2074.9
b[918] = -4201.45
b[919] = 343.661
b[920] = -1.23483e+07
b[921] = -154.425
b[922] = 0
b[923] = -1084.44
b[924] = -2180.83
b[925] = -282.111
b[926] = -2521.64
b[927] = -6703.86
b[928] = 1673.45
b[929] = -282.111
b[930] = -7110.15
b[931] = 3460.3
b[932] = -833.737
b[933] = 0
b[934] = -1835.21
b[935] = -2521.64
b[936] = 12156.4
b[937] = 10854.5
b[938] = 12616.1
b[939] = 11093.6
b[940] = 12156.4
b[941] = 8763.71
b[942] = 14253.3
b[943] = -1.1975e+07
b[944] = 11303.7
b[945] = -11468.6
b[946] = -1042.73
b[947] = 7978.52
b[948] = -6661.7
b[949] = -6661.7
b[950] = -3121.74
b[951] = -6040.89
b[952] = -4110.03
b[953] = -7918.12
b[954] = -38242.4
b[955] = -2043.75
b[956] = -23299.6
b[957] = 1473.05
b[958] = 1473.05
b[959] = -2994.32
b[960] = 1473.05
b[961] = 1473.05
b[962] = -3428.31
b[963] = 7862.84
b[964] = 1361.18
b[965] = -17014.7
b[966] = 1473.05
b[967] = -15510
b[968] = -301.346
b[969] = -2693.57
b[970] = -7160.94
b[971] = 1787.55
b[972] = -301.346
b[973] = -7594.93
b[974] = 3696.22
b[975] = -2576.88
b[976] = 0
b[977] = -1960.34
b[978] = -2693.57
b[979] = -358.79
b[980] = -4894.31
b[981] = 70.7233
b[982] = -4550.06
b[983] = -3004.53
b[984] = -5481.43
b[985] = 1889.78
b[986] = -1.69434e+07
b[987] = 0
b[988] = -1501.53
b[989] = -3004.53
b[990] = -3271.25
b[991] = -3271.25
b[992] = -304.288
b[993] = -3271.25
b[994] = 2030.92
b[995] = -1.83554e+07
b[996] = -14188.1
b[997] = -27012.6
b[998] = -3271.25
b[999] = -4758.36
b[1000] = -4758.36
b[1001] = -6137.54
b[1002] = -7330.61
b[1003] = 0
b[1004] = -1.65842e+07
b[1005] = 0
b[1006] = -4758.36
b[1007] = 883.798
b[1008] = -497.271
b[1009] = 2643.01
b[1010] = -221.495
b[1011] = 883.798
b[1012] = -3605.77
b[1013] = 0
b[1014] = -1.41195e+07
b[1015] = -571.847
b[1016] = -497.271
b[1017] = -3806.69
b[1018] = -3806.69
b[1019] = -1783.85
b[1020] = -3451.94
b[1021] = -2348.59
b[1022] = -4524.64
b[1023] = -24991.1
b[1024] = -1167.86
b[1025] = -13314.1
b[1026] = 783.536
b[1027] = 783.536
b[1028] = -1592.72
b[1029] = 783.536
b[1030] = 783.536
b[1031] = -6800.04
b[1032] = 4182.36
b[1033] = -1.19885e+07
b[1034] = -4293.1
b[1035] = 783.536
b[1036] = -217.995
b[1037] = -1948.54
b[1038] = -5180.25
b[1039] = 1293.12
b[1040] = -217.995
b[1041] = -5494.21
b[1042] = 2673.86
b[1043] = -316.435
b[1044] = 0
b[1045] = -1948.54
b[1046] = -683.51
b[1047] = -4758.36
b[1048] = 54.0908
b[1049] = -4772.61
b[1050] = -2921.07
b[1051] = -5655.8
b[1052] = 0
b[1053] = -2.8061e+07
b[1054] = -669.641
b[1055] = 0
b[1056] = -1459.82
b[1057] = -3534.78
b[1058] = -3093.01
b[1059] = -1180.5
b[1060] = 249.807
b[1061] = -5445.59
b[1062] = -4201.45
b[1063] = 441.769
b[1064] = -1.2348e+07
b[1065] = 0
b[1066] = -5445.59
b[1067] = -3534.78
b[1068] = 26516.6
b[1069] = 24329.5
b[1070] = 24731.1
b[1071] = 26516.6
b[1072] = 30039.5
b[1073] = -1.94028e+07
b[1074] = 12059.3
b[1075] = -1751.79
b[1076] = 23581.4
b[1077] = -859.27
b[1078] = -5981.94
b[1079] = 67.9998
b[1080] = -5981.94
b[1081] = -3672.2
b[1082] = -5885.04
b[1083] = 0
b[1084] = -3.52767e+07
b[1085] = -833.737
b[1086] = 0
b[1087] = -1835.21
b[1088] = 846.219
b[1089] = 846.219
b[1090] = -1720.14
b[1091] = 846.219
b[1092] = 846.219
b[1093] = -7344.04
b[1094] = 4516.95
b[1095] = -1.27068e+07
b[1096] = -4613.51
b[1097] = -2767.98
b[1098] = -59523.9
b[1099] = -862.514
b[1100] = -59222.2
b[1101] = -2767.98
b[1102] = -5332.61
b[1103] = 1718.47
b[1104] = -1.55315e+07
b[1105] = -629.032
b[1106] = 0
b[1107] = -1376.41
b[1108] = -3690.64
b[1109] = -5981.94
b[1110] = 67.9998
b[1111] = -5953.44
b[1112] = -3690.64
b[1113] = -5885.04
b[1114] = 2291.3
b[1115] = -2.04856e+07
b[1116] = 0
b[1117] = -1835.21
b[1118] = -3690.64
b[1119] = 19600.7
b[1120] = 19600.7
b[1121] = 17171.1
b[1122] = 19600.7
b[1123] = 19600.7
b[1124] = 14699.4
b[1125] = 19488.9
b[1126] = 0
b[1127] = 19600.7
b[1128] = -22348.6
b[1129] = -898.328
b[1130] = -6253.84
b[1131] = 71.0908
b[1132] = -6239.6
b[1133] = -898.328
b[1134] = -5695.4
b[1135] = 5355.52
b[1136] = -2.15384e+07
b[1137] = -874.346
b[1138] = 0
b[1139] = -898.328
b[1140] = -898.328
b[1141] = -5166.22
b[1142] = -5166.22
b[1143] = -2420.94
b[1144] = -4684.77
b[1145] = -3187.37
b[1146] = -6140.58
b[1147] = -33916.5
b[1148] = -1584.95
b[1149] = -18069.1
b[1150] = -800.683
b[1151] = -5574.08
b[1152] = -5545.58
b[1153] = -3439.01
b[1154] = 2135.07
b[1155] = -1.90737e+07
b[1156] = 0
b[1157] = -1710.08
b[1158] = -230.818
b[1159] = -2063.16
b[1160] = -5484.97
b[1161] = 1369.19
b[1162] = -230.818
b[1163] = -5817.4
b[1164] = 2831.15
b[1165] = -667.065
b[1166] = 0
b[1167] = -1501.53
b[1168] = -2063.16
b[1169] = 908.901
b[1170] = 908.901
b[1171] = -1847.56
b[1172] = 908.901
b[1173] = 908.901
b[1174] = -7888.04
b[1175] = 4851.54
b[1176] = -1.37595e+07
b[1177] = -4965.92
b[1178] = 908.901
b[1179] = 1535.73
b[1180] = 1535.73
b[1181] = -3121.74
b[1182] = 1535.73
b[1183] = 1535.73
b[1184] = -3574.2
b[1185] = 8197.43
b[1186] = 1423.87
b[1187] = 0
b[1188] = 1535.73
b[1189] = -12217
b[1190] = -527.279
b[1191] = -3670.73
b[1192] = 41.7272
b[1193] = -3670.73
b[1194] = -2253.4
b[1195] = -4363.05
b[1196] = 1417.34
b[1197] = -1.27147e+07
b[1198] = -514.662
b[1199] = 0
b[1200] = -1126.15
b[1201] = -3942.64
b[1202] = -1847.56
b[1203] = -3575.22
b[1204] = -4686.24
b[1205] = -9.48259e+06
b[1206] = -2.32506e+07
b[1207] = -9.48314e+06
b[1208] = 13615.1
b[1209] = 12157
b[1210] = 12424.8
b[1211] = 13615.1
b[1212] = 15963.7
b[1213] = -1.33852e+07
b[1214] = 8039.52
b[1215] = -1167.86
b[1216] = 8935.94
b[1217] = -140.616
b[1218] = -140.616
b[1219] = 1938.07
b[1220] = -4438.2
b[1221] = -140.616
b[1222] = -3894.85
b[1223] = -4157.32
b[1224] = -2.88628e+07
b[1225] = -230.107
b[1226] = 783.536
b[1227] = 783.536
b[1228] = -1592.72
b[1229] = 783.536
b[1230] = 783.536
b[1231] = -6800.04
b[1232] = 4182.36
b[1233] = -1.19885e+07
b[1234] = -4293.1
b[1235] = 783.536
b[1236] = 11670.1
b[1237] = 10420.3
b[1238] = 10649.8
b[1239] = 11670.1
b[1240] = -8319.94
b[1241] = -1001.02
b[1242] = 7659.38
b[1243] = -2038.68
b[1244] = -7223.51
b[1245] = -3997.99
b[1246] = 1002.93
b[1247] = -468.693
b[1248] = -3262.88
b[1249] = -177.196
b[1250] = -2232.52
b[1251] = 0
b[1252] = -1.16301e+07
b[1253] = 0
b[1254] = -3262.88
b[1255] = -185.197
b[1256] = -3670.73
b[1257] = -3328.65
b[1258] = -2169.5
b[1259] = 342.082
b[1260] = -1.27076e+07
b[1261] = 0
b[1262] = -1126.15
b[1263] = 12511.1
b[1264] = 10960.3
b[1265] = 12511.1
b[1266] = 9382.57
b[1267] = 0
b[1268] = 12511.1
b[1269] = -14265.1
b[1270] = -1274.18
b[1271] = 626.829
b[1272] = -5935.64
b[1273] = 3345.89
b[1274] = -3428.08
b[1275] = 1.68366e+07
b[1276] = 2.24488e+07
b[1277] = -205.775
b[1278] = -3698.5
b[1279] = -3698.5
b[1280] = -2136.26
b[1281] = -3477.01
b[1282] = -2.40523e+07
b[1283] = -1251.28
b[1284] = -488.222
b[1285] = -3398.83
b[1286] = -184.579
b[1287] = -2086.48
b[1288] = 0
b[1289] = -2.00436e+07
b[1290] = -5309.55
b[1291] = -527.279
b[1292] = -3670.73
b[1293] = 41.7272
b[1294] = -199.346
b[1295] = -2253.4
b[1296] = -4363.05
b[1297] = 0
b[1298] = -1.27123e+07
b[1299] = -3737.85
b[1300] = 0
b[1301] = 12511.1
b[1302] = 960.45
b[1303] = -683.51
b[1304] = -4758.36
b[1305] = 54.0908
b[1306] = -258.411
b[1307] = -2921.07
b[1308] = -5655.8
b[1309] = 0
b[1310] = -1.65904e+07
b[1311] = -4847.85
b[1312] = 11183.9
b[1313] = 9986.14
b[1314] = 10182.2
b[1315] = 11183.9
b[1316] = 6603.89
b[1317] = -959.313
b[1318] = -243.645
b[1319] = -243.645
b[1320] = -243.645
b[1321] = -243.645
b[1322] = 0
b[1323] = -2.64576e+07
b[1324] = 10697.6
b[1325] = 9551.96
b[1326] = 9762.33
b[1327] = 10697.6
b[1328] = -917.604
b[1329] = -2420.94
b[1330] = -8577.91
b[1331] = -4713.62
b[1332] = 1190.97
b[1333] = -121.873
b[1334] = -3262.88
b[1335] = -2958.8
b[1336] = -1885.7
b[1337] = 346.819
b[1338] = -1.92419e+07
b[1339] = -1001.02
b[1340] = -2102.39
b[1341] = -8976.05
b[1342] = -5638.73
b[1343] = 53211.3
b[1344] = 53211.3
b[1345] = 0
b[1346] = -2.48541e+07
b[1347] = 13615.1
b[1348] = 12157
b[1349] = 12424.8
b[1350] = 13615.1
b[1351] = 8039.52
b[1352] = -1167.86
b[1353] = 15073.9
b[1354] = 13459.6
b[1355] = 13756
b[1356] = 15073.9
b[1357] = -14221.1
b[1358] = -1292.99
b[1359] = 9893.36
b[1360] = 14587.6
b[1361] = 13025.4
b[1362] = 14587.6
b[1363] = 8613.77
b[1364] = -1251.28
b[1365] = 16532.7
b[1366] = 16532.7
b[1367] = -15597.4
b[1368] = -1418.11
b[1369] = 10850.8
b[1370] = 7434.69
b[1371] = 6028.67
b[1372] = 6275.54
b[1373] = -2264.71
b[1374] = -1126.15
b[1375] = -23413.7
b[1376] = -1251.28
b[1377] = -14265.1
b[1378] = 16167.1
b[1379] = -1934.15
b[1380] = -273.177
b[1381] = -9640.97
b[1382] = 0
b[1383] = -1.73091e+07
b[1384] = -5888.47
b[1385] = 16532.7
b[1386] = 14762.1
b[1387] = 15087.2
b[1388] = 16532.7
b[1389] = 19384.5
b[1390] = -1.58712e+07
b[1391] = 9762.27
b[1392] = -1418.11
b[1393] = -3262.88
b[1394] = -2013.08
b[1395] = -21420.9
b[1396] = -1001.02
b[1397] = -11412.1
b[1398] = 1.68366e+07
b[1399] = 2248.55
b[1400] = 842.526
b[1401] = 2229
b[1402] = 1100.71
b[1403] = 2248.55
b[1404] = -1810.09
b[1405] = 0
b[1406] = -1.27108e+07
b[1407] = 938.469
b[1408] = 10697.6
b[1409] = 9551.96
b[1410] = 9762.33
b[1411] = 10697.6
b[1412] = 6316.76
b[1413] = -917.604
b[1414] = -353.106
b[1415] = -4622.41
b[1416] = -4297.28
b[1417] = -2837.61
b[1418] = 1784.8
b[1419] = -1.58996e+07
b[1420] = 0
b[1421] = -1418.11
b[1422] = 1607.46
b[1423] = -98.1904
b[1424] = -514.662
b[1425] = 4173.82
b[1426] = 843.103
b[1427] = -406.695
b[1428] = -177.196
b[1429] = 843.103
b[1430] = 0
b[1431] = -1.92419e+07
b[1432] = -311.565
b[1433] = -4078.59
b[1434] = -3698.5
b[1435] = -2516.35
b[1436] = 1562.25
b[1437] = -1.41195e+07
b[1438] = 0
b[1439] = -1251.28
b[1440] = -7318.91
b[1441] = 1128.29
b[1442] = 1128.29
b[1443] = -2293.52
b[1444] = 1128.29
b[1445] = 1128.29
b[1446] = -9792.05
b[1447] = 6022.6
b[1448] = -6151.35
b[1449] = 1128.29
b[1450] = 0
b[1451] = 0
b[1452] = 0
b[1453] = 0
b[1454] = 0
b[1455] = 0
b[1456] = 0
b[1457] = 0
b[1458] = 0
b[1459] = 0
b[1460] = 0
b[1461] = 0
b[1462] = 0
b[1463] = 0
b[1464] = 0
b[1465] = 0
b[1466] = 0
b[1467] = 0
b[1468] = 1282.4
b[1469] = 0
b[1470] = 1282.4
b[1471] = 0
b[1472] = 1282.4
b[1473] = 1282.4
b[1474] = 0
b[1475] = 0
b[1476] = 0
b[1477] = 0
b[1478] = 0
b[1479] = 0
b[1480] = 0
b[1481] = 0
b[1482] = 0
b[1483] = 0
b[1484] = 0
b[1485] = 0
b[1486] = 0
b[1487] = 0
b[1488] = 0
b[1489] = 0
b[1490] = 0
b[1491] = 0
b[1492] = 1.00343e+07
b[1493] = 1.00343e+07
b[1494] = 1.00343e+07
b[1495] = 1.00343e+07
b[1496] = 1.00343e+07
b[1497] = 1.00343e+07
b[1498] = 959.783
b[1499] = 959.783
b[1500] = 223.727
b[1501] = 223.727
b[1502] = 0
b[1503] = 0
b[1504] = 0
b[1505] = 0
b[1506] = 0
b[1507] = 0
b[1508] = 0
b[1509] = 0
b[1510] = 0
b[1511] = 0
b[1512] = 0
b[1513] = 0
b[1514] = 0
b[1515] = 0
b[1516] = 0
b[1517] = 0
b[1518] = 0
b[1519] = 0
b[1520] = 0
b[1521] = 0
b[1522] = 0
b[1523] = 0
b[1524] = 0
b[1525] = 0
b[1526] = 0
b[1527] = 0
b[1528] = 0
b[1529] = 0
b[1530] = 0
b[1531] = 0
b[1532] = 0
b[1533] = 0
b[1534] = 0
b[1535] = 0
b[1536] = 0
b[1537] = 0
b[1538] = 0
b[1539] = 0
b[1540] = 0
b[1541] = 0
b[1542] = 0
b[1543] = 0
b[1544] = 0
b[1545] = 0
b[1546] = 0
b[1547] = 0
b[1548] = 0
b[1549] = 0
b[1550] = 0
b[1551] = 0
b[1552] = 484449
b[1553] = 484449
b[1554] = 484449
b[1555] = 484449
b[1556] = 484449
b[1557] = 484449
b[1558] = 0
b[1559] = -3.41165e+08
b[1560] = -3.41167e+08
b[1561] = -3.41167e+08
b[1562] = 0
b[1563] = -3.41167e+08
b[1564] = 0
b[1565] = 0
b[1566] = 0
b[1567] = 0
b[1568] = 0
b[1569] = 0
b[1570] = 0
b[1571] = 0
b[1572] = 0
b[1573] = 484449
b[1574] = 0
b[1575] = 484449
b[1576] = 0
b[1577] = 484449
b[1578] = 0
b[1579] = 0
b[1580] = 0
b[1581] = 0
b[1582] = -161.483
b[1583] = -161.483
b[1584] = -161.483
b[1585] = -161.483
b[1586] = -161.483
b[1587] = -161.483
b[1588] = -671.43
b[1589] = -161.483
b[1590] = -161.483
b[1591] = -161.483
b[1592] = -161.483
b[1593] = -161.483
b[1594] = -161.483
b[1595] = -161.483
b[1596] = -161.483
b[1597] = -161.483
b[1598] = -161.483
b[1599] = -161.483
b[1600] = -671.43
b[1601] = 358962
b[1602] = -161.483
b[1603] = -161.483
b[1604] = -161.483
b[1605] = -161.483
b[1606] = -161.483
b[1607] = -161.483
b[1608] = -161.483
b[1609] = -161.483
b[1610] = -671.43
b[1611] = 358962
b[1612] = -161.483
b[1613] = -161.483
b[1614] = -161.483
b[1615] = -161.483
b[1616] = -161.483
b[1617] = -161.483
b[1618] = -161.483
b[1619] = -161.483
b[1620] = -161.483
b[1621] = -671.43
b[1622] = 358962
b[1623] = -161.483
b[1624] = -161.483
b[1625] = -161.483
b[1626] = -161.483
b[1627] = -161.483
b[1628] = -161.483
b[1629] = -161.483
b[1630] = -161.483
b[1631] = -161.483
b[1632] = -161.483
b[1633] = -671.43
b[1634] = 358962
b[1635] = -161.483
b[1636] = -161.483
b[1637] = -161.483
b[1638] = -161.483
b[1639] = -161.483
b[1640] = -161.483
b[1641] = -161.483
b[1642] = -161.483
b[1643] = -161.483
b[1644] = -161.483
b[1645] = -671.43
b[1646] = 358962
b[1647] = -161.483
v:
v[0] = -2870.54
v[1] = -4147.48
v[2] = -2764.99
v[3] = -2181.61
v[4] = -5397.28
v[5] = 46473.5
v[6] = -12003.5
v[7] = -3801.86
v[8] = -5172.39
v[9] = -5172.39
v[10] = -3598.19
v[11] = -119.655
v[12] = -4320.29
v[13] = -2060.78
v[14] = -1492.68
v[15] = -5049.21
v[16] = -3801.86
v[17] = -3629.05
v[18] = -2246.55
v[19] = -5847.05
v[20] = -3283.42
v[21] = -1951.96
v[22] = -2907.51
v[23] = -3974.67
v[24] = -3974.67
v[25] = -4147.48
v[26] = -1837.14
v[27] = -2526.07
v[28] = -2246.55
v[29] = -1843.86
v[30] = -2907.51
v[31] = -125.399
v[32] = -665.509
v[33] = -1837.14
v[34] = -2937.8
v[35] = -3591.63
v[36] = -3629.05
v[37] = -3801.86
v[38] = -3762.66
v[39] = -3629.05
v[40] = -3933.69
v[41] = -4147.48
v[42] = -1951.96
v[43] = -2419.36
v[44] = -5622.17
v[45] = -2764.99
v[46] = -8162.37
v[47] = -1024.67
v[48] = -2764.99
v[49] = -3249.57
v[50] = -4947.51
v[51] = 42552.7
v[52] = -2592.18
v[53] = -3933.69
v[54] = -4493.1
v[55] = -2223.39
v[56] = -54.2224
v[57] = -3509.85
v[58] = -5622.17
v[59] = -5847.05
v[60] = 6930.41
v[61] = -5130.9
v[62] = 9580.27
v[63] = -7776.53
v[64] = -8294.96
v[65] = -7354.28
v[66] = 6493.5
v[67] = -7430.9
v[68] = -4665.92
v[69] = -5011.54
v[70] = -24949
v[71] = -10909.4
v[72] = 5156.6
v[73] = -21835.5
v[74] = -14884.3
v[75] = -4446.78
v[76] = 6930.41
v[77] = -4387.17
v[78] = -5052.14
v[79] = 5095.89
v[80] = -23526.8
v[81] = -8038.4
v[82] = -5396.61
v[83] = -6206.13
v[84] = -6739.66
v[85] = -7871.03
v[86] = -2222.61
v[87] = -13443.9
v[88] = -4275.75
v[89] = -3903.93
v[90] = -6048.41
v[91] = -5847.05
v[92] = 8561.1
v[93] = -7603.72
v[94] = -4617.81
v[95] = -60740.3
v[96] = -7603.72
v[97] = 8976.31
v[98] = -4989.27
v[99] = -18245.3
v[100] = -7085.28
v[101] = -4133.57
v[102] = -4959.87
v[103] = -8380.46
v[104] = -4654.6
v[105] = -9.48473e+06
v[106] = 5707.4
v[107] = -3342.22
v[108] = -4275.75
v[109] = 4892.05
v[110] = -5472.96
v[111] = -4147.48
v[112] = -4570.71
v[113] = 5729.56
v[114] = -3420.6
v[115] = -5212.22
v[116] = -4320.29
v[117] = -4665.92
v[118] = 5729.56
v[119] = -6048.41
v[120] = 4688.22
v[121] = -3178.45
v[122] = 4484.38
v[123] = -6499.13
v[124] = -4020.1
v[125] = -5643.98
v[126] = -5357.16
v[127] = 5707.4
v[128] = 6318.9
v[129] = 6115.07
v[130] = 6930.41
v[131] = 5033.49
v[132] = -14404.2
v[133] = -6394.03
v[134] = 6930.41
v[135] = -11523.3
v[136] = -668.664
v[137] = 4484.38
v[138] = -5861.35
v[139] = -115.796
v[140] = -4147.48
v[141] = -5184.35
v[142] = -6157.07
v[143] = -72.5496
v[144] = -124.624
v[145] = -54.1621
v[146] = -111.026
v[147] = -72.5496
v[148] = -208.256
v[149] = -498.618
v[150] = -196.763
v[151] = -103.972
v[152] = -352.468
v[153] = -407.028
v[154] = -156.846
v[155] = 0
v[156] = 0
v[157] = 0
v[158] = 0
v[159] = 0
v[160] = 0
v[161] = 0
v[162] = 0
v[163] = 0
v[164] = 0
v[165] = 0
v[166] = 0
v[167] = 4.27853e-13
v[168] = -5.3896e-13
v[169] = 3.41863e-12
v[170] = 0
v[171] = -0
v[172] = 2.0312e-11
v[173] = 0
v[174] = -334478
v[175] = -7.45755
v[176] = -0
v[177] = 0
v[178] = 4.59881e-12
v[179] = -2.97807e-11
v[180] = 0
v[181] = 0
v[182] = 1.28356e-11
v[183] = 0
v[184] = -1.5691e-10
v[185] = 9.64308e-12
v[186] = -1.61688e-11
v[187] = 0
v[188] = 0
v[189] = -1.03868e-10
v[190] = 0
v[191] = 1.02559e-10
v[192] = 0
v[193] = 0
v[194] = 0
v[195] = 2.29816e-10
v[196] = 0
v[197] = 0
v[198] = 0
v[199] = 0
v[200] = 1.32997e-10
v[201] = 0
v[202] = 0
v[203] = 0
v[204] = 0
v[205] = 1.7704e-11
v[206] = 0
v[207] = 0
v[208] = 0
v[209] = 2.78955e-10
v[210] = 0
v[211] = 0
v[212] = 0
v[213] = 6.09361e-10
v[214] = 0
v[215] = 0
v[216] = 0
v[217] = 0
v[218] = 0
v[219] = 0
v[220] = 0
v[221] = 0
v[222] = -69.7057
v[223] = 0
v[224] = 0
v[225] = 0
v[226] = 0
v[227] = 0
v[228] = 0
v[229] = 0
v[230] = 0
v[231] = -0
v[232] = 0
v[233] = 0
v[234] = 0
v[235] = -0
v[236] = -7.37428e-13
v[237] = 0
v[238] = 2.04338e-10
v[239] = 0
v[240] = 0
v[241] = 1.37964e-10
v[242] = 3.42302e-10
v[243] = 0
v[244] = 1.37964e-10
v[245] = 1.50635e-12
v[246] = -1.35818e-13
v[247] = 2.10321e-12
v[248] = 1.55766e-12
v[249] = -3.65415e-12
v[250] = -4.21951e-12
v[251] = 161.483
v[252] = 161.483
v[253] = 161.483
v[254] = 161.483
v[255] = 161.483
v[256] = 161.483
v[257] = 671.43
v[258] = -358962
v[259] = 161.483
v[260] = 161.483
v[261] = 161.483
v[262] = 161.483
v[263] = 1.36424e-12
v[264] = 0
v[265] = 1.62752e-14
v[266] = -5.64705e-13
v[267] = 1.62752e-14
v[268] = 7.11853e-12
v[269] = -4.26326e-13
v[270] = 7.14831e-13
v[271] = 0
v[272] = 0
v[273] = 4.59207e-12
v[274] = 5.12901e-12
v[275] = -4.53148e-13
v[276] = 8.46692e-12
v[277] = 8.46692e-12
v[278] = 0
v[279] = 0
v[280] = 5.18454e-12
v[281] = -0
v[282] = 0
v[283] = -0
v[284] = -6.01987e-12
v[285] = -0
v[286] = -0
v[287] = -5.16722e-12
v[288] = -5.16722e-12
v[289] = -5.96856e-12
v[290] = -5.16722e-12
v[291] = 0
v[292] = 0
v[293] = -1.95541e-11
v[294] = -9.27685e-12
v[295] = -9.27685e-12
v[296] = 0
v[297] = -3.1727e-11
v[298] = -9.27685e-12
v[299] = -5.60925e-12
v[300] = -6.37221e-12
v[301] = -6.92365e-12
v[302] = -6.49475e-12
v[303] = 0
v[304] = 0
v[305] = -359123
v[306] = 0
v[307] = 0
v[308] = 0
v[309] = -359123
v[310] = -1.25483e-10
v[311] = -0
v[312] = -0
v[313] = -0
v[314] = 0
v[315] = -0
v[316] = 0
v[317] = -0
v[318] = -0
v[319] = 0
v[320] = 6.73026e-14
v[321] = 0
v[322] = -2.50076e-12
v[323] = 0
v[324] = 0
v[325] = 1.54425e-13
v[326] = -1.15749e-11
v[327] = 0
v[328] = 5.93974e-13
v[329] = 0
v[330] = 0
v[331] = -2.04338e-10
v[332] = 0
v[333] = 0
v[334] = 0
v[335] = 0
v[336] = 0
v[337] = 0
v[338] = 0
v[339] = 0
v[340] = 0
v[341] = 0
v[342] = 0
v[343] = 0
v[344] = 0
v[345] = 0
v[346] = 1.54614e-11
v[347] = 0
v[348] = 8.04357e-09
v[349] = 0
v[350] = -4.90886e-09
v[351] = -8.813e-09
v[352] = 484449
v[353] = -3.41167e+08
v[354] = -0
v[355] = 0
v[356] = 484449
v[357] = 5.25506e-09
v[358] = 0
v[359] = 0
v[360] = -3621.5
v[361] = 0
v[362] = 0
v[363] = 0
v[364] = 0
v[365] = 0
v[366] = 0
v[367] = 0
v[368] = 0
v[369] = 0
v[370] = 3.63798e-12
v[371] = 0
v[372] = -22.2965
v[373] = 0
v[374] = 0
v[375] = 0
v[376] = 0
v[377] = 0
v[378] = 0
v[379] = 0
v[380] = 0
v[381] = 0
v[382] = 0
v[383] = -246.077
v[384] = 0
v[385] = 0
v[386] = -1.24328e-09
v[387] = 0
v[388] = 0
v[389] = 0
v[390] = 0
v[391] = 0
v[392] = 0
v[393] = -149.762
v[394] = 0
v[395] = 0
v[396] = 0
v[397] = 0
v[398] = 0
v[399] = 0
v[400] = 0
v[401] = 0
v[402] = 3.63798e-12
v[403] = 0
v[404] = 0
v[405] = 0
v[406] = 0
v[407] = 0
v[408] = 0
v[409] = 0
v[410] = 0
v[411] = 0
v[412] = 0
v[413] = 0
v[414] = -48892.9
v[415] = 0
v[416] = -49083.2
v[417] = 0
v[418] = 0
v[419] = 0
v[420] = 0
v[421] = 0
v[422] = 0
v[423] = 0
v[424] = -4863.59
v[425] = 0
v[426] = 0
v[427] = 0
v[428] = 0
v[429] = 0
v[430] = 0
v[431] = 0
v[432] = 0
v[433] = -9962.59
v[434] = 0
v[435] = -1528.67
v[436] = 0
v[437] = 0
v[438] = 0
v[439] = 0
v[440] = 0
v[441] = 0
v[442] = 0
v[443] = 0
v[444] = 0
v[445] = 0
v[446] = 0
v[447] = 0
v[448] = 0
v[449] = 0
v[450] = -1690.33
v[451] = 0
v[452] = 0
v[453] = 0
v[454] = 0
v[455] = 0
v[456] = 0
v[457] = 0
v[458] = 0
v[459] = 0
v[460] = 0
v[461] = -1690.33
v[462] = 0
v[463] = 0
v[464] = 0
v[465] = 0
v[466] = 0
v[467] = 0
v[468] = 0
v[469] = 0
v[470] = 0
v[471] = 0
v[472] = -1175.88
v[473] = 0
v[474] = 0
v[475] = 0
v[476] = 0
v[477] = 0
v[478] = 0
v[479] = 0
v[480] = 0
v[481] = 0
v[482] = -122.943
v[483] = 0
v[484] = 0
v[485] = -2990.96
v[486] = 0
v[487] = 0
v[488] = 0
v[489] = 0
v[490] = -1737.13
v[491] = 0
v[492] = 0
v[493] = 0
v[494] = 0
v[495] = 0
v[496] = 0
v[497] = 0
v[498] = 0
v[499] = 0
v[500] = 0
v[501] = 0
v[502] = -1222.64
v[503] = 0
v[504] = -1509.51
v[505] = 0
v[506] = 0
v[507] = 0
v[508] = 0
v[509] = 0
v[510] = 0
v[511] = 0
v[512] = 0
v[513] = 0
v[514] = -1883.18
v[515] = 0
v[516] = 0
v[517] = 0
v[518] = 0
v[519] = 0
v[520] = 0
v[521] = 0
v[522] = 0
v[523] = 0
v[524] = 0
v[525] = 0
v[526] = 0
v[527] = 0
v[528] = 0
v[529] = 0
v[530] = 0
v[531] = 0
v[532] = 0
v[533] = -6474.14
v[534] = -1528.67
v[535] = 0
v[536] = 0
v[537] = -126.515
v[538] = 0
v[539] = 0
v[540] = 0
v[541] = 0
v[542] = 0
v[543] = 0
v[544] = 0
v[545] = -1459.19
v[546] = 0
v[547] = 0
v[548] = 0
v[549] = 0
v[550] = 0
v[551] = 0
v[552] = 0
v[553] = 0
v[554] = 0
v[555] = 0
v[556] = -897.859
v[557] = 0
v[558] = 0
v[559] = -205.281
v[560] = 0
v[561] = 0
v[562] = 0
v[563] = 0
v[564] = 0
v[565] = 0
v[566] = 0
v[567] = 0
v[568] = 0
v[569] = 0
v[570] = 0
v[571] = -1910.81
v[572] = 0
v[573] = 0
v[574] = 0
v[575] = 0
v[576] = 0
v[577] = 0
v[578] = 0
v[579] = 0
v[580] = -76.689
v[581] = 0
v[582] = 0
v[583] = 0
v[584] = 0
v[585] = 0
v[586] = 0
v[587] = 0
v[588] = 0
v[589] = 0
v[590] = -2462.62
v[591] = 0
v[592] = 0
v[593] = 0
v[594] = 0
v[595] = 0
v[596] = 0
v[597] = 0
v[598] = 0
v[599] = 0
v[600] = 0
v[601] = 0
v[602] = 0
v[603] = 0
v[604] = -2176.43
v[605] = 0
v[606] = 0
v[607] = -965.443
v[608] = 0
v[609] = 0
v[610] = -1598.16
v[611] = 0
v[612] = 0
v[613] = 0
v[614] = 0
v[615] = 0
v[616] = 0
v[617] = 0
v[618] = 0
v[619] = 2.83762e-10
v[620] = 0
v[621] = -1598.16
v[622] = 0
v[623] = 0
v[624] = -116.722
v[625] = 0
v[626] = 0
v[627] = 0
v[628] = 0
v[629] = 0
v[630] = 0
v[631] = 0
v[632] = 0
v[633] = 0
v[634] = 0
v[635] = 0
v[636] = -1763.83
v[637] = 0
v[638] = 0
v[639] = 0
v[640] = 0
v[641] = 0
v[642] = 0
v[643] = 0
v[644] = 0
v[645] = -2317.76
v[646] = 0
v[647] = 0
v[648] = 0
v[649] = 0
v[650] = 0
v[651] = 0
v[652] = 0
v[653] = 0
v[654] = 0
v[655] = 0
v[656] = -3186.92
v[657] = 0
v[658] = 0
v[659] = 0
v[660] = 0
v[661] = 0
v[662] = 0
v[663] = 0
v[664] = 0
v[665] = -676.974
v[666] = 0
v[667] = 0
v[668] = -205.281
v[669] = 0
v[670] = 0
v[671] = 0
v[672] = 0
v[673] = 0
v[674] = 0
v[675] = 0
v[676] = 0
v[677] = -1093.94
v[678] = 0
v[679] = -1382.11
v[680] = 0
v[681] = 0
v[682] = 0
v[683] = 0
v[684] = 0
v[685] = 0
v[686] = 0
v[687] = 0
v[688] = 0
v[689] = 0
v[690] = 0
v[691] = 0
v[692] = -2176.43
v[693] = 0
v[694] = 0
v[695] = -965.443
v[696] = 0
v[697] = 0
v[698] = 0
v[699] = 0
v[700] = 0
v[701] = -113.149
v[702] = 0
v[703] = 0
v[704] = -3158.02
v[705] = 0
v[706] = 0
v[707] = 0
v[708] = 0
v[709] = 0
v[710] = 0
v[711] = -86.4172
v[712] = 0
v[713] = 0
v[714] = -1581.04
v[715] = 0
v[716] = 0
v[717] = 0
v[718] = 0
v[719] = 0
v[720] = 0
v[721] = -2317.76
v[722] = 0
v[723] = 0
v[724] = 0
v[725] = 0
v[726] = 0
v[727] = 0
v[728] = 0
v[729] = 0
v[730] = -1174.12
v[731] = 0
v[732] = 0
v[733] = -288.174
v[734] = 0
v[735] = 0
v[736] = 0
v[737] = 0
v[738] = 0
v[739] = 0
v[740] = 0
v[741] = 0
v[742] = 0
v[743] = 0
v[744] = 0
v[745] = 0
v[746] = -1380.64
v[747] = 0
v[748] = 0
v[749] = -1176.73
v[750] = 0
v[751] = 0
v[752] = -1459.19
v[753] = 0
v[754] = 0
v[755] = 0
v[756] = 0
v[757] = 0
v[758] = 0
v[759] = 0
v[760] = 0
v[761] = 0
v[762] = 0
v[763] = -1528.67
v[764] = 0
v[765] = 0
v[766] = 0
v[767] = 0
v[768] = 0
v[769] = 0
v[770] = 0
v[771] = 0
v[772] = 0
v[773] = 0
v[774] = 0
v[775] = 0
v[776] = 0
v[777] = 0
v[778] = 0
v[779] = -1192.37
v[780] = 0
v[781] = 0
v[782] = -1223.42
v[783] = 0
v[784] = 0
v[785] = -1459.19
v[786] = 0
v[787] = 0
v[788] = 0
v[789] = 0
v[790] = 0
v[791] = 0
v[792] = 0
v[793] = 0
v[794] = 0
v[795] = 0
v[796] = -1659.72
v[797] = 0
v[798] = 0
v[799] = 0
v[800] = 0
v[801] = 0
v[802] = 0
v[803] = 0
v[804] = 0
v[805] = 0
v[806] = 0
v[807] = -1667.64
v[808] = 0
v[809] = 0
v[810] = 0
v[811] = 0
v[812] = 0
v[813] = 0
v[814] = 0
v[815] = 0
v[816] = 0
v[817] = 0
v[818] = 0
v[819] = 0
v[820] = -2462.62
v[821] = 0
v[822] = 0
v[823] = 0
v[824] = 0
v[825] = 0
v[826] = 0
v[827] = 0
v[828] = 0
v[829] = -972.792
v[830] = 0
v[831] = 0
v[832] = 0
v[833] = 0
v[834] = 0
v[835] = 0
v[836] = 0
v[837] = 0
v[838] = 0
v[839] = 0
v[840] = 0
v[841] = 0
v[842] = 0
v[843] = 0
v[844] = -1837.32
v[845] = 0
v[846] = 0
v[847] = 0
v[848] = 0
v[849] = 0
v[850] = 0
v[851] = -1111.76
v[852] = 0
v[853] = 0
v[854] = 0
v[855] = 0
v[856] = 0
v[857] = 0
v[858] = 0
v[859] = 0
v[860] = 0
v[861] = 0
v[862] = -1433.04
v[863] = 0
v[864] = 0
v[865] = 0
v[866] = 0
v[867] = 0
v[868] = 0
v[869] = 0
v[870] = 0
v[871] = -3764.04
v[872] = 0
v[873] = 0
v[874] = 0
v[875] = 0
v[876] = -103.356
v[877] = 0
v[878] = 0
v[879] = -2431.57
v[880] = 0
v[881] = 0
v[882] = 0
v[883] = 0
v[884] = -1105.06
v[885] = 0
v[886] = 0
v[887] = -246.077
v[888] = 0
v[889] = 0
v[890] = 0
v[891] = 0
v[892] = 0
v[893] = 0
v[894] = 0
v[895] = 0
v[896] = 0
v[897] = 0
v[898] = 0
v[899] = 0
v[900] = -43871.2
v[901] = 0
v[902] = 0
v[903] = -1058.82
v[904] = 0
v[905] = 0
v[906] = 0
v[907] = 0
v[908] = 0
v[909] = 0
v[910] = -1616.84
v[911] = 0
v[912] = 0
v[913] = 0
v[914] = 0
v[915] = 0
v[916] = 0
v[917] = 0
v[918] = -45490.5
v[919] = 0
v[920] = -45778.6
v[921] = 0
v[922] = 0
v[923] = 0
v[924] = 0
v[925] = 0
v[926] = 0
v[927] = 0
v[928] = 0
v[929] = 7.27596e-12
v[930] = 0
v[931] = -246.727
v[932] = 0
v[933] = 0
v[934] = 0
v[935] = 0
v[936] = 0
v[937] = 0
v[938] = 0
v[939] = 0
v[940] = 0
v[941] = 0
v[942] = 0
v[943] = 0
v[944] = 0
v[945] = 0
v[946] = 0
v[947] = 0
v[948] = -7109.52
v[949] = -1806.61
v[950] = 0
v[951] = 0
v[952] = 0
v[953] = 0
v[954] = 0
v[955] = 0
v[956] = 0
v[957] = 0
v[958] = 0
v[959] = 0
v[960] = 0
v[961] = 0
v[962] = 0
v[963] = 0
v[964] = 0
v[965] = -2972.22
v[966] = 0
v[967] = 0
v[968] = -729.62
v[969] = 0
v[970] = 0
v[971] = -12572.2
v[972] = 0
v[973] = 0
v[974] = -116.722
v[975] = 0
v[976] = 0
v[977] = 0
v[978] = 0
v[979] = 0
v[980] = -49823.3
v[981] = 0
v[982] = 0
v[983] = 0
v[984] = -2722.51
v[985] = 0
v[986] = 0
v[987] = 0
v[988] = 0
v[989] = 0
v[990] = 0
v[991] = 0
v[992] = 0
v[993] = 4.36557e-11
v[994] = 0
v[995] = 0
v[996] = 0
v[997] = 0
v[998] = 0
v[999] = 0
v[1000] = 0
v[1001] = 0
v[1002] = 0
v[1003] = 0
v[1004] = 0
v[1005] = 0
v[1006] = 0
v[1007] = 0
v[1008] = -1910.81
v[1009] = 0
v[1010] = 0
v[1011] = 0
v[1012] = 0
v[1013] = 0
v[1014] = 0
v[1015] = 0
v[1016] = 0
v[1017] = 0
v[1018] = 0
v[1019] = 0
v[1020] = 0
v[1021] = 0
v[1022] = 0
v[1023] = 0
v[1024] = 0
v[1025] = 0
v[1026] = 0
v[1027] = 0
v[1028] = 0
v[1029] = 0
v[1030] = -237.955
v[1031] = 0
v[1032] = -257.984
v[1033] = 0
v[1034] = -3265.8
v[1035] = 0
v[1036] = 0
v[1037] = 0
v[1038] = 0
v[1039] = 0
v[1040] = 0
v[1041] = 0
v[1042] = 0
v[1043] = -22165
v[1044] = 0
v[1045] = -0
v[1046] = 0
v[1047] = 0
v[1048] = 0
v[1049] = 0
v[1050] = 0
v[1051] = 0
v[1052] = 0
v[1053] = 0
v[1054] = 0
v[1055] = 0
v[1056] = -652.739
v[1057] = 0
v[1058] = 0
v[1059] = 0
v[1060] = -1.62186e+07
v[1061] = 0
v[1062] = 0
v[1063] = 0
v[1064] = 0
v[1065] = 0
v[1066] = 0
v[1067] = 0
v[1068] = 0
v[1069] = 0
v[1070] = 0
v[1071] = -13291.7
v[1072] = 0
v[1073] = 0
v[1074] = 0
v[1075] = 0
v[1076] = 0
v[1077] = 0
v[1078] = 0
v[1079] = 0
v[1080] = -22818.2
v[1081] = 0
v[1082] = 0
v[1083] = 0
v[1084] = 0
v[1085] = 0
v[1086] = 0
v[1087] = 0
v[1088] = 0
v[1089] = 0
v[1090] = 0
v[1091] = 0
v[1092] = -25.0835
v[1093] = 0
v[1094] = 0
v[1095] = 0
v[1096] = -8.93484e+06
v[1097] = 0
v[1098] = 0
v[1099] = 0
v[1100] = 0
v[1101] = 0
v[1102] = 0
v[1103] = 0
v[1104] = -598.931
v[1105] = 0
v[1106] = 0
v[1107] = -598.931
v[1108] = 0
v[1109] = 0
v[1110] = -7098.14
v[1111] = 0
v[1112] = 0
v[1113] = 0
v[1114] = 0
v[1115] = 0
v[1116] = 0
v[1117] = 0
v[1118] = 0
v[1119] = 0
v[1120] = -611.293
v[1121] = 0
v[1122] = 0
v[1123] = 0
v[1124] = 0
v[1125] = 0
v[1126] = 0
v[1127] = 0
v[1128] = 0
v[1129] = 0
v[1130] = 0
v[1131] = 0
v[1132] = 0
v[1133] = 0
v[1134] = 0
v[1135] = 0
v[1136] = 0
v[1137] = 0
v[1138] = 0
v[1139] = 0
v[1140] = 0
v[1141] = 0
v[1142] = 0
v[1143] = 0
v[1144] = 0
v[1145] = 0
v[1146] = 0
v[1147] = 0
v[1148] = 0
v[1149] = 0
v[1150] = 0
v[1151] = -3389.3
v[1152] = 0
v[1153] = 0
v[1154] = 0
v[1155] = 0
v[1156] = 0
v[1157] = 0
v[1158] = -1409.17
v[1159] = 0
v[1160] = 0
v[1161] = -1434.71
v[1162] = 0
v[1163] = 0
v[1164] = 0
v[1165] = 0
v[1166] = 0
v[1167] = 0
v[1168] = 0
v[1169] = 0
v[1170] = 0
v[1171] = 0
v[1172] = -105.933
v[1173] = 0
v[1174] = -130.088
v[1175] = 0
v[1176] = 0
v[1177] = 0
v[1178] = 0
v[1179] = 0
v[1180] = 0
v[1181] = 0
v[1182] = 0
v[1183] = 0
v[1184] = -6373.84
v[1185] = 0
v[1186] = 0
v[1187] = 0
v[1188] = 0
v[1189] = 0
v[1190] = 0
v[1191] = 0
v[1192] = 0
v[1193] = 0
v[1194] = 0
v[1195] = 0
v[1196] = 0
v[1197] = 0
v[1198] = 0
v[1199] = 0
v[1200] = 0
v[1201] = -11789.9
v[1202] = 0
v[1203] = 0
v[1204] = 0
v[1205] = 0
v[1206] = 0
v[1207] = 0
v[1208] = 0
v[1209] = -5357.27
v[1210] = 0
v[1211] = 0
v[1212] = 0
v[1213] = 0
v[1214] = 0
v[1215] = 0
v[1216] = 0
v[1217] = 0
v[1218] = 0
v[1219] = 0
v[1220] = -7689.56
v[1221] = 0
v[1222] = 0
v[1223] = -6808.42
v[1224] = 0
v[1225] = 0
v[1226] = 0
v[1227] = 0
v[1228] = 0
v[1229] = 0
v[1230] = 0
v[1231] = 0
v[1232] = -15.087
v[1233] = 0
v[1234] = -160.393
v[1235] = 0
v[1236] = 0
v[1237] = 0
v[1238] = 0
v[1239] = 0
v[1240] = 0
v[1241] = 0
v[1242] = 0
v[1243] = 0
v[1244] = 0
v[1245] = 0
v[1246] = 0
v[1247] = 0
v[1248] = 0
v[1249] = 0
v[1250] = 0
v[1251] = -32.5157
v[1252] = -2572.25
v[1253] = 0
v[1254] = 0
v[1255] = 0
v[1256] = 0
v[1257] = 0
v[1258] = 0
v[1259] = 0
v[1260] = 0
v[1261] = 0
v[1262] = -2961.74
v[1263] = 0
v[1264] = 0
v[1265] = 0
v[1266] = 0
v[1267] = 0
v[1268] = 0
v[1269] = 0
v[1270] = 0
v[1271] = 0
v[1272] = -6199.6
v[1273] = 0
v[1274] = 0
v[1275] = 0
v[1276] = 0
v[1277] = 0
v[1278] = 0
v[1279] = -1354.97
v[1280] = 0
v[1281] = 0
v[1282] = -1388.02
v[1283] = 0
v[1284] = 0
v[1285] = 0
v[1286] = -4925.24
v[1287] = 0
v[1288] = 0
v[1289] = 0
v[1290] = 0
v[1291] = 0
v[1292] = 0
v[1293] = 0
v[1294] = 0
v[1295] = 0
v[1296] = 0
v[1297] = -490.204
v[1298] = 0
v[1299] = 0
v[1300] = 0
v[1301] = -1.14707e+07
v[1302] = 0
v[1303] = 0
v[1304] = 0
v[1305] = 0
v[1306] = 0
v[1307] = 0
v[1308] = -1910.81
v[1309] = 0
v[1310] = 0
v[1311] = 0
v[1312] = 0
v[1313] = 0
v[1314] = 0
v[1315] = 0
v[1316] = 0
v[1317] = 0
v[1318] = 0
v[1319] = 0
v[1320] = 0
v[1321] = 0
v[1322] = 0
v[1323] = 0
v[1324] = 0
v[1325] = -598.344
v[1326] = 0
v[1327] = 0
v[1328] = 0
v[1329] = -1.47835e+07
v[1330] = 0
v[1331] = 0
v[1332] = 0
v[1333] = 0
v[1334] = 0
v[1335] = 0
v[1336] = 0
v[1337] = -1463.37
v[1338] = 0
v[1339] = 0
v[1340] = -1481.39
v[1341] = 0
v[1342] = 0
v[1343] = 0
v[1344] = -147.027
v[1345] = 0
v[1346] = 0
v[1347] = 0
v[1348] = 0
v[1349] = 0
v[1350] = 0
v[1351] = 0
v[1352] = 0
v[1353] = 0
v[1354] = -569.846
v[1355] = 0
v[1356] = 0
v[1357] = 0
v[1358] = 0
v[1359] = 0
v[1360] = 0
v[1361] = 0
v[1362] = 0
v[1363] = 0
v[1364] = 0
v[1365] = 0
v[1366] = 0
v[1367] = 0
v[1368] = 0
v[1369] = -31542.9
v[1370] = 0
v[1371] = -2960.07
v[1372] = 0
v[1373] = -3571.36
v[1374] = 0
v[1375] = 0
v[1376] = 0
v[1377] = 0
v[1378] = 0
v[1379] = 0
v[1380] = 0
v[1381] = 0
v[1382] = 0
v[1383] = 0
v[1384] = 0
v[1385] = 0
v[1386] = 0
v[1387] = -8413.74
v[1388] = 0
v[1389] = 0
v[1390] = 9.09495e-12
v[1391] = -529.05
v[1392] = 0
v[1393] = 0
v[1394] = 0
v[1395] = 0
v[1396] = 0
v[1397] = 0
v[1398] = -5214.96
v[1399] = 0
v[1400] = 0
v[1401] = 0
v[1402] = 0
v[1403] = 0
v[1404] = 0
v[1405] = 0
v[1406] = 0
v[1407] = 0
v[1408] = 0
v[1409] = 0
v[1410] = 0
v[1411] = -1571.76
v[1412] = 0
v[1413] = 0
v[1414] = -1599.3
v[1415] = 0
v[1416] = 0
v[1417] = 0
v[1418] = 0
v[1419] = 0
v[1420] = 0
v[1421] = 0
v[1422] = 0
v[1423] = 0
v[1424] = 0
v[1425] = -4063.81
v[1426] = 0
v[1427] = -11.3153
v[1428] = 0
v[1429] = -378.481
v[1430] = 0
v[1431] = 0
v[1432] = 0
v[1433] = -2434.57
v[1434] = 0
v[1435] = 0
v[1436] = 0
v[1437] = 0
v[1438] = 0
v[1439] = 0
v[1440] = -2863.01
v[1441] = -5465.77
v[1442] = 0
v[1443] = 0
v[1444] = 0
v[1445] = 0
v[1446] = 0
v[1447] = 0
v[1448] = 0
v[1449] = 0
v[1450] = 0
v[1451] = 0
v[1452] = 0
v[1453] = 0
v[1454] = -2912.44
v[1455] = 0
v[1456] = 0
v[1457] = -7036.32
v[1458] = -1.1916e+07
v[1459] = 0
v[1460] = 0
v[1461] = 0
v[1462] = 0
v[1463] = 0
v[1464] = 0
v[1465] = -1354.97
v[1466] = 0
v[1467] = 0
v[1468] = -1388.02
v[1469] = 0
v[1470] = 0
v[1471] = 0
v[1472] = 0
v[1473] = 0
v[1474] = -8628.34
v[1475] = 0
v[1476] = 0
v[1477] = -253.819
v[1478] = -283.361
v[1479] = 0
v[1480] = 0
v[1481] = 0
v[1482] = 0
v[1483] = -219.441
v[1484] = 0
v[1485] = 0
v[1486] = 0
v[1487] = 0
v[1488] = -95.2109
v[1489] = -120.294
v[1490] = 0
v[1491] = 0
v[1492] = 0
v[1493] = 0
v[1494] = 0
v[1495] = 0
v[1496] = 0
v[1497] = 0
v[1498] = 0
v[1499] = -20133.7
v[1500] = 0
v[1501] = 0
v[1502] = -1579.59
v[1503] = 0
v[1504] = -1105.51
v[1505] = 0
v[1506] = -6.61484e+06
v[1507] = 0
v[1508] = -9.04278e+06
v[1509] = 0
v[1510] = 0
v[1511] = 0
v[1512] = 0
v[1513] = -3449.14
v[1514] = -9.92757e+06
v[1515] = 0
v[1516] = 0
v[1517] = 0
v[1518] = 0
v[1519] = 0
v[1520] = -8.05002e+06
v[1521] = -418.988
v[1522] = 0
v[1523] = 0
v[1524] = 0
v[1525] = 0
v[1526] = 0
v[1527] = 0
v[1528] = 0
v[1529] = 0
v[1530] = -44.7164
v[1531] = -557.626
v[1532] = 0
v[1533] = -4908.23
v[1534] = 0
v[1535] = 0
v[1536] = 0
v[1537] = 0
v[1538] = 0
v[1539] = 0
v[1540] = 0
v[1541] = -57.1912
v[1542] = -722.848
v[1543] = 0
v[1544] = 0
v[1545] = 0
v[1546] = 0
v[1547] = 0
v[1548] = 0
v[1549] = 0
v[1550] = 0
v[1551] = 0
v[1552] = -2524.34
v[1553] = -1.09229e+07
v[1554] = 0
v[1555] = 0
v[1556] = 0
v[1557] = 0
v[1558] = 0
v[1559] = -301.41
v[1560] = -310.423
v[1561] = 0
v[1562] = 0
v[1563] = -127.378
v[1564] = -149.675
v[1565] = 0
v[1566] = 0
v[1567] = -7.60773e+06
v[1568] = 0
v[1569] = -1788.56
v[1570] = -1810.59
v[1571] = 0
v[1572] = 0
v[1573] = 0
v[1574] = -1.00355e+07
v[1575] = 0
v[1576] = 0
v[1577] = 0
v[1578] = 0
v[1579] = 0
v[1580] = 0
v[1581] = 0
v[1582] = 0
v[1583] = 0
v[1584] = -14619.5
v[1585] = 0
v[1586] = 0
v[1587] = 0
v[1588] = 0
v[1589] = 0
v[1590] = 0
v[1591] = 0
v[1592] = -16034.3
v[1593] = 0
v[1594] = 0
v[1595] = 0
v[1596] = -120.294
v[1597] = -20909.5
v[1598] = -3279.96
v[1599] = 0
v[1600] = 0
v[1601] = -22818.2
v[1602] = 0
v[1603] = 0
v[1604] = -1516.34
v[1605] = 0
v[1606] = -62.0525
v[1607] = -1532.87
v[1608] = 0
v[1609] = 0
v[1610] = 0
v[1611] = 0
v[1612] = 0
v[1613] = 0
v[1614] = 0
v[1615] = 0
v[1616] = 0
v[1617] = -5313.94
v[1618] = 0
v[1619] = 0
v[1620] = -6.61484e+06
v[1621] = 0
v[1622] = 0
v[1623] = 0
v[1624] = 0
v[1625] = 0
v[1626] = 0
v[1627] = -3997.25
v[1628] = -2588.84
v[1629] = 0
v[1630] = 0
v[1631] = 0
v[1632] = 0
v[1633] = 0
v[1634] = 0
v[1635] = 0
v[1636] = -14.2488
v[1637] = -151.482
v[1638] = 0
v[1639] = 0
v[1640] = -3065.76
v[1641] = 0
v[1642] = -1174.41
v[1643] = 0
v[1644] = -1884.56
v[1645] = 0
v[1646] = 0
v[1647] = 0
v[1648] = 0
v[1649] = 0
v[1650] = 0
v[1651] = -7.6076e+06
v[1652] = 0
v[1653] = 9.09495e-13
v[1654] = -27.8706
v[1655] = 0
v[1656] = 0
v[1657] = 0
v[1658] = 0
v[1659] = -2623.97
v[1660] = 0
v[1661] = 0
v[1662] = 0
v[1663] = 0
v[1664] = 0
v[1665] = 0
v[1666] = -1951.16
v[1667] = 0
v[1668] = -1975.19
v[1669] = 0
v[1670] = 0
v[1671] = 0
v[1672] = 0
v[1673] = 0
v[1674] = 0
v[1675] = 0
v[1676] = 0
v[1677] = 0
v[1678] = -0
v[1679] = 0
v[1680] = 0
v[1681] = 4.87256e-09
v[1682] = -4.8845e-09
v[1683] = 0
v[1684] = 0
v[1685] = 0
v[1686] = 0
v[1687] = -3.11826e-09
v[1688] = 0
v[1689] = 0
v[1690] = 0
v[1691] = 0
v[1692] = 0
v[1693] = 0
v[1694] = 0
v[1695] = 0
v[1696] = 0
v[1697] = 0
v[1698] = 4.90886e-09
v[1699] = 4.90886e-09
v[1700] = 0
v[1701] = 0
v[1702] = 0
v[1703] = 0
v[1704] = 0
v[1705] = 0
v[1706] = 7.83018e-10
v[1707] = 0
v[1708] = 0
v[1709] = 0
v[1710] = 6.0536e-09
v[1711] = 5.99539e-09
v[1712] = 0
v[1713] = 0
v[1714] = 5.96046e-08
v[1715] = 0
v[1716] = 0
v[1717] = 0
v[1718] = 0
v[1719] = 0
v[1720] = 0
v[1721] = 0
v[1722] = 0
v[1723] = 0
v[1724] = 0
v[1725] = 0
v[1726] = 0
v[1727] = 0
v[1728] = -484449
v[1729] = 0
v[1730] = -484449
v[1731] = 0
v[1732] = -4.17572e-10
v[1733] = -4.613e-09
v[1734] = -5.23869e-09
v[1735] = 0
v[1736] = 0
v[1737] = 0
v[1738] = 0
v[1739] = 0
v[1740] = 0
v[1741] = 0
v[1742] = 0
v[1743] = 0
v[1744] = 0
v[1745] = 0
v[1746] = 0
v[1747] = 0
v[1748] = 0
v[1749] = 11210.1
v[1750] = 22636.6
v[1751] = 10989
v[1752] = 18137.4
v[1753] = 4215.88
v[1754] = 13540.5
v[1755] = 27756.4
v[1756] = 18137.4
v[1757] = 38178
v[1758] = 284574
v[1759] = 49190.8
v[1760] = 25992.9
v[1761] = 88117.1
v[1762] = 39211.4
v[1763] = 0
v[1764] = -41937.8
v[1765] = 0
v[1766] = 0
v[1767] = 0
v[1768] = 0
v[1769] = -29527.3
v[1770] = 0
v[1771] = 0
v[1772] = 0
v[1773] = -101757
v[1774] = 0
v[1775] = 0
v[1776] = 0
v[1777] = 0
v[1778] = 0
v[1779] = 0
v[1780] = 0
v[1781] = 1863.17
v[1782] = 516.32
v[1783] = 0
v[1784] = 3148.79
v[1785] = 486.908
v[1786] = 0
v[1787] = 516.32
v[1788] = 4831.42
v[1789] = 2742.62
v[1790] = 7645.17
v[1791] = 7966.43
v[1792] = 1321.85
v[1793] = 1763.83
v[1794] = 0
v[1795] = 1608.87
v[1796] = 0
v[1797] = 0
v[1798] = 1391.77
v[1799] = 304.073
v[1800] = 4170.73
v[1801] = 2588.83
v[1802] = 8731.13
v[1803] = 9039.54
v[1804] = 2023.11
v[1805] = 1029.59
v[1806] = 0
v[1807] = 1072.58
v[1808] = 0
v[1809] = 6.70534
v[1810] = 927.845
v[1811] = 0
v[1812] = 2780.49
v[1813] = 1579.59
v[1814] = 5820.75
v[1815] = 6026.36
v[1816] = 1348.74
v[1817] = 20466.4
v[1818] = 20466.4
v[1819] = 0
v[1820] = 20448.7
v[1821] = 20466.4
v[1822] = 0
v[1823] = 20466.4
v[1824] = 18761.1
v[1825] = 3428.28
v[1826] = 19990.7
v[1827] = 26821.5
v[1828] = 22068
v[1829] = 0
v[1830] = 1657.59
v[1831] = 1731.88
v[1832] = 4416.9
v[1833] = 0
v[1834] = 2641.57
v[1835] = 1657.59
v[1836] = 5828.32
v[1837] = 4026.98
v[1838] = 9980.93
v[1839] = 8027.48
v[1840] = 2023.11
v[1841] = 0
v[1842] = 0
v[1843] = 938.507
v[1844] = 0
v[1845] = 1.20508e-11
v[1846] = 237.766
v[1847] = -1.08321e-09
v[1848] = 2432.93
v[1849] = 481.254
v[1850] = 1304.21
v[1851] = 2160.84
v[1852] = 201.758
v[1853] = 0
v[1854] = 7683.19
v[1855] = 7727.74
v[1856] = 7659.97
v[1857] = 7683.19
v[1858] = 9132.95
v[1859] = 7683.19
v[1860] = 6414.96
v[1861] = 10151.3
v[1862] = 0
v[1863] = 3498.37
v[1864] = 0
v[1865] = 0
v[1866] = 2819.32
v[1867] = 1474.8
v[1868] = 2520.15
v[1869] = 0
v[1870] = 2364.96
v[1871] = 2819.32
v[1872] = 3823.17
v[1873] = 2373.1
v[1874] = 8003.53
v[1875] = 9032.2
v[1876] = 3528.19
v[1877] = 0
v[1878] = 4545.63
v[1879] = 5159.37
v[1880] = 4232.86
v[1881] = 0
v[1882] = 4976.93
v[1883] = 4545.63
v[1884] = 5585.47
v[1885] = 4976.93
v[1886] = 9565.05
v[1887] = 11947.2
v[1888] = 6193.04
v[1889] = 0
v[1890] = 1588.52
v[1891] = 2202.26
v[1892] = 1275.75
v[1893] = 0
v[1894] = 2531.5
v[1895] = 1588.52
v[1896] = 5585.47
v[1897] = 3859.19
v[1898] = 9565.05
v[1899] = 9860.61
v[1900] = 3235.93
v[1901] = 0
v[1902] = 1105.06
v[1903] = 1154.59
v[1904] = 2944.6
v[1905] = 0
v[1906] = 1761.04
v[1907] = 1105.06
v[1908] = 3885.54
v[1909] = 2684.65
v[1910] = 6653.95
v[1911] = 6859.56
v[1912] = 1348.74
v[1913] = 1322.87
v[1914] = 164.581
v[1915] = 1206.65
v[1916] = 0
v[1917] = 0
v[1918] = 231.074
v[1919] = 0
v[1920] = 137.093
v[1921] = 1941.62
v[1922] = 3557.39
v[1923] = 3788.7
v[1924] = 209.113
v[1925] = 0
v[1926] = 10489.2
v[1927] = 11156.3
v[1928] = 10149.2
v[1929] = 0
v[1930] = 10958
v[1931] = 10489.2
v[1932] = 7928.7
v[1933] = 10958
v[1934] = 9546.56
v[1935] = 18534.4
v[1936] = 12279.9
v[1937] = 0
v[1938] = 0
v[1939] = 237.222
v[1940] = 0
v[1941] = 3.86535e-11
v[1942] = 597.02
v[1943] = 989.424
v[1944] = 3301.83
v[1945] = 653.13
v[1946] = 5689.51
v[1947] = 6355.09
v[1948] = 1601.63
v[1949] = 3636.95
v[1950] = 2830.52
v[1951] = 0
v[1952] = 4325.14
v[1953] = 2835.96
v[1954] = 0
v[1955] = 2830.52
v[1956] = 5089.66
v[1957] = 4113.94
v[1958] = 3975.49
v[1959] = 4142.54
v[1960] = 3028.51
v[1961] = 0
v[1962] = 1249.8
v[1963] = 944.495
v[1964] = 3693.75
v[1965] = 944.495
v[1966] = 2293.5
v[1967] = 1249.8
v[1968] = 5105.17
v[1969] = 3303.83
v[1970] = 9632.86
v[1971] = 9941.27
v[1972] = 0
v[1973] = 0
v[1974] = 201.154
v[1975] = 1474.8
v[1976] = 0
v[1977] = 0
v[1978] = 1275.79
v[1979] = 201.154
v[1980] = 3823.17
v[1981] = 2373.1
v[1982] = 8003.53
v[1983] = 8286.24
v[1984] = 2055.67
v[1985] = 0
v[1986] = 1093.57
v[1987] = 1407.76
v[1988] = 2405.6
v[1989] = 0
v[1990] = 1217.8
v[1991] = 1093.57
v[1992] = 3649.39
v[1993] = 2265.23
v[1994] = 7639.74
v[1995] = 7909.59
v[1996] = 1770.22
v[1997] = 0
v[1998] = 0
v[1999] = 871.471
v[2000] = 0
v[2001] = 5.44809
v[2002] = 753.874
v[2003] = -1.00954e-09
v[2004] = 2259.15
v[2005] = 1283.42
v[2006] = 4729.36
v[2007] = 4896.42
v[2008] = 1095.85
v[2009] = 0
v[2010] = 1795.72
v[2011] = 1876.21
v[2012] = 4784.97
v[2013] = 0
v[2014] = 2861.7
v[2015] = 1795.72
v[2016] = 6314.01
v[2017] = 10812.7
v[2018] = 8696.44
v[2019] = 2191.7
v[2020] = 49837.4
v[2021] = 0
v[2022] = 47682.1
v[2023] = 0
v[2024] = 49837.4
v[2025] = 50434.4
v[2026] = 50826.8
v[2027] = 48124.2
v[2028] = 50434.4
v[2029] = 47232.1
v[2030] = 56192.5
v[2031] = 51439
v[2032] = 3045.69
v[2033] = 1978.51
v[2034] = 0
v[2035] = 3933.02
v[2036] = 1985.64
v[2037] = 0
v[2038] = 1978.51
v[2039] = 4932.78
v[2040] = 3656.83
v[2041] = 5198.71
v[2042] = 5417.17
v[2043] = 2237.43
v[2044] = 1928.44
v[2045] = 2813.72
v[2046] = 0
v[2047] = 2582.54
v[2048] = 1928.44
v[2049] = 0
v[2050] = 2813.72
v[2051] = 3419.36
v[2052] = 0
v[2053] = 6154.26
v[2054] = 7614.57
v[2055] = 3361.48
v[2056] = 0
v[2057] = 4351.44
v[2058] = 1541.83
v[2059] = 4038.66
v[2060] = 0
v[2061] = 3876.42
v[2062] = 4351.44
v[2063] = 3996.95
v[2064] = 3876.42
v[2065] = 0
v[2066] = 10846.7
v[2067] = 5092.52
v[2068] = 0
v[2069] = 1197.72
v[2070] = 1541.83
v[2071] = 0
v[2072] = 0
v[2073] = 1333.78
v[2074] = 1197.72
v[2075] = 3996.95
v[2076] = 2480.96
v[2077] = 8367.33
v[2078] = 8662.89
v[2079] = 1938.81
v[2080] = 0
v[2081] = 9.09495e-13
v[2082] = 1608.87
v[2083] = 2749.25
v[2084] = 0
v[2085] = 1391.77
v[2086] = -1.86355e-09
v[2087] = 4170.73
v[2088] = 2369.39
v[2089] = 8731.13
v[2090] = 9039.54
v[2091] = 2023.11
v[2092] = 3193.5
v[2093] = 2191.51
v[2094] = 0
v[2095] = 4031.05
v[2096] = 2198.22
v[2097] = 0
v[2098] = 2191.51
v[2099] = 4972
v[2100] = 3771.11
v[2101] = 4892.91
v[2102] = 5098.51
v[2103] = 2435.2
v[2104] = 2306.61
v[2105] = 913.51
v[2106] = 0
v[2107] = 3442.88
v[2108] = 922.73
v[2109] = 0
v[2110] = 913.51
v[2111] = 4736.68
v[2112] = 3085.45
v[2113] = 6727.75
v[2114] = 7010.45
v[2115] = 1248.57
v[2116] = 0
v[2117] = 0
v[2118] = 871.471
v[2119] = 0
v[2120] = 226.333
v[2121] = 753.874
v[2122] = 220.885
v[2123] = 2480.03
v[2124] = 1504.3
v[2125] = 4729.36
v[2126] = 4896.42
v[2127] = 1095.85
v[2128] = 2.6389e-09
v[2129] = 0
v[2130] = 1139.62
v[2131] = 0
v[2132] = 2.64527e-09
v[2133] = 288.716
v[2134] = 0
v[2135] = 2954.27
v[2136] = 584.38
v[2137] = 5090.61
v[2138] = 5309.07
v[2139] = 339.096
v[2140] = 1928.44
v[2141] = 2813.72
v[2142] = 0
v[2143] = 2582.54
v[2144] = 1928.44
v[2145] = 0
v[2146] = 2813.72
v[2147] = 3419.36
v[2148] = 0
v[2149] = 6154.26
v[2150] = 3361.48
v[2151] = 1396.36
v[2152] = 173.724
v[2153] = 424.838
v[2154] = 0
v[2155] = 0
v[2156] = 227.184
v[2157] = 0
v[2158] = 143.806
v[2159] = 2049.49
v[2160] = 3754.12
v[2161] = 3998.28
v[2162] = 955.405
v[2163] = 118.864
v[2164] = 871.471
v[2165] = 0
v[2166] = 0
v[2167] = 166.887
v[2168] = 0
v[2169] = 2225.2
v[2170] = 1402.28
v[2171] = 3148.32
v[2172] = 3315.37
v[2173] = 153.401
v[2174] = 3193.5
v[2175] = 2191.51
v[2176] = 0
v[2177] = 4031.05
v[2178] = 2198.22
v[2179] = 0
v[2180] = 2191.51
v[2181] = 4972
v[2182] = 3771.11
v[2183] = 4892.91
v[2184] = 5098.51
v[2185] = 2435.2
v[2186] = 0
v[2187] = 0
v[2188] = 1139.62
v[2189] = 0
v[2190] = 7.12442
v[2191] = 985.835
v[2192] = -1.32241e-09
v[2193] = 2954.27
v[2194] = 1678.32
v[2195] = 6184.55
v[2196] = 6403
v[2197] = 1433.04
v[2198] = 2382.19
v[2199] = 3475.77
v[2200] = 0
v[2201] = 3190.19
v[2202] = 2382.19
v[2203] = 0
v[2204] = 3475.77
v[2205] = 4223.92
v[2206] = 0
v[2207] = 7602.32
v[2208] = 9406.24
v[2209] = 4152.41
v[2210] = 0
v[2211] = 1093.57
v[2212] = 1407.76
v[2213] = 2405.6
v[2214] = 0
v[2215] = 1217.8
v[2216] = 1093.57
v[2217] = 3649.39
v[2218] = 2265.23
v[2219] = 7639.74
v[2220] = 7909.59
v[2221] = 1770.22
v[2222] = 0
v[2223] = 41662.2
v[2224] = 38021
v[2225] = 41363.1
v[2226] = 0
v[2227] = 41207.9
v[2228] = 41662.2
v[2229] = 38532.9
v[2230] = 41207.9
v[2231] = 37500
v[2232] = 47875.1
v[2233] = 42371.1
v[2234] = 2495.63
v[2235] = 3641.28
v[2236] = 0
v[2237] = 3342.11
v[2238] = 2495.63
v[2239] = 0
v[2240] = 3641.28
v[2241] = 4425.06
v[2242] = 0
v[2243] = 7964.33
v[2244] = 9854.16
v[2245] = 4350.15
v[2246] = 0
v[2247] = 1093.57
v[2248] = 1407.76
v[2249] = 2405.6
v[2250] = 0
v[2251] = 1217.8
v[2252] = 1093.57
v[2253] = 3649.39
v[2254] = 2265.23
v[2255] = 7639.74
v[2256] = 7909.59
v[2257] = 1770.22
v[2258] = 0
v[2259] = 3059.7
v[2260] = 0
v[2261] = 2172.7
v[2262] = 2289.42
v[2263] = 2584.68
v[2264] = 3059.7
v[2265] = 4626.2
v[2266] = 2584.68
v[2267] = 8326.35
v[2268] = 9554.98
v[2269] = 3800.79
v[2270] = 0
v[2271] = 3075.62
v[2272] = 1608.87
v[2273] = 2749.25
v[2274] = 0
v[2275] = 2579.95
v[2276] = 3075.62
v[2277] = 4170.73
v[2278] = 2588.83
v[2279] = 8731.13
v[2280] = 9853.3
v[2281] = 3848.93
v[2282] = 3045.69
v[2283] = 1978.51
v[2284] = 0
v[2285] = 3933.02
v[2286] = 1985.64
v[2287] = 0
v[2288] = 1978.51
v[2289] = 4932.78
v[2290] = 3656.83
v[2291] = 5198.71
v[2292] = 5417.17
v[2293] = 2237.43
v[2294] = 0
v[2295] = 729.049
v[2296] = 938.507
v[2297] = 1603.73
v[2298] = 0
v[2299] = 811.864
v[2300] = 729.049
v[2301] = 2432.93
v[2302] = 1510.15
v[2303] = 5093.16
v[2304] = 5273.06
v[2305] = 1180.15
v[2306] = 0
v[2307] = 1726.65
v[2308] = 1968.98
v[2309] = 961.905
v[2310] = 0
v[2311] = 2751.63
v[2312] = 1726.65
v[2313] = 6071.16
v[2314] = 4194.77
v[2315] = 10396.8
v[2316] = 10718.1
v[2317] = 3092.54
v[2318] = 0
v[2319] = 833.199
v[2320] = 1072.58
v[2321] = 1832.83
v[2322] = 0
v[2323] = 927.845
v[2324] = 833.199
v[2325] = 2780.49
v[2326] = 1725.89
v[2327] = 5820.75
v[2328] = 6026.36
v[2329] = 1348.74
v[2330] = 0
v[2331] = 5224.57
v[2332] = 5254.86
v[2333] = 5208.78
v[2334] = 5224.57
v[2335] = 6210.41
v[2336] = 5224.57
v[2337] = 4362.17
v[2338] = 6902.89
v[2339] = 0
v[2340] = 11627.6
v[2341] = 0
v[2342] = 1469.85
v[2343] = 182.868
v[2344] = 1340.72
v[2345] = 0
v[2346] = 0
v[2347] = 256.748
v[2348] = 0
v[2349] = 1044.04
v[2350] = 2157.36
v[2351] = 4844.37
v[2352] = 5101.38
v[2353] = 265.595
v[2354] = 0
v[2355] = 0
v[2356] = 1072.58
v[2357] = 0
v[2358] = 6.70534
v[2359] = 927.845
v[2360] = -1.24419e-09
v[2361] = 2780.49
v[2362] = 1579.59
v[2363] = 5820.75
v[2364] = 6026.36
v[2365] = 1348.74
v[2366] = 2155.32
v[2367] = 3144.74
v[2368] = 0
v[2369] = 2886.37
v[2370] = 2155.32
v[2371] = 0
v[2372] = 3144.74
v[2373] = 3821.64
v[2374] = 0
v[2375] = 6878.29
v[2376] = 3756.95
v[2377] = 0
v[2378] = 1519.45
v[2379] = 1587.56
v[2380] = 4048.82
v[2381] = 0
v[2382] = 2421.43
v[2383] = 1519.45
v[2384] = 5342.62
v[2385] = 3691.39
v[2386] = 9149.18
v[2387] = 9431.89
v[2388] = 2228.32
v[2389] = 0
v[2390] = 0
v[2391] = 212.251
v[2392] = 0
v[2393] = 8.86757e-12
v[2394] = 288.716
v[2395] = -1.31149e-09
v[2396] = 2954.27
v[2397] = 288.716
v[2398] = 1583.69
v[2399] = 2623.88
v[2400] = 244.992
v[2401] = 0
v[2402] = 0
v[2403] = 1005.54
v[2404] = 0
v[2405] = 6.28626
v[2406] = 869.854
v[2407] = -1.15779e-09
v[2408] = 2606.71
v[2409] = 1480.87
v[2410] = 5456.96
v[2411] = 5649.71
v[2412] = 1264.44
v[2413] = 2609.07
v[2414] = 3806.79
v[2415] = 2.45564e-11
v[2416] = 3494.02
v[2417] = 2609.07
v[2418] = 3331.78
v[2419] = 3806.79
v[2420] = 3331.78
v[2421] = 0
v[2422] = 10302.1
v[2423] = 0
v[2424] = 0
v[2425] = 4919.01
v[2426] = 1742.94
v[2427] = 4565.45
v[2428] = 0
v[2429] = 4382.04
v[2430] = 4919.01
v[2431] = 4518.29
v[2432] = 4382.04
v[2433] = 3.4197e-10
v[2434] = 12261.5
v[2435] = 5756.77
v[2436] = 1474.69
v[2437] = 2151.67
v[2438] = 0
v[2439] = 1974.88
v[2440] = 1474.69
v[2441] = 0
v[2442] = 2151.67
v[2443] = 2614.81
v[2444] = 0
v[2445] = 4706.2
v[2446] = 2570.54
v[2447] = 0
v[2448] = -1.68393e-09
v[2449] = -1.3647e-09
v[2450] = 0
v[2451] = -1.68416e-09
v[2452] = -1.66528e-09
v[2453] = 0
v[2454] = 3996.95
v[2455] = -1.633e-09
v[2456] = 0
v[2457] = 4742.44
v[2458] = 0
v[2459] = 0
v[2460] = 1249.8
v[2461] = 0
v[2462] = 4000.95
v[2463] = 1251.7
v[2464] = 754.131
v[2465] = 1249.8
v[2466] = 5412.37
v[2467] = 3611.03
v[2468] = 8093.49
v[2469] = 8401.9
v[2470] = 2023.11
v[2471] = 0
v[2472] = 1726.65
v[2473] = 1804.04
v[2474] = 4600.93
v[2475] = 0
v[2476] = 2751.63
v[2477] = 1726.65
v[2478] = 6071.16
v[2479] = 4194.77
v[2480] = 10396.8
v[2481] = 8361.96
v[2482] = 2107.4
v[2483] = 0
v[2484] = 5138.54
v[2485] = 5832.33
v[2486] = 4784.97
v[2487] = 0
v[2488] = 5626.1
v[2489] = 5138.54
v[2490] = 6314.01
v[2491] = 5626.1
v[2492] = 10812.7
v[2493] = 13505.6
v[2494] = 7000.82
v[2495] = 6578.51
v[2496] = 6578.51
v[2497] = 6578.51
v[2498] = 6441.28
v[2499] = 6578.51
v[2500] = 6578.51
v[2501] = 6578.51
v[2502] = 12487
v[2503] = 9325.36
v[2504] = 0
v[2505] = 3762.7
v[2506] = 3403.13
v[2507] = 4965.38
v[2508] = 0
v[2509] = 4557.42
v[2510] = 3403.13
v[2511] = 0
v[2512] = 4965.38
v[2513] = 0
v[2514] = 5932.02
v[2515] = 0
v[2516] = 9093.82
v[2517] = 9093.82
v[2518] = 8912.92
v[2519] = 9093.82
v[2520] = 9093.82
v[2521] = 9093.82
v[2522] = 17261.5
v[2523] = 9093.82
v[2524] = 0
v[2525] = 0
v[2526] = 5201.38
v[2527] = 0
v[2528] = 2343.37
v[2529] = 5154.85
v[2530] = 0
v[2531] = 2343.37
v[2532] = 7820.12
v[2533] = 1065.29
v[2534] = -8.84029e-10
v[2535] = 3793.33
v[2536] = 3088.77
v[2537] = 0
v[2538] = 3217.74
v[2539] = 0
v[2540] = 20.116
v[2541] = 4625.34
v[2542] = -3.72529e-09
v[2543] = 0
v[2544] = 4738.78
v[2545] = 17462.3
v[2546] = 18079.1
v[2547] = 4877.82
v[2548] = 7117.05
v[2549] = 0
v[2550] = 6532.3
v[2551] = 4877.82
v[2552] = 6228.98
v[2553] = 6228.98
v[2554] = 15566.7
v[2555] = 19260.4
v[2556] = 0
v[2557] = 4662.01
v[2558] = 6432.56
v[2559] = 2279.23
v[2560] = 5970.2
v[2561] = 4662.01
v[2562] = 5730.36
v[2563] = 5730.36
v[2564] = 0
v[2565] = 16034.3
v[2566] = 0
v[2567] = 0
v[2568] = 2239.22
v[2569] = 4925.74
v[2570] = 9.09495e-13
v[2571] = 2239.22
v[2572] = 7472.56
v[2573] = 1017.94
v[2574] = -10775.9
v[2575] = 3624.74
v[2576] = 2079.51
v[2577] = 342.082
v[2578] = 1905.19
v[2579] = 0
v[2580] = 342.082
v[2581] = 1565.74
v[2582] = 0
v[2583] = 0
v[2584] = 3007.65
v[2585] = 9822.52
v[2586] = 10169.5
v[2587] = 1866.13
v[2588] = 2.24099e-09
v[2589] = 1944.05
v[2590] = 3334.17
v[2591] = 12.1534
v[2592] = 0
v[2593] = 0
v[2594] = 5039.63
v[2595] = 0
v[2596] = 13929.6
v[2597] = 16481.3
v[2598] = 0
v[2599] = 16435.8
v[2600] = 16481.3
v[2601] = 0
v[2602] = 0
v[2603] = 34307.3
v[2604] = 34937
v[2605] = 1422.22
v[2606] = 2960.07
v[2607] = 0
v[2608] = 4770.35
v[2609] = 0
v[2610] = 2960.07
v[2611] = 5627.62
v[2612] = 5355.52
v[2613] = 7993.9
v[2614] = 19694.7
v[2615] = 20285.8
v[2616] = 3702.18
v[2617] = 5108.21
v[2618] = 4741.04
v[2619] = 3702.18
v[2620] = 5108.21
v[2621] = 6428.26
v[2622] = 0
v[2623] = -7405.43
v[2624] = 5978.18
v[2625] = 19301.3
v[2626] = 47653.3
v[2627] = 46340.1
v[2628] = 28135.1
v[2629] = 26912.7
v[2630] = 46718.4
v[2631] = 47653.3
v[2632] = 55994.8
v[2633] = 46951.9
v[2634] = 0
v[2635] = 0
v[2636] = 24848.1
v[2637] = 7912.84
v[2638] = 9527.16
v[2639] = 9582.4
v[2640] = 9498.36
v[2641] = 9527.16
v[2642] = 11324.9
v[2643] = 0
v[2644] = 21203.2
v[2645] = 0
v[2646] = 2949.38
v[2647] = 4303.33
v[2648] = 0
v[2649] = 3949.76
v[2650] = 2949.38
v[2651] = 0
v[2652] = 4303.33
v[2653] = 5229.61
v[2654] = 0
v[2655] = 5141.08
v[2656] = 6578.51
v[2657] = 6578.51
v[2658] = 6441.28
v[2659] = 6578.51
v[2660] = 6578.51
v[2661] = 12487
v[2662] = 9325.36
v[2663] = 0
v[2664] = 3762.7
v[2665] = 1910.81
v[2666] = 0
v[2667] = 1742.94
v[2668] = 0
v[2669] = 0
v[2670] = 1401.81
v[2671] = 237.728
v[2672] = 4518.29
v[2673] = 2804.57
v[2674] = 9352.79
v[2675] = 9686.9
v[2676] = 2085.77
v[2677] = 856.958
v[2678] = 908.723
v[2679] = 0
v[2680] = 4505.47
v[2681] = 856.958
v[2682] = 0
v[2683] = 908.723
v[2684] = 1792.31
v[2685] = 13455.5
v[2686] = 14020.9
v[2687] = 2326.46
v[2688] = 4837.14
v[2689] = 4837.14
v[2690] = 4837.14
v[2691] = 4736.23
v[2692] = 4837.14
v[2693] = 4837.14
v[2694] = 4837.14
v[2695] = 9181.65
v[2696] = 4837.14
v[2697] = 0
v[2698] = 0
v[2699] = 2766.69
v[2700] = 12507.4
v[2701] = 15059.1
v[2702] = 15146.4
v[2703] = 15013.5
v[2704] = 15059.1
v[2705] = 17900.6
v[2706] = 0
v[2707] = 33514.8
v[2708] = 0
v[2709] = 5331.58
v[2710] = 7779.1
v[2711] = 0
v[2712] = 7139.96
v[2713] = 5331.58
v[2714] = 6808.42
v[2715] = 7779.1
v[2716] = 6808.42
v[2717] = 0
v[2718] = 21052.1
v[2719] = 0
v[2720] = 915.387
v[2721] = 970.682
v[2722] = 0
v[2723] = 4812.66
v[2724] = 915.387
v[2725] = 0
v[2726] = 970.682
v[2727] = 228.552
v[2728] = 14372.9
v[2729] = 14976.9
v[2730] = 2485.08
v[2731] = 2645.74
v[2732] = 0
v[2733] = 2413.3
v[2734] = 0
v[2735] = 0
v[2736] = 2408.53
v[2737] = 1874.7
v[2738] = 6241.01
v[2739] = 13081.6
v[2740] = 13544.2
v[2741] = 3034.66
v[2742] = 0
v[2743] = 2030.92
v[2744] = 4467.53
v[2745] = -2.09184e-11
v[2746] = 2030.92
v[2747] = 6777.44
v[2748] = 6.23913e-10
v[2749] = -10696.7
v[2750] = 3287.55
v[2751] = 0
v[2752] = 1822.62
v[2753] = 0
v[2754] = 0
v[2755] = 1822.62
v[2756] = 7904.94
v[2757] = 14555.5
v[2758] = 11706.7
v[2759] = 438.405
v[2760] = 619.584
v[2761] = 1645.99
v[2762] = 487.399
v[2763] = 438.405
v[2764] = 20.0287
v[2765] = 0
v[2766] = 2251.68
v[2767] = 0
v[2768] = 1586.22
v[2769] = 7147.08
v[2770] = 8605.18
v[2771] = 8655.07
v[2772] = 8579.16
v[2773] = 8605.18
v[2774] = 10228.9
v[2775] = 0
v[2776] = 19151.3
v[2777] = 0
v[2778] = 2835.94
v[2779] = 4137.82
v[2780] = 0
v[2781] = 3797.85
v[2782] = 2835.94
v[2783] = 0
v[2784] = 4137.82
v[2785] = 5028.48
v[2786] = 0
v[2787] = 4943.35
v[2788] = 662.195
v[2789] = 702.195
v[2790] = 0
v[2791] = 3481.5
v[2792] = 662.195
v[2793] = 0
v[2794] = 702.195
v[2795] = 1714.14
v[2796] = 10397.4
v[2797] = 1797.72
v[2798] = 2252.23
v[2799] = 1.00954e-09
v[2800] = 2346.27
v[2801] = 0
v[2802] = 14.6679
v[2803] = 2029.66
v[2804] = 0
v[2805] = 0
v[2806] = 3455.36
v[2807] = 12732.9
v[2808] = 13182.7
v[2809] = 0
v[2810] = 1795.72
v[2811] = 1876.21
v[2812] = 4784.97
v[2813] = 0
v[2814] = 2861.7
v[2815] = 1795.72
v[2816] = 6314.01
v[2817] = 10812.7
v[2818] = 6785.63
v[2819] = 2191.7
v[2820] = 14220.3
v[2821] = 14220.3
v[2822] = 14050.8
v[2823] = 14220.3
v[2824] = 14220.3
v[2825] = 21519.1
v[2826] = 11519.6
v[2827] = 0
v[2828] = 14825.6
v[2829] = 2831.37
v[2830] = 0
v[2831] = 2949.59
v[2832] = 0
v[2833] = 18.4397
v[2834] = 3776.69
v[2835] = 0
v[2836] = 0
v[2837] = 4343.88
v[2838] = 16007.1
v[2839] = 16572.5
v[2840] = 3062.82
v[2841] = 4468.84
v[2842] = 0
v[2843] = 4101.68
v[2844] = 3062.82
v[2845] = 0
v[2846] = 4468.84
v[2847] = 5430.75
v[2848] = 0
v[2849] = 55037.5
v[2850] = 0
v[2851] = 56336.2
v[2852] = 0
v[2853] = 55037.5
v[2854] = 56951.2
v[2855] = 56755.9
v[2856] = 60758.4
v[2857] = 58295.4
v[2858] = 67042.8
v[2859] = 67466.8
v[2860] = 0
v[2861] = 0
v[2862] = 2949.59
v[2863] = 0
v[2864] = 0
v[2865] = 3776.69
v[2866] = 2291.3
v[2867] = 7646.34
v[2868] = 16007.1
v[2869] = 16572.5
v[2870] = 3709.03
v[2871] = 6444.54
v[2872] = 8892.06
v[2873] = 3150.7
v[2874] = 8252.92
v[2875] = 6444.54
v[2876] = 7921.38
v[2877] = 7921.38
v[2878] = 0
v[2879] = 22165
v[2880] = 0
v[2881] = 0
v[2882] = 0
v[2883] = 123.595
v[2884] = 0
v[2885] = 1.13687e-11
v[2886] = 1445.42
v[2887] = 2395.45
v[2888] = 5033.83
v[2889] = 1581.26
v[2890] = 13774.6
v[2891] = 15386
v[2892] = 3877.62
v[2893] = 9699.61
v[2894] = 11678.5
v[2895] = 11746.2
v[2896] = 11643.2
v[2897] = 11678.5
v[2898] = 13882.1
v[2899] = 0
v[2900] = 25991.1
v[2901] = 0
v[2902] = 2638.32
v[2903] = 0
v[2904] = 0
v[2905] = 0
v[2906] = 2135.07
v[2907] = 7125
v[2908] = 14915.7
v[2909] = 15442.5
v[2910] = 701.147
v[2911] = 743.501
v[2912] = 0
v[2913] = 3686.3
v[2914] = 701.147
v[2915] = 0
v[2916] = 743.501
v[2917] = 1485.59
v[2918] = 11009
v[2919] = 11471.7
v[2920] = 1903.47
v[2921] = 3289.7
v[2922] = 4799.87
v[2923] = 0
v[2924] = 4405.51
v[2925] = 3289.7
v[2926] = 0
v[2927] = 4799.87
v[2928] = 5833.03
v[2929] = 0
v[2930] = 5734.28
v[2931] = 5558.45
v[2932] = 8110.12
v[2933] = 0
v[2934] = 7443.78
v[2935] = 5558.45
v[2936] = 7098.14
v[2937] = 8110.12
v[2938] = 7098.14
v[2939] = 17738.7
v[2940] = 21947.9
v[2941] = 0
v[2942] = 1726.12
v[2943] = 0
v[2944] = 1798.66
v[2945] = 0
v[2946] = 0
v[2947] = 1554.42
v[2948] = 1406.02
v[2949] = 0
v[2950] = 2654.25
v[2951] = 9811.2
v[2952] = 10158.2
v[2953] = 9.47972e+06
v[2954] = 9.47977e+06
v[2955] = 9.4797e+06
v[2956] = 9.4814e+06
v[2957] = 0
v[2958] = 0
v[2959] = 0
v[2960] = 5417.6
v[2961] = 5417.6
v[2962] = 5304.58
v[2963] = 5417.6
v[2964] = 5417.6
v[2965] = 10283.5
v[2966] = 7679.71
v[2967] = 0
v[2968] = 3098.7
v[2969] = -7.27596e-12
v[2970] = 1874.7
v[2971] = 1416.74
v[2972] = 0
v[2973] = 0
v[2974] = 1131.2
v[2975] = 0
v[2976] = 0
v[2977] = 1131.2
v[2978] = 2835.94
v[2979] = 4137.82
v[2980] = 0
v[2981] = 3797.85
v[2982] = 2835.94
v[2983] = 0
v[2984] = 4137.82
v[2985] = 5028.48
v[2986] = 0
v[2987] = 4943.35
v[2988] = 4643.66
v[2989] = 4643.66
v[2990] = 4546.78
v[2991] = 4643.66
v[2992] = 0
v[2993] = 0
v[2994] = 2656.03
v[2995] = 0
v[2996] = 0
v[2997] = 0
v[2998] = 6327.49
v[2999] = 1544.38
v[3000] = 0
v[3001] = 2759.31
v[3002] = 0
v[3003] = -1.86446e-09
v[3004] = 4170.73
v[3005] = 8731.13
v[3006] = 6777.68
v[3007] = 1984.3
v[3008] = 0
v[3009] = 0
v[3010] = 0
v[3011] = 246.871
v[3012] = 4596.86
v[3013] = 9727.31
v[3014] = 10074.3
v[3015] = 4113.54
v[3016] = 2011.09
v[3017] = 4113.54
v[3018] = 5056.2
v[3019] = 0
v[3020] = 14147.9
v[3021] = 0
v[3022] = 0
v[3023] = 3038.28
v[3024] = 0
v[3025] = 3310.25
v[3026] = 0
v[3027] = 0
v[3028] = 0
v[3029] = 2338.44
v[3030] = 407.962
v[3031] = 0
v[3032] = 407.962
v[3033] = 0
v[3034] = 0
v[3035] = 11327.3
v[3036] = 1608.73
v[3037] = 1.94177e-09
v[3038] = 2874.28
v[3039] = 10.4771
v[3040] = 0
v[3041] = 0
v[3042] = 0
v[3043] = 1737.43
v[3044] = 2.09729e-09
v[3045] = 1809.98
v[3046] = 3104.22
v[3047] = 11.3153
v[3048] = 1565.74
v[3049] = 0
v[3050] = 0
v[3051] = 0
v[3052] = 0
v[3053] = 14147.9
v[3054] = 0
v[3055] = 2252.23
v[3056] = 2.71939e-09
v[3057] = 2346.27
v[3058] = 4023.99
v[3059] = 14.6679
v[3060] = 2029.66
v[3061] = 0
v[3062] = 0
v[3063] = 0
v[3064] = 4450.17
v[3065] = 4450.17
v[3066] = 4333.45
v[3067] = 4450.17
v[3068] = 6308.33
v[3069] = 0
v[3070] = 0
v[3071] = 1718.47
v[3072] = 1269.71
v[3073] = 1.04592e-11
v[3074] = 0
v[3075] = 0
v[3076] = 4256.68
v[3077] = 4256.68
v[3078] = 4167.89
v[3079] = 4256.68
v[3080] = 0
v[3081] = 0
v[3082] = 0
v[3083] = 0
v[3084] = 7513.89
v[3085] = 1763.83
v[3086] = 0
v[3087] = 0
v[3088] = 0
v[3089] = 219.441
v[3090] = 0
v[3091] = 8912.16
v[3092] = 0
v[3093] = 0
v[3094] = 0
v[3095] = 57425.8
v[3096] = 57004.3
v[3097] = 0
v[3098] = 0
v[3099] = 5417.6
v[3100] = 5417.6
v[3101] = 5304.58
v[3102] = 5417.6
v[3103] = 7679.71
v[3104] = 0
v[3105] = 5998.05
v[3106] = 5998.05
v[3107] = 5872.93
v[3108] = 5998.05
v[3109] = 0
v[3110] = 0
v[3111] = 3430.7
v[3112] = 5804.57
v[3113] = 5804.57
v[3114] = 5804.57
v[3115] = 8228.26
v[3116] = 0
v[3117] = 6578.51
v[3118] = 6578.51
v[3119] = 0
v[3120] = 0
v[3121] = 3762.7
v[3122] = -9.09495e-13
v[3123] = 0
v[3124] = 0
v[3125] = 0
v[3126] = 470.076
v[3127] = 0
v[3128] = 20519.3
v[3129] = 0
v[3130] = 0
v[3131] = 489.012
v[3132] = 4253.94
v[3133] = 0
v[3134] = 0
v[3135] = 0
v[3136] = 0
v[3137] = 6578.51
v[3138] = 6578.51
v[3139] = 6441.28
v[3140] = 6578.51
v[3141] = 6578.51
v[3142] = 12487
v[3143] = 9325.36
v[3144] = 0
v[3145] = 6126.07
v[3146] = 7375.87
v[3147] = 0
v[3148] = 16415.4
v[3149] = 0
v[3150] = 0
v[3151] = 516.008
v[3152] = 516.008
v[3153] = 0
v[3154] = 407.029
v[3155] = 516.008
v[3156] = 121.443
v[3157] = 0
v[3158] = 0
v[3159] = 121.443
v[3160] = 4256.68
v[3161] = 4256.68
v[3162] = 4167.89
v[3163] = 4256.68
v[3164] = 6034.06
v[3165] = 0
v[3166] = 2484.5
v[3167] = 0
v[3168] = 0
v[3169] = 0
v[3170] = 1770.55
v[3171] = 0
v[3172] = 12354.8
v[3173] = 12791.8
v[3174] = 0
v[3175] = 1280.47
v[3176] = 0
v[3177] = 4164.41
v[3178] = 2856.18
v[3179] = 2856.18
v[3180] = 2759.31
v[3181] = 2856.18
v[3182] = 0
v[3183] = 0
v[3184] = 2204.78
v[3185] = 0
v[3186] = 0
v[3187] = 0
v[3188] = 1562.25
v[3189] = 5213.42
v[3190] = 10913.9
v[3191] = 11299.4
v[3192] = 0
v[3193] = 4083.76
v[3194] = 5958.46
v[3195] = 0
v[3196] = 5468.9
v[3197] = 4083.76
v[3198] = 0
v[3199] = 5958.46
v[3200] = 0
v[3201] = 7118.42
v[3202] = 4.26163e-11
v[3203] = 1.28356e-11
v[3204] = 2.17173e-10
v[3205] = 0
v[3206] = 1.28356e-11
v[3207] = 1.69746e-10
v[3208] = -2.58119e-11
v[3209] = 0
v[3210] = 1.88169e-10
v[3211] = -1.61688e-11
v[3212] = 8.76994e-11
v[3213] = -1.61688e-11
v[3214] = 0
v[3215] = 1.02559e-10
v[3216] = 3.06897e-10
v[3217] = 1.02559e-10
v[3218] = 0
v[3219] = 1.02559e-10
v[3220] = 1282.4
v[3221] = 0
v[3222] = 1282.4
v[3223] = -1.32997e-10
v[3224] = 1282.4
v[3225] = 1282.4
v[3226] = 0
v[3227] = 0
v[3228] = 1.86634e-10
v[3229] = 0
v[3230] = 0
v[3231] = 0
v[3232] = 3.30406e-10
v[3233] = 6.09361e-10
v[3234] = 8.13699e-10
v[3235] = 6.09361e-10
v[3236] = 0
v[3237] = 6.09361e-10
v[3238] = 0
v[3239] = 0
v[3240] = 2.04338e-10
v[3241] = 0
v[3242] = 0
v[3243] = 0
v[3244] = 0
v[3245] = 0
v[3246] = 2.04338e-10
v[3247] = 0
v[3248] = 0
v[3249] = 0
v[3250] = 736.056
v[3251] = 736.056
v[3252] = 0
v[3253] = 9.52127e-12
v[3254] = 0
v[3255] = 0
v[3256] = 2.04338e-10
v[3257] = 0
v[3258] = 0
v[3259] = 0
v[3260] = 0
v[3261] = 0
v[3262] = 0
v[3263] = 0
v[3264] = 0
v[3265] = 0
v[3266] = 1.37964e-10
v[3267] = 0
v[3268] = 0
v[3269] = 0
v[3270] = 0
v[3271] = 0
v[3272] = 0
v[3273] = 0
v[3274] = 0
v[3275] = 0
v[3276] = 0
v[3277] = 0
v[3278] = 0
v[3279] = 0
v[3280] = 0
v[3281] = 0
v[3282] = 0
v[3283] = 0
v[3284] = 0
v[3285] = 0
v[3286] = 0
v[3287] = 0
v[3288] = 0
v[3289] = 0
v[3290] = 0
v[3291] = 0
v[3292] = 0
v[3293] = 0
v[3294] = 0
v[3295] = 0
v[3296] = 0
v[3297] = 0
v[3298] = 0
v[3299] = 0
v[3300] = 0
v[3301] = 0
v[3302] = 0
v[3303] = 0
v[3304] = 0
v[3305] = 0
v[3306] = 0
v[3307] = 0
v[3308] = 0
v[3309] = 0
v[3310] = 0
v[3311] = 0
v[3312] = 0
v[3313] = 0
v[3314] = 0
v[3315] = 0
v[3316] = 0
v[3317] = 0
v[3318] = 0
v[3319] = 0
v[3320] = 0
v[3321] = 0
v[3322] = 0
v[3323] = 0
v[3324] = 0
v[3325] = 0
v[3326] = 0
v[3327] = 0
v[3328] = 0
v[3329] = 0
v[3330] = 0
v[3331] = 0
v[3332] = 0
v[3333] = 0
v[3334] = 0
v[3335] = 0
v[3336] = 0
v[3337] = -7.56017e-12
v[3338] = 1.08154e-13
v[3339] = 0
v[3340] = 0
v[3341] = -5.82077e-11
v[3342] = 5.68434e-13
v[3343] = 0
v[3344] = -1.65892e-12
v[3345] = 0
v[3346] = 2.92115e-12
v[3347] = 0
v[3348] = -7.36476e-12
v[3349] = -4.15586e-12
v[3350] = 1.77874e-12
v[3351] = -8.6067e-12
v[3352] = 2.18793e-12
v[3353] = -1.1628e-10
v[3354] = 1.75586e-12
v[3355] = 0
v[3356] = 6.65846e-13
v[3357] = -1.08002e-12
v[3358] = -9.68905e-12
v[3359] = -7.53175e-12
v[3360] = 0
v[3361] = -1.09878e-11
v[3362] = 0
v[3363] = -1.18519e-10
v[3364] = -5.68434e-13
v[3365] = 8.49154e-14
v[3366] = 0
v[3367] = 0
v[3368] = 0
v[3369] = 0
v[3370] = 0
v[3371] = 0
v[3372] = -1.97476e-11
v[3373] = 0
v[3374] = -5.97653e-11
v[3375] = 5.53276e-15
v[3376] = 0
v[3377] = -1.58608e-12
v[3378] = 0
v[3379] = 0
v[3380] = 0
v[3381] = 4.39312e-12
v[3382] = -2.34283e-12
v[3383] = -9.75143e-14
v[3384] = 0
v[3385] = -7.79635e-13
v[3386] = 359123
v[3387] = 0
v[3388] = 5.35945e-12
v[3389] = 3.56889e-12
v[3390] = 0
v[3391] = 0
v[3392] = 0
v[3393] = 0
v[3394] = 0
v[3395] = 0
v[3396] = 0
v[3397] = 0
v[3398] = 0
v[3399] = 5.81113e-12
18: cut: 3.52303e+08	calc: 3.52303e+08	diff: -1.19209e-07
1275: cut: 1.23304e+07	calc: 1.23304e+07	diff: -1.35973e-07
1563: cut: -2.49941e+08	calc: -2.49941e+08	diff: -1.49012e-07
*** WARNING (version #43016fc): src/PdcUtility.cpp:298: Number of differences between true and calculated cuts: 3. Total difference: 4.04194e-07. Small enough difference that we will try to continue, but beware of numerical issues.
x:
x[0] = -57.705
x[1] = 9.22242
x[2] = -24.3219
x[3] = -43.8558
x[4] = -36.4829
x[5] = 2442.68
x[6] = 415.552
x[7] = -33.4426
x[8] = -34.9628
x[9] = -34.9628
x[10] = -24.3219
x[11] = 28.9461
x[12] = -38.003
x[13] = -28.8823
x[14] = -30.0066
x[15] = -49.9399
x[16] = -33.4426
x[17] = -31.9225
x[18] = -19.7616
x[19] = -39.5231
x[20] = -28.8823
x[21] = -39.2394
x[22] = 13.4569
x[23] = -34.9628
x[24] = -34.9628
x[25] = -36.4829
x[26] = -36.9312
x[27] = -50.7804
x[28] = -19.7616
x[29] = -25.842
x[30] = 13.4569
x[31] = 30.5542
x[32] = 66.0353
x[33] = -36.9312
x[34] = -25.842
x[35] = 16.6232
x[36] = -31.9225
x[37] = -33.4426
x[38] = 17.4148
x[39] = -31.9225
x[40] = 18.2064
x[41] = -36.4829
x[42] = -39.2394
x[43] = -21.2817
x[44] = -38.003
x[45] = -24.3219
x[46] = 282.576
x[47] = 32.1623
x[48] = -24.3219
x[49] = 15.0401
x[50] = -33.4426
x[51] = -25.842
x[52] = -22.8018
x[53] = 18.2064
x[54] = -39.5231
x[55] = 10.2906
x[56] = 533.075
x[57] = -95.3863
x[58] = -38.003
x[59] = -39.5231
x[60] = -178.346
x[61] = 23.7475
x[62] = -246.538
x[63] = -68.4054
x[64] = -72.9657
x[65] = 34.0381
x[66] = -618.097
x[67] = -65.3651
x[68] = -41.0432
x[69] = -44.0835
x[70] = 814.483
x[71] = -916.565
x[72] = -490.842
x[73] = -2297.33
x[74] = 515.285
x[75] = 20.5812
x[76] = -178.346
x[77] = 9.99095
x[78] = -101.561
x[79] = -131.137
x[80] = 814.483
x[81] = 37.2044
x[82] = -108.485
x[83] = -54.7243
x[84] = -59.2847
x[85] = -53.2042
x[86] = 41.0988
x[87] = 465.419
x[88] = 19.7896
x[89] = -78.4788
x[90] = -53.2042
x[91] = -39.5231
x[92] = -220.31
x[93] = -66.8853
x[94] = 21.3727
x[95] = -577.151
x[96] = -66.8853
x[97] = -854.429
x[98] = -69.9255
x[99] = 631.64
x[100] = -62.3249
x[101] = -83.0952
x[102] = 22.9559
x[103] = 38.7876
x[104] = -41.0432
x[105] = -6.94725e+06
x[106] = -146.873
x[107] = 13.8336
x[108] = 19.7896
x[109] = -125.892
x[110] = 25.3306
x[111] = -36.4829
x[112] = 10.3752
x[113] = -545.38
x[114] = 15.8317
x[115] = 11.528
x[116] = -38.003
x[117] = -41.0432
x[118] = -545.38
x[119] = -53.2042
x[120] = -120.646
x[121] = -50.164
x[122] = -115.401
x[123] = 30.0801
x[124] = 38.5948
x[125] = 26.1222
x[126] = -47.1237
x[127] = -146.873
x[128] = -162.61
x[129] = -157.364
x[130] = -178.346
x[131] = -376.943
x[132] = 498.663
x[133] = -56.2444
x[134] = -178.346
x[135] = 398.93
x[136] = 114.697
x[137] = -115.401
x[138] = -51.6841
x[139] = -166.355
x[140] = -36.4829
x[141] = -45.6036
x[142] = 28.497
x[143] = -7.04642
x[144] = -7.04642
x[145] = -3.97349
x[146] = -8.95081
x[147] = -7.04642
x[148] = -11.7226
x[149] = -7.04642
x[150] = -5.82967
x[151] = -8.71265
x[152] = -15.945
x[153] = -25.4961
x[154] = -16.6221
x[155] = 3.89703e-11
x[156] = -5.02975e-10
x[157] = -2.37408e-12
x[158] = 1.9953e-10
x[159] = -0
x[160] = 0
x[161] = 0
x[162] = -245040
x[163] = -0
x[164] = 1.78191e-15
x[165] = -0
x[166] = -0
x[167] = -2.82884e-11
x[168] = -2.83103e-11
x[169] = -1.50893e-08
x[170] = -2.06059e-13
x[171] = -7.12225e-11
x[172] = -7.12225e-11
x[173] = -7.12225e-11
x[174] = 2.19399e-14
x[175] = 5.98589e-09
x[176] = 2.84791e-11
x[177] = 2.82861e-11
x[178] = 1.92955e-13
x[179] = -0
x[180] = -0
x[181] = -0
x[182] = -0
x[183] = 3.50616e-09
x[184] = -3.20878e-11
x[185] = 1.13677e-13
x[186] = -0
x[187] = -0
x[188] = -0
x[189] = -0
x[190] = 9.93068e-16
x[191] = -1.33597e-12
x[192] = 1.28905e-12
x[193] = 1.28032e-12
x[194] = 1.27994e-12
x[195] = 1.28141e-12
x[196] = 1.28905e-12
x[197] = 1.28654e-12
x[198] = 1.80003e-30
x[199] = 3.87949e-12
x[200] = -3.7867e-12
x[201] = 1.28032e-12
x[202] = -263093
x[203] = 1.27733e-12
x[204] = 1.28451e-12
x[205] = -1.33597e-12
x[206] = 1.27367e-12
x[207] = 1.28042e-12
x[208] = -0
x[209] = -0
x[210] = -0
x[211] = 1.28141e-12
x[212] = -0
x[213] = 6.67104e-10
x[214] = -0
x[215] = 9.10997e-15
x[216] = 1.31263e-12
x[217] = 1.43183e-11
x[218] = 2.62399e-12
x[219] = 2.0303e-11
x[220] = 2.62399e-12
x[221] = 1.28654e-12
x[222] = -9.93068e-16
x[223] = -2.7094e-10
x[224] = -1.28905e-12
x[225] = -1.28032e-12
x[226] = -0
x[227] = 2.59917e-12
x[228] = 2.59917e-12
x[229] = 2.59044e-12
x[230] = 2.59917e-12
x[231] = 5.03615e-12
x[232] = 5.03615e-12
x[233] = -5.07575e-12
x[234] = -5.06664e-12
x[235] = 5.03615e-12
x[236] = -0
x[237] = -0
x[238] = -0
x[239] = -0
x[240] = -263096
x[241] = 1.25483e-10
x[242] = 1.25483e-10
x[243] = -263096
x[244] = 1.27634e-12
x[245] = -0
x[246] = -0
x[247] = 1.28351e-12
x[248] = -4.54707e-15
x[249] = -0
x[250] = -1.33597e-12
x[251] = -1.33597e-12
x[252] = -1.33597e-12
x[253] = 1.27268e-12
x[254] = -1.53856e-14
x[255] = 2.29065e-11
x[256] = -0
x[257] = 0
x[258] = 0
x[259] = -0
x[260] = 2.46921e-09
x[261] = 4.78434e-09
x[262] = 0
x[263] = -2.49941e+08
x[264] = -0
x[265] = 0
x[266] = -4.0079e-09
x[267] = 1.35341e-08
x[268] = -366.113
x[269] = -45.7053
x[270] = -55.5352
x[271] = -6.45966e-09
x[272] = -5.8387
x[273] = 1.85878e-09
x[274] = -2463.96
x[275] = -2437.3
x[276] = -216.812
x[277] = -1826.42
x[278] = -124.328
x[279] = -3.51596e-09
x[280] = -3.51596e-09
x[281] = -2.42896e-09
x[282] = -56.3082
x[283] = -4.18506
x[284] = -141.282
x[285] = -65.9406
x[286] = -190.379
x[287] = -157.322
x[288] = -124.328
x[289] = -76.3459
x[290] = -118.677
x[291] = -12.8675
x[292] = -60.8386
x[293] = -3.97631e-09
x[294] = -52.5216
x[295] = -248.957
x[296] = -52.6963
x[297] = -50.4326
x[298] = -129.979
x[299] = -41.1481
x[300] = -129.979
x[301] = -81.0029
x[302] = -3.64346e-09
x[303] = -234.313
x[304] = -41.8807
x[305] = 2.15505e-09
x[306] = -60.8386
x[307] = -3.93032e-09
x[308] = -59.0434
x[309] = -52.6963
x[310] = -50.4326
x[311] = -59.4365
x[312] = -4.41756
x[313] = -45.1298
x[314] = -85.7969
x[315] = -234.313
x[316] = -16.8268
x[317] = -59.0434
x[318] = -65.0954
x[319] = -61.5685
x[320] = -118.677
x[321] = -124.328
x[322] = -68.1952
x[323] = -64.0702
x[324] = -118.677
x[325] = -94.214
x[326] = -22.2646
x[327] = -135.63
x[328] = -248.957
x[329] = -79.1178
x[330] = -3.80987e-09
x[331] = -90.4203
x[332] = -65.9581
x[333] = -591.624
x[334] = -62.5647
x[335] = -15.837
x[336] = -55.5352
x[337] = -1600.1
x[338] = -55.436
x[339] = -3.34956e-09
x[340] = -59.0434
x[341] = 5.70046e-08
x[342] = -52.0866
x[343] = -510.844
x[344] = -146.933
x[345] = -72.1223
x[346] = -38.1676
x[347] = -217.239
x[348] = -63.4126
x[349] = -623.095
x[350] = -311.479
x[351] = 2.54749e-09
x[352] = -3.97631e-09
x[353] = -30.3183
x[354] = -31.2401
x[355] = -265.61
x[356] = -1424.72
x[357] = -80.3879
x[358] = -166.523
x[359] = -1.18798e+07
x[360] = -269.289
x[361] = -755.161
x[362] = -74.4409
x[363] = -6.54456e+06
x[364] = -22.8543
x[365] = -6.96288
x[366] = -570.094
x[367] = -159.584
x[368] = -230.998
x[369] = -80.5943
x[370] = -75.206
x[371] = -49.5141
x[372] = -644.36
x[373] = -757.83
x[374] = -365.127
x[375] = -1043.9
x[376] = -688.293
x[377] = -99.2545
x[378] = -5.35721e-09
x[379] = -86.7024
x[380] = -974.44
x[381] = -77.4945
x[382] = -72.7044
x[383] = -497.914
x[384] = -121.423
x[385] = -8.402e+06
x[386] = -3.97631e-09
x[387] = -152.646
x[388] = -1.08286e+07
x[389] = -83.6941
x[390] = -77.7077
x[391] = -114.459
x[392] = -152.646
x[393] = -1043.9
x[394] = -159.584
x[395] = -1322.45
x[396] = -113.04
x[397] = -527.203
x[398] = -89.8937
x[399] = -83.8402
x[400] = -306.864
x[401] = -93.6691
x[402] = -5.96046e-08
x[403] = -449.774
x[404] = -112.616
x[405] = -8.72614e+06
x[406] = -77.4945
x[407] = -72.7044
x[408] = -485.729
x[409] = -38.5977
x[410] = -39.9574
x[411] = 2.38342e-09
x[412] = -51.4185
x[413] = -666.318
x[414] = -61.9956
x[415] = -57.9377
x[416] = -4.84517e+06
x[417] = -6.62359e+06
x[418] = -93.8471
x[419] = -7.27178e+06
x[420] = -5.89641e+06
x[421] = -0.441717
x[422] = -5.96046e-08
x[423] = -6.48268
x[424] = -666.318
x[425] = 5.96046e-08
x[426] = -8.40348
x[427] = -7.9989e+06
x[428] = -45.8348
x[429] = -46.2496
x[430] = -75.0776
x[431] = -5.57242e+06
x[432] = -102.293
x[433] = -94.9761
x[434] = -7.35076e+06
x[435] = -939.709
x[436] = -1030.65
x[437] = -912.072
x[438] = -223.547
x[439] = -755.161
x[440] = -29.1589
x[441] = -8.88368
x[442] = -835.234
x[443] = -4.84517e+06
x[444] = -71.2775
x[445] = -155.74
x[446] = -77.5551
x[447] = -93.7404
x[448] = -399.292
x[449] = -302.689
x[450] = -302.212
x[451] = -5.57234e+06
x[452] = -3.60799e-09
x[453] = -178.837
x[454] = -111.592
x[455] = -103.61
x[456] = 1.247e-09
x[457] = 1.11096e-08
x[458] = 1.92879e-08
x[459] = 1.22221e-09
x[460] = -2.46921e-09
x[461] = -2.46921e-09
x[462] = -9.60631e-09
x[463] = -9.59765e-09
x[464] = -0
x[465] = 1.21252e-09
x[466] = 4.0079e-09
x[467] = 4.0079e-09
x[468] = -1.23251e-08
x[469] = -1.35488e-08
x[470] = -7.84886e-09
x[471] = 8.22703e-09
x[472] = 1247.97
x[473] = 2462.07
x[474] = 150.767
x[475] = 1761.61
x[476] = 1197.24
x[477] = 993.371
x[478] = 2237.7
x[479] = 1761.61
x[480] = 2930.65
x[481] = 1493.85
x[482] = 1457.42
x[483] = 2178.16
x[484] = 3986.26
x[485] = 4155.52
x[486] = -564.364
x[487] = -874.937
x[488] = -6374.02
x[489] = 19.702
x[490] = 19.702
x[491] = 67.3117
x[492] = 70.4038
x[493] = 19.702
x[494] = 88.4202
x[495] = 91.954
x[496] = 397.39
x[497] = 419.586
x[498] = 473.257
x[499] = 66.1697
x[500] = 135.108
x[501] = 66.1697
x[502] = 66.7715
x[503] = 66.1697
x[504] = 135.667
x[505] = 135.532
x[506] = 441.902
x[507] = 397.087
x[508] = 389.708
x[509] = -4.01792e-09
x[510] = 65.5402
x[511] = 74.5833
x[512] = 74.8191
x[513] = 46.3317
x[514] = 46.2413
x[515] = 250.488
x[516] = 295.195
x[517] = 290.275
x[518] = 2031.54
x[519] = 2031.54
x[520] = 2067.73
x[521] = 2031.54
x[522] = 2031.54
x[523] = 1736.86
x[524] = 196.02
x[525] = 1997.55
x[526] = 2382.09
x[527] = 2139.13
x[528] = 23.7555
x[529] = 98.3102
x[530] = 98.8331
x[531] = 112.229
x[532] = 23.7555
x[533] = 93.253
x[534] = 93.1174
x[535] = 375.732
x[536] = 442.792
x[537] = 435.413
x[538] = 40.2138
x[539] = -2.09639e-09
x[540] = 0.351041
x[541] = -5.62295e-09
x[542] = 40.5402
x[543] = 40.4611
x[544] = 219.177
x[545] = 177.342
x[546] = 40.4611
x[547] = 163.877
x[548] = 156.563
x[549] = 94.9505
x[550] = 163.877
x[551] = 164.246
x[552] = 163.877
x[553] = 236.271
x[554] = 175.4
x[555] = 244.43
x[556] = -4.27355e-09
x[557] = 63.1931
x[558] = 41.8965
x[559] = 102.876
x[560] = -7.50521e-09
x[561] = 63.7061
x[562] = 63.5818
x[563] = 344.421
x[564] = 405.893
x[565] = 399.129
x[566] = 50.9142
x[567] = 116.98
x[568] = 94.7151
x[569] = 158.467
x[570] = 50.9142
x[571] = 89.3675
x[572] = 89.2375
x[573] = 360.077
x[574] = 475.256
x[575] = 417.271
x[576] = 22.7656
x[577] = 94.214
x[578] = 66.5665
x[579] = 130.318
x[580] = 22.7656
x[581] = 89.3675
x[582] = 89.2375
x[583] = 360.077
x[584] = 447.108
x[585] = 417.271
x[586] = 15.837
x[587] = 65.5402
x[588] = 65.8887
x[589] = 74.8191
x[590] = 15.837
x[591] = 62.1687
x[592] = 62.0783
x[593] = 250.488
x[594] = 295.195
x[595] = 290.275
x[596] = 62.492
x[597] = 62.492
x[598] = 114.195
x[599] = 62.492
x[600] = 62.9433
x[601] = 114.468
x[602] = 331.616
x[603] = 277.638
x[604] = 270.252
x[605] = 1320.28
x[606] = 1392.09
x[607] = 1367.89
x[608] = 1437.19
x[609] = 1320.28
x[610] = 932.547
x[611] = 1361.94
x[612] = 1275.56
x[613] = 1781.53
x[614] = 1537.1
x[615] = 4.83899e-09
x[616] = 77.8289
x[617] = 88.5677
x[618] = 88.8476
x[619] = -2.83669e-09
x[620] = 55.0189
x[621] = 54.9115
x[622] = 297.455
x[623] = 350.544
x[624] = 344.702
x[625] = 75.6406
x[626] = 75.6406
x[627] = 42.2751
x[628] = 75.6406
x[629] = 75.6406
x[630] = 75.6406
x[631] = 113.212
x[632] = 206.643
x[633] = 218.185
x[634] = 246.094
x[635] = 13.457
x[636] = 68.9379
x[637] = 75.0776
x[638] = 111.875
x[639] = 112.229
x[640] = 13.457
x[641] = 69.4976
x[642] = 82.8189
x[643] = 375.732
x[644] = 442.792
x[645] = -4.27355e-09
x[646] = 63.1931
x[647] = 102.876
x[648] = -7.50521e-09
x[649] = 63.7061
x[650] = 63.5818
x[651] = 344.421
x[652] = 405.893
x[653] = 399.129
x[654] = -3.08091e-09
x[655] = 60.3206
x[656] = 39.9921
x[657] = 98.2
x[658] = -6.34861e-09
x[659] = 60.8104
x[660] = 60.6917
x[661] = 328.766
x[662] = 387.443
x[663] = 380.987
x[664] = 53.2514
x[665] = 60.5989
x[666] = 60.7905
x[667] = -3.08826e-09
x[668] = 37.6445
x[669] = 37.571
x[670] = 203.522
x[671] = 239.846
x[672] = 235.849
x[673] = 25.7351
x[674] = 106.503
x[675] = 107.069
x[676] = 121.581
x[677] = 25.7351
x[678] = 101.024
x[679] = 407.043
x[680] = 479.691
x[681] = 471.698
x[682] = 3995.21
x[683] = 3805.81
x[684] = 3995.21
x[685] = 4084.06
x[686] = 3995.21
x[687] = 3683.51
x[688] = 4026.87
x[689] = 3769.81
x[690] = 4345.76
x[691] = 4159.99
x[692] = 51.5012
x[693] = 51.5012
x[694] = 45.7719
x[695] = 64.9393
x[696] = 51.5012
x[697] = 60.1257
x[698] = 100.633
x[699] = 270.225
x[700] = 285.318
x[701] = 321.815
x[702] = 169.462
x[703] = 169.462
x[704] = 201.836
x[705] = 169.462
x[706] = 169.462
x[707] = 58.3545
x[708] = 272.024
x[709] = 483.106
x[710] = 316.894
x[711] = 231.713
x[712] = 66.0655
x[713] = 275.514
x[714] = 339.266
x[715] = 231.713
x[716] = 66.6018
x[717] = 270.037
x[718] = 656.056
x[719] = 431.18
x[720] = -3.54274e-09
x[721] = 66.0655
x[722] = 107.552
x[723] = -6.73839e-09
x[724] = 66.6018
x[725] = 66.4718
x[726] = 360.077
x[727] = 424.342
x[728] = 417.271
x[729] = -6.02688e-09
x[730] = 98.3102
x[731] = 45.7053
x[732] = 112.229
x[733] = -9.68947e-09
x[734] = 69.4976
x[735] = 69.3619
x[736] = 375.732
x[737] = 442.792
x[738] = 435.413
x[739] = 57.5361
x[740] = 57.5361
x[741] = 43.0795
x[742] = 64.2562
x[743] = 57.5361
x[744] = 57.5361
x[745] = 103.777
x[746] = 254.33
x[747] = 268.535
x[748] = 302.885
x[749] = 177.423
x[750] = 177.423
x[751] = 219.32
x[752] = 177.423
x[753] = 177.423
x[754] = 77.8097
x[755] = 214.08
x[756] = 349.704
x[757] = 583.316
x[758] = 416.467
x[759] = 53.2514
x[760] = 73.4665
x[761] = 60.7905
x[762] = 12.8675
x[763] = 50.5121
x[764] = 50.4386
x[765] = 203.522
x[766] = 239.846
x[767] = 235.849
x[768] = 69.6364
x[769] = 79.2448
x[770] = 79.4952
x[771] = -6.83903e-09
x[772] = 49.2274
x[773] = 49.1314
x[774] = 266.144
x[775] = 313.644
x[776] = 308.418
x[777] = 169.462
x[778] = 169.462
x[779] = 201.836
x[780] = 169.462
x[781] = 169.462
x[782] = 58.3545
x[783] = 272.024
x[784] = 316.894
x[785] = 52.5216
x[786] = 52.5216
x[787] = 52.3843
x[788] = 52.5216
x[789] = 52.6643
x[790] = 107.296
x[791] = 349.976
x[792] = 293.062
x[793] = 1.96869e-09
x[794] = -1.2281e-09
x[795] = 37.3414
x[796] = 0.325967
x[797] = 28.4844
x[798] = 37.5412
x[799] = 194.362
x[800] = 155.387
x[801] = 150.052
x[802] = 57.5361
x[803] = 57.5361
x[804] = 43.0795
x[805] = 64.2562
x[806] = 57.5361
x[807] = 57.5361
x[808] = 103.777
x[809] = 254.33
x[810] = 268.535
x[811] = 302.885
x[812] = 69.6364
x[813] = 79.2448
x[814] = 79.4952
x[815] = -5.01359e-11
x[816] = 49.2274
x[817] = 49.1314
x[818] = 266.144
x[819] = 313.644
x[820] = 308.418
x[821] = 209.335
x[822] = 209.335
x[823] = 249.327
x[824] = 209.335
x[825] = 209.335
x[826] = 72.085
x[827] = 336.03
x[828] = 596.778
x[829] = 391.457
x[830] = -3.08091e-09
x[831] = 60.3206
x[832] = 39.9921
x[833] = 98.2
x[834] = -6.34861e-09
x[835] = 60.8104
x[836] = 60.6917
x[837] = 328.766
x[838] = 387.443
x[839] = 380.987
x[840] = 3051.78
x[841] = 2832.48
x[842] = 3093.68
x[843] = 3154.66
x[844] = 3051.78
x[845] = 2690.86
x[846] = 3088.44
x[847] = 2790.78
x[848] = 3457.67
x[849] = 3242.58
x[850] = 219.304
x[851] = 219.304
x[852] = 261.2
x[853] = 219.304
x[854] = 219.304
x[855] = 75.5177
x[856] = 352.031
x[857] = 625.196
x[858] = 410.098
x[859] = -3.08091e-09
x[860] = 60.3206
x[861] = 39.9921
x[862] = 98.2
x[863] = -6.34861e-09
x[864] = 60.8104
x[865] = 60.6917
x[866] = 328.766
x[867] = 387.443
x[868] = 380.987
x[869] = 41.1481
x[870] = 41.1481
x[871] = 41.4869
x[872] = 41.1481
x[873] = 107.75
x[874] = 107.62
x[875] = 401.225
x[876] = 358.277
x[877] = 364.102
x[878] = -4.16821e-09
x[879] = 68.9379
x[880] = 45.7053
x[881] = 112.229
x[882] = -7.83081e-09
x[883] = 69.4976
x[884] = 69.3619
x[885] = 375.732
x[886] = 442.792
x[887] = 435.413
x[888] = 51.5012
x[889] = 51.5012
x[890] = 45.7719
x[891] = 64.9393
x[892] = 51.5012
x[893] = 60.1257
x[894] = 100.633
x[895] = 270.225
x[896] = 285.318
x[897] = 321.815
x[898] = -6.35993e-10
x[899] = 40.2138
x[900] = 26.6614
x[901] = 65.4667
x[902] = -3.14974e-09
x[903] = 40.5402
x[904] = 40.4611
x[905] = 219.177
x[906] = 258.295
x[907] = 253.991
x[908] = -6.48123e-09
x[909] = 102.406
x[910] = 47.6097
x[911] = 116.905
x[912] = -1.01078e-08
x[913] = 72.3933
x[914] = 72.252
x[915] = 391.388
x[916] = 461.242
x[917] = 453.555
x[918] = -6.2046e-10
x[919] = 45.9586
x[920] = 30.4702
x[921] = 74.8191
x[922] = -3.06221e-09
x[923] = 46.3317
x[924] = 46.2413
x[925] = 250.488
x[926] = 295.195
x[927] = 290.275
x[928] = 111.437
x[929] = 106.463
x[930] = 64.5663
x[931] = 111.437
x[932] = 111.687
x[933] = 111.437
x[934] = 160.664
x[935] = 119.272
x[936] = 217.382
x[937] = 71.8059
x[938] = 71.8059
x[939] = 126.837
x[940] = 71.8059
x[941] = 71.7207
x[942] = 69.3891
x[943] = 127.186
x[944] = 384.916
x[945] = 308.487
x[946] = 300.28
x[947] = 65.5402
x[948] = 74.5833
x[949] = 74.8191
x[950] = -4.44284e-09
x[951] = 46.3317
x[952] = 46.2413
x[953] = 250.488
x[954] = 295.195
x[955] = 290.275
x[956] = 189.399
x[957] = 189.399
x[958] = 225.582
x[959] = 189.399
x[960] = 189.399
x[961] = 65.2198
x[962] = 304.027
x[963] = 354.176
x[964] = 21.7758
x[965] = 90.1177
x[966] = 90.597
x[967] = 124.652
x[968] = 21.7758
x[969] = 85.4819
x[970] = 85.3576
x[971] = 344.421
x[972] = 427.668
x[973] = 399.129
x[974] = 552.436
x[975] = 547.462
x[976] = 552.436
x[977] = 552.686
x[978] = 552.436
x[979] = 601.663
x[980] = 601.567
x[981] = 818.579
x[982] = 767.779
x[983] = 601.567
x[984] = 6.05681e-08
x[985] = 61.4439
x[986] = 69.9219
x[987] = 70.1429
x[988] = 43.436
x[989] = 43.3512
x[990] = 234.833
x[991] = 276.745
x[992] = 272.133
x[993] = 229.272
x[994] = 229.272
x[995] = -2.70377e-07
x[996] = 273.073
x[997] = 229.272
x[998] = 336.824
x[999] = 229.272
x[1000] = 267.595
x[1001] = 653.614
x[1002] = 383.135
x[1003] = 195.881
x[1004] = 432.649
x[1005] = 504.716
x[1006] = 383.135
x[1007] = 75.289
x[1008] = 426.457
x[1009] = 74.6827
x[1010] = 862.826
x[1011] = 608.619
x[1012] = 129.589
x[1013] = 129.589
x[1014] = 154.346
x[1015] = 129.589
x[1016] = 129.589
x[1017] = 44.6241
x[1018] = 208.018
x[1019] = 242.331
x[1020] = -2.71379e-09
x[1021] = -1.24125e-07
x[1022] = 0.338867
x[1023] = -5.90944e-09
x[1024] = 66.6018
x[1025] = 10.601
x[1026] = 143.337
x[1027] = 58.9035
x[1028] = 104.609
x[1029] = 109.71
x[1030] = 39.9896
x[1031] = 58.9035
x[1032] = 69.4976
x[1033] = 128.265
x[1034] = 415.368
x[1035] = 442.792
x[1036] = 494.317
x[1037] = 24.7453
x[1038] = 102.406
x[1039] = 102.951
x[1040] = 116.905
x[1041] = 24.7453
x[1042] = 97.1386
x[1043] = 96.9973
x[1044] = 391.388
x[1045] = 461.242
x[1046] = 453.555
x[1047] = 57.5551
x[1048] = 132.238
x[1049] = 107.069
x[1050] = 179.136
x[1051] = 57.5551
x[1052] = 101.024
x[1053] = 100.877
x[1054] = 407.043
x[1055] = 537.246
x[1056] = 471.698
x[1057] = 126.662
x[1058] = 126.662
x[1059] = 205.26
x[1060] = 191.411
x[1061] = 126.662
x[1062] = 99.8676
x[1063] = 126.662
x[1064] = 176.35
x[1065] = 610.183
x[1066] = 743.498
x[1067] = 299.05
x[1068] = 299.05
x[1069] = 356.182
x[1070] = 299.05
x[1071] = 299.05
x[1072] = 559.225
x[1073] = 175.092
x[1074] = 283.742
x[1075] = 264.598
x[1076] = 175.092
x[1077] = 138.052
x[1078] = 175.092
x[1079] = 243.779
x[1080] = 310.926
x[1081] = 1027.78
x[1082] = 1.12223e-08
x[1083] = 85.6974
x[1084] = 5.80087e-09
x[1085] = 130.308
x[1086] = 559.504
x[1087] = 816.4
x[1088] = 1.36795e-08
x[1089] = 196.62
x[1090] = 223.75
x[1091] = 224.457
x[1092] = 138.724
x[1093] = 751.465
x[1094] = 885.584
x[1095] = 558.067
x[1096] = 558.067
x[1097] = 639.956
x[1098] = 558.067
x[1099] = 629.715
x[1100] = 629.715
x[1101] = 688.061
x[1102] = 1351.4
x[1103] = 566.413
x[1104] = 566.413
x[1105] = 645.011
x[1106] = 631.163
x[1107] = 566.413
x[1108] = 562.351
x[1109] = 664.676
x[1110] = 1030.65
x[1111] = -1.19497e-08
x[1112] = 81.8886
x[1113] = -6.61066e-09
x[1114] = -1.74433e-08
x[1115] = 124.516
x[1116] = 673.187
x[1117] = -98.515
x[1118] = 780.115
x[1119] = 19.2282
x[1120] = 19.2282
x[1121] = 110.599
x[1122] = 125.859
x[1123] = 145.485
x[1124] = 97.2604
x[1125] = 431.031
x[1126] = 517.369
x[1127] = 7.46686e-09
x[1128] = -2.89852e-10
x[1129] = 118.792
x[1130] = 90.7188
x[1131] = 135.182
x[1132] = 83.9762
x[1133] = 11.7649
x[1134] = 11.7649
x[1135] = 11.6696
x[1136] = 86.7975
x[1137] = 1.13924e-06
x[1138] = 778.885
x[1139] = 822.388
x[1140] = 846.639
x[1141] = 978.77
x[1142] = 846.639
x[1143] = 1061.74
x[1144] = 846.639
x[1145] = 133.204
x[1146] = 764.343
x[1147] = 1695.32
x[1148] = 449.799
x[1149] = 449.799
x[1150] = 501.217
x[1151] = 449.799
x[1152] = 449.799
x[1153] = 190.164
x[1154] = -484.557
x[1155] = 939.639
x[1156] = 2000.52
x[1157] = 2941.52
x[1158] = 2915.75
x[1159] = 2809.18
x[1160] = 2462.07
x[1161] = 2910.75
x[1162] = 2941.52
x[1163] = 3080.52
x[1164] = 3080.24
x[1165] = 3095.19
x[1166] = 203.208
x[1167] = 203.208
x[1168] = 194.138
x[1169] = 195.807
x[1170] = 203.208
x[1171] = 281.733
x[1172] = 708.711
x[1173] = 259.177
x[1174] = 259.177
x[1175] = 308.691
x[1176] = 259.177
x[1177] = 259.177
x[1178] = 89.2481
x[1179] = 484.661
x[1180] = 126.662
x[1181] = 126.662
x[1182] = 191.411
x[1183] = 126.662
x[1184] = 126.662
x[1185] = 176.35
x[1186] = 610.183
x[1187] = 743.498
x[1188] = 90.1999
x[1189] = 164.883
x[1190] = 90.1999
x[1191] = 93.0123
x[1192] = 90.1999
x[1193] = 165.489
x[1194] = 165.342
x[1195] = 497.243
x[1196] = 430.177
x[1197] = 422.184
x[1198] = 34.6755
x[1199] = 34.6755
x[1200] = 118.469
x[1201] = 83.3821
x[1202] = 34.6755
x[1203] = 161.839
x[1204] = 699.407
x[1205] = 738.471
x[1206] = 175.836
x[1207] = 93.134
x[1208] = 93.134
x[1209] = 150.927
x[1210] = 140.744
x[1211] = 93.134
x[1212] = 73.4321
x[1213] = 93.134
x[1214] = 129.669
x[1215] = 165.386
x[1216] = 546.689
x[1217] = 321.199
x[1218] = 321.199
x[1219] = 306.864
x[1220] = 309.502
x[1221] = 321.199
x[1222] = 445.32
x[1223] = 1120.22
x[1224] = 468.512
x[1225] = 468.512
x[1226] = 558.019
x[1227] = 468.512
x[1228] = 688.293
x[1229] = 468.512
x[1230] = 546.825
x[1231] = 5.52513e-07
x[1232] = 1335.65
x[1233] = 37.0397
x[1234] = 37.0397
x[1235] = 126.546
x[1236] = 85.4313
x[1237] = 37.0397
x[1238] = 165.964
x[1239] = 747.094
x[1240] = 788.821
x[1241] = 889.724
x[1242] = 167.812
x[1243] = 147.465
x[1244] = 167.812
x[1245] = 336.155
x[1246] = 167.812
x[1247] = 104.303
x[1248] = 574.708
x[1249] = 832
x[1250] = 653.12
x[1251] = -1.06743e-08
x[1252] = 74.2711
x[1253] = -5.9843e-09
x[1254] = -1.58087e-08
x[1255] = 112.934
x[1256] = 112.024
x[1257] = -587.892
x[1258] = 707.547
x[1259] = -9.39886e-09
x[1260] = 66.6535
x[1261] = -1.41743e-08
x[1262] = 101.351
x[1263] = 547.943
x[1264] = 645.738
x[1265] = 7.20298
x[1266] = 7.20298
x[1267] = 86.3419
x[1268] = 7.14465
x[1269] = 53.1413
x[1270] = 90.2988
x[1271] = 0.169547
x[1272] = 457.564
x[1273] = 183.543
x[1274] = 183.543
x[1275] = 175.351
x[1276] = 106.345
x[1277] = 183.543
x[1278] = 183.955
x[1279] = 358.04
x[1280] = 249.209
x[1281] = 249.209
x[1282] = 296.818
x[1283] = 249.209
x[1284] = 249.209
x[1285] = 85.8155
x[1286] = 466.021
x[1287] = 26.7947
x[1288] = 26.7947
x[1289] = 91.5439
x[1290] = 76.5514
x[1291] = 26.7947
x[1292] = 125.057
x[1293] = 540.451
x[1294] = 643.63
x[1295] = 1.41742e-08
x[1296] = 4.77532e-09
x[1297] = 143.369
x[1298] = 163.151
x[1299] = 163.667
x[1300] = 101.153
x[1301] = 547.943
x[1302] = 645.738
x[1303] = 25.7351
x[1304] = 106.503
x[1305] = 107.069
x[1306] = 121.581
x[1307] = 25.7351
x[1308] = 101.024
x[1309] = 407.043
x[1310] = 479.691
x[1311] = 471.698
x[1312] = 927.946
x[1313] = 927.946
x[1314] = 812.149
x[1315] = 927.946
x[1316] = 927.946
x[1317] = 1049.57
x[1318] = 753.756
x[1319] = 1049.33
x[1320] = 6.57758e-08
x[1321] = 5.33717e-08
x[1322] = 180.235
x[1323] = 205.104
x[1324] = 205.752
x[1325] = 127.164
x[1326] = 688.843
x[1327] = 811.785
x[1328] = 269.145
x[1329] = 269.145
x[1330] = 320.564
x[1331] = 269.145
x[1332] = 269.145
x[1333] = 92.6808
x[1334] = 526.987
x[1335] = 621.777
x[1336] = 526.987
x[1337] = 681.302
x[1338] = 526.987
x[1339] = 468.718
x[1340] = 622.36
x[1341] = 889.791
x[1342] = 1135.83
x[1343] = 180.235
x[1344] = 205.752
x[1345] = -1.78615e-08
x[1346] = 127.412
x[1347] = 688.843
x[1348] = 811.785
x[1349] = 798.258
x[1350] = 782.983
x[1351] = 782.983
x[1352] = 891.633
x[1353] = 872.489
x[1354] = 782.983
x[1355] = 777.368
x[1356] = 918.817
x[1357] = 1424.72
x[1358] = 1.27708e-08
x[1359] = 188.428
x[1360] = 214.427
x[1361] = 215.105
x[1362] = -5.88835e-09
x[1363] = 133.204
x[1364] = 132.944
x[1365] = 720.154
x[1366] = 848.684
x[1367] = 834.542
x[1368] = 249.093
x[1369] = 249.093
x[1370] = 237.976
x[1371] = 153.583
x[1372] = 249.093
x[1373] = 249.653
x[1374] = 485.912
x[1375] = 181.708
x[1376] = 181.708
x[1377] = 181.708
x[1378] = 181.708
x[1379] = 641.876
x[1380] = 938.144
x[1381] = 28.3708
x[1382] = 28.3708
x[1383] = 96.9288
x[1384] = 77.9176
x[1385] = 28.3708
x[1386] = 132.414
x[1387] = 572.242
x[1388] = 604.204
x[1389] = 681.491
x[1390] = 289.082
x[1391] = 289.082
x[1392] = 344.309
x[1393] = 289.082
x[1394] = 289.082
x[1395] = 99.546
x[1396] = 540.584
x[1397] = 635.937
x[1398] = 635.937
x[1399] = 729.252
x[1400] = 635.937
x[1401] = 717.582
x[1402] = 635.937
x[1403] = 717.582
x[1404] = 784.07
x[1405] = 1539.97
x[1406] = 442.945
x[1407] = 173.799
x[1408] = 442.945
x[1409] = 569.202
x[1410] = 442.945
x[1411] = 487.933
x[1412] = 422.699
x[1413] = 941.085
x[1414] = 6.94721e+06
x[1415] = 6.94727e+06
x[1416] = 6.94726e+06
x[1417] = 6.94718e+06
x[1418] = 83.8123
x[1419] = 104.31
x[1420] = 104.31
x[1421] = 157.633
x[1422] = 104.31
x[1423] = 104.31
x[1424] = 145.23
x[1425] = 502.504
x[1426] = 612.292
x[1427] = 168.951
x[1428] = 168.951
x[1429] = 272.358
x[1430] = 168.951
x[1431] = 337.294
x[1432] = 228.935
x[1433] = 249.209
x[1434] = 249.209
x[1435] = 296.818
x[1436] = 249.209
x[1437] = 249.209
x[1438] = 85.8155
x[1439] = 466.021
x[1440] = 89.4087
x[1441] = 89.4087
x[1442] = 135.114
x[1443] = 89.4087
x[1444] = 524.822
x[1445] = 596.506
x[1446] = 6.02688e-09
x[1447] = 75.0776
x[1448] = -3.66259e-09
x[1449] = 69.4976
x[1450] = 375.732
x[1451] = 442.792
x[1452] = 93.6691
x[1453] = 93.6691
x[1454] = 93.6691
x[1455] = 93.6691
x[1456] = 516.368
x[1457] = 446.722
x[1458] = 499.777
x[1459] = 569.128
x[1460] = 499.777
x[1461] = 496.192
x[1462] = 909.396
x[1463] = 237.455
x[1464] = 199.367
x[1465] = 104.077
x[1466] = 104.077
x[1467] = 104.077
x[1468] = 657.567
x[1469] = 1.01078e-08
x[1470] = 3.62658e-09
x[1471] = 78.2059
x[1472] = 116.536
x[1473] = 1.09446e-08
x[1474] = 3.55459e-09
x[1475] = 110.599
x[1476] = 84.4623
x[1477] = 125.859
x[1478] = 126.257
x[1479] = 909.396
x[1480] = 1.41744e-08
x[1481] = 4.77544e-09
x[1482] = 143.369
x[1483] = 109.488
x[1484] = 163.151
x[1485] = 163.667
x[1486] = 85.6833
x[1487] = 85.6833
x[1488] = 129.484
x[1489] = 85.6833
x[1490] = 412.771
x[1491] = 40.387
x[1492] = 40.387
x[1493] = 103.232
x[1494] = 153.828
x[1495] = 81.9579
x[1496] = 81.9579
x[1497] = 123.854
x[1498] = 81.9579
x[1499] = 708.351
x[1500] = 83.3028
x[1501] = 83.3028
x[1502] = 83.3028
x[1503] = 526.095
x[1504] = 3491.33
x[1505] = 3550.37
x[1506] = 104.31
x[1507] = 104.31
x[1508] = 157.633
x[1509] = 104.31
x[1510] = 502.504
x[1511] = 115.486
x[1512] = 115.486
x[1513] = 174.522
x[1514] = 115.486
x[1515] = 677.895
x[1516] = 111.761
x[1517] = 111.761
x[1518] = 111.761
x[1519] = 538.397
x[1520] = 126.662
x[1521] = 126.662
x[1522] = 743.498
x[1523] = 335.9
x[1524] = 82.7305
x[1525] = 235.315
x[1526] = 685.849
x[1527] = 106.279
x[1528] = 115.745
x[1529] = 126.662
x[1530] = 126.662
x[1531] = 191.411
x[1532] = 126.662
x[1533] = 126.662
x[1534] = 176.35
x[1535] = 610.183
x[1536] = 157.322
x[1537] = 157.322
x[1538] = 306.892
x[1539] = 0.0792547
x[1540] = 0.0792547
x[1541] = 0.0792547
x[1542] = 0.477055
x[1543] = 0.477055
x[1544] = 81.9579
x[1545] = 81.9579
x[1546] = 123.854
x[1547] = 81.9579
x[1548] = 394.824
x[1549] = 158.49
x[1550] = 158.49
x[1551] = 158.49
x[1552] = 532.288
x[1553] = 785.778
x[1554] = 92.714
x[1555] = 615.151
x[1556] = 1365.56
x[1557] = 1365.56
x[1558] = 1299.19
x[1559] = 1365.56
x[1560] = 4.60304e-09
x[1561] = 57.1316
x[1562] = -7.55759e-09
x[1563] = 86.872
x[1564] = 469.665
x[1565] = 553.49
x[1566] = 358.861
x[1567] = 358.861
x[1568] = 427.418
x[1569] = 358.861
x[1570] = 358.861
x[1571] = 671.07
x[1572] = 1.1974e-09
x[1573] = 1.16911e-09
x[1574] = 1.16911e-09
x[1575] = 1.16911e-09
x[1576] = 1.19742e-09
x[1577] = -1.50893e-08
x[1578] = -1.50893e-08
x[1579] = -1.50893e-08
x[1580] = -1.50891e-08
x[1581] = -1.50893e-08
x[1582] = -7.12225e-11
x[1583] = -7.12225e-11
x[1584] = -7.12225e-11
x[1585] = 4.82856
x[1586] = 4.82856
x[1587] = 5.9576e-09
x[1588] = 4.82856
x[1589] = 4.82856
x[1590] = 0
x[1591] = 0
x[1592] = -1.92955e-13
x[1593] = 0
x[1594] = 0
x[1595] = 0
x[1596] = 0
x[1597] = 0
x[1598] = 0
x[1599] = 0
x[1600] = 0
x[1601] = -9.31323e-10
x[1602] = -9.31323e-10
x[1603] = -9.31323e-10
x[1604] = -9.31323e-10
x[1605] = -9.31323e-10
x[1606] = 33.8753
x[1607] = 33.8753
x[1608] = 0
x[1609] = 3.21413e-11
x[1610] = 5.34574e-14
x[1611] = -6.02193e-14
x[1612] = 5.34574e-14
x[1613] = 0
x[1614] = 0
x[1615] = 0
x[1616] = 0
x[1617] = 1.28806e-12
x[1618] = 1.27933e-12
x[1619] = 1.27933e-12
x[1620] = 2.43804
x[1621] = -9.93068e-16
x[1622] = 2.61738e-12
x[1623] = 2.61629e-12
x[1624] = -7.48688e-12
x[1625] = 2.61629e-12
x[1626] = 2.43804
x[1627] = 2.62047e-12
x[1628] = -7.63993e-15
x[1629] = -2.03056e-11
x[1630] = -8.73374e-15
x[1631] = 2.43804
x[1632] = -1.28905e-12
x[1633] = -5.06702e-12
x[1634] = 2.43804
x[1635] = -2.98539e-15
x[1636] = -2.61629e-12
x[1637] = -2.61739e-12
x[1638] = 2.59955e-12
x[1639] = 3.76231e-16
x[1640] = 263098
x[1641] = 4.56291e-15
x[1642] = -1.27994e-12
x[1643] = 1.80003e-30
x[1644] = 3.87949e-12
x[1645] = 1.28032e-12
x[1646] = 2.43804
x[1647] = 1.27733e-12
b:
b[0] = 6795.96
b[1] = 6349.17
b[2] = 7496.88
b[3] = 10248.7
b[4] = 5139.92
b[5] = 9796.29
b[6] = 4673.11
b[7] = 3.52303e+08
b[8] = 6636.78
b[9] = 21419
b[10] = 16148.3
b[11] = 6795.96
b[12] = 6349.17
b[13] = 7496.88
b[14] = 10248.7
b[15] = 5139.92
b[16] = 9796.29
b[17] = 4065.93
b[18] = 3.52303e+08
b[19] = 6636.78
b[20] = 21419
b[21] = 0
b[22] = 16148.3
b[23] = 0
b[24] = 0
b[25] = 0
b[26] = 0
b[27] = 0
b[28] = 0
b[29] = -214.164
b[30] = -214.164
b[31] = -523.156
b[32] = -214.164
b[33] = -163.462
b[34] = -350.77
b[35] = -214.164
b[36] = -8.78281e+06
b[37] = -183.567
b[38] = -58.9404
b[39] = -275.521
b[40] = 0
b[41] = -93.722
b[42] = -205.597
b[43] = 48.9663
b[44] = -205.597
b[45] = -93.722
b[46] = -205.349
b[47] = -93.722
b[48] = -8.51959e+06
b[49] = -64.3497
b[50] = 68.4437
b[51] = -205.597
b[52] = 0
b[53] = -137.065
b[54] = -137.065
b[55] = -22.3575
b[56] = -223.07
b[57] = -62.4813
b[58] = -137.065
b[59] = -137.065
b[60] = -5.6798e+06
b[61] = -117.483
b[62] = -28.9542
b[63] = -137.065
b[64] = 0
b[65] = 1853.81
b[66] = 1853.81
b[67] = -125.191
b[68] = 1853.81
b[69] = 1853.81
b[70] = -266.585
b[71] = 1853.81
b[72] = -6.71247e+06
b[73] = -13.3759
b[74] = 1650.74
b[75] = 1853.81
b[76] = 1779.46
b[77] = -205.597
b[78] = -181.842
b[79] = -33.5363
b[80] = -152.469
b[81] = -205.597
b[82] = -205.597
b[83] = -181.842
b[84] = -8.51968e+06
b[85] = -152.469
b[86] = -43.4313
b[87] = -205.597
b[88] = 0
b[89] = 2344.03
b[90] = -119.932
b[91] = 2427.26
b[92] = -119.932
b[93] = 2344.03
b[94] = 2278.91
b[95] = 2344.03
b[96] = -5.15114e+06
b[97] = 2361.16
b[98] = 2438.63
b[99] = 2263.08
b[100] = 2250.43
b[101] = 22.5801
b[102] = 403.269
b[103] = 472.778
b[104] = 286.733
b[105] = 403.269
b[106] = 286.733
b[107] = 403.269
b[108] = -8.78218e+06
b[109] = 373.136
b[110] = -1809.49
b[111] = 22.5801
b[112] = 0
b[113] = -312.792
b[114] = -188.464
b[115] = -57.6663
b[116] = -188.464
b[117] = -188.464
b[118] = -188.464
b[119] = -188.464
b[120] = -7.74847e+06
b[121] = -161.539
b[122] = -39.812
b[123] = -188.464
b[124] = 0
b[125] = -197.03
b[126] = -146.116
b[127] = -9.37331
b[128] = -146.116
b[129] = -197.03
b[130] = -146.116
b[131] = -146.116
b[132] = -8.01154e+06
b[133] = -146.116
b[134] = -41.6216
b[135] = -146.116
b[136] = 0
b[137] = -197.03
b[138] = -174.265
b[139] = -32.139
b[140] = -174.265
b[141] = -197.03
b[142] = -174.265
b[143] = -174.265
b[144] = -8.01154e+06
b[145] = -146.116
b[146] = -41.6216
b[147] = -174.265
b[148] = 0
b[149] = -137.065
b[150] = -121.228
b[151] = -22.3575
b[152] = -101.646
b[153] = -137.065
b[154] = -137.065
b[155] = -121.228
b[156] = -5.67979e+06
b[157] = -101.646
b[158] = -28.9542
b[159] = -137.065
b[160] = 0
b[161] = -35.3975
b[162] = -35.3975
b[163] = 71.6187
b[164] = -132.168
b[165] = -35.3975
b[166] = -119.118
b[167] = -154.198
b[168] = -6.45104e+06
b[169] = -13.4142
b[170] = 73.5514
b[171] = -152.345
b[172] = 0
b[173] = -355.445
b[174] = 1106.12
b[175] = 1254.75
b[176] = 1106.12
b[177] = -214.164
b[178] = 1106.12
b[179] = 1106.12
b[180] = -8.78194e+06
b[181] = 1106.12
b[182] = 838.929
b[183] = 1106.12
b[184] = 1083.54
b[185] = -162.764
b[186] = -162.764
b[187] = -26.5496
b[188] = -264.888
b[189] = -74.1966
b[190] = -162.764
b[191] = -162.764
b[192] = -6.71414e+06
b[193] = -139.511
b[194] = -34.3831
b[195] = -162.764
b[196] = 0
b[197] = -45.9694
b[198] = -45.9694
b[199] = -272.041
b[200] = -104.092
b[201] = -45.9694
b[202] = -182.401
b[203] = -45.9694
b[204] = -4.64544e+06
b[205] = -30.0594
b[206] = -30.649
b[207] = -143.271
b[208] = 0
b[209] = -219.054
b[210] = -205.597
b[211] = -76.3657
b[212] = -189.682
b[213] = -107.179
b[214] = -219.054
b[215] = -205.597
b[216] = -8.51972e+06
b[217] = -176.225
b[218] = -56.8883
b[219] = -219.054
b[220] = -606.192
b[221] = -312.792
b[222] = -188.464
b[223] = -57.6663
b[224] = -306.706
b[225] = -188.464
b[226] = -188.464
b[227] = -188.464
b[228] = -7.74847e+06
b[229] = -161.539
b[230] = -39.812
b[231] = -188.464
b[232] = 0
b[233] = -298.574
b[234] = -179.897
b[235] = -55.0451
b[236] = -179.897
b[237] = -179.897
b[238] = -179.897
b[239] = -179.897
b[240] = -7.48537e+06
b[241] = -154.197
b[242] = -38.0024
b[243] = -179.897
b[244] = 0
b[245] = -124.233
b[246] = -111.365
b[247] = -18.1655
b[248] = -196.961
b[249] = -50.7661
b[250] = -111.365
b[251] = -111.365
b[252] = -4.64547e+06
b[253] = -95.455
b[254] = -23.5253
b[255] = -111.365
b[256] = 0
b[257] = -222.73
b[258] = -196.995
b[259] = -36.331
b[260] = -165.175
b[261] = -222.73
b[262] = -222.73
b[263] = -196.995
b[264] = -9.04587e+06
b[265] = -47.0505
b[266] = -222.73
b[267] = 0
b[268] = 3832.45
b[269] = -162.764
b[270] = 3701.44
b[271] = -251.469
b[272] = 3832.45
b[273] = 3832.45
b[274] = 3832.45
b[275] = -6.71051e+06
b[276] = 3832.45
b[277] = 3437.97
b[278] = 3832.45
b[279] = 3815.29
b[280] = -107.527
b[281] = -107.527
b[282] = -355.746
b[283] = -145.631
b[284] = -94.0893
b[285] = -238.524
b[286] = -107.527
b[287] = -6.18794e+06
b[288] = -86.7219
b[289] = -40.0795
b[290] = -187.354
b[291] = 0
b[292] = 63.1297
b[293] = 63.1297
b[294] = -54.0923
b[295] = 63.1297
b[296] = 63.1297
b[297] = -238.524
b[298] = 63.1297
b[299] = -6.18789e+06
b[300] = -185.091
b[301] = 14.4155
b[302] = 63.1297
b[303] = 47.7752
b[304] = -327.01
b[305] = 34.683
b[306] = -60.2875
b[307] = 34.683
b[308] = -197.03
b[309] = 34.683
b[310] = 34.683
b[311] = -8.01157e+06
b[312] = 34.683
b[313] = -442.847
b[314] = 34.683
b[315] = 13.9093
b[316] = -327.01
b[317] = -197.03
b[318] = -60.2875
b[319] = -321.834
b[320] = -197.03
b[321] = -197.03
b[322] = -197.03
b[323] = -8.01157e+06
b[324] = -168.882
b[325] = -41.6216
b[326] = -197.03
b[327] = 0
b[328] = -205.597
b[329] = -205.597
b[330] = -33.5363
b[331] = -205.597
b[332] = -205.597
b[333] = -205.597
b[334] = -205.597
b[335] = -8.5197e+06
b[336] = -176.225
b[337] = -43.4313
b[338] = -205.597
b[339] = 0
b[340] = -92.1378
b[341] = -92.1378
b[342] = -334.82
b[343] = -137.065
b[344] = -85.4177
b[345] = -224.493
b[346] = -92.1378
b[347] = -5.6798e+06
b[348] = -72.5563
b[349] = -37.7219
b[350] = -176.334
b[351] = 0
b[352] = -28.3787
b[353] = -28.3787
b[354] = -180.078
b[355] = -28.3787
b[356] = -28.3787
b[357] = -308.678
b[358] = -28.3787
b[359] = -7.74847e+06
b[360] = -28.3787
b[361] = -51.8676
b[362] = -28.3787
b[363] = 0
b[364] = -111.365
b[365] = -111.365
b[366] = -18.1655
b[367] = -196.961
b[368] = -37.8985
b[369] = -111.365
b[370] = -98.4975
b[371] = -4.64546e+06
b[372] = -82.5875
b[373] = -23.5253
b[374] = -111.365
b[375] = 0
b[376] = -145.631
b[377] = -145.631
b[378] = -23.7549
b[379] = -237.049
b[380] = -66.3864
b[381] = -145.631
b[382] = -145.631
b[383] = -6.18794e+06
b[384] = -124.826
b[385] = -30.7638
b[386] = -145.631
b[387] = 0
b[388] = 63.1297
b[389] = 63.1297
b[390] = -54.0923
b[391] = 63.1297
b[392] = 63.1297
b[393] = -238.524
b[394] = 63.1297
b[395] = -6.18789e+06
b[396] = -185.091
b[397] = 14.4155
b[398] = 47.7752
b[399] = -50.8062
b[400] = -50.8062
b[401] = 7.4423
b[402] = -139.511
b[403] = -50.8062
b[404] = -139.511
b[405] = -162.764
b[406] = -6.71414e+06
b[407] = -27.6904
b[408] = 77.575
b[409] = -160.809
b[410] = -25.5682
b[411] = -25.5682
b[412] = 51.7213
b[413] = -95.455
b[414] = -25.5682
b[415] = -86.0327
b[416] = -111.365
b[417] = -4.64539e+06
b[418] = -9.68801
b[419] = 53.1115
b[420] = -110.027
b[421] = 0
b[422] = -92.1378
b[423] = -92.1378
b[424] = -334.82
b[425] = -137.065
b[426] = -85.4177
b[427] = -224.493
b[428] = -92.1378
b[429] = -5.6798e+06
b[430] = -72.5563
b[431] = -37.7219
b[432] = -176.334
b[433] = 0
b[434] = -162.458
b[435] = -145.631
b[436] = -23.7549
b[437] = -237.049
b[438] = -66.3864
b[439] = -145.631
b[440] = -145.631
b[441] = -6.18794e+06
b[442] = -124.826
b[443] = -30.7638
b[444] = -145.631
b[445] = 0
b[446] = 77.9837
b[447] = 77.9837
b[448] = -66.82
b[449] = 77.9837
b[450] = 77.9837
b[451] = -294.647
b[452] = 77.9837
b[453] = -7.48531e+06
b[454] = -227.911
b[455] = 17.8074
b[456] = 77.9837
b[457] = 59.0164
b[458] = -298.574
b[459] = -179.897
b[460] = -55.0451
b[461] = -179.897
b[462] = -179.897
b[463] = -179.897
b[464] = -179.897
b[465] = -7.48537e+06
b[466] = -154.197
b[467] = -38.0024
b[468] = -179.897
b[469] = 0
b[470] = -312.792
b[471] = 2863.32
b[472] = 2711.62
b[473] = 2863.32
b[474] = -188.464
b[475] = 2863.32
b[476] = 2863.32
b[477] = -7.74584e+06
b[478] = 2863.32
b[479] = 2406.55
b[480] = 2863.32
b[481] = 2843.45
b[482] = 81.6972
b[483] = 81.6972
b[484] = -70.0019
b[485] = 81.6972
b[486] = 81.6972
b[487] = -308.678
b[488] = 81.6972
b[489] = -7.74841e+06
b[490] = -238.334
b[491] = 18.6554
b[492] = 81.6972
b[493] = 61.8267
b[494] = -298.574
b[495] = -179.897
b[496] = -55.0451
b[497] = -179.897
b[498] = -179.897
b[499] = -179.897
b[500] = -179.897
b[501] = -7.48537e+06
b[502] = -154.197
b[503] = -38.0024
b[504] = -179.897
b[505] = 0
b[506] = -238.075
b[507] = -102.713
b[508] = -73.1838
b[509] = -209.927
b[510] = -102.713
b[511] = -209.927
b[512] = -102.713
b[513] = -8.01147e+06
b[514] = -74.5647
b[515] = 52.6956
b[516] = -209.927
b[517] = 0
b[518] = -341.227
b[519] = -205.597
b[520] = -62.9087
b[521] = -205.597
b[522] = -205.597
b[523] = -205.597
b[524] = -205.597
b[525] = -8.5197e+06
b[526] = -176.225
b[527] = -43.4313
b[528] = -205.597
b[529] = 0
b[530] = -107.527
b[531] = -107.527
b[532] = -355.746
b[533] = -145.631
b[534] = -94.0893
b[535] = -238.524
b[536] = -107.527
b[537] = -6.18794e+06
b[538] = -86.7219
b[539] = -40.0795
b[540] = -187.354
b[541] = 0
b[542] = -199.049
b[543] = -119.932
b[544] = -36.6967
b[545] = -119.932
b[546] = -119.932
b[547] = -119.932
b[548] = -119.932
b[549] = -5.15361e+06
b[550] = -102.798
b[551] = -25.3349
b[552] = -119.932
b[553] = 0
b[554] = -214.164
b[555] = -214.164
b[556] = -34.9336
b[557] = -214.164
b[558] = -214.164
b[559] = -214.164
b[560] = -214.164
b[561] = -8.7828e+06
b[562] = -183.567
b[563] = -45.2409
b[564] = -214.164
b[565] = 0
b[566] = -227.485
b[567] = -137.065
b[568] = -41.9391
b[569] = -137.065
b[570] = -137.065
b[571] = -137.065
b[572] = -137.065
b[573] = -5.6798e+06
b[574] = -117.483
b[575] = -28.9542
b[576] = -137.065
b[577] = 0
b[578] = 96.8284
b[579] = 274.223
b[580] = 321.489
b[581] = 194.978
b[582] = 274.223
b[583] = 194.978
b[584] = 274.223
b[585] = -6.18752e+06
b[586] = 253.733
b[587] = -580.114
b[588] = 66.5237
b[589] = 0
b[590] = -36.9603
b[591] = -36.9603
b[592] = 79.53
b[593] = -146.854
b[594] = -36.9603
b[595] = -130.569
b[596] = -171.331
b[597] = -6.97716e+06
b[598] = -14.9046
b[599] = 98.1778
b[600] = -169.273
b[601] = 0
b[602] = -152.902
b[603] = -137.065
b[604] = -22.3575
b[605] = -223.07
b[606] = -62.4813
b[607] = -137.065
b[608] = -137.065
b[609] = -5.6798e+06
b[610] = -117.483
b[611] = -28.9542
b[612] = -137.065
b[613] = 0
b[614] = 70.5567
b[615] = 70.5567
b[616] = -60.4562
b[617] = 70.5567
b[618] = 70.5567
b[619] = -1807.79
b[620] = 70.5567
b[621] = -6.71408e+06
b[622] = -205.936
b[623] = 16.1115
b[624] = 53.3958
b[625] = -188.464
b[626] = -166.688
b[627] = -30.7416
b[628] = -139.763
b[629] = -188.464
b[630] = -166.688
b[631] = -166.688
b[632] = -7.74845e+06
b[633] = -139.763
b[634] = -39.812
b[635] = -166.688
b[636] = 0
b[637] = 406.804
b[638] = -145.631
b[639] = 454.071
b[640] = -237.049
b[641] = 406.804
b[642] = 327.56
b[643] = 406.804
b[644] = -6.18739e+06
b[645] = 427.61
b[646] = 521.672
b[647] = 308.504
b[648] = 293.149
b[649] = -128.498
b[650] = -128.498
b[651] = -20.9602
b[652] = -209.151
b[653] = -58.5763
b[654] = -128.498
b[655] = -128.498
b[656] = -5.41671e+06
b[657] = -110.14
b[658] = -27.1445
b[659] = -128.498
b[660] = 0
b[661] = 85.4107
b[662] = 85.4107
b[663] = -73.1838
b[664] = 85.4107
b[665] = 85.4107
b[666] = 85.4107
b[667] = 85.4107
b[668] = 85.4107
b[669] = -348.529
b[670] = 85.4107
b[671] = -874.946
b[672] = -369.663
b[673] = 160.405
b[674] = 53.0469
b[675] = 160.405
b[676] = -222.73
b[677] = 160.405
b[678] = 160.405
b[679] = -9.0459e+06
b[680] = 160.405
b[681] = -379.411
b[682] = 160.405
b[683] = 136.921
b[684] = 48.2756
b[685] = 48.2756
b[686] = -41.3647
b[687] = 48.2756
b[688] = 48.2756
b[689] = -214.226
b[690] = 48.2756
b[691] = -4.64543e+06
b[692] = -141.142
b[693] = 11.0236
b[694] = 36.534
b[695] = 153.769
b[696] = 371.008
b[697] = 441.685
b[698] = 263.794
b[699] = 371.008
b[700] = 263.794
b[701] = 371.008
b[702] = -8.011e+06
b[703] = 343.285
b[704] = -456.756
b[705] = 90.0027
b[706] = 0
b[707] = -264.5
b[708] = -205.597
b[709] = -502.229
b[710] = -205.597
b[711] = -154.79
b[712] = -336.739
b[713] = -205.597
b[714] = -8.51976e+06
b[715] = -176.225
b[716] = -62.6988
b[717] = -264.5
b[718] = 0
b[719] = -214.164
b[720] = -189.418
b[721] = -34.9336
b[722] = -158.822
b[723] = -214.164
b[724] = -214.164
b[725] = -189.418
b[726] = -8.78278e+06
b[727] = -158.822
b[728] = -45.2409
b[729] = -214.164
b[730] = 0
b[731] = -222.73
b[732] = -165.175
b[733] = -10.5959
b[734] = -165.175
b[735] = -222.73
b[736] = -165.175
b[737] = -165.175
b[738] = -9.04587e+06
b[739] = -165.175
b[740] = -47.0505
b[741] = -165.175
b[742] = 0
b[743] = -291.262
b[744] = -291.262
b[745] = -108.185
b[746] = -291.262
b[747] = -291.262
b[748] = -477.048
b[749] = -291.262
b[750] = -1.16408e+07
b[751] = -110.294
b[752] = -1045.21
b[753] = 0
b[754] = 111.405
b[755] = 111.405
b[756] = -95.4571
b[757] = 111.405
b[758] = 111.405
b[759] = -358.249
b[760] = 111.405
b[761] = -268.872
b[762] = 84.3092
b[763] = -843.329
b[764] = -402.627
b[765] = -149.549
b[766] = -402.627
b[767] = -402.627
b[768] = -659.448
b[769] = -402.627
b[770] = -1.60413e+07
b[771] = -345.107
b[772] = -2420.67
b[773] = -1444.85
b[774] = 0
b[775] = -465.882
b[776] = -385.494
b[777] = -385.494
b[778] = -385.494
b[779] = -385.494
b[780] = -1.527e+07
b[781] = -226.428
b[782] = -1215.73
b[783] = 0
b[784] = -411.194
b[785] = -411.194
b[786] = -67.0726
b[787] = -669.127
b[788] = -187.444
b[789] = -411.194
b[790] = -411.194
b[791] = -2.81842e+07
b[792] = -352.449
b[793] = -86.8625
b[794] = -411.194
b[795] = 289.109
b[796] = 289.109
b[797] = -136.822
b[798] = 289.109
b[799] = 289.109
b[800] = 159.681
b[801] = 289.109
b[802] = 36.4628
b[803] = 289.109
b[804] = -950.001
b[805] = -291.262
b[806] = -291.262
b[807] = -108.185
b[808] = -291.262
b[809] = -291.262
b[810] = -454.315
b[811] = -249.652
b[812] = -1160.23
b[813] = -454.315
b[814] = -1938.41
b[815] = -368.361
b[816] = -368.361
b[817] = -368.361
b[818] = -368.361
b[819] = -368.361
b[820] = -1.47438e+07
b[821] = -77.8144
b[822] = -1260.21
b[823] = 0
b[824] = -212.068
b[825] = -212.068
b[826] = -37.7283
b[827] = -357.156
b[828] = -105.437
b[829] = -212.068
b[830] = -231.297
b[831] = -1.58536e+07
b[832] = -179.024
b[833] = -40.528
b[834] = -212.068
b[835] = -248.43
b[836] = -248.43
b[837] = -40.523
b[838] = -212.938
b[839] = -113.247
b[840] = -406.894
b[841] = -248.43
b[842] = -1.00802e+07
b[843] = -303.713
b[844] = 480.973
b[845] = 480.973
b[846] = 49.6876
b[847] = 387.563
b[848] = 556.006
b[849] = 240.075
b[850] = 387.563
b[851] = 812.061
b[852] = 387.563
b[853] = 0
b[854] = -394.061
b[855] = -1240.7
b[856] = -120.575
b[857] = -1487.89
b[858] = -394.061
b[859] = -394.061
b[860] = -394.061
b[861] = -1.57789e+07
b[862] = -885.693
b[863] = -394.061
b[864] = -231.297
b[865] = -231.297
b[866] = -231.297
b[867] = -231.297
b[868] = -231.297
b[869] = -9.30934e+06
b[870] = -921.358
b[871] = -1663.79
b[872] = 0
b[873] = -635.041
b[874] = 305.964
b[875] = 427.695
b[876] = 82.2143
b[877] = -173.489
b[878] = 50.7356
b[879] = 305.964
b[880] = -1.63036e+07
b[881] = 364.709
b[882] = -3062.69
b[883] = -1059.07
b[884] = 0
b[885] = 500.054
b[886] = 500.054
b[887] = 586.245
b[888] = 433.617
b[889] = 500.054
b[890] = 433.617
b[891] = -210.009
b[892] = 433.617
b[893] = 0
b[894] = 96.5512
b[895] = 96.5512
b[896] = -82.7295
b[897] = 96.5512
b[898] = 96.5512
b[899] = -364.801
b[900] = 96.5512
b[901] = -9.04583e+06
b[902] = -281.154
b[903] = 73.068
b[904] = -291.262
b[905] = -291.262
b[906] = -291.262
b[907] = -291.262
b[908] = -291.262
b[909] = -1.16408e+07
b[910] = -110.294
b[911] = -1045.21
b[912] = 0
b[913] = -83.0161
b[914] = -222.73
b[915] = 71.5629
b[916] = -222.73
b[917] = -83.0161
b[918] = -201.785
b[919] = -83.0161
b[920] = -9.04576e+06
b[921] = -51.1961
b[922] = 92.6634
b[923] = -222.73
b[924] = 0
b[925] = -376.928
b[926] = -376.928
b[927] = -920.754
b[928] = -376.928
b[929] = -328.221
b[930] = -617.356
b[931] = -376.928
b[932] = -323.078
b[933] = -103.735
b[934] = -484.918
b[935] = -657.097
b[936] = -214.164
b[937] = -214.164
b[938] = -79.5476
b[939] = -214.164
b[940] = -214.164
b[941] = -350.77
b[942] = -214.164
b[943] = -8.78284e+06
b[944] = -183.567
b[945] = -1287.59
b[946] = -768.539
b[947] = 0
b[948] = 790.408
b[949] = 790.408
b[950] = 926.646
b[951] = 685.395
b[952] = 790.408
b[953] = 685.395
b[954] = -331.95
b[955] = 685.395
b[956] = 0
b[957] = 174.535
b[958] = 174.535
b[959] = -149.549
b[960] = 174.535
b[961] = 174.535
b[962] = 174.535
b[963] = 174.535
b[964] = 174.535
b[965] = -712.212
b[966] = 174.535
b[967] = -1787.93
b[968] = -402.627
b[969] = -402.627
b[970] = -983.532
b[971] = -402.627
b[972] = -354.236
b[973] = -659.448
b[974] = -402.627
b[975] = -352.016
b[976] = -110.808
b[977] = -517.98
b[978] = 0
b[979] = -140.583
b[980] = -308.395
b[981] = -50.3044
b[982] = -476.208
b[983] = -140.583
b[984] = -140.583
b[985] = -140.583
b[986] = -1.2412e+07
b[987] = -54.0373
b[988] = -140.583
b[989] = 0
b[990] = -334.095
b[991] = -334.095
b[992] = -334.095
b[993] = -334.095
b[994] = -334.095
b[995] = -1.34463e+07
b[996] = -569.117
b[997] = -1641.52
b[998] = 0
b[999] = -299.829
b[1000] = -299.829
b[1001] = -299.829
b[1002] = -299.829
b[1003] = -299.829
b[1004] = -1.21489e+07
b[1005] = -63.3373
b[1006] = -299.829
b[1007] = -163.091
b[1008] = -163.091
b[1009] = 8.23614
b[1010] = -220.281
b[1011] = -117.153
b[1012] = -220.281
b[1013] = -256.996
b[1014] = -1.03433e+07
b[1015] = -220.281
b[1016] = 0
b[1017] = 451.661
b[1018] = 451.661
b[1019] = 529.512
b[1020] = 321.141
b[1021] = 451.661
b[1022] = 321.141
b[1023] = -955.482
b[1024] = 109.569
b[1025] = 0
b[1026] = 92.8377
b[1027] = 92.8377
b[1028] = -79.5476
b[1029] = 92.8377
b[1030] = 92.8377
b[1031] = -350.77
b[1032] = 92.8377
b[1033] = -8.78273e+06
b[1034] = -270.731
b[1035] = 70.2577
b[1036] = -291.262
b[1037] = -291.262
b[1038] = -711.492
b[1039] = -291.262
b[1040] = -241.506
b[1041] = -477.048
b[1042] = -291.262
b[1043] = -249.652
b[1044] = -80.1589
b[1045] = 0
b[1046] = -299.829
b[1047] = -299.829
b[1048] = -48.9071
b[1049] = -487.905
b[1050] = -136.678
b[1051] = -299.829
b[1052] = -299.829
b[1053] = -2.0551e+07
b[1054] = -256.994
b[1055] = -63.3373
b[1056] = -299.829
b[1057] = -222.73
b[1058] = -196.995
b[1059] = -36.331
b[1060] = -165.175
b[1061] = -222.73
b[1062] = -222.73
b[1063] = -196.995
b[1064] = -9.04587e+06
b[1065] = -47.0505
b[1066] = -222.73
b[1067] = 0
b[1068] = 411.686
b[1069] = 411.686
b[1070] = 215.905
b[1071] = 411.686
b[1072] = 411.686
b[1073] = -1.42349e+07
b[1074] = -136.246
b[1075] = -1291.15
b[1076] = 130.891
b[1077] = -376.928
b[1078] = -376.928
b[1079] = -61.4832
b[1080] = -613.367
b[1081] = -171.824
b[1082] = -376.928
b[1083] = -376.928
b[1084] = -2.58355e+07
b[1085] = -323.078
b[1086] = -79.624
b[1087] = -376.928
b[1088] = 100.265
b[1089] = 100.265
b[1090] = -85.9114
b[1091] = 100.265
b[1092] = 100.265
b[1093] = -378.832
b[1094] = 100.265
b[1095] = -9.30892e+06
b[1096] = -291.577
b[1097] = -282.696
b[1098] = -809.683
b[1099] = -86.4994
b[1100] = -986.987
b[1101] = -282.696
b[1102] = -282.696
b[1103] = -282.696
b[1104] = -1.13778e+07
b[1105] = -242.309
b[1106] = -213.546
b[1107] = -282.696
b[1108] = -376.928
b[1109] = -376.928
b[1110] = -61.4832
b[1111] = -613.367
b[1112] = -376.928
b[1113] = -376.928
b[1114] = -376.928
b[1115] = -1.50069e+07
b[1116] = -79.624
b[1117] = -376.928
b[1118] = 0
b[1119] = -402.627
b[1120] = -402.627
b[1121] = -149.549
b[1122] = -402.627
b[1123] = -402.627
b[1124] = -628.024
b[1125] = -345.107
b[1126] = -1603.85
b[1127] = -628.024
b[1128] = -2679.57
b[1129] = -394.061
b[1130] = -394.061
b[1131] = -64.2779
b[1132] = -641.247
b[1133] = -179.634
b[1134] = -394.061
b[1135] = -394.061
b[1136] = -1.57781e+07
b[1137] = -337.764
b[1138] = -83.2433
b[1139] = -394.061
b[1140] = 0
b[1141] = 612.969
b[1142] = 612.969
b[1143] = 718.623
b[1144] = 445.092
b[1145] = 612.969
b[1146] = 435.834
b[1147] = -1296.73
b[1148] = 148.7
b[1149] = 0
b[1150] = -169.52
b[1151] = -351.228
b[1152] = -542.348
b[1153] = -169.52
b[1154] = -169.52
b[1155] = -1.39725e+07
b[1156] = -74.1951
b[1157] = -169.52
b[1158] = -308.395
b[1159] = -308.395
b[1160] = -753.344
b[1161] = -308.395
b[1162] = -258.849
b[1163] = -505.109
b[1164] = -308.395
b[1165] = -264.337
b[1166] = -84.8742
b[1167] = -396.751
b[1168] = 0
b[1169] = 107.692
b[1170] = 107.692
b[1171] = -92.2752
b[1172] = 107.692
b[1173] = 107.692
b[1174] = -406.894
b[1175] = 107.692
b[1176] = -1.00802e+07
b[1177] = -313.551
b[1178] = 81.4989
b[1179] = 329.45
b[1180] = 329.45
b[1181] = -155.913
b[1182] = 329.45
b[1183] = 329.45
b[1184] = 181.962
b[1185] = 329.45
b[1186] = 329.45
b[1187] = 41.5506
b[1188] = 329.45
b[1189] = -1082.56
b[1190] = 211.648
b[1191] = -231.297
b[1192] = 25.4718
b[1193] = -376.384
b[1194] = 211.648
b[1195] = 211.648
b[1196] = 211.648
b[1197] = -9.30908e+06
b[1198] = 211.648
b[1199] = -48.8602
b[1200] = 211.648
b[1201] = -248.43
b[1202] = -92.2752
b[1203] = -248.43
b[1204] = -406.894
b[1205] = -6.94746e+06
b[1206] = -1.7028e+07
b[1207] = -6.94742e+06
b[1208] = -239.863
b[1209] = -239.863
b[1210] = -239.863
b[1211] = -239.863
b[1212] = -239.863
b[1213] = -9.81718e+06
b[1214] = -90.8306
b[1215] = -860.764
b[1216] = 0
b[1217] = -70.8869
b[1218] = -70.8869
b[1219] = 143.146
b[1220] = -308.395
b[1221] = -70.8869
b[1222] = -70.8869
b[1223] = -352.454
b[1224] = -2.11382e+07
b[1225] = -70.8869
b[1226] = 92.8377
b[1227] = 92.8377
b[1228] = -79.5476
b[1229] = 92.8377
b[1230] = 92.8377
b[1231] = -350.77
b[1232] = 92.8377
b[1233] = -8.78273e+06
b[1234] = -270.731
b[1235] = 70.2577
b[1236] = -205.597
b[1237] = -205.597
b[1238] = -205.597
b[1239] = -205.597
b[1240] = -994.301
b[1241] = -737.798
b[1242] = 0
b[1243] = -101.821
b[1244] = -388.391
b[1245] = -293.432
b[1246] = 89.9298
b[1247] = -205.597
b[1248] = -205.597
b[1249] = -176.225
b[1250] = -205.597
b[1251] = -205.597
b[1252] = -8.5197e+06
b[1253] = -43.4313
b[1254] = -205.597
b[1255] = -86.209
b[1256] = -231.297
b[1257] = -231.297
b[1258] = -86.209
b[1259] = -86.209
b[1260] = -9.30893e+06
b[1261] = 96.2274
b[1262] = -231.297
b[1263] = -256.996
b[1264] = -95.4571
b[1265] = -256.996
b[1266] = -400.866
b[1267] = -1023.73
b[1268] = -400.866
b[1269] = -1710.36
b[1270] = -63.6381
b[1271] = 74.2702
b[1272] = -280.616
b[1273] = 74.2702
b[1274] = -216.359
b[1275] = 1.23304e+07
b[1276] = 1.64406e+07
b[1277] = -95.7878
b[1278] = -95.7878
b[1279] = -256.996
b[1280] = -95.7878
b[1281] = -293.712
b[1282] = -1.76151e+07
b[1283] = -95.7878
b[1284] = -214.164
b[1285] = -214.164
b[1286] = -183.567
b[1287] = -97.6271
b[1288] = -214.164
b[1289] = -1.46793e+07
b[1290] = 16.4849
b[1291] = -231.297
b[1292] = -231.297
b[1293] = -37.7283
b[1294] = -198.253
b[1295] = -105.437
b[1296] = -231.297
b[1297] = -231.297
b[1298] = -9.30908e+06
b[1299] = -282.768
b[1300] = -1023.73
b[1301] = -400.866
b[1302] = -1710.36
b[1303] = -299.829
b[1304] = -299.829
b[1305] = -48.9071
b[1306] = -256.994
b[1307] = -136.678
b[1308] = -299.829
b[1309] = -299.829
b[1310] = -1.2149e+07
b[1311] = -366.551
b[1312] = -197.03
b[1313] = -197.03
b[1314] = -197.03
b[1315] = -197.03
b[1316] = -74.6109
b[1317] = -707.056
b[1318] = -242.309
b[1319] = -242.309
b[1320] = -242.309
b[1321] = -128.868
b[1322] = -282.696
b[1323] = -1.93767e+07
b[1324] = -188.464
b[1325] = -188.464
b[1326] = -188.464
b[1327] = -188.464
b[1328] = -676.314
b[1329] = -120.912
b[1330] = -461.214
b[1331] = -347.25
b[1332] = 106.792
b[1333] = -47.2166
b[1334] = -205.597
b[1335] = -176.225
b[1336] = -47.2166
b[1337] = -47.2166
b[1338] = -1.40921e+07
b[1339] = -47.2166
b[1340] = -105.003
b[1341] = -463.017
b[1342] = -356.371
b[1343] = 3225.77
b[1344] = 3225.77
b[1345] = -265.563
b[1346] = -1.82023e+07
b[1347] = -239.863
b[1348] = -239.863
b[1349] = -239.863
b[1350] = -239.863
b[1351] = -90.8306
b[1352] = -860.764
b[1353] = -265.563
b[1354] = -265.563
b[1355] = -265.563
b[1356] = -265.563
b[1357] = -1596.62
b[1358] = -952.989
b[1359] = 0
b[1360] = -256.996
b[1361] = -256.996
b[1362] = -256.996
b[1363] = -97.3185
b[1364] = -922.247
b[1365] = -291.262
b[1366] = -291.262
b[1367] = -1751.13
b[1368] = -1045.21
b[1369] = 0
b[1370] = -231.297
b[1371] = -484.466
b[1372] = -618.615
b[1373] = -231.297
b[1374] = -830.022
b[1375] = -203.235
b[1376] = 419.63
b[1377] = 0
b[1378] = 778.181
b[1379] = -96.9842
b[1380] = -271.68
b[1381] = -519.14
b[1382] = -316.962
b[1383] = -1.26752e+07
b[1384] = -387.496
b[1385] = -291.262
b[1386] = -291.262
b[1387] = -291.262
b[1388] = -291.262
b[1389] = -291.262
b[1390] = -1.16408e+07
b[1391] = -110.294
b[1392] = -1045.21
b[1393] = 387.138
b[1394] = 387.138
b[1395] = -818.985
b[1396] = 93.9159
b[1397] = 0
b[1398] = 1.23304e+07
b[1399] = -75.4775
b[1400] = -75.4775
b[1401] = 7.41253
b[1402] = -198.253
b[1403] = -75.4775
b[1404] = -201.337
b[1405] = -231.297
b[1406] = -9.309e+06
b[1407] = -120.068
b[1408] = -188.464
b[1409] = -188.464
b[1410] = -188.464
b[1411] = -188.464
b[1412] = -71.3669
b[1413] = -676.314
b[1414] = -132.773
b[1415] = -291.262
b[1416] = -449.752
b[1417] = -132.773
b[1418] = -132.773
b[1419] = -1.16413e+07
b[1420] = -61.5276
b[1421] = -132.773
b[1422] = -576.327
b[1423] = -390.151
b[1424] = -703.808
b[1425] = 0
b[1426] = 1159.96
b[1427] = 1159.96
b[1428] = 1047.88
b[1429] = 1159.96
b[1430] = -205.597
b[1431] = -1.40921e+07
b[1432] = -256.996
b[1433] = -256.996
b[1434] = -256.996
b[1435] = -256.996
b[1436] = -256.996
b[1437] = -1.03433e+07
b[1438] = -54.2891
b[1439] = -256.996
b[1440] = -162.588
b[1441] = 133.686
b[1442] = 133.686
b[1443] = -114.549
b[1444] = 133.686
b[1445] = 133.686
b[1446] = -505.109
b[1447] = 133.686
b[1448] = -388.769
b[1449] = 101.171
b[1450] = 0
b[1451] = 0
b[1452] = 0
b[1453] = 0
b[1454] = 0
b[1455] = 0
b[1456] = 0
b[1457] = 0
b[1458] = 0
b[1459] = 0
b[1460] = 0
b[1461] = 0
b[1462] = 0
b[1463] = 0
b[1464] = 0
b[1465] = 0
b[1466] = 0
b[1467] = 0
b[1468] = 4.82856
b[1469] = 0
b[1470] = 4.82856
b[1471] = 0
b[1472] = 4.82856
b[1473] = 4.82856
b[1474] = 0
b[1475] = 0
b[1476] = 0
b[1477] = 0
b[1478] = 0
b[1479] = 0
b[1480] = 0
b[1481] = 0
b[1482] = 0
b[1483] = 0
b[1484] = 0
b[1485] = 0
b[1486] = 0
b[1487] = 0
b[1488] = 0
b[1489] = 0
b[1490] = 0
b[1491] = 0
b[1492] = 7.3512e+06
b[1493] = 7.3512e+06
b[1494] = 7.3512e+06
b[1495] = 7.3512e+06
b[1496] = 7.3512e+06
b[1497] = 7.3512e+06
b[1498] = 33.8753
b[1499] = 33.8753
b[1500] = 0
b[1501] = 0
b[1502] = 0
b[1503] = 0
b[1504] = 0
b[1505] = 0
b[1506] = 0
b[1507] = 0
b[1508] = 0
b[1509] = 0
b[1510] = 0
b[1511] = 0
b[1512] = 0
b[1513] = 0
b[1514] = 0
b[1515] = 0
b[1516] = 0
b[1517] = 0
b[1518] = 0
b[1519] = 0
b[1520] = 0
b[1521] = 0
b[1522] = 0
b[1523] = 0
b[1524] = 0
b[1525] = 0
b[1526] = 0
b[1527] = 0
b[1528] = 0
b[1529] = 0
b[1530] = 0
b[1531] = 0
b[1532] = 0
b[1533] = 0
b[1534] = 0
b[1535] = 0
b[1536] = 0
b[1537] = 0
b[1538] = 0
b[1539] = 0
b[1540] = 0
b[1541] = 0
b[1542] = 0
b[1543] = 0
b[1544] = 0
b[1545] = 0
b[1546] = 0
b[1547] = 0
b[1548] = 0
b[1549] = 0
b[1550] = 0
b[1551] = 0
b[1552] = 0
b[1553] = 0
b[1554] = 0
b[1555] = 0
b[1556] = 0
b[1557] = 0
b[1558] = 0
b[1559] = -2.49941e+08
b[1560] = -2.49941e+08
b[1561] = -2.49941e+08
b[1562] = 0
b[1563] = -2.49941e+08
b[1564] = 0
b[1565] = 0
b[1566] = 0
b[1567] = 0
b[1568] = 0
b[1569] = 0
b[1570] = 0
b[1571] = 0
b[1572] = 0
b[1573] = 0
b[1574] = 0
b[1575] = 0
b[1576] = 0
b[1577] = 0
b[1578] = 0
b[1579] = 0
b[1580] = 0
b[1581] = 0
b[1582] = 0
b[1583] = 0
b[1584] = 0
b[1585] = 0
b[1586] = 0
b[1587] = 0
b[1588] = 0
b[1589] = 0
b[1590] = 0
b[1591] = 0
b[1592] = 0
b[1593] = 0
b[1594] = 0
b[1595] = 0
b[1596] = 0
b[1597] = 0
b[1598] = 0
b[1599] = 0
b[1600] = 0
b[1601] = 263096
b[1602] = 0
b[1603] = 0
b[1604] = 0
b[1605] = 0
b[1606] = 0
b[1607] = 0
b[1608] = 0
b[1609] = 0
b[1610] = 0
b[1611] = 263096
b[1612] = 0
b[1613] = 0
b[1614] = 0
b[1615] = 0
b[1616] = 0
b[1617] = 0
b[1618] = 0
b[1619] = 0
b[1620] = 0
b[1621] = 0
b[1622] = 263096
b[1623] = 0
b[1624] = 0
b[1625] = 0
b[1626] = 0
b[1627] = 0
b[1628] = 0
b[1629] = 0
b[1630] = 0
b[1631] = 0
b[1632] = 0
b[1633] = 0
b[1634] = 263096
b[1635] = 0
b[1636] = 0
b[1637] = 0
b[1638] = 0
b[1639] = 0
b[1640] = 0
b[1641] = 0
b[1642] = 0
b[1643] = 0
b[1644] = 0
b[1645] = 0
b[1646] = 263096
b[1647] = 0
v:
v[0] = -57.705
v[1] = 9.22242
v[2] = -24.3219
v[3] = -43.8558
v[4] = -36.4829
v[5] = 2442.68
v[6] = 415.552
v[7] = -33.4426
v[8] = -34.9628
v[9] = -34.9628
v[10] = -24.3219
v[11] = 28.9461
v[12] = -38.003
v[13] = -28.8823
v[14] = -30.0066
v[15] = -49.9399
v[16] = -33.4426
v[17] = -31.9225
v[18] = -19.7616
v[19] = -39.5231
v[20] = -28.8823
v[21] = -39.2394
v[22] = 13.4569
v[23] = -34.9628
v[24] = -34.9628
v[25] = -36.4829
v[26] = -36.9312
v[27] = -50.7804
v[28] = -19.7616
v[29] = -25.842
v[30] = 13.4569
v[31] = 30.5542
v[32] = 66.0353
v[33] = -36.9312
v[34] = -25.842
v[35] = 16.6232
v[36] = -31.9225
v[37] = -33.4426
v[38] = 17.4148
v[39] = -31.9225
v[40] = 18.2064
v[41] = -36.4829
v[42] = -39.2394
v[43] = -21.2817
v[44] = -38.003
v[45] = -24.3219
v[46] = 282.576
v[47] = 32.1623
v[48] = -24.3219
v[49] = 15.0401
v[50] = -33.4426
v[51] = -25.842
v[52] = -22.8018
v[53] = 18.2064
v[54] = -39.5231
v[55] = 10.2906
v[56] = 533.075
v[57] = -95.3863
v[58] = -38.003
v[59] = -39.5231
v[60] = -178.346
v[61] = 23.7475
v[62] = -246.538
v[63] = -68.4054
v[64] = -72.9657
v[65] = 34.0381
v[66] = -618.097
v[67] = -65.3651
v[68] = -41.0432
v[69] = -44.0835
v[70] = 814.483
v[71] = -916.565
v[72] = -490.842
v[73] = -2297.33
v[74] = 515.285
v[75] = 20.5812
v[76] = -178.346
v[77] = 9.99095
v[78] = -101.561
v[79] = -131.137
v[80] = 814.483
v[81] = 37.2044
v[82] = -108.485
v[83] = -54.7243
v[84] = -59.2847
v[85] = -53.2042
v[86] = 41.0988
v[87] = 465.419
v[88] = 19.7896
v[89] = -78.4788
v[90] = -53.2042
v[91] = -39.5231
v[92] = -220.31
v[93] = -66.8853
v[94] = 21.3727
v[95] = -577.151
v[96] = -66.8853
v[97] = -854.429
v[98] = -69.9255
v[99] = 631.64
v[100] = -62.3249
v[101] = -83.0952
v[102] = 22.9559
v[103] = 38.7876
v[104] = -41.0432
v[105] = -6.94725e+06
v[106] = -146.873
v[107] = 13.8336
v[108] = 19.7896
v[109] = -125.892
v[110] = 25.3306
v[111] = -36.4829
v[112] = 10.3752
v[113] = -545.38
v[114] = 15.8317
v[115] = 11.528
v[116] = -38.003
v[117] = -41.0432
v[118] = -545.38
v[119] = -53.2042
v[120] = -120.646
v[121] = -50.164
v[122] = -115.401
v[123] = 30.0801
v[124] = 38.5948
v[125] = 26.1222
v[126] = -47.1237
v[127] = -146.873
v[128] = -162.61
v[129] = -157.364
v[130] = -178.346
v[131] = -376.943
v[132] = 498.663
v[133] = -56.2444
v[134] = -178.346
v[135] = 398.93
v[136] = 114.697
v[137] = -115.401
v[138] = -51.6841
v[139] = -166.355
v[140] = -36.4829
v[141] = -45.6036
v[142] = 28.497
v[143] = -7.04642
v[144] = -7.04642
v[145] = -3.97349
v[146] = -8.95081
v[147] = -7.04642
v[148] = -11.7226
v[149] = -7.04642
v[150] = -5.82967
v[151] = -8.71265
v[152] = -15.945
v[153] = -25.4961
v[154] = -16.6221
v[155] = 0
v[156] = 0
v[157] = 0
v[158] = 0
v[159] = 0
v[160] = 0
v[161] = 0
v[162] = 0
v[163] = 0
v[164] = 0
v[165] = 0
v[166] = 0
v[167] = 3.89703e-11
v[168] = -5.02975e-10
v[169] = -2.37408e-12
v[170] = 1.9953e-10
v[171] = -0
v[172] = 0
v[173] = 0
v[174] = -245040
v[175] = -0
v[176] = 1.78191e-15
v[177] = -0
v[178] = -0
v[179] = -2.82884e-11
v[180] = 0
v[181] = 0
v[182] = 0
v[183] = 0
v[184] = -2.83103e-11
v[185] = 0
v[186] = -1.50893e-08
v[187] = 0
v[188] = 0
v[189] = -2.06059e-13
v[190] = 0
v[191] = -7.12225e-11
v[192] = -7.12225e-11
v[193] = 0
v[194] = 0
v[195] = -7.12225e-11
v[196] = 0
v[197] = 2.19399e-14
v[198] = 5.98589e-09
v[199] = 2.84791e-11
v[200] = 2.82861e-11
v[201] = 0
v[202] = 0
v[203] = 0
v[204] = 0
v[205] = 1.92955e-13
v[206] = 0
v[207] = 0
v[208] = 0
v[209] = -0
v[210] = 0
v[211] = 0
v[212] = 0
v[213] = 0
v[214] = 0
v[215] = -0
v[216] = -0
v[217] = -0
v[218] = 0
v[219] = 0
v[220] = 0
v[221] = 0
v[222] = 3.50616e-09
v[223] = 0
v[224] = 0
v[225] = 0
v[226] = 0
v[227] = 0
v[228] = 0
v[229] = 0
v[230] = 0
v[231] = -3.20878e-11
v[232] = 0
v[233] = 1.13677e-13
v[234] = 0
v[235] = -0
v[236] = -0
v[237] = 0
v[238] = -0
v[239] = 0
v[240] = 0
v[241] = 0
v[242] = 0
v[243] = 0
v[244] = -0
v[245] = 9.93068e-16
v[246] = -1.33597e-12
v[247] = 1.28905e-12
v[248] = 1.28032e-12
v[249] = 1.27994e-12
v[250] = 0
v[251] = 1.28141e-12
v[252] = 1.28905e-12
v[253] = 1.28654e-12
v[254] = 1.80003e-30
v[255] = 3.87949e-12
v[256] = -3.7867e-12
v[257] = 1.28032e-12
v[258] = -263093
v[259] = 1.27733e-12
v[260] = 1.28451e-12
v[261] = -1.33597e-12
v[262] = 1.27367e-12
v[263] = 1.28042e-12
v[264] = -0
v[265] = -0
v[266] = 0
v[267] = -0
v[268] = 1.28141e-12
v[269] = -0
v[270] = 6.67104e-10
v[271] = -0
v[272] = 0
v[273] = 9.10997e-15
v[274] = 1.31263e-12
v[275] = 1.43183e-11
v[276] = 2.62399e-12
v[277] = 2.0303e-11
v[278] = 0
v[279] = 2.62399e-12
v[280] = 1.28654e-12
v[281] = -9.93068e-16
v[282] = -2.7094e-10
v[283] = -1.28905e-12
v[284] = -1.28032e-12
v[285] = 0
v[286] = -0
v[287] = 2.59917e-12
v[288] = 2.59917e-12
v[289] = 2.59044e-12
v[290] = 2.59917e-12
v[291] = 0
v[292] = 0
v[293] = 5.03615e-12
v[294] = 5.03615e-12
v[295] = -5.07575e-12
v[296] = 0
v[297] = -5.06664e-12
v[298] = 5.03615e-12
v[299] = -0
v[300] = -0
v[301] = -0
v[302] = -0
v[303] = 0
v[304] = 0
v[305] = -263096
v[306] = 0
v[307] = 1.25483e-10
v[308] = 1.25483e-10
v[309] = -263096
v[310] = 0
v[311] = 1.27634e-12
v[312] = -0
v[313] = -0
v[314] = 0
v[315] = 1.28351e-12
v[316] = 0
v[317] = -4.54707e-15
v[318] = -0
v[319] = 0
v[320] = -1.33597e-12
v[321] = 0
v[322] = -1.33597e-12
v[323] = 0
v[324] = -1.33597e-12
v[325] = 1.27268e-12
v[326] = -1.53856e-14
v[327] = 0
v[328] = 2.29065e-11
v[329] = 0
v[330] = 0
v[331] = 0
v[332] = 0
v[333] = 0
v[334] = 0
v[335] = 0
v[336] = 0
v[337] = 0
v[338] = 0
v[339] = 0
v[340] = 0
v[341] = 0
v[342] = 0
v[343] = 0
v[344] = 0
v[345] = 0
v[346] = -0
v[347] = 0
v[348] = 0
v[349] = -0
v[350] = 2.46921e-09
v[351] = 4.78434e-09
v[352] = 0
v[353] = -2.49941e+08
v[354] = -0
v[355] = 0
v[356] = -4.0079e-09
v[357] = 1.35341e-08
v[358] = 0
v[359] = 0
v[360] = -366.113
v[361] = 0
v[362] = 0
v[363] = 0
v[364] = 0
v[365] = 0
v[366] = 0
v[367] = 0
v[368] = 0
v[369] = 0
v[370] = -45.7053
v[371] = 0
v[372] = 0
v[373] = 0
v[374] = 0
v[375] = 0
v[376] = 0
v[377] = 0
v[378] = 0
v[379] = 0
v[380] = 0
v[381] = 0
v[382] = 0
v[383] = -55.5352
v[384] = 0
v[385] = 0
v[386] = -6.45966e-09
v[387] = 0
v[388] = 0
v[389] = 0
v[390] = 0
v[391] = 0
v[392] = 0
v[393] = -5.8387
v[394] = 0
v[395] = 0
v[396] = 0
v[397] = 0
v[398] = 0
v[399] = 0
v[400] = 0
v[401] = 0
v[402] = 1.85878e-09
v[403] = 0
v[404] = 0
v[405] = 0
v[406] = 0
v[407] = 0
v[408] = 0
v[409] = 0
v[410] = 0
v[411] = 0
v[412] = 0
v[413] = 0
v[414] = -2463.96
v[415] = 0
v[416] = -2437.3
v[417] = 0
v[418] = 0
v[419] = 0
v[420] = 0
v[421] = 0
v[422] = 0
v[423] = 0
v[424] = -216.812
v[425] = 0
v[426] = 0
v[427] = 0
v[428] = 0
v[429] = 0
v[430] = 0
v[431] = 0
v[432] = 0
v[433] = -1826.42
v[434] = 0
v[435] = -124.328
v[436] = 0
v[437] = 0
v[438] = 0
v[439] = 0
v[440] = 0
v[441] = 0
v[442] = 0
v[443] = 0
v[444] = 0
v[445] = 0
v[446] = 0
v[447] = 0
v[448] = 0
v[449] = 0
v[450] = -3.51596e-09
v[451] = 0
v[452] = 0
v[453] = 0
v[454] = 0
v[455] = 0
v[456] = 0
v[457] = 0
v[458] = 0
v[459] = 0
v[460] = 0
v[461] = -3.51596e-09
v[462] = 0
v[463] = 0
v[464] = 0
v[465] = 0
v[466] = 0
v[467] = 0
v[468] = 0
v[469] = 0
v[470] = 0
v[471] = 0
v[472] = -2.42896e-09
v[473] = 0
v[474] = 0
v[475] = 0
v[476] = 0
v[477] = 0
v[478] = 0
v[479] = 0
v[480] = 0
v[481] = 0
v[482] = 0
v[483] = 0
v[484] = 0
v[485] = -56.3082
v[486] = -4.18506
v[487] = 0
v[488] = 0
v[489] = 0
v[490] = -141.282
v[491] = 0
v[492] = 0
v[493] = 0
v[494] = 0
v[495] = 0
v[496] = 0
v[497] = 0
v[498] = 0
v[499] = 0
v[500] = 0
v[501] = 0
v[502] = 0
v[503] = 0
v[504] = -65.9406
v[505] = 0
v[506] = 0
v[507] = 0
v[508] = 0
v[509] = 0
v[510] = 0
v[511] = 0
v[512] = 0
v[513] = 0
v[514] = -190.379
v[515] = 0
v[516] = 0
v[517] = 0
v[518] = 0
v[519] = 0
v[520] = 0
v[521] = 0
v[522] = 0
v[523] = 0
v[524] = 0
v[525] = 0
v[526] = 0
v[527] = 0
v[528] = 0
v[529] = 0
v[530] = 0
v[531] = 0
v[532] = 0
v[533] = -157.322
v[534] = -124.328
v[535] = 0
v[536] = 0
v[537] = -76.3459
v[538] = 0
v[539] = 0
v[540] = 0
v[541] = 0
v[542] = 0
v[543] = 0
v[544] = 0
v[545] = -118.677
v[546] = 0
v[547] = 0
v[548] = 0
v[549] = 0
v[550] = 0
v[551] = 0
v[552] = 0
v[553] = 0
v[554] = 0
v[555] = 0
v[556] = -12.8675
v[557] = 0
v[558] = 0
v[559] = -60.8386
v[560] = 0
v[561] = 0
v[562] = 0
v[563] = 0
v[564] = 0
v[565] = 0
v[566] = 0
v[567] = 0
v[568] = 0
v[569] = 0
v[570] = 0
v[571] = -3.97631e-09
v[572] = 0
v[573] = 0
v[574] = 0
v[575] = 0
v[576] = 0
v[577] = 0
v[578] = 0
v[579] = 0
v[580] = -52.5216
v[581] = 0
v[582] = 0
v[583] = 0
v[584] = 0
v[585] = 0
v[586] = 0
v[587] = 0
v[588] = 0
v[589] = 0
v[590] = -248.957
v[591] = 0
v[592] = 0
v[593] = 0
v[594] = 0
v[595] = 0
v[596] = 0
v[597] = 0
v[598] = 0
v[599] = 0
v[600] = 0
v[601] = 0
v[602] = 0
v[603] = 0
v[604] = -52.6963
v[605] = 0
v[606] = 0
v[607] = -50.4326
v[608] = 0
v[609] = 0
v[610] = -129.979
v[611] = 0
v[612] = 0
v[613] = 0
v[614] = 0
v[615] = 0
v[616] = 0
v[617] = 0
v[618] = 0
v[619] = -41.1481
v[620] = 0
v[621] = -129.979
v[622] = 0
v[623] = 0
v[624] = -81.0029
v[625] = 0
v[626] = 0
v[627] = 0
v[628] = 0
v[629] = 0
v[630] = 0
v[631] = 0
v[632] = 0
v[633] = 0
v[634] = 0
v[635] = 0
v[636] = -3.64346e-09
v[637] = 0
v[638] = 0
v[639] = 0
v[640] = 0
v[641] = 0
v[642] = 0
v[643] = 0
v[644] = 0
v[645] = -234.313
v[646] = 0
v[647] = 0
v[648] = 0
v[649] = 0
v[650] = 0
v[651] = 0
v[652] = 0
v[653] = 0
v[654] = 0
v[655] = 0
v[656] = -41.8807
v[657] = 0
v[658] = 0
v[659] = 0
v[660] = 0
v[661] = 0
v[662] = 0
v[663] = 0
v[664] = 0
v[665] = 2.15505e-09
v[666] = 0
v[667] = 0
v[668] = -60.8386
v[669] = 0
v[670] = 0
v[671] = 0
v[672] = 0
v[673] = 0
v[674] = 0
v[675] = 0
v[676] = 0
v[677] = -3.93032e-09
v[678] = 0
v[679] = -59.0434
v[680] = 0
v[681] = 0
v[682] = 0
v[683] = 0
v[684] = 0
v[685] = 0
v[686] = 0
v[687] = 0
v[688] = 0
v[689] = 0
v[690] = 0
v[691] = 0
v[692] = -52.6963
v[693] = 0
v[694] = 0
v[695] = -50.4326
v[696] = 0
v[697] = 0
v[698] = 0
v[699] = 0
v[700] = 0
v[701] = 0
v[702] = 0
v[703] = 0
v[704] = -59.4365
v[705] = -4.41756
v[706] = 0
v[707] = 0
v[708] = 0
v[709] = 0
v[710] = 0
v[711] = -45.1298
v[712] = 0
v[713] = 0
v[714] = -85.7969
v[715] = 0
v[716] = 0
v[717] = 0
v[718] = 0
v[719] = 0
v[720] = 0
v[721] = -234.313
v[722] = 0
v[723] = 0
v[724] = 0
v[725] = 0
v[726] = 0
v[727] = 0
v[728] = 0
v[729] = 0
v[730] = -16.8268
v[731] = 0
v[732] = 0
v[733] = -59.0434
v[734] = 0
v[735] = 0
v[736] = 0
v[737] = 0
v[738] = 0
v[739] = 0
v[740] = 0
v[741] = 0
v[742] = 0
v[743] = 0
v[744] = 0
v[745] = 0
v[746] = -65.0954
v[747] = 0
v[748] = 0
v[749] = -61.5685
v[750] = 0
v[751] = 0
v[752] = -118.677
v[753] = 0
v[754] = 0
v[755] = 0
v[756] = 0
v[757] = 0
v[758] = 0
v[759] = 0
v[760] = 0
v[761] = 0
v[762] = 0
v[763] = -124.328
v[764] = 0
v[765] = 0
v[766] = 0
v[767] = 0
v[768] = 0
v[769] = 0
v[770] = 0
v[771] = 0
v[772] = 0
v[773] = 0
v[774] = 0
v[775] = 0
v[776] = 0
v[777] = 0
v[778] = 0
v[779] = -68.1952
v[780] = 0
v[781] = 0
v[782] = -64.0702
v[783] = 0
v[784] = 0
v[785] = -118.677
v[786] = 0
v[787] = 0
v[788] = 0
v[789] = 0
v[790] = 0
v[791] = 0
v[792] = 0
v[793] = 0
v[794] = 0
v[795] = 0
v[796] = -94.214
v[797] = 0
v[798] = 0
v[799] = -22.2646
v[800] = 0
v[801] = 0
v[802] = 0
v[803] = 0
v[804] = 0
v[805] = 0
v[806] = 0
v[807] = -135.63
v[808] = 0
v[809] = 0
v[810] = 0
v[811] = 0
v[812] = 0
v[813] = 0
v[814] = 0
v[815] = 0
v[816] = 0
v[817] = 0
v[818] = 0
v[819] = 0
v[820] = -248.957
v[821] = 0
v[822] = 0
v[823] = 0
v[824] = 0
v[825] = 0
v[826] = 0
v[827] = 0
v[828] = 0
v[829] = -79.1178
v[830] = 0
v[831] = 0
v[832] = 0
v[833] = 0
v[834] = 0
v[835] = 0
v[836] = 0
v[837] = 0
v[838] = 0
v[839] = 0
v[840] = 0
v[841] = 0
v[842] = 0
v[843] = 0
v[844] = -3.80987e-09
v[845] = 0
v[846] = 0
v[847] = 0
v[848] = 0
v[849] = 0
v[850] = 0
v[851] = -90.4203
v[852] = 0
v[853] = 0
v[854] = 0
v[855] = 0
v[856] = 0
v[857] = 0
v[858] = 0
v[859] = 0
v[860] = 0
v[861] = 0
v[862] = -65.9581
v[863] = 0
v[864] = 0
v[865] = 0
v[866] = 0
v[867] = 0
v[868] = 0
v[869] = 0
v[870] = 0
v[871] = -591.624
v[872] = 0
v[873] = 0
v[874] = 0
v[875] = 0
v[876] = 0
v[877] = 0
v[878] = 0
v[879] = -62.5647
v[880] = 0
v[881] = 0
v[882] = 0
v[883] = 0
v[884] = -15.837
v[885] = 0
v[886] = 0
v[887] = -55.5352
v[888] = 0
v[889] = 0
v[890] = 0
v[891] = 0
v[892] = 0
v[893] = 0
v[894] = 0
v[895] = 0
v[896] = 0
v[897] = 0
v[898] = 0
v[899] = 0
v[900] = -1600.1
v[901] = 0
v[902] = 0
v[903] = -55.436
v[904] = 0
v[905] = 0
v[906] = 0
v[907] = 0
v[908] = 0
v[909] = 0
v[910] = -3.34956e-09
v[911] = 0
v[912] = 0
v[913] = 0
v[914] = 0
v[915] = 0
v[916] = 0
v[917] = 0
v[918] = 0
v[919] = 0
v[920] = -59.0434
v[921] = 0
v[922] = 0
v[923] = 0
v[924] = 0
v[925] = 0
v[926] = 0
v[927] = 0
v[928] = 0
v[929] = 5.70046e-08
v[930] = 0
v[931] = -52.0866
v[932] = 0
v[933] = 0
v[934] = 0
v[935] = 0
v[936] = 0
v[937] = 0
v[938] = 0
v[939] = 0
v[940] = 0
v[941] = 0
v[942] = 0
v[943] = 0
v[944] = 0
v[945] = 0
v[946] = 0
v[947] = 0
v[948] = -510.844
v[949] = -146.933
v[950] = 0
v[951] = 0
v[952] = 0
v[953] = 0
v[954] = 0
v[955] = 0
v[956] = 0
v[957] = 0
v[958] = 0
v[959] = 0
v[960] = 0
v[961] = 0
v[962] = 0
v[963] = 0
v[964] = 0
v[965] = -72.1223
v[966] = 0
v[967] = 0
v[968] = -38.1676
v[969] = 0
v[970] = 0
v[971] = -217.239
v[972] = 0
v[973] = 0
v[974] = -63.4126
v[975] = 0
v[976] = 0
v[977] = 0
v[978] = 0
v[979] = 0
v[980] = -623.095
v[981] = 0
v[982] = 0
v[983] = 0
v[984] = -311.479
v[985] = 0
v[986] = 0
v[987] = 0
v[988] = 0
v[989] = 0
v[990] = 0
v[991] = 0
v[992] = 0
v[993] = 2.54749e-09
v[994] = 0
v[995] = 0
v[996] = 0
v[997] = 0
v[998] = 0
v[999] = 0
v[1000] = 0
v[1001] = 0
v[1002] = 0
v[1003] = 0
v[1004] = 0
v[1005] = 0
v[1006] = 0
v[1007] = 0
v[1008] = -3.97631e-09
v[1009] = 0
v[1010] = 0
v[1011] = 0
v[1012] = 0
v[1013] = 0
v[1014] = 0
v[1015] = 0
v[1016] = 0
v[1017] = 0
v[1018] = 0
v[1019] = 0
v[1020] = 0
v[1021] = 0
v[1022] = 0
v[1023] = 0
v[1024] = 0
v[1025] = 0
v[1026] = 0
v[1027] = 0
v[1028] = 0
v[1029] = 0
v[1030] = -30.3183
v[1031] = 0
v[1032] = -31.2401
v[1033] = 0
v[1034] = -265.61
v[1035] = 0
v[1036] = 0
v[1037] = 0
v[1038] = 0
v[1039] = 0
v[1040] = 0
v[1041] = 0
v[1042] = 0
v[1043] = -1424.72
v[1044] = 0
v[1045] = -80.3879
v[1046] = 0
v[1047] = 0
v[1048] = 0
v[1049] = 0
v[1050] = 0
v[1051] = 0
v[1052] = 0
v[1053] = 0
v[1054] = 0
v[1055] = 0
v[1056] = -166.523
v[1057] = 0
v[1058] = 0
v[1059] = 0
v[1060] = -1.18798e+07
v[1061] = 0
v[1062] = 0
v[1063] = 0
v[1064] = 0
v[1065] = 0
v[1066] = 0
v[1067] = 0
v[1068] = 0
v[1069] = 0
v[1070] = 0
v[1071] = -269.289
v[1072] = 0
v[1073] = 0
v[1074] = 0
v[1075] = 0
v[1076] = 0
v[1077] = 0
v[1078] = 0
v[1079] = 0
v[1080] = -755.161
v[1081] = 0
v[1082] = 0
v[1083] = 0
v[1084] = 0
v[1085] = 0
v[1086] = 0
v[1087] = 0
v[1088] = 0
v[1089] = 0
v[1090] = 0
v[1091] = 0
v[1092] = -74.4409
v[1093] = 0
v[1094] = 0
v[1095] = 0
v[1096] = -6.54456e+06
v[1097] = 0
v[1098] = 0
v[1099] = 0
v[1100] = 0
v[1101] = 0
v[1102] = 0
v[1103] = 0
v[1104] = -22.8543
v[1105] = 0
v[1106] = 0
v[1107] = -6.96288
v[1108] = 0
v[1109] = 0
v[1110] = -570.094
v[1111] = 0
v[1112] = 0
v[1113] = 0
v[1114] = 0
v[1115] = 0
v[1116] = 0
v[1117] = 0
v[1118] = 0
v[1119] = 0
v[1120] = -159.584
v[1121] = 0
v[1122] = 0
v[1123] = 0
v[1124] = 0
v[1125] = 0
v[1126] = 0
v[1127] = 0
v[1128] = 0
v[1129] = 0
v[1130] = 0
v[1131] = 0
v[1132] = 0
v[1133] = 0
v[1134] = 0
v[1135] = 0
v[1136] = 0
v[1137] = 0
v[1138] = 0
v[1139] = 0
v[1140] = 0
v[1141] = 0
v[1142] = 0
v[1143] = 0
v[1144] = 0
v[1145] = 0
v[1146] = 0
v[1147] = 0
v[1148] = 0
v[1149] = 0
v[1150] = 0
v[1151] = -230.998
v[1152] = 0
v[1153] = 0
v[1154] = 0
v[1155] = 0
v[1156] = 0
v[1157] = 0
v[1158] = -80.5943
v[1159] = 0
v[1160] = 0
v[1161] = -75.206
v[1162] = 0
v[1163] = 0
v[1164] = 0
v[1165] = 0
v[1166] = 0
v[1167] = 0
v[1168] = 0
v[1169] = 0
v[1170] = 0
v[1171] = 0
v[1172] = -49.5141
v[1173] = 0
v[1174] = 0
v[1175] = 0
v[1176] = 0
v[1177] = 0
v[1178] = 0
v[1179] = 0
v[1180] = 0
v[1181] = 0
v[1182] = 0
v[1183] = 0
v[1184] = -644.36
v[1185] = 0
v[1186] = 0
v[1187] = 0
v[1188] = 0
v[1189] = 0
v[1190] = 0
v[1191] = 0
v[1192] = 0
v[1193] = 0
v[1194] = 0
v[1195] = 0
v[1196] = 0
v[1197] = 0
v[1198] = 0
v[1199] = 0
v[1200] = 0
v[1201] = -757.83
v[1202] = 0
v[1203] = 0
v[1204] = 0
v[1205] = 0
v[1206] = 0
v[1207] = 0
v[1208] = 0
v[1209] = -365.127
v[1210] = 0
v[1211] = 0
v[1212] = 0
v[1213] = 0
v[1214] = 0
v[1215] = 0
v[1216] = 0
v[1217] = 0
v[1218] = 0
v[1219] = 0
v[1220] = -1043.9
v[1221] = 0
v[1222] = 0
v[1223] = -688.293
v[1224] = 0
v[1225] = 0
v[1226] = 0
v[1227] = 0
v[1228] = 0
v[1229] = 0
v[1230] = 0
v[1231] = 0
v[1232] = 0
v[1233] = 0
v[1234] = -99.2545
v[1235] = 0
v[1236] = 0
v[1237] = 0
v[1238] = 0
v[1239] = 0
v[1240] = 0
v[1241] = 0
v[1242] = 0
v[1243] = 0
v[1244] = 0
v[1245] = 0
v[1246] = 0
v[1247] = 0
v[1248] = 0
v[1249] = 0
v[1250] = 0
v[1251] = 0
v[1252] = -5.35721e-09
v[1253] = 0
v[1254] = 0
v[1255] = 0
v[1256] = 0
v[1257] = 0
v[1258] = 0
v[1259] = 0
v[1260] = 0
v[1261] = 0
v[1262] = -86.7024
v[1263] = 0
v[1264] = 0
v[1265] = 0
v[1266] = 0
v[1267] = 0
v[1268] = 0
v[1269] = 0
v[1270] = 0
v[1271] = 0
v[1272] = -974.44
v[1273] = 0
v[1274] = 0
v[1275] = 0
v[1276] = 0
v[1277] = 0
v[1278] = 0
v[1279] = -77.4945
v[1280] = 0
v[1281] = 0
v[1282] = -72.7044
v[1283] = 0
v[1284] = 0
v[1285] = 0
v[1286] = -497.914
v[1287] = 0
v[1288] = 0
v[1289] = 0
v[1290] = 0
v[1291] = 0
v[1292] = 0
v[1293] = 0
v[1294] = 0
v[1295] = 0
v[1296] = 0
v[1297] = -121.423
v[1298] = 0
v[1299] = 0
v[1300] = 0
v[1301] = -8.402e+06
v[1302] = 0
v[1303] = 0
v[1304] = 0
v[1305] = 0
v[1306] = 0
v[1307] = 0
v[1308] = -3.97631e-09
v[1309] = 0
v[1310] = 0
v[1311] = 0
v[1312] = 0
v[1313] = 0
v[1314] = 0
v[1315] = 0
v[1316] = 0
v[1317] = 0
v[1318] = 0
v[1319] = 0
v[1320] = 0
v[1321] = 0
v[1322] = 0
v[1323] = 0
v[1324] = 0
v[1325] = -152.646
v[1326] = 0
v[1327] = 0
v[1328] = 0
v[1329] = -1.08286e+07
v[1330] = 0
v[1331] = 0
v[1332] = 0
v[1333] = 0
v[1334] = 0
v[1335] = 0
v[1336] = 0
v[1337] = -83.6941
v[1338] = 0
v[1339] = 0
v[1340] = -77.7077
v[1341] = 0
v[1342] = 0
v[1343] = 0
v[1344] = -114.459
v[1345] = 0
v[1346] = 0
v[1347] = 0
v[1348] = 0
v[1349] = 0
v[1350] = 0
v[1351] = 0
v[1352] = 0
v[1353] = 0
v[1354] = -152.646
v[1355] = 0
v[1356] = 0
v[1357] = 0
v[1358] = 0
v[1359] = 0
v[1360] = 0
v[1361] = 0
v[1362] = 0
v[1363] = 0
v[1364] = 0
v[1365] = 0
v[1366] = 0
v[1367] = 0
v[1368] = 0
v[1369] = -1043.9
v[1370] = 0
v[1371] = 0
v[1372] = 0
v[1373] = -159.584
v[1374] = 0
v[1375] = 0
v[1376] = 0
v[1377] = 0
v[1378] = 0
v[1379] = 0
v[1380] = 0
v[1381] = 0
v[1382] = 0
v[1383] = 0
v[1384] = 0
v[1385] = 0
v[1386] = 0
v[1387] = -1322.45
v[1388] = 0
v[1389] = 0
v[1390] = 0
v[1391] = -113.04
v[1392] = 0
v[1393] = 0
v[1394] = 0
v[1395] = 0
v[1396] = 0
v[1397] = 0
v[1398] = -527.203
v[1399] = 0
v[1400] = 0
v[1401] = 0
v[1402] = 0
v[1403] = 0
v[1404] = 0
v[1405] = 0
v[1406] = 0
v[1407] = 0
v[1408] = 0
v[1409] = 0
v[1410] = 0
v[1411] = -89.8937
v[1412] = 0
v[1413] = 0
v[1414] = -83.8402
v[1415] = 0
v[1416] = 0
v[1417] = 0
v[1418] = 0
v[1419] = 0
v[1420] = 0
v[1421] = 0
v[1422] = 0
v[1423] = 0
v[1424] = 0
v[1425] = -306.864
v[1426] = 0
v[1427] = 0
v[1428] = 0
v[1429] = -93.6691
v[1430] = 0
v[1431] = 0
v[1432] = 0
v[1433] = -5.96046e-08
v[1434] = 0
v[1435] = 0
v[1436] = 0
v[1437] = 0
v[1438] = 0
v[1439] = 0
v[1440] = 0
v[1441] = -449.774
v[1442] = 0
v[1443] = 0
v[1444] = 0
v[1445] = 0
v[1446] = 0
v[1447] = 0
v[1448] = 0
v[1449] = 0
v[1450] = 0
v[1451] = 0
v[1452] = 0
v[1453] = 0
v[1454] = 0
v[1455] = 0
v[1456] = 0
v[1457] = -112.616
v[1458] = -8.72614e+06
v[1459] = 0
v[1460] = 0
v[1461] = 0
v[1462] = 0
v[1463] = 0
v[1464] = 0
v[1465] = -77.4945
v[1466] = 0
v[1467] = 0
v[1468] = -72.7044
v[1469] = 0
v[1470] = 0
v[1471] = 0
v[1472] = 0
v[1473] = 0
v[1474] = -485.729
v[1475] = 0
v[1476] = 0
v[1477] = -38.5977
v[1478] = -39.9574
v[1479] = 0
v[1480] = 0
v[1481] = 0
v[1482] = 0
v[1483] = 2.38342e-09
v[1484] = 0
v[1485] = 0
v[1486] = 0
v[1487] = 0
v[1488] = -51.4185
v[1489] = 0
v[1490] = 0
v[1491] = 0
v[1492] = 0
v[1493] = 0
v[1494] = 0
v[1495] = 0
v[1496] = 0
v[1497] = 0
v[1498] = 0
v[1499] = -666.318
v[1500] = 0
v[1501] = 0
v[1502] = -61.9956
v[1503] = 0
v[1504] = -57.9377
v[1505] = 0
v[1506] = -4.84517e+06
v[1507] = 0
v[1508] = -6.62359e+06
v[1509] = 0
v[1510] = 0
v[1511] = 0
v[1512] = 0
v[1513] = -93.8471
v[1514] = -7.27178e+06
v[1515] = 0
v[1516] = 0
v[1517] = 0
v[1518] = 0
v[1519] = 0
v[1520] = -5.89641e+06
v[1521] = -0.441717
v[1522] = 0
v[1523] = 0
v[1524] = 0
v[1525] = 0
v[1526] = 0
v[1527] = 0
v[1528] = 0
v[1529] = 0
v[1530] = -5.96046e-08
v[1531] = -6.48268
v[1532] = 0
v[1533] = -666.318
v[1534] = 0
v[1535] = 0
v[1536] = 0
v[1537] = 0
v[1538] = 0
v[1539] = 0
v[1540] = 0
v[1541] = 5.96046e-08
v[1542] = -8.40348
v[1543] = 0
v[1544] = 0
v[1545] = 0
v[1546] = 0
v[1547] = 0
v[1548] = 0
v[1549] = 0
v[1550] = 0
v[1551] = 0
v[1552] = 0
v[1553] = -7.9989e+06
v[1554] = 0
v[1555] = 0
v[1556] = 0
v[1557] = 0
v[1558] = 0
v[1559] = -45.8348
v[1560] = -46.2496
v[1561] = 0
v[1562] = 0
v[1563] = -75.0776
v[1564] = 0
v[1565] = 0
v[1566] = 0
v[1567] = -5.57242e+06
v[1568] = 0
v[1569] = -102.293
v[1570] = -94.9761
v[1571] = 0
v[1572] = 0
v[1573] = 0
v[1574] = -7.35076e+06
v[1575] = 0
v[1576] = 0
v[1577] = 0
v[1578] = 0
v[1579] = 0
v[1580] = 0
v[1581] = 0
v[1582] = 0
v[1583] = 0
v[1584] = -939.709
v[1585] = 0
v[1586] = 0
v[1587] = 0
v[1588] = 0
v[1589] = 0
v[1590] = 0
v[1591] = 0
v[1592] = -1030.65
v[1593] = 0
v[1594] = 0
v[1595] = 0
v[1596] = 0
v[1597] = -912.072
v[1598] = -223.547
v[1599] = 0
v[1600] = 0
v[1601] = -755.161
v[1602] = 0
v[1603] = 0
v[1604] = -29.1589
v[1605] = 0
v[1606] = 0
v[1607] = -8.88368
v[1608] = 0
v[1609] = 0
v[1610] = 0
v[1611] = 0
v[1612] = 0
v[1613] = 0
v[1614] = 0
v[1615] = 0
v[1616] = 0
v[1617] = -835.234
v[1618] = 0
v[1619] = 0
v[1620] = -4.84517e+06
v[1621] = 0
v[1622] = 0
v[1623] = 0
v[1624] = -71.2775
v[1625] = 0
v[1626] = 0
v[1627] = -155.74
v[1628] = -77.5551
v[1629] = 0
v[1630] = 0
v[1631] = 0
v[1632] = 0
v[1633] = 0
v[1634] = 0
v[1635] = 0
v[1636] = 0
v[1637] = -93.7404
v[1638] = 0
v[1639] = 0
v[1640] = -399.292
v[1641] = 0
v[1642] = -302.689
v[1643] = 0
v[1644] = -302.212
v[1645] = 0
v[1646] = 0
v[1647] = 0
v[1648] = 0
v[1649] = 0
v[1650] = 0
v[1651] = -5.57234e+06
v[1652] = 0
v[1653] = -3.60799e-09
v[1654] = 0
v[1655] = 0
v[1656] = 0
v[1657] = 0
v[1658] = 0
v[1659] = -178.837
v[1660] = 0
v[1661] = 0
v[1662] = 0
v[1663] = 0
v[1664] = 0
v[1665] = 0
v[1666] = -111.592
v[1667] = 0
v[1668] = -103.61
v[1669] = 0
v[1670] = 0
v[1671] = 0
v[1672] = 0
v[1673] = 0
v[1674] = 0
v[1675] = 0
v[1676] = 0
v[1677] = 0
v[1678] = 0
v[1679] = 0
v[1680] = 0
v[1681] = 1.247e-09
v[1682] = 1.11096e-08
v[1683] = 0
v[1684] = 1.92879e-08
v[1685] = 0
v[1686] = 0
v[1687] = 1.22221e-09
v[1688] = 0
v[1689] = 0
v[1690] = 0
v[1691] = 0
v[1692] = 0
v[1693] = 0
v[1694] = 0
v[1695] = 0
v[1696] = 0
v[1697] = 0
v[1698] = -2.46921e-09
v[1699] = -2.46921e-09
v[1700] = 0
v[1701] = 0
v[1702] = -9.60631e-09
v[1703] = 0
v[1704] = -9.59765e-09
v[1705] = 0
v[1706] = 0
v[1707] = 0
v[1708] = 0
v[1709] = 0
v[1710] = -0
v[1711] = 0
v[1712] = 0
v[1713] = 0
v[1714] = 0
v[1715] = 0
v[1716] = 0
v[1717] = 0
v[1718] = 1.21252e-09
v[1719] = 0
v[1720] = 0
v[1721] = 0
v[1722] = 0
v[1723] = 0
v[1724] = 0
v[1725] = 0
v[1726] = 0
v[1727] = 0
v[1728] = 4.0079e-09
v[1729] = 0
v[1730] = 4.0079e-09
v[1731] = 0
v[1732] = -1.23251e-08
v[1733] = -1.35488e-08
v[1734] = -7.84886e-09
v[1735] = 8.22703e-09
v[1736] = 0
v[1737] = 0
v[1738] = 0
v[1739] = 0
v[1740] = 0
v[1741] = 0
v[1742] = 0
v[1743] = 0
v[1744] = 0
v[1745] = 0
v[1746] = 0
v[1747] = 0
v[1748] = 0
v[1749] = 1247.97
v[1750] = 2462.07
v[1751] = 150.767
v[1752] = 1761.61
v[1753] = 1197.24
v[1754] = 993.371
v[1755] = 2237.7
v[1756] = 1761.61
v[1757] = 2930.65
v[1758] = 1493.85
v[1759] = 1457.42
v[1760] = 2178.16
v[1761] = 3986.26
v[1762] = 4155.52
v[1763] = 0
v[1764] = -564.364
v[1765] = 0
v[1766] = 0
v[1767] = 0
v[1768] = 0
v[1769] = -874.937
v[1770] = 0
v[1771] = 0
v[1772] = 0
v[1773] = -6374.02
v[1774] = 0
v[1775] = 0
v[1776] = 0
v[1777] = 0
v[1778] = 0
v[1779] = 0
v[1780] = 0
v[1781] = 19.702
v[1782] = 19.702
v[1783] = 0
v[1784] = 67.3117
v[1785] = 70.4038
v[1786] = 0
v[1787] = 19.702
v[1788] = 88.4202
v[1789] = 91.954
v[1790] = 397.39
v[1791] = 419.586
v[1792] = 473.257
v[1793] = 66.1697
v[1794] = 0
v[1795] = 135.108
v[1796] = 0
v[1797] = 66.1697
v[1798] = 66.7715
v[1799] = 66.1697
v[1800] = 135.667
v[1801] = 135.532
v[1802] = 441.902
v[1803] = 397.087
v[1804] = 389.708
v[1805] = 0
v[1806] = -4.01792e-09
v[1807] = 65.5402
v[1808] = 0
v[1809] = 74.5833
v[1810] = 74.8191
v[1811] = 0
v[1812] = 46.3317
v[1813] = 46.2413
v[1814] = 250.488
v[1815] = 295.195
v[1816] = 290.275
v[1817] = 2031.54
v[1818] = 2031.54
v[1819] = 0
v[1820] = 2067.73
v[1821] = 2031.54
v[1822] = 0
v[1823] = 2031.54
v[1824] = 1736.86
v[1825] = 196.02
v[1826] = 1997.55
v[1827] = 2382.09
v[1828] = 2139.13
v[1829] = 0
v[1830] = 23.7555
v[1831] = 98.3102
v[1832] = 98.8331
v[1833] = 0
v[1834] = 112.229
v[1835] = 23.7555
v[1836] = 93.253
v[1837] = 93.1174
v[1838] = 375.732
v[1839] = 442.792
v[1840] = 435.413
v[1841] = 0
v[1842] = 0
v[1843] = 40.2138
v[1844] = 0
v[1845] = -2.09639e-09
v[1846] = 0.351041
v[1847] = -5.62295e-09
v[1848] = 40.5402
v[1849] = 40.4611
v[1850] = 219.177
v[1851] = 177.342
v[1852] = 40.4611
v[1853] = 0
v[1854] = 163.877
v[1855] = 156.563
v[1856] = 94.9505
v[1857] = 163.877
v[1858] = 164.246
v[1859] = 163.877
v[1860] = 236.271
v[1861] = 175.4
v[1862] = 0
v[1863] = 244.43
v[1864] = 0
v[1865] = 0
v[1866] = -4.27355e-09
v[1867] = 63.1931
v[1868] = 41.8965
v[1869] = 0
v[1870] = 102.876
v[1871] = -7.50521e-09
v[1872] = 63.7061
v[1873] = 63.5818
v[1874] = 344.421
v[1875] = 405.893
v[1876] = 399.129
v[1877] = 0
v[1878] = 50.9142
v[1879] = 116.98
v[1880] = 94.7151
v[1881] = 0
v[1882] = 158.467
v[1883] = 50.9142
v[1884] = 89.3675
v[1885] = 89.2375
v[1886] = 360.077
v[1887] = 475.256
v[1888] = 417.271
v[1889] = 0
v[1890] = 22.7656
v[1891] = 94.214
v[1892] = 66.5665
v[1893] = 0
v[1894] = 130.318
v[1895] = 22.7656
v[1896] = 89.3675
v[1897] = 89.2375
v[1898] = 360.077
v[1899] = 447.108
v[1900] = 417.271
v[1901] = 0
v[1902] = 15.837
v[1903] = 65.5402
v[1904] = 65.8887
v[1905] = 0
v[1906] = 74.8191
v[1907] = 15.837
v[1908] = 62.1687
v[1909] = 62.0783
v[1910] = 250.488
v[1911] = 295.195
v[1912] = 290.275
v[1913] = 62.492
v[1914] = 62.492
v[1915] = 114.195
v[1916] = 0
v[1917] = 62.492
v[1918] = 62.9433
v[1919] = 0
v[1920] = 0
v[1921] = 114.468
v[1922] = 331.616
v[1923] = 277.638
v[1924] = 270.252
v[1925] = 0
v[1926] = 1320.28
v[1927] = 1392.09
v[1928] = 1367.89
v[1929] = 0
v[1930] = 1437.19
v[1931] = 1320.28
v[1932] = 932.547
v[1933] = 1361.94
v[1934] = 1275.56
v[1935] = 1781.53
v[1936] = 1537.1
v[1937] = 4.83899e-09
v[1938] = 0
v[1939] = 77.8289
v[1940] = 0
v[1941] = 88.5677
v[1942] = 88.8476
v[1943] = -2.83669e-09
v[1944] = 55.0189
v[1945] = 54.9115
v[1946] = 297.455
v[1947] = 350.544
v[1948] = 344.702
v[1949] = 75.6406
v[1950] = 75.6406
v[1951] = 0
v[1952] = 42.2751
v[1953] = 75.6406
v[1954] = 0
v[1955] = 75.6406
v[1956] = 75.6406
v[1957] = 113.212
v[1958] = 206.643
v[1959] = 218.185
v[1960] = 246.094
v[1961] = 0
v[1962] = 13.457
v[1963] = 68.9379
v[1964] = 75.0776
v[1965] = 111.875
v[1966] = 112.229
v[1967] = 13.457
v[1968] = 69.4976
v[1969] = 82.8189
v[1970] = 375.732
v[1971] = 442.792
v[1972] = 0
v[1973] = 0
v[1974] = -4.27355e-09
v[1975] = 63.1931
v[1976] = 0
v[1977] = 0
v[1978] = 102.876
v[1979] = -7.50521e-09
v[1980] = 63.7061
v[1981] = 63.5818
v[1982] = 344.421
v[1983] = 405.893
v[1984] = 399.129
v[1985] = 0
v[1986] = -3.08091e-09
v[1987] = 60.3206
v[1988] = 39.9921
v[1989] = 0
v[1990] = 98.2
v[1991] = -6.34861e-09
v[1992] = 60.8104
v[1993] = 60.6917
v[1994] = 328.766
v[1995] = 387.443
v[1996] = 380.987
v[1997] = 0
v[1998] = 0
v[1999] = 53.2514
v[2000] = 0
v[2001] = 60.5989
v[2002] = 60.7905
v[2003] = -3.08826e-09
v[2004] = 37.6445
v[2005] = 37.571
v[2006] = 203.522
v[2007] = 239.846
v[2008] = 235.849
v[2009] = 0
v[2010] = 25.7351
v[2011] = 106.503
v[2012] = 107.069
v[2013] = 0
v[2014] = 121.581
v[2015] = 25.7351
v[2016] = 101.024
v[2017] = 407.043
v[2018] = 479.691
v[2019] = 471.698
v[2020] = 3995.21
v[2021] = 0
v[2022] = 3805.81
v[2023] = 0
v[2024] = 3995.21
v[2025] = 4084.06
v[2026] = 3995.21
v[2027] = 3683.51
v[2028] = 4026.87
v[2029] = 3769.81
v[2030] = 4345.76
v[2031] = 4159.99
v[2032] = 51.5012
v[2033] = 51.5012
v[2034] = 0
v[2035] = 45.7719
v[2036] = 64.9393
v[2037] = 0
v[2038] = 51.5012
v[2039] = 60.1257
v[2040] = 100.633
v[2041] = 270.225
v[2042] = 285.318
v[2043] = 321.815
v[2044] = 169.462
v[2045] = 169.462
v[2046] = 0
v[2047] = 201.836
v[2048] = 169.462
v[2049] = 0
v[2050] = 169.462
v[2051] = 58.3545
v[2052] = 0
v[2053] = 272.024
v[2054] = 483.106
v[2055] = 316.894
v[2056] = 0
v[2057] = 231.713
v[2058] = 66.0655
v[2059] = 275.514
v[2060] = 0
v[2061] = 339.266
v[2062] = 231.713
v[2063] = 66.6018
v[2064] = 270.037
v[2065] = 0
v[2066] = 656.056
v[2067] = 431.18
v[2068] = 0
v[2069] = -3.54274e-09
v[2070] = 66.0655
v[2071] = 0
v[2072] = 0
v[2073] = 107.552
v[2074] = -6.73839e-09
v[2075] = 66.6018
v[2076] = 66.4718
v[2077] = 360.077
v[2078] = 424.342
v[2079] = 417.271
v[2080] = 0
v[2081] = -6.02688e-09
v[2082] = 98.3102
v[2083] = 45.7053
v[2084] = 0
v[2085] = 112.229
v[2086] = -9.68947e-09
v[2087] = 69.4976
v[2088] = 69.3619
v[2089] = 375.732
v[2090] = 442.792
v[2091] = 435.413
v[2092] = 57.5361
v[2093] = 57.5361
v[2094] = 0
v[2095] = 43.0795
v[2096] = 64.2562
v[2097] = 0
v[2098] = 57.5361
v[2099] = 57.5361
v[2100] = 103.777
v[2101] = 254.33
v[2102] = 268.535
v[2103] = 302.885
v[2104] = 177.423
v[2105] = 177.423
v[2106] = 0
v[2107] = 219.32
v[2108] = 177.423
v[2109] = 0
v[2110] = 177.423
v[2111] = 77.8097
v[2112] = 214.08
v[2113] = 349.704
v[2114] = 583.316
v[2115] = 416.467
v[2116] = 0
v[2117] = 0
v[2118] = 53.2514
v[2119] = 0
v[2120] = 73.4665
v[2121] = 60.7905
v[2122] = 12.8675
v[2123] = 50.5121
v[2124] = 50.4386
v[2125] = 203.522
v[2126] = 239.846
v[2127] = 235.849
v[2128] = 0
v[2129] = 0
v[2130] = 69.6364
v[2131] = 0
v[2132] = 79.2448
v[2133] = 79.4952
v[2134] = -6.83903e-09
v[2135] = 49.2274
v[2136] = 49.1314
v[2137] = 266.144
v[2138] = 313.644
v[2139] = 308.418
v[2140] = 169.462
v[2141] = 169.462
v[2142] = 0
v[2143] = 201.836
v[2144] = 169.462
v[2145] = 0
v[2146] = 169.462
v[2147] = 58.3545
v[2148] = 0
v[2149] = 272.024
v[2150] = 316.894
v[2151] = 52.5216
v[2152] = 52.5216
v[2153] = 52.3843
v[2154] = 0
v[2155] = 52.5216
v[2156] = 52.6643
v[2157] = 0
v[2158] = 0
v[2159] = 107.296
v[2160] = 349.976
v[2161] = 293.062
v[2162] = 1.96869e-09
v[2163] = -1.2281e-09
v[2164] = 37.3414
v[2165] = 0
v[2166] = 0
v[2167] = 0.325967
v[2168] = 0
v[2169] = 28.4844
v[2170] = 37.5412
v[2171] = 194.362
v[2172] = 155.387
v[2173] = 150.052
v[2174] = 57.5361
v[2175] = 57.5361
v[2176] = 0
v[2177] = 43.0795
v[2178] = 64.2562
v[2179] = 0
v[2180] = 57.5361
v[2181] = 57.5361
v[2182] = 103.777
v[2183] = 254.33
v[2184] = 268.535
v[2185] = 302.885
v[2186] = 0
v[2187] = 0
v[2188] = 69.6364
v[2189] = 0
v[2190] = 79.2448
v[2191] = 79.4952
v[2192] = -5.01359e-11
v[2193] = 49.2274
v[2194] = 49.1314
v[2195] = 266.144
v[2196] = 313.644
v[2197] = 308.418
v[2198] = 209.335
v[2199] = 209.335
v[2200] = 0
v[2201] = 249.327
v[2202] = 209.335
v[2203] = 0
v[2204] = 209.335
v[2205] = 72.085
v[2206] = 0
v[2207] = 336.03
v[2208] = 596.778
v[2209] = 391.457
v[2210] = 0
v[2211] = -3.08091e-09
v[2212] = 60.3206
v[2213] = 39.9921
v[2214] = 0
v[2215] = 98.2
v[2216] = -6.34861e-09
v[2217] = 60.8104
v[2218] = 60.6917
v[2219] = 328.766
v[2220] = 387.443
v[2221] = 380.987
v[2222] = 0
v[2223] = 3051.78
v[2224] = 2832.48
v[2225] = 3093.68
v[2226] = 0
v[2227] = 3154.66
v[2228] = 3051.78
v[2229] = 2690.86
v[2230] = 3088.44
v[2231] = 2790.78
v[2232] = 3457.67
v[2233] = 3242.58
v[2234] = 219.304
v[2235] = 219.304
v[2236] = 0
v[2237] = 261.2
v[2238] = 219.304
v[2239] = 0
v[2240] = 219.304
v[2241] = 75.5177
v[2242] = 0
v[2243] = 352.031
v[2244] = 625.196
v[2245] = 410.098
v[2246] = 0
v[2247] = -3.08091e-09
v[2248] = 60.3206
v[2249] = 39.9921
v[2250] = 0
v[2251] = 98.2
v[2252] = -6.34861e-09
v[2253] = 60.8104
v[2254] = 60.6917
v[2255] = 328.766
v[2256] = 387.443
v[2257] = 380.987
v[2258] = 0
v[2259] = 41.1481
v[2260] = 0
v[2261] = 0
v[2262] = 41.1481
v[2263] = 41.4869
v[2264] = 41.1481
v[2265] = 107.75
v[2266] = 107.62
v[2267] = 401.225
v[2268] = 358.277
v[2269] = 364.102
v[2270] = 0
v[2271] = -4.16821e-09
v[2272] = 68.9379
v[2273] = 45.7053
v[2274] = 0
v[2275] = 112.229
v[2276] = -7.83081e-09
v[2277] = 69.4976
v[2278] = 69.3619
v[2279] = 375.732
v[2280] = 442.792
v[2281] = 435.413
v[2282] = 51.5012
v[2283] = 51.5012
v[2284] = 0
v[2285] = 45.7719
v[2286] = 64.9393
v[2287] = 0
v[2288] = 51.5012
v[2289] = 60.1257
v[2290] = 100.633
v[2291] = 270.225
v[2292] = 285.318
v[2293] = 321.815
v[2294] = 0
v[2295] = -6.35993e-10
v[2296] = 40.2138
v[2297] = 26.6614
v[2298] = 0
v[2299] = 65.4667
v[2300] = -3.14974e-09
v[2301] = 40.5402
v[2302] = 40.4611
v[2303] = 219.177
v[2304] = 258.295
v[2305] = 253.991
v[2306] = 0
v[2307] = -6.48123e-09
v[2308] = 102.406
v[2309] = 47.6097
v[2310] = 0
v[2311] = 116.905
v[2312] = -1.01078e-08
v[2313] = 72.3933
v[2314] = 72.252
v[2315] = 391.388
v[2316] = 461.242
v[2317] = 453.555
v[2318] = 0
v[2319] = -6.2046e-10
v[2320] = 45.9586
v[2321] = 30.4702
v[2322] = 0
v[2323] = 74.8191
v[2324] = -3.06221e-09
v[2325] = 46.3317
v[2326] = 46.2413
v[2327] = 250.488
v[2328] = 295.195
v[2329] = 290.275
v[2330] = 0
v[2331] = 111.437
v[2332] = 106.463
v[2333] = 64.5663
v[2334] = 111.437
v[2335] = 111.687
v[2336] = 111.437
v[2337] = 160.664
v[2338] = 119.272
v[2339] = 0
v[2340] = 217.382
v[2341] = 0
v[2342] = 71.8059
v[2343] = 71.8059
v[2344] = 126.837
v[2345] = 0
v[2346] = 71.8059
v[2347] = 71.7207
v[2348] = 0
v[2349] = 69.3891
v[2350] = 127.186
v[2351] = 384.916
v[2352] = 308.487
v[2353] = 300.28
v[2354] = 0
v[2355] = 0
v[2356] = 65.5402
v[2357] = 0
v[2358] = 74.5833
v[2359] = 74.8191
v[2360] = -4.44284e-09
v[2361] = 46.3317
v[2362] = 46.2413
v[2363] = 250.488
v[2364] = 295.195
v[2365] = 290.275
v[2366] = 189.399
v[2367] = 189.399
v[2368] = 0
v[2369] = 225.582
v[2370] = 189.399
v[2371] = 0
v[2372] = 189.399
v[2373] = 65.2198
v[2374] = 0
v[2375] = 304.027
v[2376] = 354.176
v[2377] = 0
v[2378] = 21.7758
v[2379] = 90.1177
v[2380] = 90.597
v[2381] = 0
v[2382] = 124.652
v[2383] = 21.7758
v[2384] = 85.4819
v[2385] = 85.3576
v[2386] = 344.421
v[2387] = 427.668
v[2388] = 399.129
v[2389] = 552.436
v[2390] = 0
v[2391] = 547.462
v[2392] = 0
v[2393] = 552.436
v[2394] = 552.686
v[2395] = 552.436
v[2396] = 601.663
v[2397] = 601.567
v[2398] = 818.579
v[2399] = 767.779
v[2400] = 601.567
v[2401] = 6.05681e-08
v[2402] = 0
v[2403] = 61.4439
v[2404] = 0
v[2405] = 69.9219
v[2406] = 70.1429
v[2407] = 0
v[2408] = 43.436
v[2409] = 43.3512
v[2410] = 234.833
v[2411] = 276.745
v[2412] = 272.133
v[2413] = 229.272
v[2414] = 229.272
v[2415] = -2.70377e-07
v[2416] = 273.073
v[2417] = 229.272
v[2418] = 336.824
v[2419] = 229.272
v[2420] = 267.595
v[2421] = 0
v[2422] = 653.614
v[2423] = 0
v[2424] = 0
v[2425] = 383.135
v[2426] = 195.881
v[2427] = 432.649
v[2428] = 0
v[2429] = 504.716
v[2430] = 383.135
v[2431] = 75.289
v[2432] = 426.457
v[2433] = 74.6827
v[2434] = 862.826
v[2435] = 608.619
v[2436] = 129.589
v[2437] = 129.589
v[2438] = 0
v[2439] = 154.346
v[2440] = 129.589
v[2441] = 0
v[2442] = 129.589
v[2443] = 44.6241
v[2444] = 0
v[2445] = 208.018
v[2446] = 242.331
v[2447] = 0
v[2448] = -2.71379e-09
v[2449] = -1.24125e-07
v[2450] = 0
v[2451] = 0
v[2452] = 0.338867
v[2453] = -5.90944e-09
v[2454] = 66.6018
v[2455] = 10.601
v[2456] = 0
v[2457] = 143.337
v[2458] = 0
v[2459] = 0
v[2460] = 58.9035
v[2461] = 0
v[2462] = 104.609
v[2463] = 109.71
v[2464] = 39.9896
v[2465] = 58.9035
v[2466] = 69.4976
v[2467] = 128.265
v[2468] = 415.368
v[2469] = 442.792
v[2470] = 494.317
v[2471] = 0
v[2472] = 24.7453
v[2473] = 102.406
v[2474] = 102.951
v[2475] = 0
v[2476] = 116.905
v[2477] = 24.7453
v[2478] = 97.1386
v[2479] = 96.9973
v[2480] = 391.388
v[2481] = 461.242
v[2482] = 453.555
v[2483] = 0
v[2484] = 57.5551
v[2485] = 132.238
v[2486] = 107.069
v[2487] = 0
v[2488] = 179.136
v[2489] = 57.5551
v[2490] = 101.024
v[2491] = 100.877
v[2492] = 407.043
v[2493] = 537.246
v[2494] = 471.698
v[2495] = 126.662
v[2496] = 126.662
v[2497] = 205.26
v[2498] = 191.411
v[2499] = 126.662
v[2500] = 99.8676
v[2501] = 126.662
v[2502] = 176.35
v[2503] = 610.183
v[2504] = 0
v[2505] = 743.498
v[2506] = 299.05
v[2507] = 299.05
v[2508] = 0
v[2509] = 356.182
v[2510] = 299.05
v[2511] = 0
v[2512] = 299.05
v[2513] = 0
v[2514] = 559.225
v[2515] = 0
v[2516] = 175.092
v[2517] = 283.742
v[2518] = 264.598
v[2519] = 175.092
v[2520] = 138.052
v[2521] = 175.092
v[2522] = 243.779
v[2523] = 310.926
v[2524] = 0
v[2525] = 0
v[2526] = 1027.78
v[2527] = 0
v[2528] = 1.12223e-08
v[2529] = 85.6974
v[2530] = 0
v[2531] = 5.80087e-09
v[2532] = 130.308
v[2533] = 559.504
v[2534] = 0
v[2535] = 816.4
v[2536] = 1.36795e-08
v[2537] = 0
v[2538] = 196.62
v[2539] = 0
v[2540] = 223.75
v[2541] = 224.457
v[2542] = 0
v[2543] = 0
v[2544] = 138.724
v[2545] = 751.465
v[2546] = 885.584
v[2547] = 558.067
v[2548] = 558.067
v[2549] = 0
v[2550] = 639.956
v[2551] = 558.067
v[2552] = 629.715
v[2553] = 629.715
v[2554] = 688.061
v[2555] = 1351.4
v[2556] = 0
v[2557] = 566.413
v[2558] = 566.413
v[2559] = 645.011
v[2560] = 631.163
v[2561] = 566.413
v[2562] = 562.351
v[2563] = 664.676
v[2564] = 0
v[2565] = 1030.65
v[2566] = 0
v[2567] = 0
v[2568] = -1.19497e-08
v[2569] = 81.8886
v[2570] = -6.61066e-09
v[2571] = -1.74433e-08
v[2572] = 124.516
v[2573] = 673.187
v[2574] = -98.515
v[2575] = 780.115
v[2576] = 19.2282
v[2577] = 19.2282
v[2578] = 110.599
v[2579] = 0
v[2580] = 125.859
v[2581] = 145.485
v[2582] = 0
v[2583] = 0
v[2584] = 97.2604
v[2585] = 431.031
v[2586] = 517.369
v[2587] = 7.46686e-09
v[2588] = -2.89852e-10
v[2589] = 118.792
v[2590] = 90.7188
v[2591] = 135.182
v[2592] = 0
v[2593] = 0
v[2594] = 83.9762
v[2595] = 0
v[2596] = 11.7649
v[2597] = 11.7649
v[2598] = 0
v[2599] = 11.6696
v[2600] = 86.7975
v[2601] = 1.13924e-06
v[2602] = 0
v[2603] = 778.885
v[2604] = 822.388
v[2605] = 0
v[2606] = 846.639
v[2607] = 0
v[2608] = 978.77
v[2609] = 0
v[2610] = 846.639
v[2611] = 1061.74
v[2612] = 846.639
v[2613] = 133.204
v[2614] = 764.343
v[2615] = 1695.32
v[2616] = 449.799
v[2617] = 449.799
v[2618] = 501.217
v[2619] = 449.799
v[2620] = 449.799
v[2621] = 190.164
v[2622] = 0
v[2623] = -484.557
v[2624] = 939.639
v[2625] = 2000.52
v[2626] = 2941.52
v[2627] = 2915.75
v[2628] = 2809.18
v[2629] = 2462.07
v[2630] = 2910.75
v[2631] = 2941.52
v[2632] = 3080.52
v[2633] = 3080.24
v[2634] = 0
v[2635] = 0
v[2636] = 3095.19
v[2637] = 203.208
v[2638] = 203.208
v[2639] = 194.138
v[2640] = 195.807
v[2641] = 203.208
v[2642] = 281.733
v[2643] = 0
v[2644] = 708.711
v[2645] = 0
v[2646] = 259.177
v[2647] = 259.177
v[2648] = 0
v[2649] = 308.691
v[2650] = 259.177
v[2651] = 0
v[2652] = 259.177
v[2653] = 89.2481
v[2654] = 0
v[2655] = 484.661
v[2656] = 126.662
v[2657] = 126.662
v[2658] = 191.411
v[2659] = 126.662
v[2660] = 126.662
v[2661] = 176.35
v[2662] = 610.183
v[2663] = 0
v[2664] = 743.498
v[2665] = 90.1999
v[2666] = 0
v[2667] = 164.883
v[2668] = 0
v[2669] = 90.1999
v[2670] = 93.0123
v[2671] = 90.1999
v[2672] = 165.489
v[2673] = 165.342
v[2674] = 497.243
v[2675] = 430.177
v[2676] = 422.184
v[2677] = 34.6755
v[2678] = 34.6755
v[2679] = 0
v[2680] = 118.469
v[2681] = 83.3821
v[2682] = 0
v[2683] = 34.6755
v[2684] = 161.839
v[2685] = 699.407
v[2686] = 738.471
v[2687] = 175.836
v[2688] = 93.134
v[2689] = 93.134
v[2690] = 150.927
v[2691] = 140.744
v[2692] = 93.134
v[2693] = 73.4321
v[2694] = 93.134
v[2695] = 129.669
v[2696] = 165.386
v[2697] = 0
v[2698] = 0
v[2699] = 546.689
v[2700] = 321.199
v[2701] = 321.199
v[2702] = 306.864
v[2703] = 309.502
v[2704] = 321.199
v[2705] = 445.32
v[2706] = 0
v[2707] = 1120.22
v[2708] = 0
v[2709] = 468.512
v[2710] = 468.512
v[2711] = 0
v[2712] = 558.019
v[2713] = 468.512
v[2714] = 688.293
v[2715] = 468.512
v[2716] = 546.825
v[2717] = 5.52513e-07
v[2718] = 1335.65
v[2719] = 0
v[2720] = 37.0397
v[2721] = 37.0397
v[2722] = 0
v[2723] = 126.546
v[2724] = 85.4313
v[2725] = 0
v[2726] = 37.0397
v[2727] = 165.964
v[2728] = 747.094
v[2729] = 788.821
v[2730] = 889.724
v[2731] = 167.812
v[2732] = 0
v[2733] = 147.465
v[2734] = 0
v[2735] = 167.812
v[2736] = 336.155
v[2737] = 167.812
v[2738] = 104.303
v[2739] = 574.708
v[2740] = 832
v[2741] = 653.12
v[2742] = 0
v[2743] = -1.06743e-08
v[2744] = 74.2711
v[2745] = -5.9843e-09
v[2746] = -1.58087e-08
v[2747] = 112.934
v[2748] = 112.024
v[2749] = -587.892
v[2750] = 707.547
v[2751] = 0
v[2752] = -9.39886e-09
v[2753] = 66.6535
v[2754] = 0
v[2755] = -1.41743e-08
v[2756] = 101.351
v[2757] = 547.943
v[2758] = 645.738
v[2759] = 7.20298
v[2760] = 7.20298
v[2761] = 86.3419
v[2762] = 7.14465
v[2763] = 53.1413
v[2764] = 90.2988
v[2765] = 0
v[2766] = 0.169547
v[2767] = 0
v[2768] = 457.564
v[2769] = 183.543
v[2770] = 183.543
v[2771] = 175.351
v[2772] = 106.345
v[2773] = 183.543
v[2774] = 183.955
v[2775] = 0
v[2776] = 358.04
v[2777] = 0
v[2778] = 249.209
v[2779] = 249.209
v[2780] = 0
v[2781] = 296.818
v[2782] = 249.209
v[2783] = 0
v[2784] = 249.209
v[2785] = 85.8155
v[2786] = 0
v[2787] = 466.021
v[2788] = 26.7947
v[2789] = 26.7947
v[2790] = 0
v[2791] = 91.5439
v[2792] = 76.5514
v[2793] = 0
v[2794] = 26.7947
v[2795] = 125.057
v[2796] = 540.451
v[2797] = 643.63
v[2798] = 1.41742e-08
v[2799] = 4.77532e-09
v[2800] = 143.369
v[2801] = 0
v[2802] = 163.151
v[2803] = 163.667
v[2804] = 0
v[2805] = 0
v[2806] = 101.153
v[2807] = 547.943
v[2808] = 645.738
v[2809] = 0
v[2810] = 25.7351
v[2811] = 106.503
v[2812] = 107.069
v[2813] = 0
v[2814] = 121.581
v[2815] = 25.7351
v[2816] = 101.024
v[2817] = 407.043
v[2818] = 479.691
v[2819] = 471.698
v[2820] = 927.946
v[2821] = 927.946
v[2822] = 812.149
v[2823] = 927.946
v[2824] = 927.946
v[2825] = 1049.57
v[2826] = 753.756
v[2827] = 0
v[2828] = 1049.33
v[2829] = 6.57758e-08
v[2830] = 5.33717e-08
v[2831] = 180.235
v[2832] = 0
v[2833] = 205.104
v[2834] = 205.752
v[2835] = 0
v[2836] = 0
v[2837] = 127.164
v[2838] = 688.843
v[2839] = 811.785
v[2840] = 269.145
v[2841] = 269.145
v[2842] = 0
v[2843] = 320.564
v[2844] = 269.145
v[2845] = 0
v[2846] = 269.145
v[2847] = 92.6808
v[2848] = 0
v[2849] = 526.987
v[2850] = 0
v[2851] = 621.777
v[2852] = 0
v[2853] = 526.987
v[2854] = 681.302
v[2855] = 526.987
v[2856] = 468.718
v[2857] = 622.36
v[2858] = 889.791
v[2859] = 1135.83
v[2860] = 0
v[2861] = 0
v[2862] = 180.235
v[2863] = 0
v[2864] = 0
v[2865] = 205.752
v[2866] = -1.78615e-08
v[2867] = 127.412
v[2868] = 688.843
v[2869] = 811.785
v[2870] = 798.258
v[2871] = 782.983
v[2872] = 782.983
v[2873] = 891.633
v[2874] = 872.489
v[2875] = 782.983
v[2876] = 777.368
v[2877] = 918.817
v[2878] = 0
v[2879] = 1424.72
v[2880] = 0
v[2881] = 1.27708e-08
v[2882] = 0
v[2883] = 188.428
v[2884] = 0
v[2885] = 214.427
v[2886] = 215.105
v[2887] = -5.88835e-09
v[2888] = 133.204
v[2889] = 132.944
v[2890] = 720.154
v[2891] = 848.684
v[2892] = 834.542
v[2893] = 249.093
v[2894] = 249.093
v[2895] = 237.976
v[2896] = 153.583
v[2897] = 249.093
v[2898] = 249.653
v[2899] = 0
v[2900] = 485.912
v[2901] = 0
v[2902] = 181.708
v[2903] = 0
v[2904] = 0
v[2905] = 181.708
v[2906] = 181.708
v[2907] = 181.708
v[2908] = 641.876
v[2909] = 938.144
v[2910] = 28.3708
v[2911] = 28.3708
v[2912] = 0
v[2913] = 96.9288
v[2914] = 77.9176
v[2915] = 0
v[2916] = 28.3708
v[2917] = 132.414
v[2918] = 572.242
v[2919] = 604.204
v[2920] = 681.491
v[2921] = 289.082
v[2922] = 289.082
v[2923] = 0
v[2924] = 344.309
v[2925] = 289.082
v[2926] = 0
v[2927] = 289.082
v[2928] = 99.546
v[2929] = 0
v[2930] = 540.584
v[2931] = 635.937
v[2932] = 635.937
v[2933] = 0
v[2934] = 729.252
v[2935] = 635.937
v[2936] = 717.582
v[2937] = 635.937
v[2938] = 717.582
v[2939] = 784.07
v[2940] = 1539.97
v[2941] = 0
v[2942] = 442.945
v[2943] = 0
v[2944] = 173.799
v[2945] = 0
v[2946] = 442.945
v[2947] = 569.202
v[2948] = 442.945
v[2949] = 0
v[2950] = 487.933
v[2951] = 422.699
v[2952] = 941.085
v[2953] = 6.94721e+06
v[2954] = 6.94727e+06
v[2955] = 6.94726e+06
v[2956] = 6.94718e+06
v[2957] = 0
v[2958] = 0
v[2959] = 83.8123
v[2960] = 104.31
v[2961] = 104.31
v[2962] = 157.633
v[2963] = 104.31
v[2964] = 104.31
v[2965] = 145.23
v[2966] = 502.504
v[2967] = 0
v[2968] = 612.292
v[2969] = 168.951
v[2970] = 168.951
v[2971] = 272.358
v[2972] = 0
v[2973] = 168.951
v[2974] = 337.294
v[2975] = 0
v[2976] = 0
v[2977] = 228.935
v[2978] = 249.209
v[2979] = 249.209
v[2980] = 0
v[2981] = 296.818
v[2982] = 249.209
v[2983] = 0
v[2984] = 249.209
v[2985] = 85.8155
v[2986] = 0
v[2987] = 466.021
v[2988] = 89.4087
v[2989] = 89.4087
v[2990] = 135.114
v[2991] = 89.4087
v[2992] = 0
v[2993] = 0
v[2994] = 524.822
v[2995] = 0
v[2996] = 0
v[2997] = 0
v[2998] = 596.506
v[2999] = 6.02688e-09
v[3000] = 0
v[3001] = 75.0776
v[3002] = 0
v[3003] = -3.66259e-09
v[3004] = 69.4976
v[3005] = 375.732
v[3006] = 442.792
v[3007] = 93.6691
v[3008] = 0
v[3009] = 0
v[3010] = 93.6691
v[3011] = 93.6691
v[3012] = 93.6691
v[3013] = 516.368
v[3014] = 446.722
v[3015] = 499.777
v[3016] = 569.128
v[3017] = 499.777
v[3018] = 496.192
v[3019] = 0
v[3020] = 909.396
v[3021] = 0
v[3022] = 0
v[3023] = 237.455
v[3024] = 0
v[3025] = 199.367
v[3026] = 0
v[3027] = 0
v[3028] = 0
v[3029] = 104.077
v[3030] = 104.077
v[3031] = 0
v[3032] = 104.077
v[3033] = 0
v[3034] = 0
v[3035] = 657.567
v[3036] = 1.01078e-08
v[3037] = 3.62658e-09
v[3038] = 78.2059
v[3039] = 116.536
v[3040] = 0
v[3041] = 0
v[3042] = 0
v[3043] = 1.09446e-08
v[3044] = 3.55459e-09
v[3045] = 110.599
v[3046] = 84.4623
v[3047] = 125.859
v[3048] = 126.257
v[3049] = 0
v[3050] = 0
v[3051] = 0
v[3052] = 0
v[3053] = 909.396
v[3054] = 0
v[3055] = 1.41744e-08
v[3056] = 4.77544e-09
v[3057] = 143.369
v[3058] = 109.488
v[3059] = 163.151
v[3060] = 163.667
v[3061] = 0
v[3062] = 0
v[3063] = 0
v[3064] = 85.6833
v[3065] = 85.6833
v[3066] = 129.484
v[3067] = 85.6833
v[3068] = 412.771
v[3069] = 0
v[3070] = 40.387
v[3071] = 40.387
v[3072] = 103.232
v[3073] = 153.828
v[3074] = 0
v[3075] = 0
v[3076] = 81.9579
v[3077] = 81.9579
v[3078] = 123.854
v[3079] = 81.9579
v[3080] = 0
v[3081] = 0
v[3082] = 0
v[3083] = 0
v[3084] = 708.351
v[3085] = 83.3028
v[3086] = 0
v[3087] = 0
v[3088] = 83.3028
v[3089] = 83.3028
v[3090] = 0
v[3091] = 526.095
v[3092] = 0
v[3093] = 0
v[3094] = 0
v[3095] = 3491.33
v[3096] = 3550.37
v[3097] = 0
v[3098] = 0
v[3099] = 104.31
v[3100] = 104.31
v[3101] = 157.633
v[3102] = 104.31
v[3103] = 502.504
v[3104] = 0
v[3105] = 115.486
v[3106] = 115.486
v[3107] = 174.522
v[3108] = 115.486
v[3109] = 0
v[3110] = 0
v[3111] = 677.895
v[3112] = 111.761
v[3113] = 111.761
v[3114] = 111.761
v[3115] = 538.397
v[3116] = 0
v[3117] = 126.662
v[3118] = 126.662
v[3119] = 0
v[3120] = 0
v[3121] = 743.498
v[3122] = 335.9
v[3123] = 82.7305
v[3124] = 0
v[3125] = 0
v[3126] = 235.315
v[3127] = 0
v[3128] = 685.849
v[3129] = 0
v[3130] = 0
v[3131] = 106.279
v[3132] = 115.745
v[3133] = 0
v[3134] = 0
v[3135] = 0
v[3136] = 0
v[3137] = 126.662
v[3138] = 126.662
v[3139] = 191.411
v[3140] = 126.662
v[3141] = 126.662
v[3142] = 176.35
v[3143] = 610.183
v[3144] = 0
v[3145] = 157.322
v[3146] = 157.322
v[3147] = 0
v[3148] = 306.892
v[3149] = 0
v[3150] = 0
v[3151] = 0.0792547
v[3152] = 0.0792547
v[3153] = 0
v[3154] = 0
v[3155] = 0.0792547
v[3156] = 0.477055
v[3157] = 0
v[3158] = 0
v[3159] = 0.477055
v[3160] = 81.9579
v[3161] = 81.9579
v[3162] = 123.854
v[3163] = 81.9579
v[3164] = 394.824
v[3165] = 0
v[3166] = 158.49
v[3167] = 0
v[3168] = 0
v[3169] = 158.49
v[3170] = 158.49
v[3171] = 0
v[3172] = 532.288
v[3173] = 785.778
v[3174] = 0
v[3175] = 92.714
v[3176] = 0
v[3177] = 615.151
v[3178] = 1365.56
v[3179] = 1365.56
v[3180] = 1299.19
v[3181] = 1365.56
v[3182] = 0
v[3183] = 0
v[3184] = 4.60304e-09
v[3185] = 0
v[3186] = 57.1316
v[3187] = 0
v[3188] = -7.55759e-09
v[3189] = 86.872
v[3190] = 469.665
v[3191] = 553.49
v[3192] = 0
v[3193] = 358.861
v[3194] = 358.861
v[3195] = 0
v[3196] = 427.418
v[3197] = 358.861
v[3198] = 0
v[3199] = 358.861
v[3200] = 0
v[3201] = 671.07
v[3202] = 1.1974e-09
v[3203] = 1.16911e-09
v[3204] = 1.16911e-09
v[3205] = 0
v[3206] = 1.16911e-09
v[3207] = 1.19742e-09
v[3208] = -1.50893e-08
v[3209] = 0
v[3210] = -1.50893e-08
v[3211] = -1.50893e-08
v[3212] = -1.50891e-08
v[3213] = -1.50893e-08
v[3214] = 0
v[3215] = 0
v[3216] = -7.12225e-11
v[3217] = -7.12225e-11
v[3218] = 0
v[3219] = -7.12225e-11
v[3220] = 4.82856
v[3221] = 0
v[3222] = 4.82856
v[3223] = 5.9576e-09
v[3224] = 4.82856
v[3225] = 4.82856
v[3226] = 0
v[3227] = 0
v[3228] = -1.92955e-13
v[3229] = 0
v[3230] = 0
v[3231] = 0
v[3232] = 0
v[3233] = 0
v[3234] = 0
v[3235] = 0
v[3236] = 0
v[3237] = 0
v[3238] = 0
v[3239] = 0
v[3240] = 0
v[3241] = 0
v[3242] = 0
v[3243] = 0
v[3244] = -9.31323e-10
v[3245] = 0
v[3246] = -9.31323e-10
v[3247] = -9.31323e-10
v[3248] = -9.31323e-10
v[3249] = -9.31323e-10
v[3250] = 33.8753
v[3251] = 33.8753
v[3252] = 0
v[3253] = 0
v[3254] = 3.21413e-11
v[3255] = 5.34574e-14
v[3256] = -6.02193e-14
v[3257] = 5.34574e-14
v[3258] = 0
v[3259] = 0
v[3260] = 0
v[3261] = 0
v[3262] = 0
v[3263] = 0
v[3264] = 0
v[3265] = 0
v[3266] = 0
v[3267] = 0
v[3268] = 0
v[3269] = 0
v[3270] = 0
v[3271] = 0
v[3272] = 0
v[3273] = 0
v[3274] = 0
v[3275] = 0
v[3276] = 0
v[3277] = 0
v[3278] = 0
v[3279] = 0
v[3280] = 0
v[3281] = 0
v[3282] = 0
v[3283] = 0
v[3284] = 0
v[3285] = 0
v[3286] = 0
v[3287] = 0
v[3288] = 0
v[3289] = 0
v[3290] = 0
v[3291] = 0
v[3292] = 0
v[3293] = 0
v[3294] = 0
v[3295] = 0
v[3296] = 0
v[3297] = 0
v[3298] = 0
v[3299] = 0
v[3300] = 0
v[3301] = 0
v[3302] = 0
v[3303] = 0
v[3304] = 0
v[3305] = 0
v[3306] = 0
v[3307] = 0
v[3308] = 0
v[3309] = 0
v[3310] = 0
v[3311] = 0
v[3312] = 0
v[3313] = 0
v[3314] = 0
v[3315] = 0
v[3316] = 0
v[3317] = 0
v[3318] = 0
v[3319] = 0
v[3320] = 0
v[3321] = 0
v[3322] = 0
v[3323] = 0
v[3324] = 0
v[3325] = 0
v[3326] = 0
v[3327] = 0
v[3328] = 0
v[3329] = 0
v[3330] = 0
v[3331] = 0
v[3332] = 0
v[3333] = 0
v[3334] = 0
v[3335] = 1.28806e-12
v[3336] = 0
v[3337] = 0
v[3338] = 1.27933e-12
v[3339] = 0
v[3340] = 1.27933e-12
v[3341] = 2.43804
v[3342] = 0
v[3343] = 0
v[3344] = -9.93068e-16
v[3345] = 0
v[3346] = 2.61738e-12
v[3347] = 0
v[3348] = 0
v[3349] = 0
v[3350] = 2.61629e-12
v[3351] = -7.48688e-12
v[3352] = 2.61629e-12
v[3353] = 2.43804
v[3354] = 2.62047e-12
v[3355] = 0
v[3356] = -7.63993e-15
v[3357] = 0
v[3358] = -2.03056e-11
v[3359] = 0
v[3360] = 0
v[3361] = 0
v[3362] = -8.73374e-15
v[3363] = 2.43804
v[3364] = 0
v[3365] = -1.28905e-12
v[3366] = 0
v[3367] = 0
v[3368] = 0
v[3369] = 0
v[3370] = 0
v[3371] = 0
v[3372] = -5.06702e-12
v[3373] = 0
v[3374] = 2.43804
v[3375] = -2.98539e-15
v[3376] = 0
v[3377] = -2.61629e-12
v[3378] = 0
v[3379] = 0
v[3380] = 0
v[3381] = -2.61739e-12
v[3382] = 0
v[3383] = 2.59955e-12
v[3384] = 0
v[3385] = 3.76231e-16
v[3386] = 263098
v[3387] = 0
v[3388] = 4.56291e-15
v[3389] = -1.27994e-12
v[3390] = 0
v[3391] = 0
v[3392] = 0
v[3393] = 0
v[3394] = 1.80003e-30
v[3395] = 3.87949e-12
v[3396] = 0
v[3397] = 1.28032e-12
v[3398] = 2.43804
v[3399] = 1.27733e-12
messed up a farkas cofficient
setting all farkas coefficients to 0
messed up a farkas cofficient
setting all farkas coefficients to 0
messed up a farkas cofficient
setting all farkas coefficients to 0
messed up a farkas cofficient
setting all farkas coefficients to 0
messed up a farkas cofficient
setting all farkas coefficients to 0
messed up a farkas cofficient
setting all farkas coefficients to 0
messed up a farkas cofficient
setting all farkas coefficients to 0
messed up a farkas cofficient
setting all farkas coefficients to 0
messed up a farkas cofficient
setting all farkas coefficients to 0
messed up a farkas cofficient
setting all farkas coefficients to 0
messed up a farkas cofficient
setting all farkas coefficients to 0
messed up a farkas cofficient
setting all farkas coefficients to 0
messed up a farkas cofficient
setting all farkas coefficients to 0
messed up a farkas cofficient
setting all farkas coefficients to 0
messed up a farkas cofficient
setting all farkas coefficients to 0
7: cut: 2.70853e+08	calc: 2.70853e+08	diff: 1.19209e-07
18: cut: 2.70853e+08	calc: 2.70853e+08	diff: 1.19209e-07
*** WARNING (version #43016fc): src/PdcUtility.cpp:298: Number of differences between true and calculated cuts: 2. Total difference: 2.38419e-07. Small enough difference that we will try to continue, but beware of numerical issues.
x:
x[0] = -15.5168
x[1] = 20.1757
x[2] = -12.9372
x[3] = -11.7928
x[4] = -19.4058
x[5] = -11.32
x[6] = 470.517
x[7] = -17.7886
x[8] = -20.3688
x[9] = -20.3688
x[10] = -14.1696
x[11] = 507.774
x[12] = -20.2144
x[13] = -15.3629
x[14] = -8.06876
x[15] = -79.3116
x[16] = -17.7886
x[17] = -16.9801
x[18] = -10.5115
x[19] = -23.0256
x[20] = -15.3629
x[21] = -10.5515
x[22] = -56.1791
x[23] = -18.5972
x[24] = -18.5972
x[25] = -19.4058
x[26] = -9.93078
x[27] = -13.6548
x[28] = -10.5115
x[29] = -13.7458
x[30] = -56.1791
x[31] = 57.5766
x[32] = 102.802
x[33] = -9.93078
x[34] = -13.7458
x[35] = -69.3977
x[36] = -16.9801
x[37] = -17.7886
x[38] = -72.7023
x[39] = -16.9801
x[40] = 41.0735
x[41] = -19.4058
x[42] = -10.5515
x[43] = -11.32
x[44] = -22.14
x[45] = -12.9372
x[46] = 319.952
x[47] = 145.481
x[48] = -12.9372
x[49] = -62.7884
x[50] = -19.4832
x[51] = 2495.79
x[52] = -12.1286
x[53] = -76.007
x[54] = -21.0229
x[55] = -42.9605
x[56] = 432.876
x[57] = -14.8962
x[58] = -20.2144
x[59] = -23.0256
x[60] = -295.882
x[61] = 43.829
x[62] = -409.014
x[63] = -39.8519
x[64] = -38.8116
x[65] = -142.1
x[66] = -598.786
x[67] = -108.998
x[68] = 56.5153
x[69] = -23.4487
x[70] = 642.469
x[71] = -227.454
x[72] = -475.507
x[73] = -396.803
x[74] = 583.442
x[75] = -85.9209
x[76] = -295.882
x[77] = 189.126
x[78] = -27.3096
x[79] = -217.561
x[80] = 922.214
x[81] = -155.319
x[82] = -29.1717
x[83] = 50.4354
x[84] = -98.8583
x[85] = -30.9959
x[86] = 19.1922
x[87] = 526.979
x[88] = -82.6163
x[89] = -21.1029
x[90] = -52.5263
x[91] = -23.0256
x[92] = -365.502
x[93] = -66.033
x[94] = -89.2256
x[95] = -116.749
x[96] = -35.5773
x[97] = -827.734
x[98] = -37.1944
x[99] = 715.186
x[100] = -33.1516
x[101] = -22.3443
x[102] = -95.8349
x[103] = -161.928
x[104] = -21.8315
x[105] = -5.34082e+06
x[106] = -243.668
x[107] = -2541.89
x[108] = -82.6163
x[109] = -208.858
x[110] = -105.749
x[111] = -19.4058
x[112] = 50.7455
x[113] = -528.341
x[114] = -66.093
x[115] = -186.095
x[116] = -20.2144
x[117] = -21.8315
x[118] = -528.341
x[119] = -28.3001
x[120] = -200.156
x[121] = -26.683
x[122] = -191.453
x[123] = -125.577
x[124] = 45.1071
x[125] = -109.053
x[126] = -25.0658
x[127] = -243.668
x[128] = -269.775
x[129] = -261.073
x[130] = -295.882
x[131] = -23.9112
x[132] = 564.621
x[133] = -173.749
x[134] = -295.882
x[135] = 451.697
x[136] = 34.165
x[137] = -191.453
x[138] = -27.4915
x[139] = -56.5932
x[140] = -19.4058
x[141] = -24.2572
x[142] = -118.967
x[143] = -13.9534
x[144] = -14.0304
x[145] = 7.95106e-13
x[146] = -16.7184
x[147] = -13.9534
x[148] = -14.9087
x[149] = -14.0304
x[150] = 0
x[151] = -11.1841
x[152] = -20.938
x[153] = -24.2202
x[154] = -20.9219
x[155] = -3.4832e-13
x[156] = 7.67386e-13
x[157] = -1.57892e-12
x[158] = -0
x[159] = -4.2226e-13
x[160] = 1.50996e-12
x[161] = -6.71161e-13
x[162] = -188387
x[163] = -7.59362
x[164] = 0
x[165] = 0
x[166] = -0
x[167] = -1.04496e-11
x[168] = -1.02507e-11
x[169] = 2.30216e-11
x[170] = -4.73522e-11
x[171] = -0
x[172] = -1.26678e-11
x[173] = 4.52987e-11
x[174] = -2.01348e-11
x[175] = -8.32712e-09
x[176] = -3.01637e-11
x[177] = -0
x[178] = -0
x[179] = -0
x[180] = 7.81816e-13
x[181] = -8.51453e-13
x[182] = -1.92599e-12
x[183] = 4.03802e-13
x[184] = -1.11091e-12
x[185] = -6.46945e-13
x[186] = -1.91901e-12
x[187] = -7.95641e-13
x[188] = -2.02461e-12
x[189] = -1.20138e-12
x[190] = -2.11916e-12
x[191] = -1.08266e-12
x[192] = -202271
x[193] = -9.86777e-13
x[194] = -8.50046e-13
x[195] = 0
x[196] = -6.44957e-13
x[197] = -1.22478e-17
x[198] = -1.22478e-17
x[199] = 4.7297e-13
x[200] = -1.22478e-17
x[201] = 4.63966e-13
x[202] = -1.91901e-12
x[203] = -2.70082e-12
x[204] = -1.68303e-12
x[205] = -8.08099e-13
x[206] = -1.74455e-12
x[207] = -1.74455e-12
x[208] = -1.74455e-12
x[209] = 3.15269e-13
x[210] = -0
x[211] = -0
x[212] = -0
x[213] = -0
x[214] = -5.73385e-13
x[215] = -1.9832e-12
x[216] = -5.73385e-13
x[217] = -1.60518e-12
x[218] = -1.00577e-12
x[219] = -1.00577e-12
x[220] = -2.67467e-12
x[221] = -1.00577e-12
x[222] = -8.05393e-13
x[223] = -1.86447e-12
x[224] = -8.05393e-13
x[225] = 8.43336e-13
x[226] = -202271
x[227] = 2.66652e-10
x[228] = -0
x[229] = -3.13709e-11
x[230] = -3.13709e-11
x[231] = -9.84289e-13
x[232] = -9.84289e-13
x[233] = -9.84289e-13
x[234] = -0
x[235] = -0
x[236] = -0
x[237] = -0
x[238] = -1.04876e-12
x[239] = -1.16354e-14
x[240] = -1.59888e-09
x[241] = -1.65733e-09
x[242] = 0
x[243] = -5.44716e-10
x[244] = -9.55483e-10
x[245] = -7.65123e-10
x[246] = -1.92157e+08
x[247] = -9.35074e-10
x[248] = -0
x[249] = 0
x[250] = -0
x[251] = -604.414
x[252] = -53.0393
x[253] = -47.6563
x[254] = -39.5815
x[255] = -31.5412
x[256] = -41.2404
x[257] = -9.82359
x[258] = -21.0275
x[259] = -22.4312
x[260] = -96.7186
x[261] = -1.84856
x[262] = -1.1861e-12
x[263] = -10.3046
x[264] = -20.3681
x[265] = -13.9321
x[266] = -174.213
x[267] = -1729.76
x[268] = -109.322
x[269] = -28.2565
x[270] = 1.33937e-12
x[271] = 1.33937e-12
x[272] = 9.50351e-13
x[273] = -522.329
x[274] = -546.641
x[275] = -19.3091
x[276] = -124.229
x[277] = -31.8709
x[278] = -11.3807
x[279] = -24.642
x[280] = -27.5863
x[281] = -314.295
x[282] = -22.4903
x[283] = -21.2234
x[284] = -109.322
x[285] = -12.9378
x[286] = -28.2565
x[287] = -37.8037
x[288] = -104.352
x[289] = -27.9268
x[290] = -36.0854
x[291] = -29.1184
x[292] = -19.2434
x[293] = -17.413
x[294] = -17.2762
x[295] = 1.49925e-12
x[296] = -0.133088
x[297] = -411.001
x[298] = -36.0583
x[299] = -14.8531
x[300] = -4.17586e-11
x[301] = -56.737
x[302] = -114.291
x[303] = -28.5862
x[304] = -54.5768
x[305] = -114.291
x[306] = -13.5416
x[307] = -1.84856
x[308] = -31.5412
x[309] = -33.6468
x[310] = -386.825
x[311] = -31.3536
x[312] = -10.559
x[313] = -531.884
x[314] = -46.8846
x[315] = -36.3234
x[316] = -1.0013
x[317] = -19.2434
x[318] = -11.8617
x[319] = -23.9826
x[320] = -19.0872
x[321] = -4.17586e-11
x[322] = -56.737
x[323] = -72.9395
x[324] = -97.5815
x[325] = -8.23941
x[326] = -113.314
x[327] = -25.6524
x[328] = -22.3115
x[329] = -386.825
x[330] = -31.3536
x[331] = -10.559
x[332] = -38.0779
x[333] = -11.8617
x[334] = -23.9826
x[335] = -19.0872
x[336] = -4.97096e-11
x[337] = -68.6778
x[338] = -104.352
x[339] = -27.9268
x[340] = -36.0854
x[341] = -109.322
x[342] = -5.0747e-11
x[343] = -71.1185
x[344] = -104.352
x[345] = -27.9268
x[346] = -36.0854
x[347] = -146.048
x[348] = -117.08
x[349] = -48.061
x[350] = -40.6174
x[351] = -119.26
x[352] = -31.5412
x[353] = -411.001
x[354] = -36.0583
x[355] = -14.8531
x[356] = -69.5683
x[357] = -20.3681
x[358] = -24.0569
x[359] = 1.49214e-12
x[360] = -79.5066
x[361] = -21.0275
x[362] = -27.4936
x[363] = -118.465
x[364] = -619.345
x[365] = -161.653
x[366] = -49.3729
x[367] = -23.2269
x[368] = -35.838
x[369] = -9.82359
x[370] = -21.0275
x[371] = -22.4312
x[372] = -2434.16
x[373] = -61.6185
x[374] = 1.32871e-12
x[375] = -2509.54
x[376] = -2521.4
x[377] = -10.0641
x[378] = -20.6978
x[379] = -18.1817
x[380] = -472.647
x[381] = -129.198
x[382] = -32.2007
x[383] = -3.00133e-11
x[384] = -42.6185
x[385] = -160.276
x[386] = -622.946
x[387] = -22.9271
x[388] = -580.237
x[389] = -54.4684
x[390] = -45.7501
x[391] = -1.92558
x[392] = 1.49925e-12
x[393] = -142.969
x[394] = -119.637
x[395] = -2.81943e-11
x[396] = -1427.99
x[397] = -48.1259
x[398] = -22.7223
x[399] = -9.13338e+06
x[400] = -82.4809
x[401] = -3.63798e-12
x[402] = -842.982
x[403] = -47.6205
x[404] = -78.3468
x[405] = -5.03164e+06
x[406] = -32.3817
x[407] = -7.7307e-11
x[408] = -35.8151
x[409] = -92.5592
x[410] = -1154.41
x[411] = -152.263
x[412] = -23.1659
x[413] = -86.387
x[414] = -502.244
x[415] = -365.147
x[416] = -5.72982e-11
x[417] = -83.0592
x[418] = -210.149
x[419] = -17.9463
x[420] = -30.4228
x[421] = -1063.77
x[422] = -83.8751
x[423] = -759.572
x[424] = -577.168
x[425] = -965.844
x[426] = -1136.3
x[427] = -133.886
x[428] = -79.5441
x[429] = -43.3738
x[430] = -43.9844
x[431] = 1.3074e-12
x[432] = -40.3483
x[433] = -43.4494
x[434] = -79.5943
x[435] = -95
x[436] = -1020.1
x[437] = -5.63887e-11
x[438] = -80.6185
x[439] = -822.003
x[440] = -64.8126
x[441] = -16.2869
x[442] = -6.45957e+06
x[443] = -33.385
x[444] = 1.98952e-12
x[445] = -21.3849
x[446] = -8.32513e+06
x[447] = -45.1518
x[448] = -6.00267e-11
x[449] = -85.5
x[450] = -17.128
x[451] = -39.7593
x[452] = -3.63798e-12
x[453] = -21.3849
x[454] = -51.2622
x[455] = -1165.3
x[456] = -23.1659
x[457] = -54.547
x[458] = -79.0442
x[459] = -1384.42
x[460] = -47.6477
x[461] = -870.356
x[462] = -68.6251
x[463] = -6.63931e-11
x[464] = -92.5592
x[465] = -14.0326
x[466] = -185.464
x[467] = -471.644
x[468] = -671.721
x[469] = -6.70623e+06
x[470] = -5.82077e-11
x[471] = -80.6185
x[472] = -361.853
x[473] = 7.16227e-11
x[474] = -102.059
x[475] = -1.84856
x[476] = -31.5412
x[477] = -72.577
x[478] = -66.4731
x[479] = -743.808
x[480] = -4.53183e-11
x[481] = -64.0592
x[482] = -3.72505e+06
x[483] = -5.09232e+06
x[484] = -5.59046e+06
x[485] = -4.53326e+06
x[486] = -109.307
x[487] = -185.464
x[488] = -85.5
x[489] = -743.808
x[490] = -241.291
x[491] = -111.559
x[492] = -6.14968e+06
x[493] = 8.18545e-11
x[494] = -118.881
x[495] = -64.5129
x[496] = -4.28417e+06
x[497] = -7.56249e-11
x[498] = -104.5
x[499] = -5.65138e+06
x[500] = -941.869
x[501] = -1033.02
x[502] = -353.368
x[503] = -842.982
x[504] = -8.0945e-11
x[505] = -109.447
x[506] = -116.441
x[507] = -874.369
x[508] = -3.72505e+06
x[509] = -55.9965
x[510] = -88.5269
x[511] = 1.42109e-12
x[512] = -232.672
x[513] = -652.767
x[514] = -594.204
x[515] = -4.28411e+06
x[516] = -9.98313e-13
x[517] = -36.1448
x[518] = -282.695
x[519] = -8.04903e-11
x[520] = -114
x[521] = 1.59888e-09
x[522] = 1.59888e-09
x[523] = 8.31183e-10
x[524] = 1.65733e-09
x[525] = 1.95683e-09
x[526] = -1.33932e-09
x[527] = -9.80208e-10
x[528] = 5.44716e-10
x[529] = 9.55483e-10
x[530] = 9.55483e-10
x[531] = -1.00613e-09
x[532] = 1.56629e-09
x[533] = 7.65123e-10
x[534] = -0
x[535] = -0
x[536] = -0
x[537] = -0
x[538] = -9.9632e-10
x[539] = -78.7609
x[540] = 2.07963
x[541] = 981.614
x[542] = 2008.81
x[543] = 208.975
x[544] = 215.348
x[545] = 211.054
x[546] = 1539.78
x[547] = 3488.35
x[548] = 1094
x[549] = -1.9827e-10
x[550] = 4179.61
x[551] = 3488.35
x[552] = 3727.17
x[553] = 2755.47
x[554] = 2796.01
x[555] = 5234.51
x[556] = 5230.48
x[557] = -2413.6
x[558] = -752.136
x[559] = -6055.05
x[560] = 2.24429
x[561] = 2.24429
x[562] = 175.993
x[563] = 42.1594
x[564] = 6.52154e-11
x[565] = 495.645
x[566] = 232.788
x[567] = 486.034
x[568] = -1.48503e-12
x[569] = -1.02105e-11
x[570] = 53.0294
x[571] = 20.3216
x[572] = -2.54374e-12
x[573] = 485.138
x[574] = 233.072
x[575] = 431.521
x[576] = 11.0748
x[577] = 11.0748
x[578] = 18.9188
x[579] = 43.6686
x[580] = 18.9188
x[581] = 334.5
x[582] = 163.037
x[583] = 314.068
x[584] = 2224.77
x[585] = 2226.23
x[586] = 2277.3
x[587] = 2226.23
x[588] = 2226.23
x[589] = 2093.97
x[590] = 2183.87
x[591] = 2133.37
x[592] = 2419.83
x[593] = 2357.17
x[594] = 51.9085
x[595] = 28.3782
x[596] = 245.892
x[597] = 76.2316
x[598] = 51.9085
x[599] = 20.3672
x[600] = 10.668
x[601] = 485.138
x[602] = 244.555
x[603] = 471.103
x[604] = 16.554
x[605] = 38.21
x[606] = 16.554
x[607] = 1.07833
x[608] = 282.997
x[609] = 143.735
x[610] = 274.81
x[611] = 117.366
x[612] = 2.50111e-12
x[613] = 169.727
x[614] = 117.366
x[615] = 124.483
x[616] = 100.061
x[617] = 68.1904
x[618] = 46.7977
x[619] = 31.7733
x[620] = 82.3983
x[621] = -9.77707e-12
x[622] = 141.535
x[623] = 101.72
x[624] = 82.3983
x[625] = 19.7786
x[626] = 444.71
x[627] = 306.574
x[628] = 431.844
x[629] = 175.593
x[630] = 86.1842
x[631] = 237.418
x[632] = 195.793
x[633] = 175.593
x[634] = 22.931
x[635] = 124.323
x[636] = 464.924
x[637] = 409.958
x[638] = 453.245
x[639] = 51.5172
x[640] = 28.9673
x[641] = 113.342
x[642] = 74.0906
x[643] = 51.5172
x[644] = 22.931
x[645] = 11.9951
x[646] = 464.924
x[647] = 285.882
x[648] = 453.245
x[649] = 35.838
x[650] = 20.1512
x[651] = 165.16
x[652] = 46.1641
x[653] = 35.838
x[654] = 14.8105
x[655] = 8.34439
x[656] = 323.425
x[657] = 164.269
x[658] = 315.301
x[659] = 11.6212
x[660] = 11.6212
x[661] = 11.5795
x[662] = 11.6212
x[663] = 15.2412
x[664] = 361.965
x[665] = 128.682
x[666] = 105.805
x[667] = 93.6344
x[668] = -1.13332e-11
x[669] = 160.835
x[670] = 115.591
x[671] = 93.6344
x[672] = 37.9061
x[673] = 505.352
x[674] = 348.379
x[675] = 490.732
x[676] = -3.41061e-13
x[677] = 22.4661
x[678] = 51.8564
x[679] = 22.4661
x[680] = 1.46344
x[681] = 384.067
x[682] = 195.07
x[683] = 132.402
x[684] = 53.2169
x[685] = 53.2169
x[686] = 99.9971
x[687] = 53.2169
x[688] = 53.2169
x[689] = 30.8783
x[690] = 257.735
x[691] = 121.05
x[692] = 252.738
x[693] = 91.4477
x[694] = 93.2962
x[695] = 287.28
x[696] = 158.799
x[697] = 117.619
x[698] = 93.2962
x[699] = 61.755
x[700] = 52.0558
x[701] = 576.586
x[702] = 337.851
x[703] = -1.55123e-12
x[704] = -9.66786e-12
x[705] = 19.322
x[706] = -2.36036e-12
x[707] = 444.71
x[708] = 224.175
x[709] = 431.844
x[710] = 1.61749
x[711] = -8.81073e-12
x[712] = 135.102
x[713] = 20.0612
x[714] = 1.61749
x[715] = 424.496
x[716] = 215.603
x[717] = 412.215
x[718] = 15.3715
x[719] = 35.4807
x[720] = 15.3715
x[721] = -6.17442e-13
x[722] = 262.783
x[723] = 132.467
x[724] = 255.181
x[725] = 2022.54
x[726] = 1921.47
x[727] = 2092.43
x[728] = 2045.38
x[729] = 2022.54
x[730] = 1843.07
x[731] = 1895.47
x[732] = 2287.48
x[733] = 2201.72
x[734] = 7366.36
x[735] = 6925.15
x[736] = 7366.36
x[737] = 7384.51
x[738] = 7367.82
x[739] = 6872.47
x[740] = 7313.74
x[741] = 6984.15
x[742] = 7561.43
x[743] = 7498.76
x[744] = 14.3589
x[745] = 14.3589
x[746] = 125.329
x[747] = 34.3221
x[748] = 14.3589
x[749] = 337.039
x[750] = 158.296
x[751] = 330.503
x[752] = 394.761
x[753] = 396.071
x[754] = 441.767
x[755] = 394.761
x[756] = 396.071
x[757] = 48.1607
x[758] = 421.491
x[759] = 569.297
x[760] = 513.226
x[761] = 409.864
x[762] = -1.06621e-11
x[763] = 471.689
x[764] = 430.064
x[765] = 409.864
x[766] = 344.398
x[767] = 644.229
x[768] = 568.369
x[769] = 1661.95
x[770] = 1126.09
x[771] = 1682.15
x[772] = 1661.95
x[773] = 1063.56
x[774] = 1596.49
x[775] = 1197.51
x[776] = 1896.32
x[777] = 1820.46
x[778] = -5.25802e-13
x[779] = 28.3782
x[780] = 64.5129
x[781] = 28.3782
x[782] = -1.05871e-12
x[783] = 485.138
x[784] = 244.555
x[785] = 471.103
x[786] = 16.9346
x[787] = 16.9346
x[788] = 118.996
x[789] = 33.3424
x[790] = 16.9346
x[791] = 317.213
x[792] = 148.984
x[793] = 311.062
x[794] = 1.97498
x[795] = 1.97498
x[796] = 156.994
x[797] = 39.2204
x[798] = 1.48038
x[799] = 436.168
x[800] = 204.853
x[801] = 427.71
x[802] = 15.3715
x[803] = 63.5978
x[804] = 33.1943
x[805] = 28.1171
x[806] = 10.7041
x[807] = 5.77851
x[808] = 262.783
x[809] = 132.467
x[810] = 255.181
x[811] = 1.11378e-12
x[812] = 20.1012
x[813] = 46.3978
x[814] = 20.1012
x[815] = 5.41789e-13
x[816] = 343.639
x[817] = 173.226
x[818] = 333.698
x[819] = 394.761
x[820] = 396.071
x[821] = 441.767
x[822] = 394.761
x[823] = 396.071
x[824] = 48.1607
x[825] = 421.491
x[826] = 513.226
x[827] = 80.7638
x[828] = 80.7638
x[829] = 80.6307
x[830] = 80.7638
x[831] = 96.7186
x[832] = 37.6779
x[833] = 462.644
x[834] = 216.462
x[835] = 0.758865
x[836] = 0.758865
x[837] = 0.758865
x[838] = 4.31004
x[839] = 262.045
x[840] = 84.6977
x[841] = 141.867
x[842] = 16.9346
x[843] = 16.9346
x[844] = 118.996
x[845] = 33.3424
x[846] = 16.9346
x[847] = 317.213
x[848] = 148.984
x[849] = 311.062
x[850] = 20.1012
x[851] = 46.3978
x[852] = 20.1012
x[853] = 343.639
x[854] = 173.226
x[855] = 333.698
x[856] = 487.646
x[857] = 489.264
x[858] = 545.713
x[859] = 487.646
x[860] = 489.264
x[861] = 61.1914
x[862] = 520.665
x[863] = 703.249
x[864] = 633.986
x[865] = 1.61749
x[866] = -8.58336e-12
x[867] = 135.102
x[868] = 20.0612
x[869] = 1.61749
x[870] = 424.496
x[871] = 215.603
x[872] = 412.215
x[873] = 3485.67
x[874] = 2973.11
x[875] = 3544.81
x[876] = 3504.99
x[877] = 3485.67
x[878] = 2912.38
x[879] = 3423.05
x[880] = 3041.42
x[881] = 3709.84
x[882] = 3637.28
x[883] = 510.868
x[884] = 512.562
x[885] = 571.699
x[886] = 510.868
x[887] = 512.562
x[888] = 65.1054
x[889] = 545.459
x[890] = 736.737
x[891] = 664.175
x[892] = 1.61749
x[893] = -8.58336e-12
x[894] = 135.102
x[895] = 20.0612
x[896] = 1.61749
x[897] = 424.496
x[898] = 215.603
x[899] = 412.215
x[900] = 2.06475
x[901] = 41.6246
x[902] = 35.102
x[903] = 5.96584e-11
x[904] = 455.728
x[905] = 214.165
x[906] = 391.803
x[907] = 89.889
x[908] = -1.02105e-11
x[909] = 154.402
x[910] = 110.968
x[911] = 89.889
x[912] = 21.5766
x[913] = 485.138
x[914] = 334.444
x[915] = 471.103
x[916] = 14.3589
x[917] = 14.3589
x[918] = 125.329
x[919] = 34.3221
x[920] = 14.3589
x[921] = 337.039
x[922] = 158.296
x[923] = 330.503
x[924] = 1.07833
x[925] = -5.60263e-12
x[926] = 90.0678
x[927] = 13.3742
x[928] = 1.07833
x[929] = 282.997
x[930] = 143.735
x[931] = 274.81
x[932] = 55.9969
x[933] = 31.4862
x[934] = 123.198
x[935] = 82.0696
x[936] = 55.9969
x[937] = 24.126
x[938] = 13.0381
x[939] = 505.352
x[940] = 310.742
x[941] = 492.657
x[942] = 1.23237
x[943] = -6.49969e-12
x[944] = 102.935
x[945] = 15.2847
x[946] = 1.23237
x[947] = 323.425
x[948] = 164.269
x[949] = 314.068
x[950] = 79.8087
x[951] = 5.68434e-12
x[952] = 115.414
x[953] = 79.8087
x[954] = 84.6484
x[955] = 68.0417
x[956] = 44.0591
x[957] = 31.8224
x[958] = 56.0708
x[959] = 12.8289
x[960] = 12.8289
x[961] = 11.136
x[962] = 12.8289
x[963] = 29.6809
x[964] = 414.808
x[965] = 142.98
x[966] = 230.933
x[967] = 18.9188
x[968] = 43.6686
x[969] = 18.9188
x[970] = -7.34194e-13
x[971] = 323.425
x[972] = 163.037
x[973] = 314.068
x[974] = 441.204
x[975] = 442.667
x[976] = 493.74
x[977] = 441.204
x[978] = 442.667
x[979] = 55.9887
x[980] = 471.078
x[981] = 573.606
x[982] = 49.2773
x[983] = 27.7079
x[984] = 227.095
x[985] = 70.1011
x[986] = 49.2773
x[987] = 21.0208
x[988] = 11.4735
x[989] = 444.71
x[990] = 273.453
x[991] = 433.538
x[992] = 334.883
x[993] = 257.031
x[994] = 334.883
x[995] = 341.68
x[996] = 323.116
x[997] = 294.083
x[998] = 288.854
x[999] = 678.522
x[1000] = 456.416
x[1001] = 434.81
x[1002] = 17.7364
x[1003] = 40.9393
x[1004] = 17.7364
x[1005] = -5.66658e-13
x[1006] = 303.211
x[1007] = 152.847
x[1008] = 294.439
x[1009] = 534.089
x[1010] = 535.86
x[1011] = 597.685
x[1012] = 534.089
x[1013] = 556.061
x[1014] = 535.86
x[1015] = 470.394
x[1016] = 97.6056
x[1017] = 770.226
x[1018] = 525.02
x[1019] = 26.0023
x[1020] = 594.909
x[1021] = 547.855
x[1022] = 525.02
x[1023] = 451.015
x[1024] = 789.955
x[1025] = 704.199
x[1026] = 301.876
x[1027] = 302.878
x[1028] = 337.822
x[1029] = 301.876
x[1030] = 302.878
x[1031] = 37.7554
x[1032] = 322.317
x[1033] = 392.467
x[1034] = 105.329
x[1035] = 7.72332
x[1036] = 156.149
x[1037] = 105.329
x[1038] = 124.804
x[1039] = 105.329
x[1040] = 76.7428
x[1041] = 53.3334
x[1042] = 75.8604
x[1043] = 6.47293e-11
x[1044] = 169.66
x[1045] = 41.1797
x[1046] = 6.41976e-11
x[1047] = 475.543
x[1048] = 223.476
x[1049] = 466.593
x[1050] = 54.0713
x[1051] = 29.5606
x[1052] = 256.137
x[1053] = 80.1441
x[1054] = 54.0713
x[1055] = 22.2004
x[1056] = 11.1125
x[1057] = 505.352
x[1058] = 256.67
x[1059] = 490.732
x[1060] = 198.497
x[1061] = 97.4256
x[1062] = 268.386
x[1063] = 221.332
x[1064] = 198.497
x[1065] = 26.0361
x[1066] = 140.539
x[1067] = 525.566
x[1068] = 463.431
x[1069] = 512.364
x[1070] = 353.539
x[1071] = 353.539
x[1072] = 193.921
x[1073] = 359.784
x[1074] = 353.539
x[1075] = 362.826
x[1076] = 330.005
x[1077] = 289.916
x[1078] = 1036.9
x[1079] = 935.786
x[1080] = 553.669
x[1081] = 555.98
x[1082] = 636.621
x[1083] = 553.669
x[1084] = 555.98
x[1085] = 762.725
x[1086] = 488.715
x[1087] = 268.068
x[1088] = 497.349
x[1089] = 488.715
x[1090] = 501.554
x[1091] = 456.183
x[1092] = 401.306
x[1093] = 355.506
x[1094] = 1293.59
x[1095] = 3.46605
x[1096] = 292.97
x[1097] = 3.46605
x[1098] = 3.46605
x[1099] = 838.374
x[1100] = -220.146
x[1101] = 886.783
x[1102] = 33.2244
x[1103] = 56.7564
x[1104] = 131.006
x[1105] = 66.314
x[1106] = -5.37881e-12
x[1107] = 997.975
x[1108] = 489.11
x[1109] = 998.514
x[1110] = 1001.83
x[1111] = 1117.41
x[1112] = 1001.83
x[1113] = 1039.59
x[1114] = 905.973
x[1115] = 1066.12
x[1116] = 1439.99
x[1117] = 683.946
x[1118] = 686.565
x[1119] = 486.428
x[1120] = 777.958
x[1121] = 683.946
x[1122] = 716.426
x[1123] = 589.789
x[1124] = 1033.02
x[1125] = 74.2289
x[1126] = 350.866
x[1127] = 74.2289
x[1128] = 74.2289
x[1129] = 864.256
x[1130] = -447.122
x[1131] = 918.288
x[1132] = 14.0326
x[1133] = 14.0326
x[1134] = 14.0326
x[1135] = 14.0326
x[1136] = 37.746
x[1137] = 549.087
x[1138] = 289.157
x[1139] = 20.0731
x[1140] = 20.0731
x[1141] = 34.2903
x[1142] = 234.397
x[1143] = 79.1493
x[1144] = 1.26306e-10
x[1145] = 1.29035e-10
x[1146] = 338.111
x[1147] = 65.6713
x[1148] = 971.464
x[1149] = 486.508
x[1150] = 279.745
x[1151] = -1.27898e-12
x[1152] = 75.4398
x[1153] = 190.259
x[1154] = 198.903
x[1155] = 190.259
x[1156] = 929.847
x[1157] = 472.274
x[1158] = 543.133
x[1159] = 545.213
x[1160] = 617.79
x[1161] = 543.133
x[1162] = 545.213
x[1163] = 93.8513
x[1164] = -823.423
x[1165] = 983.665
x[1166] = 1146.54
x[1167] = 897.888
x[1168] = 1146.54
x[1169] = 1142.23
x[1170] = 1113.31
x[1171] = 1032.77
x[1172] = 1005.49
x[1173] = 240.85
x[1174] = 1300.2
x[1175] = 258.45
x[1176] = 260.838
x[1177] = 2.84217e-12
x[1178] = 344.167
x[1179] = 258.45
x[1180] = 288.065
x[1181] = 576.722
x[1182] = 603.753
x[1183] = 605.755
x[1184] = 675.644
x[1185] = 603.753
x[1186] = 605.755
x[1187] = 78.1361
x[1188] = 784.934
x[1189] = 353.539
x[1190] = 353.539
x[1191] = 359.784
x[1192] = 353.539
x[1193] = 330.005
x[1194] = 289.916
x[1195] = 1036.9
x[1196] = 935.786
x[1197] = 14.2543
x[1198] = 14.2543
x[1199] = 14.2543
x[1200] = 36.2694
x[1201] = 14.2543
x[1202] = 536.828
x[1203] = 195.046
x[1204] = 300.212
x[1205] = 3.94995
x[1206] = 3.94995
x[1207] = 303.61
x[1208] = 60.773
x[1209] = 1.13083e-10
x[1210] = 872.335
x[1211] = 409.707
x[1212] = 264.583
x[1213] = 259.955
x[1214] = 259.955
x[1215] = 142.589
x[1216] = 264.547
x[1217] = 259.955
x[1218] = 266.784
x[1219] = 242.65
x[1220] = 210.779
x[1221] = 189.099
x[1222] = 688.078
x[1223] = 408.518
x[1224] = 412.293
x[1225] = 9.09495e-13
x[1226] = 544.006
x[1227] = 408.518
x[1228] = 455.328
x[1229] = 911.592
x[1230] = 1091.4
x[1231] = 1095.02
x[1232] = 1221.36
x[1233] = 1091.4
x[1234] = 1136.3
x[1235] = 1095.02
x[1236] = 961.24
x[1237] = 199.455
x[1238] = 1573.94
x[1239] = 4.21927
x[1240] = 4.21927
x[1241] = 324.31
x[1242] = 63.712
x[1243] = 1.18934e-10
x[1244] = 931.813
x[1245] = 437.641
x[1246] = 913.744
x[1247] = 18.7101
x[1248] = 18.7101
x[1249] = 18.7101
x[1250] = 53.2646
x[1251] = 21.4829
x[1252] = 732.115
x[1253] = 388.315
x[1254] = 627.11
x[1255] = 67.3239
x[1256] = 318.227
x[1257] = 67.3239
x[1258] = 67.3239
x[1259] = 1.89004e-12
x[1260] = -1189.39
x[1261] = 832.865
x[1262] = 2.69582
x[1263] = 96.7771
x[1264] = 2.69582
x[1265] = 707.493
x[1266] = 359.339
x[1267] = 1.3241e-11
x[1268] = 1.39124e-11
x[1269] = 199.03
x[1270] = 38.4291
x[1271] = 16.7387
x[1272] = 545.429
x[1273] = 131.45
x[1274] = 131.45
x[1275] = 2.95586e-12
x[1276] = 190.094
x[1277] = 131.45
x[1278] = 139.421
x[1279] = 92.3518
x[1280] = 580.531
x[1281] = 582.457
x[1282] = 649.658
x[1283] = 580.531
x[1284] = 582.457
x[1285] = 74.2221
x[1286] = 754.745
x[1287] = 3.05224
x[1288] = 3.05224
x[1289] = 234.607
x[1290] = 50.9763
x[1291] = 8.76774e-11
x[1292] = 674.077
x[1293] = 661.007
x[1294] = 24.2261
x[1295] = 24.2261
x[1296] = 65.611
x[1297] = 95.525
x[1298] = 65.611
x[1299] = 731.719
x[1300] = 380.869
x[1301] = 58.2368
x[1302] = 32.7457
x[1303] = 268.386
x[1304] = 86.0591
x[1305] = 58.2368
x[1306] = 26.0361
x[1307] = 525.566
x[1308] = 264.935
x[1309] = 512.364
x[1310] = 1528.72
x[1311] = 1528.72
x[1312] = 1528.72
x[1313] = 1528.72
x[1314] = 1499.65
x[1315] = 1429.5
x[1316] = 1280.88
x[1317] = 1775.6
x[1318] = 30.4557
x[1319] = 30.4557
x[1320] = 52.0267
x[1321] = 120.089
x[1322] = 69.0997
x[1323] = 919.875
x[1324] = 478.807
x[1325] = 626.974
x[1326] = 629.053
x[1327] = 701.63
x[1328] = 626.974
x[1329] = 629.053
x[1330] = 82.0501
x[1331] = 90.0664
x[1332] = 39.02
x[1333] = 90.0664
x[1334] = 121.591
x[1335] = 92.6082
x[1336] = 33.3608
x[1337] = 686.108
x[1338] = 428.871
x[1339] = 52.0267
x[1340] = 59.3156
x[1341] = 3.38903
x[1342] = 889.419
x[1343] = 451.74
x[1344] = 863.688
x[1345] = 945.455
x[1346] = 949.075
x[1347] = 672.415
x[1348] = 1075.41
x[1349] = 945.455
x[1350] = 990.354
x[1351] = 815.296
x[1352] = 1427.99
x[1353] = -1.39266e-12
x[1354] = 54.3916
x[1355] = 125.547
x[1356] = 62.8148
x[1357] = 3.54307
x[1358] = 929.847
x[1359] = 472.274
x[1360] = 902.946
x[1361] = 178.396
x[1362] = 178.396
x[1363] = 1.7053e-12
x[1364] = 257.985
x[1365] = 178.396
x[1366] = 189.214
x[1367] = 125.335
x[1368] = 67.6184
x[1369] = 67.6184
x[1370] = 70.7764
x[1371] = 828.777
x[1372] = 488.558
x[1373] = 3.23178
x[1374] = 3.23178
x[1375] = 248.408
x[1376] = 52.9357
x[1377] = 9.3074e-11
x[1378] = 713.729
x[1379] = 335.215
x[1380] = 699.889
x[1381] = 673.416
x[1382] = 675.65
x[1383] = 753.603
x[1384] = 673.416
x[1385] = 675.65
x[1386] = 87.2528
x[1387] = 875.504
x[1388] = 1137.84
x[1389] = 1141.62
x[1390] = 1273.33
x[1391] = 1141.62
x[1392] = 1184.65
x[1393] = 1141.62
x[1394] = 1032.39
x[1395] = 1214.89
x[1396] = 1640.92
x[1397] = 513.888
x[1398] = 31.9255
x[1399] = 513.888
x[1400] = 539.681
x[1401] = 515.968
x[1402] = 439.116
x[1403] = 545.78
x[1404] = 791.092
x[1405] = 5.3408e+06
x[1406] = 5.34072e+06
x[1407] = 5.34088e+06
x[1408] = 5.3408e+06
x[1409] = 291.149
x[1410] = 291.149
x[1411] = 296.293
x[1412] = 291.149
x[1413] = 271.768
x[1414] = 236.283
x[1415] = 853.92
x[1416] = 770.647
x[1417] = 2666.07
x[1418] = 2668.84
x[1419] = 2628.26
x[1420] = 2609.55
x[1421] = 2666.07
x[1422] = 2700.46
x[1423] = 2566.37
x[1424] = 580.531
x[1425] = 582.457
x[1426] = 649.658
x[1427] = 580.531
x[1428] = 582.457
x[1429] = 74.2221
x[1430] = 754.745
x[1431] = 249.557
x[1432] = 249.557
x[1433] = 253.965
x[1434] = 249.557
x[1435] = 660.555
x[1436] = 966.073
x[1437] = 1.05871e-12
x[1438] = 5.32907e-13
x[1439] = 193.983
x[1440] = 485.138
x[1441] = 242.706
x[1442] = 14.0326
x[1443] = 14.0326
x[1444] = 14.0326
x[1445] = 556.705
x[1446] = 202.547
x[1447] = 603.482
x[1448] = 429.201
x[1449] = 603.482
x[1450] = 632.141
x[1451] = 911.486
x[1452] = 519.726
x[1453] = 465.965
x[1454] = 258.071
x[1455] = 258.071
x[1456] = 242.479
x[1457] = 258.071
x[1458] = 563.765
x[1459] = 17.3044
x[1460] = 17.3044
x[1461] = 202.066
x[1462] = 68.2321
x[1463] = 18.6887
x[1464] = 18.6887
x[1465] = 31.9255
x[1466] = 218.231
x[1467] = 73.6907
x[1468] = 31.9255
x[1469] = 911.486
x[1470] = 24.2261
x[1471] = 24.2261
x[1472] = 41.3849
x[1473] = 282.893
x[1474] = 95.525
x[1475] = 43.569
x[1476] = 239.158
x[1477] = 239.158
x[1478] = 243.383
x[1479] = 239.158
x[1480] = 701.435
x[1481] = 175.48
x[1482] = 178.022
x[1483] = 266.727
x[1484] = 175.48
x[1485] = 228.76
x[1486] = 228.76
x[1487] = 232.801
x[1488] = 228.76
x[1489] = 1147.21
x[1490] = 2687.32
x[1491] = 2687.32
x[1492] = 2687.32
x[1493] = 2931.87
x[1494] = 5379.6
x[1495] = 5462.93
x[1496] = 291.149
x[1497] = 291.149
x[1498] = 296.293
x[1499] = 291.149
x[1500] = 853.92
x[1501] = 322.344
x[1502] = 322.344
x[1503] = 328.038
x[1504] = 322.344
x[1505] = 853.217
x[1506] = 311.946
x[1507] = 311.946
x[1508] = 311.946
x[1509] = 914.915
x[1510] = 353.539
x[1511] = 353.539
x[1512] = 935.786
x[1513] = 558.118
x[1514] = 442.89
x[1515] = 143.832
x[1516] = 353.539
x[1517] = 353.539
x[1518] = 359.784
x[1519] = 353.539
x[1520] = 330.005
x[1521] = 289.916
x[1522] = 1036.9
x[1523] = 112.671
x[1524] = 112.671
x[1525] = 79.1587
x[1526] = 129.879
x[1527] = 129.879
x[1528] = 183.305
x[1529] = 129.879
x[1530] = 134.442
x[1531] = 50.5415
x[1532] = 228.76
x[1533] = 228.76
x[1534] = 232.801
x[1535] = 228.76
x[1536] = 670.938
x[1537] = 647.119
x[1538] = 647.119
x[1539] = 649.737
x[1540] = 687.279
x[1541] = 996.19
x[1542] = 564.752
x[1543] = 2206.79
x[1544] = 2206.79
x[1545] = 2206.79
x[1546] = 2206.79
x[1547] = -1.72662e-12
x[1548] = 80.6411
x[1549] = 2.3107
x[1550] = 606.422
x[1551] = 308.004
x[1552] = 835.965
x[1553] = 838.738
x[1554] = 935.507
x[1555] = 835.965
x[1556] = 838.738
x[1557] = 1086.83
x[1558] = -1.04496e-11
x[1559] = -1.04496e-11
x[1560] = -1.04496e-11
x[1561] = -1.04496e-11
x[1562] = -1.98923e-13
x[1563] = 2.30216e-11
x[1564] = 2.30216e-11
x[1565] = 2.30216e-11
x[1566] = 2.30216e-11
x[1567] = 2.30216e-11
x[1568] = -4.73677e-11
x[1569] = -4.73677e-11
x[1570] = -4.73677e-11
x[1571] = -4.73677e-11
x[1572] = -4.73677e-11
x[1573] = 68.3592
x[1574] = 68.3592
x[1575] = 0
x[1576] = 68.3592
x[1577] = 68.3592
x[1578] = -1.26678e-11
x[1579] = -1.26678e-11
x[1580] = -1.26678e-11
x[1581] = -1.26678e-11
x[1582] = -1.26678e-11
x[1583] = 4.52987e-11
x[1584] = 4.52987e-11
x[1585] = 4.52987e-11
x[1586] = 4.52987e-11
x[1587] = 4.52987e-11
x[1588] = -2.01348e-11
x[1589] = -2.01348e-11
x[1590] = -2.01348e-11
x[1591] = -2.01348e-11
x[1592] = -2.01348e-11
x[1593] = -7.18413e-09
x[1594] = -7.18413e-09
x[1595] = -7.18413e-09
x[1596] = -7.18413e-09
x[1597] = -7.18413e-09
x[1598] = 65.3334
x[1599] = 65.3334
x[1600] = -2.98428e-11
x[1601] = 0
x[1602] = 0
x[1603] = 0
x[1604] = 0
x[1605] = 0
x[1606] = 0
x[1607] = 0
x[1608] = 0
x[1609] = 0
x[1610] = 0
x[1611] = 0
x[1612] = -2.24182e-10
x[1613] = 1.92157e+08
x[1614] = -6.46932e-13
x[1615] = 9.48913e-13
x[1616] = -2.02461e-12
x[1617] = -6.27996e-13
x[1618] = -1.11339e-12
x[1619] = -2.77264e-13
x[1620] = -8.50046e-13
x[1621] = -6.44957e-13
x[1622] = -1.42876e-12
x[1623] = -2.80642e-12
x[1624] = -1.8952e-12
x[1625] = -1.63186e-12
x[1626] = -7.81816e-13
x[1627] = -1.06756e-12
x[1628] = 1.80037e-12
x[1629] = -1.17315e-12
x[1630] = -2.82524e-11
x[1631] = 1.40742e-15
x[1632] = 8.51453e-13
x[1633] = 7.24612e-13
x[1634] = -1.93164e-13
x[1635] = 4.19303e-12
x[1636] = 1.92351e-12
x[1637] = 1.92599e-12
x[1638] = 1.28104e-12
x[1639] = -1.05073e-12
x[1640] = -2.42841e-12
x[1641] = -1.48646e-12
x[1642] = -4.0629e-13
x[1643] = -1.25385e-12
x[1644] = -4.03802e-13
x[1645] = -9.13696e-13
x[1646] = -9.04706e-14
x[1647] = -5.48297e-11
b:
b[0] = 10493.1
b[1] = 8980.54
b[2] = 9682.85
b[3] = 12860.2
b[4] = 8877.97
b[5] = 11379.4
b[6] = 9185.78
b[7] = 2.70853e+08
b[8] = 10733.6
b[9] = 25080.3
b[10] = 18351.7
b[11] = 10493.1
b[12] = 8980.54
b[13] = 9682.85
b[14] = 12860.2
b[15] = 8877.97
b[16] = 11379.4
b[17] = 9185.78
b[18] = 2.70853e+08
b[19] = 10733.6
b[20] = 25080.3
b[21] = 0
b[22] = 18351.7
b[23] = 0
b[24] = 0
b[25] = 0
b[26] = 0
b[27] = 0
b[28] = 0
b[29] = -362.107
b[30] = -364.033
b[31] = -619.931
b[32] = -257.485
b[33] = -322.192
b[34] = -388.234
b[35] = -366.277
b[36] = -6.75232e+06
b[37] = -411.117
b[38] = -43.323
b[39] = -388.234
b[40] = -52.5306
b[41] = -314.706
b[42] = -356.136
b[43] = 20.1757
b[44] = -328.038
b[45] = -314.706
b[46] = -317.311
b[47] = -316.554
b[48] = -6.54999e+06
b[49] = -357.825
b[50] = 2.80045
b[51] = -328.038
b[52] = -50.4294
b[53] = -225.117
b[54] = -226.349
b[55] = 5.98161
b[56] = -290.256
b[57] = -192.523
b[58] = -232.557
b[59] = -237.424
b[60] = -4.36669e+06
b[61] = -259.875
b[62] = -13.4459
b[63] = -237.424
b[64] = -33.6196
b[65] = 1947.86
b[66] = 1947.86
b[67] = -108.511
b[68] = 1947.86
b[69] = 1949.32
b[70] = -295.058
b[71] = 1947.86
b[72] = -5.15977e+06
b[73] = 1906.43
b[74] = 1723.75
b[75] = 1947.86
b[76] = 1947.86
b[77] = -356.136
b[78] = -304.227
b[79] = 8.97241
b[80] = -174.757
b[81] = -354.287
b[82] = -300.983
b[83] = -304.227
b[84] = -6.54998e+06
b[85] = -345.498
b[86] = -36.7811
b[87] = -356.136
b[88] = -50.4294
b[89] = -206.667
b[90] = -207.746
b[91] = 5.23391
b[92] = -255.683
b[93] = -168.457
b[94] = -203.488
b[95] = -206.667
b[96] = -3.96214e+06
b[97] = -227.391
b[98] = -21.4556
b[99] = -206.667
b[100] = -29.4172
b[101] = -52.5306
b[102] = 237.123
b[103] = 470.517
b[104] = 222.283
b[105] = 239.048
b[106] = 222.283
b[107] = 219.818
b[108] = -6.75171e+06
b[109] = 169.371
b[110] = -1782.69
b[111] = -103.214
b[112] = -52.5306
b[113] = -434.085
b[114] = -244.059
b[115] = -17.7886
b[116] = -244.059
b[117] = -324.763
b[118] = -244.059
b[119] = -244.059
b[120] = -5.9571e+06
b[121] = -304.808
b[122] = -33.716
b[123] = -244.059
b[124] = -46.227
b[125] = -341.297
b[126] = -167.475
b[127] = 65.8154
b[128] = -167.475
b[129] = -341.297
b[130] = -167.475
b[131] = -167.475
b[132] = -6.15932e+06
b[133] = -214.028
b[134] = -37.0201
b[135] = -167.475
b[136] = -48.3282
b[137] = -341.297
b[138] = -291.551
b[139] = 8.59856
b[140] = -291.551
b[141] = -341.297
b[142] = -289.178
b[143] = -291.551
b[144] = -6.15932e+06
b[145] = -326.356
b[146] = -37.0201
b[147] = -291.551
b[148] = -48.3282
b[149] = -237.424
b[150] = -202.818
b[151] = 5.98161
b[152] = -116.504
b[153] = -237.424
b[154] = -206.544
b[155] = -202.818
b[156] = -4.36665e+06
b[157] = -230.332
b[158] = -25.7531
b[159] = -237.424
b[160] = -33.6196
b[161] = 268.235
b[162] = 266.848
b[163] = 519.354
b[164] = 206.842
b[165] = 268.235
b[166] = 254.659
b[167] = -267.102
b[168] = -4.95962e+06
b[169] = 233.997
b[170] = 492.855
b[171] = 200.493
b[172] = 236.985
b[173] = -493.278
b[174] = -277.34
b[175] = -20.2144
b[176] = -277.34
b[177] = -369.049
b[178] = -277.34
b[179] = -277.34
b[180] = -6.7523e+06
b[181] = -330.252
b[182] = -38.3136
b[183] = -277.34
b[184] = -52.5306
b[185] = -280.477
b[186] = -281.941
b[187] = 7.10316
b[188] = -344.394
b[189] = -228.621
b[190] = -276.162
b[191] = -280.477
b[192] = -5.16189e+06
b[193] = -308.602
b[194] = -29.1184
b[195] = -280.477
b[196] = -280.477
b[197] = -136.246
b[198] = -137.247
b[199] = -322.364
b[200] = -125.411
b[201] = -136.246
b[202] = -201.882
b[203] = -137.247
b[204] = -3.57149e+06
b[205] = -160.551
b[206] = -22.528
b[207] = -201.882
b[208] = -27.3159
b[209] = -322.745
b[210] = -322.745
b[211] = -79.3116
b[212] = -193.275
b[213] = -255.394
b[214] = -319.501
b[215] = -322.745
b[216] = -6.55e+06
b[217] = -364.016
b[218] = -5.23922
b[219] = -322.745
b[220] = -602.661
b[221] = -434.085
b[222] = -326.458
b[223] = -17.7886
b[224] = -398.532
b[225] = -324.763
b[226] = -326.458
b[227] = -326.458
b[228] = -5.9571e+06
b[229] = -362.391
b[230] = -33.716
b[231] = -326.458
b[232] = -46.227
b[233] = -414.354
b[234] = -310.001
b[235] = -16.9801
b[236] = -232.966
b[237] = -310.001
b[238] = -310.001
b[239] = -310.001
b[240] = -5.75483e+06
b[241] = -348.68
b[242] = -32.1834
b[243] = -310.001
b[244] = -44.1257
b[245] = -221.024
b[246] = -192.907
b[247] = 4.86006
b[248] = -247.095
b[249] = -156.425
b[250] = -188.953
b[251] = -192.907
b[252] = -3.57148e+06
b[253] = -211.149
b[254] = -19.9231
b[255] = -192.907
b[256] = -27.3159
b[257] = -385.814
b[258] = 1634.73
b[259] = 1898.45
b[260] = 1634.73
b[261] = -385.814
b[262] = 1634.73
b[263] = 1634.73
b[264] = -6.9527e+06
b[265] = 1328.05
b[266] = 1634.73
b[267] = 1634.73
b[268] = 7085.88
b[269] = -281.941
b[270] = 6909.79
b[271] = -333.146
b[272] = 7085.88
b[273] = 7085.88
b[274] = 7085.88
b[275] = -5.155e+06
b[276] = 7032.72
b[277] = 6570.97
b[278] = 7085.88
b[279] = 7085.88
b[280] = -233.4
b[281] = -234.709
b[282] = -421.553
b[283] = -169.436
b[284] = -213.437
b[285] = -263.999
b[286] = -234.709
b[287] = -4.75736e+06
b[288] = -268.689
b[289] = -29.4596
b[290] = -263.999
b[291] = -35.7208
b[292] = 101.375
b[293] = 101.375
b[294] = -56.1791
b[295] = 101.375
b[296] = 101.375
b[297] = -309.627
b[298] = 101.375
b[299] = -4.75732e+06
b[300] = -356.2
b[301] = 9.36527
b[302] = 101.375
b[303] = 101.375
b[304] = -453.816
b[305] = 68.5673
b[306] = -18.5972
b[307] = 68.5673
b[308] = -339.525
b[309] = 68.5673
b[310] = 68.5673
b[311] = -6.15937e+06
b[312] = 7.81834
b[313] = -554.749
b[314] = 68.5673
b[315] = 68.5673
b[316] = -453.816
b[317] = 1320.66
b[318] = 1107.49
b[319] = -416.663
b[320] = -339.525
b[321] = 1320.66
b[322] = 1320.66
b[323] = -6.15828e+06
b[324] = 1259.91
b[325] = 697.339
b[326] = 1320.66
b[327] = 1320.66
b[328] = -354.287
b[329] = -356.136
b[330] = 8.97241
b[331] = -356.136
b[332] = -356.136
b[333] = -348.836
b[334] = -356.136
b[335] = -6.55003e+06
b[336] = -389.813
b[337] = -36.7811
b[338] = -356.136
b[339] = -50.4294
b[340] = -216.25
b[341] = -217.483
b[342] = -396.756
b[343] = -158.43
b[344] = -199.843
b[345] = -248.47
b[346] = -217.483
b[347] = -4.3667e+06
b[348] = -244.996
b[349] = -27.7267
b[350] = -248.47
b[351] = -33.6196
b[352] = -318.654
b[353] = -320.349
b[354] = -545.539
b[355] = -224.466
b[356] = -281.409
b[357] = -341.646
b[358] = -320.843
b[359] = -5.95711e+06
b[360] = -356.776
b[361] = -38.1242
b[362] = -341.646
b[363] = -46.227
b[364] = -192.907
b[365] = -192.907
b[366] = 4.86006
b[367] = -247.095
b[368] = -128.308
b[369] = -171.13
b[370] = -164.79
b[371] = -3.57146e+06
b[372] = -188.094
b[373] = -19.9231
b[374] = -192.907
b[375] = -27.3159
b[376] = -250.953
b[377] = -252.263
b[378] = 6.35546
b[379] = -309.821
b[380] = -204.555
b[381] = -247.092
b[382] = -252.263
b[383] = -4.75735e+06
b[384] = -276.117
b[385] = -26.0533
b[386] = -252.263
b[387] = -35.7208
b[388] = 101.375
b[389] = 101.375
b[390] = -56.1791
b[391] = 101.375
b[392] = 101.375
b[393] = -309.627
b[394] = 101.375
b[395] = -4.75732e+06
b[396] = -356.2
b[397] = 9.36527
b[398] = 101.375
b[399] = -126.774
b[400] = -128.237
b[401] = 57.5766
b[402] = -179.443
b[403] = -126.774
b[404] = -128.97
b[405] = -281.941
b[406] = -5.16189e+06
b[407] = -170.398
b[408] = 122.398
b[409] = -186.145
b[410] = -77.8328
b[411] = -78.8341
b[412] = 102.802
b[413] = -122.777
b[414] = -77.8328
b[415] = -86.7005
b[416] = -192.907
b[417] = -3.57138e+06
b[418] = -102.87
b[419] = 92.6531
b[420] = -127.363
b[421] = -27.3159
b[422] = -216.25
b[423] = -217.483
b[424] = -396.756
b[425] = -158.43
b[426] = -199.843
b[427] = -248.47
b[428] = -217.483
b[429] = -4.3667e+06
b[430] = -244.996
b[431] = -27.7267
b[432] = -248.47
b[433] = -33.6196
b[434] = -289.031
b[435] = -252.263
b[436] = 6.35546
b[437] = -309.821
b[438] = -204.555
b[439] = -247.092
b[440] = -252.263
b[441] = -4.75735e+06
b[442] = -276.117
b[443] = -26.0533
b[444] = -252.263
b[445] = -35.7208
b[446] = 125.228
b[447] = 125.228
b[448] = -69.3977
b[449] = 125.228
b[450] = 125.228
b[451] = -382.48
b[452] = 125.228
b[453] = -5.75479e+06
b[454] = -433.69
b[455] = 11.5689
b[456] = 125.228
b[457] = 125.228
b[458] = -414.354
b[459] = -310.001
b[460] = -16.9801
b[461] = -232.966
b[462] = -310.001
b[463] = -310.001
b[464] = -310.001
b[465] = -5.75483e+06
b[466] = -348.68
b[467] = -32.1834
b[468] = -310.001
b[469] = -44.1257
b[470] = -434.085
b[471] = 3159.21
b[472] = 2955.32
b[473] = 3159.21
b[474] = -324.763
b[475] = 3159.21
b[476] = 3159.21
b[477] = -5.95416e+06
b[478] = 3098.46
b[479] = 2563
b[480] = 3159.21
b[481] = 3159.21
b[482] = 131.191
b[483] = 131.191
b[484] = -72.7023
b[485] = 131.191
b[486] = 131.191
b[487] = -400.693
b[488] = 131.191
b[489] = -5.95706e+06
b[490] = -450.619
b[491] = 12.1198
b[492] = 131.191
b[493] = 131.191
b[494] = -414.354
b[495] = -310.001
b[496] = -16.9801
b[497] = -232.966
b[498] = -310.001
b[499] = -310.001
b[500] = -310.001
b[501] = -5.75483e+06
b[502] = -348.68
b[503] = -32.1834
b[504] = -310.001
b[505] = -44.1257
b[506] = -425.902
b[507] = -279.561
b[508] = -76.007
b[509] = -301.826
b[510] = -244.752
b[511] = -301.826
b[512] = -281.626
b[513] = -6.15933e+06
b[514] = -317.526
b[515] = 15.2269
b[516] = -301.826
b[517] = -48.3282
b[518] = -473.547
b[519] = -266.247
b[520] = -19.4058
b[521] = -266.247
b[522] = -354.287
b[523] = -266.247
b[524] = -266.247
b[525] = -6.55003e+06
b[526] = -334.589
b[527] = -36.7811
b[528] = -266.247
b[529] = -50.4294
b[530] = -233.4
b[531] = -234.709
b[532] = -421.553
b[533] = -169.436
b[534] = -213.437
b[535] = -263.999
b[536] = -234.709
b[537] = -4.75736e+06
b[538] = -268.689
b[539] = -29.4596
b[540] = -263.999
b[541] = -35.7208
b[542] = -276.236
b[543] = -206.667
b[544] = -11.32
b[545] = -155.311
b[546] = -206.667
b[547] = -206.667
b[548] = -206.667
b[549] = -3.96214e+06
b[550] = -237.516
b[551] = -21.4556
b[552] = -206.667
b[553] = -29.4172
b[554] = -370.975
b[555] = -316.903
b[556] = 9.34626
b[557] = -316.903
b[558] = -370.975
b[559] = -312.787
b[560] = -316.903
b[561] = -6.75225e+06
b[562] = -357.046
b[563] = -40.2392
b[564] = -316.903
b[565] = -52.5306
b[566] = -315.698
b[567] = -236.191
b[568] = -12.9372
b[569] = -177.498
b[570] = -236.191
b[571] = -236.191
b[572] = -236.191
b[573] = -4.36669e+06
b[574] = -264.938
b[575] = -24.5207
b[576] = -236.191
b[577] = -33.6196
b[578] = -35.7208
b[579] = 161.244
b[580] = 319.952
b[581] = 151.153
b[582] = 162.553
b[583] = 151.153
b[584] = 149.477
b[585] = -4.75695e+06
b[586] = 108.49
b[587] = -655.34
b[588] = -35.7208
b[589] = -35.7208
b[590] = -120.757
b[591] = -122.298
b[592] = 156.617
b[593] = -188.888
b[594] = -120.757
b[595] = -123.011
b[596] = -296.78
b[597] = -5.36403e+06
b[598] = -154.582
b[599] = 141.529
b[600] = -195.942
b[601] = -42.0245
b[602] = -272.029
b[603] = -237.424
b[604] = 5.98161
b[605] = -290.256
b[606] = -192.523
b[607] = -232.557
b[608] = -237.424
b[609] = -4.36669e+06
b[610] = -259.875
b[611] = -24.5207
b[612] = -237.424
b[613] = -33.6196
b[614] = 113.301
b[615] = 113.301
b[616] = -62.7884
b[617] = 113.301
b[618] = 113.301
b[619] = -1240.44
b[620] = 113.301
b[621] = -5.16186e+06
b[622] = -390.059
b[623] = 10.4671
b[624] = 113.301
b[625] = -326.458
b[626] = -278.875
b[627] = 8.22471
b[628] = -160.194
b[629] = -326.458
b[630] = -277.373
b[631] = -278.875
b[632] = -5.95705e+06
b[633] = -314.808
b[634] = -35.4105
b[635] = -278.875
b[636] = -46.227
b[637] = 2593.47
b[638] = -252.263
b[639] = 2752.82
b[640] = -309.821
b[641] = 2593.47
b[642] = 2584.03
b[643] = 2580.39
b[644] = -4.75452e+06
b[645] = 2541.36
b[646] = 2818.37
b[647] = 2540.47
b[648] = 2574.93
b[649] = -221.429
b[650] = -222.585
b[651] = 5.60776
b[652] = -272.969
b[653] = -180.49
b[654] = -218.022
b[655] = -222.585
b[656] = -4.16442e+06
b[657] = -243.633
b[658] = -22.9882
b[659] = -222.585
b[660] = -31.5184
b[661] = 137.154
b[662] = 137.154
b[663] = -76.007
b[664] = 137.154
b[665] = 137.154
b[666] = 137.154
b[667] = 137.154
b[668] = 76.4049
b[669] = -459.976
b[670] = 137.154
b[671] = -1029.86
b[672] = -513.009
b[673] = 139.206
b[674] = 4.97933
b[675] = 139.206
b[676] = -383.811
b[677] = 139.206
b[678] = 139.206
b[679] = -6.95458e+06
b[680] = 70.8638
b[681] = -565.412
b[682] = 139.206
b[683] = 139.206
b[684] = 77.5218
b[685] = 77.5218
b[686] = -42.9605
b[687] = 77.5218
b[688] = 77.5218
b[689] = -236.773
b[690] = 77.5218
b[691] = -3.57146e+06
b[692] = -268.94
b[693] = 7.16167
b[694] = 77.5218
b[695] = -48.3282
b[696] = 215.506
b[697] = 440.599
b[698] = 204.501
b[699] = 217.277
b[700] = 214.78
b[701] = 215.506
b[702] = -6.15881e+06
b[703] = 168.227
b[704] = -671.645
b[705] = -48.3282
b[706] = -48.3282
b[707] = -372.705
b[708] = -351.626
b[709] = -595.133
b[710] = -246.479
b[711] = -308.598
b[712] = -372.705
b[713] = -351.626
b[714] = -6.55005e+06
b[715] = -397.406
b[716] = -41.8666
b[717] = -372.705
b[718] = -50.4294
b[719] = -370.975
b[720] = -316.903
b[721] = 9.34626
b[722] = -182.038
b[723] = -369.049
b[724] = -312.787
b[725] = -316.903
b[726] = -6.75225e+06
b[727] = -357.046
b[728] = -38.3136
b[729] = -369.049
b[730] = -52.5306
b[731] = -385.814
b[732] = -189.32
b[733] = 74.4001
b[734] = -189.32
b[735] = -385.814
b[736] = -189.32
b[737] = -189.32
b[738] = -6.95452e+06
b[739] = -241.615
b[740] = -41.8488
b[741] = -189.32
b[742] = -54.6319
b[743] = -416.759
b[744] = -419.378
b[745] = -101.961
b[746] = -504.525
b[747] = -416.759
b[748] = -439.951
b[749] = -442.912
b[750] = -8.94947e+06
b[751] = 29.1275
b[752] = -1119.37
b[753] = -71.4417
b[754] = 178.896
b[755] = 178.896
b[756] = -99.1395
b[757] = 178.896
b[758] = 178.896
b[759] = -403.431
b[760] = 178.896
b[761] = -487.266
b[762] = 178.896
b[763] = -1064.82
b[764] = -579.728
b[765] = -140.946
b[766] = -697.432
b[767] = -576.108
b[768] = -608.168
b[769] = -612.26
b[770] = -1.23325e+07
b[771] = -693.063
b[772] = -2821.1
b[773] = -1547.36
b[774] = -98.7576
b[775] = -667.754
b[776] = -667.754
b[777] = -499.212
b[778] = -664.288
b[779] = -667.754
b[780] = -1.17397e+07
b[781] = -143.69
b[782] = -1349.91
b[783] = -94.5551
b[784] = -675.35
b[785] = -712.271
b[786] = 17.9448
b[787] = -864.019
b[788] = -577.568
b[789] = -688.114
b[790] = -712.271
b[791] = -2.16682e+07
b[792] = -772.032
b[793] = -45.8629
b[794] = -712.271
b[795] = 256.418
b[796] = 256.418
b[797] = -142.1
b[798] = 256.418
b[799] = 259.73
b[800] = 256.418
b[801] = 176.648
b[802] = 23.6886
b[803] = 256.418
b[804] = -1041.74
b[805] = -389.255
b[806] = -389.255
b[807] = -112.358
b[808] = -389.255
b[809] = -389.255
b[810] = -389.255
b[811] = -472.785
b[812] = -1310.68
b[813] = -389.255
b[814] = -2153.11
b[815] = -708.993
b[816] = -638.076
b[817] = -477.025
b[818] = -634.764
b[819] = -638.076
b[820] = -1.13352e+07
b[821] = -145.078
b[822] = -1597.59
b[823] = -90.3527
b[824] = -306.194
b[825] = -308.273
b[826] = 70.5479
b[827] = -394.883
b[828] = -306.194
b[829] = -308.273
b[830] = -400.653
b[831] = -1.21884e+07
b[832] = -346.179
b[833] = 40.2747
b[834] = -308.273
b[835] = -408.024
b[836] = -410.257
b[837] = 10.8417
b[838] = -273.887
b[839] = -348.948
b[840] = -455.8
b[841] = -430.331
b[842] = -7.74978e+06
b[843] = -516.282
b[844] = -41.2471
b[845] = -45.0212
b[846] = -511.938
b[847] = 161.376
b[848] = 24.4242
b[849] = -88.0566
b[850] = -171.717
b[851] = 587.969
b[852] = -57.813
b[853] = -102.96
b[854] = -869.31
b[855] = -872.853
b[856] = -152.014
b[857] = -1019.67
b[858] = -679.05
b[859] = -714.35
b[860] = -682.593
b[861] = -1.21306e+07
b[862] = -260.756
b[863] = -869.31
b[864] = -309.115
b[865] = -309.115
b[866] = -309.115
b[867] = -309.115
b[868] = -309.115
b[869] = -7.15718e+06
b[870] = -1040.83
b[871] = -1952.88
b[872] = -56.7331
b[873] = -1066.57
b[874] = 76.2761
b[875] = 501.085
b[876] = -52.7497
b[877] = -587.196
b[878] = 29.8099
b[879] = 43.0517
b[880] = -1.25342e+07
b[881] = -42.0473
b[882] = -3410.64
b[883] = -1318.52
b[884] = -100.859
b[885] = 409.337
b[886] = 409.337
b[887] = 583.442
b[888] = 409.337
b[889] = 409.337
b[890] = 409.337
b[891] = -430.785
b[892] = 409.337
b[893] = -65.138
b[894] = 155.044
b[895] = 155.044
b[896] = -85.9209
b[897] = 155.044
b[898] = 155.044
b[899] = -473.547
b[900] = 155.044
b[901] = -6.95453e+06
b[902] = -528.108
b[903] = 155.044
b[904] = -416.759
b[905] = -419.378
b[906] = -504.525
b[907] = -416.759
b[908] = -442.912
b[909] = -8.94947e+06
b[910] = 29.1275
b[911] = -1119.37
b[912] = -71.4417
b[913] = -159.408
b[914] = -385.814
b[915] = 203.38
b[916] = -245.554
b[917] = -159.408
b[918] = -162.231
b[919] = -161.411
b[920] = -6.95435e+06
b[921] = -200.425
b[922] = 181.564
b[923] = -245.554
b[924] = -54.6319
b[925] = -637.309
b[926] = -640.698
b[927] = -1091.08
b[928] = -459.312
b[929] = -580.486
b[930] = -683.292
b[931] = -644.648
b[932] = -709.594
b[933] = -76.2485
b[934] = -683.292
b[935] = -683.292
b[936] = -306.44
b[937] = -308.366
b[938] = -74.9715
b[939] = -370.975
b[940] = -306.44
b[941] = -323.494
b[942] = -325.67
b[943] = -6.75226e+06
b[944] = -376.406
b[945] = -1500.58
b[946] = -823.066
b[947] = -52.5306
b[948] = 647.017
b[949] = 647.017
b[950] = 922.214
b[951] = 647.017
b[952] = 647.017
b[953] = 647.017
b[954] = -680.918
b[955] = 647.017
b[956] = -102.96
b[957] = 280.271
b[958] = 280.271
b[959] = -155.319
b[960] = 280.271
b[961] = 280.271
b[962] = 280.271
b[963] = 280.271
b[964] = 166.367
b[965] = -939.952
b[966] = 280.271
b[967] = -2104.49
b[968] = -680.762
b[969] = -684.382
b[970] = -1165.47
b[971] = -490.628
b[972] = -621.269
b[973] = -729.88
b[974] = -688.601
b[975] = -802.613
b[976] = -81.4472
b[977] = -729.88
b[978] = -98.7576
b[979] = -433.176
b[980] = -534.203
b[981] = 69.1456
b[982] = -551.429
b[983] = -433.176
b[984] = -433.012
b[985] = -433.176
b[986] = -9.54239e+06
b[987] = 28.7812
b[988] = -433.176
b[989] = -75.6441
b[990] = -643.04
b[991] = -578.72
b[992] = -432.651
b[993] = -575.716
b[994] = -578.72
b[995] = -1.03377e+07
b[996] = -915.442
b[997] = -2232.84
b[998] = -81.9478
b[999] = -519.364
b[1000] = -519.364
b[1001] = -519.364
b[1002] = -519.364
b[1003] = -519.364
b[1004] = -9.34019e+06
b[1005] = -56.3349
b[1006] = -519.364
b[1007] = -399.409
b[1008] = -401.72
b[1009] = 19.1922
b[1010] = -283.331
b[1011] = -360.98
b[1012] = -411.33
b[1013] = -445.17
b[1014] = -7.95205e+06
b[1015] = -487.266
b[1016] = -63.0368
b[1017] = 267.734
b[1018] = 265.578
b[1019] = 526.979
b[1020] = 248.957
b[1021] = 267.734
b[1022] = 248.957
b[1023] = -1079.38
b[1024] = -58.8343
b[1025] = -58.8343
b[1026] = 149.08
b[1027] = 149.08
b[1028] = -82.6163
b[1029] = 149.08
b[1030] = 149.08
b[1031] = -455.333
b[1032] = 149.08
b[1033] = -6.75226e+06
b[1034] = -511.179
b[1035] = 149.08
b[1036] = -492.466
b[1037] = -495.085
b[1038] = -843.106
b[1039] = -354.923
b[1040] = -444.542
b[1041] = -527.998
b[1042] = -498.137
b[1043] = -549.703
b[1044] = -58.9193
b[1045] = -71.4417
b[1046] = -516.669
b[1047] = -519.364
b[1048] = 13.0848
b[1049] = -653.959
b[1050] = -445.37
b[1051] = -508.719
b[1052] = -543.591
b[1053] = -1.57997e+07
b[1054] = -568.477
b[1055] = -53.6391
b[1056] = -519.364
b[1057] = -385.814
b[1058] = -329.579
b[1059] = 9.72011
b[1060] = -189.32
b[1061] = -385.814
b[1062] = -324.592
b[1063] = -329.579
b[1064] = -6.95452e+06
b[1065] = -41.8488
b[1066] = -387.816
b[1067] = -54.6319
b[1068] = 577.173
b[1069] = 573.938
b[1070] = 461.041
b[1071] = 577.173
b[1072] = 544.867
b[1073] = -1.09433e+07
b[1074] = 35.981
b[1075] = -1382.75
b[1076] = 531.374
b[1077] = -649.526
b[1078] = -652.915
b[1079] = -14.0063
b[1080] = -823.03
b[1081] = -559.893
b[1082] = -652.915
b[1083] = -683.371
b[1084] = -1.98625e+07
b[1085] = -709.594
b[1086] = -67.432
b[1087] = -652.915
b[1088] = 161.007
b[1089] = 161.007
b[1090] = -89.2256
b[1091] = 161.007
b[1092] = 161.007
b[1093] = -491.76
b[1094] = 161.007
b[1095] = -7.1568e+06
b[1096] = -545.038
b[1097] = -487.145
b[1098] = -579.753
b[1099] = -77.7293
b[1100] = -685.586
b[1101] = -487.145
b[1102] = -487.145
b[1103] = -487.145
b[1104] = -8.74735e+06
b[1105] = -535.992
b[1106] = -121.597
b[1107] = -487.145
b[1108] = -649.526
b[1109] = -652.915
b[1110] = 16.4494
b[1111] = -792.574
b[1112] = -649.526
b[1113] = -632.244
b[1114] = -649.526
b[1115] = -1.15374e+07
b[1116] = -67.432
b[1117] = -649.526
b[1118] = -92.4539
b[1119] = -538.088
b[1120] = -538.088
b[1121] = -155.319
b[1122] = -538.088
b[1123] = -538.088
b[1124] = -538.088
b[1125] = -651.993
b[1126] = -1811.82
b[1127] = -538.088
b[1128] = -2976.36
b[1129] = -679.05
b[1130] = -682.593
b[1131] = 17.1971
b[1132] = -829.409
b[1133] = -553.503
b[1134] = -660.179
b[1135] = -679.05
b[1136] = -1.21304e+07
b[1137] = -744.61
b[1138] = -70.4971
b[1139] = -679.05
b[1140] = -96.6564
b[1141] = 363.354
b[1142] = 360.427
b[1143] = 715.186
b[1144] = 337.871
b[1145] = 363.354
b[1146] = 337.871
b[1147] = -1464.88
b[1148] = -79.8466
b[1149] = -79.8466
b[1150] = -537.622
b[1151] = -608.398
b[1152] = -718.608
b[1153] = -537.622
b[1154] = -537.622
b[1155] = -1.07422e+07
b[1156] = -62.8343
b[1157] = -537.622
b[1158] = -521.434
b[1159] = -524.207
b[1160] = -892.7
b[1161] = -375.8
b[1162] = -471.73
b[1163] = -559.057
b[1164] = -527.439
b[1165] = -584.719
b[1166] = -62.3851
b[1167] = -559.057
b[1168] = -75.6441
b[1169] = 172.933
b[1170] = 172.933
b[1171] = -95.8349
b[1172] = 172.933
b[1173] = 172.933
b[1174] = -528.187
b[1175] = 172.933
b[1176] = -7.74973e+06
b[1177] = -588.668
b[1178] = 172.933
b[1179] = 292.198
b[1180] = 292.198
b[1181] = -161.928
b[1182] = 292.198
b[1183] = 295.972
b[1184] = 292.198
b[1185] = 292.198
b[1186] = 208.537
b[1187] = 26.994
b[1188] = 292.198
b[1189] = -1187.1
b[1190] = 115.315
b[1191] = -400.653
b[1192] = 10.094
b[1193] = -487.262
b[1194] = 115.315
b[1195] = 115.315
b[1196] = 115.315
b[1197] = -7.157e+06
b[1198] = 46.9727
b[1199] = -41.3787
b[1200] = 115.315
b[1201] = -430.331
b[1202] = -95.8349
b[1203] = -430.331
b[1204] = -450.351
b[1205] = -5.3417e+06
b[1206] = -1.30912e+07
b[1207] = -5.34122e+06
b[1208] = -343.213
b[1209] = -345.37
b[1210] = -415.492
b[1211] = -343.213
b[1212] = -364.751
b[1213] = -7.54746e+06
b[1214] = 23.9873
b[1215] = -921.833
b[1216] = -58.8343
b[1217] = -378.141
b[1218] = -378.141
b[1219] = 86.3707
b[1220] = -534.203
b[1221] = -378.141
b[1222] = -378.141
b[1223] = -3046.98
b[1224] = -1.62512e+07
b[1225] = -469.265
b[1226] = 149.08
b[1227] = 149.08
b[1228] = -82.6163
b[1229] = 149.08
b[1230] = 149.08
b[1231] = -455.333
b[1232] = 149.08
b[1233] = -6.75226e+06
b[1234] = -511.179
b[1235] = 149.08
b[1236] = -294.183
b[1237] = -296.031
b[1238] = -356.136
b[1239] = -294.183
b[1240] = -1073.22
b[1241] = -790.143
b[1242] = -50.4294
b[1243] = -105.749
b[1244] = -582.827
b[1245] = -649.228
b[1246] = 190.823
b[1247] = -354.287
b[1248] = -356.136
b[1249] = -226.665
b[1250] = -356.136
b[1251] = -356.136
b[1252] = -6.55003e+06
b[1253] = -36.7811
b[1254] = -357.984
b[1255] = -311.963
b[1256] = -400.653
b[1257] = -400.653
b[1258] = -311.963
b[1259] = -314.043
b[1260] = -7.15681e+06
b[1261] = 42.1229
b[1262] = -400.653
b[1263] = -343.461
b[1264] = -99.1395
b[1265] = -343.461
b[1266] = -343.461
b[1267] = -1156.48
b[1268] = -343.461
b[1269] = -1899.81
b[1270] = -66.093
b[1271] = 119.264
b[1272] = -364.267
b[1273] = 119.264
b[1274] = -406.989
b[1275] = 9.47953e+06
b[1276] = 1.26394e+07
b[1277] = -346.626
b[1278] = -348.937
b[1279] = -445.17
b[1280] = -346.626
b[1281] = -607.008
b[1282] = -1.35426e+07
b[1283] = -348.937
b[1284] = -351.745
b[1285] = -353.67
b[1286] = -236.109
b[1287] = -300.817
b[1288] = -370.975
b[1289] = -1.12855e+07
b[1290] = -109.71
b[1291] = -379.884
b[1292] = -381.964
b[1293] = 10.094
b[1294] = -254.998
b[1295] = -324.882
b[1296] = -392.44
b[1297] = -400.653
b[1298] = -7.157e+06
b[1299] = -477.644
b[1300] = -1156.48
b[1301] = -343.461
b[1302] = -1899.81
b[1303] = -492.442
b[1304] = -495.138
b[1305] = 13.0848
b[1306] = -330.553
b[1307] = -421.144
b[1308] = -506.535
b[1309] = -519.364
b[1310] = -9.34039e+06
b[1311] = -622.425
b[1312] = -281.925
b[1313] = -283.697
b[1314] = -341.297
b[1315] = -281.925
b[1316] = 19.7039
b[1317] = -757.22
b[1318] = -311.664
b[1319] = -311.664
b[1320] = -311.664
b[1321] = -311.664
b[1322] = -489.686
b[1323] = -1.48969e+07
b[1324] = -269.668
b[1325] = -271.362
b[1326] = -326.458
b[1327] = -269.668
b[1328] = -724.298
b[1329] = -125.577
b[1330] = -692.107
b[1331] = -760.576
b[1332] = 226.602
b[1333] = 2397.54
b[1334] = -356.136
b[1335] = -356.136
b[1336] = 2397.54
b[1337] = 2395.69
b[1338] = -1.08341e+07
b[1339] = 2395.69
b[1340] = -109.053
b[1341] = -601.04
b[1342] = -666.157
b[1343] = 4919.59
b[1344] = 4919.59
b[1345] = -460.008
b[1346] = -1.39941e+07
b[1347] = -343.213
b[1348] = -345.37
b[1349] = -415.492
b[1350] = -343.213
b[1351] = 23.9873
b[1352] = -921.833
b[1353] = -379.986
b[1354] = -382.374
b[1355] = -460.008
b[1356] = -379.986
b[1357] = -1860.72
b[1358] = -1020.6
b[1359] = -65.138
b[1360] = -367.729
b[1361] = -370.039
b[1362] = -367.729
b[1363] = 25.7007
b[1364] = -987.679
b[1365] = -416.759
b[1366] = -416.759
b[1367] = -2040.79
b[1368] = -1119.37
b[1369] = -71.4417
b[1370] = -400.653
b[1371] = -611.707
b[1372] = -690.657
b[1373] = -398.573
b[1374] = -888.911
b[1375] = -416.889
b[1376] = 396.133
b[1377] = -63.0368
b[1378] = 842.434
b[1379] = -173.749
b[1380] = -349.442
b[1381] = -725.37
b[1382] = -549.042
b[1383] = -9.74495e+06
b[1384] = -795.123
b[1385] = -416.759
b[1386] = -419.378
b[1387] = -504.525
b[1388] = -416.759
b[1389] = -442.912
b[1390] = -8.94947e+06
b[1391] = 29.1275
b[1392] = -1119.37
b[1393] = 229.487
b[1394] = 229.487
b[1395] = -925.186
b[1396] = -50.4294
b[1397] = -50.4294
b[1398] = 9.47953e+06
b[1399] = -212.698
b[1400] = -214.777
b[1401] = 34.165
b[1402] = -233.928
b[1403] = -212.698
b[1404] = -233.928
b[1405] = -400.653
b[1406] = -7.15685e+06
b[1407] = -285.606
b[1408] = -269.668
b[1409] = -271.362
b[1410] = -326.458
b[1411] = -269.668
b[1412] = 18.8472
b[1413] = -724.298
b[1414] = 145.212
b[1415] = -504.525
b[1416] = -595.919
b[1417] = 145.212
b[1418] = 145.212
b[1419] = -8.94972e+06
b[1420] = -52.1065
b[1421] = 145.212
b[1422] = -709.36
b[1423] = -459.128
b[1424] = -1021.11
b[1425] = -56.7331
b[1426] = 1852.5
b[1427] = 1850.65
b[1428] = 1786.14
b[1429] = 1852.5
b[1430] = -356.136
b[1431] = -1.08341e+07
b[1432] = -442.859
b[1433] = -445.17
b[1434] = -445.17
b[1435] = -442.859
b[1436] = -442.859
b[1437] = -7.95205e+06
b[1438] = -45.9763
b[1439] = -442.859
b[1440] = -283.082
b[1441] = 214.676
b[1442] = 214.676
b[1443] = -118.967
b[1444] = 214.676
b[1445] = 214.676
b[1446] = -655.68
b[1447] = 214.676
b[1448] = -726.717
b[1449] = 214.676
b[1450] = 0
b[1451] = 0
b[1452] = 0
b[1453] = 0
b[1454] = 0
b[1455] = 0
b[1456] = 0
b[1457] = 0
b[1458] = 0
b[1459] = 0
b[1460] = 0
b[1461] = 0
b[1462] = 0
b[1463] = 0
b[1464] = 0
b[1465] = 0
b[1466] = 0
b[1467] = 0
b[1468] = 68.3592
b[1469] = 0
b[1470] = 68.3592
b[1471] = 0
b[1472] = 68.3592
b[1473] = 68.3592
b[1474] = 0
b[1475] = 0
b[1476] = 0
b[1477] = 0
b[1478] = 0
b[1479] = 0
b[1480] = 0
b[1481] = 0
b[1482] = 0
b[1483] = 0
b[1484] = 0
b[1485] = 0
b[1486] = 0
b[1487] = 0
b[1488] = 0
b[1489] = 0
b[1490] = 0
b[1491] = 0
b[1492] = 5.65169e+06
b[1493] = 5.65169e+06
b[1494] = 5.65169e+06
b[1495] = 5.65169e+06
b[1496] = 5.65169e+06
b[1497] = 5.65169e+06
b[1498] = 293.142
b[1499] = 293.142
b[1500] = 227.809
b[1501] = 227.809
b[1502] = 0
b[1503] = 0
b[1504] = 0
b[1505] = 0
b[1506] = 0
b[1507] = 0
b[1508] = 0
b[1509] = 0
b[1510] = 0
b[1511] = 0
b[1512] = 0
b[1513] = 0
b[1514] = 0
b[1515] = 0
b[1516] = 0
b[1517] = 0
b[1518] = 0
b[1519] = 0
b[1520] = 0
b[1521] = 0
b[1522] = 0
b[1523] = 0
b[1524] = 0
b[1525] = 0
b[1526] = 0
b[1527] = 0
b[1528] = 0
b[1529] = 0
b[1530] = 0
b[1531] = 0
b[1532] = 0
b[1533] = 0
b[1534] = 0
b[1535] = 0
b[1536] = 0
b[1537] = 0
b[1538] = 0
b[1539] = 0
b[1540] = 0
b[1541] = 0
b[1542] = 0
b[1543] = 0
b[1544] = 0
b[1545] = 0
b[1546] = 0
b[1547] = 0
b[1548] = 0
b[1549] = 0
b[1550] = 0
b[1551] = 0
b[1552] = 0
b[1553] = 0
b[1554] = 0
b[1555] = 0
b[1556] = 0
b[1557] = 0
b[1558] = 0
b[1559] = -1.92157e+08
b[1560] = -1.92157e+08
b[1561] = -1.92157e+08
b[1562] = 0
b[1563] = -1.92157e+08
b[1564] = 0
b[1565] = 0
b[1566] = 0
b[1567] = 0
b[1568] = 0
b[1569] = 0
b[1570] = 0
b[1571] = 0
b[1572] = 0
b[1573] = 0
b[1574] = 0
b[1575] = 0
b[1576] = 0
b[1577] = 0
b[1578] = 0
b[1579] = 0
b[1580] = 0
b[1581] = 0
b[1582] = 0
b[1583] = 0
b[1584] = 0
b[1585] = 0
b[1586] = 0
b[1587] = 0
b[1588] = 0
b[1589] = 0
b[1590] = 0
b[1591] = 0
b[1592] = 0
b[1593] = 0
b[1594] = 0
b[1595] = 0
b[1596] = 0
b[1597] = 0
b[1598] = 0
b[1599] = 0
b[1600] = 0
b[1601] = 202271
b[1602] = 0
b[1603] = 0
b[1604] = 0
b[1605] = 0
b[1606] = 0
b[1607] = 0
b[1608] = 0
b[1609] = 0
b[1610] = 0
b[1611] = 202271
b[1612] = 0
b[1613] = 0
b[1614] = 0
b[1615] = 0
b[1616] = 0
b[1617] = 0
b[1618] = 0
b[1619] = 0
b[1620] = 0
b[1621] = 0
b[1622] = 202271
b[1623] = 0
b[1624] = 0
b[1625] = 0
b[1626] = 0
b[1627] = 0
b[1628] = 0
b[1629] = 0
b[1630] = 0
b[1631] = 0
b[1632] = 0
b[1633] = 0
b[1634] = 202271
b[1635] = 0
b[1636] = 0
b[1637] = 0
b[1638] = 0
b[1639] = 0
b[1640] = 0
b[1641] = 0
b[1642] = 0
b[1643] = 0
b[1644] = 0
b[1645] = 0
b[1646] = 202271
b[1647] = 0
v:
v[0] = -15.5168
v[1] = 20.1757
v[2] = -12.9372
v[3] = -11.7928
v[4] = -19.4058
v[5] = -11.32
v[6] = 470.517
v[7] = -17.7886
v[8] = -20.3688
v[9] = -20.3688
v[10] = -14.1696
v[11] = 507.774
v[12] = -20.2144
v[13] = -15.3629
v[14] = -8.06876
v[15] = -79.3116
v[16] = -17.7886
v[17] = -16.9801
v[18] = -10.5115
v[19] = -23.0256
v[20] = -15.3629
v[21] = -10.5515
v[22] = -56.1791
v[23] = -18.5972
v[24] = -18.5972
v[25] = -19.4058
v[26] = -9.93078
v[27] = -13.6548
v[28] = -10.5115
v[29] = -13.7458
v[30] = -56.1791
v[31] = 57.5766
v[32] = 102.802
v[33] = -9.93078
v[34] = -13.7458
v[35] = -69.3977
v[36] = -16.9801
v[37] = -17.7886
v[38] = -72.7023
v[39] = -16.9801
v[40] = 41.0735
v[41] = -19.4058
v[42] = -10.5515
v[43] = -11.32
v[44] = -22.14
v[45] = -12.9372
v[46] = 319.952
v[47] = 145.481
v[48] = -12.9372
v[49] = -62.7884
v[50] = -19.4832
v[51] = 2495.79
v[52] = -12.1286
v[53] = -76.007
v[54] = -21.0229
v[55] = -42.9605
v[56] = 432.876
v[57] = -14.8962
v[58] = -20.2144
v[59] = -23.0256
v[60] = -295.882
v[61] = 43.829
v[62] = -409.014
v[63] = -39.8519
v[64] = -38.8116
v[65] = -142.1
v[66] = -598.786
v[67] = -108.998
v[68] = 56.5153
v[69] = -23.4487
v[70] = 642.469
v[71] = -227.454
v[72] = -475.507
v[73] = -396.803
v[74] = 583.442
v[75] = -85.9209
v[76] = -295.882
v[77] = 189.126
v[78] = -27.3096
v[79] = -217.561
v[80] = 922.214
v[81] = -155.319
v[82] = -29.1717
v[83] = 50.4354
v[84] = -98.8583
v[85] = -30.9959
v[86] = 19.1922
v[87] = 526.979
v[88] = -82.6163
v[89] = -21.1029
v[90] = -52.5263
v[91] = -23.0256
v[92] = -365.502
v[93] = -66.033
v[94] = -89.2256
v[95] = -116.749
v[96] = -35.5773
v[97] = -827.734
v[98] = -37.1944
v[99] = 715.186
v[100] = -33.1516
v[101] = -22.3443
v[102] = -95.8349
v[103] = -161.928
v[104] = -21.8315
v[105] = -5.34082e+06
v[106] = -243.668
v[107] = -2541.89
v[108] = -82.6163
v[109] = -208.858
v[110] = -105.749
v[111] = -19.4058
v[112] = 50.7455
v[113] = -528.341
v[114] = -66.093
v[115] = -186.095
v[116] = -20.2144
v[117] = -21.8315
v[118] = -528.341
v[119] = -28.3001
v[120] = -200.156
v[121] = -26.683
v[122] = -191.453
v[123] = -125.577
v[124] = 45.1071
v[125] = -109.053
v[126] = -25.0658
v[127] = -243.668
v[128] = -269.775
v[129] = -261.073
v[130] = -295.882
v[131] = -23.9112
v[132] = 564.621
v[133] = -173.749
v[134] = -295.882
v[135] = 451.697
v[136] = 34.165
v[137] = -191.453
v[138] = -27.4915
v[139] = -56.5932
v[140] = -19.4058
v[141] = -24.2572
v[142] = -118.967
v[143] = -13.9534
v[144] = -14.0304
v[145] = 7.95106e-13
v[146] = -16.7184
v[147] = -13.9534
v[148] = -14.9087
v[149] = -14.0304
v[150] = 0
v[151] = -11.1841
v[152] = -20.938
v[153] = -24.2202
v[154] = -20.9219
v[155] = 0
v[156] = 0
v[157] = 0
v[158] = 0
v[159] = 0
v[160] = 0
v[161] = 0
v[162] = 0
v[163] = 0
v[164] = 0
v[165] = 0
v[166] = 0
v[167] = -3.4832e-13
v[168] = 7.67386e-13
v[169] = -1.57892e-12
v[170] = -0
v[171] = -4.2226e-13
v[172] = 1.50996e-12
v[173] = -6.71161e-13
v[174] = -188387
v[175] = -7.59362
v[176] = 0
v[177] = 0
v[178] = -0
v[179] = 0
v[180] = 0
v[181] = 0
v[182] = -1.04496e-11
v[183] = 0
v[184] = -1.02507e-11
v[185] = 0
v[186] = 2.30216e-11
v[187] = 0
v[188] = 0
v[189] = 0
v[190] = 0
v[191] = 0
v[192] = 0
v[193] = 0
v[194] = 0
v[195] = -4.73522e-11
v[196] = 0
v[197] = 0
v[198] = -0
v[199] = 0
v[200] = 0
v[201] = 0
v[202] = 0
v[203] = 0
v[204] = 0
v[205] = 0
v[206] = -1.26678e-11
v[207] = 0
v[208] = 0
v[209] = 0
v[210] = 0
v[211] = 0
v[212] = 0
v[213] = 4.52987e-11
v[214] = 0
v[215] = 0
v[216] = 0
v[217] = 0
v[218] = 0
v[219] = 0
v[220] = -2.01348e-11
v[221] = 0
v[222] = -8.32712e-09
v[223] = 0
v[224] = 0
v[225] = 0
v[226] = 0
v[227] = 0
v[228] = 0
v[229] = 0
v[230] = -3.01637e-11
v[231] = -0
v[232] = -0
v[233] = 0
v[234] = 0
v[235] = 0
v[236] = 0
v[237] = 0
v[238] = 0
v[239] = 0
v[240] = 0
v[241] = 0
v[242] = 0
v[243] = 0
v[244] = 0
v[245] = -0
v[246] = 7.81816e-13
v[247] = -8.51453e-13
v[248] = -1.92599e-12
v[249] = 4.03802e-13
v[250] = -1.11091e-12
v[251] = -6.46945e-13
v[252] = -1.91901e-12
v[253] = -7.95641e-13
v[254] = -2.02461e-12
v[255] = -1.20138e-12
v[256] = -2.11916e-12
v[257] = -1.08266e-12
v[258] = -202271
v[259] = -9.86777e-13
v[260] = -8.50046e-13
v[261] = 0
v[262] = -6.44957e-13
v[263] = -1.22478e-17
v[264] = 0
v[265] = -1.22478e-17
v[266] = 4.7297e-13
v[267] = -1.22478e-17
v[268] = 4.63966e-13
v[269] = -1.91901e-12
v[270] = -2.70082e-12
v[271] = 0
v[272] = 0
v[273] = -1.68303e-12
v[274] = -8.08099e-13
v[275] = -1.74455e-12
v[276] = -1.74455e-12
v[277] = -1.74455e-12
v[278] = 0
v[279] = 0
v[280] = 3.15269e-13
v[281] = 0
v[282] = 0
v[283] = -0
v[284] = -0
v[285] = -0
v[286] = -0
v[287] = -5.73385e-13
v[288] = -1.9832e-12
v[289] = -5.73385e-13
v[290] = 0
v[291] = -1.60518e-12
v[292] = 0
v[293] = -1.00577e-12
v[294] = -1.00577e-12
v[295] = 0
v[296] = 0
v[297] = -2.67467e-12
v[298] = -1.00577e-12
v[299] = -8.05393e-13
v[300] = -1.86447e-12
v[301] = -8.05393e-13
v[302] = 8.43336e-13
v[303] = 0
v[304] = 0
v[305] = -202271
v[306] = 2.66652e-10
v[307] = -0
v[308] = -3.13709e-11
v[309] = 0
v[310] = -3.13709e-11
v[311] = -9.84289e-13
v[312] = -9.84289e-13
v[313] = -9.84289e-13
v[314] = 0
v[315] = 0
v[316] = 0
v[317] = -0
v[318] = -0
v[319] = 0
v[320] = -0
v[321] = 0
v[322] = 0
v[323] = 0
v[324] = 0
v[325] = 0
v[326] = -0
v[327] = 0
v[328] = -1.04876e-12
v[329] = 0
v[330] = 0
v[331] = 0
v[332] = 0
v[333] = 0
v[334] = 0
v[335] = 0
v[336] = 0
v[337] = 0
v[338] = 0
v[339] = 0
v[340] = 0
v[341] = 0
v[342] = 0
v[343] = 0
v[344] = 0
v[345] = 0
v[346] = -1.16354e-14
v[347] = -1.59888e-09
v[348] = -1.65733e-09
v[349] = 0
v[350] = -5.44716e-10
v[351] = -9.55483e-10
v[352] = -7.65123e-10
v[353] = -1.92157e+08
v[354] = -9.35074e-10
v[355] = -0
v[356] = 0
v[357] = -0
v[358] = 0
v[359] = 0
v[360] = -604.414
v[361] = 0
v[362] = 0
v[363] = 0
v[364] = 0
v[365] = -53.0393
v[366] = -47.6563
v[367] = 0
v[368] = 0
v[369] = 0
v[370] = -39.5815
v[371] = 0
v[372] = 0
v[373] = 0
v[374] = 0
v[375] = 0
v[376] = -31.5412
v[377] = -41.2404
v[378] = 0
v[379] = 0
v[380] = 0
v[381] = 0
v[382] = 0
v[383] = -9.82359
v[384] = 0
v[385] = 0
v[386] = 0
v[387] = -21.0275
v[388] = -22.4312
v[389] = 0
v[390] = 0
v[391] = 0
v[392] = 0
v[393] = -96.7186
v[394] = 0
v[395] = 0
v[396] = 0
v[397] = 0
v[398] = 0
v[399] = 0
v[400] = 0
v[401] = 0
v[402] = -1.84856
v[403] = 0
v[404] = 0
v[405] = 0
v[406] = 0
v[407] = 0
v[408] = 0
v[409] = 0
v[410] = 0
v[411] = 0
v[412] = 0
v[413] = 0
v[414] = -1.1861e-12
v[415] = 0
v[416] = -10.3046
v[417] = 0
v[418] = 0
v[419] = 0
v[420] = -20.3681
v[421] = -13.9321
v[422] = 0
v[423] = 0
v[424] = -174.213
v[425] = 0
v[426] = 0
v[427] = 0
v[428] = 0
v[429] = 0
v[430] = 0
v[431] = 0
v[432] = 0
v[433] = -1729.76
v[434] = 0
v[435] = -109.322
v[436] = 0
v[437] = 0
v[438] = 0
v[439] = 0
v[440] = 0
v[441] = 0
v[442] = -28.2565
v[443] = 0
v[444] = 0
v[445] = 0
v[446] = 0
v[447] = 0
v[448] = 0
v[449] = 0
v[450] = 1.33937e-12
v[451] = 0
v[452] = 0
v[453] = 0
v[454] = 0
v[455] = 0
v[456] = 0
v[457] = 0
v[458] = 0
v[459] = 0
v[460] = 0
v[461] = 1.33937e-12
v[462] = 0
v[463] = 0
v[464] = 0
v[465] = 0
v[466] = 0
v[467] = 0
v[468] = 0
v[469] = 0
v[470] = 0
v[471] = 0
v[472] = 9.50351e-13
v[473] = 0
v[474] = 0
v[475] = 0
v[476] = 0
v[477] = 0
v[478] = 0
v[479] = 0
v[480] = 0
v[481] = 0
v[482] = 0
v[483] = 0
v[484] = 0
v[485] = -522.329
v[486] = -546.641
v[487] = -19.3091
v[488] = 0
v[489] = 0
v[490] = -124.229
v[491] = 0
v[492] = 0
v[493] = 0
v[494] = 0
v[495] = 0
v[496] = 0
v[497] = -31.8709
v[498] = 0
v[499] = 0
v[500] = 0
v[501] = 0
v[502] = 0
v[503] = 0
v[504] = -11.3807
v[505] = 0
v[506] = 0
v[507] = 0
v[508] = -24.642
v[509] = -27.5863
v[510] = 0
v[511] = 0
v[512] = 0
v[513] = 0
v[514] = -314.295
v[515] = 0
v[516] = 0
v[517] = 0
v[518] = 0
v[519] = -22.4903
v[520] = 0
v[521] = 0
v[522] = 0
v[523] = 0
v[524] = 0
v[525] = 0
v[526] = 0
v[527] = 0
v[528] = 0
v[529] = 0
v[530] = 0
v[531] = 0
v[532] = 0
v[533] = -21.2234
v[534] = -109.322
v[535] = 0
v[536] = 0
v[537] = -12.9378
v[538] = 0
v[539] = 0
v[540] = 0
v[541] = -28.2565
v[542] = -37.8037
v[543] = 0
v[544] = 0
v[545] = -104.352
v[546] = 0
v[547] = 0
v[548] = 0
v[549] = 0
v[550] = 0
v[551] = 0
v[552] = -27.9268
v[553] = -36.0854
v[554] = 0
v[555] = 0
v[556] = -29.1184
v[557] = 0
v[558] = 0
v[559] = -19.2434
v[560] = 0
v[561] = 0
v[562] = 0
v[563] = -17.413
v[564] = -17.2762
v[565] = 0
v[566] = 0
v[567] = 0
v[568] = 0
v[569] = 0
v[570] = 0
v[571] = 1.49925e-12
v[572] = 0
v[573] = 0
v[574] = 0
v[575] = 0
v[576] = 0
v[577] = 0
v[578] = 0
v[579] = 0
v[580] = -0.133088
v[581] = 0
v[582] = 0
v[583] = 0
v[584] = 0
v[585] = 0
v[586] = 0
v[587] = 0
v[588] = 0
v[589] = 0
v[590] = -411.001
v[591] = 0
v[592] = 0
v[593] = 0
v[594] = 0
v[595] = -36.0583
v[596] = -14.8531
v[597] = 0
v[598] = 0
v[599] = 0
v[600] = 0
v[601] = 0
v[602] = 0
v[603] = 0
v[604] = -4.17586e-11
v[605] = 0
v[606] = 0
v[607] = -56.737
v[608] = 0
v[609] = 0
v[610] = -114.291
v[611] = 0
v[612] = 0
v[613] = 0
v[614] = 0
v[615] = 0
v[616] = 0
v[617] = -28.5862
v[618] = 0
v[619] = -54.5768
v[620] = 0
v[621] = -114.291
v[622] = 0
v[623] = 0
v[624] = -13.5416
v[625] = 0
v[626] = 0
v[627] = 0
v[628] = 0
v[629] = 0
v[630] = 0
v[631] = 0
v[632] = 0
v[633] = 0
v[634] = 0
v[635] = 0
v[636] = -1.84856
v[637] = 0
v[638] = 0
v[639] = -31.5412
v[640] = -33.6468
v[641] = 0
v[642] = 0
v[643] = 0
v[644] = 0
v[645] = -386.825
v[646] = 0
v[647] = 0
v[648] = 0
v[649] = 0
v[650] = -31.3536
v[651] = -10.559
v[652] = 0
v[653] = 0
v[654] = 0
v[655] = 0
v[656] = -531.884
v[657] = 0
v[658] = 0
v[659] = 0
v[660] = 0
v[661] = -46.8846
v[662] = -36.3234
v[663] = 0
v[664] = 0
v[665] = -1.0013
v[666] = 0
v[667] = 0
v[668] = -19.2434
v[669] = 0
v[670] = 0
v[671] = 0
v[672] = 0
v[673] = 0
v[674] = 0
v[675] = 0
v[676] = 0
v[677] = 0
v[678] = 0
v[679] = -11.8617
v[680] = 0
v[681] = 0
v[682] = 0
v[683] = -23.9826
v[684] = -19.0872
v[685] = 0
v[686] = 0
v[687] = 0
v[688] = 0
v[689] = 0
v[690] = 0
v[691] = 0
v[692] = -4.17586e-11
v[693] = 0
v[694] = 0
v[695] = -56.737
v[696] = 0
v[697] = 0
v[698] = 0
v[699] = 0
v[700] = 0
v[701] = 0
v[702] = 0
v[703] = 0
v[704] = -72.9395
v[705] = -97.5815
v[706] = 0
v[707] = 0
v[708] = 0
v[709] = 0
v[710] = 0
v[711] = -8.23941
v[712] = 0
v[713] = 0
v[714] = -113.314
v[715] = -25.6524
v[716] = -22.3115
v[717] = 0
v[718] = 0
v[719] = 0
v[720] = 0
v[721] = -386.825
v[722] = 0
v[723] = 0
v[724] = 0
v[725] = 0
v[726] = -31.3536
v[727] = -10.559
v[728] = 0
v[729] = 0
v[730] = -38.0779
v[731] = 0
v[732] = 0
v[733] = -11.8617
v[734] = 0
v[735] = 0
v[736] = 0
v[737] = -23.9826
v[738] = -19.0872
v[739] = 0
v[740] = 0
v[741] = 0
v[742] = 0
v[743] = 0
v[744] = 0
v[745] = 0
v[746] = -4.97096e-11
v[747] = 0
v[748] = 0
v[749] = -68.6778
v[750] = 0
v[751] = 0
v[752] = -104.352
v[753] = 0
v[754] = 0
v[755] = 0
v[756] = 0
v[757] = 0
v[758] = 0
v[759] = -27.9268
v[760] = -36.0854
v[761] = 0
v[762] = 0
v[763] = -109.322
v[764] = 0
v[765] = 0
v[766] = 0
v[767] = 0
v[768] = 0
v[769] = 0
v[770] = 0
v[771] = 0
v[772] = 0
v[773] = 0
v[774] = 0
v[775] = 0
v[776] = 0
v[777] = 0
v[778] = 0
v[779] = -5.0747e-11
v[780] = 0
v[781] = 0
v[782] = -71.1185
v[783] = 0
v[784] = 0
v[785] = -104.352
v[786] = 0
v[787] = 0
v[788] = 0
v[789] = 0
v[790] = 0
v[791] = 0
v[792] = -27.9268
v[793] = -36.0854
v[794] = 0
v[795] = 0
v[796] = -146.048
v[797] = 0
v[798] = -117.08
v[799] = 0
v[800] = 0
v[801] = 0
v[802] = 0
v[803] = -48.061
v[804] = -40.6174
v[805] = 0
v[806] = 0
v[807] = -119.26
v[808] = 0
v[809] = 0
v[810] = 0
v[811] = 0
v[812] = 0
v[813] = 0
v[814] = -31.5412
v[815] = 0
v[816] = 0
v[817] = 0
v[818] = 0
v[819] = 0
v[820] = -411.001
v[821] = 0
v[822] = 0
v[823] = 0
v[824] = 0
v[825] = -36.0583
v[826] = -14.8531
v[827] = 0
v[828] = 0
v[829] = -69.5683
v[830] = 0
v[831] = 0
v[832] = 0
v[833] = 0
v[834] = 0
v[835] = 0
v[836] = -20.3681
v[837] = -24.0569
v[838] = 0
v[839] = 0
v[840] = 0
v[841] = 0
v[842] = 0
v[843] = 0
v[844] = 1.49214e-12
v[845] = 0
v[846] = 0
v[847] = 0
v[848] = 0
v[849] = 0
v[850] = 0
v[851] = -79.5066
v[852] = 0
v[853] = 0
v[854] = 0
v[855] = 0
v[856] = 0
v[857] = 0
v[858] = -21.0275
v[859] = -27.4936
v[860] = 0
v[861] = 0
v[862] = -118.465
v[863] = 0
v[864] = 0
v[865] = 0
v[866] = 0
v[867] = 0
v[868] = 0
v[869] = 0
v[870] = 0
v[871] = -619.345
v[872] = 0
v[873] = 0
v[874] = 0
v[875] = 0
v[876] = 0
v[877] = 0
v[878] = 0
v[879] = -161.653
v[880] = -49.3729
v[881] = -23.2269
v[882] = 0
v[883] = 0
v[884] = -35.838
v[885] = 0
v[886] = 0
v[887] = -9.82359
v[888] = 0
v[889] = 0
v[890] = 0
v[891] = -21.0275
v[892] = -22.4312
v[893] = 0
v[894] = 0
v[895] = 0
v[896] = 0
v[897] = 0
v[898] = 0
v[899] = 0
v[900] = -2434.16
v[901] = 0
v[902] = 0
v[903] = -61.6185
v[904] = 0
v[905] = 0
v[906] = 0
v[907] = 0
v[908] = 0
v[909] = 0
v[910] = 1.32871e-12
v[911] = 0
v[912] = 0
v[913] = 0
v[914] = 0
v[915] = 0
v[916] = 0
v[917] = 0
v[918] = -2509.54
v[919] = 0
v[920] = -2521.4
v[921] = 0
v[922] = 0
v[923] = 0
v[924] = 0
v[925] = 0
v[926] = 0
v[927] = 0
v[928] = 0
v[929] = 0
v[930] = 0
v[931] = -10.0641
v[932] = 0
v[933] = 0
v[934] = 0
v[935] = -20.6978
v[936] = -18.1817
v[937] = 0
v[938] = 0
v[939] = 0
v[940] = 0
v[941] = 0
v[942] = 0
v[943] = 0
v[944] = 0
v[945] = 0
v[946] = 0
v[947] = 0
v[948] = -472.647
v[949] = -129.198
v[950] = 0
v[951] = 0
v[952] = 0
v[953] = 0
v[954] = 0
v[955] = 0
v[956] = -32.2007
v[957] = 0
v[958] = 0
v[959] = 0
v[960] = 0
v[961] = 0
v[962] = 0
v[963] = 0
v[964] = 0
v[965] = -3.00133e-11
v[966] = 0
v[967] = 0
v[968] = -42.6185
v[969] = 0
v[970] = 0
v[971] = -160.276
v[972] = 0
v[973] = 0
v[974] = 0
v[975] = 0
v[976] = 0
v[977] = 0
v[978] = 0
v[979] = 0
v[980] = -622.946
v[981] = 0
v[982] = -22.9271
v[983] = 0
v[984] = -580.237
v[985] = 0
v[986] = 0
v[987] = 0
v[988] = 0
v[989] = -54.4684
v[990] = -45.7501
v[991] = 0
v[992] = 0
v[993] = -1.92558
v[994] = 0
v[995] = 0
v[996] = 0
v[997] = 0
v[998] = 0
v[999] = 0
v[1000] = 0
v[1001] = 0
v[1002] = 0
v[1003] = 0
v[1004] = 0
v[1005] = 0
v[1006] = 0
v[1007] = 0
v[1008] = 1.49925e-12
v[1009] = 0
v[1010] = 0
v[1011] = 0
v[1012] = 0
v[1013] = 0
v[1014] = 0
v[1015] = 0
v[1016] = 0
v[1017] = 0
v[1018] = 0
v[1019] = 0
v[1020] = 0
v[1021] = 0
v[1022] = 0
v[1023] = 0
v[1024] = 0
v[1025] = 0
v[1026] = 0
v[1027] = -142.969
v[1028] = 0
v[1029] = 0
v[1030] = 0
v[1031] = 0
v[1032] = -119.637
v[1033] = 0
v[1034] = -2.81943e-11
v[1035] = 0
v[1036] = 0
v[1037] = 0
v[1038] = 0
v[1039] = 0
v[1040] = 0
v[1041] = 0
v[1042] = 0
v[1043] = -1427.99
v[1044] = 0
v[1045] = 0
v[1046] = 0
v[1047] = 0
v[1048] = 0
v[1049] = 0
v[1050] = -48.1259
v[1051] = 0
v[1052] = 0
v[1053] = 0
v[1054] = 0
v[1055] = 0
v[1056] = -22.7223
v[1057] = 0
v[1058] = 0
v[1059] = 0
v[1060] = -9.13338e+06
v[1061] = -82.4809
v[1062] = 0
v[1063] = 0
v[1064] = 0
v[1065] = 0
v[1066] = 0
v[1067] = 0
v[1068] = 0
v[1069] = 0
v[1070] = 0
v[1071] = -3.63798e-12
v[1072] = 0
v[1073] = 0
v[1074] = 0
v[1075] = 0
v[1076] = 0
v[1077] = 0
v[1078] = 0
v[1079] = 0
v[1080] = -842.982
v[1081] = 0
v[1082] = 0
v[1083] = 0
v[1084] = 0
v[1085] = 0
v[1086] = -47.6205
v[1087] = 0
v[1088] = 0
v[1089] = 0
v[1090] = 0
v[1091] = 0
v[1092] = 0
v[1093] = 0
v[1094] = 0
v[1095] = -78.3468
v[1096] = -5.03164e+06
v[1097] = -32.3817
v[1098] = 0
v[1099] = 0
v[1100] = 0
v[1101] = 0
v[1102] = 0
v[1103] = 0
v[1104] = -7.7307e-11
v[1105] = 0
v[1106] = -35.8151
v[1107] = -92.5592
v[1108] = 0
v[1109] = 0
v[1110] = -1154.41
v[1111] = 0
v[1112] = 0
v[1113] = 0
v[1114] = -152.263
v[1115] = 0
v[1116] = 0
v[1117] = 0
v[1118] = 0
v[1119] = 0
v[1120] = -23.1659
v[1121] = 0
v[1122] = 0
v[1123] = 0
v[1124] = -86.387
v[1125] = 0
v[1126] = 0
v[1127] = 0
v[1128] = 0
v[1129] = 0
v[1130] = 0
v[1131] = 0
v[1132] = 0
v[1133] = 0
v[1134] = 0
v[1135] = 0
v[1136] = 0
v[1137] = 0
v[1138] = -502.244
v[1139] = 0
v[1140] = 0
v[1141] = 0
v[1142] = 0
v[1143] = 0
v[1144] = 0
v[1145] = 0
v[1146] = 0
v[1147] = 0
v[1148] = 0
v[1149] = 0
v[1150] = 0
v[1151] = -365.147
v[1152] = 0
v[1153] = 0
v[1154] = 0
v[1155] = 0
v[1156] = 0
v[1157] = 0
v[1158] = -5.72982e-11
v[1159] = 0
v[1160] = 0
v[1161] = -83.0592
v[1162] = 0
v[1163] = 0
v[1164] = 0
v[1165] = 0
v[1166] = 0
v[1167] = 0
v[1168] = 0
v[1169] = 0
v[1170] = 0
v[1171] = 0
v[1172] = -210.149
v[1173] = 0
v[1174] = 0
v[1175] = 0
v[1176] = 0
v[1177] = 0
v[1178] = -17.9463
v[1179] = -30.4228
v[1180] = 0
v[1181] = 0
v[1182] = 0
v[1183] = 0
v[1184] = -1063.77
v[1185] = 0
v[1186] = 0
v[1187] = 0
v[1188] = 0
v[1189] = -83.8751
v[1190] = 0
v[1191] = 0
v[1192] = 0
v[1193] = 0
v[1194] = 0
v[1195] = 0
v[1196] = 0
v[1197] = 0
v[1198] = 0
v[1199] = 0
v[1200] = 0
v[1201] = -759.572
v[1202] = 0
v[1203] = 0
v[1204] = 0
v[1205] = 0
v[1206] = 0
v[1207] = 0
v[1208] = 0
v[1209] = -577.168
v[1210] = 0
v[1211] = 0
v[1212] = 0
v[1213] = 0
v[1214] = 0
v[1215] = 0
v[1216] = 0
v[1217] = 0
v[1218] = 0
v[1219] = 0
v[1220] = -965.844
v[1221] = 0
v[1222] = 0
v[1223] = -1136.3
v[1224] = 0
v[1225] = 0
v[1226] = 0
v[1227] = 0
v[1228] = -133.886
v[1229] = 0
v[1230] = 0
v[1231] = 0
v[1232] = -79.5441
v[1233] = 0
v[1234] = 0
v[1235] = 0
v[1236] = 0
v[1237] = 0
v[1238] = -43.3738
v[1239] = 0
v[1240] = 0
v[1241] = 0
v[1242] = 0
v[1243] = 0
v[1244] = 0
v[1245] = 0
v[1246] = -43.9844
v[1247] = 0
v[1248] = 0
v[1249] = 0
v[1250] = 0
v[1251] = 0
v[1252] = 1.3074e-12
v[1253] = 0
v[1254] = -40.3483
v[1255] = 0
v[1256] = 0
v[1257] = 0
v[1258] = 0
v[1259] = 0
v[1260] = 0
v[1261] = 0
v[1262] = -43.4494
v[1263] = -79.5943
v[1264] = -95
v[1265] = 0
v[1266] = 0
v[1267] = 0
v[1268] = 0
v[1269] = 0
v[1270] = 0
v[1271] = 0
v[1272] = -1020.1
v[1273] = 0
v[1274] = 0
v[1275] = 0
v[1276] = 0
v[1277] = 0
v[1278] = 0
v[1279] = -5.63887e-11
v[1280] = 0
v[1281] = 0
v[1282] = -80.6185
v[1283] = 0
v[1284] = 0
v[1285] = 0
v[1286] = -822.003
v[1287] = 0
v[1288] = 0
v[1289] = 0
v[1290] = 0
v[1291] = -64.8126
v[1292] = 0
v[1293] = 0
v[1294] = 0
v[1295] = 0
v[1296] = 0
v[1297] = -16.2869
v[1298] = 0
v[1299] = 0
v[1300] = 0
v[1301] = -6.45957e+06
v[1302] = -33.385
v[1303] = 0
v[1304] = 0
v[1305] = 0
v[1306] = 0
v[1307] = 0
v[1308] = 1.98952e-12
v[1309] = 0
v[1310] = 0
v[1311] = 0
v[1312] = 0
v[1313] = 0
v[1314] = 0
v[1315] = 0
v[1316] = 0
v[1317] = 0
v[1318] = 0
v[1319] = 0
v[1320] = 0
v[1321] = 0
v[1322] = 0
v[1323] = 0
v[1324] = 0
v[1325] = -21.3849
v[1326] = 0
v[1327] = 0
v[1328] = 0
v[1329] = -8.32513e+06
v[1330] = -45.1518
v[1331] = 0
v[1332] = 0
v[1333] = 0
v[1334] = 0
v[1335] = 0
v[1336] = 0
v[1337] = -6.00267e-11
v[1338] = 0
v[1339] = 0
v[1340] = -85.5
v[1341] = 0
v[1342] = 0
v[1343] = 0
v[1344] = -17.128
v[1345] = 0
v[1346] = 0
v[1347] = 0
v[1348] = -39.7593
v[1349] = 0
v[1350] = 0
v[1351] = -3.63798e-12
v[1352] = 0
v[1353] = 0
v[1354] = -21.3849
v[1355] = 0
v[1356] = 0
v[1357] = 0
v[1358] = -51.2622
v[1359] = 0
v[1360] = 0
v[1361] = 0
v[1362] = 0
v[1363] = 0
v[1364] = 0
v[1365] = 0
v[1366] = 0
v[1367] = 0
v[1368] = 0
v[1369] = -1165.3
v[1370] = 0
v[1371] = 0
v[1372] = 0
v[1373] = -23.1659
v[1374] = 0
v[1375] = 0
v[1376] = 0
v[1377] = -54.547
v[1378] = -79.0442
v[1379] = 0
v[1380] = 0
v[1381] = 0
v[1382] = 0
v[1383] = 0
v[1384] = 0
v[1385] = 0
v[1386] = 0
v[1387] = -1384.42
v[1388] = 0
v[1389] = 0
v[1390] = 0
v[1391] = 0
v[1392] = 0
v[1393] = 0
v[1394] = -47.6477
v[1395] = 0
v[1396] = 0
v[1397] = 0
v[1398] = -870.356
v[1399] = 0
v[1400] = 0
v[1401] = 0
v[1402] = 0
v[1403] = -68.6251
v[1404] = 0
v[1405] = 0
v[1406] = 0
v[1407] = 0
v[1408] = 0
v[1409] = 0
v[1410] = 0
v[1411] = -6.63931e-11
v[1412] = 0
v[1413] = 0
v[1414] = -92.5592
v[1415] = 0
v[1416] = 0
v[1417] = 0
v[1418] = 0
v[1419] = 0
v[1420] = 0
v[1421] = 0
v[1422] = 0
v[1423] = 0
v[1424] = 0
v[1425] = 0
v[1426] = 0
v[1427] = 0
v[1428] = 0
v[1429] = -14.0326
v[1430] = 0
v[1431] = 0
v[1432] = 0
v[1433] = -185.464
v[1434] = 0
v[1435] = 0
v[1436] = 0
v[1437] = 0
v[1438] = 0
v[1439] = 0
v[1440] = -471.644
v[1441] = -671.721
v[1442] = 0
v[1443] = 0
v[1444] = 0
v[1445] = 0
v[1446] = 0
v[1447] = 0
v[1448] = 0
v[1449] = 0
v[1450] = 0
v[1451] = 0
v[1452] = 0
v[1453] = 0
v[1454] = 0
v[1455] = 0
v[1456] = 0
v[1457] = 0
v[1458] = -6.70623e+06
v[1459] = 0
v[1460] = 0
v[1461] = 0
v[1462] = 0
v[1463] = 0
v[1464] = 0
v[1465] = -5.82077e-11
v[1466] = 0
v[1467] = 0
v[1468] = -80.6185
v[1469] = 0
v[1470] = 0
v[1471] = 0
v[1472] = 0
v[1473] = 0
v[1474] = -361.853
v[1475] = 0
v[1476] = 7.16227e-11
v[1477] = 0
v[1478] = -102.059
v[1479] = 0
v[1480] = 0
v[1481] = 0
v[1482] = 0
v[1483] = -1.84856
v[1484] = 0
v[1485] = -31.5412
v[1486] = 0
v[1487] = 0
v[1488] = -72.577
v[1489] = 0
v[1490] = 0
v[1491] = 0
v[1492] = -66.4731
v[1493] = 0
v[1494] = 0
v[1495] = 0
v[1496] = 0
v[1497] = 0
v[1498] = 0
v[1499] = -743.808
v[1500] = 0
v[1501] = 0
v[1502] = -4.53183e-11
v[1503] = 0
v[1504] = -64.0592
v[1505] = 0
v[1506] = -3.72505e+06
v[1507] = 0
v[1508] = -5.09232e+06
v[1509] = 0
v[1510] = 0
v[1511] = 0
v[1512] = 0
v[1513] = 0
v[1514] = -5.59046e+06
v[1515] = 0
v[1516] = 0
v[1517] = 0
v[1518] = 0
v[1519] = 0
v[1520] = -4.53326e+06
v[1521] = -109.307
v[1522] = 0
v[1523] = 0
v[1524] = 0
v[1525] = 0
v[1526] = 0
v[1527] = 0
v[1528] = 0
v[1529] = 0
v[1530] = -185.464
v[1531] = -85.5
v[1532] = 0
v[1533] = -743.808
v[1534] = 0
v[1535] = 0
v[1536] = 0
v[1537] = 0
v[1538] = 0
v[1539] = 0
v[1540] = 0
v[1541] = -241.291
v[1542] = -111.559
v[1543] = 0
v[1544] = 0
v[1545] = 0
v[1546] = 0
v[1547] = 0
v[1548] = 0
v[1549] = 0
v[1550] = 0
v[1551] = 0
v[1552] = 0
v[1553] = -6.14968e+06
v[1554] = 0
v[1555] = 0
v[1556] = 0
v[1557] = 0
v[1558] = 8.18545e-11
v[1559] = 0
v[1560] = -118.881
v[1561] = 0
v[1562] = 0
v[1563] = -64.5129
v[1564] = 0
v[1565] = 0
v[1566] = 0
v[1567] = -4.28417e+06
v[1568] = 0
v[1569] = -7.56249e-11
v[1570] = -104.5
v[1571] = 0
v[1572] = 0
v[1573] = 0
v[1574] = -5.65138e+06
v[1575] = 0
v[1576] = 0
v[1577] = 0
v[1578] = 0
v[1579] = 0
v[1580] = 0
v[1581] = 0
v[1582] = 0
v[1583] = 0
v[1584] = -941.869
v[1585] = 0
v[1586] = 0
v[1587] = 0
v[1588] = 0
v[1589] = 0
v[1590] = 0
v[1591] = 0
v[1592] = -1033.02
v[1593] = 0
v[1594] = 0
v[1595] = 0
v[1596] = 0
v[1597] = 0
v[1598] = -353.368
v[1599] = 0
v[1600] = 0
v[1601] = -842.982
v[1602] = 0
v[1603] = 0
v[1604] = -8.0945e-11
v[1605] = 0
v[1606] = -109.447
v[1607] = -116.441
v[1608] = 0
v[1609] = 0
v[1610] = 0
v[1611] = 0
v[1612] = 0
v[1613] = 0
v[1614] = 0
v[1615] = 0
v[1616] = 0
v[1617] = -874.369
v[1618] = 0
v[1619] = 0
v[1620] = -3.72505e+06
v[1621] = 0
v[1622] = 0
v[1623] = 0
v[1624] = 0
v[1625] = 0
v[1626] = 0
v[1627] = -55.9965
v[1628] = -88.5269
v[1629] = 0
v[1630] = 0
v[1631] = 0
v[1632] = 0
v[1633] = 0
v[1634] = 0
v[1635] = 0
v[1636] = 0
v[1637] = 1.42109e-12
v[1638] = 0
v[1639] = 0
v[1640] = -232.672
v[1641] = 0
v[1642] = -652.767
v[1643] = 0
v[1644] = -594.204
v[1645] = 0
v[1646] = 0
v[1647] = 0
v[1648] = 0
v[1649] = 0
v[1650] = 0
v[1651] = -4.28411e+06
v[1652] = 0
v[1653] = -9.98313e-13
v[1654] = 0
v[1655] = 0
v[1656] = 0
v[1657] = -36.1448
v[1658] = 0
v[1659] = -282.695
v[1660] = 0
v[1661] = 0
v[1662] = 0
v[1663] = 0
v[1664] = 0
v[1665] = 0
v[1666] = -8.04903e-11
v[1667] = 0
v[1668] = -114
v[1669] = 0
v[1670] = 0
v[1671] = 0
v[1672] = 0
v[1673] = 0
v[1674] = 0
v[1675] = 0
v[1676] = 0
v[1677] = 0
v[1678] = 1.59888e-09
v[1679] = 1.59888e-09
v[1680] = 0
v[1681] = 8.31183e-10
v[1682] = 0
v[1683] = 0
v[1684] = 0
v[1685] = 1.65733e-09
v[1686] = 0
v[1687] = 1.95683e-09
v[1688] = 0
v[1689] = 0
v[1690] = 0
v[1691] = 0
v[1692] = 0
v[1693] = 0
v[1694] = 0
v[1695] = -1.33932e-09
v[1696] = 0
v[1697] = 0
v[1698] = -9.80208e-10
v[1699] = 5.44716e-10
v[1700] = 0
v[1701] = 0
v[1702] = 9.55483e-10
v[1703] = 9.55483e-10
v[1704] = 0
v[1705] = 0
v[1706] = 0
v[1707] = -1.00613e-09
v[1708] = 0
v[1709] = 1.56629e-09
v[1710] = 7.65123e-10
v[1711] = 0
v[1712] = 0
v[1713] = 0
v[1714] = 0
v[1715] = 0
v[1716] = 0
v[1717] = 0
v[1718] = 0
v[1719] = 0
v[1720] = 0
v[1721] = 0
v[1722] = 0
v[1723] = 0
v[1724] = 0
v[1725] = 0
v[1726] = 0
v[1727] = 0
v[1728] = -0
v[1729] = -0
v[1730] = -0
v[1731] = 0
v[1732] = -0
v[1733] = 0
v[1734] = 0
v[1735] = -9.9632e-10
v[1736] = 0
v[1737] = 0
v[1738] = 0
v[1739] = 0
v[1740] = 0
v[1741] = 0
v[1742] = 0
v[1743] = -78.7609
v[1744] = 0
v[1745] = 0
v[1746] = 0
v[1747] = 0
v[1748] = 0
v[1749] = 2.07963
v[1750] = 0
v[1751] = 981.614
v[1752] = 0
v[1753] = 0
v[1754] = 0
v[1755] = 0
v[1756] = 0
v[1757] = 0
v[1758] = 0
v[1759] = 0
v[1760] = 2008.81
v[1761] = 0
v[1762] = 0
v[1763] = 208.975
v[1764] = 215.348
v[1765] = 211.054
v[1766] = 1539.78
v[1767] = 3488.35
v[1768] = 1094
v[1769] = -1.9827e-10
v[1770] = 4179.61
v[1771] = 3488.35
v[1772] = 3727.17
v[1773] = 2755.47
v[1774] = 0
v[1775] = 2796.01
v[1776] = 5234.51
v[1777] = 5230.48
v[1778] = 0
v[1779] = -2413.6
v[1780] = 0
v[1781] = 0
v[1782] = 0
v[1783] = 0
v[1784] = -752.136
v[1785] = 0
v[1786] = 0
v[1787] = 0
v[1788] = -6055.05
v[1789] = 0
v[1790] = 0
v[1791] = 0
v[1792] = 0
v[1793] = 0
v[1794] = 0
v[1795] = 0
v[1796] = 2.24429
v[1797] = 2.24429
v[1798] = 0
v[1799] = 175.993
v[1800] = 42.1594
v[1801] = 0
v[1802] = 6.52154e-11
v[1803] = 0
v[1804] = 0
v[1805] = 495.645
v[1806] = 232.788
v[1807] = 486.034
v[1808] = -1.48503e-12
v[1809] = 0
v[1810] = -1.02105e-11
v[1811] = 53.0294
v[1812] = 0
v[1813] = 20.3216
v[1814] = -2.54374e-12
v[1815] = 0
v[1816] = 0
v[1817] = 485.138
v[1818] = 233.072
v[1819] = 431.521
v[1820] = 11.0748
v[1821] = 11.0748
v[1822] = 18.9188
v[1823] = 0
v[1824] = 43.6686
v[1825] = 18.9188
v[1826] = 0
v[1827] = 0
v[1828] = 0
v[1829] = 334.5
v[1830] = 163.037
v[1831] = 314.068
v[1832] = 2224.77
v[1833] = 2226.23
v[1834] = 0
v[1835] = 2277.3
v[1836] = 2226.23
v[1837] = 0
v[1838] = 2226.23
v[1839] = 2093.97
v[1840] = 2183.87
v[1841] = 2133.37
v[1842] = 2419.83
v[1843] = 2357.17
v[1844] = 0
v[1845] = 51.9085
v[1846] = 28.3782
v[1847] = 245.892
v[1848] = 0
v[1849] = 76.2316
v[1850] = 51.9085
v[1851] = 20.3672
v[1852] = 10.668
v[1853] = 485.138
v[1854] = 244.555
v[1855] = 471.103
v[1856] = 0
v[1857] = 0
v[1858] = 16.554
v[1859] = 0
v[1860] = 38.21
v[1861] = 16.554
v[1862] = 1.07833
v[1863] = 0
v[1864] = 0
v[1865] = 282.997
v[1866] = 143.735
v[1867] = 274.81
v[1868] = 0
v[1869] = 117.366
v[1870] = 2.50111e-12
v[1871] = 169.727
v[1872] = 117.366
v[1873] = 124.483
v[1874] = 100.061
v[1875] = 68.1904
v[1876] = 46.7977
v[1877] = 0
v[1878] = 31.7733
v[1879] = 0
v[1880] = 0
v[1881] = 82.3983
v[1882] = -9.77707e-12
v[1883] = 141.535
v[1884] = 0
v[1885] = 101.72
v[1886] = 82.3983
v[1887] = 0
v[1888] = 19.7786
v[1889] = 444.71
v[1890] = 306.574
v[1891] = 431.844
v[1892] = 0
v[1893] = 175.593
v[1894] = 86.1842
v[1895] = 237.418
v[1896] = 0
v[1897] = 195.793
v[1898] = 175.593
v[1899] = 22.931
v[1900] = 124.323
v[1901] = 464.924
v[1902] = 409.958
v[1903] = 453.245
v[1904] = 0
v[1905] = 51.5172
v[1906] = 28.9673
v[1907] = 113.342
v[1908] = 0
v[1909] = 74.0906
v[1910] = 51.5172
v[1911] = 22.931
v[1912] = 11.9951
v[1913] = 464.924
v[1914] = 285.882
v[1915] = 453.245
v[1916] = 0
v[1917] = 35.838
v[1918] = 20.1512
v[1919] = 165.16
v[1920] = 0
v[1921] = 46.1641
v[1922] = 35.838
v[1923] = 14.8105
v[1924] = 8.34439
v[1925] = 323.425
v[1926] = 164.269
v[1927] = 315.301
v[1928] = 11.6212
v[1929] = 11.6212
v[1930] = 11.5795
v[1931] = 0
v[1932] = 11.6212
v[1933] = 15.2412
v[1934] = 0
v[1935] = 0
v[1936] = 0
v[1937] = 361.965
v[1938] = 128.682
v[1939] = 105.805
v[1940] = 0
v[1941] = 93.6344
v[1942] = -1.13332e-11
v[1943] = 160.835
v[1944] = 0
v[1945] = 115.591
v[1946] = 93.6344
v[1947] = 0
v[1948] = 37.9061
v[1949] = 505.352
v[1950] = 348.379
v[1951] = 490.732
v[1952] = -3.41061e-13
v[1953] = 0
v[1954] = 22.4661
v[1955] = 0
v[1956] = 51.8564
v[1957] = 22.4661
v[1958] = 1.46344
v[1959] = 0
v[1960] = 0
v[1961] = 384.067
v[1962] = 195.07
v[1963] = 132.402
v[1964] = 53.2169
v[1965] = 53.2169
v[1966] = 0
v[1967] = 99.9971
v[1968] = 53.2169
v[1969] = 0
v[1970] = 53.2169
v[1971] = 0
v[1972] = 30.8783
v[1973] = 257.735
v[1974] = 121.05
v[1975] = 252.738
v[1976] = 91.4477
v[1977] = 93.2962
v[1978] = 0
v[1979] = 287.28
v[1980] = 158.799
v[1981] = 117.619
v[1982] = 93.2962
v[1983] = 61.755
v[1984] = 52.0558
v[1985] = 576.586
v[1986] = 337.851
v[1987] = 0
v[1988] = 0
v[1989] = -1.55123e-12
v[1990] = -9.66786e-12
v[1991] = 0
v[1992] = 0
v[1993] = 19.322
v[1994] = -2.36036e-12
v[1995] = 0
v[1996] = 0
v[1997] = 444.71
v[1998] = 224.175
v[1999] = 431.844
v[2000] = 0
v[2001] = 1.61749
v[2002] = -8.81073e-12
v[2003] = 135.102
v[2004] = 0
v[2005] = 20.0612
v[2006] = 1.61749
v[2007] = 0
v[2008] = 0
v[2009] = 424.496
v[2010] = 215.603
v[2011] = 412.215
v[2012] = 0
v[2013] = 0
v[2014] = 15.3715
v[2015] = 0
v[2016] = 35.4807
v[2017] = 15.3715
v[2018] = -6.17442e-13
v[2019] = 0
v[2020] = 0
v[2021] = 262.783
v[2022] = 132.467
v[2023] = 255.181
v[2024] = 0
v[2025] = 2022.54
v[2026] = 1921.47
v[2027] = 2092.43
v[2028] = 0
v[2029] = 2045.38
v[2030] = 2022.54
v[2031] = 1843.07
v[2032] = 1895.47
v[2033] = 2287.48
v[2034] = 2201.72
v[2035] = 7366.36
v[2036] = 0
v[2037] = 6925.15
v[2038] = 0
v[2039] = 7366.36
v[2040] = 7384.51
v[2041] = 7367.82
v[2042] = 6872.47
v[2043] = 7313.74
v[2044] = 6984.15
v[2045] = 7561.43
v[2046] = 7498.76
v[2047] = 14.3589
v[2048] = 14.3589
v[2049] = 0
v[2050] = 125.329
v[2051] = 34.3221
v[2052] = 0
v[2053] = 14.3589
v[2054] = 0
v[2055] = 0
v[2056] = 337.039
v[2057] = 158.296
v[2058] = 330.503
v[2059] = 394.761
v[2060] = 396.071
v[2061] = 0
v[2062] = 441.767
v[2063] = 394.761
v[2064] = 0
v[2065] = 396.071
v[2066] = 48.1607
v[2067] = 0
v[2068] = 421.491
v[2069] = 569.297
v[2070] = 513.226
v[2071] = 0
v[2072] = 409.864
v[2073] = -1.06621e-11
v[2074] = 471.689
v[2075] = 0
v[2076] = 430.064
v[2077] = 409.864
v[2078] = 0
v[2079] = 344.398
v[2080] = 0
v[2081] = 644.229
v[2082] = 568.369
v[2083] = 0
v[2084] = 1661.95
v[2085] = 1126.09
v[2086] = 0
v[2087] = 0
v[2088] = 1682.15
v[2089] = 1661.95
v[2090] = 1063.56
v[2091] = 1596.49
v[2092] = 1197.51
v[2093] = 1896.32
v[2094] = 1820.46
v[2095] = 0
v[2096] = -5.25802e-13
v[2097] = 28.3782
v[2098] = 64.5129
v[2099] = 0
v[2100] = 28.3782
v[2101] = -1.05871e-12
v[2102] = 0
v[2103] = 0
v[2104] = 485.138
v[2105] = 244.555
v[2106] = 471.103
v[2107] = 16.9346
v[2108] = 16.9346
v[2109] = 0
v[2110] = 118.996
v[2111] = 33.3424
v[2112] = 0
v[2113] = 16.9346
v[2114] = 0
v[2115] = 0
v[2116] = 317.213
v[2117] = 148.984
v[2118] = 311.062
v[2119] = 1.97498
v[2120] = 1.97498
v[2121] = 0
v[2122] = 156.994
v[2123] = 39.2204
v[2124] = 0
v[2125] = 1.48038
v[2126] = 0
v[2127] = 0
v[2128] = 436.168
v[2129] = 204.853
v[2130] = 427.71
v[2131] = 0
v[2132] = 0
v[2133] = 15.3715
v[2134] = 0
v[2135] = 63.5978
v[2136] = 33.1943
v[2137] = 28.1171
v[2138] = 10.7041
v[2139] = 5.77851
v[2140] = 262.783
v[2141] = 132.467
v[2142] = 255.181
v[2143] = 1.11378e-12
v[2144] = 0
v[2145] = 20.1012
v[2146] = 0
v[2147] = 46.3978
v[2148] = 20.1012
v[2149] = 5.41789e-13
v[2150] = 0
v[2151] = 0
v[2152] = 343.639
v[2153] = 173.226
v[2154] = 333.698
v[2155] = 394.761
v[2156] = 396.071
v[2157] = 0
v[2158] = 441.767
v[2159] = 394.761
v[2160] = 0
v[2161] = 396.071
v[2162] = 48.1607
v[2163] = 0
v[2164] = 421.491
v[2165] = 513.226
v[2166] = 80.7638
v[2167] = 80.7638
v[2168] = 0
v[2169] = 80.6307
v[2170] = 80.7638
v[2171] = 96.7186
v[2172] = 0
v[2173] = 0
v[2174] = 37.6779
v[2175] = 462.644
v[2176] = 216.462
v[2177] = 0.758865
v[2178] = 0.758865
v[2179] = 0
v[2180] = 0
v[2181] = 0.758865
v[2182] = 4.31004
v[2183] = 0
v[2184] = 0
v[2185] = 0
v[2186] = 262.045
v[2187] = 84.6977
v[2188] = 141.867
v[2189] = 16.9346
v[2190] = 16.9346
v[2191] = 0
v[2192] = 118.996
v[2193] = 33.3424
v[2194] = 0
v[2195] = 16.9346
v[2196] = 0
v[2197] = 0
v[2198] = 317.213
v[2199] = 148.984
v[2200] = 311.062
v[2201] = 0
v[2202] = 0
v[2203] = 20.1012
v[2204] = 0
v[2205] = 46.3978
v[2206] = 20.1012
v[2207] = 0
v[2208] = 0
v[2209] = 0
v[2210] = 343.639
v[2211] = 173.226
v[2212] = 333.698
v[2213] = 487.646
v[2214] = 489.264
v[2215] = 0
v[2216] = 545.713
v[2217] = 487.646
v[2218] = 0
v[2219] = 489.264
v[2220] = 61.1914
v[2221] = 0
v[2222] = 520.665
v[2223] = 703.249
v[2224] = 633.986
v[2225] = 0
v[2226] = 1.61749
v[2227] = -8.58336e-12
v[2228] = 135.102
v[2229] = 0
v[2230] = 20.0612
v[2231] = 1.61749
v[2232] = 0
v[2233] = 0
v[2234] = 424.496
v[2235] = 215.603
v[2236] = 412.215
v[2237] = 0
v[2238] = 3485.67
v[2239] = 2973.11
v[2240] = 3544.81
v[2241] = 0
v[2242] = 3504.99
v[2243] = 3485.67
v[2244] = 2912.38
v[2245] = 3423.05
v[2246] = 3041.42
v[2247] = 3709.84
v[2248] = 3637.28
v[2249] = 510.868
v[2250] = 512.562
v[2251] = 0
v[2252] = 571.699
v[2253] = 510.868
v[2254] = 0
v[2255] = 512.562
v[2256] = 65.1054
v[2257] = 0
v[2258] = 545.459
v[2259] = 736.737
v[2260] = 664.175
v[2261] = 0
v[2262] = 1.61749
v[2263] = -8.58336e-12
v[2264] = 135.102
v[2265] = 0
v[2266] = 20.0612
v[2267] = 1.61749
v[2268] = 0
v[2269] = 0
v[2270] = 424.496
v[2271] = 215.603
v[2272] = 412.215
v[2273] = 0
v[2274] = 2.06475
v[2275] = 0
v[2276] = 41.6246
v[2277] = 35.102
v[2278] = 0
v[2279] = 5.96584e-11
v[2280] = 0
v[2281] = 0
v[2282] = 455.728
v[2283] = 214.165
v[2284] = 391.803
v[2285] = 0
v[2286] = 89.889
v[2287] = -1.02105e-11
v[2288] = 154.402
v[2289] = 0
v[2290] = 110.968
v[2291] = 89.889
v[2292] = 0
v[2293] = 21.5766
v[2294] = 485.138
v[2295] = 334.444
v[2296] = 471.103
v[2297] = 14.3589
v[2298] = 14.3589
v[2299] = 0
v[2300] = 125.329
v[2301] = 34.3221
v[2302] = 0
v[2303] = 14.3589
v[2304] = 0
v[2305] = 0
v[2306] = 337.039
v[2307] = 158.296
v[2308] = 330.503
v[2309] = 0
v[2310] = 1.07833
v[2311] = -5.60263e-12
v[2312] = 90.0678
v[2313] = 0
v[2314] = 13.3742
v[2315] = 1.07833
v[2316] = 0
v[2317] = 0
v[2318] = 282.997
v[2319] = 143.735
v[2320] = 274.81
v[2321] = 0
v[2322] = 55.9969
v[2323] = 31.4862
v[2324] = 123.198
v[2325] = 0
v[2326] = 82.0696
v[2327] = 55.9969
v[2328] = 24.126
v[2329] = 13.0381
v[2330] = 505.352
v[2331] = 310.742
v[2332] = 492.657
v[2333] = 0
v[2334] = 1.23237
v[2335] = -6.49969e-12
v[2336] = 102.935
v[2337] = 0
v[2338] = 15.2847
v[2339] = 1.23237
v[2340] = 0
v[2341] = 0
v[2342] = 323.425
v[2343] = 164.269
v[2344] = 314.068
v[2345] = 0
v[2346] = 79.8087
v[2347] = 5.68434e-12
v[2348] = 115.414
v[2349] = 79.8087
v[2350] = 84.6484
v[2351] = 68.0417
v[2352] = 44.0591
v[2353] = 31.8224
v[2354] = 0
v[2355] = 56.0708
v[2356] = 0
v[2357] = 12.8289
v[2358] = 12.8289
v[2359] = 11.136
v[2360] = 0
v[2361] = 12.8289
v[2362] = 29.6809
v[2363] = 0
v[2364] = 0
v[2365] = 0
v[2366] = 414.808
v[2367] = 142.98
v[2368] = 230.933
v[2369] = 0
v[2370] = 0
v[2371] = 18.9188
v[2372] = 0
v[2373] = 43.6686
v[2374] = 18.9188
v[2375] = -7.34194e-13
v[2376] = 0
v[2377] = 0
v[2378] = 323.425
v[2379] = 163.037
v[2380] = 314.068
v[2381] = 441.204
v[2382] = 442.667
v[2383] = 0
v[2384] = 493.74
v[2385] = 441.204
v[2386] = 0
v[2387] = 442.667
v[2388] = 55.9887
v[2389] = 0
v[2390] = 471.078
v[2391] = 573.606
v[2392] = 0
v[2393] = 49.2773
v[2394] = 27.7079
v[2395] = 227.095
v[2396] = 0
v[2397] = 70.1011
v[2398] = 49.2773
v[2399] = 21.0208
v[2400] = 11.4735
v[2401] = 444.71
v[2402] = 273.453
v[2403] = 433.538
v[2404] = 334.883
v[2405] = 0
v[2406] = 257.031
v[2407] = 0
v[2408] = 334.883
v[2409] = 341.68
v[2410] = 323.116
v[2411] = 294.083
v[2412] = 288.854
v[2413] = 678.522
v[2414] = 456.416
v[2415] = 434.81
v[2416] = 0
v[2417] = 0
v[2418] = 17.7364
v[2419] = 0
v[2420] = 40.9393
v[2421] = 17.7364
v[2422] = -5.66658e-13
v[2423] = 0
v[2424] = 0
v[2425] = 303.211
v[2426] = 152.847
v[2427] = 294.439
v[2428] = 534.089
v[2429] = 535.86
v[2430] = 0
v[2431] = 597.685
v[2432] = 534.089
v[2433] = 556.061
v[2434] = 535.86
v[2435] = 470.394
v[2436] = 97.6056
v[2437] = 770.226
v[2438] = 0
v[2439] = 0
v[2440] = 525.02
v[2441] = 26.0023
v[2442] = 594.909
v[2443] = 0
v[2444] = 547.855
v[2445] = 525.02
v[2446] = 0
v[2447] = 451.015
v[2448] = 0
v[2449] = 789.955
v[2450] = 704.199
v[2451] = 301.876
v[2452] = 302.878
v[2453] = 0
v[2454] = 337.822
v[2455] = 301.876
v[2456] = 0
v[2457] = 302.878
v[2458] = 37.7554
v[2459] = 0
v[2460] = 322.317
v[2461] = 392.467
v[2462] = 0
v[2463] = 105.329
v[2464] = 7.72332
v[2465] = 156.149
v[2466] = 105.329
v[2467] = 124.804
v[2468] = 105.329
v[2469] = 76.7428
v[2470] = 53.3334
v[2471] = 0
v[2472] = 75.8604
v[2473] = 0
v[2474] = 0
v[2475] = 6.47293e-11
v[2476] = 0
v[2477] = 169.66
v[2478] = 41.1797
v[2479] = 0
v[2480] = 6.41976e-11
v[2481] = 0
v[2482] = 0
v[2483] = 475.543
v[2484] = 223.476
v[2485] = 466.593
v[2486] = 0
v[2487] = 54.0713
v[2488] = 29.5606
v[2489] = 256.137
v[2490] = 0
v[2491] = 80.1441
v[2492] = 54.0713
v[2493] = 22.2004
v[2494] = 11.1125
v[2495] = 505.352
v[2496] = 256.67
v[2497] = 490.732
v[2498] = 0
v[2499] = 198.497
v[2500] = 97.4256
v[2501] = 268.386
v[2502] = 0
v[2503] = 221.332
v[2504] = 198.497
v[2505] = 26.0361
v[2506] = 140.539
v[2507] = 525.566
v[2508] = 463.431
v[2509] = 512.364
v[2510] = 353.539
v[2511] = 353.539
v[2512] = 193.921
v[2513] = 359.784
v[2514] = 353.539
v[2515] = 362.826
v[2516] = 330.005
v[2517] = 289.916
v[2518] = 1036.9
v[2519] = 0
v[2520] = 935.786
v[2521] = 553.669
v[2522] = 555.98
v[2523] = 0
v[2524] = 636.621
v[2525] = 553.669
v[2526] = 0
v[2527] = 555.98
v[2528] = 0
v[2529] = 762.725
v[2530] = 0
v[2531] = 488.715
v[2532] = 268.068
v[2533] = 497.349
v[2534] = 488.715
v[2535] = 501.554
v[2536] = 456.183
v[2537] = 401.306
v[2538] = 355.506
v[2539] = 0
v[2540] = 0
v[2541] = 1293.59
v[2542] = 0
v[2543] = 3.46605
v[2544] = 292.97
v[2545] = 3.46605
v[2546] = 3.46605
v[2547] = 0
v[2548] = 838.374
v[2549] = -220.146
v[2550] = 886.783
v[2551] = 33.2244
v[2552] = 0
v[2553] = 56.7564
v[2554] = 0
v[2555] = 131.006
v[2556] = 66.314
v[2557] = -5.37881e-12
v[2558] = 0
v[2559] = 0
v[2560] = 997.975
v[2561] = 489.11
v[2562] = 998.514
v[2563] = 1001.83
v[2564] = 0
v[2565] = 1117.41
v[2566] = 1001.83
v[2567] = 1039.59
v[2568] = 905.973
v[2569] = 1066.12
v[2570] = 1439.99
v[2571] = 0
v[2572] = 683.946
v[2573] = 686.565
v[2574] = 486.428
v[2575] = 777.958
v[2576] = 683.946
v[2577] = 716.426
v[2578] = 589.789
v[2579] = 0
v[2580] = 1033.02
v[2581] = 0
v[2582] = 0
v[2583] = 74.2289
v[2584] = 350.866
v[2585] = 74.2289
v[2586] = 74.2289
v[2587] = 0
v[2588] = 864.256
v[2589] = -447.122
v[2590] = 918.288
v[2591] = 14.0326
v[2592] = 14.0326
v[2593] = 14.0326
v[2594] = 0
v[2595] = 14.0326
v[2596] = 37.746
v[2597] = 0
v[2598] = 0
v[2599] = 0
v[2600] = 549.087
v[2601] = 289.157
v[2602] = 20.0731
v[2603] = 20.0731
v[2604] = 34.2903
v[2605] = 234.397
v[2606] = 79.1493
v[2607] = 0
v[2608] = 0
v[2609] = 0
v[2610] = 0
v[2611] = 1.26306e-10
v[2612] = 1.29035e-10
v[2613] = 0
v[2614] = 338.111
v[2615] = 65.6713
v[2616] = 0
v[2617] = 0
v[2618] = 971.464
v[2619] = 486.508
v[2620] = 279.745
v[2621] = -1.27898e-12
v[2622] = 0
v[2623] = 75.4398
v[2624] = 0
v[2625] = 190.259
v[2626] = 198.903
v[2627] = 190.259
v[2628] = 0
v[2629] = 929.847
v[2630] = 472.274
v[2631] = 543.133
v[2632] = 545.213
v[2633] = 617.79
v[2634] = 543.133
v[2635] = 545.213
v[2636] = 93.8513
v[2637] = 0
v[2638] = -823.423
v[2639] = 983.665
v[2640] = 0
v[2641] = 1146.54
v[2642] = 897.888
v[2643] = 1146.54
v[2644] = 0
v[2645] = 1142.23
v[2646] = 1113.31
v[2647] = 1032.77
v[2648] = 1005.49
v[2649] = 0
v[2650] = 240.85
v[2651] = 1300.2
v[2652] = 258.45
v[2653] = 260.838
v[2654] = 2.84217e-12
v[2655] = 344.167
v[2656] = 258.45
v[2657] = 288.065
v[2658] = 0
v[2659] = 576.722
v[2660] = 0
v[2661] = 603.753
v[2662] = 605.755
v[2663] = 0
v[2664] = 675.644
v[2665] = 603.753
v[2666] = 0
v[2667] = 605.755
v[2668] = 78.1361
v[2669] = 0
v[2670] = 784.934
v[2671] = 353.539
v[2672] = 353.539
v[2673] = 359.784
v[2674] = 353.539
v[2675] = 330.005
v[2676] = 289.916
v[2677] = 1036.9
v[2678] = 0
v[2679] = 935.786
v[2680] = 14.2543
v[2681] = 0
v[2682] = 14.2543
v[2683] = 0
v[2684] = 14.2543
v[2685] = 36.2694
v[2686] = 14.2543
v[2687] = 0
v[2688] = 0
v[2689] = 536.828
v[2690] = 195.046
v[2691] = 300.212
v[2692] = 3.94995
v[2693] = 3.94995
v[2694] = 0
v[2695] = 303.61
v[2696] = 60.773
v[2697] = 0
v[2698] = 1.13083e-10
v[2699] = 0
v[2700] = 872.335
v[2701] = 409.707
v[2702] = 264.583
v[2703] = 259.955
v[2704] = 259.955
v[2705] = 142.589
v[2706] = 264.547
v[2707] = 259.955
v[2708] = 266.784
v[2709] = 242.65
v[2710] = 210.779
v[2711] = 189.099
v[2712] = 0
v[2713] = 0
v[2714] = 688.078
v[2715] = 408.518
v[2716] = 412.293
v[2717] = 9.09495e-13
v[2718] = 544.006
v[2719] = 408.518
v[2720] = 455.328
v[2721] = 0
v[2722] = 911.592
v[2723] = 0
v[2724] = 1091.4
v[2725] = 1095.02
v[2726] = 0
v[2727] = 1221.36
v[2728] = 1091.4
v[2729] = 1136.3
v[2730] = 1095.02
v[2731] = 961.24
v[2732] = 199.455
v[2733] = 1573.94
v[2734] = 0
v[2735] = 4.21927
v[2736] = 4.21927
v[2737] = 0
v[2738] = 324.31
v[2739] = 63.712
v[2740] = 0
v[2741] = 1.18934e-10
v[2742] = 0
v[2743] = 931.813
v[2744] = 437.641
v[2745] = 913.744
v[2746] = 18.7101
v[2747] = 0
v[2748] = 18.7101
v[2749] = 0
v[2750] = 18.7101
v[2751] = 53.2646
v[2752] = 21.4829
v[2753] = 0
v[2754] = 732.115
v[2755] = 388.315
v[2756] = 627.11
v[2757] = 0
v[2758] = 67.3239
v[2759] = 318.227
v[2760] = 67.3239
v[2761] = 67.3239
v[2762] = 0
v[2763] = 1.89004e-12
v[2764] = -1189.39
v[2765] = 832.865
v[2766] = 0
v[2767] = 2.69582
v[2768] = 96.7771
v[2769] = 0
v[2770] = 2.69582
v[2771] = 0
v[2772] = 707.493
v[2773] = 359.339
v[2774] = 1.3241e-11
v[2775] = 1.39124e-11
v[2776] = 0
v[2777] = 199.03
v[2778] = 38.4291
v[2779] = 16.7387
v[2780] = 0
v[2781] = 0
v[2782] = 0
v[2783] = 545.429
v[2784] = 131.45
v[2785] = 131.45
v[2786] = 2.95586e-12
v[2787] = 190.094
v[2788] = 131.45
v[2789] = 139.421
v[2790] = 0
v[2791] = 92.3518
v[2792] = 0
v[2793] = 580.531
v[2794] = 582.457
v[2795] = 0
v[2796] = 649.658
v[2797] = 580.531
v[2798] = 0
v[2799] = 582.457
v[2800] = 74.2221
v[2801] = 0
v[2802] = 754.745
v[2803] = 3.05224
v[2804] = 3.05224
v[2805] = 0
v[2806] = 234.607
v[2807] = 50.9763
v[2808] = 0
v[2809] = 8.76774e-11
v[2810] = 0
v[2811] = 674.077
v[2812] = 661.007
v[2813] = 24.2261
v[2814] = 24.2261
v[2815] = 65.611
v[2816] = 0
v[2817] = 95.525
v[2818] = 65.611
v[2819] = 0
v[2820] = 0
v[2821] = 0
v[2822] = 731.719
v[2823] = 380.869
v[2824] = 0
v[2825] = 58.2368
v[2826] = 32.7457
v[2827] = 268.386
v[2828] = 0
v[2829] = 86.0591
v[2830] = 58.2368
v[2831] = 26.0361
v[2832] = 525.566
v[2833] = 264.935
v[2834] = 512.364
v[2835] = 1528.72
v[2836] = 1528.72
v[2837] = 1528.72
v[2838] = 1528.72
v[2839] = 1499.65
v[2840] = 1429.5
v[2841] = 1280.88
v[2842] = 0
v[2843] = 1775.6
v[2844] = 30.4557
v[2845] = 30.4557
v[2846] = 52.0267
v[2847] = 0
v[2848] = 120.089
v[2849] = 69.0997
v[2850] = 0
v[2851] = 0
v[2852] = 0
v[2853] = 919.875
v[2854] = 478.807
v[2855] = 626.974
v[2856] = 629.053
v[2857] = 0
v[2858] = 701.63
v[2859] = 626.974
v[2860] = 0
v[2861] = 629.053
v[2862] = 82.0501
v[2863] = 0
v[2864] = 90.0664
v[2865] = 0
v[2866] = 39.02
v[2867] = 0
v[2868] = 90.0664
v[2869] = 121.591
v[2870] = 92.6082
v[2871] = 0
v[2872] = 33.3608
v[2873] = 686.108
v[2874] = 428.871
v[2875] = 0
v[2876] = 0
v[2877] = 52.0267
v[2878] = 0
v[2879] = 0
v[2880] = 59.3156
v[2881] = 3.38903
v[2882] = 0
v[2883] = 889.419
v[2884] = 451.74
v[2885] = 863.688
v[2886] = 945.455
v[2887] = 949.075
v[2888] = 672.415
v[2889] = 1075.41
v[2890] = 945.455
v[2891] = 990.354
v[2892] = 815.296
v[2893] = 0
v[2894] = 1427.99
v[2895] = 0
v[2896] = -1.39266e-12
v[2897] = 0
v[2898] = 54.3916
v[2899] = 0
v[2900] = 125.547
v[2901] = 62.8148
v[2902] = 3.54307
v[2903] = 0
v[2904] = 0
v[2905] = 929.847
v[2906] = 472.274
v[2907] = 902.946
v[2908] = 178.396
v[2909] = 178.396
v[2910] = 1.7053e-12
v[2911] = 257.985
v[2912] = 178.396
v[2913] = 189.214
v[2914] = 0
v[2915] = 125.335
v[2916] = 0
v[2917] = 67.6184
v[2918] = 0
v[2919] = 0
v[2920] = 67.6184
v[2921] = 70.7764
v[2922] = 0
v[2923] = 828.777
v[2924] = 488.558
v[2925] = 3.23178
v[2926] = 3.23178
v[2927] = 0
v[2928] = 248.408
v[2929] = 52.9357
v[2930] = 0
v[2931] = 9.3074e-11
v[2932] = 0
v[2933] = 713.729
v[2934] = 335.215
v[2935] = 699.889
v[2936] = 673.416
v[2937] = 675.65
v[2938] = 0
v[2939] = 753.603
v[2940] = 673.416
v[2941] = 0
v[2942] = 675.65
v[2943] = 87.2528
v[2944] = 0
v[2945] = 875.504
v[2946] = 1137.84
v[2947] = 1141.62
v[2948] = 0
v[2949] = 1273.33
v[2950] = 1141.62
v[2951] = 1184.65
v[2952] = 1141.62
v[2953] = 1032.39
v[2954] = 1214.89
v[2955] = 1640.92
v[2956] = 0
v[2957] = 513.888
v[2958] = 0
v[2959] = 31.9255
v[2960] = 0
v[2961] = 513.888
v[2962] = 539.681
v[2963] = 515.968
v[2964] = 0
v[2965] = 439.116
v[2966] = 545.78
v[2967] = 791.092
v[2968] = 5.3408e+06
v[2969] = 5.34072e+06
v[2970] = 5.34088e+06
v[2971] = 5.3408e+06
v[2972] = 0
v[2973] = 0
v[2974] = 0
v[2975] = 291.149
v[2976] = 291.149
v[2977] = 296.293
v[2978] = 291.149
v[2979] = 271.768
v[2980] = 236.283
v[2981] = 853.92
v[2982] = 0
v[2983] = 770.647
v[2984] = 2666.07
v[2985] = 2668.84
v[2986] = 2628.26
v[2987] = 2609.55
v[2988] = 2666.07
v[2989] = 2700.46
v[2990] = 0
v[2991] = 0
v[2992] = 2566.37
v[2993] = 580.531
v[2994] = 582.457
v[2995] = 0
v[2996] = 649.658
v[2997] = 580.531
v[2998] = 0
v[2999] = 582.457
v[3000] = 74.2221
v[3001] = 0
v[3002] = 754.745
v[3003] = 249.557
v[3004] = 249.557
v[3005] = 253.965
v[3006] = 249.557
v[3007] = 0
v[3008] = 0
v[3009] = 660.555
v[3010] = 0
v[3011] = 0
v[3012] = 0
v[3013] = 966.073
v[3014] = 1.05871e-12
v[3015] = 5.32907e-13
v[3016] = 193.983
v[3017] = 0
v[3018] = 0
v[3019] = 0
v[3020] = 485.138
v[3021] = 242.706
v[3022] = 14.0326
v[3023] = 0
v[3024] = 0
v[3025] = 14.0326
v[3026] = 14.0326
v[3027] = 0
v[3028] = 556.705
v[3029] = 202.547
v[3030] = 603.482
v[3031] = 429.201
v[3032] = 603.482
v[3033] = 632.141
v[3034] = 0
v[3035] = 911.486
v[3036] = 0
v[3037] = 0
v[3038] = 519.726
v[3039] = 0
v[3040] = 465.965
v[3041] = 0
v[3042] = 0
v[3043] = 0
v[3044] = 258.071
v[3045] = 258.071
v[3046] = 242.479
v[3047] = 258.071
v[3048] = 0
v[3049] = 0
v[3050] = 563.765
v[3051] = 17.3044
v[3052] = 17.3044
v[3053] = 202.066
v[3054] = 68.2321
v[3055] = 0
v[3056] = 0
v[3057] = 0
v[3058] = 18.6887
v[3059] = 18.6887
v[3060] = 31.9255
v[3061] = 218.231
v[3062] = 73.6907
v[3063] = 31.9255
v[3064] = 0
v[3065] = 0
v[3066] = 0
v[3067] = 0
v[3068] = 911.486
v[3069] = 0
v[3070] = 24.2261
v[3071] = 24.2261
v[3072] = 41.3849
v[3073] = 282.893
v[3074] = 95.525
v[3075] = 43.569
v[3076] = 0
v[3077] = 0
v[3078] = 0
v[3079] = 239.158
v[3080] = 239.158
v[3081] = 243.383
v[3082] = 239.158
v[3083] = 701.435
v[3084] = 0
v[3085] = 175.48
v[3086] = 178.022
v[3087] = 266.727
v[3088] = 175.48
v[3089] = 0
v[3090] = 0
v[3091] = 228.76
v[3092] = 228.76
v[3093] = 232.801
v[3094] = 228.76
v[3095] = 0
v[3096] = 0
v[3097] = 0
v[3098] = 0
v[3099] = 1147.21
v[3100] = 2687.32
v[3101] = 0
v[3102] = 0
v[3103] = 2687.32
v[3104] = 2687.32
v[3105] = 0
v[3106] = 2931.87
v[3107] = 0
v[3108] = 0
v[3109] = 0
v[3110] = 5379.6
v[3111] = 5462.93
v[3112] = 0
v[3113] = 0
v[3114] = 291.149
v[3115] = 291.149
v[3116] = 296.293
v[3117] = 291.149
v[3118] = 853.92
v[3119] = 0
v[3120] = 322.344
v[3121] = 322.344
v[3122] = 328.038
v[3123] = 322.344
v[3124] = 0
v[3125] = 0
v[3126] = 853.217
v[3127] = 311.946
v[3128] = 311.946
v[3129] = 311.946
v[3130] = 914.915
v[3131] = 0
v[3132] = 353.539
v[3133] = 353.539
v[3134] = 0
v[3135] = 0
v[3136] = 935.786
v[3137] = 0
v[3138] = 0
v[3139] = 0
v[3140] = 0
v[3141] = 0
v[3142] = 0
v[3143] = 558.118
v[3144] = 0
v[3145] = 0
v[3146] = 0
v[3147] = 442.89
v[3148] = 0
v[3149] = 143.832
v[3150] = 0
v[3151] = 0
v[3152] = 353.539
v[3153] = 353.539
v[3154] = 359.784
v[3155] = 353.539
v[3156] = 330.005
v[3157] = 289.916
v[3158] = 1036.9
v[3159] = 0
v[3160] = 112.671
v[3161] = 112.671
v[3162] = 0
v[3163] = 79.1587
v[3164] = 0
v[3165] = 0
v[3166] = 129.879
v[3167] = 129.879
v[3168] = 0
v[3169] = 183.305
v[3170] = 129.879
v[3171] = 134.442
v[3172] = 0
v[3173] = 0
v[3174] = 50.5415
v[3175] = 228.76
v[3176] = 228.76
v[3177] = 232.801
v[3178] = 228.76
v[3179] = 670.938
v[3180] = 0
v[3181] = 647.119
v[3182] = 0
v[3183] = 0
v[3184] = 647.119
v[3185] = 649.737
v[3186] = 0
v[3187] = 687.279
v[3188] = 996.19
v[3189] = 0
v[3190] = 0
v[3191] = 0
v[3192] = 564.752
v[3193] = 2206.79
v[3194] = 2206.79
v[3195] = 2206.79
v[3196] = 2206.79
v[3197] = 0
v[3198] = 0
v[3199] = -1.72662e-12
v[3200] = 0
v[3201] = 80.6411
v[3202] = 0
v[3203] = 2.3107
v[3204] = 0
v[3205] = 606.422
v[3206] = 308.004
v[3207] = 0
v[3208] = 835.965
v[3209] = 838.738
v[3210] = 0
v[3211] = 935.507
v[3212] = 835.965
v[3213] = 0
v[3214] = 838.738
v[3215] = 0
v[3216] = 1086.83
v[3217] = -1.04496e-11
v[3218] = -1.04496e-11
v[3219] = -1.04496e-11
v[3220] = 0
v[3221] = -1.04496e-11
v[3222] = -1.98923e-13
v[3223] = 2.30216e-11
v[3224] = 0
v[3225] = 2.30216e-11
v[3226] = 2.30216e-11
v[3227] = 2.30216e-11
v[3228] = 2.30216e-11
v[3229] = -4.73677e-11
v[3230] = -4.73677e-11
v[3231] = -4.73677e-11
v[3232] = -4.73677e-11
v[3233] = 0
v[3234] = -4.73677e-11
v[3235] = 68.3592
v[3236] = 0
v[3237] = 68.3592
v[3238] = 0
v[3239] = 68.3592
v[3240] = 68.3592
v[3241] = -1.26678e-11
v[3242] = -1.26678e-11
v[3243] = -1.26678e-11
v[3244] = 0
v[3245] = -1.26678e-11
v[3246] = -1.26678e-11
v[3247] = 4.52987e-11
v[3248] = 4.52987e-11
v[3249] = 4.52987e-11
v[3250] = 4.52987e-11
v[3251] = 0
v[3252] = 4.52987e-11
v[3253] = -2.01348e-11
v[3254] = -2.01348e-11
v[3255] = -2.01348e-11
v[3256] = -2.01348e-11
v[3257] = -2.01348e-11
v[3258] = 0
v[3259] = -7.18413e-09
v[3260] = 0
v[3261] = -7.18413e-09
v[3262] = -7.18413e-09
v[3263] = -7.18413e-09
v[3264] = -7.18413e-09
v[3265] = 65.3334
v[3266] = 65.3334
v[3267] = -2.98428e-11
v[3268] = 0
v[3269] = 0
v[3270] = 0
v[3271] = 0
v[3272] = 0
v[3273] = 0
v[3274] = 0
v[3275] = 0
v[3276] = 0
v[3277] = 0
v[3278] = 0
v[3279] = 0
v[3280] = 0
v[3281] = 0
v[3282] = 0
v[3283] = 0
v[3284] = 0
v[3285] = 0
v[3286] = 0
v[3287] = 0
v[3288] = 0
v[3289] = -2.24182e-10
v[3290] = 0
v[3291] = 0
v[3292] = 0
v[3293] = 0
v[3294] = 0
v[3295] = 0
v[3296] = 0
v[3297] = 0
v[3298] = 0
v[3299] = 0
v[3300] = 0
v[3301] = 0
v[3302] = 0
v[3303] = 0
v[3304] = 0
v[3305] = 0
v[3306] = 0
v[3307] = 0
v[3308] = 0
v[3309] = 0
v[3310] = 0
v[3311] = 0
v[3312] = 0
v[3313] = 0
v[3314] = 0
v[3315] = 0
v[3316] = 0
v[3317] = 0
v[3318] = 0
v[3319] = 0
v[3320] = 0
v[3321] = 0
v[3322] = 0
v[3323] = 0
v[3324] = 0
v[3325] = 0
v[3326] = 0
v[3327] = 0
v[3328] = 0
v[3329] = 1.92157e+08
v[3330] = 0
v[3331] = 0
v[3332] = 0
v[3333] = 0
v[3334] = 0
v[3335] = 0
v[3336] = 0
v[3337] = 0
v[3338] = 0
v[3339] = 0
v[3340] = 0
v[3341] = 0
v[3342] = 0
v[3343] = 0
v[3344] = 0
v[3345] = 0
v[3346] = 0
v[3347] = 0
v[3348] = 0
v[3349] = -6.46932e-13
v[3350] = 0
v[3351] = 9.48913e-13
v[3352] = -2.02461e-12
v[3353] = -6.27996e-13
v[3354] = -1.11339e-12
v[3355] = -2.77264e-13
v[3356] = 0
v[3357] = 0
v[3358] = -8.50046e-13
v[3359] = 0
v[3360] = -6.44957e-13
v[3361] = -1.42876e-12
v[3362] = 0
v[3363] = 0
v[3364] = -2.80642e-12
v[3365] = 0
v[3366] = -1.8952e-12
v[3367] = 0
v[3368] = 0
v[3369] = -1.63186e-12
v[3370] = -7.81816e-13
v[3371] = 0
v[3372] = -1.06756e-12
v[3373] = 1.80037e-12
v[3374] = -1.17315e-12
v[3375] = 0
v[3376] = 0
v[3377] = 0
v[3378] = -2.82524e-11
v[3379] = 1.40742e-15
v[3380] = 8.51453e-13
v[3381] = 0
v[3382] = 0
v[3383] = 0
v[3384] = 0
v[3385] = 0
v[3386] = 7.24612e-13
v[3387] = -1.93164e-13
v[3388] = 0
v[3389] = 4.19303e-12
v[3390] = 1.92351e-12
v[3391] = 0
v[3392] = 1.92599e-12
v[3393] = 1.28104e-12
v[3394] = -1.05073e-12
v[3395] = 0
v[3396] = 0
v[3397] = -2.42841e-12
v[3398] = 0
v[3399] = 0
v[3400] = -1.48646e-12
v[3401] = 0
v[3402] = -4.0629e-13
v[3403] = -1.25385e-12
v[3404] = -4.03802e-13
v[3405] = 0
v[3406] = 0
v[3407] = 0
v[3408] = 0
v[3409] = -9.13696e-13
v[3410] = -9.04706e-14
v[3411] = 0
v[3412] = 0
v[3413] = -5.48297e-11
v[3414] = 0
messed up a farkas cofficient
setting all farkas coefficients to 0
7: cut: 3.52303e+08	calc: 3.52303e+08	diff: -1.19209e-07
18: cut: 3.52303e+08	calc: 3.52303e+08	diff: -1.19209e-07
1559: cut: -2.49941e+08	calc: -2.49941e+08	diff: 1.49012e-07
*** WARNING (version #43016fc): src/PdcUtility.cpp:298: Number of differences between true and calculated cuts: 3. Total difference: 3.8743e-07. Small enough difference that we will try to continue, but beware of numerical issues.
x:
x[0] = -51.7582
x[1] = 81.7027
x[2] = -20.1148
x[3] = -39.3363
x[4] = -30.1722
x[5] = 2434
x[6] = 506.879
x[7] = -27.6579
x[8] = -28.9151
x[9] = -28.9151
x[10] = -20.1148
x[11] = 96.1711
x[12] = -31.4294
x[13] = -23.8864
x[14] = -26.9143
x[15] = -43.6293
x[16] = -27.6579
x[17] = -26.4007
x[18] = -16.3433
x[19] = -32.6866
x[20] = -10.4927
x[21] = -35.1956
x[22] = -30.9041
x[23] = -28.9151
x[24] = -28.9151
x[25] = -30.1722
x[26] = -33.1253
x[27] = -45.5473
x[28] = -16.3433
x[29] = -21.372
x[30] = -30.9041
x[31] = 33.3586
x[32] = 69.4536
x[33] = -33.1253
x[34] = -21.372
x[35] = -38.1756
x[36] = -26.4007
x[37] = -27.6579
x[38] = -39.9935
x[39] = -26.4007
x[40] = 65.1643
x[41] = -30.1722
x[42] = -35.1956
x[43] = -17.6005
x[44] = -31.4294
x[45] = -20.1148
x[46] = 344.678
x[47] = 106.81
x[48] = -20.1148
x[49] = -34.5398
x[50] = -27.6579
x[51] = -21.372
x[52] = -18.8576
x[53] = -41.8114
x[54] = -32.6866
x[55] = -23.6325
x[56] = 466.329
x[57] = -49.6879
x[58] = -31.4294
x[59] = -32.6866
x[60] = -333.812
x[61] = 0.565236
x[62] = -461.446
x[63] = -136.961
x[64] = -60.3445
x[65] = -78.1691
x[66] = -706.819
x[67] = -54.0586
x[68] = -14.7155
x[69] = -60.0396
x[70] = 826.138
x[71] = -904.469
x[72] = -561.298
x[73] = -284.192
x[74] = 628.53
x[75] = -47.265
x[76] = -333.812
x[77] = 107.027
x[78] = -91.0945
x[79] = -245.45
x[80] = 993.483
x[81] = -85.4406
x[82] = -97.3055
x[83] = -19.6207
x[84] = -49.0299
x[85] = -44.0012
x[86] = -37.7153
x[87] = 567.704
x[88] = -45.4471
x[89] = -70.3912
x[90] = -44.0012
x[91] = -32.6866
x[92] = -412.356
x[93] = -55.3158
x[94] = -49.0829
x[95] = -339.113
x[96] = -55.3158
x[97] = -977.074
x[98] = -57.8301
x[99] = 770.456
x[100] = -22.3458
x[101] = -74.5319
x[102] = -52.7187
x[103] = -89.0764
x[104] = -33.9438
x[105] = -6.94724e+06
x[106] = -274.904
x[107] = -89.3169
x[108] = -45.4471
x[109] = -235.632
x[110] = -5.65528
x[111] = -30.1722
x[112] = 111.144
x[113] = -623.664
x[114] = -36.3577
x[115] = -74.4307
x[116] = -31.4294
x[117] = -33.9438
x[118] = -623.664
x[119] = -44.0012
x[120] = -225.814
x[121] = -41.4868
x[122] = -215.996
x[123] = -6.71565
x[124] = 128.208
x[125] = -68.3209
x[126] = -38.9725
x[127] = -274.904
x[128] = -304.358
x[129] = -294.54
x[130] = -333.812
x[131] = -265.086
x[132] = 608.255
x[133] = -46.5155
x[134] = -333.812
x[135] = 486.604
x[136] = 44.241
x[137] = -215.996
x[138] = -18.5307
x[139] = -67.2183
x[140] = -30.1722
x[141] = -37.7153
x[142] = -65.4439
x[143] = -7.30936
x[144] = -7.30936
x[145] = -1.36402
x[146] = -12.683
x[147] = -7.30936
x[148] = -11.9605
x[149] = -7.30936
x[150] = 1.00396e-09
x[151] = -5.18988
x[152] = -13.3356
x[153] = -20.9236
x[154] = -20.2752
x[155] = -1.57482e-13
x[156] = 3.55178e-13
x[157] = -9.62514e-13
x[158] = 9.29707e-14
x[159] = -7.03892e-13
x[160] = -4.70106e-13
x[161] = -4.58611e-13
x[162] = -245040
x[163] = -8.70988e-14
x[164] = 0
x[165] = -0
x[166] = 0
x[167] = -4.72445e-12
x[168] = -3.98219e-11
x[169] = 1.06553e-11
x[170] = -5.32184e-11
x[171] = 2.78912e-12
x[172] = 4.22866e-12
x[173] = -5.5601e-12
x[174] = -2.11168e-11
x[175] = -1.41032e-11
x[176] = -1.37583e-11
x[177] = -2.61296e-12
x[178] = -0
x[179] = -0
x[180] = -0
x[181] = -2.07142e-13
x[182] = 5.39222e-13
x[183] = -1.92695e-13
x[184] = -6.35765e-13
x[185] = -8.90522e-13
x[186] = -6.83979e-14
x[187] = -9.48169e-13
x[188] = -1.20714e-12
x[189] = -3.84098e-13
x[190] = -8.73905e-13
x[191] = -5.19909e-14
x[192] = -3.92391e-13
x[193] = -263096
x[194] = 0
x[195] = -8.20084e-13
x[196] = 0
x[197] = 1.01247e-13
x[198] = -9.8034e-13
x[199] = -9.8034e-13
x[200] = -7.66496e-13
x[201] = -9.8034e-13
x[202] = 8.22124e-13
x[203] = -9.48169e-13
x[204] = -7.41027e-13
x[205] = -2.69949e-13
x[206] = -5.76469e-14
x[207] = -1.96068e-12
x[208] = -1.96068e-12
x[209] = -1.96068e-12
x[210] = -3.16616e-13
x[211] = -1.26244e-13
x[212] = -0
x[213] = -1.91403e-13
x[214] = 2.51668e-13
x[215] = -0
x[216] = -9.55811e-13
x[217] = -6.66763e-13
x[218] = -9.55811e-13
x[219] = -2.37032e-13
x[220] = 1.97276e-12
x[221] = 1.97276e-12
x[222] = 2.49235e-12
x[223] = 1.97276e-12
x[224] = -5.50333e-13
x[225] = -1.85248e-13
x[226] = -5.50333e-13
x[227] = -1.99696e-13
x[228] = -263096
x[229] = -1.56854e-10
x[230] = -1.56854e-10
x[231] = -263096
x[232] = -1.25483e-10
x[233] = -0
x[234] = -0
x[235] = 8.52651e-14
x[236] = -0
x[237] = -0
x[238] = -0
x[239] = -1.55571e-15
x[240] = 7.37012e-13
x[241] = -9.31323e-10
x[242] = -2.56451e-10
x[243] = -1.86265e-09
x[244] = 0
x[245] = -9.08021e-10
x[246] = 1.87412e-09
x[247] = -5.22817e-10
x[248] = -2.49941e+08
x[249] = 0
x[250] = -0
x[251] = 0
x[252] = -1.47793e-12
x[253] = -437.297
x[254] = -4.91931
x[255] = -2.06198
x[256] = -111.875
x[257] = -20.8142
x[258] = -21.4952
x[259] = -0.027556
x[260] = -2.80664e-13
x[261] = -13.8761
x[262] = -14.3301
x[263] = -59.9381
x[264] = 1.7053e-13
x[265] = -2451.6
x[266] = -2376.37
x[267] = -0.180386
x[268] = -301.565
x[269] = -3.9956
x[270] = -1982.98
x[271] = -124.328
x[272] = -19.0074
x[273] = -19.7039
x[274] = -2.52243e-13
x[275] = -2.52243e-13
x[276] = 4.61853e-14
x[277] = -0.0459266
x[278] = -118.8
x[279] = -134.483
x[280] = -16.1673
x[281] = -141.282
x[282] = 2.66509e-13
x[283] = -0.0252596
x[284] = -16.4418
x[285] = -17.017
x[286] = -227.394
x[287] = -20.8142
x[288] = -8.03817
x[289] = -75.9595
x[290] = -124.328
x[291] = -0.0229633
x[292] = -19.0074
x[293] = -19.7039
x[294] = -118.677
x[295] = -18.2486
x[296] = -18.8083
x[297] = -12.8675
x[298] = -15.7387
x[299] = -11.3105
x[300] = -11.6432
x[301] = -3.41061e-13
x[302] = -13.3937
x[303] = -297.362
x[304] = -3.59957
x[305] = -4.29156
x[306] = -65.9588
x[307] = -129.979
x[308] = -19.7662
x[309] = -107.214
x[310] = -129.979
x[311] = -1.21067
x[312] = -19.7662
x[313] = -20.5996
x[314] = 5.32907e-14
x[315] = -20.8142
x[316] = -21.4952
x[317] = -279.87
x[318] = -2.27056
x[319] = -104.522
x[320] = -4.35213
x[321] = -0
x[322] = -15.7387
x[323] = -0.0665936
x[324] = -14.9241
x[325] = -15.2258
x[326] = -4.29156
x[327] = -65.9588
x[328] = -57.245
x[329] = -73.6868
x[330] = -0.0298523
x[331] = -85.7969
x[332] = -20.4706
x[333] = -11.6731
x[334] = -279.87
x[335] = -2.27056
x[336] = -16.8268
x[337] = -0.0665936
x[338] = -14.9241
x[339] = -15.2258
x[340] = -5.30133
x[341] = -80.7478
x[342] = -118.677
x[343] = -18.2486
x[344] = -18.8083
x[345] = -124.328
x[346] = -5.55378
x[347] = -84.1628
x[348] = -118.677
x[349] = -18.2486
x[350] = -18.8083
x[351] = -135.124
x[352] = -106.976
x[353] = -19.5284
x[354] = -20.3617
x[355] = -135.63
x[356] = -20.8142
x[357] = -21.4952
x[358] = -297.362
x[359] = -3.59957
x[360] = -79.1178
x[361] = -12.3585
x[362] = -12.5389
x[363] = -1.1724e-13
x[364] = -21.573
x[365] = -22.3908
x[366] = -90.4203
x[367] = -13.8761
x[368] = -14.3301
x[369] = -123.59
x[370] = -2.71701
x[371] = -698.087
x[372] = -0.00459266
x[373] = -131.954
x[374] = -75.1152
x[375] = -17.9172
x[376] = -15.837
x[377] = -0.027556
x[378] = -13.8761
x[379] = -14.3301
x[380] = -2487.91
x[381] = -72.7887
x[382] = -8.17124e-14
x[383] = -0.0665936
x[384] = -0.0482229
x[385] = -13.1173
x[386] = -13.4345
x[387] = -366.806
x[388] = -146.933
x[389] = -22.3319
x[390] = -35.1069
x[391] = -50.0405
x[392] = -144.444
x[393] = -3.67595
x[394] = -616.366
x[395] = -39.3878
x[396] = -419.805
x[397] = -60.202
x[398] = -1.9795
x[399] = 4.54747e-13
x[400] = -3.41061e-13
x[401] = -55.1018
x[402] = -113.741
x[403] = -38.3433
x[404] = -1332.46
x[405] = -9.09495e-13
x[406] = -1.188e+07
x[407] = -42.9904
x[408] = -1.81899e-12
x[409] = -542.235
x[410] = -36.6777
x[411] = -19.2282
x[412] = -6.54468e+06
x[413] = -24.1821
x[414] = -1.31605
x[415] = -93.1671
x[416] = -709.614
x[417] = -184.271
x[418] = -4.54747e-13
x[419] = -39.2433
x[420] = -754.306
x[421] = -425.137
x[422] = -6.56356
x[423] = -98.9519
x[424] = -139.714
x[425] = 9.09495e-13
x[426] = -22.3319
x[427] = -23.2864
x[428] = -769.643
x[429] = -3.62908
x[430] = -708.754
x[431] = -671.99
x[432] = -749.56
x[433] = -822.118
x[434] = -10.7857
x[435] = -25.6376
x[436] = -56.3684
x[437] = -33.3532
x[438] = -1.13687e-13
x[439] = -30.0288
x[440] = -25.6563
x[441] = -26.869
x[442] = -1149.79
x[443] = -6.31111
x[444] = -95.5369
x[445] = -594.724
x[446] = -2.80429
x[447] = 9.09495e-13
x[448] = -8.40213e+06
x[449] = -31.3471
x[450] = -1.13687e-13
x[451] = 4.54747e-12
x[452] = -1.08287e+07
x[453] = -39.4078
x[454] = -6.816
x[455] = -102.367
x[456] = -229.361
x[457] = -229.335
x[458] = -7.71252e-10
x[459] = -7.70342e-10
x[460] = -37.4365
x[461] = -749.56
x[462] = 1.36424e-12
x[463] = -39.2433
x[464] = -41.1991
x[465] = -1560.43
x[466] = -29.1984
x[467] = -1.08617
x[468] = -629.708
x[469] = -2.96925
x[470] = -7.32089
x[471] = -110.326
x[472] = -101.275
x[473] = -558.648
x[474] = -25.9733
x[475] = -8.72616e+06
x[476] = -6.31111
x[477] = -95.5369
x[478] = -438.616
x[479] = -52.5171
x[480] = -121.7
x[481] = 3.41061e-13
x[482] = -20.8142
x[483] = -145.088
x[484] = -101.275
x[485] = -478.442
x[486] = -5.04889
x[487] = -76.2037
x[488] = -4.84525e+06
x[489] = -6.62369e+06
x[490] = -7.2718e+06
x[491] = -5.89651e+06
x[492] = -157.005
x[493] = -1.68399e-12
x[494] = -101.275
x[495] = -108.697
x[496] = -478.442
x[497] = -1.89715e-12
x[498] = -131.379
x[499] = -140.903
x[500] = -7.99902e+06
x[501] = -62.364
x[502] = -143.319
x[503] = -158.38
x[504] = -0.0413339
x[505] = -5.57259e+06
x[506] = -116.784
x[507] = -7.35088e+06
x[508] = -878.855
x[509] = -963.906
x[510] = -411.423
x[511] = -542.235
x[512] = -30.0867
x[513] = -138.689
x[514] = -148.955
x[515] = -985.535
x[516] = -4.84525e+06
x[517] = -78.1848
x[518] = -101.275
x[519] = -24.1821
x[520] = -24.2133
x[521] = -550.941
x[522] = -472.281
x[523] = -496.463
x[524] = -5.57243e+06
x[525] = 1.56319e-12
x[526] = -25.6563
x[527] = -329.138
x[528] = -9.088
x[529] = -136.489
x[530] = 2.56451e-10
x[531] = 2.56451e-10
x[532] = 2.01687e-10
x[533] = 1.86265e-09
x[534] = 1.56186e-09
x[535] = 2.74596e-10
x[536] = 6.8284e-10
x[537] = 9.08021e-10
x[538] = -1.87412e-09
x[539] = -1.87412e-09
x[540] = 3.46831e-10
x[541] = 3.33106e-10
x[542] = 5.22817e-10
x[543] = -0
x[544] = -0
x[545] = -0
x[546] = -0
x[547] = 7.01639e-10
x[548] = -8.67404
x[549] = 231.142
x[550] = 1215.86
x[551] = 2138.39
x[552] = 22.027
x[553] = 11.0884
x[554] = 941.908
x[555] = 1827.34
x[556] = 462.425
x[557] = 341.004
x[558] = 3170.74
x[559] = 1827.34
x[560] = 2990.12
x[561] = 1623.62
x[562] = 1297.47
x[563] = 3333.89
x[564] = 5068.79
x[565] = -1364.92
x[566] = -810.9
x[567] = -5230.89
x[568] = 20.3288
x[569] = 20.3288
x[570] = 154.669
x[571] = 71.0307
x[572] = 20.3288
x[573] = 326.207
x[574] = 299.326
x[575] = 558.637
x[576] = -7.10543e-14
x[577] = -1.69251e-11
x[578] = 17.0917
x[579] = -7.17648e-12
x[580] = -5.11591e-13
x[581] = 306.794
x[582] = 214.866
x[583] = 404.901
x[584] = 1.74083e-13
x[585] = 19.5816
x[586] = 74.5833
x[587] = 74.4179
x[588] = 204.53
x[589] = 217.827
x[590] = 344.517
x[591] = 2032.02
x[592] = 2032.02
x[593] = 2134.12
x[594] = 2032.02
x[595] = 2032.02
x[596] = 1665.88
x[597] = 124.568
x[598] = 1943.45
x[599] = 2290.69
x[600] = 2204.02
x[601] = 23.7555
x[602] = 29.3724
x[603] = 182.095
x[604] = 111.627
x[605] = 23.7555
x[606] = 2.94125
x[607] = 2.26027
x[608] = 306.794
x[609] = 326.741
x[610] = 516.776
x[611] = 12.3585
x[612] = 12.3585
x[613] = 12.3585
x[614] = 12.3585
x[615] = 12.3585
x[616] = 191.322
x[617] = 122.004
x[618] = 100.281
x[619] = 79.1244
x[620] = 1.59162e-12
x[621] = 96.9284
x[622] = 79.1244
x[623] = 78.8659
x[624] = 79.1244
x[625] = 57.5514
x[626] = 38.7906
x[627] = 4.51195e-13
x[628] = -1.56248e-11
x[629] = 118.219
x[630] = 102.325
x[631] = -3.73035e-13
x[632] = 281.228
x[633] = 299.513
x[634] = 473.711
x[635] = 50.9142
x[636] = 50.9142
x[637] = 174.507
x[638] = 157.89
x[639] = 50.9142
x[640] = 2.99941
x[641] = 2.1661
x[642] = 294.011
x[643] = 364.041
x[644] = 495.244
x[645] = 22.7656
x[646] = 28.1485
x[647] = 146.359
x[648] = 129.741
x[649] = 22.7656
x[650] = 2.99941
x[651] = 2.1661
x[652] = 294.011
x[653] = 335.892
x[654] = 495.244
x[655] = 15.837
x[656] = 19.5816
x[657] = 121.396
x[658] = 74.4179
x[659] = 15.837
x[660] = 1.96083
x[661] = 1.50685
x[662] = 204.53
x[663] = 217.827
x[664] = 344.517
x[665] = 1.28182e-11
x[666] = 1.28755e-11
x[667] = 1.2999e-11
x[668] = 7.75913e-12
x[669] = 217.42
x[670] = 128.108
x[671] = 268.782
x[672] = 1320.28
x[673] = 1320.28
x[674] = 1454.62
x[675] = 1436.56
x[676] = 1320.28
x[677] = 838.58
x[678] = 1267.3
x[679] = 1203.75
x[680] = 1660.64
x[681] = 1621.85
x[682] = 23.2531
x[683] = 88.5677
x[684] = 88.3712
x[685] = -3.90346e-13
x[686] = 242.879
x[687] = 258.67
x[688] = 409.114
x[689] = 75.9666
x[690] = 75.9666
x[691] = 87.701
x[692] = 75.9666
x[693] = 75.9666
x[694] = 27.0116
x[695] = 64.3234
x[696] = 169.628
x[697] = 155.65
x[698] = 290.491
x[699] = 1.6847e-11
x[700] = 13.457
x[701] = 158.339
x[702] = 111.875
x[703] = 111.627
x[704] = 13.457
x[705] = 306.794
x[706] = 326.741
x[707] = 4.5368e-13
x[708] = -1.5639e-11
x[709] = 102.325
x[710] = -3.746e-13
x[711] = 281.228
x[712] = 299.513
x[713] = 473.711
x[714] = 7.4607e-14
x[715] = -1.46585e-11
x[716] = 112.846
x[717] = 97.6734
x[718] = -4.26326e-13
x[719] = 268.445
x[720] = 285.898
x[721] = 452.179
x[722] = 15.91
x[723] = 60.5989
x[724] = 60.4645
x[725] = -2.79728e-13
x[726] = 166.18
x[727] = 176.985
x[728] = 279.92
x[729] = 25.7351
x[730] = 31.82
x[731] = 197.269
x[732] = 120.929
x[733] = 25.7351
x[734] = 3.40321
x[735] = 332.361
x[736] = 353.969
x[737] = 559.841
x[738] = 3981.82
x[739] = 3737.84
x[740] = 3981.82
x[741] = 4070.19
x[742] = 3981.82
x[743] = 3598.66
x[744] = 3941.55
x[745] = 3701.84
x[746] = 4240.49
x[747] = 4211.01
x[748] = 51.9275
x[749] = 51.9275
x[750] = 105.175
x[751] = 65.3655
x[752] = 51.9275
x[753] = 36.7018
x[754] = 221.821
x[755] = 203.542
x[756] = 379.873
x[757] = 218.293
x[758] = 218.293
x[759] = 309.644
x[760] = 218.293
x[761] = 218.293
x[762] = 43.034
x[763] = 272.024
x[764] = 449.734
x[765] = 423.357
x[766] = 231.713
x[767] = -1.65805e-11
x[768] = 355.307
x[769] = 338.689
x[770] = 231.713
x[771] = 182.965
x[772] = 544.84
x[773] = 509.153
x[774] = 8.61837e-13
x[775] = -1.65841e-11
x[776] = 106.976
x[777] = -2.94848e-13
x[778] = 294.011
x[779] = 313.127
x[780] = 495.244
x[781] = 2.59348e-13
x[782] = 29.3724
x[783] = 128.967
x[784] = 111.627
x[785] = -4.36984e-13
x[786] = 306.794
x[787] = 326.741
x[788] = 516.776
x[789] = 57.9373
x[790] = 57.9373
x[791] = 98.9883
x[792] = 64.6574
x[793] = 57.9373
x[794] = 43.6072
x[795] = 208.772
x[796] = 191.569
x[797] = 357.528
x[798] = 177.975
x[799] = 177.975
x[800] = 296.194
x[801] = 177.975
x[802] = 177.975
x[803] = 131.346
x[804] = 287.062
x[805] = 477.487
x[806] = 491.601
x[807] = 15.91
x[808] = 73.4665
x[809] = 60.4645
x[810] = 12.8675
x[811] = 1.55704
x[812] = 1.22431
x[813] = 166.18
x[814] = 176.985
x[815] = 279.92
x[816] = 1.38556e-13
x[817] = 20.8054
x[818] = 79.2448
x[819] = 79.069
x[820] = 1.77636e-14
x[821] = 217.313
x[822] = 231.442
x[823] = 366.05
x[824] = 218.293
x[825] = 218.293
x[826] = 309.644
x[827] = 218.293
x[828] = 218.293
x[829] = 43.034
x[830] = 272.024
x[831] = 423.357
x[832] = 54.7131
x[833] = 54.7131
x[834] = 68.1068
x[835] = 54.7131
x[836] = 54.3793
x[837] = 37.5588
x[838] = 297.592
x[839] = 203.38
x[840] = -8.52651e-14
x[841] = -8.35638e-15
x[842] = -9.19798e-12
x[843] = -3.80851e-12
x[844] = 157.02
x[845] = 92.5257
x[846] = 194.123
x[847] = 57.9373
x[848] = 57.9373
x[849] = 98.9883
x[850] = 64.6574
x[851] = 57.9373
x[852] = 43.6072
x[853] = 208.772
x[854] = 191.569
x[855] = 357.528
x[856] = 20.8054
x[857] = 79.2448
x[858] = 79.069
x[859] = 217.313
x[860] = 231.442
x[861] = 366.05
x[862] = 269.656
x[863] = 269.656
x[864] = 382.502
x[865] = 269.656
x[866] = 269.656
x[867] = 53.3467
x[868] = 336.03
x[869] = 555.554
x[870] = 522.97
x[871] = 3.01981e-13
x[872] = -1.44311e-11
x[873] = 112.846
x[874] = 97.6734
x[875] = -1.98952e-13
x[876] = 268.445
x[877] = 285.898
x[878] = 452.179
x[879] = 3051.78
x[880] = 2769.29
x[881] = 3170
x[882] = 3154.11
x[883] = 3051.78
x[884] = 2608.15
x[885] = 3005.15
x[886] = 2727.59
x[887] = 3351.29
x[888] = 3317.16
x[889] = 282.497
x[890] = 282.497
x[891] = 400.716
x[892] = 282.497
x[893] = 282.497
x[894] = 55.9972
x[895] = 352.031
x[896] = 582.009
x[897] = 547.874
x[898] = 3.01981e-13
x[899] = -1.44311e-11
x[900] = 112.846
x[901] = 97.6734
x[902] = -1.98952e-13
x[903] = 268.445
x[904] = 285.898
x[905] = 452.179
x[906] = 0.237843
x[907] = 16.6174
x[908] = 0.237843
x[909] = 0.237843
x[910] = 294.249
x[911] = 206.151
x[912] = 401.164
x[913] = 1.74083e-13
x[914] = -1.69535e-11
x[915] = 128.967
x[916] = 111.627
x[917] = -5.22249e-13
x[918] = 306.794
x[919] = 326.741
x[920] = 516.776
x[921] = 51.9275
x[922] = 51.9275
x[923] = 105.175
x[924] = 65.3655
x[925] = 51.9275
x[926] = 36.7018
x[927] = 221.821
x[928] = 203.542
x[929] = 379.873
x[930] = -4.83169e-13
x[931] = -9.65628e-12
x[932] = 75.2306
x[933] = 65.1156
x[934] = -2.66454e-13
x[935] = 178.963
x[936] = 190.599
x[937] = 301.453
x[938] = 4.68958e-13
x[939] = 30.5962
x[940] = 134.34
x[941] = 116.278
x[942] = -5.57776e-13
x[943] = 319.578
x[944] = 340.355
x[945] = 538.308
x[946] = 2.62901e-13
x[947] = -1.11307e-11
x[948] = 85.9778
x[949] = 74.4179
x[950] = -1.91847e-13
x[951] = 204.53
x[952] = 217.827
x[953] = 344.517
x[954] = 53.8046
x[955] = 1.76215e-12
x[956] = 65.9113
x[957] = 53.8046
x[958] = 53.6288
x[959] = 53.8046
x[960] = 38.8805
x[961] = 77.5469
x[962] = 2.41674
x[963] = 2.41674
x[964] = 2.41674
x[965] = 1.83004
x[966] = 258.079
x[967] = 142.389
x[968] = 298.693
x[969] = 19.5816
x[970] = 74.5833
x[971] = 74.4179
x[972] = -4.48724e-13
x[973] = 204.53
x[974] = 217.827
x[975] = 344.517
x[976] = 243.974
x[977] = 243.974
x[978] = 346.073
x[979] = 243.974
x[980] = 243.974
x[981] = 48.3349
x[982] = 304.027
x[983] = 473.164
x[984] = 21.7758
x[985] = 26.9247
x[986] = 166.92
x[987] = 124.1
x[988] = 21.7758
x[989] = 2.76843
x[990] = 2.07192
x[991] = 281.228
x[992] = 321.288
x[993] = 473.711
x[994] = 552.436
x[995] = 498.631
x[996] = 552.436
x[997] = 552.26
x[998] = 552.436
x[999] = 537.511
x[1000] = 537.21
x[1001] = 769.748
x[1002] = 685.576
x[1003] = 659.199
x[1004] = 18.3577
x[1005] = 69.9219
x[1006] = 69.7667
x[1007] = -1.42109e-13
x[1008] = 191.747
x[1009] = 204.213
x[1010] = 322.985
x[1011] = 295.337
x[1012] = 295.337
x[1013] = 418.931
x[1014] = 295.337
x[1015] = 402.313
x[1016] = 295.337
x[1017] = 246.589
x[1018] = 1.58806e-11
x[1019] = 608.464
x[1020] = 383.135
x[1021] = 121.198
x[1022] = 522.849
x[1023] = 504.064
x[1024] = 383.135
x[1025] = 328.028
x[1026] = 737.104
x[1027] = 696.762
x[1028] = 166.93
x[1029] = 166.93
x[1030] = 236.787
x[1031] = 166.93
x[1032] = 166.93
x[1033] = 33.0104
x[1034] = 208.018
x[1035] = 323.743
x[1036] = 72.7945
x[1037] = 6.72903
x[1038] = 89.1741
x[1039] = 72.7945
x[1040] = 72.5566
x[1041] = 72.7945
x[1042] = 53.0283
x[1043] = 104.916
x[1044] = 19.5157
x[1045] = 148.482
x[1046] = 70.3225
x[1047] = 19.5157
x[1048] = 307.043
x[1049] = 287.353
x[1050] = 536.292
x[1051] = 24.7453
x[1052] = 30.5962
x[1053] = 189.682
x[1054] = 116.278
x[1055] = 24.7453
x[1056] = 3.17223
x[1057] = 2.35445
x[1058] = 319.578
x[1059] = 340.355
x[1060] = 538.308
x[1061] = 57.5551
x[1062] = 57.5551
x[1063] = 197.269
x[1064] = 178.484
x[1065] = 57.5551
x[1066] = 3.40321
x[1067] = 2.44863
x[1068] = 332.361
x[1069] = 411.525
x[1070] = 559.841
x[1071] = 291.068
x[1072] = 291.068
x[1073] = 272.004
x[1074] = 473.771
x[1075] = 291.068
x[1076] = 263.42
x[1077] = 291.068
x[1078] = 213.32
x[1079] = 676.927
x[1080] = 1023.17
x[1081] = 330.121
x[1082] = 330.121
x[1083] = 491.329
x[1084] = 330.121
x[1085] = 330.121
x[1086] = 691.999
x[1087] = 402.358
x[1088] = 376.005
x[1089] = 654.918
x[1090] = 402.358
x[1091] = 364.14
x[1092] = 402.358
x[1093] = 294.943
x[1094] = 360.264
x[1095] = 1414.38
x[1096] = 80.3879
x[1097] = 322.2
x[1098] = 80.3879
x[1099] = 80.3879
x[1100] = 42.1925
x[1101] = 510.633
x[1102] = -137.208
x[1103] = 1049.34
x[1104] = -2.03926e-12
x[1105] = 58.7447
x[1106] = 223.75
x[1107] = 223.254
x[1108] = -3.83693e-12
x[1109] = 613.589
x[1110] = 653.482
x[1111] = 681.581
x[1112] = 681.581
x[1113] = 912.646
x[1114] = 681.581
x[1115] = 752.151
x[1116] = 590.443
x[1117] = 688.061
x[1118] = 1266.99
x[1119] = 664.075
x[1120] = 664.075
x[1121] = 645.011
x[1122] = 846.778
x[1123] = 664.075
x[1124] = 659.16
x[1125] = 633.624
x[1126] = 963.906
x[1127] = 1.52056e-12
x[1128] = 231.065
x[1129] = -1.05871e-12
x[1130] = -1.54188e-12
x[1131] = 549.673
x[1132] = -306.44
x[1133] = 925.89
x[1134] = -9.37916e-13
x[1135] = -2.13163e-14
x[1136] = 13.8157
x[1137] = 106.631
x[1138] = 125.58
x[1139] = 334.248
x[1140] = 367.584
x[1141] = 23.5815
x[1142] = 23.5815
x[1143] = 59.073
x[1144] = 214.908
x[1145] = 158.764
x[1146] = 23.5815
x[1147] = 12.9935
x[1148] = 12.9935
x[1149] = 182.89
x[1150] = 88.0261
x[1151] = 639.366
x[1152] = 586.68
x[1153] = 167.344
x[1154] = 846.639
x[1155] = 846.639
x[1156] = 846.639
x[1157] = 1060.59
x[1158] = 846.639
x[1159] = 632.212
x[1160] = 1472.89
x[1161] = 527.354
x[1162] = 527.354
x[1163] = 672.442
x[1164] = 527.354
x[1165] = 527.354
x[1166] = 166.444
x[1167] = -537.559
x[1168] = 1108.73
x[1169] = 941.006
x[1170] = 777.359
x[1171] = 975.189
x[1172] = 909.03
x[1173] = 941.006
x[1174] = 900.245
x[1175] = 898.015
x[1176] = 229.45
x[1177] = 1257.4
x[1178] = 98.1143
x[1179] = 98.1143
x[1180] = 3.06954e-12
x[1181] = 198.26
x[1182] = 98.1143
x[1183] = 175.863
x[1184] = 453.718
x[1185] = 333.86
x[1186] = 333.86
x[1187] = 473.574
x[1188] = 333.86
x[1189] = 333.86
x[1190] = 66.3099
x[1191] = 647.487
x[1192] = 291.068
x[1193] = 291.068
x[1194] = 473.771
x[1195] = 291.068
x[1196] = 291.068
x[1197] = 213.32
x[1198] = 676.927
x[1199] = 1023.17
x[1200] = 3.97904e-13
x[1201] = -1.84386e-11
x[1202] = 2.16047
x[1203] = -3.07524e-13
x[1204] = 332.361
x[1205] = 214.255
x[1206] = 420.127
x[1207] = 35.7788
x[1208] = 35.7788
x[1209] = 272.218
x[1210] = 84.4854
x[1211] = 35.7788
x[1212] = 574.124
x[1213] = 526.814
x[1214] = 326.105
x[1215] = 214.02
x[1216] = 214.02
x[1217] = 200.003
x[1218] = 348.361
x[1219] = 214.02
x[1220] = 193.692
x[1221] = 214.02
x[1222] = 156.589
x[1223] = 191.63
x[1224] = 752.329
x[1225] = 155.084
x[1226] = 155.084
x[1227] = 1.13687e-13
x[1228] = 313.379
x[1229] = 155.084
x[1230] = 277.976
x[1231] = 717.168
x[1232] = 603.516
x[1233] = 603.516
x[1234] = 856.076
x[1235] = 603.516
x[1236] = 822.118
x[1237] = 603.516
x[1238] = 503.9
x[1239] = 3.31539e-11
x[1240] = 1243.38
x[1241] = 38.2182
x[1242] = 38.2182
x[1243] = 290.778
x[1244] = 86.6098
x[1245] = 38.2182
x[1246] = 613.269
x[1247] = 562.733
x[1248] = 1050.24
x[1249] = 142.175
x[1250] = 18.4209
x[1251] = 142.175
x[1252] = 309.615
x[1253] = 142.175
x[1254] = 445.664
x[1255] = 632.286
x[1256] = 749.526
x[1257] = 1.20792e-12
x[1258] = 209.571
x[1259] = -1.13687e-12
x[1260] = -1.18661e-12
x[1261] = -8.73968e-13
x[1262] = -776.475
x[1263] = 839.761
x[1264] = 9.59233e-13
x[1265] = 188.076
x[1266] = -9.37916e-13
x[1267] = 447.409
x[1268] = 476.497
x[1269] = 93.9054
x[1270] = 93.9054
x[1271] = 86.872
x[1272] = 197.924
x[1273] = 139.844
x[1274] = 176.249
x[1275] = 645.97
x[1276] = 88.6194
x[1277] = 88.6194
x[1278] = 2.72848e-12
x[1279] = 108.56
x[1280] = 88.6194
x[1281] = 88.3298
x[1282] = 127.724
x[1283] = 321.019
x[1284] = 321.019
x[1285] = 455.359
x[1286] = 321.019
x[1287] = 321.019
x[1288] = 63.6595
x[1289] = 622.584
x[1290] = 27.6472
x[1291] = 27.6472
x[1292] = 210.35
x[1293] = 77.404
x[1294] = 27.6472
x[1295] = 443.641
x[1296] = 759.746
x[1297] = 1.4424e-12
x[1298] = 2.40163e-12
x[1299] = 42.8347
x[1300] = 163.151
x[1301] = 162.789
x[1302] = 447.409
x[1303] = 476.497
x[1304] = 25.7351
x[1305] = 31.82
x[1306] = 197.269
x[1307] = 120.929
x[1308] = 25.7351
x[1309] = 3.40321
x[1310] = 332.361
x[1311] = 353.969
x[1312] = 559.841
x[1313] = 1131.03
x[1314] = 1131.03
x[1315] = 1160.95
x[1316] = 1131.03
x[1317] = 1131.03
x[1318] = 1095.41
x[1319] = 836.203
x[1320] = 1394.8
x[1321] = 1.71241e-12
x[1322] = 3.43903e-12
x[1323] = 53.8493
x[1324] = 205.104
x[1325] = 204.649
x[1326] = 562.457
x[1327] = 599.025
x[1328] = 346.7
x[1329] = 346.7
x[1330] = 491.788
x[1331] = 346.7
x[1332] = 346.7
x[1333] = 68.9604
x[1334] = 297.627
x[1335] = 297.627
x[1336] = 297.627
x[1337] = 451.113
x[1338] = 297.627
x[1339] = 115.577
x[1340] = 268.071
x[1341] = 565.641
x[1342] = 746.895
x[1343] = 53.8493
x[1344] = 204.649
x[1345] = -7.72914e-10
x[1346] = 562.457
x[1347] = 599.025
x[1348] = 947.423
x[1349] = 917.987
x[1350] = 917.987
x[1351] = 891.633
x[1352] = 1170.55
x[1353] = 917.987
x[1354] = 911.192
x[1355] = 875.892
x[1356] = 1332.46
x[1357] = -1.62004e-12
x[1358] = 56.297
x[1359] = 214.427
x[1360] = 213.951
x[1361] = -3.12639e-12
x[1362] = 588.023
x[1363] = 626.254
x[1364] = 990.487
x[1365] = 120.269
x[1366] = 120.269
x[1367] = 1.02318e-12
x[1368] = 156.589
x[1369] = 120.269
x[1370] = 119.876
x[1371] = 173.34
x[1372] = 152.51
x[1373] = 152.51
x[1374] = 152.51
x[1375] = 494.909
x[1376] = 710.692
x[1377] = 29.2735
x[1378] = 29.2735
x[1379] = 222.724
x[1380] = 78.8203
x[1381] = 29.2735
x[1382] = 469.738
x[1383] = 431.03
x[1384] = 804.437
x[1385] = 372.382
x[1386] = 372.382
x[1387] = 528.217
x[1388] = 372.382
x[1389] = 372.382
x[1390] = 73.9722
x[1391] = 722.197
x[1392] = 776.685
x[1393] = 776.685
x[1394] = 1039.99
x[1395] = 776.685
x[1396] = 857.102
x[1397] = 776.685
x[1398] = 672.831
x[1399] = 784.07
x[1400] = 1443.78
x[1401] = 442.945
x[1402] = 96.2441
x[1403] = 442.945
x[1404] = 568.525
x[1405] = 442.945
x[1406] = 385.719
x[1407] = 345.144
x[1408] = 810.528
x[1409] = 6.94721e+06
x[1410] = 6.94719e+06
x[1411] = 6.94736e+06
x[1412] = 6.94718e+06
x[1413] = 239.703
x[1414] = 239.703
x[1415] = 390.164
x[1416] = 239.703
x[1417] = 239.703
x[1418] = 175.403
x[1419] = 557.469
x[1420] = 842.608
x[1421] = 281.567
x[1422] = 281.567
x[1423] = 281.567
x[1424] = 237.509
x[1425] = 281.567
x[1426] = 449.007
x[1427] = 205.266
x[1428] = 321.019
x[1429] = 321.019
x[1430] = 455.359
x[1431] = 321.019
x[1432] = 321.019
x[1433] = 63.6595
x[1434] = 622.584
x[1435] = 205.46
x[1436] = 205.46
x[1437] = 334.426
x[1438] = 205.46
x[1439] = 722.235
x[1440] = 744.39
x[1441] = 4.36984e-13
x[1442] = 6.96332e-13
x[1443] = 158.339
x[1444] = 306.794
x[1445] = 326.741
x[1446] = 4.54747e-13
x[1447] = 1.47793e-12
x[1448] = -3.12639e-13
x[1449] = 345.144
x[1450] = 222.496
x[1451] = 585.949
x[1452] = 569.128
x[1453] = 585.949
x[1454] = 581.612
x[1455] = 850.505
x[1456] = 364.287
x[1457] = 256.815
x[1458] = 197.924
x[1459] = 197.924
x[1460] = 197.924
x[1461] = 197.924
x[1462] = 606.35
x[1463] = 5.57776e-13
x[1464] = 1.02673e-12
x[1465] = 164.937
x[1466] = 116.536
x[1467] = -7.74492e-13
x[1468] = 33.0439
x[1469] = 178.131
x[1470] = 125.859
x[1471] = 125.58
x[1472] = 850.505
x[1473] = -8.45546e-13
x[1474] = 42.8347
x[1475] = 230.911
x[1476] = 163.151
x[1477] = 162.789
x[1478] = 196.899
x[1479] = 196.899
x[1480] = 320.492
x[1481] = 196.899
x[1482] = 457.921
x[1483] = 40.387
x[1484] = 40.387
x[1485] = 217.716
x[1486] = 153.828
x[1487] = 188.338
x[1488] = 188.338
x[1489] = 306.557
x[1490] = 188.338
x[1491] = 883.963
x[1492] = -5.68434e-14
x[1493] = -4.9545e-13
x[1494] = 326.741
x[1495] = 8.33067
x[1496] = 3491.33
x[1497] = 3657.91
x[1498] = 239.703
x[1499] = 239.703
x[1500] = 390.164
x[1501] = 239.703
x[1502] = 557.469
x[1503] = 265.385
x[1504] = 265.385
x[1505] = 431.967
x[1506] = 265.385
x[1507] = 932.887
x[1508] = 256.824
x[1509] = 256.824
x[1510] = 256.824
x[1511] = 597.288
x[1512] = 291.068
x[1513] = 291.068
x[1514] = 1023.17
x[1515] = 231.142
x[1516] = 439.082
x[1517] = 244.106
x[1518] = 2.60698e-11
x[1519] = 291.068
x[1520] = 291.068
x[1521] = 473.771
x[1522] = 291.068
x[1523] = 291.068
x[1524] = 213.32
x[1525] = 676.927
x[1526] = 75.9595
x[1527] = 75.9595
x[1528] = 109.478
x[1529] = 77.6344
x[1530] = 77.6344
x[1531] = 99.9467
x[1532] = 77.6344
x[1533] = 77.3552
x[1534] = 188.338
x[1535] = 188.338
x[1536] = 306.557
x[1537] = 188.338
x[1538] = 438.011
x[1539] = 134.276
x[1540] = 134.276
x[1541] = 134.276
x[1542] = 410.412
x[1543] = 597.159
x[1544] = 614.647
x[1545] = 1365.56
x[1546] = 1365.56
x[1547] = 1382.45
x[1548] = 1365.56
x[1549] = 6.89226e-13
x[1550] = 161.208
x[1551] = -2.91323e-13
x[1552] = 383.493
x[1553] = 408.426
x[1554] = 462.267
x[1555] = 462.267
x[1556] = 655.717
x[1557] = 462.267
x[1558] = 462.267
x[1559] = 896.52
x[1560] = -4.72445e-12
x[1561] = -4.72445e-12
x[1562] = -4.72445e-12
x[1563] = -4.72445e-12
x[1564] = 3.50974e-11
x[1565] = 1.06553e-11
x[1566] = 1.06553e-11
x[1567] = 1.06553e-11
x[1568] = 1.06553e-11
x[1569] = 1.06553e-11
x[1570] = -2.88754e-11
x[1571] = -2.88754e-11
x[1572] = -2.88754e-11
x[1573] = -2.88754e-11
x[1574] = -2.88754e-11
x[1575] = 4.82856
x[1576] = 4.82856
x[1577] = -1.43954e-12
x[1578] = 4.82856
x[1579] = 4.82856
x[1580] = -2.11168e-11
x[1581] = -2.11168e-11
x[1582] = -2.11168e-11
x[1583] = -2.11168e-11
x[1584] = -2.11168e-11
x[1585] = -1.41032e-11
x[1586] = -1.41032e-11
x[1587] = -1.41032e-11
x[1588] = -1.41032e-11
x[1589] = -1.41032e-11
x[1590] = -1.37583e-11
x[1591] = -1.37583e-11
x[1592] = -1.37583e-11
x[1593] = -1.37583e-11
x[1594] = -1.37583e-11
x[1595] = 0
x[1596] = 0
x[1597] = 0
x[1598] = 0
x[1599] = 0
x[1600] = 33.8753
x[1601] = 33.8753
x[1602] = -2.61296e-12
x[1603] = 0
x[1604] = 0
x[1605] = 0
x[1606] = 0
x[1607] = 0
x[1608] = 0
x[1609] = 0
x[1610] = 0
x[1611] = 0
x[1612] = 0
x[1613] = 0
x[1614] = -6.44309e-10
x[1615] = 9.11942e-13
x[1616] = 7.5354e-13
x[1617] = -3.84098e-13
x[1618] = 8.1906e-14
x[1619] = -2.02475e-12
x[1620] = 1.57943e-13
x[1621] = 2.32831e-10
x[1622] = -8.20084e-13
x[1623] = 1.01247e-13
x[1624] = 1.38744e-13
x[1625] = -1.8176e-12
x[1626] = 1.16622e-10
x[1627] = -6.12942e-13
x[1628] = 2.07142e-13
x[1629] = -1.48739e-12
x[1630] = 2.14318e-13
x[1631] = -9.2332e-13
x[1632] = -1.35931e-12
x[1633] = -5.39222e-13
x[1634] = -6.8121e-13
x[1635] = 1.40704e-13
x[1636] = 2.15255e-10
x[1637] = 1.92695e-13
x[1638] = 1.92695e-13
x[1639] = 2.93942e-13
x[1640] = 1.54771e-12
x[1641] = 2.43375e-13
x[1642] = 263096
x[1643] = 6.35765e-13
x[1644] = -1.84319e-13
x[1645] = 6.35765e-13
x[1646] = 1.66172e-14
x[1647] = 1.84582e-10
b:
b[0] = 6795.96
b[1] = 6349.17
b[2] = 7496.88
b[3] = 10248.7
b[4] = 5139.92
b[5] = 9796.29
b[6] = 4673.11
b[7] = 3.52303e+08
b[8] = 6636.78
b[9] = 21419
b[10] = 16148.3
b[11] = 6795.96
b[12] = 6349.17
b[13] = 7496.88
b[14] = 10248.7
b[15] = 5139.92
b[16] = 9796.29
b[17] = 4065.93
b[18] = 3.52303e+08
b[19] = 6636.78
b[20] = 21419
b[21] = 0
b[22] = 16148.3
b[23] = 0
b[24] = 0
b[25] = 0
b[26] = 0
b[27] = 0
b[28] = 0
b[29] = -214.164
b[30] = -214.164
b[31] = -523.156
b[32] = -214.164
b[33] = -163.462
b[34] = -350.77
b[35] = -214.164
b[36] = -8.78281e+06
b[37] = -183.567
b[38] = -58.9404
b[39] = -275.521
b[40] = 0
b[41] = -93.722
b[42] = -205.597
b[43] = 48.9663
b[44] = -205.597
b[45] = -93.722
b[46] = -205.349
b[47] = -93.722
b[48] = -8.51959e+06
b[49] = -64.3497
b[50] = 68.4437
b[51] = -205.597
b[52] = 0
b[53] = -137.065
b[54] = -137.065
b[55] = -22.3575
b[56] = -223.07
b[57] = -62.4813
b[58] = -137.065
b[59] = -137.065
b[60] = -5.6798e+06
b[61] = -117.483
b[62] = -28.9542
b[63] = -137.065
b[64] = 0
b[65] = 1853.81
b[66] = 1853.81
b[67] = -125.191
b[68] = 1853.81
b[69] = 1853.81
b[70] = -266.585
b[71] = 1853.81
b[72] = -6.71247e+06
b[73] = -13.3759
b[74] = 1650.74
b[75] = 1853.81
b[76] = 1779.46
b[77] = -205.597
b[78] = -181.842
b[79] = -33.5363
b[80] = -152.469
b[81] = -205.597
b[82] = -205.597
b[83] = -181.842
b[84] = -8.51968e+06
b[85] = -152.469
b[86] = -43.4313
b[87] = -205.597
b[88] = 0
b[89] = 2344.03
b[90] = -119.932
b[91] = 2427.26
b[92] = -119.932
b[93] = 2344.03
b[94] = 2278.91
b[95] = 2344.03
b[96] = -5.15114e+06
b[97] = 2361.16
b[98] = 2438.63
b[99] = 2263.08
b[100] = 2250.43
b[101] = 22.5801
b[102] = 403.269
b[103] = 472.778
b[104] = 286.733
b[105] = 403.269
b[106] = 286.733
b[107] = 403.269
b[108] = -8.78218e+06
b[109] = 373.136
b[110] = -1809.49
b[111] = 22.5801
b[112] = 0
b[113] = -312.792
b[114] = -188.464
b[115] = -57.6663
b[116] = -188.464
b[117] = -188.464
b[118] = -188.464
b[119] = -188.464
b[120] = -7.74847e+06
b[121] = -161.539
b[122] = -39.812
b[123] = -188.464
b[124] = 0
b[125] = -197.03
b[126] = -146.116
b[127] = -9.37331
b[128] = -146.116
b[129] = -197.03
b[130] = -146.116
b[131] = -146.116
b[132] = -8.01154e+06
b[133] = -146.116
b[134] = -41.6216
b[135] = -146.116
b[136] = 0
b[137] = -197.03
b[138] = -174.265
b[139] = -32.139
b[140] = -174.265
b[141] = -197.03
b[142] = -174.265
b[143] = -174.265
b[144] = -8.01154e+06
b[145] = -146.116
b[146] = -41.6216
b[147] = -174.265
b[148] = 0
b[149] = -137.065
b[150] = -121.228
b[151] = -22.3575
b[152] = -101.646
b[153] = -137.065
b[154] = -137.065
b[155] = -121.228
b[156] = -5.67979e+06
b[157] = -101.646
b[158] = -28.9542
b[159] = -137.065
b[160] = 0
b[161] = -35.3975
b[162] = -35.3975
b[163] = 71.6187
b[164] = -132.168
b[165] = -35.3975
b[166] = -119.118
b[167] = -154.198
b[168] = -6.45104e+06
b[169] = -13.4142
b[170] = 73.5514
b[171] = -152.345
b[172] = 0
b[173] = -355.445
b[174] = 1106.12
b[175] = 1254.75
b[176] = 1106.12
b[177] = -214.164
b[178] = 1106.12
b[179] = 1106.12
b[180] = -8.78194e+06
b[181] = 1106.12
b[182] = 838.929
b[183] = 1106.12
b[184] = 1083.54
b[185] = -162.764
b[186] = -162.764
b[187] = -26.5496
b[188] = -264.888
b[189] = -74.1966
b[190] = -162.764
b[191] = -162.764
b[192] = -6.71414e+06
b[193] = -139.511
b[194] = -34.3831
b[195] = -162.764
b[196] = 0
b[197] = -45.9694
b[198] = -45.9694
b[199] = -272.041
b[200] = -104.092
b[201] = -45.9694
b[202] = -182.401
b[203] = -45.9694
b[204] = -4.64544e+06
b[205] = -30.0594
b[206] = -30.649
b[207] = -143.271
b[208] = 0
b[209] = -219.054
b[210] = -205.597
b[211] = -76.3657
b[212] = -189.682
b[213] = -107.179
b[214] = -219.054
b[215] = -205.597
b[216] = -8.51972e+06
b[217] = -176.225
b[218] = -56.8883
b[219] = -219.054
b[220] = -606.192
b[221] = -312.792
b[222] = -188.464
b[223] = -57.6663
b[224] = -306.706
b[225] = -188.464
b[226] = -188.464
b[227] = -188.464
b[228] = -7.74847e+06
b[229] = -161.539
b[230] = -39.812
b[231] = -188.464
b[232] = 0
b[233] = -298.574
b[234] = -179.897
b[235] = -55.0451
b[236] = -179.897
b[237] = -179.897
b[238] = -179.897
b[239] = -179.897
b[240] = -7.48537e+06
b[241] = -154.197
b[242] = -38.0024
b[243] = -179.897
b[244] = 0
b[245] = -124.233
b[246] = -111.365
b[247] = -18.1655
b[248] = -196.961
b[249] = -50.7661
b[250] = -111.365
b[251] = -111.365
b[252] = -4.64547e+06
b[253] = -95.455
b[254] = -23.5253
b[255] = -111.365
b[256] = 0
b[257] = -222.73
b[258] = -196.995
b[259] = -36.331
b[260] = -165.175
b[261] = -222.73
b[262] = -222.73
b[263] = -196.995
b[264] = -9.04587e+06
b[265] = -47.0505
b[266] = -222.73
b[267] = 0
b[268] = 3832.45
b[269] = -162.764
b[270] = 3701.44
b[271] = -251.469
b[272] = 3832.45
b[273] = 3832.45
b[274] = 3832.45
b[275] = -6.71051e+06
b[276] = 3832.45
b[277] = 3437.97
b[278] = 3832.45
b[279] = 3815.29
b[280] = -107.527
b[281] = -107.527
b[282] = -355.746
b[283] = -145.631
b[284] = -94.0893
b[285] = -238.524
b[286] = -107.527
b[287] = -6.18794e+06
b[288] = -86.7219
b[289] = -40.0795
b[290] = -187.354
b[291] = 0
b[292] = 63.1297
b[293] = 63.1297
b[294] = -54.0923
b[295] = 63.1297
b[296] = 63.1297
b[297] = -238.524
b[298] = 63.1297
b[299] = -6.18789e+06
b[300] = -185.091
b[301] = 14.4155
b[302] = 63.1297
b[303] = 47.7752
b[304] = -327.01
b[305] = 34.683
b[306] = -60.2875
b[307] = 34.683
b[308] = -197.03
b[309] = 34.683
b[310] = 34.683
b[311] = -8.01157e+06
b[312] = 34.683
b[313] = -442.847
b[314] = 34.683
b[315] = 13.9093
b[316] = -327.01
b[317] = -197.03
b[318] = -60.2875
b[319] = -321.834
b[320] = -197.03
b[321] = -197.03
b[322] = -197.03
b[323] = -8.01157e+06
b[324] = -168.882
b[325] = -41.6216
b[326] = -197.03
b[327] = 0
b[328] = -205.597
b[329] = -205.597
b[330] = -33.5363
b[331] = -205.597
b[332] = -205.597
b[333] = -205.597
b[334] = -205.597
b[335] = -8.5197e+06
b[336] = -176.225
b[337] = -43.4313
b[338] = -205.597
b[339] = 0
b[340] = -92.1378
b[341] = -92.1378
b[342] = -334.82
b[343] = -137.065
b[344] = -85.4177
b[345] = -224.493
b[346] = -92.1378
b[347] = -5.6798e+06
b[348] = -72.5563
b[349] = -37.7219
b[350] = -176.334
b[351] = 0
b[352] = -28.3787
b[353] = -28.3787
b[354] = -180.078
b[355] = -28.3787
b[356] = -28.3787
b[357] = -308.678
b[358] = -28.3787
b[359] = -7.74847e+06
b[360] = -28.3787
b[361] = -51.8676
b[362] = -28.3787
b[363] = 0
b[364] = -111.365
b[365] = -111.365
b[366] = -18.1655
b[367] = -196.961
b[368] = -37.8985
b[369] = -111.365
b[370] = -98.4975
b[371] = -4.64546e+06
b[372] = -82.5875
b[373] = -23.5253
b[374] = -111.365
b[375] = 0
b[376] = -145.631
b[377] = -145.631
b[378] = -23.7549
b[379] = -237.049
b[380] = -66.3864
b[381] = -145.631
b[382] = -145.631
b[383] = -6.18794e+06
b[384] = -124.826
b[385] = -30.7638
b[386] = -145.631
b[387] = 0
b[388] = 63.1297
b[389] = 63.1297
b[390] = -54.0923
b[391] = 63.1297
b[392] = 63.1297
b[393] = -238.524
b[394] = 63.1297
b[395] = -6.18789e+06
b[396] = -185.091
b[397] = 14.4155
b[398] = 47.7752
b[399] = -50.8062
b[400] = -50.8062
b[401] = 7.4423
b[402] = -139.511
b[403] = -50.8062
b[404] = -139.511
b[405] = -162.764
b[406] = -6.71414e+06
b[407] = -27.6904
b[408] = 77.575
b[409] = -160.809
b[410] = -25.5682
b[411] = -25.5682
b[412] = 51.7213
b[413] = -95.455
b[414] = -25.5682
b[415] = -86.0327
b[416] = -111.365
b[417] = -4.64539e+06
b[418] = -9.68801
b[419] = 53.1115
b[420] = -110.027
b[421] = 0
b[422] = -92.1378
b[423] = -92.1378
b[424] = -334.82
b[425] = -137.065
b[426] = -85.4177
b[427] = -224.493
b[428] = -92.1378
b[429] = -5.6798e+06
b[430] = -72.5563
b[431] = -37.7219
b[432] = -176.334
b[433] = 0
b[434] = -162.458
b[435] = -145.631
b[436] = -23.7549
b[437] = -237.049
b[438] = -66.3864
b[439] = -145.631
b[440] = -145.631
b[441] = -6.18794e+06
b[442] = -124.826
b[443] = -30.7638
b[444] = -145.631
b[445] = 0
b[446] = 77.9837
b[447] = 77.9837
b[448] = -66.82
b[449] = 77.9837
b[450] = 77.9837
b[451] = -294.647
b[452] = 77.9837
b[453] = -7.48531e+06
b[454] = -227.911
b[455] = 17.8074
b[456] = 77.9837
b[457] = 59.0164
b[458] = -298.574
b[459] = -179.897
b[460] = -55.0451
b[461] = -179.897
b[462] = -179.897
b[463] = -179.897
b[464] = -179.897
b[465] = -7.48537e+06
b[466] = -154.197
b[467] = -38.0024
b[468] = -179.897
b[469] = 0
b[470] = -312.792
b[471] = 2863.32
b[472] = 2711.62
b[473] = 2863.32
b[474] = -188.464
b[475] = 2863.32
b[476] = 2863.32
b[477] = -7.74584e+06
b[478] = 2863.32
b[479] = 2406.55
b[480] = 2863.32
b[481] = 2843.45
b[482] = 81.6972
b[483] = 81.6972
b[484] = -70.0019
b[485] = 81.6972
b[486] = 81.6972
b[487] = -308.678
b[488] = 81.6972
b[489] = -7.74841e+06
b[490] = -238.334
b[491] = 18.6554
b[492] = 81.6972
b[493] = 61.8267
b[494] = -298.574
b[495] = -179.897
b[496] = -55.0451
b[497] = -179.897
b[498] = -179.897
b[499] = -179.897
b[500] = -179.897
b[501] = -7.48537e+06
b[502] = -154.197
b[503] = -38.0024
b[504] = -179.897
b[505] = 0
b[506] = -238.075
b[507] = -102.713
b[508] = -73.1838
b[509] = -209.927
b[510] = -102.713
b[511] = -209.927
b[512] = -102.713
b[513] = -8.01147e+06
b[514] = -74.5647
b[515] = 52.6956
b[516] = -209.927
b[517] = 0
b[518] = -341.227
b[519] = -205.597
b[520] = -62.9087
b[521] = -205.597
b[522] = -205.597
b[523] = -205.597
b[524] = -205.597
b[525] = -8.5197e+06
b[526] = -176.225
b[527] = -43.4313
b[528] = -205.597
b[529] = 0
b[530] = -107.527
b[531] = -107.527
b[532] = -355.746
b[533] = -145.631
b[534] = -94.0893
b[535] = -238.524
b[536] = -107.527
b[537] = -6.18794e+06
b[538] = -86.7219
b[539] = -40.0795
b[540] = -187.354
b[541] = 0
b[542] = -199.049
b[543] = -119.932
b[544] = -36.6967
b[545] = -119.932
b[546] = -119.932
b[547] = -119.932
b[548] = -119.932
b[549] = -5.15361e+06
b[550] = -102.798
b[551] = -25.3349
b[552] = -119.932
b[553] = 0
b[554] = -214.164
b[555] = -214.164
b[556] = -34.9336
b[557] = -214.164
b[558] = -214.164
b[559] = -214.164
b[560] = -214.164
b[561] = -8.7828e+06
b[562] = -183.567
b[563] = -45.2409
b[564] = -214.164
b[565] = 0
b[566] = -227.485
b[567] = -137.065
b[568] = -41.9391
b[569] = -137.065
b[570] = -137.065
b[571] = -137.065
b[572] = -137.065
b[573] = -5.6798e+06
b[574] = -117.483
b[575] = -28.9542
b[576] = -137.065
b[577] = 0
b[578] = 96.8284
b[579] = 274.223
b[580] = 321.489
b[581] = 194.978
b[582] = 274.223
b[583] = 194.978
b[584] = 274.223
b[585] = -6.18752e+06
b[586] = 253.733
b[587] = -580.114
b[588] = 66.5237
b[589] = 0
b[590] = -36.9603
b[591] = -36.9603
b[592] = 79.53
b[593] = -146.854
b[594] = -36.9603
b[595] = -130.569
b[596] = -171.331
b[597] = -6.97716e+06
b[598] = -14.9046
b[599] = 98.1778
b[600] = -169.273
b[601] = 0
b[602] = -152.902
b[603] = -137.065
b[604] = -22.3575
b[605] = -223.07
b[606] = -62.4813
b[607] = -137.065
b[608] = -137.065
b[609] = -5.6798e+06
b[610] = -117.483
b[611] = -28.9542
b[612] = -137.065
b[613] = 0
b[614] = 70.5567
b[615] = 70.5567
b[616] = -60.4562
b[617] = 70.5567
b[618] = 70.5567
b[619] = -1807.79
b[620] = 70.5567
b[621] = -6.71408e+06
b[622] = -205.936
b[623] = 16.1115
b[624] = 53.3958
b[625] = -188.464
b[626] = -166.688
b[627] = -30.7416
b[628] = -139.763
b[629] = -188.464
b[630] = -166.688
b[631] = -166.688
b[632] = -7.74845e+06
b[633] = -139.763
b[634] = -39.812
b[635] = -166.688
b[636] = 0
b[637] = 406.804
b[638] = -145.631
b[639] = 454.071
b[640] = -237.049
b[641] = 406.804
b[642] = 327.56
b[643] = 406.804
b[644] = -6.18739e+06
b[645] = 427.61
b[646] = 521.672
b[647] = 308.504
b[648] = 293.149
b[649] = -128.498
b[650] = -128.498
b[651] = -20.9602
b[652] = -209.151
b[653] = -58.5763
b[654] = -128.498
b[655] = -128.498
b[656] = -5.41671e+06
b[657] = -110.14
b[658] = -27.1445
b[659] = -128.498
b[660] = 0
b[661] = 85.4107
b[662] = 85.4107
b[663] = -73.1838
b[664] = 85.4107
b[665] = 85.4107
b[666] = 85.4107
b[667] = 85.4107
b[668] = 85.4107
b[669] = -348.529
b[670] = 85.4107
b[671] = -874.946
b[672] = -369.663
b[673] = 160.405
b[674] = 53.0469
b[675] = 160.405
b[676] = -222.73
b[677] = 160.405
b[678] = 160.405
b[679] = -9.0459e+06
b[680] = 160.405
b[681] = -379.411
b[682] = 160.405
b[683] = 136.921
b[684] = 48.2756
b[685] = 48.2756
b[686] = -41.3647
b[687] = 48.2756
b[688] = 48.2756
b[689] = -214.226
b[690] = 48.2756
b[691] = -4.64543e+06
b[692] = -141.142
b[693] = 11.0236
b[694] = 36.534
b[695] = 153.769
b[696] = 371.008
b[697] = 441.685
b[698] = 263.794
b[699] = 371.008
b[700] = 263.794
b[701] = 371.008
b[702] = -8.011e+06
b[703] = 343.285
b[704] = -456.756
b[705] = 90.0027
b[706] = 0
b[707] = -264.5
b[708] = -205.597
b[709] = -502.229
b[710] = -205.597
b[711] = -154.79
b[712] = -336.739
b[713] = -205.597
b[714] = -8.51976e+06
b[715] = -176.225
b[716] = -62.6988
b[717] = -264.5
b[718] = 0
b[719] = -214.164
b[720] = -189.418
b[721] = -34.9336
b[722] = -158.822
b[723] = -214.164
b[724] = -214.164
b[725] = -189.418
b[726] = -8.78278e+06
b[727] = -158.822
b[728] = -45.2409
b[729] = -214.164
b[730] = 0
b[731] = -222.73
b[732] = -165.175
b[733] = -10.5959
b[734] = -165.175
b[735] = -222.73
b[736] = -165.175
b[737] = -165.175
b[738] = -9.04587e+06
b[739] = -165.175
b[740] = -47.0505
b[741] = -165.175
b[742] = 0
b[743] = -291.262
b[744] = -291.262
b[745] = -108.185
b[746] = -291.262
b[747] = -291.262
b[748] = -477.048
b[749] = -291.262
b[750] = -1.16408e+07
b[751] = -110.294
b[752] = -1045.21
b[753] = 0
b[754] = 111.405
b[755] = 111.405
b[756] = -95.4571
b[757] = 111.405
b[758] = 111.405
b[759] = -358.249
b[760] = 111.405
b[761] = -268.872
b[762] = 84.3092
b[763] = -843.329
b[764] = -402.627
b[765] = -149.549
b[766] = -402.627
b[767] = -402.627
b[768] = -659.448
b[769] = -402.627
b[770] = -1.60413e+07
b[771] = -345.107
b[772] = -2420.67
b[773] = -1444.85
b[774] = 0
b[775] = -465.882
b[776] = -385.494
b[777] = -385.494
b[778] = -385.494
b[779] = -385.494
b[780] = -1.527e+07
b[781] = -226.428
b[782] = -1215.73
b[783] = 0
b[784] = -411.194
b[785] = -411.194
b[786] = -67.0726
b[787] = -669.127
b[788] = -187.444
b[789] = -411.194
b[790] = -411.194
b[791] = -2.81842e+07
b[792] = -352.449
b[793] = -86.8625
b[794] = -411.194
b[795] = 289.109
b[796] = 289.109
b[797] = -136.822
b[798] = 289.109
b[799] = 289.109
b[800] = 159.681
b[801] = 289.109
b[802] = 36.4628
b[803] = 289.109
b[804] = -950.001
b[805] = -291.262
b[806] = -291.262
b[807] = -108.185
b[808] = -291.262
b[809] = -291.262
b[810] = -454.315
b[811] = -249.652
b[812] = -1160.23
b[813] = -454.315
b[814] = -1938.41
b[815] = -368.361
b[816] = -368.361
b[817] = -368.361
b[818] = -368.361
b[819] = -368.361
b[820] = -1.47438e+07
b[821] = -77.8144
b[822] = -1260.21
b[823] = 0
b[824] = -212.068
b[825] = -212.068
b[826] = -37.7283
b[827] = -357.156
b[828] = -105.437
b[829] = -212.068
b[830] = -231.297
b[831] = -1.58536e+07
b[832] = -179.024
b[833] = -40.528
b[834] = -212.068
b[835] = -248.43
b[836] = -248.43
b[837] = -40.523
b[838] = -212.938
b[839] = -113.247
b[840] = -406.894
b[841] = -248.43
b[842] = -1.00802e+07
b[843] = -303.713
b[844] = 480.973
b[845] = 480.973
b[846] = 49.6876
b[847] = 387.563
b[848] = 556.006
b[849] = 240.075
b[850] = 387.563
b[851] = 812.061
b[852] = 387.563
b[853] = 0
b[854] = -394.061
b[855] = -1240.7
b[856] = -120.575
b[857] = -1487.89
b[858] = -394.061
b[859] = -394.061
b[860] = -394.061
b[861] = -1.57789e+07
b[862] = -885.693
b[863] = -394.061
b[864] = -231.297
b[865] = -231.297
b[866] = -231.297
b[867] = -231.297
b[868] = -231.297
b[869] = -9.30934e+06
b[870] = -921.358
b[871] = -1663.79
b[872] = 0
b[873] = -635.041
b[874] = 305.964
b[875] = 427.695
b[876] = 82.2143
b[877] = -173.489
b[878] = 50.7356
b[879] = 305.964
b[880] = -1.63036e+07
b[881] = 364.709
b[882] = -3062.69
b[883] = -1059.07
b[884] = 0
b[885] = 500.054
b[886] = 500.054
b[887] = 586.245
b[888] = 433.617
b[889] = 500.054
b[890] = 433.617
b[891] = -210.009
b[892] = 433.617
b[893] = 0
b[894] = 96.5512
b[895] = 96.5512
b[896] = -82.7295
b[897] = 96.5512
b[898] = 96.5512
b[899] = -364.801
b[900] = 96.5512
b[901] = -9.04583e+06
b[902] = -281.154
b[903] = 73.068
b[904] = -291.262
b[905] = -291.262
b[906] = -291.262
b[907] = -291.262
b[908] = -291.262
b[909] = -1.16408e+07
b[910] = -110.294
b[911] = -1045.21
b[912] = 0
b[913] = -83.0161
b[914] = -222.73
b[915] = 71.5629
b[916] = -222.73
b[917] = -83.0161
b[918] = -201.785
b[919] = -83.0161
b[920] = -9.04576e+06
b[921] = -51.1961
b[922] = 92.6634
b[923] = -222.73
b[924] = 0
b[925] = -376.928
b[926] = -376.928
b[927] = -920.754
b[928] = -376.928
b[929] = -328.221
b[930] = -617.356
b[931] = -376.928
b[932] = -323.078
b[933] = -103.735
b[934] = -484.918
b[935] = -657.097
b[936] = -214.164
b[937] = -214.164
b[938] = -79.5476
b[939] = -214.164
b[940] = -214.164
b[941] = -350.77
b[942] = -214.164
b[943] = -8.78284e+06
b[944] = -183.567
b[945] = -1287.59
b[946] = -768.539
b[947] = 0
b[948] = 790.408
b[949] = 790.408
b[950] = 926.646
b[951] = 685.395
b[952] = 790.408
b[953] = 685.395
b[954] = -331.95
b[955] = 685.395
b[956] = 0
b[957] = 174.535
b[958] = 174.535
b[959] = -149.549
b[960] = 174.535
b[961] = 174.535
b[962] = 174.535
b[963] = 174.535
b[964] = 174.535
b[965] = -712.212
b[966] = 174.535
b[967] = -1787.93
b[968] = -402.627
b[969] = -402.627
b[970] = -983.532
b[971] = -402.627
b[972] = -354.236
b[973] = -659.448
b[974] = -402.627
b[975] = -352.016
b[976] = -110.808
b[977] = -517.98
b[978] = 0
b[979] = -140.583
b[980] = -308.395
b[981] = -50.3044
b[982] = -476.208
b[983] = -140.583
b[984] = -140.583
b[985] = -140.583
b[986] = -1.2412e+07
b[987] = -54.0373
b[988] = -140.583
b[989] = 0
b[990] = -334.095
b[991] = -334.095
b[992] = -334.095
b[993] = -334.095
b[994] = -334.095
b[995] = -1.34463e+07
b[996] = -569.117
b[997] = -1641.52
b[998] = 0
b[999] = -299.829
b[1000] = -299.829
b[1001] = -299.829
b[1002] = -299.829
b[1003] = -299.829
b[1004] = -1.21489e+07
b[1005] = -63.3373
b[1006] = -299.829
b[1007] = -163.091
b[1008] = -163.091
b[1009] = 8.23614
b[1010] = -220.281
b[1011] = -117.153
b[1012] = -220.281
b[1013] = -256.996
b[1014] = -1.03433e+07
b[1015] = -220.281
b[1016] = 0
b[1017] = 451.661
b[1018] = 451.661
b[1019] = 529.512
b[1020] = 321.141
b[1021] = 451.661
b[1022] = 321.141
b[1023] = -955.482
b[1024] = 109.569
b[1025] = 0
b[1026] = 92.8377
b[1027] = 92.8377
b[1028] = -79.5476
b[1029] = 92.8377
b[1030] = 92.8377
b[1031] = -350.77
b[1032] = 92.8377
b[1033] = -8.78273e+06
b[1034] = -270.731
b[1035] = 70.2577
b[1036] = -291.262
b[1037] = -291.262
b[1038] = -711.492
b[1039] = -291.262
b[1040] = -241.506
b[1041] = -477.048
b[1042] = -291.262
b[1043] = -249.652
b[1044] = -80.1589
b[1045] = 0
b[1046] = -299.829
b[1047] = -299.829
b[1048] = -48.9071
b[1049] = -487.905
b[1050] = -136.678
b[1051] = -299.829
b[1052] = -299.829
b[1053] = -2.0551e+07
b[1054] = -256.994
b[1055] = -63.3373
b[1056] = -299.829
b[1057] = -222.73
b[1058] = -196.995
b[1059] = -36.331
b[1060] = -165.175
b[1061] = -222.73
b[1062] = -222.73
b[1063] = -196.995
b[1064] = -9.04587e+06
b[1065] = -47.0505
b[1066] = -222.73
b[1067] = 0
b[1068] = 411.686
b[1069] = 411.686
b[1070] = 215.905
b[1071] = 411.686
b[1072] = 411.686
b[1073] = -1.42349e+07
b[1074] = -136.246
b[1075] = -1291.15
b[1076] = 130.891
b[1077] = -376.928
b[1078] = -376.928
b[1079] = -61.4832
b[1080] = -613.367
b[1081] = -171.824
b[1082] = -376.928
b[1083] = -376.928
b[1084] = -2.58355e+07
b[1085] = -323.078
b[1086] = -79.624
b[1087] = -376.928
b[1088] = 100.265
b[1089] = 100.265
b[1090] = -85.9114
b[1091] = 100.265
b[1092] = 100.265
b[1093] = -378.832
b[1094] = 100.265
b[1095] = -9.30892e+06
b[1096] = -291.577
b[1097] = -282.696
b[1098] = -809.683
b[1099] = -86.4994
b[1100] = -986.987
b[1101] = -282.696
b[1102] = -282.696
b[1103] = -282.696
b[1104] = -1.13778e+07
b[1105] = -242.309
b[1106] = -213.546
b[1107] = -282.696
b[1108] = -376.928
b[1109] = -376.928
b[1110] = -61.4832
b[1111] = -613.367
b[1112] = -376.928
b[1113] = -376.928
b[1114] = -376.928
b[1115] = -1.50069e+07
b[1116] = -79.624
b[1117] = -376.928
b[1118] = 0
b[1119] = -402.627
b[1120] = -402.627
b[1121] = -149.549
b[1122] = -402.627
b[1123] = -402.627
b[1124] = -628.024
b[1125] = -345.107
b[1126] = -1603.85
b[1127] = -628.024
b[1128] = -2679.57
b[1129] = -394.061
b[1130] = -394.061
b[1131] = -64.2779
b[1132] = -641.247
b[1133] = -179.634
b[1134] = -394.061
b[1135] = -394.061
b[1136] = -1.57781e+07
b[1137] = -337.764
b[1138] = -83.2433
b[1139] = -394.061
b[1140] = 0
b[1141] = 612.969
b[1142] = 612.969
b[1143] = 718.623
b[1144] = 445.092
b[1145] = 612.969
b[1146] = 435.834
b[1147] = -1296.73
b[1148] = 148.7
b[1149] = 0
b[1150] = -169.52
b[1151] = -351.228
b[1152] = -542.348
b[1153] = -169.52
b[1154] = -169.52
b[1155] = -1.39725e+07
b[1156] = -74.1951
b[1157] = -169.52
b[1158] = -308.395
b[1159] = -308.395
b[1160] = -753.344
b[1161] = -308.395
b[1162] = -258.849
b[1163] = -505.109
b[1164] = -308.395
b[1165] = -264.337
b[1166] = -84.8742
b[1167] = -396.751
b[1168] = 0
b[1169] = 107.692
b[1170] = 107.692
b[1171] = -92.2752
b[1172] = 107.692
b[1173] = 107.692
b[1174] = -406.894
b[1175] = 107.692
b[1176] = -1.00802e+07
b[1177] = -313.551
b[1178] = 81.4989
b[1179] = 329.45
b[1180] = 329.45
b[1181] = -155.913
b[1182] = 329.45
b[1183] = 329.45
b[1184] = 181.962
b[1185] = 329.45
b[1186] = 329.45
b[1187] = 41.5506
b[1188] = 329.45
b[1189] = -1082.56
b[1190] = 211.648
b[1191] = -231.297
b[1192] = 25.4718
b[1193] = -376.384
b[1194] = 211.648
b[1195] = 211.648
b[1196] = 211.648
b[1197] = -9.30908e+06
b[1198] = 211.648
b[1199] = -48.8602
b[1200] = 211.648
b[1201] = -248.43
b[1202] = -92.2752
b[1203] = -248.43
b[1204] = -406.894
b[1205] = -6.94746e+06
b[1206] = -1.7028e+07
b[1207] = -6.94742e+06
b[1208] = -239.863
b[1209] = -239.863
b[1210] = -239.863
b[1211] = -239.863
b[1212] = -239.863
b[1213] = -9.81718e+06
b[1214] = -90.8306
b[1215] = -860.764
b[1216] = 0
b[1217] = -70.8869
b[1218] = -70.8869
b[1219] = 143.146
b[1220] = -308.395
b[1221] = -70.8869
b[1222] = -70.8869
b[1223] = -352.454
b[1224] = -2.11382e+07
b[1225] = -70.8869
b[1226] = 92.8377
b[1227] = 92.8377
b[1228] = -79.5476
b[1229] = 92.8377
b[1230] = 92.8377
b[1231] = -350.77
b[1232] = 92.8377
b[1233] = -8.78273e+06
b[1234] = -270.731
b[1235] = 70.2577
b[1236] = -205.597
b[1237] = -205.597
b[1238] = -205.597
b[1239] = -205.597
b[1240] = -994.301
b[1241] = -737.798
b[1242] = 0
b[1243] = -101.821
b[1244] = -388.391
b[1245] = -293.432
b[1246] = 89.9298
b[1247] = -205.597
b[1248] = -205.597
b[1249] = -176.225
b[1250] = -205.597
b[1251] = -205.597
b[1252] = -8.5197e+06
b[1253] = -43.4313
b[1254] = -205.597
b[1255] = -86.209
b[1256] = -231.297
b[1257] = -231.297
b[1258] = -86.209
b[1259] = -86.209
b[1260] = -9.30893e+06
b[1261] = 96.2274
b[1262] = -231.297
b[1263] = -256.996
b[1264] = -95.4571
b[1265] = -256.996
b[1266] = -400.866
b[1267] = -1023.73
b[1268] = -400.866
b[1269] = -1710.36
b[1270] = -63.6381
b[1271] = 74.2702
b[1272] = -280.616
b[1273] = 74.2702
b[1274] = -216.359
b[1275] = 1.23304e+07
b[1276] = 1.64406e+07
b[1277] = -95.7878
b[1278] = -95.7878
b[1279] = -256.996
b[1280] = -95.7878
b[1281] = -293.712
b[1282] = -1.76151e+07
b[1283] = -95.7878
b[1284] = -214.164
b[1285] = -214.164
b[1286] = -183.567
b[1287] = -97.6271
b[1288] = -214.164
b[1289] = -1.46793e+07
b[1290] = 16.4849
b[1291] = -231.297
b[1292] = -231.297
b[1293] = -37.7283
b[1294] = -198.253
b[1295] = -105.437
b[1296] = -231.297
b[1297] = -231.297
b[1298] = -9.30908e+06
b[1299] = -282.768
b[1300] = -1023.73
b[1301] = -400.866
b[1302] = -1710.36
b[1303] = -299.829
b[1304] = -299.829
b[1305] = -48.9071
b[1306] = -256.994
b[1307] = -136.678
b[1308] = -299.829
b[1309] = -299.829
b[1310] = -1.2149e+07
b[1311] = -366.551
b[1312] = -197.03
b[1313] = -197.03
b[1314] = -197.03
b[1315] = -197.03
b[1316] = -74.6109
b[1317] = -707.056
b[1318] = -242.309
b[1319] = -242.309
b[1320] = -242.309
b[1321] = -128.868
b[1322] = -282.696
b[1323] = -1.93767e+07
b[1324] = -188.464
b[1325] = -188.464
b[1326] = -188.464
b[1327] = -188.464
b[1328] = -676.314
b[1329] = -120.912
b[1330] = -461.214
b[1331] = -347.25
b[1332] = 106.792
b[1333] = -47.2166
b[1334] = -205.597
b[1335] = -176.225
b[1336] = -47.2166
b[1337] = -47.2166
b[1338] = -1.40921e+07
b[1339] = -47.2166
b[1340] = -105.003
b[1341] = -463.017
b[1342] = -356.371
b[1343] = 3225.77
b[1344] = 3225.77
b[1345] = -265.563
b[1346] = -1.82023e+07
b[1347] = -239.863
b[1348] = -239.863
b[1349] = -239.863
b[1350] = -239.863
b[1351] = -90.8306
b[1352] = -860.764
b[1353] = -265.563
b[1354] = -265.563
b[1355] = -265.563
b[1356] = -265.563
b[1357] = -1596.62
b[1358] = -952.989
b[1359] = 0
b[1360] = -256.996
b[1361] = -256.996
b[1362] = -256.996
b[1363] = -97.3185
b[1364] = -922.247
b[1365] = -291.262
b[1366] = -291.262
b[1367] = -1751.13
b[1368] = -1045.21
b[1369] = 0
b[1370] = -231.297
b[1371] = -484.466
b[1372] = -618.615
b[1373] = -231.297
b[1374] = -830.022
b[1375] = -203.235
b[1376] = 419.63
b[1377] = 0
b[1378] = 778.181
b[1379] = -96.9842
b[1380] = -271.68
b[1381] = -519.14
b[1382] = -316.962
b[1383] = -1.26752e+07
b[1384] = -387.496
b[1385] = -291.262
b[1386] = -291.262
b[1387] = -291.262
b[1388] = -291.262
b[1389] = -291.262
b[1390] = -1.16408e+07
b[1391] = -110.294
b[1392] = -1045.21
b[1393] = 387.138
b[1394] = 387.138
b[1395] = -818.985
b[1396] = 93.9159
b[1397] = 0
b[1398] = 1.23304e+07
b[1399] = -75.4775
b[1400] = -75.4775
b[1401] = 7.41253
b[1402] = -198.253
b[1403] = -75.4775
b[1404] = -201.337
b[1405] = -231.297
b[1406] = -9.309e+06
b[1407] = -120.068
b[1408] = -188.464
b[1409] = -188.464
b[1410] = -188.464
b[1411] = -188.464
b[1412] = -71.3669
b[1413] = -676.314
b[1414] = -132.773
b[1415] = -291.262
b[1416] = -449.752
b[1417] = -132.773
b[1418] = -132.773
b[1419] = -1.16413e+07
b[1420] = -61.5276
b[1421] = -132.773
b[1422] = -576.327
b[1423] = -390.151
b[1424] = -703.808
b[1425] = 0
b[1426] = 1159.96
b[1427] = 1159.96
b[1428] = 1047.88
b[1429] = 1159.96
b[1430] = -205.597
b[1431] = -1.40921e+07
b[1432] = -256.996
b[1433] = -256.996
b[1434] = -256.996
b[1435] = -256.996
b[1436] = -256.996
b[1437] = -1.03433e+07
b[1438] = -54.2891
b[1439] = -256.996
b[1440] = -162.588
b[1441] = 133.686
b[1442] = 133.686
b[1443] = -114.549
b[1444] = 133.686
b[1445] = 133.686
b[1446] = -505.109
b[1447] = 133.686
b[1448] = -388.769
b[1449] = 101.171
b[1450] = 0
b[1451] = 0
b[1452] = 0
b[1453] = 0
b[1454] = 0
b[1455] = 0
b[1456] = 0
b[1457] = 0
b[1458] = 0
b[1459] = 0
b[1460] = 0
b[1461] = 0
b[1462] = 0
b[1463] = 0
b[1464] = 0
b[1465] = 0
b[1466] = 0
b[1467] = 0
b[1468] = 4.82856
b[1469] = 0
b[1470] = 4.82856
b[1471] = 0
b[1472] = 4.82856
b[1473] = 4.82856
b[1474] = 0
b[1475] = 0
b[1476] = 0
b[1477] = 0
b[1478] = 0
b[1479] = 0
b[1480] = 0
b[1481] = 0
b[1482] = 0
b[1483] = 0
b[1484] = 0
b[1485] = 0
b[1486] = 0
b[1487] = 0
b[1488] = 0
b[1489] = 0
b[1490] = 0
b[1491] = 0
b[1492] = 7.3512e+06
b[1493] = 7.3512e+06
b[1494] = 7.3512e+06
b[1495] = 7.3512e+06
b[1496] = 7.3512e+06
b[1497] = 7.3512e+06
b[1498] = 33.8753
b[1499] = 33.8753
b[1500] = 0
b[1501] = 0
b[1502] = 0
b[1503] = 0
b[1504] = 0
b[1505] = 0
b[1506] = 0
b[1507] = 0
b[1508] = 0
b[1509] = 0
b[1510] = 0
b[1511] = 0
b[1512] = 0
b[1513] = 0
b[1514] = 0
b[1515] = 0
b[1516] = 0
b[1517] = 0
b[1518] = 0
b[1519] = 0
b[1520] = 0
b[1521] = 0
b[1522] = 0
b[1523] = 0
b[1524] = 0
b[1525] = 0
b[1526] = 0
b[1527] = 0
b[1528] = 0
b[1529] = 0
b[1530] = 0
b[1531] = 0
b[1532] = 0
b[1533] = 0
b[1534] = 0
b[1535] = 0
b[1536] = 0
b[1537] = 0
b[1538] = 0
b[1539] = 0
b[1540] = 0
b[1541] = 0
b[1542] = 0
b[1543] = 0
b[1544] = 0
b[1545] = 0
b[1546] = 0
b[1547] = 0
b[1548] = 0
b[1549] = 0
b[1550] = 0
b[1551] = 0
b[1552] = 0
b[1553] = 0
b[1554] = 0
b[1555] = 0
b[1556] = 0
b[1557] = 0
b[1558] = 0
b[1559] = -2.49941e+08
b[1560] = -2.49941e+08
b[1561] = -2.49941e+08
b[1562] = 0
b[1563] = -2.49941e+08
b[1564] = 0
b[1565] = 0
b[1566] = 0
b[1567] = 0
b[1568] = 0
b[1569] = 0
b[1570] = 0
b[1571] = 0
b[1572] = 0
b[1573] = 0
b[1574] = 0
b[1575] = 0
b[1576] = 0
b[1577] = 0
b[1578] = 0
b[1579] = 0
b[1580] = 0
b[1581] = 0
b[1582] = 0
b[1583] = 0
b[1584] = 0
b[1585] = 0
b[1586] = 0
b[1587] = 0
b[1588] = 0
b[1589] = 0
b[1590] = 0
b[1591] = 0
b[1592] = 0
b[1593] = 0
b[1594] = 0
b[1595] = 0
b[1596] = 0
b[1597] = 0
b[1598] = 0
b[1599] = 0
b[1600] = 0
b[1601] = 263096
b[1602] = 0
b[1603] = 0
b[1604] = 0
b[1605] = 0
b[1606] = 0
b[1607] = 0
b[1608] = 0
b[1609] = 0
b[1610] = 0
b[1611] = 263096
b[1612] = 0
b[1613] = 0
b[1614] = 0
b[1615] = 0
b[1616] = 0
b[1617] = 0
b[1618] = 0
b[1619] = 0
b[1620] = 0
b[1621] = 0
b[1622] = 263096
b[1623] = 0
b[1624] = 0
b[1625] = 0
b[1626] = 0
b[1627] = 0
b[1628] = 0
b[1629] = 0
b[1630] = 0
b[1631] = 0
b[1632] = 0
b[1633] = 0
b[1634] = 263096
b[1635] = 0
b[1636] = 0
b[1637] = 0
b[1638] = 0
b[1639] = 0
b[1640] = 0
b[1641] = 0
b[1642] = 0
b[1643] = 0
b[1644] = 0
b[1645] = 0
b[1646] = 263096
b[1647] = 0
v:
v[0] = -51.7582
v[1] = 81.7027
v[2] = -20.1148
v[3] = -39.3363
v[4] = -30.1722
v[5] = 2434
v[6] = 506.879
v[7] = -27.6579
v[8] = -28.9151
v[9] = -28.9151
v[10] = -20.1148
v[11] = 96.1711
v[12] = -31.4294
v[13] = -23.8864
v[14] = -26.9143
v[15] = -43.6293
v[16] = -27.6579
v[17] = -26.4007
v[18] = -16.3433
v[19] = -32.6866
v[20] = -10.4927
v[21] = -35.1956
v[22] = -30.9041
v[23] = -28.9151
v[24] = -28.9151
v[25] = -30.1722
v[26] = -33.1253
v[27] = -45.5473
v[28] = -16.3433
v[29] = -21.372
v[30] = -30.9041
v[31] = 33.3586
v[32] = 69.4536
v[33] = -33.1253
v[34] = -21.372
v[35] = -38.1756
v[36] = -26.4007
v[37] = -27.6579
v[38] = -39.9935
v[39] = -26.4007
v[40] = 65.1643
v[41] = -30.1722
v[42] = -35.1956
v[43] = -17.6005
v[44] = -31.4294
v[45] = -20.1148
v[46] = 344.678
v[47] = 106.81
v[48] = -20.1148
v[49] = -34.5398
v[50] = -27.6579
v[51] = -21.372
v[52] = -18.8576
v[53] = -41.8114
v[54] = -32.6866
v[55] = -23.6325
v[56] = 466.329
v[57] = -49.6879
v[58] = -31.4294
v[59] = -32.6866
v[60] = -333.812
v[61] = 0.565236
v[62] = -461.446
v[63] = -136.961
v[64] = -60.3445
v[65] = -78.1691
v[66] = -706.819
v[67] = -54.0586
v[68] = -14.7155
v[69] = -60.0396
v[70] = 826.138
v[71] = -904.469
v[72] = -561.298
v[73] = -284.192
v[74] = 628.53
v[75] = -47.265
v[76] = -333.812
v[77] = 107.027
v[78] = -91.0945
v[79] = -245.45
v[80] = 993.483
v[81] = -85.4406
v[82] = -97.3055
v[83] = -19.6207
v[84] = -49.0299
v[85] = -44.0012
v[86] = -37.7153
v[87] = 567.704
v[88] = -45.4471
v[89] = -70.3912
v[90] = -44.0012
v[91] = -32.6866
v[92] = -412.356
v[93] = -55.3158
v[94] = -49.0829
v[95] = -339.113
v[96] = -55.3158
v[97] = -977.074
v[98] = -57.8301
v[99] = 770.456
v[100] = -22.3458
v[101] = -74.5319
v[102] = -52.7187
v[103] = -89.0764
v[104] = -33.9438
v[105] = -6.94724e+06
v[106] = -274.904
v[107] = -89.3169
v[108] = -45.4471
v[109] = -235.632
v[110] = -5.65528
v[111] = -30.1722
v[112] = 111.144
v[113] = -623.664
v[114] = -36.3577
v[115] = -74.4307
v[116] = -31.4294
v[117] = -33.9438
v[118] = -623.664
v[119] = -44.0012
v[120] = -225.814
v[121] = -41.4868
v[122] = -215.996
v[123] = -6.71565
v[124] = 128.208
v[125] = -68.3209
v[126] = -38.9725
v[127] = -274.904
v[128] = -304.358
v[129] = -294.54
v[130] = -333.812
v[131] = -265.086
v[132] = 608.255
v[133] = -46.5155
v[134] = -333.812
v[135] = 486.604
v[136] = 44.241
v[137] = -215.996
v[138] = -18.5307
v[139] = -67.2183
v[140] = -30.1722
v[141] = -37.7153
v[142] = -65.4439
v[143] = -7.30936
v[144] = -7.30936
v[145] = -1.36402
v[146] = -12.683
v[147] = -7.30936
v[148] = -11.9605
v[149] = -7.30936
v[150] = 1.00396e-09
v[151] = -5.18988
v[152] = -13.3356
v[153] = -20.9236
v[154] = -20.2752
v[155] = 0
v[156] = 0
v[157] = 0
v[158] = 0
v[159] = 0
v[160] = 0
v[161] = 0
v[162] = 0
v[163] = 0
v[164] = 0
v[165] = 0
v[166] = 0
v[167] = -1.57482e-13
v[168] = 3.55178e-13
v[169] = -9.62514e-13
v[170] = 9.29707e-14
v[171] = -7.03892e-13
v[172] = -4.70106e-13
v[173] = -4.58611e-13
v[174] = -245040
v[175] = -8.70988e-14
v[176] = 0
v[177] = -0
v[178] = 0
v[179] = 0
v[180] = 0
v[181] = 0
v[182] = -4.72445e-12
v[183] = 0
v[184] = -3.98219e-11
v[185] = 0
v[186] = 1.06553e-11
v[187] = 0
v[188] = 0
v[189] = 0
v[190] = 0
v[191] = 0
v[192] = 0
v[193] = 0
v[194] = 0
v[195] = -5.32184e-11
v[196] = 0
v[197] = 0
v[198] = 2.78912e-12
v[199] = 0
v[200] = 4.22866e-12
v[201] = -5.5601e-12
v[202] = 0
v[203] = 0
v[204] = 0
v[205] = 0
v[206] = -2.11168e-11
v[207] = 0
v[208] = 0
v[209] = 0
v[210] = 0
v[211] = 0
v[212] = 0
v[213] = -1.41032e-11
v[214] = 0
v[215] = 0
v[216] = 0
v[217] = 0
v[218] = 0
v[219] = 0
v[220] = -1.37583e-11
v[221] = 0
v[222] = 0
v[223] = 0
v[224] = 0
v[225] = 0
v[226] = 0
v[227] = 0
v[228] = 0
v[229] = 0
v[230] = -2.61296e-12
v[231] = -0
v[232] = -0
v[233] = 0
v[234] = 0
v[235] = 0
v[236] = 0
v[237] = 0
v[238] = 0
v[239] = 0
v[240] = 0
v[241] = 0
v[242] = 0
v[243] = 0
v[244] = 0
v[245] = -0
v[246] = -2.07142e-13
v[247] = 5.39222e-13
v[248] = -1.92695e-13
v[249] = -6.35765e-13
v[250] = -8.90522e-13
v[251] = -6.83979e-14
v[252] = -9.48169e-13
v[253] = -1.20714e-12
v[254] = -3.84098e-13
v[255] = -8.73905e-13
v[256] = -5.19909e-14
v[257] = -3.92391e-13
v[258] = -263096
v[259] = 0
v[260] = -8.20084e-13
v[261] = 0
v[262] = 1.01247e-13
v[263] = -9.8034e-13
v[264] = 0
v[265] = -9.8034e-13
v[266] = -7.66496e-13
v[267] = -9.8034e-13
v[268] = 8.22124e-13
v[269] = -9.48169e-13
v[270] = -7.41027e-13
v[271] = 0
v[272] = 0
v[273] = -2.69949e-13
v[274] = -5.76469e-14
v[275] = -1.96068e-12
v[276] = -1.96068e-12
v[277] = -1.96068e-12
v[278] = 0
v[279] = 0
v[280] = -3.16616e-13
v[281] = 0
v[282] = -1.26244e-13
v[283] = -0
v[284] = -1.91403e-13
v[285] = 2.51668e-13
v[286] = -0
v[287] = -9.55811e-13
v[288] = -6.66763e-13
v[289] = -9.55811e-13
v[290] = 0
v[291] = -2.37032e-13
v[292] = 0
v[293] = 1.97276e-12
v[294] = 1.97276e-12
v[295] = 0
v[296] = 0
v[297] = 2.49235e-12
v[298] = 1.97276e-12
v[299] = -5.50333e-13
v[300] = -1.85248e-13
v[301] = -5.50333e-13
v[302] = -1.99696e-13
v[303] = 0
v[304] = 0
v[305] = -263096
v[306] = 0
v[307] = -1.56854e-10
v[308] = -1.56854e-10
v[309] = -263096
v[310] = -1.25483e-10
v[311] = -0
v[312] = -0
v[313] = 0
v[314] = 8.52651e-14
v[315] = 0
v[316] = 0
v[317] = -0
v[318] = -0
v[319] = 0
v[320] = -0
v[321] = 0
v[322] = 0
v[323] = 0
v[324] = 0
v[325] = 0
v[326] = -1.55571e-15
v[327] = 0
v[328] = 7.37012e-13
v[329] = 0
v[330] = 0
v[331] = 0
v[332] = 0
v[333] = 0
v[334] = 0
v[335] = 0
v[336] = 0
v[337] = 0
v[338] = 0
v[339] = 0
v[340] = 0
v[341] = 0
v[342] = 0
v[343] = 0
v[344] = 0
v[345] = 0
v[346] = -9.31323e-10
v[347] = -2.56451e-10
v[348] = -1.86265e-09
v[349] = 0
v[350] = -9.08021e-10
v[351] = 1.87412e-09
v[352] = -5.22817e-10
v[353] = -2.49941e+08
v[354] = 0
v[355] = -0
v[356] = 0
v[357] = -1.47793e-12
v[358] = 0
v[359] = 0
v[360] = -437.297
v[361] = 0
v[362] = 0
v[363] = 0
v[364] = 0
v[365] = -4.91931
v[366] = -2.06198
v[367] = 0
v[368] = 0
v[369] = 0
v[370] = -111.875
v[371] = 0
v[372] = 0
v[373] = 0
v[374] = 0
v[375] = 0
v[376] = -20.8142
v[377] = -21.4952
v[378] = 0
v[379] = 0
v[380] = 0
v[381] = 0
v[382] = 0
v[383] = -0.027556
v[384] = 0
v[385] = 0
v[386] = -2.80664e-13
v[387] = -13.8761
v[388] = -14.3301
v[389] = 0
v[390] = 0
v[391] = 0
v[392] = 0
v[393] = -59.9381
v[394] = 0
v[395] = 0
v[396] = 0
v[397] = 0
v[398] = 0
v[399] = 0
v[400] = 0
v[401] = 0
v[402] = 1.7053e-13
v[403] = 0
v[404] = 0
v[405] = 0
v[406] = 0
v[407] = 0
v[408] = 0
v[409] = 0
v[410] = 0
v[411] = 0
v[412] = 0
v[413] = 0
v[414] = -2451.6
v[415] = 0
v[416] = -2376.37
v[417] = 0
v[418] = 0
v[419] = 0
v[420] = 0
v[421] = -0.180386
v[422] = 0
v[423] = 0
v[424] = -301.565
v[425] = 0
v[426] = 0
v[427] = 0
v[428] = 0
v[429] = 0
v[430] = 0
v[431] = 0
v[432] = -3.9956
v[433] = -1982.98
v[434] = 0
v[435] = -124.328
v[436] = 0
v[437] = 0
v[438] = 0
v[439] = 0
v[440] = 0
v[441] = 0
v[442] = -19.0074
v[443] = -19.7039
v[444] = 0
v[445] = 0
v[446] = 0
v[447] = 0
v[448] = 0
v[449] = 0
v[450] = -2.52243e-13
v[451] = 0
v[452] = 0
v[453] = 0
v[454] = 0
v[455] = 0
v[456] = 0
v[457] = 0
v[458] = 0
v[459] = 0
v[460] = 0
v[461] = -2.52243e-13
v[462] = 0
v[463] = 0
v[464] = 0
v[465] = 0
v[466] = 0
v[467] = 0
v[468] = 0
v[469] = 0
v[470] = 0
v[471] = 0
v[472] = 4.61853e-14
v[473] = 0
v[474] = 0
v[475] = 0
v[476] = 0
v[477] = 0
v[478] = 0
v[479] = 0
v[480] = 0
v[481] = 0
v[482] = -0.0459266
v[483] = 0
v[484] = 0
v[485] = -118.8
v[486] = -134.483
v[487] = -16.1673
v[488] = 0
v[489] = 0
v[490] = -141.282
v[491] = 0
v[492] = 0
v[493] = 0
v[494] = 0
v[495] = 0
v[496] = 0
v[497] = 0
v[498] = 0
v[499] = 0
v[500] = 0
v[501] = 0
v[502] = 2.66509e-13
v[503] = 0
v[504] = -0.0252596
v[505] = 0
v[506] = 0
v[507] = 0
v[508] = -16.4418
v[509] = -17.017
v[510] = 0
v[511] = 0
v[512] = 0
v[513] = 0
v[514] = -227.394
v[515] = 0
v[516] = 0
v[517] = 0
v[518] = 0
v[519] = 0
v[520] = 0
v[521] = 0
v[522] = 0
v[523] = 0
v[524] = 0
v[525] = 0
v[526] = 0
v[527] = 0
v[528] = 0
v[529] = 0
v[530] = -20.8142
v[531] = -8.03817
v[532] = 0
v[533] = -75.9595
v[534] = -124.328
v[535] = 0
v[536] = 0
v[537] = -0.0229633
v[538] = 0
v[539] = 0
v[540] = 0
v[541] = -19.0074
v[542] = -19.7039
v[543] = 0
v[544] = 0
v[545] = -118.677
v[546] = 0
v[547] = 0
v[548] = 0
v[549] = 0
v[550] = 0
v[551] = 0
v[552] = -18.2486
v[553] = -18.8083
v[554] = 0
v[555] = 0
v[556] = -12.8675
v[557] = 0
v[558] = 0
v[559] = -15.7387
v[560] = 0
v[561] = 0
v[562] = 0
v[563] = -11.3105
v[564] = -11.6432
v[565] = 0
v[566] = 0
v[567] = 0
v[568] = 0
v[569] = 0
v[570] = 0
v[571] = -3.41061e-13
v[572] = 0
v[573] = 0
v[574] = 0
v[575] = 0
v[576] = 0
v[577] = 0
v[578] = -13.3937
v[579] = 0
v[580] = 0
v[581] = 0
v[582] = 0
v[583] = 0
v[584] = 0
v[585] = 0
v[586] = 0
v[587] = 0
v[588] = 0
v[589] = 0
v[590] = -297.362
v[591] = 0
v[592] = 0
v[593] = 0
v[594] = 0
v[595] = -3.59957
v[596] = 0
v[597] = 0
v[598] = 0
v[599] = 0
v[600] = 0
v[601] = 0
v[602] = 0
v[603] = 0
v[604] = -4.29156
v[605] = 0
v[606] = 0
v[607] = -65.9588
v[608] = 0
v[609] = 0
v[610] = -129.979
v[611] = 0
v[612] = 0
v[613] = 0
v[614] = 0
v[615] = 0
v[616] = 0
v[617] = -19.7662
v[618] = 0
v[619] = -107.214
v[620] = 0
v[621] = -129.979
v[622] = 0
v[623] = 0
v[624] = -1.21067
v[625] = 0
v[626] = 0
v[627] = 0
v[628] = -19.7662
v[629] = -20.5996
v[630] = 0
v[631] = 0
v[632] = 0
v[633] = 0
v[634] = 0
v[635] = 0
v[636] = 5.32907e-14
v[637] = 0
v[638] = 0
v[639] = -20.8142
v[640] = -21.4952
v[641] = 0
v[642] = 0
v[643] = 0
v[644] = 0
v[645] = -279.87
v[646] = 0
v[647] = 0
v[648] = 0
v[649] = 0
v[650] = -2.27056
v[651] = 0
v[652] = 0
v[653] = 0
v[654] = 0
v[655] = 0
v[656] = -104.522
v[657] = 0
v[658] = 0
v[659] = 0
v[660] = 0
v[661] = -4.35213
v[662] = 0
v[663] = 0
v[664] = 0
v[665] = -0
v[666] = 0
v[667] = 0
v[668] = -15.7387
v[669] = 0
v[670] = 0
v[671] = 0
v[672] = 0
v[673] = 0
v[674] = 0
v[675] = 0
v[676] = 0
v[677] = 0
v[678] = 0
v[679] = -0.0665936
v[680] = 0
v[681] = 0
v[682] = 0
v[683] = -14.9241
v[684] = -15.2258
v[685] = 0
v[686] = 0
v[687] = 0
v[688] = 0
v[689] = 0
v[690] = 0
v[691] = 0
v[692] = -4.29156
v[693] = 0
v[694] = 0
v[695] = -65.9588
v[696] = 0
v[697] = 0
v[698] = 0
v[699] = 0
v[700] = 0
v[701] = 0
v[702] = 0
v[703] = 0
v[704] = -57.245
v[705] = -73.6868
v[706] = 0
v[707] = 0
v[708] = 0
v[709] = 0
v[710] = 0
v[711] = -0.0298523
v[712] = 0
v[713] = 0
v[714] = -85.7969
v[715] = -20.4706
v[716] = -11.6731
v[717] = 0
v[718] = 0
v[719] = 0
v[720] = 0
v[721] = -279.87
v[722] = 0
v[723] = 0
v[724] = 0
v[725] = 0
v[726] = -2.27056
v[727] = 0
v[728] = 0
v[729] = 0
v[730] = -16.8268
v[731] = 0
v[732] = 0
v[733] = -0.0665936
v[734] = 0
v[735] = 0
v[736] = 0
v[737] = -14.9241
v[738] = -15.2258
v[739] = 0
v[740] = 0
v[741] = 0
v[742] = 0
v[743] = 0
v[744] = 0
v[745] = 0
v[746] = -5.30133
v[747] = 0
v[748] = 0
v[749] = -80.7478
v[750] = 0
v[751] = 0
v[752] = -118.677
v[753] = 0
v[754] = 0
v[755] = 0
v[756] = 0
v[757] = 0
v[758] = 0
v[759] = -18.2486
v[760] = -18.8083
v[761] = 0
v[762] = 0
v[763] = -124.328
v[764] = 0
v[765] = 0
v[766] = 0
v[767] = 0
v[768] = 0
v[769] = 0
v[770] = 0
v[771] = 0
v[772] = 0
v[773] = 0
v[774] = 0
v[775] = 0
v[776] = 0
v[777] = 0
v[778] = 0
v[779] = -5.55378
v[780] = 0
v[781] = 0
v[782] = -84.1628
v[783] = 0
v[784] = 0
v[785] = -118.677
v[786] = 0
v[787] = 0
v[788] = 0
v[789] = 0
v[790] = 0
v[791] = 0
v[792] = -18.2486
v[793] = -18.8083
v[794] = 0
v[795] = 0
v[796] = -135.124
v[797] = 0
v[798] = -106.976
v[799] = 0
v[800] = 0
v[801] = 0
v[802] = 0
v[803] = -19.5284
v[804] = -20.3617
v[805] = 0
v[806] = 0
v[807] = -135.63
v[808] = 0
v[809] = 0
v[810] = 0
v[811] = 0
v[812] = 0
v[813] = 0
v[814] = -20.8142
v[815] = -21.4952
v[816] = 0
v[817] = 0
v[818] = 0
v[819] = 0
v[820] = -297.362
v[821] = 0
v[822] = 0
v[823] = 0
v[824] = 0
v[825] = -3.59957
v[826] = 0
v[827] = 0
v[828] = 0
v[829] = -79.1178
v[830] = 0
v[831] = 0
v[832] = 0
v[833] = 0
v[834] = 0
v[835] = 0
v[836] = -12.3585
v[837] = -12.5389
v[838] = 0
v[839] = 0
v[840] = 0
v[841] = 0
v[842] = 0
v[843] = 0
v[844] = -1.1724e-13
v[845] = 0
v[846] = 0
v[847] = -21.573
v[848] = -22.3908
v[849] = 0
v[850] = 0
v[851] = -90.4203
v[852] = 0
v[853] = 0
v[854] = 0
v[855] = 0
v[856] = 0
v[857] = 0
v[858] = -13.8761
v[859] = -14.3301
v[860] = 0
v[861] = 0
v[862] = -123.59
v[863] = 0
v[864] = 0
v[865] = 0
v[866] = 0
v[867] = 0
v[868] = 0
v[869] = 0
v[870] = -2.71701
v[871] = -698.087
v[872] = 0
v[873] = 0
v[874] = 0
v[875] = 0
v[876] = -0.00459266
v[877] = 0
v[878] = 0
v[879] = -131.954
v[880] = -75.1152
v[881] = -17.9172
v[882] = 0
v[883] = 0
v[884] = -15.837
v[885] = 0
v[886] = 0
v[887] = -0.027556
v[888] = 0
v[889] = 0
v[890] = 0
v[891] = -13.8761
v[892] = -14.3301
v[893] = 0
v[894] = 0
v[895] = 0
v[896] = 0
v[897] = 0
v[898] = 0
v[899] = 0
v[900] = -2487.91
v[901] = 0
v[902] = 0
v[903] = -72.7887
v[904] = 0
v[905] = 0
v[906] = 0
v[907] = 0
v[908] = 0
v[909] = 0
v[910] = -8.17124e-14
v[911] = 0
v[912] = 0
v[913] = 0
v[914] = 0
v[915] = 0
v[916] = 0
v[917] = 0
v[918] = 0
v[919] = 0
v[920] = -0.0665936
v[921] = 0
v[922] = 0
v[923] = 0
v[924] = 0
v[925] = 0
v[926] = 0
v[927] = 0
v[928] = 0
v[929] = 0
v[930] = 0
v[931] = -0.0482229
v[932] = 0
v[933] = 0
v[934] = 0
v[935] = -13.1173
v[936] = -13.4345
v[937] = 0
v[938] = 0
v[939] = 0
v[940] = 0
v[941] = 0
v[942] = 0
v[943] = 0
v[944] = 0
v[945] = 0
v[946] = 0
v[947] = 0
v[948] = -366.806
v[949] = -146.933
v[950] = 0
v[951] = 0
v[952] = 0
v[953] = 0
v[954] = 0
v[955] = 0
v[956] = -22.3319
v[957] = 0
v[958] = 0
v[959] = 0
v[960] = 0
v[961] = 0
v[962] = 0
v[963] = 0
v[964] = 0
v[965] = -35.1069
v[966] = 0
v[967] = 0
v[968] = -50.0405
v[969] = 0
v[970] = 0
v[971] = -144.444
v[972] = 0
v[973] = 0
v[974] = 0
v[975] = 0
v[976] = 0
v[977] = 0
v[978] = 0
v[979] = -3.67595
v[980] = -616.366
v[981] = 0
v[982] = -39.3878
v[983] = 0
v[984] = -419.805
v[985] = 0
v[986] = 0
v[987] = 0
v[988] = 0
v[989] = -60.202
v[990] = -1.9795
v[991] = 0
v[992] = 0
v[993] = 4.54747e-13
v[994] = 0
v[995] = 0
v[996] = 0
v[997] = 0
v[998] = 0
v[999] = 0
v[1000] = 0
v[1001] = 0
v[1002] = 0
v[1003] = 0
v[1004] = 0
v[1005] = 0
v[1006] = 0
v[1007] = 0
v[1008] = -3.41061e-13
v[1009] = 0
v[1010] = 0
v[1011] = 0
v[1012] = 0
v[1013] = 0
v[1014] = 0
v[1015] = 0
v[1016] = 0
v[1017] = 0
v[1018] = 0
v[1019] = 0
v[1020] = 0
v[1021] = 0
v[1022] = 0
v[1023] = 0
v[1024] = 0
v[1025] = 0
v[1026] = 0
v[1027] = -55.1018
v[1028] = 0
v[1029] = 0
v[1030] = 0
v[1031] = 0
v[1032] = -113.741
v[1033] = 0
v[1034] = -38.3433
v[1035] = 0
v[1036] = 0
v[1037] = 0
v[1038] = 0
v[1039] = 0
v[1040] = 0
v[1041] = 0
v[1042] = 0
v[1043] = -1332.46
v[1044] = 0
v[1045] = 0
v[1046] = 0
v[1047] = 0
v[1048] = 0
v[1049] = 0
v[1050] = 0
v[1051] = 0
v[1052] = 0
v[1053] = 0
v[1054] = 0
v[1055] = 0
v[1056] = -9.09495e-13
v[1057] = 0
v[1058] = 0
v[1059] = 0
v[1060] = -1.188e+07
v[1061] = -42.9904
v[1062] = 0
v[1063] = 0
v[1064] = 0
v[1065] = 0
v[1066] = 0
v[1067] = 0
v[1068] = 0
v[1069] = 0
v[1070] = 0
v[1071] = -1.81899e-12
v[1072] = 0
v[1073] = 0
v[1074] = 0
v[1075] = 0
v[1076] = 0
v[1077] = 0
v[1078] = 0
v[1079] = 0
v[1080] = -542.235
v[1081] = 0
v[1082] = 0
v[1083] = 0
v[1084] = 0
v[1085] = 0
v[1086] = -36.6777
v[1087] = 0
v[1088] = 0
v[1089] = 0
v[1090] = 0
v[1091] = 0
v[1092] = 0
v[1093] = 0
v[1094] = 0
v[1095] = -19.2282
v[1096] = -6.54468e+06
v[1097] = -24.1821
v[1098] = 0
v[1099] = 0
v[1100] = 0
v[1101] = 0
v[1102] = 0
v[1103] = 0
v[1104] = 0
v[1105] = 0
v[1106] = -1.31605
v[1107] = -93.1671
v[1108] = 0
v[1109] = 0
v[1110] = -709.614
v[1111] = 0
v[1112] = 0
v[1113] = 0
v[1114] = -184.271
v[1115] = 0
v[1116] = 0
v[1117] = 0
v[1118] = 0
v[1119] = 0
v[1120] = -4.54747e-13
v[1121] = 0
v[1122] = 0
v[1123] = 0
v[1124] = -39.2433
v[1125] = 0
v[1126] = 0
v[1127] = 0
v[1128] = 0
v[1129] = 0
v[1130] = 0
v[1131] = 0
v[1132] = 0
v[1133] = 0
v[1134] = 0
v[1135] = 0
v[1136] = 0
v[1137] = 0
v[1138] = -754.306
v[1139] = 0
v[1140] = 0
v[1141] = 0
v[1142] = 0
v[1143] = 0
v[1144] = 0
v[1145] = 0
v[1146] = 0
v[1147] = 0
v[1148] = 0
v[1149] = 0
v[1150] = 0
v[1151] = -425.137
v[1152] = 0
v[1153] = 0
v[1154] = 0
v[1155] = 0
v[1156] = 0
v[1157] = 0
v[1158] = -6.56356
v[1159] = 0
v[1160] = 0
v[1161] = -98.9519
v[1162] = 0
v[1163] = 0
v[1164] = 0
v[1165] = 0
v[1166] = 0
v[1167] = 0
v[1168] = 0
v[1169] = 0
v[1170] = 0
v[1171] = 0
v[1172] = -139.714
v[1173] = 0
v[1174] = 9.09495e-13
v[1175] = 0
v[1176] = 0
v[1177] = 0
v[1178] = -22.3319
v[1179] = -23.2864
v[1180] = 0
v[1181] = 0
v[1182] = 0
v[1183] = 0
v[1184] = -769.643
v[1185] = 0
v[1186] = 0
v[1187] = 0
v[1188] = 0
v[1189] = -3.62908
v[1190] = 0
v[1191] = 0
v[1192] = 0
v[1193] = 0
v[1194] = 0
v[1195] = 0
v[1196] = 0
v[1197] = 0
v[1198] = 0
v[1199] = 0
v[1200] = 0
v[1201] = -708.754
v[1202] = 0
v[1203] = 0
v[1204] = 0
v[1205] = 0
v[1206] = 0
v[1207] = 0
v[1208] = 0
v[1209] = -671.99
v[1210] = 0
v[1211] = 0
v[1212] = 0
v[1213] = 0
v[1214] = 0
v[1215] = 0
v[1216] = 0
v[1217] = 0
v[1218] = 0
v[1219] = 0
v[1220] = -749.56
v[1221] = 0
v[1222] = 0
v[1223] = -822.118
v[1224] = 0
v[1225] = 0
v[1226] = 0
v[1227] = 0
v[1228] = -10.7857
v[1229] = 0
v[1230] = 0
v[1231] = 0
v[1232] = -25.6376
v[1233] = 0
v[1234] = 0
v[1235] = 0
v[1236] = 0
v[1237] = 0
v[1238] = -56.3684
v[1239] = 0
v[1240] = 0
v[1241] = 0
v[1242] = 0
v[1243] = 0
v[1244] = 0
v[1245] = 0
v[1246] = -33.3532
v[1247] = 0
v[1248] = 0
v[1249] = 0
v[1250] = 0
v[1251] = 0
v[1252] = -1.13687e-13
v[1253] = 0
v[1254] = -30.0288
v[1255] = 0
v[1256] = 0
v[1257] = 0
v[1258] = 0
v[1259] = 0
v[1260] = 0
v[1261] = 0
v[1262] = 0
v[1263] = -25.6563
v[1264] = -26.869
v[1265] = 0
v[1266] = 0
v[1267] = 0
v[1268] = 0
v[1269] = 0
v[1270] = 0
v[1271] = 0
v[1272] = -1149.79
v[1273] = 0
v[1274] = 0
v[1275] = 0
v[1276] = 0
v[1277] = 0
v[1278] = 0
v[1279] = -6.31111
v[1280] = 0
v[1281] = 0
v[1282] = -95.5369
v[1283] = 0
v[1284] = 0
v[1285] = 0
v[1286] = -594.724
v[1287] = 0
v[1288] = 0
v[1289] = 0
v[1290] = 0
v[1291] = -2.80429
v[1292] = 0
v[1293] = 0
v[1294] = 0
v[1295] = 0
v[1296] = 0
v[1297] = 9.09495e-13
v[1298] = 0
v[1299] = 0
v[1300] = 0
v[1301] = -8.40213e+06
v[1302] = -31.3471
v[1303] = 0
v[1304] = 0
v[1305] = 0
v[1306] = 0
v[1307] = 0
v[1308] = -1.13687e-13
v[1309] = 0
v[1310] = 0
v[1311] = 0
v[1312] = 0
v[1313] = 0
v[1314] = 0
v[1315] = 0
v[1316] = 0
v[1317] = 0
v[1318] = 0
v[1319] = 0
v[1320] = 0
v[1321] = 0
v[1322] = 0
v[1323] = 0
v[1324] = 0
v[1325] = 4.54747e-12
v[1326] = 0
v[1327] = 0
v[1328] = 0
v[1329] = -1.08287e+07
v[1330] = -39.4078
v[1331] = 0
v[1332] = 0
v[1333] = 0
v[1334] = 0
v[1335] = 0
v[1336] = 0
v[1337] = -6.816
v[1338] = 0
v[1339] = 0
v[1340] = -102.367
v[1341] = 0
v[1342] = -229.361
v[1343] = 0
v[1344] = -229.335
v[1345] = 0
v[1346] = 0
v[1347] = 0
v[1348] = 0
v[1349] = 0
v[1350] = 0
v[1351] = -7.71252e-10
v[1352] = 0
v[1353] = 0
v[1354] = -7.70342e-10
v[1355] = 0
v[1356] = 0
v[1357] = 0
v[1358] = -37.4365
v[1359] = 0
v[1360] = 0
v[1361] = 0
v[1362] = 0
v[1363] = 0
v[1364] = 0
v[1365] = 0
v[1366] = 0
v[1367] = 0
v[1368] = 0
v[1369] = -749.56
v[1370] = 0
v[1371] = 0
v[1372] = 0
v[1373] = 1.36424e-12
v[1374] = 0
v[1375] = 0
v[1376] = 0
v[1377] = -39.2433
v[1378] = -41.1991
v[1379] = 0
v[1380] = 0
v[1381] = 0
v[1382] = 0
v[1383] = 0
v[1384] = 0
v[1385] = 0
v[1386] = 0
v[1387] = -1560.43
v[1388] = 0
v[1389] = 0
v[1390] = -29.1984
v[1391] = 0
v[1392] = 0
v[1393] = 0
v[1394] = -1.08617
v[1395] = 0
v[1396] = 0
v[1397] = 0
v[1398] = -629.708
v[1399] = 0
v[1400] = 0
v[1401] = 0
v[1402] = 0
v[1403] = -2.96925
v[1404] = 0
v[1405] = 0
v[1406] = 0
v[1407] = 0
v[1408] = 0
v[1409] = 0
v[1410] = 0
v[1411] = -7.32089
v[1412] = 0
v[1413] = 0
v[1414] = -110.326
v[1415] = 0
v[1416] = 0
v[1417] = 0
v[1418] = 0
v[1419] = 0
v[1420] = 0
v[1421] = 0
v[1422] = 0
v[1423] = 0
v[1424] = 0
v[1425] = 0
v[1426] = 0
v[1427] = 0
v[1428] = 0
v[1429] = 0
v[1430] = 0
v[1431] = 0
v[1432] = 0
v[1433] = -101.275
v[1434] = 0
v[1435] = 0
v[1436] = 0
v[1437] = 0
v[1438] = 0
v[1439] = 0
v[1440] = 0
v[1441] = -558.648
v[1442] = -25.9733
v[1443] = 0
v[1444] = 0
v[1445] = 0
v[1446] = 0
v[1447] = 0
v[1448] = 0
v[1449] = 0
v[1450] = 0
v[1451] = 0
v[1452] = 0
v[1453] = 0
v[1454] = 0
v[1455] = 0
v[1456] = 0
v[1457] = 0
v[1458] = -8.72616e+06
v[1459] = 0
v[1460] = 0
v[1461] = 0
v[1462] = 0
v[1463] = 0
v[1464] = 0
v[1465] = -6.31111
v[1466] = 0
v[1467] = 0
v[1468] = -95.5369
v[1469] = 0
v[1470] = 0
v[1471] = 0
v[1472] = 0
v[1473] = 0
v[1474] = -438.616
v[1475] = 0
v[1476] = -52.5171
v[1477] = 0
v[1478] = -121.7
v[1479] = 0
v[1480] = 0
v[1481] = 0
v[1482] = 0
v[1483] = 3.41061e-13
v[1484] = 0
v[1485] = -20.8142
v[1486] = 0
v[1487] = 0
v[1488] = -145.088
v[1489] = 0
v[1490] = 0
v[1491] = 0
v[1492] = -101.275
v[1493] = 0
v[1494] = 0
v[1495] = 0
v[1496] = 0
v[1497] = 0
v[1498] = 0
v[1499] = -478.442
v[1500] = 0
v[1501] = 0
v[1502] = -5.04889
v[1503] = 0
v[1504] = -76.2037
v[1505] = 0
v[1506] = -4.84525e+06
v[1507] = 0
v[1508] = -6.62369e+06
v[1509] = 0
v[1510] = 0
v[1511] = 0
v[1512] = 0
v[1513] = 0
v[1514] = -7.2718e+06
v[1515] = 0
v[1516] = 0
v[1517] = 0
v[1518] = 0
v[1519] = 0
v[1520] = -5.89651e+06
v[1521] = -157.005
v[1522] = 0
v[1523] = 0
v[1524] = 0
v[1525] = 0
v[1526] = 0
v[1527] = 0
v[1528] = 0
v[1529] = -1.68399e-12
v[1530] = -101.275
v[1531] = -108.697
v[1532] = 0
v[1533] = -478.442
v[1534] = 0
v[1535] = 0
v[1536] = 0
v[1537] = 0
v[1538] = 0
v[1539] = 0
v[1540] = -1.89715e-12
v[1541] = -131.379
v[1542] = -140.903
v[1543] = 0
v[1544] = 0
v[1545] = 0
v[1546] = 0
v[1547] = 0
v[1548] = 0
v[1549] = 0
v[1550] = 0
v[1551] = 0
v[1552] = 0
v[1553] = -7.99902e+06
v[1554] = 0
v[1555] = 0
v[1556] = 0
v[1557] = 0
v[1558] = -62.364
v[1559] = 0
v[1560] = -143.319
v[1561] = 0
v[1562] = 0
v[1563] = -158.38
v[1564] = -0.0413339
v[1565] = 0
v[1566] = 0
v[1567] = -5.57259e+06
v[1568] = 0
v[1569] = 0
v[1570] = -116.784
v[1571] = 0
v[1572] = 0
v[1573] = 0
v[1574] = -7.35088e+06
v[1575] = 0
v[1576] = 0
v[1577] = 0
v[1578] = 0
v[1579] = 0
v[1580] = 0
v[1581] = 0
v[1582] = 0
v[1583] = 0
v[1584] = -878.855
v[1585] = 0
v[1586] = 0
v[1587] = 0
v[1588] = 0
v[1589] = 0
v[1590] = 0
v[1591] = 0
v[1592] = -963.906
v[1593] = 0
v[1594] = 0
v[1595] = 0
v[1596] = 0
v[1597] = 0
v[1598] = -411.423
v[1599] = 0
v[1600] = 0
v[1601] = -542.235
v[1602] = 0
v[1603] = 0
v[1604] = -30.0867
v[1605] = 0
v[1606] = -138.689
v[1607] = -148.955
v[1608] = 0
v[1609] = 0
v[1610] = 0
v[1611] = 0
v[1612] = 0
v[1613] = 0
v[1614] = 0
v[1615] = 0
v[1616] = 0
v[1617] = -985.535
v[1618] = 0
v[1619] = 0
v[1620] = -4.84525e+06
v[1621] = 0
v[1622] = 0
v[1623] = 0
v[1624] = 0
v[1625] = 0
v[1626] = 0
v[1627] = -78.1848
v[1628] = -101.275
v[1629] = -24.1821
v[1630] = 0
v[1631] = 0
v[1632] = 0
v[1633] = 0
v[1634] = 0
v[1635] = 0
v[1636] = -24.2133
v[1637] = 0
v[1638] = 0
v[1639] = 0
v[1640] = -550.941
v[1641] = 0
v[1642] = -472.281
v[1643] = 0
v[1644] = -496.463
v[1645] = 0
v[1646] = 0
v[1647] = 0
v[1648] = 0
v[1649] = 0
v[1650] = 0
v[1651] = -5.57243e+06
v[1652] = 0
v[1653] = 1.56319e-12
v[1654] = 0
v[1655] = 0
v[1656] = 0
v[1657] = -25.6563
v[1658] = 0
v[1659] = -329.138
v[1660] = 0
v[1661] = 0
v[1662] = 0
v[1663] = 0
v[1664] = 0
v[1665] = 0
v[1666] = -9.088
v[1667] = 0
v[1668] = -136.489
v[1669] = 0
v[1670] = 0
v[1671] = 0
v[1672] = 0
v[1673] = 0
v[1674] = 0
v[1675] = 0
v[1676] = 0
v[1677] = 0
v[1678] = 2.56451e-10
v[1679] = 2.56451e-10
v[1680] = 0
v[1681] = 2.01687e-10
v[1682] = 0
v[1683] = 0
v[1684] = 0
v[1685] = 1.86265e-09
v[1686] = 0
v[1687] = 1.56186e-09
v[1688] = 0
v[1689] = 0
v[1690] = 0
v[1691] = 0
v[1692] = 0
v[1693] = 0
v[1694] = 0
v[1695] = 2.74596e-10
v[1696] = 0
v[1697] = 0
v[1698] = 6.8284e-10
v[1699] = 9.08021e-10
v[1700] = 0
v[1701] = 0
v[1702] = -1.87412e-09
v[1703] = -1.87412e-09
v[1704] = 0
v[1705] = 0
v[1706] = 0
v[1707] = 3.46831e-10
v[1708] = 0
v[1709] = 3.33106e-10
v[1710] = 5.22817e-10
v[1711] = 0
v[1712] = 0
v[1713] = 0
v[1714] = 0
v[1715] = 0
v[1716] = 0
v[1717] = 0
v[1718] = 0
v[1719] = 0
v[1720] = 0
v[1721] = 0
v[1722] = 0
v[1723] = 0
v[1724] = 0
v[1725] = 0
v[1726] = 0
v[1727] = 0
v[1728] = -0
v[1729] = -0
v[1730] = -0
v[1731] = 0
v[1732] = -0
v[1733] = 0
v[1734] = 0
v[1735] = 7.01639e-10
v[1736] = 0
v[1737] = 0
v[1738] = 0
v[1739] = 0
v[1740] = 0
v[1741] = 0
v[1742] = 0
v[1743] = -8.67404
v[1744] = 0
v[1745] = 0
v[1746] = 0
v[1747] = 0
v[1748] = 0
v[1749] = 231.142
v[1750] = 0
v[1751] = 1215.86
v[1752] = 0
v[1753] = 0
v[1754] = 0
v[1755] = 0
v[1756] = 0
v[1757] = 0
v[1758] = 0
v[1759] = 0
v[1760] = 2138.39
v[1761] = 0
v[1762] = 0
v[1763] = 22.027
v[1764] = 11.0884
v[1765] = 0
v[1766] = 941.908
v[1767] = 1827.34
v[1768] = 462.425
v[1769] = 341.004
v[1770] = 3170.74
v[1771] = 1827.34
v[1772] = 2990.12
v[1773] = 1623.62
v[1774] = 0
v[1775] = 1297.47
v[1776] = 3333.89
v[1777] = 5068.79
v[1778] = 0
v[1779] = -1364.92
v[1780] = 0
v[1781] = 0
v[1782] = 0
v[1783] = 0
v[1784] = -810.9
v[1785] = 0
v[1786] = 0
v[1787] = 0
v[1788] = -5230.89
v[1789] = 0
v[1790] = 0
v[1791] = 0
v[1792] = 0
v[1793] = 0
v[1794] = 0
v[1795] = 0
v[1796] = 20.3288
v[1797] = 20.3288
v[1798] = 0
v[1799] = 154.669
v[1800] = 71.0307
v[1801] = 0
v[1802] = 20.3288
v[1803] = 0
v[1804] = 0
v[1805] = 326.207
v[1806] = 299.326
v[1807] = 558.637
v[1808] = -7.10543e-14
v[1809] = 0
v[1810] = -1.69251e-11
v[1811] = 17.0917
v[1812] = 0
v[1813] = -7.17648e-12
v[1814] = -5.11591e-13
v[1815] = 0
v[1816] = 0
v[1817] = 306.794
v[1818] = 214.866
v[1819] = 404.901
v[1820] = 0
v[1821] = 1.74083e-13
v[1822] = 19.5816
v[1823] = 0
v[1824] = 74.5833
v[1825] = 74.4179
v[1826] = 0
v[1827] = 0
v[1828] = 0
v[1829] = 204.53
v[1830] = 217.827
v[1831] = 344.517
v[1832] = 2032.02
v[1833] = 2032.02
v[1834] = 0
v[1835] = 2134.12
v[1836] = 2032.02
v[1837] = 0
v[1838] = 2032.02
v[1839] = 1665.88
v[1840] = 124.568
v[1841] = 1943.45
v[1842] = 2290.69
v[1843] = 2204.02
v[1844] = 0
v[1845] = 23.7555
v[1846] = 29.3724
v[1847] = 182.095
v[1848] = 0
v[1849] = 111.627
v[1850] = 23.7555
v[1851] = 2.94125
v[1852] = 2.26027
v[1853] = 306.794
v[1854] = 326.741
v[1855] = 516.776
v[1856] = 12.3585
v[1857] = 0
v[1858] = 12.3585
v[1859] = 0
v[1860] = 12.3585
v[1861] = 12.3585
v[1862] = 12.3585
v[1863] = 0
v[1864] = 0
v[1865] = 191.322
v[1866] = 122.004
v[1867] = 100.281
v[1868] = 0
v[1869] = 79.1244
v[1870] = 1.59162e-12
v[1871] = 96.9284
v[1872] = 79.1244
v[1873] = 78.8659
v[1874] = 79.1244
v[1875] = 57.5514
v[1876] = 0
v[1877] = 0
v[1878] = 38.7906
v[1879] = 0
v[1880] = 0
v[1881] = 4.51195e-13
v[1882] = -1.56248e-11
v[1883] = 118.219
v[1884] = 0
v[1885] = 102.325
v[1886] = -3.73035e-13
v[1887] = 0
v[1888] = 0
v[1889] = 281.228
v[1890] = 299.513
v[1891] = 473.711
v[1892] = 0
v[1893] = 50.9142
v[1894] = 50.9142
v[1895] = 174.507
v[1896] = 0
v[1897] = 157.89
v[1898] = 50.9142
v[1899] = 2.99941
v[1900] = 2.1661
v[1901] = 294.011
v[1902] = 364.041
v[1903] = 495.244
v[1904] = 0
v[1905] = 22.7656
v[1906] = 28.1485
v[1907] = 146.359
v[1908] = 0
v[1909] = 129.741
v[1910] = 22.7656
v[1911] = 2.99941
v[1912] = 2.1661
v[1913] = 294.011
v[1914] = 335.892
v[1915] = 495.244
v[1916] = 0
v[1917] = 15.837
v[1918] = 19.5816
v[1919] = 121.396
v[1920] = 0
v[1921] = 74.4179
v[1922] = 15.837
v[1923] = 1.96083
v[1924] = 1.50685
v[1925] = 204.53
v[1926] = 217.827
v[1927] = 344.517
v[1928] = 1.28182e-11
v[1929] = 1.28755e-11
v[1930] = 0
v[1931] = 0
v[1932] = 1.2999e-11
v[1933] = 7.75913e-12
v[1934] = 0
v[1935] = 0
v[1936] = 0
v[1937] = 217.42
v[1938] = 128.108
v[1939] = 268.782
v[1940] = 0
v[1941] = 1320.28
v[1942] = 1320.28
v[1943] = 1454.62
v[1944] = 0
v[1945] = 1436.56
v[1946] = 1320.28
v[1947] = 838.58
v[1948] = 1267.3
v[1949] = 1203.75
v[1950] = 1660.64
v[1951] = 1621.85
v[1952] = 0
v[1953] = 0
v[1954] = 23.2531
v[1955] = 0
v[1956] = 88.5677
v[1957] = 88.3712
v[1958] = -3.90346e-13
v[1959] = 0
v[1960] = 0
v[1961] = 242.879
v[1962] = 258.67
v[1963] = 409.114
v[1964] = 75.9666
v[1965] = 75.9666
v[1966] = 0
v[1967] = 87.701
v[1968] = 75.9666
v[1969] = 0
v[1970] = 75.9666
v[1971] = 27.0116
v[1972] = 64.3234
v[1973] = 169.628
v[1974] = 155.65
v[1975] = 290.491
v[1976] = 1.6847e-11
v[1977] = 13.457
v[1978] = 0
v[1979] = 158.339
v[1980] = 111.875
v[1981] = 111.627
v[1982] = 13.457
v[1983] = 0
v[1984] = 0
v[1985] = 306.794
v[1986] = 326.741
v[1987] = 0
v[1988] = 0
v[1989] = 4.5368e-13
v[1990] = -1.5639e-11
v[1991] = 0
v[1992] = 0
v[1993] = 102.325
v[1994] = -3.746e-13
v[1995] = 0
v[1996] = 0
v[1997] = 281.228
v[1998] = 299.513
v[1999] = 473.711
v[2000] = 0
v[2001] = 7.4607e-14
v[2002] = -1.46585e-11
v[2003] = 112.846
v[2004] = 0
v[2005] = 97.6734
v[2006] = -4.26326e-13
v[2007] = 0
v[2008] = 0
v[2009] = 268.445
v[2010] = 285.898
v[2011] = 452.179
v[2012] = 0
v[2013] = 0
v[2014] = 15.91
v[2015] = 0
v[2016] = 60.5989
v[2017] = 60.4645
v[2018] = -2.79728e-13
v[2019] = 0
v[2020] = 0
v[2021] = 166.18
v[2022] = 176.985
v[2023] = 279.92
v[2024] = 0
v[2025] = 25.7351
v[2026] = 31.82
v[2027] = 197.269
v[2028] = 0
v[2029] = 120.929
v[2030] = 25.7351
v[2031] = 3.40321
v[2032] = 332.361
v[2033] = 353.969
v[2034] = 559.841
v[2035] = 3981.82
v[2036] = 0
v[2037] = 3737.84
v[2038] = 0
v[2039] = 3981.82
v[2040] = 4070.19
v[2041] = 3981.82
v[2042] = 3598.66
v[2043] = 3941.55
v[2044] = 3701.84
v[2045] = 4240.49
v[2046] = 4211.01
v[2047] = 51.9275
v[2048] = 51.9275
v[2049] = 0
v[2050] = 105.175
v[2051] = 65.3655
v[2052] = 0
v[2053] = 51.9275
v[2054] = 0
v[2055] = 36.7018
v[2056] = 221.821
v[2057] = 203.542
v[2058] = 379.873
v[2059] = 218.293
v[2060] = 218.293
v[2061] = 0
v[2062] = 309.644
v[2063] = 218.293
v[2064] = 0
v[2065] = 218.293
v[2066] = 43.034
v[2067] = 0
v[2068] = 272.024
v[2069] = 449.734
v[2070] = 423.357
v[2071] = 0
v[2072] = 231.713
v[2073] = -1.65805e-11
v[2074] = 355.307
v[2075] = 0
v[2076] = 338.689
v[2077] = 231.713
v[2078] = 0
v[2079] = 182.965
v[2080] = 0
v[2081] = 544.84
v[2082] = 509.153
v[2083] = 0
v[2084] = 8.61837e-13
v[2085] = -1.65841e-11
v[2086] = 0
v[2087] = 0
v[2088] = 106.976
v[2089] = -2.94848e-13
v[2090] = 0
v[2091] = 0
v[2092] = 294.011
v[2093] = 313.127
v[2094] = 495.244
v[2095] = 0
v[2096] = 2.59348e-13
v[2097] = 29.3724
v[2098] = 128.967
v[2099] = 0
v[2100] = 111.627
v[2101] = -4.36984e-13
v[2102] = 0
v[2103] = 0
v[2104] = 306.794
v[2105] = 326.741
v[2106] = 516.776
v[2107] = 57.9373
v[2108] = 57.9373
v[2109] = 0
v[2110] = 98.9883
v[2111] = 64.6574
v[2112] = 0
v[2113] = 57.9373
v[2114] = 0
v[2115] = 43.6072
v[2116] = 208.772
v[2117] = 191.569
v[2118] = 357.528
v[2119] = 177.975
v[2120] = 177.975
v[2121] = 0
v[2122] = 296.194
v[2123] = 177.975
v[2124] = 0
v[2125] = 177.975
v[2126] = 0
v[2127] = 131.346
v[2128] = 287.062
v[2129] = 477.487
v[2130] = 491.601
v[2131] = 0
v[2132] = 0
v[2133] = 15.91
v[2134] = 0
v[2135] = 73.4665
v[2136] = 60.4645
v[2137] = 12.8675
v[2138] = 1.55704
v[2139] = 1.22431
v[2140] = 166.18
v[2141] = 176.985
v[2142] = 279.92
v[2143] = 1.38556e-13
v[2144] = 0
v[2145] = 20.8054
v[2146] = 0
v[2147] = 79.2448
v[2148] = 79.069
v[2149] = 1.77636e-14
v[2150] = 0
v[2151] = 0
v[2152] = 217.313
v[2153] = 231.442
v[2154] = 366.05
v[2155] = 218.293
v[2156] = 218.293
v[2157] = 0
v[2158] = 309.644
v[2159] = 218.293
v[2160] = 0
v[2161] = 218.293
v[2162] = 43.034
v[2163] = 0
v[2164] = 272.024
v[2165] = 423.357
v[2166] = 54.7131
v[2167] = 54.7131
v[2168] = 0
v[2169] = 68.1068
v[2170] = 54.7131
v[2171] = 54.3793
v[2172] = 0
v[2173] = 0
v[2174] = 37.5588
v[2175] = 297.592
v[2176] = 203.38
v[2177] = -8.52651e-14
v[2178] = -8.35638e-15
v[2179] = -9.19798e-12
v[2180] = 0
v[2181] = 0
v[2182] = -3.80851e-12
v[2183] = 0
v[2184] = 0
v[2185] = 0
v[2186] = 157.02
v[2187] = 92.5257
v[2188] = 194.123
v[2189] = 57.9373
v[2190] = 57.9373
v[2191] = 0
v[2192] = 98.9883
v[2193] = 64.6574
v[2194] = 0
v[2195] = 57.9373
v[2196] = 0
v[2197] = 43.6072
v[2198] = 208.772
v[2199] = 191.569
v[2200] = 357.528
v[2201] = 0
v[2202] = 0
v[2203] = 20.8054
v[2204] = 0
v[2205] = 79.2448
v[2206] = 79.069
v[2207] = 0
v[2208] = 0
v[2209] = 0
v[2210] = 217.313
v[2211] = 231.442
v[2212] = 366.05
v[2213] = 269.656
v[2214] = 269.656
v[2215] = 0
v[2216] = 382.502
v[2217] = 269.656
v[2218] = 0
v[2219] = 269.656
v[2220] = 53.3467
v[2221] = 0
v[2222] = 336.03
v[2223] = 555.554
v[2224] = 522.97
v[2225] = 0
v[2226] = 3.01981e-13
v[2227] = -1.44311e-11
v[2228] = 112.846
v[2229] = 0
v[2230] = 97.6734
v[2231] = -1.98952e-13
v[2232] = 0
v[2233] = 0
v[2234] = 268.445
v[2235] = 285.898
v[2236] = 452.179
v[2237] = 0
v[2238] = 3051.78
v[2239] = 2769.29
v[2240] = 3170
v[2241] = 0
v[2242] = 3154.11
v[2243] = 3051.78
v[2244] = 2608.15
v[2245] = 3005.15
v[2246] = 2727.59
v[2247] = 3351.29
v[2248] = 3317.16
v[2249] = 282.497
v[2250] = 282.497
v[2251] = 0
v[2252] = 400.716
v[2253] = 282.497
v[2254] = 0
v[2255] = 282.497
v[2256] = 55.9972
v[2257] = 0
v[2258] = 352.031
v[2259] = 582.009
v[2260] = 547.874
v[2261] = 0
v[2262] = 3.01981e-13
v[2263] = -1.44311e-11
v[2264] = 112.846
v[2265] = 0
v[2266] = 97.6734
v[2267] = -1.98952e-13
v[2268] = 0
v[2269] = 0
v[2270] = 268.445
v[2271] = 285.898
v[2272] = 452.179
v[2273] = 0
v[2274] = 0.237843
v[2275] = 0
v[2276] = 16.6174
v[2277] = 0.237843
v[2278] = 0
v[2279] = 0.237843
v[2280] = 0
v[2281] = 0
v[2282] = 294.249
v[2283] = 206.151
v[2284] = 401.164
v[2285] = 0
v[2286] = 1.74083e-13
v[2287] = -1.69535e-11
v[2288] = 128.967
v[2289] = 0
v[2290] = 111.627
v[2291] = -5.22249e-13
v[2292] = 0
v[2293] = 0
v[2294] = 306.794
v[2295] = 326.741
v[2296] = 516.776
v[2297] = 51.9275
v[2298] = 51.9275
v[2299] = 0
v[2300] = 105.175
v[2301] = 65.3655
v[2302] = 0
v[2303] = 51.9275
v[2304] = 0
v[2305] = 36.7018
v[2306] = 221.821
v[2307] = 203.542
v[2308] = 379.873
v[2309] = 0
v[2310] = -4.83169e-13
v[2311] = -9.65628e-12
v[2312] = 75.2306
v[2313] = 0
v[2314] = 65.1156
v[2315] = -2.66454e-13
v[2316] = 0
v[2317] = 0
v[2318] = 178.963
v[2319] = 190.599
v[2320] = 301.453
v[2321] = 0
v[2322] = 4.68958e-13
v[2323] = 30.5962
v[2324] = 134.34
v[2325] = 0
v[2326] = 116.278
v[2327] = -5.57776e-13
v[2328] = 0
v[2329] = 0
v[2330] = 319.578
v[2331] = 340.355
v[2332] = 538.308
v[2333] = 0
v[2334] = 2.62901e-13
v[2335] = -1.11307e-11
v[2336] = 85.9778
v[2337] = 0
v[2338] = 74.4179
v[2339] = -1.91847e-13
v[2340] = 0
v[2341] = 0
v[2342] = 204.53
v[2343] = 217.827
v[2344] = 344.517
v[2345] = 0
v[2346] = 53.8046
v[2347] = 1.76215e-12
v[2348] = 65.9113
v[2349] = 53.8046
v[2350] = 53.6288
v[2351] = 53.8046
v[2352] = 38.8805
v[2353] = 0
v[2354] = 0
v[2355] = 77.5469
v[2356] = 0
v[2357] = 2.41674
v[2358] = 2.41674
v[2359] = 0
v[2360] = 0
v[2361] = 2.41674
v[2362] = 1.83004
v[2363] = 0
v[2364] = 0
v[2365] = 0
v[2366] = 258.079
v[2367] = 142.389
v[2368] = 298.693
v[2369] = 0
v[2370] = 0
v[2371] = 19.5816
v[2372] = 0
v[2373] = 74.5833
v[2374] = 74.4179
v[2375] = -4.48724e-13
v[2376] = 0
v[2377] = 0
v[2378] = 204.53
v[2379] = 217.827
v[2380] = 344.517
v[2381] = 243.974
v[2382] = 243.974
v[2383] = 0
v[2384] = 346.073
v[2385] = 243.974
v[2386] = 0
v[2387] = 243.974
v[2388] = 48.3349
v[2389] = 0
v[2390] = 304.027
v[2391] = 473.164
v[2392] = 0
v[2393] = 21.7758
v[2394] = 26.9247
v[2395] = 166.92
v[2396] = 0
v[2397] = 124.1
v[2398] = 21.7758
v[2399] = 2.76843
v[2400] = 2.07192
v[2401] = 281.228
v[2402] = 321.288
v[2403] = 473.711
v[2404] = 552.436
v[2405] = 0
v[2406] = 498.631
v[2407] = 0
v[2408] = 552.436
v[2409] = 552.26
v[2410] = 552.436
v[2411] = 537.511
v[2412] = 537.21
v[2413] = 769.748
v[2414] = 685.576
v[2415] = 659.199
v[2416] = 0
v[2417] = 0
v[2418] = 18.3577
v[2419] = 0
v[2420] = 69.9219
v[2421] = 69.7667
v[2422] = -1.42109e-13
v[2423] = 0
v[2424] = 0
v[2425] = 191.747
v[2426] = 204.213
v[2427] = 322.985
v[2428] = 295.337
v[2429] = 295.337
v[2430] = 0
v[2431] = 418.931
v[2432] = 295.337
v[2433] = 402.313
v[2434] = 295.337
v[2435] = 246.589
v[2436] = 1.58806e-11
v[2437] = 608.464
v[2438] = 0
v[2439] = 0
v[2440] = 383.135
v[2441] = 121.198
v[2442] = 522.849
v[2443] = 0
v[2444] = 504.064
v[2445] = 383.135
v[2446] = 0
v[2447] = 328.028
v[2448] = 0
v[2449] = 737.104
v[2450] = 696.762
v[2451] = 166.93
v[2452] = 166.93
v[2453] = 0
v[2454] = 236.787
v[2455] = 166.93
v[2456] = 0
v[2457] = 166.93
v[2458] = 33.0104
v[2459] = 0
v[2460] = 208.018
v[2461] = 323.743
v[2462] = 0
v[2463] = 72.7945
v[2464] = 6.72903
v[2465] = 89.1741
v[2466] = 72.7945
v[2467] = 72.5566
v[2468] = 72.7945
v[2469] = 53.0283
v[2470] = 0
v[2471] = 0
v[2472] = 104.916
v[2473] = 0
v[2474] = 0
v[2475] = 19.5157
v[2476] = 0
v[2477] = 148.482
v[2478] = 70.3225
v[2479] = 0
v[2480] = 19.5157
v[2481] = 0
v[2482] = 0
v[2483] = 307.043
v[2484] = 287.353
v[2485] = 536.292
v[2486] = 0
v[2487] = 24.7453
v[2488] = 30.5962
v[2489] = 189.682
v[2490] = 0
v[2491] = 116.278
v[2492] = 24.7453
v[2493] = 3.17223
v[2494] = 2.35445
v[2495] = 319.578
v[2496] = 340.355
v[2497] = 538.308
v[2498] = 0
v[2499] = 57.5551
v[2500] = 57.5551
v[2501] = 197.269
v[2502] = 0
v[2503] = 178.484
v[2504] = 57.5551
v[2505] = 3.40321
v[2506] = 2.44863
v[2507] = 332.361
v[2508] = 411.525
v[2509] = 559.841
v[2510] = 291.068
v[2511] = 291.068
v[2512] = 272.004
v[2513] = 473.771
v[2514] = 291.068
v[2515] = 263.42
v[2516] = 291.068
v[2517] = 213.32
v[2518] = 676.927
v[2519] = 0
v[2520] = 1023.17
v[2521] = 330.121
v[2522] = 330.121
v[2523] = 0
v[2524] = 491.329
v[2525] = 330.121
v[2526] = 0
v[2527] = 330.121
v[2528] = 0
v[2529] = 691.999
v[2530] = 0
v[2531] = 402.358
v[2532] = 376.005
v[2533] = 654.918
v[2534] = 402.358
v[2535] = 364.14
v[2536] = 402.358
v[2537] = 294.943
v[2538] = 360.264
v[2539] = 0
v[2540] = 0
v[2541] = 1414.38
v[2542] = 0
v[2543] = 80.3879
v[2544] = 322.2
v[2545] = 80.3879
v[2546] = 80.3879
v[2547] = 42.1925
v[2548] = 510.633
v[2549] = -137.208
v[2550] = 1049.34
v[2551] = -2.03926e-12
v[2552] = 0
v[2553] = 58.7447
v[2554] = 0
v[2555] = 223.75
v[2556] = 223.254
v[2557] = -3.83693e-12
v[2558] = 0
v[2559] = 0
v[2560] = 613.589
v[2561] = 653.482
v[2562] = 681.581
v[2563] = 681.581
v[2564] = 0
v[2565] = 912.646
v[2566] = 681.581
v[2567] = 752.151
v[2568] = 590.443
v[2569] = 688.061
v[2570] = 1266.99
v[2571] = 0
v[2572] = 664.075
v[2573] = 664.075
v[2574] = 645.011
v[2575] = 846.778
v[2576] = 664.075
v[2577] = 659.16
v[2578] = 633.624
v[2579] = 0
v[2580] = 963.906
v[2581] = 0
v[2582] = 0
v[2583] = 1.52056e-12
v[2584] = 231.065
v[2585] = -1.05871e-12
v[2586] = -1.54188e-12
v[2587] = 0
v[2588] = 549.673
v[2589] = -306.44
v[2590] = 925.89
v[2591] = -9.37916e-13
v[2592] = -2.13163e-14
v[2593] = 13.8157
v[2594] = 0
v[2595] = 106.631
v[2596] = 125.58
v[2597] = 0
v[2598] = 0
v[2599] = 0
v[2600] = 334.248
v[2601] = 367.584
v[2602] = 23.5815
v[2603] = 23.5815
v[2604] = 59.073
v[2605] = 214.908
v[2606] = 158.764
v[2607] = 0
v[2608] = 23.5815
v[2609] = 0
v[2610] = 0
v[2611] = 12.9935
v[2612] = 12.9935
v[2613] = 0
v[2614] = 182.89
v[2615] = 88.0261
v[2616] = 0
v[2617] = 0
v[2618] = 639.366
v[2619] = 586.68
v[2620] = 167.344
v[2621] = 846.639
v[2622] = 0
v[2623] = 846.639
v[2624] = 0
v[2625] = 846.639
v[2626] = 1060.59
v[2627] = 846.639
v[2628] = 0
v[2629] = 632.212
v[2630] = 1472.89
v[2631] = 527.354
v[2632] = 527.354
v[2633] = 672.442
v[2634] = 527.354
v[2635] = 527.354
v[2636] = 166.444
v[2637] = 0
v[2638] = -537.559
v[2639] = 1108.73
v[2640] = 0
v[2641] = 941.006
v[2642] = 777.359
v[2643] = 975.189
v[2644] = 0
v[2645] = 909.03
v[2646] = 941.006
v[2647] = 900.245
v[2648] = 898.015
v[2649] = 0
v[2650] = 229.45
v[2651] = 1257.4
v[2652] = 98.1143
v[2653] = 98.1143
v[2654] = 3.06954e-12
v[2655] = 198.26
v[2656] = 98.1143
v[2657] = 175.863
v[2658] = 0
v[2659] = 453.718
v[2660] = 0
v[2661] = 333.86
v[2662] = 333.86
v[2663] = 0
v[2664] = 473.574
v[2665] = 333.86
v[2666] = 0
v[2667] = 333.86
v[2668] = 66.3099
v[2669] = 0
v[2670] = 647.487
v[2671] = 291.068
v[2672] = 291.068
v[2673] = 473.771
v[2674] = 291.068
v[2675] = 291.068
v[2676] = 213.32
v[2677] = 676.927
v[2678] = 0
v[2679] = 1023.17
v[2680] = 3.97904e-13
v[2681] = 0
v[2682] = -1.84386e-11
v[2683] = 0
v[2684] = 0
v[2685] = 2.16047
v[2686] = -3.07524e-13
v[2687] = 0
v[2688] = 0
v[2689] = 332.361
v[2690] = 214.255
v[2691] = 420.127
v[2692] = 35.7788
v[2693] = 35.7788
v[2694] = 0
v[2695] = 272.218
v[2696] = 84.4854
v[2697] = 0
v[2698] = 35.7788
v[2699] = 0
v[2700] = 574.124
v[2701] = 526.814
v[2702] = 326.105
v[2703] = 214.02
v[2704] = 214.02
v[2705] = 200.003
v[2706] = 348.361
v[2707] = 214.02
v[2708] = 193.692
v[2709] = 214.02
v[2710] = 156.589
v[2711] = 191.63
v[2712] = 0
v[2713] = 0
v[2714] = 752.329
v[2715] = 155.084
v[2716] = 155.084
v[2717] = 1.13687e-13
v[2718] = 313.379
v[2719] = 155.084
v[2720] = 277.976
v[2721] = 0
v[2722] = 717.168
v[2723] = 0
v[2724] = 603.516
v[2725] = 603.516
v[2726] = 0
v[2727] = 856.076
v[2728] = 603.516
v[2729] = 822.118
v[2730] = 603.516
v[2731] = 503.9
v[2732] = 3.31539e-11
v[2733] = 1243.38
v[2734] = 0
v[2735] = 38.2182
v[2736] = 38.2182
v[2737] = 0
v[2738] = 290.778
v[2739] = 86.6098
v[2740] = 0
v[2741] = 38.2182
v[2742] = 0
v[2743] = 613.269
v[2744] = 562.733
v[2745] = 1050.24
v[2746] = 142.175
v[2747] = 0
v[2748] = 18.4209
v[2749] = 0
v[2750] = 142.175
v[2751] = 309.615
v[2752] = 142.175
v[2753] = 0
v[2754] = 445.664
v[2755] = 632.286
v[2756] = 749.526
v[2757] = 0
v[2758] = 1.20792e-12
v[2759] = 209.571
v[2760] = -1.13687e-12
v[2761] = -1.18661e-12
v[2762] = 0
v[2763] = -8.73968e-13
v[2764] = -776.475
v[2765] = 839.761
v[2766] = 0
v[2767] = 9.59233e-13
v[2768] = 188.076
v[2769] = 0
v[2770] = -9.37916e-13
v[2771] = 0
v[2772] = 447.409
v[2773] = 476.497
v[2774] = 93.9054
v[2775] = 93.9054
v[2776] = 86.872
v[2777] = 197.924
v[2778] = 139.844
v[2779] = 176.249
v[2780] = 0
v[2781] = 0
v[2782] = 0
v[2783] = 645.97
v[2784] = 88.6194
v[2785] = 88.6194
v[2786] = 2.72848e-12
v[2787] = 108.56
v[2788] = 88.6194
v[2789] = 88.3298
v[2790] = 0
v[2791] = 127.724
v[2792] = 0
v[2793] = 321.019
v[2794] = 321.019
v[2795] = 0
v[2796] = 455.359
v[2797] = 321.019
v[2798] = 0
v[2799] = 321.019
v[2800] = 63.6595
v[2801] = 0
v[2802] = 622.584
v[2803] = 27.6472
v[2804] = 27.6472
v[2805] = 0
v[2806] = 210.35
v[2807] = 77.404
v[2808] = 0
v[2809] = 27.6472
v[2810] = 0
v[2811] = 443.641
v[2812] = 759.746
v[2813] = 1.4424e-12
v[2814] = 2.40163e-12
v[2815] = 42.8347
v[2816] = 0
v[2817] = 163.151
v[2818] = 162.789
v[2819] = 0
v[2820] = 0
v[2821] = 0
v[2822] = 447.409
v[2823] = 476.497
v[2824] = 0
v[2825] = 25.7351
v[2826] = 31.82
v[2827] = 197.269
v[2828] = 0
v[2829] = 120.929
v[2830] = 25.7351
v[2831] = 3.40321
v[2832] = 332.361
v[2833] = 353.969
v[2834] = 559.841
v[2835] = 1131.03
v[2836] = 1131.03
v[2837] = 1160.95
v[2838] = 1131.03
v[2839] = 1131.03
v[2840] = 1095.41
v[2841] = 836.203
v[2842] = 0
v[2843] = 1394.8
v[2844] = 1.71241e-12
v[2845] = 3.43903e-12
v[2846] = 53.8493
v[2847] = 0
v[2848] = 205.104
v[2849] = 204.649
v[2850] = 0
v[2851] = 0
v[2852] = 0
v[2853] = 562.457
v[2854] = 599.025
v[2855] = 346.7
v[2856] = 346.7
v[2857] = 0
v[2858] = 491.788
v[2859] = 346.7
v[2860] = 0
v[2861] = 346.7
v[2862] = 68.9604
v[2863] = 0
v[2864] = 297.627
v[2865] = 0
v[2866] = 297.627
v[2867] = 0
v[2868] = 297.627
v[2869] = 451.113
v[2870] = 297.627
v[2871] = 115.577
v[2872] = 268.071
v[2873] = 565.641
v[2874] = 746.895
v[2875] = 0
v[2876] = 0
v[2877] = 53.8493
v[2878] = 0
v[2879] = 0
v[2880] = 204.649
v[2881] = -7.72914e-10
v[2882] = 0
v[2883] = 562.457
v[2884] = 599.025
v[2885] = 947.423
v[2886] = 917.987
v[2887] = 917.987
v[2888] = 891.633
v[2889] = 1170.55
v[2890] = 917.987
v[2891] = 911.192
v[2892] = 875.892
v[2893] = 0
v[2894] = 1332.46
v[2895] = 0
v[2896] = -1.62004e-12
v[2897] = 0
v[2898] = 56.297
v[2899] = 0
v[2900] = 214.427
v[2901] = 213.951
v[2902] = -3.12639e-12
v[2903] = 0
v[2904] = 0
v[2905] = 588.023
v[2906] = 626.254
v[2907] = 990.487
v[2908] = 120.269
v[2909] = 120.269
v[2910] = 1.02318e-12
v[2911] = 156.589
v[2912] = 120.269
v[2913] = 119.876
v[2914] = 0
v[2915] = 173.34
v[2916] = 0
v[2917] = 152.51
v[2918] = 0
v[2919] = 0
v[2920] = 152.51
v[2921] = 152.51
v[2922] = 0
v[2923] = 494.909
v[2924] = 710.692
v[2925] = 29.2735
v[2926] = 29.2735
v[2927] = 0
v[2928] = 222.724
v[2929] = 78.8203
v[2930] = 0
v[2931] = 29.2735
v[2932] = 0
v[2933] = 469.738
v[2934] = 431.03
v[2935] = 804.437
v[2936] = 372.382
v[2937] = 372.382
v[2938] = 0
v[2939] = 528.217
v[2940] = 372.382
v[2941] = 0
v[2942] = 372.382
v[2943] = 73.9722
v[2944] = 0
v[2945] = 722.197
v[2946] = 776.685
v[2947] = 776.685
v[2948] = 0
v[2949] = 1039.99
v[2950] = 776.685
v[2951] = 857.102
v[2952] = 776.685
v[2953] = 672.831
v[2954] = 784.07
v[2955] = 1443.78
v[2956] = 0
v[2957] = 442.945
v[2958] = 0
v[2959] = 96.2441
v[2960] = 0
v[2961] = 442.945
v[2962] = 568.525
v[2963] = 442.945
v[2964] = 0
v[2965] = 385.719
v[2966] = 345.144
v[2967] = 810.528
v[2968] = 6.94721e+06
v[2969] = 6.94719e+06
v[2970] = 6.94736e+06
v[2971] = 6.94718e+06
v[2972] = 0
v[2973] = 0
v[2974] = 0
v[2975] = 239.703
v[2976] = 239.703
v[2977] = 390.164
v[2978] = 239.703
v[2979] = 239.703
v[2980] = 175.403
v[2981] = 557.469
v[2982] = 0
v[2983] = 842.608
v[2984] = 281.567
v[2985] = 281.567
v[2986] = 281.567
v[2987] = 237.509
v[2988] = 281.567
v[2989] = 449.007
v[2990] = 0
v[2991] = 0
v[2992] = 205.266
v[2993] = 321.019
v[2994] = 321.019
v[2995] = 0
v[2996] = 455.359
v[2997] = 321.019
v[2998] = 0
v[2999] = 321.019
v[3000] = 63.6595
v[3001] = 0
v[3002] = 622.584
v[3003] = 205.46
v[3004] = 205.46
v[3005] = 334.426
v[3006] = 205.46
v[3007] = 0
v[3008] = 0
v[3009] = 722.235
v[3010] = 0
v[3011] = 0
v[3012] = 0
v[3013] = 744.39
v[3014] = 4.36984e-13
v[3015] = 6.96332e-13
v[3016] = 158.339
v[3017] = 0
v[3018] = 0
v[3019] = 0
v[3020] = 306.794
v[3021] = 326.741
v[3022] = 4.54747e-13
v[3023] = 0
v[3024] = 1.47793e-12
v[3025] = 0
v[3026] = -3.12639e-13
v[3027] = 0
v[3028] = 345.144
v[3029] = 222.496
v[3030] = 585.949
v[3031] = 569.128
v[3032] = 585.949
v[3033] = 581.612
v[3034] = 0
v[3035] = 850.505
v[3036] = 0
v[3037] = 0
v[3038] = 364.287
v[3039] = 0
v[3040] = 256.815
v[3041] = 0
v[3042] = 0
v[3043] = 0
v[3044] = 197.924
v[3045] = 197.924
v[3046] = 197.924
v[3047] = 197.924
v[3048] = 0
v[3049] = 0
v[3050] = 606.35
v[3051] = 5.57776e-13
v[3052] = 1.02673e-12
v[3053] = 164.937
v[3054] = 116.536
v[3055] = 0
v[3056] = 0
v[3057] = 0
v[3058] = -7.74492e-13
v[3059] = 0
v[3060] = 33.0439
v[3061] = 178.131
v[3062] = 125.859
v[3063] = 125.58
v[3064] = 0
v[3065] = 0
v[3066] = 0
v[3067] = 0
v[3068] = 850.505
v[3069] = 0
v[3070] = -8.45546e-13
v[3071] = 0
v[3072] = 42.8347
v[3073] = 230.911
v[3074] = 163.151
v[3075] = 162.789
v[3076] = 0
v[3077] = 0
v[3078] = 0
v[3079] = 196.899
v[3080] = 196.899
v[3081] = 320.492
v[3082] = 196.899
v[3083] = 457.921
v[3084] = 0
v[3085] = 40.387
v[3086] = 40.387
v[3087] = 217.716
v[3088] = 153.828
v[3089] = 0
v[3090] = 0
v[3091] = 188.338
v[3092] = 188.338
v[3093] = 306.557
v[3094] = 188.338
v[3095] = 0
v[3096] = 0
v[3097] = 0
v[3098] = 0
v[3099] = 883.963
v[3100] = -5.68434e-14
v[3101] = 0
v[3102] = 0
v[3103] = 0
v[3104] = -4.9545e-13
v[3105] = 0
v[3106] = 326.741
v[3107] = 8.33067
v[3108] = 0
v[3109] = 0
v[3110] = 3491.33
v[3111] = 3657.91
v[3112] = 0
v[3113] = 0
v[3114] = 239.703
v[3115] = 239.703
v[3116] = 390.164
v[3117] = 239.703
v[3118] = 557.469
v[3119] = 0
v[3120] = 265.385
v[3121] = 265.385
v[3122] = 431.967
v[3123] = 265.385
v[3124] = 0
v[3125] = 0
v[3126] = 932.887
v[3127] = 256.824
v[3128] = 256.824
v[3129] = 256.824
v[3130] = 597.288
v[3131] = 0
v[3132] = 291.068
v[3133] = 291.068
v[3134] = 0
v[3135] = 0
v[3136] = 1023.17
v[3137] = 231.142
v[3138] = 0
v[3139] = 0
v[3140] = 0
v[3141] = 0
v[3142] = 0
v[3143] = 439.082
v[3144] = 0
v[3145] = 0
v[3146] = 0
v[3147] = 244.106
v[3148] = 0
v[3149] = 2.60698e-11
v[3150] = 0
v[3151] = 0
v[3152] = 291.068
v[3153] = 291.068
v[3154] = 473.771
v[3155] = 291.068
v[3156] = 291.068
v[3157] = 213.32
v[3158] = 676.927
v[3159] = 0
v[3160] = 75.9595
v[3161] = 75.9595
v[3162] = 0
v[3163] = 109.478
v[3164] = 0
v[3165] = 0
v[3166] = 77.6344
v[3167] = 77.6344
v[3168] = 0
v[3169] = 99.9467
v[3170] = 77.6344
v[3171] = 77.3552
v[3172] = 0
v[3173] = 0
v[3174] = 0
v[3175] = 188.338
v[3176] = 188.338
v[3177] = 306.557
v[3178] = 188.338
v[3179] = 438.011
v[3180] = 0
v[3181] = 134.276
v[3182] = 0
v[3183] = 0
v[3184] = 134.276
v[3185] = 134.276
v[3186] = 0
v[3187] = 410.412
v[3188] = 597.159
v[3189] = 0
v[3190] = 0
v[3191] = 0
v[3192] = 614.647
v[3193] = 1365.56
v[3194] = 1365.56
v[3195] = 1382.45
v[3196] = 1365.56
v[3197] = 0
v[3198] = 0
v[3199] = 6.89226e-13
v[3200] = 0
v[3201] = 161.208
v[3202] = 0
v[3203] = -2.91323e-13
v[3204] = 0
v[3205] = 383.493
v[3206] = 408.426
v[3207] = 0
v[3208] = 462.267
v[3209] = 462.267
v[3210] = 0
v[3211] = 655.717
v[3212] = 462.267
v[3213] = 0
v[3214] = 462.267
v[3215] = 0
v[3216] = 896.52
v[3217] = -4.72445e-12
v[3218] = -4.72445e-12
v[3219] = -4.72445e-12
v[3220] = 0
v[3221] = -4.72445e-12
v[3222] = 3.50974e-11
v[3223] = 1.06553e-11
v[3224] = 0
v[3225] = 1.06553e-11
v[3226] = 1.06553e-11
v[3227] = 1.06553e-11
v[3228] = 1.06553e-11
v[3229] = -2.88754e-11
v[3230] = -2.88754e-11
v[3231] = -2.88754e-11
v[3232] = -2.88754e-11
v[3233] = 0
v[3234] = -2.88754e-11
v[3235] = 4.82856
v[3236] = 0
v[3237] = 4.82856
v[3238] = -1.43954e-12
v[3239] = 4.82856
v[3240] = 4.82856
v[3241] = -2.11168e-11
v[3242] = -2.11168e-11
v[3243] = -2.11168e-11
v[3244] = 0
v[3245] = -2.11168e-11
v[3246] = -2.11168e-11
v[3247] = -1.41032e-11
v[3248] = -1.41032e-11
v[3249] = -1.41032e-11
v[3250] = -1.41032e-11
v[3251] = 0
v[3252] = -1.41032e-11
v[3253] = -1.37583e-11
v[3254] = -1.37583e-11
v[3255] = -1.37583e-11
v[3256] = -1.37583e-11
v[3257] = -1.37583e-11
v[3258] = 0
v[3259] = 0
v[3260] = 0
v[3261] = 0
v[3262] = 0
v[3263] = 0
v[3264] = 0
v[3265] = 33.8753
v[3266] = 33.8753
v[3267] = -2.61296e-12
v[3268] = 0
v[3269] = 0
v[3270] = 0
v[3271] = 0
v[3272] = 0
v[3273] = 0
v[3274] = 0
v[3275] = 0
v[3276] = 0
v[3277] = 0
v[3278] = 0
v[3279] = 0
v[3280] = 0
v[3281] = 0
v[3282] = 0
v[3283] = 0
v[3284] = 0
v[3285] = 0
v[3286] = 0
v[3287] = 0
v[3288] = 0
v[3289] = -6.44309e-10
v[3290] = 0
v[3291] = 0
v[3292] = 0
v[3293] = 0
v[3294] = 0
v[3295] = 0
v[3296] = 0
v[3297] = 0
v[3298] = 0
v[3299] = 0
v[3300] = 0
v[3301] = 0
v[3302] = 0
v[3303] = 0
v[3304] = 0
v[3305] = 0
v[3306] = 0
v[3307] = 0
v[3308] = 0
v[3309] = 0
v[3310] = 0
v[3311] = 0
v[3312] = 0
v[3313] = 0
v[3314] = 0
v[3315] = 0
v[3316] = 0
v[3317] = 0
v[3318] = 0
v[3319] = 0
v[3320] = 0
v[3321] = 0
v[3322] = 0
v[3323] = 0
v[3324] = 0
v[3325] = 0
v[3326] = 0
v[3327] = 0
v[3328] = 0
v[3329] = 0
v[3330] = 0
v[3331] = 0
v[3332] = 0
v[3333] = 0
v[3334] = 0
v[3335] = 0
v[3336] = 0
v[3337] = 0
v[3338] = 0
v[3339] = 0
v[3340] = 0
v[3341] = 0
v[3342] = 0
v[3343] = 0
v[3344] = 0
v[3345] = 0
v[3346] = 0
v[3347] = 0
v[3348] = 0
v[3349] = 9.11942e-13
v[3350] = 0
v[3351] = 7.5354e-13
v[3352] = -3.84098e-13
v[3353] = 8.1906e-14
v[3354] = -2.02475e-12
v[3355] = 1.57943e-13
v[3356] = 2.32831e-10
v[3357] = 0
v[3358] = -8.20084e-13
v[3359] = 0
v[3360] = 1.01247e-13
v[3361] = 1.38744e-13
v[3362] = 0
v[3363] = 0
v[3364] = 0
v[3365] = 0
v[3366] = -1.8176e-12
v[3367] = 0
v[3368] = 1.16622e-10
v[3369] = -6.12942e-13
v[3370] = 2.07142e-13
v[3371] = 0
v[3372] = -1.48739e-12
v[3373] = 2.14318e-13
v[3374] = -9.2332e-13
v[3375] = 0
v[3376] = 0
v[3377] = 0
v[3378] = 0
v[3379] = -1.35931e-12
v[3380] = -5.39222e-13
v[3381] = 0
v[3382] = 0
v[3383] = 0
v[3384] = 0
v[3385] = 0
v[3386] = -6.8121e-13
v[3387] = 1.40704e-13
v[3388] = 0
v[3389] = 2.15255e-10
v[3390] = 1.92695e-13
v[3391] = 0
v[3392] = 1.92695e-13
v[3393] = 2.93942e-13
v[3394] = 1.54771e-12
v[3395] = 0
v[3396] = 0
v[3397] = 0
v[3398] = 0
v[3399] = 0
v[3400] = 2.43375e-13
v[3401] = 263096
v[3402] = 6.35765e-13
v[3403] = -1.84319e-13
v[3404] = 6.35765e-13
v[3405] = 0
v[3406] = 0
v[3407] = 0
v[3408] = 0
v[3409] = 0
v[3410] = 1.66172e-14
v[3411] = 0
v[3412] = 0
v[3413] = 1.84582e-10
v[3414] = 0
provided solution objective value does not match computed objective value
Assertion failed
No vpcs were made from a new disjunction in first iteration. Stopping series.
